22:51:01.224 - INFO - UTILS - version=1.12.0
22:51:01.224 - INFO - UTILS - developer: Oliver Schwengers, github.com/oschwengers
22:51:01.224 - INFO - UTILS - command: /home/ephraim/miniconda3/envs/bakta/bin/bakta --db /home/ephraim/bakta_db/db --compliant --genus Lacticaseibacillus --species paracasei --locus-tag LPARA --prefix L_paracasei_isolate_mra --output bakta_isolate_output --threads 8 isolate_filtered.fasta
22:51:01.224 - INFO - UTILS - local time: 2026-03-11 22:51:01
22:51:01.226 - INFO - UTILS - machine: type=x86_64, cores=12
22:51:01.226 - INFO - UTILS - system: type=Linux, release=6.6.87.2-microsoft-standard-WSL2
22:51:01.226 - INFO - UTILS - python: version=3.11.14, implementation=CPython
22:51:01.226 - INFO - CONFIG - threads=8
22:51:01.226 - INFO - CONFIG - verbose=False
22:51:01.226 - INFO - CONFIG - debug=False
22:51:01.226 - INFO - CONFIG - database: type=parameter, path=/home/ephraim/bakta_db/db
22:51:01.227 - INFO - CONFIG - tmp-path=/tmp/tmp17e_x7tc
22:51:01.227 - INFO - CONFIG - genome-path=/home/ephraim/isolate_filtered.fasta
22:51:01.227 - INFO - CONFIG - min_contig_length=1
22:51:01.227 - INFO - CONFIG - prefix=L_paracasei_isolate_mra
22:51:01.227 - INFO - CONFIG - output-path=/home/ephraim/bakta_isolate_output
22:51:01.227 - INFO - CONFIG - force=False
22:51:01.227 - INFO - CONFIG - genus=Lacticaseibacillus
22:51:01.227 - INFO - CONFIG - species=paracasei
22:51:01.227 - INFO - CONFIG - strain=None
22:51:01.227 - INFO - CONFIG - plasmid=None
22:51:01.227 - INFO - CONFIG - complete=False
22:51:01.227 - INFO - CONFIG - prodigal_tf=None
22:51:01.227 - INFO - CONFIG - translation_table=11
22:51:01.227 - INFO - CONFIG - gram=?
22:51:01.227 - INFO - CONFIG - compliant=True
22:51:01.227 - INFO - CONFIG - compliant mode! min_contig_length=200
22:51:01.227 - INFO - CONFIG - meta=False
22:51:01.227 - INFO - CONFIG - partial=False
22:51:01.227 - INFO - CONFIG - locus=None
22:51:01.227 - INFO - CONFIG - locus-tag=LPARA
22:51:01.227 - INFO - CONFIG - locus-tag-increment=1
22:51:01.227 - INFO - CONFIG - keep_contig_headers=False
22:51:01.227 - INFO - CONFIG - replicon-table=None
22:51:01.227 - INFO - CONFIG - regions=None
22:51:01.227 - INFO - CONFIG - skip-tRNA=False
22:51:01.227 - INFO - CONFIG - skip-tmRNA=False
22:51:01.227 - INFO - CONFIG - skip-rRNA=False
22:51:01.227 - INFO - CONFIG - skip-ncRNA=False
22:51:01.227 - INFO - CONFIG - skip-ncRNA-region=False
22:51:01.227 - INFO - CONFIG - skip-CRISPR=False
22:51:01.227 - INFO - CONFIG - skip-CDS=False
22:51:01.227 - INFO - CONFIG - skip-pseudo=False
22:51:01.227 - INFO - CONFIG - skip-sORF=False
22:51:01.227 - INFO - CONFIG - skip-gap=False
22:51:01.227 - INFO - CONFIG - skip-ori=False
22:51:01.228 - INFO - CONFIG - skip-filter=False
22:51:01.228 - INFO - CONFIG - skip-plot=False
22:51:01.228 - INFO - DB - detected: major=6, minor=0, type=full, date=2025-02-24
22:51:01.309 - INFO - UTILS - dependency: tool=tRNAscan-SE, version=v2.0.12, path=/home/ephraim/miniconda3/envs/bakta/bin/tRNAscan-SE
22:51:01.311 - INFO - UTILS - dependency: tool=Aragorn, version=v1.2.41, path=/home/ephraim/miniconda3/envs/bakta/bin/aragorn
22:51:01.313 - INFO - UTILS - dependency: tool=CMscan, version=v1.1.5, path=/home/ephraim/miniconda3/envs/bakta/bin/cmscan
22:51:01.315 - INFO - UTILS - dependency: tool=PilerCR, version=v1.6.0, path=/home/ephraim/miniconda3/envs/bakta/bin/pilercr
22:51:01.406 - INFO - UTILS - dependency: tool=Pyrodigal, version=v3.7.0, path=/home/ephraim/miniconda3/envs/bakta/bin/python3.11
22:51:01.408 - INFO - UTILS - dependency: tool=AMRFinderPlus, version=v4.2.7, path=/home/ephraim/miniconda3/envs/bakta/bin/amrfinder
22:51:01.475 - INFO - UTILS - dependency: tool=Pyhmmer, version=v0.12.0, path=/home/ephraim/miniconda3/envs/bakta/bin/python3.11
22:51:01.479 - INFO - UTILS - dependency: tool=Diamond, version=v2.1.23, path=/home/ephraim/miniconda3/envs/bakta/bin/diamond
22:51:01.558 - INFO - UTILS - dependency: tool=Blastn, version=v2.17.0, path=/home/ephraim/miniconda3/envs/bakta/bin/blastn
22:51:02.285 - INFO - UTILS - dependency: tool=pyCirclize, version=v1.10.1, path=/home/ephraim/miniconda3/envs/bakta/bin/python3.11
22:51:02.296 - INFO - FASTA - imported: id=NODE_1_length_651596_cov_106.573662, length=651596, description=, genomic=True, dna=True
22:51:02.304 - INFO - FASTA - imported: id=NODE_2_length_515833_cov_101.187436, length=515833, description=, genomic=True, dna=True
22:51:02.310 - INFO - FASTA - imported: id=NODE_3_length_404174_cov_100.322816, length=404174, description=, genomic=True, dna=True
22:51:02.315 - INFO - FASTA - imported: id=NODE_4_length_348303_cov_105.649211, length=348303, description=, genomic=True, dna=True
22:51:02.321 - INFO - FASTA - imported: id=NODE_5_length_328887_cov_99.193781, length=328887, description=, genomic=True, dna=True
22:51:02.324 - INFO - FASTA - imported: id=NODE_6_length_211744_cov_100.420410, length=211744, description=, genomic=True, dna=True
22:51:02.326 - INFO - FASTA - imported: id=NODE_7_length_113986_cov_95.550027, length=113986, description=, genomic=True, dna=True
22:51:02.327 - INFO - FASTA - imported: id=NODE_8_length_78445_cov_288.695424, length=78445, description=, genomic=True, dna=True
22:51:02.328 - INFO - FASTA - imported: id=NODE_9_length_65232_cov_99.822408, length=65232, description=, genomic=True, dna=True
22:51:02.329 - INFO - FASTA - imported: id=NODE_10_length_64565_cov_110.910433, length=64565, description=, genomic=True, dna=True
22:51:02.330 - INFO - FASTA - imported: id=NODE_11_length_60639_cov_98.791866, length=60639, description=, genomic=True, dna=True
22:51:02.331 - INFO - FASTA - imported: id=NODE_12_length_50619_cov_101.722152, length=50619, description=, genomic=True, dna=True
22:51:02.331 - INFO - FASTA - imported: id=NODE_13_length_45945_cov_96.796285, length=45945, description=, genomic=True, dna=True
22:51:02.332 - INFO - FASTA - imported: id=NODE_14_length_41384_cov_95.954245, length=41384, description=, genomic=True, dna=True
22:51:02.332 - INFO - FASTA - imported: id=NODE_15_length_29009_cov_340.104659, length=29009, description=, genomic=True, dna=True
22:51:02.333 - INFO - FASTA - imported: id=NODE_16_length_18578_cov_345.945571, length=18578, description=, genomic=True, dna=True
22:51:02.333 - INFO - FASTA - imported: id=NODE_17_length_14292_cov_101.811115, length=14292, description=, genomic=True, dna=True
22:51:02.333 - INFO - FASTA - imported: id=NODE_18_length_4093_cov_347.564990, length=4093, description=, genomic=True, dna=True
22:51:02.333 - INFO - FASTA - imported: id=NODE_19_length_3777_cov_459.941622, length=3777, description=, genomic=True, dna=True
22:51:02.333 - INFO - FASTA - imported: id=NODE_20_length_3278_cov_514.881287, length=3278, description=, genomic=True, dna=True
22:51:02.333 - INFO - FASTA - imported: id=NODE_21_length_2240_cov_110.847648, length=2240, description=, genomic=True, dna=True
22:51:02.333 - INFO - FASTA - imported: id=NODE_22_length_714_cov_522.106750, length=714, description=, genomic=True, dna=True
22:51:02.333 - INFO - FASTA - imported: id=NODE_23_length_563_cov_376.775720, length=563, description=, genomic=True, dna=True
22:51:02.333 - INFO - FASTA - imported: id=NODE_24_length_479_cov_230.139303, length=479, description=, genomic=True, dna=True
22:51:02.333 - INFO - FASTA - imported: id=NODE_25_length_431_cov_290.782486, length=431, description=, genomic=True, dna=True
22:51:02.333 - INFO - FASTA - imported: id=NODE_26_length_431_cov_89.573446, length=431, description=, genomic=True, dna=True
22:51:02.333 - INFO - FASTA - imported: id=NODE_27_length_424_cov_610.345821, length=424, description=, genomic=True, dna=True
22:51:02.333 - INFO - FASTA - imported: id=NODE_28_length_393_cov_239.250000, length=393, description=, genomic=True, dna=True
22:51:02.333 - INFO - FASTA - imported: id=NODE_29_length_389_cov_101.294872, length=389, description=, genomic=True, dna=True
22:51:02.333 - INFO - FASTA - imported: id=NODE_30_length_340_cov_105.247148, length=340, description=, genomic=True, dna=True
22:51:02.334 - INFO - FASTA - imported: id=NODE_31_length_336_cov_727.884170, length=336, description=, genomic=True, dna=True
22:51:02.334 - INFO - FASTA - imported: id=NODE_32_length_279_cov_321.282178, length=279, description=, genomic=True, dna=True
22:51:02.334 - INFO - FASTA - imported: id=NODE_33_length_277_cov_0.740000, length=277, description=, genomic=True, dna=True
22:51:02.334 - INFO - FASTA - imported: id=NODE_34_length_273_cov_0.750000, length=273, description=, genomic=True, dna=True
22:51:02.334 - INFO - FASTA - imported: id=NODE_35_length_267_cov_108.242105, length=267, description=, genomic=True, dna=True
22:51:02.334 - INFO - FASTA - imported: id=NODE_36_length_265_cov_0.776596, length=265, description=, genomic=True, dna=True
22:51:02.334 - INFO - FASTA - imported: id=NODE_37_length_261_cov_61.331522, length=261, description=, genomic=True, dna=True
22:51:02.334 - INFO - FASTA - imported: id=NODE_38_length_253_cov_0.835227, length=253, description=, genomic=True, dna=True
22:51:02.334 - INFO - FASTA - imported: id=NODE_39_length_241_cov_91.493902, length=241, description=, genomic=True, dna=True
22:51:02.334 - INFO - FASTA - imported: id=NODE_40_length_238_cov_810.571429, length=238, description=, genomic=True, dna=True
22:51:02.334 - INFO - FASTA - imported: id=NODE_41_length_201_cov_752.298387, length=201, description=, genomic=True, dna=True
22:51:02.334 - INFO - MAIN - imported sequences=41
22:51:02.334 - INFO - UTILS - qc: revised sequence: id=contig_1, orig-id=NODE_1_length_651596_cov_106.573662, type=contig, complete=False, topology=linear, name=, description='[organism=Lacticaseibacillus paracasei] [gcode=11] [topology=linear]', orig-description=''
22:51:02.334 - INFO - UTILS - qc: revised sequence: id=contig_2, orig-id=NODE_2_length_515833_cov_101.187436, type=contig, complete=False, topology=linear, name=, description='[organism=Lacticaseibacillus paracasei] [gcode=11] [topology=linear]', orig-description=''
22:51:02.334 - INFO - UTILS - qc: revised sequence: id=contig_3, orig-id=NODE_3_length_404174_cov_100.322816, type=contig, complete=False, topology=linear, name=, description='[organism=Lacticaseibacillus paracasei] [gcode=11] [topology=linear]', orig-description=''
22:51:02.334 - INFO - UTILS - qc: revised sequence: id=contig_4, orig-id=NODE_4_length_348303_cov_105.649211, type=contig, complete=False, topology=linear, name=, description='[organism=Lacticaseibacillus paracasei] [gcode=11] [topology=linear]', orig-description=''
22:51:02.334 - INFO - UTILS - qc: revised sequence: id=contig_5, orig-id=NODE_5_length_328887_cov_99.193781, type=contig, complete=False, topology=linear, name=, description='[organism=Lacticaseibacillus paracasei] [gcode=11] [topology=linear]', orig-description=''
22:51:02.334 - INFO - UTILS - qc: revised sequence: id=contig_6, orig-id=NODE_6_length_211744_cov_100.420410, type=contig, complete=False, topology=linear, name=, description='[organism=Lacticaseibacillus paracasei] [gcode=11] [topology=linear]', orig-description=''
22:51:02.334 - INFO - UTILS - qc: revised sequence: id=contig_7, orig-id=NODE_7_length_113986_cov_95.550027, type=contig, complete=False, topology=linear, name=, description='[organism=Lacticaseibacillus paracasei] [gcode=11] [topology=linear]', orig-description=''
22:51:02.334 - INFO - UTILS - qc: revised sequence: id=contig_8, orig-id=NODE_8_length_78445_cov_288.695424, type=contig, complete=False, topology=linear, name=, description='[organism=Lacticaseibacillus paracasei] [gcode=11] [topology=linear]', orig-description=''
22:51:02.334 - INFO - UTILS - qc: revised sequence: id=contig_9, orig-id=NODE_9_length_65232_cov_99.822408, type=contig, complete=False, topology=linear, name=, description='[organism=Lacticaseibacillus paracasei] [gcode=11] [topology=linear]', orig-description=''
22:51:02.334 - INFO - UTILS - qc: revised sequence: id=contig_10, orig-id=NODE_10_length_64565_cov_110.910433, type=contig, complete=False, topology=linear, name=, description='[organism=Lacticaseibacillus paracasei] [gcode=11] [topology=linear]', orig-description=''
22:51:02.334 - INFO - UTILS - qc: revised sequence: id=contig_11, orig-id=NODE_11_length_60639_cov_98.791866, type=contig, complete=False, topology=linear, name=, description='[organism=Lacticaseibacillus paracasei] [gcode=11] [topology=linear]', orig-description=''
22:51:02.334 - INFO - UTILS - qc: revised sequence: id=contig_12, orig-id=NODE_12_length_50619_cov_101.722152, type=contig, complete=False, topology=linear, name=, description='[organism=Lacticaseibacillus paracasei] [gcode=11] [topology=linear]', orig-description=''
22:51:02.334 - INFO - UTILS - qc: revised sequence: id=contig_13, orig-id=NODE_13_length_45945_cov_96.796285, type=contig, complete=False, topology=linear, name=, description='[organism=Lacticaseibacillus paracasei] [gcode=11] [topology=linear]', orig-description=''
22:51:02.334 - INFO - UTILS - qc: revised sequence: id=contig_14, orig-id=NODE_14_length_41384_cov_95.954245, type=contig, complete=False, topology=linear, name=, description='[organism=Lacticaseibacillus paracasei] [gcode=11] [topology=linear]', orig-description=''
22:51:02.334 - INFO - UTILS - qc: revised sequence: id=contig_15, orig-id=NODE_15_length_29009_cov_340.104659, type=contig, complete=False, topology=linear, name=, description='[organism=Lacticaseibacillus paracasei] [gcode=11] [topology=linear]', orig-description=''
22:51:02.334 - INFO - UTILS - qc: revised sequence: id=contig_16, orig-id=NODE_16_length_18578_cov_345.945571, type=contig, complete=False, topology=linear, name=, description='[organism=Lacticaseibacillus paracasei] [gcode=11] [topology=linear]', orig-description=''
22:51:02.334 - INFO - UTILS - qc: revised sequence: id=contig_17, orig-id=NODE_17_length_14292_cov_101.811115, type=contig, complete=False, topology=linear, name=, description='[organism=Lacticaseibacillus paracasei] [gcode=11] [topology=linear]', orig-description=''
22:51:02.334 - INFO - UTILS - qc: revised sequence: id=contig_18, orig-id=NODE_18_length_4093_cov_347.564990, type=contig, complete=False, topology=linear, name=, description='[organism=Lacticaseibacillus paracasei] [gcode=11] [topology=linear]', orig-description=''
22:51:02.334 - INFO - UTILS - qc: revised sequence: id=contig_19, orig-id=NODE_19_length_3777_cov_459.941622, type=contig, complete=False, topology=linear, name=, description='[organism=Lacticaseibacillus paracasei] [gcode=11] [topology=linear]', orig-description=''
22:51:02.334 - INFO - UTILS - qc: revised sequence: id=contig_20, orig-id=NODE_20_length_3278_cov_514.881287, type=contig, complete=False, topology=linear, name=, description='[organism=Lacticaseibacillus paracasei] [gcode=11] [topology=linear]', orig-description=''
22:51:02.335 - INFO - UTILS - qc: revised sequence: id=contig_21, orig-id=NODE_21_length_2240_cov_110.847648, type=contig, complete=False, topology=linear, name=, description='[organism=Lacticaseibacillus paracasei] [gcode=11] [topology=linear]', orig-description=''
22:51:02.335 - INFO - UTILS - qc: revised sequence: id=contig_22, orig-id=NODE_22_length_714_cov_522.106750, type=contig, complete=False, topology=linear, name=, description='[organism=Lacticaseibacillus paracasei] [gcode=11] [topology=linear]', orig-description=''
22:51:02.335 - INFO - UTILS - qc: revised sequence: id=contig_23, orig-id=NODE_23_length_563_cov_376.775720, type=contig, complete=False, topology=linear, name=, description='[organism=Lacticaseibacillus paracasei] [gcode=11] [topology=linear]', orig-description=''
22:51:02.335 - INFO - UTILS - qc: revised sequence: id=contig_24, orig-id=NODE_24_length_479_cov_230.139303, type=contig, complete=False, topology=linear, name=, description='[organism=Lacticaseibacillus paracasei] [gcode=11] [topology=linear]', orig-description=''
22:51:02.335 - INFO - UTILS - qc: revised sequence: id=contig_25, orig-id=NODE_25_length_431_cov_290.782486, type=contig, complete=False, topology=linear, name=, description='[organism=Lacticaseibacillus paracasei] [gcode=11] [topology=linear]', orig-description=''
22:51:02.335 - INFO - UTILS - qc: revised sequence: id=contig_26, orig-id=NODE_26_length_431_cov_89.573446, type=contig, complete=False, topology=linear, name=, description='[organism=Lacticaseibacillus paracasei] [gcode=11] [topology=linear]', orig-description=''
22:51:02.335 - INFO - UTILS - qc: revised sequence: id=contig_27, orig-id=NODE_27_length_424_cov_610.345821, type=contig, complete=False, topology=linear, name=, description='[organism=Lacticaseibacillus paracasei] [gcode=11] [topology=linear]', orig-description=''
22:51:02.335 - INFO - UTILS - qc: revised sequence: id=contig_28, orig-id=NODE_28_length_393_cov_239.250000, type=contig, complete=False, topology=linear, name=, description='[organism=Lacticaseibacillus paracasei] [gcode=11] [topology=linear]', orig-description=''
22:51:02.335 - INFO - UTILS - qc: revised sequence: id=contig_29, orig-id=NODE_29_length_389_cov_101.294872, type=contig, complete=False, topology=linear, name=, description='[organism=Lacticaseibacillus paracasei] [gcode=11] [topology=linear]', orig-description=''
22:51:02.335 - INFO - UTILS - qc: revised sequence: id=contig_30, orig-id=NODE_30_length_340_cov_105.247148, type=contig, complete=False, topology=linear, name=, description='[organism=Lacticaseibacillus paracasei] [gcode=11] [topology=linear]', orig-description=''
22:51:02.335 - INFO - UTILS - qc: revised sequence: id=contig_31, orig-id=NODE_31_length_336_cov_727.884170, type=contig, complete=False, topology=linear, name=, description='[organism=Lacticaseibacillus paracasei] [gcode=11] [topology=linear]', orig-description=''
22:51:02.335 - INFO - UTILS - qc: revised sequence: id=contig_32, orig-id=NODE_32_length_279_cov_321.282178, type=contig, complete=False, topology=linear, name=, description='[organism=Lacticaseibacillus paracasei] [gcode=11] [topology=linear]', orig-description=''
22:51:02.335 - INFO - UTILS - qc: revised sequence: id=contig_33, orig-id=NODE_33_length_277_cov_0.740000, type=contig, complete=False, topology=linear, name=, description='[organism=Lacticaseibacillus paracasei] [gcode=11] [topology=linear]', orig-description=''
22:51:02.335 - INFO - UTILS - qc: revised sequence: id=contig_34, orig-id=NODE_34_length_273_cov_0.750000, type=contig, complete=False, topology=linear, name=, description='[organism=Lacticaseibacillus paracasei] [gcode=11] [topology=linear]', orig-description=''
22:51:02.335 - INFO - UTILS - qc: revised sequence: id=contig_35, orig-id=NODE_35_length_267_cov_108.242105, type=contig, complete=False, topology=linear, name=, description='[organism=Lacticaseibacillus paracasei] [gcode=11] [topology=linear]', orig-description=''
22:51:02.335 - INFO - UTILS - qc: revised sequence: id=contig_36, orig-id=NODE_36_length_265_cov_0.776596, type=contig, complete=False, topology=linear, name=, description='[organism=Lacticaseibacillus paracasei] [gcode=11] [topology=linear]', orig-description=''
22:51:02.335 - INFO - UTILS - qc: revised sequence: id=contig_37, orig-id=NODE_37_length_261_cov_61.331522, type=contig, complete=False, topology=linear, name=, description='[organism=Lacticaseibacillus paracasei] [gcode=11] [topology=linear]', orig-description=''
22:51:02.335 - INFO - UTILS - qc: revised sequence: id=contig_38, orig-id=NODE_38_length_253_cov_0.835227, type=contig, complete=False, topology=linear, name=, description='[organism=Lacticaseibacillus paracasei] [gcode=11] [topology=linear]', orig-description=''
22:51:02.335 - INFO - UTILS - qc: revised sequence: id=contig_39, orig-id=NODE_39_length_241_cov_91.493902, type=contig, complete=False, topology=linear, name=, description='[organism=Lacticaseibacillus paracasei] [gcode=11] [topology=linear]', orig-description=''
22:51:02.335 - INFO - UTILS - qc: revised sequence: id=contig_40, orig-id=NODE_40_length_238_cov_810.571429, type=contig, complete=False, topology=linear, name=, description='[organism=Lacticaseibacillus paracasei] [gcode=11] [topology=linear]', orig-description=''
22:51:02.335 - INFO - UTILS - qc: revised sequence: id=contig_41, orig-id=NODE_41_length_201_cov_752.298387, type=contig, complete=False, topology=linear, name=, description='[organism=Lacticaseibacillus paracasei] [gcode=11] [topology=linear]', orig-description=''
22:51:02.335 - INFO - FASTA - write genome sequences: path=/tmp/tmp17e_x7tc/sequences.fna, description=False, wrap=False
22:51:17.527 - INFO - T_RNA - seq=contig_1, start=278730, stop=278802, strand=+, gene=trnK, product=tRNA-Lys(ctt), score=78.2, nt=[GGGTGGTTAG..TGACCACCCA]
22:51:17.527 - INFO - T_RNA - seq=contig_1, start=547709, stop=547781, strand=+, gene=trnT, product=tRNA-Thr(ggt), score=74.8, nt=[GCCGTCTTAG..ATAGACGGCT]
22:51:17.528 - INFO - T_RNA - seq=contig_2, start=442816, stop=442889, strand=-, gene=trnR, product=tRNA-Arg(tct), score=77.4, nt=[GTACCAGTAG..GGCTGGTACA]
22:51:17.528 - INFO - T_RNA - seq=contig_2, start=279117, stop=279204, strand=-, gene=trnS, product=tRNA-Ser(cga), score=72.0, nt=[GGAGAGTTGG..GTACTCTCCT]
22:51:17.528 - INFO - T_RNA - seq=contig_3, start=404019, stop=404091, strand=-, gene=trnV, product=tRNA-Val(tac), score=82.4, nt=[GGAGGATTAG..GTATCCTCCA]
22:51:17.528 - INFO - T_RNA - seq=contig_3, start=403944, stop=404016, strand=-, gene=trnK, product=tRNA-Lys(ttt), score=78.3, nt=[GAGCCGTTAG..TCACGGCTCA]
22:51:17.528 - INFO - T_RNA - seq=contig_3, start=403844, stop=403926, strand=-, gene=trnL, product=tRNA-Leu(tag), score=61.9, nt=[GCGGGTGTGG..TTCACCCGCA]
22:51:17.528 - INFO - T_RNA - seq=contig_3, start=403697, stop=403768, strand=-, gene=trnG, product=tRNA-Gly(gcc), score=77.8, nt=[GCGGAAGTAG..GTCTTCCGCT]
22:51:17.528 - INFO - T_RNA - seq=contig_3, start=403600, stop=403685, strand=-, gene=trnL, product=tRNA-Leu(taa), score=66.3, nt=[GCCGGGGTGG..GTCCTCGGCA]
22:51:17.528 - INFO - T_RNA - seq=contig_3, start=403515, stop=403588, strand=-, gene=trnR, product=tRNA-Arg(acg), score=70.0, nt=[GCACCCATAG..ACTGGGTGCA]
22:51:17.528 - INFO - T_RNA - seq=contig_3, start=403394, stop=403465, strand=-, gene=trnG, product=tRNA-Gly(gcc), score=77.8, nt=[GCGGAAGTAG..GTCTTCCGCT]
22:51:17.528 - INFO - T_RNA - seq=contig_3, start=403316, stop=403389, strand=-, gene=trnP, product=tRNA-Pro(cgg), score=75.5, nt=[CGGGAAGTAG..GTCTTCCCGA]
22:51:17.528 - INFO - T_RNA - seq=contig_3, start=132661, stop=132732, strand=-, gene=trnN, product=tRNA-Asn(gtt), score=74.6, nt=[TGCCCAGTAG..GCCTGGGCAG]
22:51:17.528 - INFO - T_RNA - seq=contig_4, start=38236, stop=38308, strand=+, gene=trnA, product=tRNA-Ala(cgc), score=71.3, nt=[GGGTCCATAG..TTTGGATCCA]
22:51:17.528 - INFO - T_RNA - seq=contig_4, start=38330, stop=38402, strand=+, gene=trnA, product=tRNA-Ala(ggc), score=71.2, nt=[GGGTCTTTAG..TTAAGATCCA]
22:51:17.528 - INFO - T_RNA - seq=contig_4, start=175222, stop=175293, strand=-, gene=trnR, product=tRNA-Arg(tcg), score=48.1, nt=[GTCTCCATGG..GGTGGAGGCA]
22:51:17.528 - INFO - T_RNA - seq=contig_5, start=328811, stop=328883, strand=-, gene=trnN, product=tRNA-Asn(gtt), score=73.6, nt=[TCCGGTTTAG..ACAACCGGAG]
22:51:17.528 - INFO - T_RNA - seq=contig_5, start=328713, stop=328802, strand=-, gene=trnS, product=tRNA-Ser(gga), score=72.6, nt=[GGAGAGTTGT..TTACTCTCCG]
22:51:17.528 - INFO - T_RNA - seq=contig_5, start=328386, stop=328458, strand=-, gene=trnV, product=tRNA-Val(tac), score=82.4, nt=[GGAGGATTAG..GTATCCTCCA]
22:51:17.528 - INFO - T_RNA - seq=contig_5, start=313330, stop=313413, strand=-, gene=trnL, product=tRNA-Leu(cag), score=58.9, nt=[GCCGCGATGG..GTTCGCGGCA]
22:51:17.528 - INFO - T_RNA - seq=contig_5, start=234082, stop=234153, strand=-, gene=trnR, product=tRNA-Arg(ccg), score=40.0, nt=[GCGCGGTTAG..GGGCTGCGCA]
22:51:17.528 - INFO - T_RNA - seq=contig_5, start=113589, stop=113662, strand=-, gene=trnR, product=tRNA-Arg(cct), score=72.1, nt=[GTGCCCTTAG..ATAGGGCACA]
22:51:17.528 - INFO - T_RNA - seq=contig_5, start=20762, stop=20836, strand=-, gene=None, product=tRNA-Xxx, score=18.4, nt=[AGCTCAACGG..ATTCCCGCAT]
22:51:17.528 - INFO - T_RNA - seq=contig_9, start=27820, stop=27905, strand=+, gene=trnL, product=tRNA-Leu(aag), score=65.2, nt=[GCGGGCATGG..CTTGCCCGCA]
22:51:17.528 - INFO - T_RNA - seq=contig_9, start=64764, stop=64836, strand=-, gene=trnN, product=tRNA-Asn(gtt), score=73.6, nt=[TCCGGTTTAG..ACAACCGGAG]
22:51:17.528 - INFO - T_RNA - seq=contig_9, start=62483, stop=62554, strand=-, gene=trnE, product=tRNA-Glu(ttc), score=68.1, nt=[GGCCCGTTGG..GTACGGGTCA]
22:51:17.528 - INFO - T_RNA - seq=contig_9, start=62406, stop=62478, strand=-, gene=trnT, product=tRNA-Thr(cgt), score=73.5, nt=[GCCGGCTTAG..GCAGCCGGCA]
22:51:17.528 - INFO - T_RNA - seq=contig_9, start=46060, stop=46140, strand=-, gene=trnY, product=tRNA-Tyr(gta), score=67.3, nt=[GGAGGAGTAG..ATCTCCTCCA]
22:51:17.528 - INFO - T_RNA - seq=contig_13, start=10349, stop=10420, strand=+, gene=trnE, product=tRNA-Glu(ctc), score=57.5, nt=[TGCCCGTTGG..GTACGGGTGA]
22:51:17.528 - INFO - T_RNA - seq=contig_13, start=15780, stop=15850, strand=+, gene=trnQ, product=tRNA-Gln(ctg), score=68.3, nt=[TGGGTAGTAG..ATCTACCCAA]
22:51:17.528 - INFO - T_RNA - seq=contig_14, start=35175, stop=35245, strand=+, gene=trnG, product=tRNA-Gly(ccc), score=73.3, nt=[GCGGTCGTAG..GTCGACCGCT]
22:51:17.529 - INFO - T_RNA - seq=contig_17, start=14216, stop=14288, strand=-, gene=trnK, product=tRNA-Lys(ttt), score=78.3, nt=[GAGCCGTTAG..TCACGGCTCA]
22:51:17.529 - INFO - T_RNA - seq=contig_17, start=14102, stop=14174, strand=-, gene=trnT, product=tRNA-Thr(tgt), score=83.0, nt=[GCCGACTTAG..TTAGTCGGCA]
22:51:17.529 - INFO - T_RNA - seq=contig_17, start=13997, stop=14068, strand=-, gene=trnG, product=tRNA-Gly(gcc), score=77.8, nt=[GCGGAAGTAG..GTCTTCCGCT]
22:51:17.529 - INFO - T_RNA - seq=contig_17, start=13863, stop=13936, strand=-, gene=trnR, product=tRNA-Arg(acg), score=70.0, nt=[GCACCCATAG..ACTGGGTGCA]
22:51:17.529 - INFO - T_RNA - seq=contig_17, start=13785, stop=13858, strand=-, gene=trnP, product=tRNA-Pro(tgg), score=79.5, nt=[CGGGAAATAG..GTTTTCCCGA]
22:51:17.529 - INFO - T_RNA - seq=contig_17, start=13685, stop=13758, strand=-, gene=trnM, product=tRNA-Met(cat), score=62.2, nt=[CGCGGTGTAG..CCCGCCGCGA]
22:51:17.529 - INFO - T_RNA - seq=contig_17, start=13603, stop=13676, strand=-, gene=trnI, product=tRNA-Ile2(cat), score=76.9, nt=[GGACCTTTAG..ACAAGGTCCA]
22:51:17.529 - INFO - T_RNA - seq=contig_17, start=13481, stop=13554, strand=-, gene=trnfM, product=tRNA-fMet(cat), score=76.3, nt=[CGCGGGATGG..GCTCCCGCAA]
22:51:17.529 - INFO - T_RNA - seq=contig_17, start=13400, stop=13473, strand=-, gene=trnD, product=tRNA-Asp(gtc), score=71.7, nt=[GGTTCCATGG..GTTGGGACCG]
22:51:17.529 - INFO - T_RNA - seq=contig_17, start=13322, stop=13394, strand=-, gene=trnF, product=tRNA-Phe(gaa), score=64.9, nt=[GGCTCGGTAG..TCCCGCGCCA]
22:51:17.529 - INFO - T_RNA - seq=contig_17, start=13232, stop=13302, strand=-, gene=trnG, product=tRNA-Gly(tcc), score=75.4, nt=[GCGGGTGTAG..GTCACCCGCT]
22:51:17.529 - INFO - T_RNA - seq=contig_17, start=13144, stop=13217, strand=-, gene=trnI, product=tRNA-Ile(gat), score=80.6, nt=[GGGCCTATAG..CCTAGGCCCA]
22:51:17.529 - INFO - T_RNA - seq=contig_17, start=13027, stop=13114, strand=-, gene=trnS, product=tRNA-Ser(gct), score=74.7, nt=[GGAGAAGTAC..TCCTTCTCCG]
22:51:17.529 - INFO - T_RNA - seq=contig_17, start=12951, stop=13022, strand=-, gene=trnE, product=tRNA-Glu(ttc), score=68.1, nt=[GGCCCGTTGG..GTACGGGTCA]
22:51:17.529 - INFO - T_RNA - seq=contig_17, start=12850, stop=12941, strand=-, gene=trnS, product=tRNA-Ser(tga), score=79.2, nt=[GGAGAATTAC..TCATTCTCCT]
22:51:17.529 - INFO - T_RNA - seq=contig_17, start=12766, stop=12839, strand=-, gene=trnfM, product=tRNA-fMet(cat), score=76.3, nt=[CGCGGGATGG..GCTCCCGCAA]
22:51:17.529 - INFO - T_RNA - seq=contig_17, start=12685, stop=12758, strand=-, gene=trnD, product=tRNA-Asp(gtc), score=74.7, nt=[GGTTCCATGG..GTTGGAACCG]
22:51:17.529 - INFO - T_RNA - seq=contig_17, start=12569, stop=12641, strand=-, gene=trnF, product=tRNA-Phe(gaa), score=67.1, nt=[GGCTCGGTAG..TCCCGCGCCA]
22:51:17.529 - INFO - T_RNA - seq=contig_17, start=12484, stop=12564, strand=-, gene=trnY, product=tRNA-Tyr(gta), score=67.3, nt=[GGAGGAGTAG..ATCTCCTCCA]
22:51:17.529 - INFO - T_RNA - seq=contig_17, start=12407, stop=12477, strand=-, gene=trnW, product=tRNA-Trp(cca), score=62.4, nt=[AGGGATATAG..ACTATCCCTG]
22:51:17.529 - INFO - T_RNA - seq=contig_17, start=12323, stop=12395, strand=-, gene=trnH, product=tRNA-His(gtg), score=63.0, nt=[GCGGTATTGG..ACATACCGCC]
22:51:17.529 - INFO - T_RNA - seq=contig_17, start=12243, stop=12314, strand=-, gene=trnQ, product=tRNA-Gln(ttg), score=73.3, nt=[TGGGGTATAG..GCTACCCCAA]
22:51:17.529 - INFO - T_RNA - seq=contig_17, start=12130, stop=12200, strand=-, gene=trnC, product=tRNA-Cys(gca), score=66.5, nt=[GGCGGTGTAG..ATCACCGCCT]
22:51:17.529 - INFO - T_RNA - seq=contig_17, start=12000, stop=12083, strand=-, gene=trnL, product=tRNA-Leu(caa), score=56.7, nt=[GCCGGTGTGG..ATCACCGGTA]
22:51:17.529 - INFO - T_RNA - seq=contig_28, start=101, stop=174, strand=+, gene=trnI, product=tRNA-Ile(gat), score=80.7, nt=[GGGCCTATAG..TCTAGGCCCA]
22:51:17.529 - INFO - T_RNA - seq=contig_28, start=209, stop=281, strand=+, gene=trnA, product=tRNA-Ala(tgc), score=72.5, nt=[GGGGGATTAG..TTATCCTCCA]
22:51:17.530 - INFO - T_RNA - predicted=57
22:51:18.224 - INFO - TM_RNA - seq=contig_5, start=151498, stop=151858, strand=+, gene=ssrA, product=transfer-messenger RNA, SsrA, nt=[GGGGGTGTAA..CTCACCTCCA]
22:51:18.224 - INFO - TM_RNA - predicted=1
22:52:40.131 - INFO - R_RNA - seq=contig_9, start=64846, stop=64962, strand=-, gene=rrf, product=5S ribosomal RNA, length=117, coverage=0.983, truncated=None, score=90.5, evalue=4.1e-15, nt=[TGTGGTGGCG..GCTGCCACGC]
22:52:40.131 - INFO - R_RNA - seq=contig_19, start=1, stop=1281, strand=+, gene=rrs, product=16S ribosomal RNA, length=1281, coverage=0.836, truncated=5-prime, score=1380.4, evalue=1.9e-42, nt=[GGCTCACCAA..CACCTCCTTT]
22:52:40.131 - INFO - R_RNA - seq=contig_19, start=874, stop=3772, strand=+, gene=rrl, product=23S ribosomal RNA, length=2899, coverage=0.991, truncated=None, score=2295.1, evalue=9.4e-05, nt=[AGTTGGGCAC..ACTTAACCAA]
22:52:40.131 - INFO - R_RNA - predicted=3
22:53:22.657 - INFO - NC_RNA - seq=contig_1, start=369882, stop=370062, strand=+, gene=RefB11, product=Enterococcus sRNA B11, length=181, truncated=None, score=143.2, evalue=1.0e-22, nt=[GGCAACTGCC..GGGTGAAAAA]
22:53:22.657 - INFO - NC_RNA - seq=contig_1, start=525371, stop=525462, strand=-, gene=ratA, product=RNA anti-toxin A, length=92, truncated=None, score=52.8, evalue=1.5e-06, nt=[TAATGAAGAC..CAATCAATTA]
22:53:22.657 - INFO - NC_RNA - seq=contig_2, start=183155, stop=183520, strand=-, gene=RNaseP_bact_b, product=Bacterial RNase P class B, length=366, truncated=None, score=311.5, evalue=2.1e-36, nt=[GGTCCTGAGT..GCTTATAGGG]
22:53:22.657 - INFO - NC_RNA - seq=contig_3, start=172535, stop=172621, strand=-, gene=Bacteria_small_SRP, product=Bacterial small signal recognition particle RNA, length=87, truncated=None, score=59.7, evalue=9.0e-10, nt=[GCCTTAAGGC..TTTTGTTATT]
22:53:22.657 - INFO - NC_RNA - seq=contig_8, start=72213, stop=72403, strand=-, gene=rli28, product=Listeria sRNA rli28, length=191, truncated=None, score=79.1, evalue=1.6e-09, nt=[GATTATATGC..ATAGCATTAG]
22:53:22.657 - INFO - NC_RNA - seq=contig_8, start=72065, stop=72150, strand=+, gene=ratA, product=RNA anti-toxin A, length=86, truncated=None, score=58.9, evalue=1.1e-07, nt=[TAATGAGAAT..AGGTTAAATA]
22:53:22.657 - INFO - NC_RNA - seq=contig_8, start=68268, stop=68450, strand=-, gene=rli28, product=Listeria sRNA rli28, length=183, truncated=None, score=64.4, evalue=1.8e-07, nt=[TAAGCTATGG..TCAACGGCAA]
22:53:22.657 - INFO - NC_RNA - seq=contig_12, start=1765, stop=1870, strand=+, gene=Ref68, product=Enterococcus sRNA 68 (Lacto-3 RNA), length=106, truncated=None, score=46.5, evalue=5.4e-06, nt=[TGCGATGAGT..TGTGGAGCCA]
22:53:22.657 - INFO - NC_RNA - predicted=8
22:53:33.850 - INFO - NC_RNA_REGION - seq=contig_1, start=155492, stop=155671, strand=+, label=Lysine, product=Lysine riboswitch aptamer, length=180, truncated=None, score=110.9, evalue=2.2e-16
22:53:33.850 - INFO - NC_RNA_REGION - seq=contig_1, start=289535, stop=289632, strand=+, label=azaaromatic, product=azaaromatic riboswitch aptamer (yjdF RNA), length=98, truncated=None, score=81.5, evalue=2.1e-13
22:53:33.850 - INFO - NC_RNA_REGION - seq=contig_1, start=315388, stop=315560, strand=-, label=Lysine, product=Lysine riboswitch aptamer, length=173, truncated=None, score=74.7, evalue=8.5e-11
22:53:33.850 - INFO - NC_RNA_REGION - seq=contig_2, start=5683, stop=5846, strand=+, label=Magnesium, product=M-box riboswitch aptamer (ykoK leader), length=164, truncated=None, score=124.4, evalue=7.8e-20
22:53:33.850 - INFO - NC_RNA_REGION - seq=contig_2, start=73335, stop=73453, strand=+, label=FMN, product=FMN riboswitch aptamer (RFN element), length=119, truncated=None, score=112.2, evalue=6.7e-19
22:53:33.850 - INFO - NC_RNA_REGION - seq=contig_2, start=136495, stop=136749, strand=-, label=T-box, product=T-box leader, length=255, truncated=None, score=117.2, evalue=4.7e-16
22:53:33.850 - INFO - NC_RNA_REGION - seq=contig_2, start=441161, stop=441230, strand=-, label=L21_leader, product=Ribosomal protein L21 leader, length=70, truncated=None, score=43.9, evalue=4.0e-06
22:53:33.850 - INFO - NC_RNA_REGION - seq=contig_3, start=162960, stop=163054, strand=-, label=THF, product=THF (Tetrahydrofolate) riboswitch aptamer, length=95, truncated=None, score=72.8, evalue=3.5e-12
22:53:33.850 - INFO - NC_RNA_REGION - seq=contig_3, start=353688, stop=353744, strand=-, label=L13_leader, product=Ribosomal protein L13 leader, length=57, truncated=None, score=64.3, evalue=8.5e-10
22:53:33.850 - INFO - NC_RNA_REGION - seq=contig_3, start=187011, stop=187131, strand=-, label=L10_leader, product=Ribosomal protein L10 leader, length=121, truncated=None, score=73.8, evalue=2.6e-08
22:53:33.850 - INFO - NC_RNA_REGION - seq=contig_3, start=333366, stop=333430, strand=+, label=Fluoride, product=Fluoride riboswitch aptamer (crcB RNA motif), length=65, truncated=None, score=51.3, evalue=3.0e-07
22:53:33.850 - INFO - NC_RNA_REGION - seq=contig_3, start=362224, stop=362295, strand=-, label=L17DE, product=L17 ribosomal protein downstream element, length=72, truncated=None, score=43.7, evalue=7.7e-06
22:53:33.850 - INFO - NC_RNA_REGION - seq=contig_3, start=399991, stop=400048, strand=-, label=Lacto-rpoB, product=Lacto-rpoB RNA, length=58, truncated=None, score=43.8, evalue=2.2e-05
22:53:33.850 - INFO - NC_RNA_REGION - seq=contig_3, start=331900, stop=331954, strand=-, label=Fluoride, product=Fluoride riboswitch aptamer (crcB RNA motif), length=55, truncated=None, score=37.7, evalue=6.6e-05
22:53:33.850 - INFO - NC_RNA_REGION - seq=contig_4, start=171946, stop=172187, strand=+, label=T-box, product=T-box leader, length=242, truncated=None, score=105.6, evalue=2.3e-14
22:53:33.850 - INFO - NC_RNA_REGION - seq=contig_5, start=327398, stop=327486, strand=-, label=SAM-III, product=SAM-III riboswitch aptamer (SMK box), length=89, truncated=None, score=71.1, evalue=3.0e-11
22:53:33.850 - INFO - NC_RNA_REGION - seq=contig_5, start=290888, stop=291000, strand=-, label=23S-methyl, product=23S methyl RNA motif, length=113, truncated=None, score=67.1, evalue=2.2e-10
22:53:33.851 - INFO - NC_RNA_REGION - seq=contig_6, start=204123, stop=204298, strand=+, label=Lysine, product=Lysine riboswitch aptamer, length=176, truncated=None, score=93.2, evalue=1.2e-13
22:53:33.851 - INFO - NC_RNA_REGION - seq=contig_6, start=35424, stop=35522, strand=+, label=preQ1-II, product=PreQ1-II (pre queuosine) riboswitch aptamer, length=99, truncated=None, score=54.9, evalue=1.4e-06
22:53:33.851 - INFO - NC_RNA_REGION - seq=contig_7, start=63302, stop=63503, strand=+, label=T-box, product=T-box leader, length=202, truncated=None, score=116.9, evalue=5.2e-16
22:53:33.851 - INFO - NC_RNA_REGION - seq=contig_10, start=376, stop=465, strand=+, label=TPP, product=TPP riboswitch aptamer (THI element), length=90, truncated=None, score=71.0, evalue=1.2e-11
22:53:33.851 - INFO - NC_RNA_REGION - seq=contig_14, start=7166, stop=7263, strand=+, label=TPP, product=TPP riboswitch aptamer (THI element), length=98, truncated=None, score=64.8, evalue=2.0e-10
22:53:33.851 - INFO - NC_RNA_REGION - predicted=22
22:53:34.374 - INFO - CRISPR - predicted=0
22:53:34.374 - INFO - CDS - create prodigal training info object: meta=False, closed=True
22:59:20.448 - INFO - CDS - seq=contig_1, start=686, stop=1426, strand=+, frame=2, truncated=no, start-type=ATG, RBS-motif=AGGA/GGAG/GAGG
22:59:20.448 - INFO - CDS - seq=contig_1, start=1587, stop=3134, strand=-, frame=1, truncated=no, start-type=ATG, RBS-motif=AGGAG
22:59:20.448 - INFO - CDS - seq=contig_1, start=3513, stop=4451, strand=+, frame=3, truncated=no, start-type=ATG, RBS-motif=AGxAGG/AGGxGG
22:59:20.449 - INFO - CDS - seq=contig_1, start=4529, stop=5128, strand=+, frame=2, truncated=no, start-type=GTG, RBS-motif=GGA/GAG/AGG
22:59:20.449 - INFO - CDS - seq=contig_1, start=5414, stop=5746, strand=-, frame=2, truncated=no, start-type=ATG, RBS-motif=GGAG/GAGG
22:59:20.449 - INFO - CDS - seq=contig_1, start=5855, stop=6598, strand=-, frame=2, truncated=no, start-type=TTG, RBS-motif=GGAGG
22:59:20.449 - INFO - CDS - seq=contig_1, start=6617, stop=7399, strand=-, frame=2, truncated=no, start-type=ATG, RBS-motif=AGGAGG
22:59:20.449 - INFO - CDS - seq=contig_1, start=7484, stop=8242, strand=-, frame=2, truncated=no, start-type=GTG, RBS-motif=AGGAGG
22:59:20.449 - INFO - CDS - seq=contig_1, start=8687, stop=9373, strand=+, frame=2, truncated=no, start-type=ATG, RBS-motif=None
22:59:20.449 - INFO - CDS - seq=contig_1, start=10116, stop=11495, strand=+, frame=3, truncated=no, start-type=ATG, RBS-motif=GGAGG
22:59:20.449 - INFO - CDS - seq=contig_1, start=11646, stop=12740, strand=-, frame=1, truncated=no, start-type=ATG, RBS-motif=GGAG/GAGG
22:59:20.449 - INFO - CDS - seq=contig_1, start=12869, stop=14668, strand=+, frame=2, truncated=no, start-type=ATG, RBS-motif=GGAG/GAGG
22:59:20.449 - INFO - CDS - seq=contig_1, start=14665, stop=15546, strand=+, frame=1, truncated=no, start-type=ATG, RBS-motif=None
22:59:20.449 - INFO - CDS - seq=contig_1, start=15543, stop=16391, strand=+, frame=3, truncated=no, start-type=ATG, RBS-motif=AGxAGG/AGGxGG
22:59:20.449 - INFO - CDS - seq=contig_1, start=16463, stop=17260, strand=-, frame=2, truncated=no, start-type=ATG, RBS-motif=None
22:59:20.449 - INFO - CDS - seq=contig_1, start=17257, stop=17976, strand=-, frame=3, truncated=no, start-type=ATG, RBS-motif=GGAGG
22:59:20.449 - INFO - CDS - seq=contig_1, start=18050, stop=18394, strand=-, frame=2, truncated=no, start-type=ATG, RBS-motif=AGGA/GGAG/GAGG
22:59:20.449 - INFO - CDS - seq=contig_1, start=18643, stop=19995, strand=-, frame=3, truncated=no, start-type=ATG, RBS-motif=AGxAGG/AGGxGG
22:59:20.449 - INFO - CDS - seq=contig_1, start=20180, stop=21748, strand=-, frame=2, truncated=no, start-type=ATG, RBS-motif=AGGAG
22:59:20.449 - INFO - CDS - seq=contig_1, start=21818, stop=22723, strand=-, frame=2, truncated=no, start-type=ATG, RBS-motif=AGGAGG
22:59:20.449 - INFO - CDS - seq=contig_1, start=23026, stop=23868, strand=+, frame=1, truncated=no, start-type=ATG, RBS-motif=AGGAGG
22:59:20.449 - INFO - CDS - seq=contig_1, start=24085, stop=24474, strand=-, frame=3, truncated=no, start-type=ATG, RBS-motif=AGGAG
22:59:20.449 - INFO - CDS - seq=contig_1, start=24512, stop=25384, strand=-, frame=2, truncated=no, start-type=ATG, RBS-motif=AGGA
22:59:20.449 - INFO - CDS - seq=contig_1, start=25407, stop=26303, strand=-, frame=1, truncated=no, start-type=GTG, RBS-motif=GGA/GAG/AGG
22:59:20.449 - INFO - CDS - seq=contig_1, start=26305, stop=27357, strand=-, frame=3, truncated=no, start-type=ATG, RBS-motif=AGGA/GGAG/GAGG
22:59:20.449 - INFO - CDS - seq=contig_1, start=27395, stop=28435, strand=-, frame=2, truncated=no, start-type=ATG, RBS-motif=AGGAG
22:59:20.450 - INFO - CDS - seq=contig_1, start=28449, stop=30404, strand=-, frame=1, truncated=no, start-type=ATG, RBS-motif=AGGAGG
22:59:20.450 - INFO - CDS - seq=contig_1, start=30401, stop=31381, strand=-, frame=2, truncated=no, start-type=ATG, RBS-motif=AGGAGG
22:59:20.450 - INFO - CDS - seq=contig_1, start=31418, stop=32233, strand=-, frame=2, truncated=no, start-type=ATG, RBS-motif=AGxAGG/AGGxGG
22:59:20.450 - INFO - CDS - seq=contig_1, start=32278, stop=33756, strand=-, frame=3, truncated=no, start-type=ATG, RBS-motif=GGAG/GAGG
22:59:20.450 - INFO - CDS - seq=contig_1, start=33833, stop=35323, strand=-, frame=2, truncated=no, start-type=ATG, RBS-motif=GGAGG
22:59:20.450 - INFO - CDS - seq=contig_1, start=35867, stop=36673, strand=+, frame=2, truncated=no, start-type=ATG, RBS-motif=GGA/GAG/AGG
22:59:20.450 - INFO - CDS - seq=contig_1, start=36860, stop=37720, strand=-, frame=2, truncated=no, start-type=TTG, RBS-motif=AGGAG
22:59:20.450 - INFO - CDS - seq=contig_1, start=37917, stop=38669, strand=-, frame=1, truncated=no, start-type=ATG, RBS-motif=GGA/GAG/AGG
22:59:20.450 - INFO - CDS - seq=contig_1, start=38675, stop=40228, strand=-, frame=2, truncated=no, start-type=ATG, RBS-motif=AGGAG
22:59:20.450 - INFO - CDS - seq=contig_1, start=40370, stop=40837, strand=-, frame=2, truncated=no, start-type=ATG, RBS-motif=AGxAGG/AGGxGG
22:59:20.450 - INFO - CDS - seq=contig_1, start=40969, stop=42279, strand=-, frame=3, truncated=no, start-type=ATG, RBS-motif=AGxAGG/AGGxGG
22:59:20.450 - INFO - CDS - seq=contig_1, start=42276, stop=43466, strand=-, frame=1, truncated=no, start-type=ATG, RBS-motif=GGAG/GAGG
22:59:20.450 - INFO - CDS - seq=contig_1, start=43472, stop=44158, strand=-, frame=2, truncated=no, start-type=ATG, RBS-motif=GGAG/GAGG
22:59:20.450 - INFO - CDS - seq=contig_1, start=44313, stop=44993, strand=+, frame=3, truncated=no, start-type=TTG, RBS-motif=AGxAGG/AGGxGG
22:59:20.450 - INFO - CDS - seq=contig_1, start=45075, stop=46562, strand=-, frame=1, truncated=no, start-type=ATG, RBS-motif=GGAG/GAGG
22:59:20.450 - INFO - CDS - seq=contig_1, start=46939, stop=47760, strand=-, frame=3, truncated=no, start-type=ATG, RBS-motif=AGGAG
22:59:20.450 - INFO - CDS - seq=contig_1, start=47792, stop=48814, strand=-, frame=2, truncated=no, start-type=ATG, RBS-motif=AGxAGG/AGGxGG
22:59:20.450 - INFO - CDS - seq=contig_1, start=48930, stop=49112, strand=-, frame=1, truncated=no, start-type=ATG, RBS-motif=GGAGG
22:59:20.450 - INFO - CDS - seq=contig_1, start=49277, stop=50149, strand=-, frame=2, truncated=no, start-type=ATG, RBS-motif=AGGAGG
22:59:20.450 - INFO - CDS - seq=contig_1, start=50139, stop=50906, strand=-, frame=1, truncated=no, start-type=ATG, RBS-motif=AGGAGG
22:59:20.450 - INFO - CDS - seq=contig_1, start=50916, stop=51746, strand=-, frame=1, truncated=no, start-type=GTG, RBS-motif=GGAGG
22:59:20.450 - INFO - CDS - seq=contig_1, start=51750, stop=52481, strand=-, frame=1, truncated=no, start-type=ATG, RBS-motif=GGAGG
22:59:20.450 - INFO - CDS - seq=contig_1, start=52793, stop=53173, strand=+, frame=2, truncated=no, start-type=ATG, RBS-motif=GGAG/GAGG
22:59:20.450 - INFO - CDS - seq=contig_1, start=53306, stop=53977, strand=+, frame=2, truncated=no, start-type=ATG, RBS-motif=GGAGG
22:59:20.450 - INFO - CDS - seq=contig_1, start=54057, stop=54677, strand=-, frame=1, truncated=no, start-type=ATG, RBS-motif=GGAG/GAGG
22:59:20.450 - INFO - CDS - seq=contig_1, start=54825, stop=55472, strand=-, frame=1, truncated=no, start-type=ATG, RBS-motif=AGGA
22:59:20.451 - INFO - CDS - seq=contig_1, start=55488, stop=56402, strand=-, frame=1, truncated=no, start-type=ATG, RBS-motif=GGAGG
22:59:20.451 - INFO - CDS - seq=contig_1, start=56405, stop=57082, strand=-, frame=2, truncated=no, start-type=ATG, RBS-motif=AGxAGG/AGGxGG
22:59:20.451 - INFO - CDS - seq=contig_1, start=57390, stop=57815, strand=-, frame=1, truncated=no, start-type=ATG, RBS-motif=AGGAG
22:59:20.451 - INFO - CDS - seq=contig_1, start=57850, stop=58263, strand=-, frame=3, truncated=no, start-type=ATG, RBS-motif=AGxAGG/AGGxGG
22:59:20.451 - INFO - CDS - seq=contig_1, start=58272, stop=58469, strand=-, frame=1, truncated=no, start-type=ATG, RBS-motif=AGGAG
22:59:20.451 - INFO - CDS - seq=contig_1, start=58572, stop=59111, strand=-, frame=1, truncated=no, start-type=ATG, RBS-motif=AGGAGG
22:59:20.451 - INFO - CDS - seq=contig_1, start=59125, stop=59382, strand=-, frame=3, truncated=no, start-type=ATG, RBS-motif=GGA/GAG/AGG
22:59:20.451 - INFO - CDS - seq=contig_1, start=59615, stop=60016, strand=-, frame=2, truncated=no, start-type=ATG, RBS-motif=AGGAG/GGAGG
22:59:20.451 - INFO - CDS - seq=contig_1, start=60540, stop=61502, strand=+, frame=3, truncated=no, start-type=ATG, RBS-motif=AGxAGG/AGGxGG
22:59:20.451 - INFO - CDS - seq=contig_1, start=61602, stop=61796, strand=-, frame=1, truncated=no, start-type=ATG, RBS-motif=None
22:59:20.451 - INFO - CDS - seq=contig_1, start=61793, stop=62035, strand=-, frame=2, truncated=no, start-type=ATG, RBS-motif=GGAG/GAGG
22:59:20.451 - INFO - CDS - seq=contig_1, start=62083, stop=62550, strand=-, frame=3, truncated=no, start-type=ATG, RBS-motif=GGAG/GAGG
22:59:20.451 - INFO - CDS - seq=contig_1, start=62718, stop=63023, strand=-, frame=1, truncated=no, start-type=ATG, RBS-motif=GGA/GAG/AGG
22:59:20.451 - INFO - CDS - seq=contig_1, start=63180, stop=63686, strand=+, frame=3, truncated=no, start-type=ATG, RBS-motif=GGxGG
22:59:20.451 - INFO - CDS - seq=contig_1, start=63935, stop=64141, strand=+, frame=2, truncated=no, start-type=TTG, RBS-motif=AGGAGG
22:59:20.451 - INFO - CDS - seq=contig_1, start=64229, stop=64603, strand=-, frame=2, truncated=no, start-type=ATG, RBS-motif=None
22:59:20.451 - INFO - CDS - seq=contig_1, start=64603, stop=65445, strand=-, frame=3, truncated=no, start-type=ATG, RBS-motif=GGAG/GAGG
22:59:20.451 - INFO - CDS - seq=contig_1, start=65570, stop=66883, strand=-, frame=2, truncated=no, start-type=ATG, RBS-motif=AGGAGG
22:59:20.451 - INFO - CDS - seq=contig_1, start=67069, stop=67701, strand=-, frame=3, truncated=no, start-type=ATG, RBS-motif=AGxAGG/AGGxGG
22:59:20.451 - INFO - CDS - seq=contig_1, start=67712, stop=69073, strand=-, frame=2, truncated=no, start-type=ATG, RBS-motif=AGGA
22:59:20.451 - INFO - CDS - seq=contig_1, start=69219, stop=71060, strand=+, frame=3, truncated=no, start-type=ATG, RBS-motif=AGGAG
22:59:20.451 - INFO - CDS - seq=contig_1, start=71527, stop=72420, strand=-, frame=3, truncated=no, start-type=ATG, RBS-motif=GGA/GAG/AGG
22:59:20.451 - INFO - CDS - seq=contig_1, start=72535, stop=74115, strand=+, frame=1, truncated=no, start-type=ATG, RBS-motif=GGAG/GAGG
22:59:20.451 - INFO - CDS - seq=contig_1, start=74335, stop=75471, strand=-, frame=3, truncated=no, start-type=ATG, RBS-motif=GGAG/GAGG
22:59:20.451 - INFO - CDS - seq=contig_1, start=75628, stop=76095, strand=-, frame=3, truncated=no, start-type=GTG, RBS-motif=GGAG/GAGG
22:59:20.452 - INFO - CDS - seq=contig_1, start=76144, stop=76620, strand=-, frame=3, truncated=no, start-type=ATG, RBS-motif=3Base/5BMM
22:59:20.452 - INFO - CDS - seq=contig_1, start=76617, stop=77291, strand=-, frame=1, truncated=no, start-type=ATG, RBS-motif=AGxAGG/AGGxGG
22:59:20.452 - INFO - CDS - seq=contig_1, start=77272, stop=78006, strand=-, frame=3, truncated=no, start-type=ATG, RBS-motif=GGAG/GAGG
22:59:20.452 - INFO - CDS - seq=contig_1, start=78012, stop=78716, strand=-, frame=1, truncated=no, start-type=ATG, RBS-motif=GGAG/GAGG
22:59:20.452 - INFO - CDS - seq=contig_1, start=78720, stop=79508, strand=-, frame=1, truncated=no, start-type=GTG, RBS-motif=AGGAGG
22:59:20.452 - INFO - CDS - seq=contig_1, start=79911, stop=81536, strand=-, frame=1, truncated=no, start-type=ATG, RBS-motif=GGAG/GAGG
22:59:20.452 - INFO - CDS - seq=contig_1, start=81781, stop=84162, strand=-, frame=3, truncated=no, start-type=ATG, RBS-motif=AGxAGG/AGGxGG
22:59:20.452 - INFO - CDS - seq=contig_1, start=84422, stop=84568, strand=+, frame=2, truncated=no, start-type=ATG, RBS-motif=AGGAGG
22:59:20.452 - INFO - CDS - seq=contig_1, start=84836, stop=86284, strand=+, frame=2, truncated=no, start-type=ATG, RBS-motif=AGGAG
22:59:20.452 - INFO - CDS - seq=contig_1, start=86484, stop=87053, strand=+, frame=3, truncated=no, start-type=ATG, RBS-motif=AGGAG
22:59:20.452 - INFO - CDS - seq=contig_1, start=87060, stop=90005, strand=+, frame=3, truncated=no, start-type=ATG, RBS-motif=AGGAG
22:59:20.452 - INFO - CDS - seq=contig_1, start=90056, stop=90352, strand=-, frame=2, truncated=no, start-type=ATG, RBS-motif=GGAG/GAGG
22:59:20.452 - INFO - CDS - seq=contig_1, start=90407, stop=91135, strand=-, frame=2, truncated=no, start-type=ATG, RBS-motif=GGA/GAG/AGG
22:59:20.452 - INFO - CDS - seq=contig_1, start=91351, stop=92175, strand=+, frame=1, truncated=no, start-type=ATG, RBS-motif=AGGAGG
22:59:20.452 - INFO - CDS - seq=contig_1, start=92276, stop=93466, strand=-, frame=2, truncated=no, start-type=ATG, RBS-motif=AGGAGG
22:59:20.452 - INFO - CDS - seq=contig_1, start=93524, stop=94870, strand=-, frame=2, truncated=no, start-type=ATG, RBS-motif=GGAGG
22:59:20.452 - INFO - CDS - seq=contig_1, start=95051, stop=95380, strand=+, frame=2, truncated=no, start-type=ATG, RBS-motif=AGGAGG
22:59:20.452 - INFO - CDS - seq=contig_1, start=95453, stop=96439, strand=-, frame=2, truncated=no, start-type=ATG, RBS-motif=GGAGG
22:59:20.452 - INFO - CDS - seq=contig_1, start=96580, stop=98040, strand=-, frame=3, truncated=no, start-type=GTG, RBS-motif=AGxAGG/AGGxGG
22:59:20.452 - INFO - CDS - seq=contig_1, start=98037, stop=98270, strand=-, frame=1, truncated=no, start-type=GTG, RBS-motif=GGA/GAG/AGG
22:59:20.452 - INFO - CDS - seq=contig_1, start=98495, stop=99574, strand=-, frame=2, truncated=no, start-type=GTG, RBS-motif=AGGAG
22:59:20.452 - INFO - CDS - seq=contig_1, start=99699, stop=100442, strand=-, frame=1, truncated=no, start-type=ATG, RBS-motif=GGAG/GAGG
22:59:20.452 - INFO - CDS - seq=contig_1, start=100594, stop=101367, strand=-, frame=3, truncated=no, start-type=ATG, RBS-motif=AGGA
22:59:20.452 - INFO - CDS - seq=contig_1, start=101371, stop=101730, strand=-, frame=3, truncated=no, start-type=ATG, RBS-motif=AGGAGG
22:59:20.453 - INFO - CDS - seq=contig_1, start=101746, stop=103788, strand=-, frame=3, truncated=no, start-type=ATG, RBS-motif=None
22:59:20.453 - INFO - CDS - seq=contig_1, start=104144, stop=104719, strand=+, frame=2, truncated=no, start-type=ATG, RBS-motif=GGAGG
22:59:20.453 - INFO - CDS - seq=contig_1, start=104973, stop=105269, strand=-, frame=1, truncated=no, start-type=ATG, RBS-motif=AGGAG/GGAGG
22:59:20.453 - INFO - CDS - seq=contig_1, start=105462, stop=106436, strand=+, frame=3, truncated=no, start-type=ATG, RBS-motif=AGGAG
22:59:20.453 - INFO - CDS - seq=contig_1, start=106508, stop=106831, strand=-, frame=2, truncated=no, start-type=ATG, RBS-motif=GGAG/GAGG
22:59:20.453 - INFO - CDS - seq=contig_1, start=106972, stop=108429, strand=-, frame=3, truncated=no, start-type=ATG, RBS-motif=GGAG/GAGG
22:59:20.453 - INFO - CDS - seq=contig_1, start=108624, stop=108974, strand=+, frame=3, truncated=no, start-type=ATG, RBS-motif=AGxAGG/AGGxGG
22:59:20.453 - INFO - CDS - seq=contig_1, start=109146, stop=109508, strand=+, frame=3, truncated=no, start-type=GTG, RBS-motif=GGAGG
22:59:20.453 - INFO - CDS - seq=contig_1, start=109633, stop=110565, strand=-, frame=3, truncated=no, start-type=TTG, RBS-motif=GGxGG
22:59:20.453 - INFO - CDS - seq=contig_1, start=110676, stop=111182, strand=+, frame=3, truncated=no, start-type=ATG, RBS-motif=AGGAG
22:59:20.453 - INFO - CDS - seq=contig_1, start=111344, stop=111640, strand=+, frame=2, truncated=no, start-type=ATG, RBS-motif=AGGAGG
22:59:20.453 - INFO - CDS - seq=contig_1, start=111723, stop=112724, strand=-, frame=1, truncated=no, start-type=ATG, RBS-motif=AGGA
22:59:20.453 - INFO - CDS - seq=contig_1, start=112791, stop=113282, strand=-, frame=1, truncated=no, start-type=ATG, RBS-motif=AGGAG
22:59:20.453 - INFO - CDS - seq=contig_1, start=113456, stop=114529, strand=+, frame=2, truncated=no, start-type=ATG, RBS-motif=GGAGG
22:59:20.453 - INFO - CDS - seq=contig_1, start=114683, stop=114934, strand=-, frame=2, truncated=no, start-type=ATG, RBS-motif=AGxAGG/AGGxGG
22:59:20.453 - INFO - CDS - seq=contig_1, start=115156, stop=116232, strand=+, frame=1, truncated=no, start-type=ATG, RBS-motif=AGxAGG/AGGxGG
22:59:20.453 - INFO - CDS - seq=contig_1, start=116450, stop=117430, strand=+, frame=2, truncated=no, start-type=ATG, RBS-motif=AGGAGG
22:59:20.453 - INFO - CDS - seq=contig_1, start=117620, stop=117904, strand=+, frame=2, truncated=no, start-type=GTG, RBS-motif=GGAGG
22:59:20.453 - INFO - CDS - seq=contig_1, start=117897, stop=118007, strand=+, frame=3, truncated=no, start-type=ATG, RBS-motif=AGGAG
22:59:20.453 - INFO - CDS - seq=contig_1, start=118053, stop=118175, strand=+, frame=3, truncated=no, start-type=ATG, RBS-motif=GGAG/GAGG
22:59:20.453 - INFO - CDS - seq=contig_1, start=118863, stop=120224, strand=+, frame=3, truncated=no, start-type=ATG, RBS-motif=AGGAGG
22:59:20.453 - INFO - CDS - seq=contig_1, start=120458, stop=121222, strand=-, frame=2, truncated=no, start-type=ATG, RBS-motif=GGA/GAG/AGG
22:59:20.453 - INFO - CDS - seq=contig_1, start=121382, stop=122731, strand=-, frame=2, truncated=no, start-type=ATG, RBS-motif=AGGAG
22:59:20.453 - INFO - CDS - seq=contig_1, start=123059, stop=123667, strand=+, frame=2, truncated=no, start-type=ATG, RBS-motif=GGAG/GAGG
22:59:20.453 - INFO - CDS - seq=contig_1, start=123630, stop=123752, strand=-, frame=1, truncated=no, start-type=ATG, RBS-motif=GGAGG
22:59:20.453 - INFO - CDS - seq=contig_1, start=123979, stop=126162, strand=-, frame=3, truncated=no, start-type=ATG, RBS-motif=GGxGG
22:59:20.453 - INFO - CDS - seq=contig_1, start=126476, stop=127237, strand=-, frame=2, truncated=no, start-type=ATG, RBS-motif=GGAGG
22:59:20.453 - INFO - CDS - seq=contig_1, start=127234, stop=128163, strand=-, frame=3, truncated=no, start-type=TTG, RBS-motif=GGAGG
22:59:20.454 - INFO - CDS - seq=contig_1, start=128160, stop=128375, strand=-, frame=1, truncated=no, start-type=ATG, RBS-motif=GGAGG
22:59:20.454 - INFO - CDS - seq=contig_1, start=128442, stop=129563, strand=-, frame=1, truncated=no, start-type=ATG, RBS-motif=GGAG/GAGG
22:59:20.454 - INFO - CDS - seq=contig_1, start=130011, stop=130889, strand=-, frame=1, truncated=no, start-type=ATG, RBS-motif=GGA/GAG/AGG
22:59:20.454 - INFO - CDS - seq=contig_1, start=131134, stop=133554, strand=+, frame=1, truncated=no, start-type=ATG, RBS-motif=GGA/GAG/AGG
22:59:20.454 - INFO - CDS - seq=contig_1, start=133641, stop=133991, strand=-, frame=1, truncated=no, start-type=ATG, RBS-motif=AGGAG
22:59:20.454 - INFO - CDS - seq=contig_1, start=134086, stop=135945, strand=-, frame=3, truncated=no, start-type=ATG, RBS-motif=GGxGG
22:59:20.454 - INFO - CDS - seq=contig_1, start=136254, stop=137549, strand=-, frame=1, truncated=no, start-type=ATG, RBS-motif=AGGAG
22:59:20.454 - INFO - CDS - seq=contig_1, start=138034, stop=138903, strand=+, frame=1, truncated=no, start-type=ATG, RBS-motif=AGGAGG
22:59:20.454 - INFO - CDS - seq=contig_1, start=139141, stop=140070, strand=+, frame=1, truncated=no, start-type=ATG, RBS-motif=GGAG/GAGG
22:59:20.454 - INFO - CDS - seq=contig_1, start=140057, stop=142048, strand=+, frame=2, truncated=no, start-type=ATG, RBS-motif=GGAGG
22:59:20.454 - INFO - CDS - seq=contig_1, start=142516, stop=143679, strand=-, frame=3, truncated=no, start-type=ATG, RBS-motif=GGAG/GAGG
22:59:20.454 - INFO - CDS - seq=contig_1, start=143745, stop=145133, strand=-, frame=1, truncated=no, start-type=ATG, RBS-motif=AGGAGG
22:59:20.454 - INFO - CDS - seq=contig_1, start=145375, stop=145830, strand=-, frame=3, truncated=no, start-type=ATG, RBS-motif=AGxAGG/AGGxGG
22:59:20.454 - INFO - CDS - seq=contig_1, start=145846, stop=147852, strand=-, frame=3, truncated=no, start-type=ATG, RBS-motif=GGA/GAG/AGG
22:59:20.454 - INFO - CDS - seq=contig_1, start=148164, stop=148463, strand=-, frame=1, truncated=no, start-type=ATG, RBS-motif=GGAG/GAGG
22:59:20.454 - INFO - CDS - seq=contig_1, start=148549, stop=149136, strand=-, frame=3, truncated=no, start-type=ATG, RBS-motif=AGGAGG
22:59:20.454 - INFO - CDS - seq=contig_1, start=149472, stop=150338, strand=-, frame=1, truncated=no, start-type=ATG, RBS-motif=GGxGG
22:59:20.454 - INFO - CDS - seq=contig_1, start=150331, stop=150744, strand=-, frame=3, truncated=no, start-type=GTG, RBS-motif=AGxAGG/AGGxGG
22:59:20.454 - INFO - CDS - seq=contig_1, start=151031, stop=151408, strand=-, frame=2, truncated=no, start-type=ATG, RBS-motif=AGGAG
22:59:20.454 - INFO - CDS - seq=contig_1, start=151604, stop=152662, strand=-, frame=2, truncated=no, start-type=ATG, RBS-motif=AGGAG
22:59:20.454 - INFO - CDS - seq=contig_1, start=152666, stop=153673, strand=-, frame=2, truncated=no, start-type=ATG, RBS-motif=GGAGG
22:59:20.454 - INFO - CDS - seq=contig_1, start=153675, stop=155054, strand=-, frame=1, truncated=no, start-type=GTG, RBS-motif=AGGAGG
22:59:20.454 - INFO - CDS - seq=contig_1, start=155770, stop=157116, strand=+, frame=1, truncated=no, start-type=ATG, RBS-motif=GGAGG
22:59:20.454 - INFO - CDS - seq=contig_1, start=157127, stop=157831, strand=+, frame=2, truncated=no, start-type=ATG, RBS-motif=AGGAGG
22:59:20.454 - INFO - CDS - seq=contig_1, start=157839, stop=158990, strand=+, frame=3, truncated=no, start-type=ATG, RBS-motif=None
22:59:20.455 - INFO - CDS - seq=contig_1, start=159134, stop=160039, strand=+, frame=2, truncated=no, start-type=ATG, RBS-motif=AGGAGG
22:59:20.455 - INFO - CDS - seq=contig_1, start=160036, stop=160803, strand=+, frame=1, truncated=no, start-type=ATG, RBS-motif=GGAGG
22:59:20.455 - INFO - CDS - seq=contig_1, start=161229, stop=161735, strand=-, frame=1, truncated=no, start-type=ATG, RBS-motif=GGAG/GAGG
22:59:20.455 - INFO - CDS - seq=contig_1, start=162024, stop=162533, strand=-, frame=1, truncated=no, start-type=ATG, RBS-motif=GGA/GAG/AGG
22:59:20.455 - INFO - CDS - seq=contig_1, start=162752, stop=163474, strand=+, frame=2, truncated=no, start-type=GTG, RBS-motif=AGGAGG
22:59:20.455 - INFO - CDS - seq=contig_1, start=163458, stop=163832, strand=-, frame=1, truncated=no, start-type=ATG, RBS-motif=AGGAG/GGAGG
22:59:20.455 - INFO - CDS - seq=contig_1, start=163954, stop=164532, strand=-, frame=3, truncated=no, start-type=ATG, RBS-motif=GGA/GAG/AGG
22:59:20.455 - INFO - CDS - seq=contig_1, start=164691, stop=166517, strand=+, frame=3, truncated=no, start-type=ATG, RBS-motif=AGGA
22:59:20.455 - INFO - CDS - seq=contig_1, start=166649, stop=167791, strand=-, frame=2, truncated=no, start-type=ATG, RBS-motif=AGGAG
22:59:20.455 - INFO - CDS - seq=contig_1, start=168622, stop=169647, strand=+, frame=1, truncated=no, start-type=ATG, RBS-motif=GGAGG
22:59:20.455 - INFO - CDS - seq=contig_1, start=169644, stop=170426, strand=+, frame=3, truncated=no, start-type=ATG, RBS-motif=AGGA
22:59:20.455 - INFO - CDS - seq=contig_1, start=170454, stop=171053, strand=+, frame=3, truncated=no, start-type=ATG, RBS-motif=AGGAGG
22:59:20.455 - INFO - CDS - seq=contig_1, start=171037, stop=172257, strand=+, frame=1, truncated=no, start-type=ATG, RBS-motif=GGAG/GAGG
22:59:20.455 - INFO - CDS - seq=contig_1, start=172250, stop=173044, strand=+, frame=2, truncated=no, start-type=ATG, RBS-motif=AGGAG
22:59:20.455 - INFO - CDS - seq=contig_1, start=173658, stop=174317, strand=-, frame=1, truncated=no, start-type=ATG, RBS-motif=AGGAGG
22:59:20.455 - INFO - CDS - seq=contig_1, start=174366, stop=174950, strand=-, frame=1, truncated=no, start-type=ATG, RBS-motif=AGGAG
22:59:20.455 - INFO - CDS - seq=contig_1, start=175098, stop=175325, strand=-, frame=1, truncated=no, start-type=ATG, RBS-motif=AGGA
22:59:20.455 - INFO - CDS - seq=contig_1, start=175345, stop=177201, strand=-, frame=3, truncated=no, start-type=ATG, RBS-motif=GGAGG
22:59:20.455 - INFO - CDS - seq=contig_1, start=177546, stop=177767, strand=+, frame=3, truncated=no, start-type=ATG, RBS-motif=AGGAG/GGAGG
22:59:20.455 - INFO - CDS - seq=contig_1, start=177833, stop=178486, strand=+, frame=2, truncated=no, start-type=TTG, RBS-motif=GGAG/GAGG
22:59:20.455 - INFO - CDS - seq=contig_1, start=179110, stop=180363, strand=+, frame=1, truncated=no, start-type=ATG, RBS-motif=AGGAGG
22:59:20.455 - INFO - CDS - seq=contig_1, start=180366, stop=180995, strand=+, frame=3, truncated=no, start-type=ATG, RBS-motif=AGGAGG
22:59:20.455 - INFO - CDS - seq=contig_1, start=181007, stop=181936, strand=+, frame=2, truncated=no, start-type=ATG, RBS-motif=AGGAGG
22:59:20.455 - INFO - CDS - seq=contig_1, start=181936, stop=182598, strand=+, frame=1, truncated=no, start-type=ATG, RBS-motif=AGGA/GGAG/GAGG
22:59:20.455 - INFO - CDS - seq=contig_1, start=182812, stop=183072, strand=+, frame=1, truncated=no, start-type=ATG, RBS-motif=GGAG/GAGG
22:59:20.455 - INFO - CDS - seq=contig_1, start=183323, stop=183925, strand=+, frame=2, truncated=no, start-type=ATG, RBS-motif=GGAGG
22:59:20.456 - INFO - CDS - seq=contig_1, start=183922, stop=187233, strand=+, frame=1, truncated=no, start-type=ATG, RBS-motif=AGGAG
22:59:20.456 - INFO - CDS - seq=contig_1, start=187398, stop=187538, strand=-, frame=1, truncated=no, start-type=ATG, RBS-motif=GGAG/GAGG
22:59:20.456 - INFO - CDS - seq=contig_1, start=187915, stop=189288, strand=+, frame=1, truncated=no, start-type=ATG, RBS-motif=GGA/GAG/AGG
22:59:20.456 - INFO - CDS - seq=contig_1, start=189626, stop=191218, strand=-, frame=2, truncated=no, start-type=ATG, RBS-motif=AGGAG/GGAGG
22:59:20.456 - INFO - CDS - seq=contig_1, start=191287, stop=192186, strand=+, frame=1, truncated=no, start-type=ATG, RBS-motif=GGA/GAG/AGG
22:59:20.456 - INFO - CDS - seq=contig_1, start=192375, stop=192695, strand=-, frame=1, truncated=no, start-type=ATG, RBS-motif=GGAG/GAGG
22:59:20.456 - INFO - CDS - seq=contig_1, start=192760, stop=193113, strand=-, frame=3, truncated=no, start-type=ATG, RBS-motif=GGAG/GAGG
22:59:20.456 - INFO - CDS - seq=contig_1, start=193390, stop=194082, strand=-, frame=3, truncated=no, start-type=ATG, RBS-motif=AGGA/GGAG/GAGG
22:59:20.456 - INFO - CDS - seq=contig_1, start=194480, stop=195130, strand=+, frame=2, truncated=no, start-type=ATG, RBS-motif=AGGAG
22:59:20.456 - INFO - CDS - seq=contig_1, start=195646, stop=196350, strand=+, frame=1, truncated=no, start-type=TTG, RBS-motif=None
22:59:20.456 - INFO - CDS - seq=contig_1, start=196464, stop=196577, strand=-, frame=1, truncated=no, start-type=ATG, RBS-motif=AGxAGG/AGGxGG
22:59:20.456 - INFO - CDS - seq=contig_1, start=196677, stop=196892, strand=+, frame=3, truncated=no, start-type=ATG, RBS-motif=GGAG/GAGG
22:59:20.456 - INFO - CDS - seq=contig_1, start=197326, stop=198114, strand=+, frame=1, truncated=no, start-type=ATG, RBS-motif=GGA/GAG/AGG
22:59:20.456 - INFO - CDS - seq=contig_1, start=198466, stop=198681, strand=+, frame=1, truncated=no, start-type=ATG, RBS-motif=AGxAGG/AGGxGG
22:59:20.456 - INFO - CDS - seq=contig_1, start=199034, stop=199324, strand=+, frame=2, truncated=no, start-type=ATG, RBS-motif=GGAG/GAGG
22:59:20.456 - INFO - CDS - seq=contig_1, start=199562, stop=199891, strand=-, frame=2, truncated=no, start-type=ATG, RBS-motif=GGxGG
22:59:20.456 - INFO - CDS - seq=contig_1, start=199878, stop=200588, strand=-, frame=1, truncated=no, start-type=ATG, RBS-motif=GGAGG
22:59:20.456 - INFO - CDS - seq=contig_1, start=200939, stop=201148, strand=+, frame=2, truncated=no, start-type=ATG, RBS-motif=AGGAGG
22:59:20.456 - INFO - CDS - seq=contig_1, start=201169, stop=201375, strand=+, frame=1, truncated=no, start-type=ATG, RBS-motif=GGA/GAG/AGG
22:59:20.456 - INFO - CDS - seq=contig_1, start=201344, stop=203083, strand=+, frame=2, truncated=no, start-type=GTG, RBS-motif=None
22:59:20.456 - INFO - CDS - seq=contig_1, start=203328, stop=203801, strand=-, frame=1, truncated=no, start-type=ATG, RBS-motif=AGGA
22:59:20.456 - INFO - CDS - seq=contig_1, start=204158, stop=204769, strand=+, frame=2, truncated=no, start-type=ATG, RBS-motif=AGGA
22:59:20.456 - INFO - CDS - seq=contig_1, start=204942, stop=205574, strand=-, frame=1, truncated=no, start-type=ATG, RBS-motif=GGA/GAG/AGG
22:59:20.456 - INFO - CDS - seq=contig_1, start=205769, stop=207211, strand=-, frame=2, truncated=no, start-type=ATG, RBS-motif=AGGA
22:59:20.456 - INFO - CDS - seq=contig_1, start=207452, stop=207811, strand=+, frame=2, truncated=no, start-type=ATG, RBS-motif=AGxAGG/AGGxGG
22:59:20.456 - INFO - CDS - seq=contig_1, start=208454, stop=209830, strand=-, frame=2, truncated=no, start-type=ATG, RBS-motif=GGAG/GAGG
22:59:20.457 - INFO - CDS - seq=contig_1, start=209882, stop=210040, strand=-, frame=2, truncated=no, start-type=ATG, RBS-motif=AGGA
22:59:20.457 - INFO - CDS - seq=contig_1, start=210059, stop=210697, strand=+, frame=2, truncated=no, start-type=ATG, RBS-motif=AGxAGG/AGGxGG
22:59:20.457 - INFO - CDS - seq=contig_1, start=210746, stop=211639, strand=+, frame=2, truncated=no, start-type=ATG, RBS-motif=AGGA
22:59:20.457 - INFO - CDS - seq=contig_1, start=211804, stop=212481, strand=-, frame=3, truncated=no, start-type=ATG, RBS-motif=GGAG/GAGG
22:59:20.457 - INFO - CDS - seq=contig_1, start=212637, stop=212861, strand=-, frame=1, truncated=no, start-type=ATG, RBS-motif=GGAGG
22:59:20.457 - INFO - CDS - seq=contig_1, start=213201, stop=213806, strand=-, frame=1, truncated=no, start-type=ATG, RBS-motif=AGxAGG/AGGxGG
22:59:20.457 - INFO - CDS - seq=contig_1, start=213984, stop=214757, strand=+, frame=3, truncated=no, start-type=ATG, RBS-motif=GGAGG
22:59:20.457 - INFO - CDS - seq=contig_1, start=215102, stop=217252, strand=+, frame=2, truncated=no, start-type=ATG, RBS-motif=AGGAG
22:59:20.457 - INFO - CDS - seq=contig_1, start=217272, stop=217775, strand=+, frame=3, truncated=no, start-type=TTG, RBS-motif=AGGAGG
22:59:20.457 - INFO - CDS - seq=contig_1, start=217708, stop=218388, strand=-, frame=3, truncated=no, start-type=GTG, RBS-motif=GGA/GAG/AGG
22:59:20.457 - INFO - CDS - seq=contig_1, start=218614, stop=218934, strand=-, frame=3, truncated=no, start-type=ATG, RBS-motif=GGAG/GAGG
22:59:20.457 - INFO - CDS - seq=contig_1, start=218939, stop=219745, strand=-, frame=2, truncated=no, start-type=ATG, RBS-motif=GGA/GAG/AGG
22:59:20.457 - INFO - CDS - seq=contig_1, start=219789, stop=220340, strand=-, frame=1, truncated=no, start-type=ATG, RBS-motif=GGAGG
22:59:20.457 - INFO - CDS - seq=contig_1, start=220620, stop=221321, strand=+, frame=3, truncated=no, start-type=ATG, RBS-motif=AGGAGG
22:59:20.457 - INFO - CDS - seq=contig_1, start=221334, stop=223907, strand=+, frame=3, truncated=no, start-type=ATG, RBS-motif=GGA/GAG/AGG
22:59:20.457 - INFO - CDS - seq=contig_1, start=224111, stop=225346, strand=+, frame=2, truncated=no, start-type=ATG, RBS-motif=GGAG/GAGG
22:59:20.457 - INFO - CDS - seq=contig_1, start=225835, stop=226014, strand=+, frame=1, truncated=no, start-type=ATG, RBS-motif=AGGAGG
22:59:20.457 - INFO - CDS - seq=contig_1, start=226065, stop=226247, strand=+, frame=3, truncated=no, start-type=ATG, RBS-motif=GGAGG
22:59:20.457 - INFO - CDS - seq=contig_1, start=226327, stop=227184, strand=+, frame=1, truncated=no, start-type=ATG, RBS-motif=None
22:59:20.457 - INFO - CDS - seq=contig_1, start=227463, stop=227765, strand=+, frame=3, truncated=no, start-type=ATG, RBS-motif=AGGAG
22:59:20.457 - INFO - CDS - seq=contig_1, start=228770, stop=229363, strand=+, frame=2, truncated=no, start-type=ATG, RBS-motif=GGAG/GAGG
22:59:20.457 - INFO - CDS - seq=contig_1, start=229436, stop=229660, strand=-, frame=2, truncated=no, start-type=ATG, RBS-motif=None
22:59:20.457 - INFO - CDS - seq=contig_1, start=229657, stop=230676, strand=-, frame=3, truncated=no, start-type=ATG, RBS-motif=AGGAGG
22:59:20.457 - INFO - CDS - seq=contig_1, start=230669, stop=232147, strand=-, frame=2, truncated=no, start-type=ATG, RBS-motif=GGAG/GAGG
22:59:20.457 - INFO - CDS - seq=contig_1, start=232589, stop=232825, strand=-, frame=2, truncated=no, start-type=ATG, RBS-motif=GGAGG
22:59:20.457 - INFO - CDS - seq=contig_1, start=232912, stop=233508, strand=-, frame=3, truncated=no, start-type=ATG, RBS-motif=GGA/GAG/AGG
22:59:20.457 - INFO - CDS - seq=contig_1, start=233539, stop=233835, strand=-, frame=3, truncated=no, start-type=ATG, RBS-motif=AGGAGG
22:59:20.457 - INFO - CDS - seq=contig_1, start=233963, stop=234394, strand=-, frame=2, truncated=no, start-type=ATG, RBS-motif=AGGAGG
22:59:20.458 - INFO - CDS - seq=contig_1, start=234577, stop=235281, strand=+, frame=1, truncated=no, start-type=ATG, RBS-motif=GGAGG
22:59:20.458 - INFO - CDS - seq=contig_1, start=235386, stop=238007, strand=-, frame=1, truncated=no, start-type=ATG, RBS-motif=AGGAG/GGAGG
22:59:20.458 - INFO - CDS - seq=contig_1, start=238069, stop=240030, strand=-, frame=3, truncated=no, start-type=GTG, RBS-motif=AGGAGG
22:59:20.458 - INFO - CDS - seq=contig_1, start=240283, stop=241398, strand=-, frame=3, truncated=no, start-type=ATG, RBS-motif=None
22:59:20.458 - INFO - CDS - seq=contig_1, start=241395, stop=241607, strand=-, frame=1, truncated=no, start-type=ATG, RBS-motif=GGAGG
22:59:20.458 - INFO - CDS - seq=contig_1, start=242178, stop=242360, strand=+, frame=3, truncated=no, start-type=ATG, RBS-motif=GGAGG
22:59:20.458 - INFO - CDS - seq=contig_1, start=242460, stop=243599, strand=-, frame=1, truncated=no, start-type=ATG, RBS-motif=AGGAGG
22:59:20.458 - INFO - CDS - seq=contig_1, start=243772, stop=245121, strand=-, frame=3, truncated=no, start-type=ATG, RBS-motif=AGGAGG
22:59:20.458 - INFO - CDS - seq=contig_1, start=245929, stop=246069, strand=+, frame=1, truncated=no, start-type=ATG, RBS-motif=AGGAGG
22:59:20.458 - INFO - CDS - seq=contig_1, start=246230, stop=246754, strand=+, frame=2, truncated=no, start-type=ATG, RBS-motif=GGxGG
22:59:20.458 - INFO - CDS - seq=contig_1, start=246899, stop=247735, strand=+, frame=2, truncated=no, start-type=GTG, RBS-motif=GGAG/GAGG
22:59:20.458 - INFO - CDS - seq=contig_1, start=247753, stop=248517, strand=+, frame=1, truncated=no, start-type=ATG, RBS-motif=GGAGG
22:59:20.458 - INFO - CDS - seq=contig_1, start=248940, stop=250328, strand=+, frame=3, truncated=no, start-type=ATG, RBS-motif=AGGAG
22:59:20.458 - INFO - CDS - seq=contig_1, start=250370, stop=252271, strand=+, frame=2, truncated=no, start-type=ATG, RBS-motif=GGAGG
22:59:20.458 - INFO - CDS - seq=contig_1, start=252534, stop=252743, strand=+, frame=3, truncated=no, start-type=ATG, RBS-motif=AGGAG
22:59:20.458 - INFO - CDS - seq=contig_1, start=252905, stop=253669, strand=+, frame=2, truncated=no, start-type=ATG, RBS-motif=AGGAG
22:59:20.458 - INFO - CDS - seq=contig_1, start=253671, stop=254159, strand=+, frame=3, truncated=no, start-type=ATG, RBS-motif=GGAGG
22:59:20.458 - INFO - CDS - seq=contig_1, start=254156, stop=255355, strand=+, frame=2, truncated=no, start-type=ATG, RBS-motif=GGAG/GAGG
22:59:20.458 - INFO - CDS - seq=contig_1, start=255499, stop=256584, strand=-, frame=3, truncated=no, start-type=ATG, RBS-motif=AGGAG
22:59:20.458 - INFO - CDS - seq=contig_1, start=257307, stop=262979, strand=+, frame=3, truncated=no, start-type=ATG, RBS-motif=AGGA
22:59:20.458 - INFO - CDS - seq=contig_1, start=263135, stop=264325, strand=-, frame=2, truncated=no, start-type=ATG, RBS-motif=GGAGG
22:59:20.458 - INFO - CDS - seq=contig_1, start=264312, stop=265001, strand=-, frame=1, truncated=no, start-type=ATG, RBS-motif=GGA/GAG/AGG
22:59:20.458 - INFO - CDS - seq=contig_1, start=264994, stop=266058, strand=-, frame=3, truncated=no, start-type=ATG, RBS-motif=AGGAGG
22:59:20.458 - INFO - CDS - seq=contig_1, start=266629, stop=266805, strand=-, frame=3, truncated=no, start-type=ATG, RBS-motif=GGAG/GAGG
22:59:20.459 - INFO - CDS - seq=contig_1, start=266816, stop=267076, strand=-, frame=2, truncated=no, start-type=ATG, RBS-motif=GGAGG
22:59:20.459 - INFO - CDS - seq=contig_1, start=267419, stop=268204, strand=-, frame=2, truncated=no, start-type=ATG, RBS-motif=GGAGG
22:59:20.459 - INFO - CDS - seq=contig_1, start=268502, stop=269212, strand=-, frame=2, truncated=no, start-type=ATG, RBS-motif=AGxAGG/AGGxGG
22:59:20.459 - INFO - CDS - seq=contig_1, start=269614, stop=271440, strand=+, frame=1, truncated=no, start-type=TTG, RBS-motif=AGGAG
22:59:20.459 - INFO - CDS - seq=contig_1, start=271477, stop=273534, strand=+, frame=1, truncated=no, start-type=ATG, RBS-motif=GGAG/GAGG
22:59:20.459 - INFO - CDS - seq=contig_1, start=273539, stop=273982, strand=+, frame=2, truncated=no, start-type=ATG, RBS-motif=GGA/GAG/AGG
22:59:20.459 - INFO - CDS - seq=contig_1, start=273986, stop=275140, strand=+, frame=2, truncated=no, start-type=ATG, RBS-motif=4Base/6BMM
22:59:20.459 - INFO - CDS - seq=contig_1, start=275258, stop=276214, strand=+, frame=2, truncated=no, start-type=ATG, RBS-motif=GGAGG
22:59:20.459 - INFO - CDS - seq=contig_1, start=276311, stop=277240, strand=-, frame=2, truncated=no, start-type=ATG, RBS-motif=GGAGG
22:59:20.459 - INFO - CDS - seq=contig_1, start=277440, stop=278360, strand=+, frame=3, truncated=no, start-type=ATG, RBS-motif=GGAG/GAGG
22:59:20.459 - INFO - CDS - seq=contig_1, start=279033, stop=279962, strand=+, frame=3, truncated=no, start-type=ATG, RBS-motif=AGxAGG/AGGxGG
22:59:20.459 - INFO - CDS - seq=contig_1, start=280042, stop=281340, strand=-, frame=3, truncated=no, start-type=ATG, RBS-motif=AGGA
22:59:20.459 - INFO - CDS - seq=contig_1, start=281531, stop=281929, strand=+, frame=2, truncated=no, start-type=ATG, RBS-motif=GGA/GAG/AGG
22:59:20.459 - INFO - CDS - seq=contig_1, start=282049, stop=282558, strand=+, frame=1, truncated=no, start-type=TTG, RBS-motif=AGGAG
22:59:20.459 - INFO - CDS - seq=contig_1, start=282816, stop=283673, strand=+, frame=3, truncated=no, start-type=ATG, RBS-motif=AGGA
22:59:20.459 - INFO - CDS - seq=contig_1, start=283928, stop=284617, strand=-, frame=2, truncated=no, start-type=ATG, RBS-motif=AGGAGG
22:59:20.459 - INFO - CDS - seq=contig_1, start=284595, stop=286139, strand=-, frame=1, truncated=no, start-type=ATG, RBS-motif=AGGAG
22:59:20.459 - INFO - CDS - seq=contig_1, start=286292, stop=287617, strand=+, frame=2, truncated=no, start-type=ATG, RBS-motif=GGxGG
22:59:20.459 - INFO - CDS - seq=contig_1, start=287810, stop=288988, strand=+, frame=2, truncated=no, start-type=ATG, RBS-motif=AGxAGG/AGGxGG
22:59:20.459 - INFO - CDS - seq=contig_1, start=289648, stop=290067, strand=+, frame=1, truncated=no, start-type=TTG, RBS-motif=AGGAGG
22:59:20.459 - INFO - CDS - seq=contig_1, start=290179, stop=290763, strand=+, frame=1, truncated=no, start-type=TTG, RBS-motif=AGGAGG
22:59:20.459 - INFO - CDS - seq=contig_1, start=290918, stop=292312, strand=+, frame=2, truncated=no, start-type=ATG, RBS-motif=AGGA
22:59:20.459 - INFO - CDS - seq=contig_1, start=292452, stop=293246, strand=-, frame=1, truncated=no, start-type=ATG, RBS-motif=GGAG/GAGG
22:59:20.459 - INFO - CDS - seq=contig_1, start=293269, stop=293916, strand=-, frame=3, truncated=no, start-type=ATG, RBS-motif=AGGAG/GGAGG
22:59:20.459 - INFO - CDS - seq=contig_1, start=294082, stop=295191, strand=-, frame=3, truncated=no, start-type=ATG, RBS-motif=None
22:59:20.460 - INFO - CDS - seq=contig_1, start=295671, stop=297833, strand=-, frame=1, truncated=no, start-type=ATG, RBS-motif=GGAGG
22:59:20.460 - INFO - CDS - seq=contig_1, start=297826, stop=298818, strand=-, frame=3, truncated=no, start-type=ATG, RBS-motif=GGxGG
22:59:20.460 - INFO - CDS - seq=contig_1, start=298823, stop=299758, strand=-, frame=2, truncated=no, start-type=ATG, RBS-motif=GGAGG
22:59:20.460 - INFO - CDS - seq=contig_1, start=300125, stop=300748, strand=+, frame=2, truncated=no, start-type=ATG, RBS-motif=GGAG/GAGG
22:59:20.460 - INFO - CDS - seq=contig_1, start=300856, stop=301404, strand=-, frame=3, truncated=no, start-type=ATG, RBS-motif=None
22:59:20.460 - INFO - CDS - seq=contig_1, start=301654, stop=303069, strand=+, frame=1, truncated=no, start-type=ATG, RBS-motif=GGA/GAG/AGG
22:59:20.460 - INFO - CDS - seq=contig_1, start=303256, stop=304722, strand=+, frame=1, truncated=no, start-type=GTG, RBS-motif=3Base/5BMM
22:59:20.460 - INFO - CDS - seq=contig_1, start=304719, stop=305459, strand=+, frame=3, truncated=no, start-type=ATG, RBS-motif=AGxAGG/AGGxGG
22:59:20.460 - INFO - CDS - seq=contig_1, start=305576, stop=306445, strand=-, frame=2, truncated=no, start-type=ATG, RBS-motif=AGGAGG
22:59:20.460 - INFO - CDS - seq=contig_1, start=306543, stop=307319, strand=-, frame=1, truncated=no, start-type=ATG, RBS-motif=AGGAG
22:59:20.460 - INFO - CDS - seq=contig_1, start=307309, stop=308874, strand=-, frame=3, truncated=no, start-type=ATG, RBS-motif=AGGAGG
22:59:20.460 - INFO - CDS - seq=contig_1, start=308864, stop=309337, strand=-, frame=2, truncated=no, start-type=ATG, RBS-motif=GGAGG
22:59:20.460 - INFO - CDS - seq=contig_1, start=309519, stop=309842, strand=-, frame=1, truncated=no, start-type=ATG, RBS-motif=GGAG/GAGG
22:59:20.460 - INFO - CDS - seq=contig_1, start=310000, stop=310338, strand=+, frame=1, truncated=no, start-type=ATG, RBS-motif=GGxGG
22:59:20.460 - INFO - CDS - seq=contig_1, start=310411, stop=311121, strand=+, frame=1, truncated=no, start-type=ATG, RBS-motif=AGxAGG/AGGxGG
22:59:20.460 - INFO - CDS - seq=contig_1, start=311304, stop=312575, strand=+, frame=3, truncated=no, start-type=ATG, RBS-motif=GGAGG
22:59:20.460 - INFO - CDS - seq=contig_1, start=312601, stop=312855, strand=+, frame=1, truncated=no, start-type=ATG, RBS-motif=AGxAGG/AGGxGG
22:59:20.460 - INFO - CDS - seq=contig_1, start=312927, stop=313673, strand=-, frame=1, truncated=no, start-type=ATG, RBS-motif=AGGAGG
22:59:20.460 - INFO - CDS - seq=contig_1, start=313677, stop=315284, strand=-, frame=1, truncated=no, start-type=ATG, RBS-motif=AGxAGG/AGGxGG
22:59:20.460 - INFO - CDS - seq=contig_1, start=315380, stop=315541, strand=-, frame=2, truncated=no, start-type=GTG, RBS-motif=GGAG/GAGG
22:59:20.460 - INFO - CDS - seq=contig_1, start=315987, stop=316862, strand=+, frame=3, truncated=no, start-type=ATG, RBS-motif=GGA/GAG/AGG
22:59:20.460 - INFO - CDS - seq=contig_1, start=316859, stop=317707, strand=+, frame=2, truncated=no, start-type=ATG, RBS-motif=AGGAGG
22:59:20.460 - INFO - CDS - seq=contig_1, start=317863, stop=318882, strand=-, frame=3, truncated=no, start-type=ATG, RBS-motif=AGGA/GGAG/GAGG
22:59:20.460 - INFO - CDS - seq=contig_1, start=318892, stop=319011, strand=-, frame=3, truncated=no, start-type=ATG, RBS-motif=AGGA/GGAG/GAGG
22:59:20.460 - INFO - CDS - seq=contig_1, start=319117, stop=320388, strand=+, frame=1, truncated=no, start-type=ATG, RBS-motif=AGGAGG
22:59:20.460 - INFO - CDS - seq=contig_1, start=320623, stop=321597, strand=+, frame=1, truncated=no, start-type=ATG, RBS-motif=AGGAGG
22:59:20.461 - INFO - CDS - seq=contig_1, start=321625, stop=322440, strand=+, frame=1, truncated=no, start-type=ATG, RBS-motif=GGAGG
22:59:20.461 - INFO - CDS - seq=contig_1, start=322458, stop=323369, strand=+, frame=3, truncated=no, start-type=ATG, RBS-motif=AGGAGG
22:59:20.461 - INFO - CDS - seq=contig_1, start=323631, stop=323996, strand=+, frame=3, truncated=no, start-type=ATG, RBS-motif=AGGA
22:59:20.461 - INFO - CDS - seq=contig_1, start=324122, stop=325051, strand=-, frame=2, truncated=no, start-type=ATG, RBS-motif=AGGAGG
22:59:20.461 - INFO - CDS - seq=contig_1, start=325112, stop=326305, strand=-, frame=2, truncated=no, start-type=ATG, RBS-motif=GGAGG
22:59:20.461 - INFO - CDS - seq=contig_1, start=326583, stop=328004, strand=-, frame=1, truncated=no, start-type=ATG, RBS-motif=AGxAGG/AGGxGG
22:59:20.461 - INFO - CDS - seq=contig_1, start=328265, stop=328888, strand=-, frame=2, truncated=no, start-type=ATG, RBS-motif=AGGAG
22:59:20.461 - INFO - CDS - seq=contig_1, start=329321, stop=329842, strand=-, frame=2, truncated=no, start-type=TTG, RBS-motif=None
22:59:20.461 - INFO - CDS - seq=contig_1, start=329839, stop=330303, strand=-, frame=3, truncated=no, start-type=GTG, RBS-motif=AGGAG/GGAGG
22:59:20.461 - INFO - CDS - seq=contig_1, start=330441, stop=330992, strand=+, frame=3, truncated=no, start-type=ATG, RBS-motif=AGGAG
22:59:20.461 - INFO - CDS - seq=contig_1, start=331136, stop=331465, strand=-, frame=2, truncated=no, start-type=ATG, RBS-motif=AGGAG
22:59:20.461 - INFO - CDS - seq=contig_1, start=331465, stop=331797, strand=-, frame=3, truncated=no, start-type=ATG, RBS-motif=AGGAG
22:59:20.461 - INFO - CDS - seq=contig_1, start=331914, stop=332624, strand=+, frame=3, truncated=no, start-type=ATG, RBS-motif=GGAGG
22:59:20.461 - INFO - CDS - seq=contig_1, start=332793, stop=334151, strand=+, frame=3, truncated=no, start-type=ATG, RBS-motif=AGGAG
22:59:20.461 - INFO - CDS - seq=contig_1, start=334207, stop=334626, strand=+, frame=1, truncated=no, start-type=TTG, RBS-motif=AGxAGG/AGGxGG
22:59:20.461 - INFO - CDS - seq=contig_1, start=334639, stop=335739, strand=+, frame=1, truncated=no, start-type=ATG, RBS-motif=AGGA
22:59:20.461 - INFO - CDS - seq=contig_1, start=336092, stop=337474, strand=-, frame=2, truncated=no, start-type=ATG, RBS-motif=GGAG/GAGG
22:59:20.461 - INFO - CDS - seq=contig_1, start=337467, stop=338687, strand=-, frame=1, truncated=no, start-type=ATG, RBS-motif=AGGAGG
22:59:20.461 - INFO - CDS - seq=contig_1, start=338740, stop=340188, strand=-, frame=3, truncated=no, start-type=ATG, RBS-motif=AGGAG
22:59:20.461 - INFO - CDS - seq=contig_1, start=340289, stop=340963, strand=-, frame=2, truncated=no, start-type=ATG, RBS-motif=GGAGG
22:59:20.461 - INFO - CDS - seq=contig_1, start=341542, stop=342255, strand=+, frame=1, truncated=no, start-type=ATG, RBS-motif=AGGAGG
22:59:20.461 - INFO - CDS - seq=contig_1, start=342271, stop=344181, strand=+, frame=1, truncated=no, start-type=TTG, RBS-motif=AGGAG
22:59:20.461 - INFO - CDS - seq=contig_1, start=344171, stop=345598, strand=+, frame=2, truncated=no, start-type=ATG, RBS-motif=AGGAG/GGAGG
22:59:20.461 - INFO - CDS - seq=contig_1, start=345653, stop=346450, strand=+, frame=2, truncated=no, start-type=GTG, RBS-motif=GGAGG
22:59:20.462 - INFO - CDS - seq=contig_1, start=346529, stop=347338, strand=+, frame=2, truncated=no, start-type=GTG, RBS-motif=GGAG/GAGG
22:59:20.462 - INFO - CDS - seq=contig_1, start=347847, stop=349175, strand=+, frame=3, truncated=no, start-type=ATG, RBS-motif=AGGAGG
22:59:20.462 - INFO - CDS - seq=contig_1, start=349787, stop=350191, strand=+, frame=2, truncated=no, start-type=ATG, RBS-motif=GGAG/GAGG
22:59:20.462 - INFO - CDS - seq=contig_1, start=350351, stop=350788, strand=+, frame=2, truncated=no, start-type=ATG, RBS-motif=AGGA/GGAG/GAGG
22:59:20.462 - INFO - CDS - seq=contig_1, start=351155, stop=353002, strand=+, frame=2, truncated=no, start-type=ATG, RBS-motif=GGAG/GAGG
22:59:20.462 - INFO - CDS - seq=contig_1, start=353163, stop=354335, strand=-, frame=1, truncated=no, start-type=ATG, RBS-motif=GGAGG
22:59:20.462 - INFO - CDS - seq=contig_1, start=355124, stop=356734, strand=+, frame=2, truncated=no, start-type=ATG, RBS-motif=GGAG/GAGG
22:59:20.462 - INFO - CDS - seq=contig_1, start=356759, stop=358102, strand=+, frame=2, truncated=no, start-type=ATG, RBS-motif=AGxAGG/AGGxGG
22:59:20.462 - INFO - CDS - seq=contig_1, start=358226, stop=359056, strand=-, frame=2, truncated=no, start-type=ATG, RBS-motif=AGGAGG
22:59:20.462 - INFO - CDS - seq=contig_1, start=359432, stop=360532, strand=-, frame=2, truncated=no, start-type=ATG, RBS-motif=GGAG/GAGG
22:59:20.462 - INFO - CDS - seq=contig_1, start=360830, stop=361309, strand=+, frame=2, truncated=no, start-type=ATG, RBS-motif=AGGA/GGAG/GAGG
22:59:20.462 - INFO - CDS - seq=contig_1, start=361501, stop=361962, strand=+, frame=1, truncated=no, start-type=TTG, RBS-motif=AGGAG
22:59:20.462 - INFO - CDS - seq=contig_1, start=362049, stop=362504, strand=+, frame=3, truncated=no, start-type=ATG, RBS-motif=GGAG/GAGG
22:59:20.462 - INFO - CDS - seq=contig_1, start=362595, stop=363116, strand=+, frame=3, truncated=no, start-type=ATG, RBS-motif=GGAG/GAGG
22:59:20.462 - INFO - CDS - seq=contig_1, start=363113, stop=363868, strand=+, frame=2, truncated=no, start-type=GTG, RBS-motif=AGGA
22:59:20.462 - INFO - CDS - seq=contig_1, start=363851, stop=364888, strand=-, frame=2, truncated=no, start-type=ATG, RBS-motif=GGAG/GAGG
22:59:20.462 - INFO - CDS - seq=contig_1, start=365119, stop=365640, strand=+, frame=1, truncated=no, start-type=TTG, RBS-motif=AGGAG
22:59:20.462 - INFO - CDS - seq=contig_1, start=365651, stop=366151, strand=+, frame=2, truncated=no, start-type=ATG, RBS-motif=GGAG/GAGG
22:59:20.462 - INFO - CDS - seq=contig_1, start=366188, stop=366919, strand=+, frame=2, truncated=no, start-type=ATG, RBS-motif=GGAGG
22:59:20.462 - INFO - CDS - seq=contig_1, start=367009, stop=367368, strand=+, frame=1, truncated=no, start-type=ATG, RBS-motif=AGxAGG/AGGxGG
22:59:20.462 - INFO - CDS - seq=contig_1, start=367419, stop=368039, strand=+, frame=3, truncated=no, start-type=ATG, RBS-motif=GGAGG
22:59:20.462 - INFO - CDS - seq=contig_1, start=368182, stop=368436, strand=+, frame=1, truncated=no, start-type=ATG, RBS-motif=GGxGG
22:59:20.462 - INFO - CDS - seq=contig_1, start=368607, stop=368927, strand=+, frame=3, truncated=no, start-type=ATG, RBS-motif=AGGAGG
22:59:20.462 - INFO - CDS - seq=contig_1, start=369007, stop=369756, strand=+, frame=1, truncated=no, start-type=ATG, RBS-motif=GGAG/GAGG
22:59:20.462 - INFO - CDS - seq=contig_1, start=370336, stop=371268, strand=-, frame=3, truncated=no, start-type=ATG, RBS-motif=GGA/GAG/AGG
22:59:20.462 - INFO - CDS - seq=contig_1, start=371371, stop=372438, strand=+, frame=1, truncated=no, start-type=GTG, RBS-motif=GGAGG
22:59:20.463 - INFO - CDS - seq=contig_1, start=372765, stop=373601, strand=+, frame=3, truncated=no, start-type=ATG, RBS-motif=GGAGG
22:59:20.463 - INFO - CDS - seq=contig_1, start=373594, stop=374430, strand=+, frame=1, truncated=no, start-type=ATG, RBS-motif=AGGAGG
22:59:20.463 - INFO - CDS - seq=contig_1, start=374497, stop=374982, strand=+, frame=1, truncated=no, start-type=ATG, RBS-motif=AGGA
22:59:20.463 - INFO - CDS - seq=contig_1, start=374979, stop=375911, strand=+, frame=3, truncated=no, start-type=ATG, RBS-motif=GGA/GAG/AGG
22:59:20.463 - INFO - CDS - seq=contig_1, start=375856, stop=376755, strand=+, frame=1, truncated=no, start-type=ATG, RBS-motif=None
22:59:20.463 - INFO - CDS - seq=contig_1, start=376742, stop=377764, strand=+, frame=2, truncated=no, start-type=ATG, RBS-motif=GGAGG
22:59:20.463 - INFO - CDS - seq=contig_1, start=377752, stop=378819, strand=+, frame=1, truncated=no, start-type=ATG, RBS-motif=AGxAGG/AGGxGG
22:59:20.463 - INFO - CDS - seq=contig_1, start=378809, stop=379594, strand=+, frame=2, truncated=no, start-type=ATG, RBS-motif=GGAG/GAGG
22:59:20.463 - INFO - CDS - seq=contig_1, start=380008, stop=385323, strand=-, frame=3, truncated=no, start-type=ATG, RBS-motif=AGGAGG
22:59:20.463 - INFO - CDS - seq=contig_1, start=385720, stop=386451, strand=+, frame=1, truncated=no, start-type=ATG, RBS-motif=None
22:59:20.463 - INFO - CDS - seq=contig_1, start=386545, stop=387105, strand=+, frame=1, truncated=no, start-type=ATG, RBS-motif=AGGA
22:59:20.463 - INFO - CDS - seq=contig_1, start=387139, stop=388575, strand=+, frame=1, truncated=no, start-type=ATG, RBS-motif=AGxAGG/AGGxGG
22:59:20.463 - INFO - CDS - seq=contig_1, start=388832, stop=389950, strand=+, frame=2, truncated=no, start-type=GTG, RBS-motif=AGGAG
22:59:20.463 - INFO - CDS - seq=contig_1, start=389940, stop=390872, strand=+, frame=3, truncated=no, start-type=ATG, RBS-motif=GGAGG
22:59:20.463 - INFO - CDS - seq=contig_1, start=390869, stop=391684, strand=+, frame=2, truncated=no, start-type=ATG, RBS-motif=GGA/GAG/AGG
22:59:20.463 - INFO - CDS - seq=contig_1, start=391681, stop=393057, strand=+, frame=1, truncated=no, start-type=GTG, RBS-motif=AGxAGG/AGGxGG
22:59:20.463 - INFO - CDS - seq=contig_1, start=393224, stop=393646, strand=+, frame=2, truncated=no, start-type=ATG, RBS-motif=GGAGG
22:59:20.463 - INFO - CDS - seq=contig_1, start=393688, stop=394386, strand=+, frame=1, truncated=no, start-type=ATG, RBS-motif=GGAGG
22:59:20.463 - INFO - CDS - seq=contig_1, start=394471, stop=395001, strand=-, frame=3, truncated=no, start-type=ATG, RBS-motif=None
22:59:20.463 - INFO - CDS - seq=contig_1, start=394991, stop=396235, strand=-, frame=2, truncated=no, start-type=ATG, RBS-motif=AGGAGG
22:59:20.463 - INFO - CDS - seq=contig_1, start=396635, stop=397192, strand=+, frame=2, truncated=no, start-type=ATG, RBS-motif=AGGAGG
22:59:20.463 - INFO - CDS - seq=contig_1, start=397215, stop=397433, strand=+, frame=3, truncated=no, start-type=ATG, RBS-motif=AGxAGG/AGGxGG
22:59:20.463 - INFO - CDS - seq=contig_1, start=397652, stop=397969, strand=-, frame=2, truncated=no, start-type=ATG, RBS-motif=AGxAGG/AGGxGG
22:59:20.463 - INFO - CDS - seq=contig_1, start=398039, stop=398356, strand=-, frame=2, truncated=no, start-type=ATG, RBS-motif=AGxAGG/AGGxGG
22:59:20.463 - INFO - CDS - seq=contig_1, start=398570, stop=399073, strand=-, frame=2, truncated=no, start-type=ATG, RBS-motif=GGAG/GAGG
22:59:20.463 - INFO - CDS - seq=contig_1, start=399187, stop=399690, strand=+, frame=1, truncated=no, start-type=ATG, RBS-motif=AGGAGG
22:59:20.464 - INFO - CDS - seq=contig_1, start=399931, stop=401505, strand=-, frame=3, truncated=no, start-type=ATG, RBS-motif=AGGAGG
22:59:20.464 - INFO - CDS - seq=contig_1, start=401498, stop=402070, strand=-, frame=2, truncated=no, start-type=ATG, RBS-motif=GGAGG
22:59:20.464 - INFO - CDS - seq=contig_1, start=402434, stop=402931, strand=+, frame=2, truncated=no, start-type=ATG, RBS-motif=GGxGG
22:59:20.464 - INFO - CDS - seq=contig_1, start=403000, stop=404034, strand=-, frame=3, truncated=no, start-type=ATG, RBS-motif=AGGAG
22:59:20.464 - INFO - CDS - seq=contig_1, start=404284, stop=405486, strand=-, frame=3, truncated=no, start-type=ATG, RBS-motif=AGGA/GGAG/GAGG
22:59:20.464 - INFO - CDS - seq=contig_1, start=405839, stop=407422, strand=+, frame=2, truncated=no, start-type=TTG, RBS-motif=AGGAG
22:59:20.464 - INFO - CDS - seq=contig_1, start=407423, stop=408142, strand=+, frame=2, truncated=no, start-type=ATG, RBS-motif=GGAGG
22:59:20.464 - INFO - CDS - seq=contig_1, start=408256, stop=409596, strand=+, frame=1, truncated=no, start-type=ATG, RBS-motif=GGAGG
22:59:20.464 - INFO - CDS - seq=contig_1, start=409694, stop=410656, strand=+, frame=2, truncated=no, start-type=ATG, RBS-motif=AGGAGG
22:59:20.464 - INFO - CDS - seq=contig_1, start=410716, stop=411615, strand=+, frame=1, truncated=no, start-type=ATG, RBS-motif=AGGAG
22:59:20.464 - INFO - CDS - seq=contig_1, start=411739, stop=414126, strand=-, frame=3, truncated=no, start-type=ATG, RBS-motif=AGGAG
22:59:20.464 - INFO - CDS - seq=contig_1, start=414387, stop=415148, strand=-, frame=1, truncated=no, start-type=ATG, RBS-motif=AGxAGG/AGGxGG
22:59:20.464 - INFO - CDS - seq=contig_1, start=415370, stop=416461, strand=+, frame=2, truncated=no, start-type=ATG, RBS-motif=GGAGG
22:59:20.464 - INFO - CDS - seq=contig_1, start=416518, stop=416943, strand=+, frame=1, truncated=no, start-type=ATG, RBS-motif=AGxAG
22:59:20.464 - INFO - CDS - seq=contig_1, start=416963, stop=417439, strand=+, frame=2, truncated=no, start-type=ATG, RBS-motif=AGxAGG/AGGxGG
22:59:20.464 - INFO - CDS - seq=contig_1, start=417458, stop=418219, strand=+, frame=2, truncated=no, start-type=ATG, RBS-motif=GGAGG
22:59:20.464 - INFO - CDS - seq=contig_1, start=418216, stop=419094, strand=+, frame=1, truncated=no, start-type=ATG, RBS-motif=GGAG/GAGG
22:59:20.464 - INFO - CDS - seq=contig_1, start=419125, stop=419784, strand=+, frame=1, truncated=no, start-type=ATG, RBS-motif=GGAGG
22:59:20.464 - INFO - CDS - seq=contig_1, start=419932, stop=420777, strand=+, frame=1, truncated=no, start-type=TTG, RBS-motif=GGA/GAG/AGG
22:59:20.464 - INFO - CDS - seq=contig_1, start=420796, stop=421848, strand=+, frame=1, truncated=no, start-type=ATG, RBS-motif=AGGAGG
22:59:20.464 - INFO - CDS - seq=contig_1, start=421982, stop=422671, strand=+, frame=2, truncated=no, start-type=ATG, RBS-motif=AGGA
22:59:20.464 - INFO - CDS - seq=contig_1, start=423099, stop=424169, strand=+, frame=3, truncated=no, start-type=ATG, RBS-motif=AGGAGG
22:59:20.464 - INFO - CDS - seq=contig_1, start=424307, stop=424765, strand=+, frame=2, truncated=no, start-type=ATG, RBS-motif=GGAG/GAGG
22:59:20.465 - INFO - CDS - seq=contig_1, start=424785, stop=426305, strand=+, frame=3, truncated=no, start-type=ATG, RBS-motif=GGA/GAG/AGG
22:59:20.465 - INFO - CDS - seq=contig_1, start=426335, stop=426628, strand=+, frame=2, truncated=no, start-type=ATG, RBS-motif=AGGAGG
22:59:20.465 - INFO - CDS - seq=contig_1, start=426745, stop=427386, strand=+, frame=1, truncated=no, start-type=TTG, RBS-motif=AGGAGG
22:59:20.465 - INFO - CDS - seq=contig_1, start=427422, stop=428195, strand=+, frame=3, truncated=no, start-type=GTG, RBS-motif=GGAG/GAGG
22:59:20.465 - INFO - CDS - seq=contig_1, start=428386, stop=429255, strand=+, frame=1, truncated=no, start-type=TTG, RBS-motif=AGGAGG
22:59:20.465 - INFO - CDS - seq=contig_1, start=429349, stop=430170, strand=-, frame=3, truncated=no, start-type=ATG, RBS-motif=AGGA
22:59:20.465 - INFO - CDS - seq=contig_1, start=430370, stop=431098, strand=+, frame=2, truncated=no, start-type=ATG, RBS-motif=AGGAG
22:59:20.465 - INFO - CDS - seq=contig_1, start=431350, stop=432150, strand=+, frame=1, truncated=no, start-type=ATG, RBS-motif=GGAG/GAGG
22:59:20.465 - INFO - CDS - seq=contig_1, start=432177, stop=434045, strand=+, frame=3, truncated=no, start-type=TTG, RBS-motif=GGAGG
22:59:20.465 - INFO - CDS - seq=contig_1, start=434046, stop=434555, strand=+, frame=3, truncated=no, start-type=ATG, RBS-motif=GGAGG
22:59:20.465 - INFO - CDS - seq=contig_1, start=434573, stop=435142, strand=+, frame=2, truncated=no, start-type=ATG, RBS-motif=AGGAG
22:59:20.465 - INFO - CDS - seq=contig_1, start=435284, stop=436402, strand=+, frame=2, truncated=no, start-type=ATG, RBS-motif=AGGAGG
22:59:20.465 - INFO - CDS - seq=contig_1, start=436429, stop=436809, strand=+, frame=1, truncated=no, start-type=GTG, RBS-motif=GGAG/GAGG
22:59:20.465 - INFO - CDS - seq=contig_1, start=436938, stop=437609, strand=+, frame=3, truncated=no, start-type=ATG, RBS-motif=AGxAGG/AGGxGG
22:59:20.465 - INFO - CDS - seq=contig_1, start=437834, stop=438469, strand=-, frame=2, truncated=no, start-type=ATG, RBS-motif=AGGA/GGAG/GAGG
22:59:20.465 - INFO - CDS - seq=contig_1, start=438453, stop=439190, strand=-, frame=1, truncated=no, start-type=ATG, RBS-motif=AGGA
22:59:20.465 - INFO - CDS - seq=contig_1, start=439183, stop=439650, strand=-, frame=3, truncated=no, start-type=ATG, RBS-motif=GGAGG
22:59:20.465 - INFO - CDS - seq=contig_1, start=440175, stop=442046, strand=+, frame=3, truncated=no, start-type=ATG, RBS-motif=AGGAG/GGAGG
22:59:20.465 - INFO - CDS - seq=contig_1, start=442021, stop=442377, strand=+, frame=1, truncated=no, start-type=ATG, RBS-motif=AGGA
22:59:20.465 - INFO - CDS - seq=contig_1, start=442557, stop=442916, strand=+, frame=3, truncated=no, start-type=ATG, RBS-motif=AGGAGG
22:59:20.465 - INFO - CDS - seq=contig_1, start=442929, stop=443297, strand=+, frame=3, truncated=no, start-type=ATG, RBS-motif=AGGAG
22:59:20.465 - INFO - CDS - seq=contig_1, start=443299, stop=444078, strand=+, frame=1, truncated=no, start-type=TTG, RBS-motif=AGGA/GGAG/GAGG
22:59:20.465 - INFO - CDS - seq=contig_1, start=444091, stop=444789, strand=+, frame=1, truncated=no, start-type=ATG, RBS-motif=GGAG/GAGG
22:59:20.465 - INFO - CDS - seq=contig_1, start=444956, stop=446077, strand=+, frame=2, truncated=no, start-type=GTG, RBS-motif=GGA/GAG/AGG
22:59:20.465 - INFO - CDS - seq=contig_1, start=446074, stop=447174, strand=+, frame=1, truncated=no, start-type=ATG, RBS-motif=GGAGG
22:59:20.465 - INFO - CDS - seq=contig_1, start=447189, stop=447953, strand=+, frame=3, truncated=no, start-type=ATG, RBS-motif=AGGA
22:59:20.465 - INFO - CDS - seq=contig_1, start=448116, stop=450185, strand=-, frame=1, truncated=no, start-type=ATG, RBS-motif=GGAG/GAGG
22:59:20.466 - INFO - CDS - seq=contig_1, start=450303, stop=450935, strand=-, frame=1, truncated=no, start-type=TTG, RBS-motif=AGGAGG
22:59:20.466 - INFO - CDS - seq=contig_1, start=451069, stop=451968, strand=-, frame=3, truncated=no, start-type=ATG, RBS-motif=AGGA
22:59:20.466 - INFO - CDS - seq=contig_1, start=452006, stop=453265, strand=-, frame=2, truncated=no, start-type=ATG, RBS-motif=GGxGG
22:59:20.466 - INFO - CDS - seq=contig_1, start=453298, stop=453594, strand=-, frame=3, truncated=no, start-type=ATG, RBS-motif=AGGAG
22:59:20.466 - INFO - CDS - seq=contig_1, start=453611, stop=454066, strand=-, frame=2, truncated=no, start-type=ATG, RBS-motif=AGxAGG/AGGxGG
22:59:20.466 - INFO - CDS - seq=contig_1, start=454346, stop=454951, strand=+, frame=2, truncated=no, start-type=ATG, RBS-motif=GGAG/GAGG
22:59:20.466 - INFO - CDS - seq=contig_1, start=455163, stop=456890, strand=-, frame=1, truncated=no, start-type=ATG, RBS-motif=AGGAGG
22:59:20.466 - INFO - CDS - seq=contig_1, start=457048, stop=458049, strand=+, frame=1, truncated=no, start-type=ATG, RBS-motif=AGGAGG
22:59:20.466 - INFO - CDS - seq=contig_1, start=458036, stop=459259, strand=+, frame=2, truncated=no, start-type=ATG, RBS-motif=GGAGG
22:59:20.466 - INFO - CDS - seq=contig_1, start=459262, stop=460242, strand=+, frame=1, truncated=no, start-type=ATG, RBS-motif=GGAG/GAGG
22:59:20.466 - INFO - CDS - seq=contig_1, start=460558, stop=462663, strand=+, frame=1, truncated=no, start-type=ATG, RBS-motif=GGAG/GAGG
22:59:20.466 - INFO - CDS - seq=contig_1, start=462641, stop=463123, strand=+, frame=2, truncated=no, start-type=ATG, RBS-motif=GGAG/GAGG
22:59:20.466 - INFO - CDS - seq=contig_1, start=463142, stop=463579, strand=+, frame=2, truncated=no, start-type=ATG, RBS-motif=GGxGG
22:59:20.466 - INFO - CDS - seq=contig_1, start=463591, stop=463896, strand=+, frame=1, truncated=no, start-type=ATG, RBS-motif=AGGAGG
22:59:20.466 - INFO - CDS - seq=contig_1, start=463925, stop=465196, strand=+, frame=2, truncated=no, start-type=ATG, RBS-motif=GGxGG
22:59:20.466 - INFO - CDS - seq=contig_1, start=465247, stop=466284, strand=+, frame=1, truncated=no, start-type=ATG, RBS-motif=GGAG/GAGG
22:59:20.466 - INFO - CDS - seq=contig_1, start=466335, stop=467063, strand=+, frame=3, truncated=no, start-type=ATG, RBS-motif=AGGAG
22:59:20.466 - INFO - CDS - seq=contig_1, start=467402, stop=468535, strand=+, frame=2, truncated=no, start-type=GTG, RBS-motif=AGxAGG/AGGxGG
22:59:20.466 - INFO - CDS - seq=contig_1, start=468882, stop=470366, strand=+, frame=3, truncated=no, start-type=GTG, RBS-motif=AGGAGG
22:59:20.466 - INFO - CDS - seq=contig_1, start=470344, stop=470757, strand=+, frame=1, truncated=no, start-type=ATG, RBS-motif=AGGAG
22:59:20.466 - INFO - CDS - seq=contig_1, start=470763, stop=471242, strand=+, frame=3, truncated=no, start-type=ATG, RBS-motif=GGAG/GAGG
22:59:20.466 - INFO - CDS - seq=contig_1, start=471355, stop=472692, strand=+, frame=1, truncated=no, start-type=ATG, RBS-motif=AGGAGG
22:59:20.466 - INFO - CDS - seq=contig_1, start=472769, stop=473071, strand=+, frame=2, truncated=no, start-type=ATG, RBS-motif=AGGAG
22:59:20.466 - INFO - CDS - seq=contig_1, start=473071, stop=473934, strand=+, frame=1, truncated=no, start-type=ATG, RBS-motif=AGGAG
22:59:20.467 - INFO - CDS - seq=contig_1, start=473968, stop=474660, strand=+, frame=1, truncated=no, start-type=ATG, RBS-motif=GGA/GAG/AGG
22:59:20.467 - INFO - CDS - seq=contig_1, start=474657, stop=475178, strand=+, frame=3, truncated=no, start-type=ATG, RBS-motif=AGGAGG
22:59:20.467 - INFO - CDS - seq=contig_1, start=476127, stop=476381, strand=+, frame=3, truncated=no, start-type=ATG, RBS-motif=GGAG/GAGG
22:59:20.467 - INFO - CDS - seq=contig_1, start=476386, stop=476586, strand=+, frame=1, truncated=no, start-type=ATG, RBS-motif=AGGAGG
22:59:20.467 - INFO - CDS - seq=contig_1, start=477102, stop=477587, strand=+, frame=3, truncated=no, start-type=ATG, RBS-motif=AGxAGG/AGGxGG
22:59:20.467 - INFO - CDS - seq=contig_1, start=477661, stop=478410, strand=+, frame=1, truncated=no, start-type=TTG, RBS-motif=AGxAGG/AGGxGG
22:59:20.467 - INFO - CDS - seq=contig_1, start=478555, stop=480042, strand=-, frame=3, truncated=no, start-type=ATG, RBS-motif=AGGAG
22:59:20.467 - INFO - CDS - seq=contig_1, start=480198, stop=480710, strand=+, frame=3, truncated=no, start-type=ATG, RBS-motif=GGA/GAG/AGG
22:59:20.467 - INFO - CDS - seq=contig_1, start=480753, stop=481379, strand=+, frame=3, truncated=no, start-type=ATG, RBS-motif=GGAGG
22:59:20.467 - INFO - CDS - seq=contig_1, start=481385, stop=481756, strand=+, frame=2, truncated=no, start-type=ATG, RBS-motif=None
22:59:20.467 - INFO - CDS - seq=contig_1, start=481831, stop=484965, strand=+, frame=1, truncated=no, start-type=ATG, RBS-motif=AGGAG
22:59:20.467 - INFO - CDS - seq=contig_1, start=485165, stop=485365, strand=+, frame=2, truncated=no, start-type=ATG, RBS-motif=AGGA
22:59:20.467 - INFO - CDS - seq=contig_1, start=485707, stop=488796, strand=+, frame=1, truncated=no, start-type=ATG, RBS-motif=AGxAGG/AGGxGG
22:59:20.467 - INFO - CDS - seq=contig_1, start=489053, stop=490657, strand=+, frame=2, truncated=no, start-type=ATG, RBS-motif=GGAG/GAGG
22:59:20.467 - INFO - CDS - seq=contig_1, start=490720, stop=492105, strand=+, frame=1, truncated=no, start-type=ATG, RBS-motif=AGxAGG/AGGxGG
22:59:20.467 - INFO - CDS - seq=contig_1, start=492389, stop=493090, strand=+, frame=2, truncated=no, start-type=TTG, RBS-motif=AGGAGG
22:59:20.467 - INFO - CDS - seq=contig_1, start=493106, stop=494497, strand=+, frame=2, truncated=no, start-type=TTG, RBS-motif=GGAG/GAGG
22:59:20.467 - INFO - CDS - seq=contig_1, start=494707, stop=495363, strand=+, frame=1, truncated=no, start-type=ATG, RBS-motif=AGxAGG/AGGxGG
22:59:20.467 - INFO - CDS - seq=contig_1, start=495353, stop=496024, strand=+, frame=2, truncated=no, start-type=ATG, RBS-motif=GGxGG
22:59:20.467 - INFO - CDS - seq=contig_1, start=496026, stop=496967, strand=+, frame=3, truncated=no, start-type=ATG, RBS-motif=GGAGG
22:59:20.467 - INFO - CDS - seq=contig_1, start=496979, stop=498943, strand=+, frame=2, truncated=no, start-type=ATG, RBS-motif=AGxAG
22:59:20.467 - INFO - CDS - seq=contig_1, start=499101, stop=499790, strand=+, frame=3, truncated=no, start-type=ATG, RBS-motif=AGGA
22:59:20.467 - INFO - CDS - seq=contig_1, start=499859, stop=500503, strand=+, frame=2, truncated=no, start-type=ATG, RBS-motif=GGAG/GAGG
22:59:20.467 - INFO - CDS - seq=contig_1, start=501117, stop=501869, strand=-, frame=1, truncated=no, start-type=TTG, RBS-motif=GGAGG
22:59:20.467 - INFO - CDS - seq=contig_1, start=502330, stop=504012, strand=-, frame=3, truncated=no, start-type=ATG, RBS-motif=AGGAGG
22:59:20.468 - INFO - CDS - seq=contig_1, start=504519, stop=505367, strand=+, frame=3, truncated=no, start-type=ATG, RBS-motif=AGGAG
22:59:20.468 - INFO - CDS - seq=contig_1, start=505623, stop=506420, strand=-, frame=1, truncated=no, start-type=GTG, RBS-motif=GGAGG
22:59:20.468 - INFO - CDS - seq=contig_1, start=506626, stop=507105, strand=+, frame=1, truncated=no, start-type=ATG, RBS-motif=GGAG/GAGG
22:59:20.468 - INFO - CDS - seq=contig_1, start=507137, stop=507457, strand=+, frame=2, truncated=no, start-type=ATG, RBS-motif=AGGAG
22:59:20.468 - INFO - CDS - seq=contig_1, start=507489, stop=509081, strand=+, frame=3, truncated=no, start-type=GTG, RBS-motif=AGGAGG
22:59:20.468 - INFO - CDS - seq=contig_1, start=509050, stop=509310, strand=+, frame=1, truncated=no, start-type=ATG, RBS-motif=None
22:59:20.468 - INFO - CDS - seq=contig_1, start=509307, stop=510035, strand=+, frame=3, truncated=no, start-type=ATG, RBS-motif=AGGA
22:59:20.468 - INFO - CDS - seq=contig_1, start=510468, stop=511193, strand=-, frame=1, truncated=no, start-type=TTG, RBS-motif=GGAG/GAGG
22:59:20.468 - INFO - CDS - seq=contig_1, start=511419, stop=512744, strand=+, frame=3, truncated=no, start-type=ATG, RBS-motif=GGxGG
22:59:20.468 - INFO - CDS - seq=contig_1, start=512793, stop=515432, strand=+, frame=3, truncated=no, start-type=ATG, RBS-motif=AGxAG
22:59:20.468 - INFO - CDS - seq=contig_1, start=515429, stop=516724, strand=+, frame=2, truncated=no, start-type=ATG, RBS-motif=AGGAG
22:59:20.468 - INFO - CDS - seq=contig_1, start=516721, stop=517596, strand=+, frame=1, truncated=no, start-type=GTG, RBS-motif=AGGA
22:59:20.468 - INFO - CDS - seq=contig_1, start=517671, stop=519101, strand=+, frame=3, truncated=no, start-type=ATG, RBS-motif=GGA/GAG/AGG
22:59:20.468 - INFO - CDS - seq=contig_1, start=519094, stop=519408, strand=+, frame=1, truncated=no, start-type=ATG, RBS-motif=GGAG/GAGG
22:59:20.468 - INFO - CDS - seq=contig_1, start=519492, stop=519809, strand=+, frame=3, truncated=no, start-type=ATG, RBS-motif=AGxAGG/AGGxGG
22:59:20.468 - INFO - CDS - seq=contig_1, start=519985, stop=520809, strand=-, frame=3, truncated=no, start-type=ATG, RBS-motif=AGGAGG
22:59:20.468 - INFO - CDS - seq=contig_1, start=520784, stop=521590, strand=-, frame=2, truncated=no, start-type=ATG, RBS-motif=AGGAG
22:59:20.468 - INFO - CDS - seq=contig_1, start=521808, stop=522746, strand=-, frame=1, truncated=no, start-type=GTG, RBS-motif=None
22:59:20.468 - INFO - CDS - seq=contig_1, start=522965, stop=524209, strand=+, frame=2, truncated=no, start-type=ATG, RBS-motif=GGAG/GAGG
22:59:20.468 - INFO - CDS - seq=contig_1, start=524270, stop=525007, strand=+, frame=2, truncated=no, start-type=ATG, RBS-motif=AGGAG
22:59:20.468 - INFO - CDS - seq=contig_1, start=525751, stop=527265, strand=+, frame=1, truncated=no, start-type=ATG, RBS-motif=AGxAGG/AGGxGG
22:59:20.468 - INFO - CDS - seq=contig_1, start=527370, stop=528122, strand=-, frame=1, truncated=no, start-type=ATG, RBS-motif=AGGAGG
22:59:20.468 - INFO - CDS - seq=contig_1, start=528248, stop=529177, strand=+, frame=2, truncated=no, start-type=TTG, RBS-motif=AGGAG
22:59:20.468 - INFO - CDS - seq=contig_1, start=529181, stop=531163, strand=+, frame=2, truncated=no, start-type=ATG, RBS-motif=GGAGG
22:59:20.468 - INFO - CDS - seq=contig_1, start=531745, stop=532218, strand=+, frame=1, truncated=no, start-type=ATG, RBS-motif=GGxGG
22:59:20.469 - INFO - CDS - seq=contig_1, start=532374, stop=533072, strand=-, frame=1, truncated=no, start-type=ATG, RBS-motif=GGAG/GAGG
22:59:20.469 - INFO - CDS - seq=contig_1, start=533473, stop=534666, strand=+, frame=1, truncated=no, start-type=ATG, RBS-motif=AGGAG
22:59:20.469 - INFO - CDS - seq=contig_1, start=534971, stop=536173, strand=-, frame=2, truncated=no, start-type=ATG, RBS-motif=AGxAGG/AGGxGG
22:59:20.469 - INFO - CDS - seq=contig_1, start=536423, stop=537325, strand=+, frame=2, truncated=no, start-type=ATG, RBS-motif=AGGAGG
22:59:20.469 - INFO - CDS - seq=contig_1, start=537331, stop=537813, strand=-, frame=3, truncated=no, start-type=ATG, RBS-motif=GGAG/GAGG
22:59:20.469 - INFO - CDS - seq=contig_1, start=537910, stop=538722, strand=+, frame=1, truncated=no, start-type=ATG, RBS-motif=GGAG/GAGG
22:59:20.469 - INFO - CDS - seq=contig_1, start=538767, stop=539453, strand=+, frame=3, truncated=no, start-type=ATG, RBS-motif=GGAG/GAGG
22:59:20.469 - INFO - CDS - seq=contig_1, start=539459, stop=540136, strand=-, frame=2, truncated=no, start-type=ATG, RBS-motif=GGAG/GAGG
22:59:20.469 - INFO - CDS - seq=contig_1, start=540425, stop=540688, strand=-, frame=2, truncated=no, start-type=ATG, RBS-motif=GGAG/GAGG
22:59:20.469 - INFO - CDS - seq=contig_1, start=540996, stop=541340, strand=+, frame=3, truncated=no, start-type=ATG, RBS-motif=AGGA/GGAG/GAGG
22:59:20.469 - INFO - CDS - seq=contig_1, start=541403, stop=542215, strand=+, frame=2, truncated=no, start-type=ATG, RBS-motif=AGGA
22:59:20.469 - INFO - CDS - seq=contig_1, start=542517, stop=543521, strand=+, frame=3, truncated=no, start-type=ATG, RBS-motif=AGxAGG/AGGxGG
22:59:20.469 - INFO - CDS - seq=contig_1, start=543585, stop=546113, strand=-, frame=1, truncated=no, start-type=ATG, RBS-motif=AGGAG
22:59:20.469 - INFO - CDS - seq=contig_1, start=546326, stop=546742, strand=-, frame=2, truncated=no, start-type=ATG, RBS-motif=AGxAGG/AGGxGG
22:59:20.469 - INFO - CDS - seq=contig_1, start=546870, stop=547544, strand=+, frame=3, truncated=no, start-type=ATG, RBS-motif=AGxAGG/AGGxGG
22:59:20.469 - INFO - CDS - seq=contig_1, start=548068, stop=548712, strand=+, frame=1, truncated=no, start-type=ATG, RBS-motif=AGGA
22:59:20.469 - INFO - CDS - seq=contig_1, start=549148, stop=550119, strand=+, frame=1, truncated=no, start-type=ATG, RBS-motif=AGGAGG
22:59:20.469 - INFO - CDS - seq=contig_1, start=550144, stop=550977, strand=-, frame=3, truncated=no, start-type=TTG, RBS-motif=GGAGG
22:59:20.469 - INFO - CDS - seq=contig_1, start=551112, stop=553400, strand=-, frame=1, truncated=no, start-type=ATG, RBS-motif=AGGAG
22:59:20.469 - INFO - CDS - seq=contig_1, start=553558, stop=553797, strand=+, frame=1, truncated=no, start-type=ATG, RBS-motif=GGAG/GAGG
22:59:20.469 - INFO - CDS - seq=contig_1, start=554757, stop=555689, strand=+, frame=3, truncated=no, start-type=ATG, RBS-motif=None
22:59:20.469 - INFO - CDS - seq=contig_1, start=555689, stop=556648, strand=+, frame=2, truncated=no, start-type=ATG, RBS-motif=AGGAGG
22:59:20.469 - INFO - CDS - seq=contig_1, start=556654, stop=557979, strand=+, frame=1, truncated=no, start-type=ATG, RBS-motif=AGGAG
22:59:20.469 - INFO - CDS - seq=contig_1, start=558399, stop=559415, strand=+, frame=3, truncated=no, start-type=ATG, RBS-motif=AGGAGG
22:59:20.469 - INFO - CDS - seq=contig_1, start=559601, stop=560209, strand=+, frame=2, truncated=no, start-type=ATG, RBS-motif=GGA/GAG/AGG
22:59:20.470 - INFO - CDS - seq=contig_1, start=560218, stop=561078, strand=+, frame=1, truncated=no, start-type=ATG, RBS-motif=AGxAGG/AGGxGG
22:59:20.470 - INFO - CDS - seq=contig_1, start=561293, stop=562648, strand=+, frame=2, truncated=no, start-type=ATG, RBS-motif=GGAGG
22:59:20.470 - INFO - CDS - seq=contig_1, start=562962, stop=563462, strand=-, frame=1, truncated=no, start-type=TTG, RBS-motif=GGAGG
22:59:20.470 - INFO - CDS - seq=contig_1, start=563485, stop=564309, strand=-, frame=3, truncated=no, start-type=ATG, RBS-motif=AGGA
22:59:20.470 - INFO - CDS - seq=contig_1, start=564476, stop=565408, strand=-, frame=2, truncated=no, start-type=ATG, RBS-motif=AGGA
22:59:20.470 - INFO - CDS - seq=contig_1, start=565795, stop=567324, strand=+, frame=1, truncated=no, start-type=ATG, RBS-motif=GGxGG
22:59:20.470 - INFO - CDS - seq=contig_1, start=567321, stop=569483, strand=+, frame=3, truncated=no, start-type=ATG, RBS-motif=AGGA/GGAG/GAGG
22:59:20.470 - INFO - CDS - seq=contig_1, start=569480, stop=570421, strand=+, frame=2, truncated=no, start-type=ATG, RBS-motif=AGGAGG
22:59:20.470 - INFO - CDS - seq=contig_1, start=570588, stop=571622, strand=+, frame=3, truncated=no, start-type=ATG, RBS-motif=GGAG/GAGG
22:59:20.470 - INFO - CDS - seq=contig_1, start=571657, stop=571935, strand=+, frame=1, truncated=no, start-type=ATG, RBS-motif=3Base/5BMM
22:59:20.470 - INFO - CDS - seq=contig_1, start=572011, stop=572520, strand=-, frame=3, truncated=no, start-type=ATG, RBS-motif=GGAGG
22:59:20.470 - INFO - CDS - seq=contig_1, start=572585, stop=572707, strand=-, frame=2, truncated=no, start-type=ATG, RBS-motif=GGA/GAG/AGG
22:59:20.470 - INFO - CDS - seq=contig_1, start=572772, stop=573698, strand=+, frame=3, truncated=no, start-type=ATG, RBS-motif=AGGAG
22:59:20.470 - INFO - CDS - seq=contig_1, start=573695, stop=573841, strand=-, frame=2, truncated=no, start-type=ATG, RBS-motif=AGGAG
22:59:20.470 - INFO - CDS - seq=contig_1, start=574125, stop=574817, strand=+, frame=3, truncated=no, start-type=ATG, RBS-motif=AGGAGG
22:59:20.470 - INFO - CDS - seq=contig_1, start=574909, stop=575517, strand=+, frame=1, truncated=no, start-type=ATG, RBS-motif=GGAG/GAGG
22:59:20.470 - INFO - CDS - seq=contig_1, start=575545, stop=576450, strand=+, frame=1, truncated=no, start-type=ATG, RBS-motif=AGGAG
22:59:20.470 - INFO - CDS - seq=contig_1, start=576596, stop=577075, strand=+, frame=2, truncated=no, start-type=ATG, RBS-motif=AGGAG
22:59:20.470 - INFO - CDS - seq=contig_1, start=577068, stop=577880, strand=+, frame=3, truncated=no, start-type=ATG, RBS-motif=GGA/GAG/AGG
22:59:20.470 - INFO - CDS - seq=contig_1, start=578089, stop=578967, strand=+, frame=1, truncated=no, start-type=ATG, RBS-motif=AGGAG/GGAGG
22:59:20.470 - INFO - CDS - seq=contig_1, start=579046, stop=581028, strand=+, frame=1, truncated=no, start-type=ATG, RBS-motif=GGAGG
22:59:20.470 - INFO - CDS - seq=contig_1, start=581146, stop=583062, strand=-, frame=3, truncated=no, start-type=ATG, RBS-motif=AGGAGG
22:59:20.470 - INFO - CDS - seq=contig_1, start=583049, stop=584875, strand=-, frame=2, truncated=no, start-type=ATG, RBS-motif=GGAG/GAGG
22:59:20.470 - INFO - CDS - seq=contig_1, start=584929, stop=585840, strand=-, frame=3, truncated=no, start-type=ATG, RBS-motif=GGxGG
22:59:20.470 - INFO - CDS - seq=contig_1, start=585827, stop=586531, strand=-, frame=2, truncated=no, start-type=ATG, RBS-motif=AGGAGG
22:59:20.471 - INFO - CDS - seq=contig_1, start=586699, stop=587580, strand=-, frame=3, truncated=no, start-type=TTG, RBS-motif=AGGAGG
22:59:20.471 - INFO - CDS - seq=contig_1, start=587772, stop=588770, strand=-, frame=1, truncated=no, start-type=ATG, RBS-motif=AGGAGG
22:59:20.471 - INFO - CDS - seq=contig_1, start=588989, stop=589471, strand=+, frame=2, truncated=no, start-type=ATG, RBS-motif=GGA/GAG/AGG
22:59:20.471 - INFO - CDS - seq=contig_1, start=589489, stop=590268, strand=+, frame=1, truncated=no, start-type=ATG, RBS-motif=GGA/GAG/AGG
22:59:20.471 - INFO - CDS - seq=contig_1, start=590265, stop=590834, strand=+, frame=3, truncated=no, start-type=ATG, RBS-motif=AGGA
22:59:20.471 - INFO - CDS - seq=contig_1, start=590821, stop=591717, strand=+, frame=1, truncated=no, start-type=ATG, RBS-motif=GGAGG
22:59:20.471 - INFO - CDS - seq=contig_1, start=591835, stop=592086, strand=+, frame=1, truncated=no, start-type=ATG, RBS-motif=GGAG/GAGG
22:59:20.471 - INFO - CDS - seq=contig_1, start=592270, stop=593220, strand=+, frame=1, truncated=no, start-type=ATG, RBS-motif=None
22:59:20.471 - INFO - CDS - seq=contig_1, start=593275, stop=594153, strand=+, frame=1, truncated=no, start-type=ATG, RBS-motif=GGAGG
22:59:20.471 - INFO - CDS - seq=contig_1, start=594243, stop=595004, strand=-, frame=1, truncated=no, start-type=ATG, RBS-motif=AGGAGG
22:59:20.471 - INFO - CDS - seq=contig_1, start=594997, stop=595647, strand=-, frame=3, truncated=no, start-type=ATG, RBS-motif=AGGAGG
22:59:20.471 - INFO - CDS - seq=contig_1, start=595881, stop=596729, strand=+, frame=3, truncated=no, start-type=ATG, RBS-motif=AGGAG
22:59:20.471 - INFO - CDS - seq=contig_1, start=596726, stop=597919, strand=+, frame=2, truncated=no, start-type=ATG, RBS-motif=AGxAGG/AGGxGG
22:59:20.471 - INFO - CDS - seq=contig_1, start=598059, stop=599447, strand=+, frame=3, truncated=no, start-type=ATG, RBS-motif=GGAG/GAGG
22:59:20.471 - INFO - CDS - seq=contig_1, start=599545, stop=600519, strand=+, frame=1, truncated=no, start-type=ATG, RBS-motif=GGAGG
22:59:20.471 - INFO - CDS - seq=contig_1, start=600815, stop=601153, strand=+, frame=2, truncated=no, start-type=ATG, RBS-motif=AGxAGG/AGGxGG
22:59:20.471 - INFO - CDS - seq=contig_1, start=601316, stop=601816, strand=-, frame=2, truncated=no, start-type=ATG, RBS-motif=None
22:59:20.471 - INFO - CDS - seq=contig_1, start=601998, stop=602369, strand=-, frame=1, truncated=no, start-type=ATG, RBS-motif=GGAG/GAGG
22:59:20.471 - INFO - CDS - seq=contig_1, start=602432, stop=603490, strand=-, frame=2, truncated=no, start-type=ATG, RBS-motif=AGGAG
22:59:20.471 - INFO - CDS - seq=contig_1, start=603562, stop=604014, strand=+, frame=1, truncated=no, start-type=ATG, RBS-motif=GGAGG
22:59:20.471 - INFO - CDS - seq=contig_1, start=604023, stop=605375, strand=-, frame=1, truncated=no, start-type=ATG, RBS-motif=GGAG/GAGG
22:59:20.471 - INFO - CDS - seq=contig_1, start=605365, stop=606213, strand=-, frame=3, truncated=no, start-type=ATG, RBS-motif=AGxAGG/AGGxGG
22:59:20.471 - INFO - CDS - seq=contig_1, start=606394, stop=606840, strand=+, frame=1, truncated=no, start-type=ATG, RBS-motif=AGGA
22:59:20.471 - INFO - CDS - seq=contig_1, start=606884, stop=607564, strand=+, frame=2, truncated=no, start-type=GTG, RBS-motif=GGA/GAG/AGG
22:59:20.471 - INFO - CDS - seq=contig_1, start=607982, stop=608863, strand=+, frame=2, truncated=no, start-type=ATG, RBS-motif=AGxAGG/AGGxGG
22:59:20.471 - INFO - CDS - seq=contig_1, start=609103, stop=610707, strand=+, frame=1, truncated=no, start-type=ATG, RBS-motif=AGGAG
22:59:20.471 - INFO - CDS - seq=contig_1, start=611220, stop=612479, strand=+, frame=3, truncated=no, start-type=ATG, RBS-motif=GGAG/GAGG
22:59:20.472 - INFO - CDS - seq=contig_1, start=612575, stop=612826, strand=+, frame=2, truncated=no, start-type=ATG, RBS-motif=AGGAG
22:59:20.472 - INFO - CDS - seq=contig_1, start=613208, stop=613636, strand=-, frame=2, truncated=no, start-type=ATG, RBS-motif=AGGAGG
22:59:20.472 - INFO - CDS - seq=contig_1, start=613736, stop=614413, strand=+, frame=2, truncated=no, start-type=ATG, RBS-motif=GGA/GAG/AGG
22:59:20.472 - INFO - CDS - seq=contig_1, start=614410, stop=615054, strand=-, frame=3, truncated=no, start-type=ATG, RBS-motif=GGA/GAG/AGG
22:59:20.472 - INFO - CDS - seq=contig_1, start=615313, stop=616077, strand=+, frame=1, truncated=no, start-type=GTG, RBS-motif=GGA/GAG/AGG
22:59:20.472 - INFO - CDS - seq=contig_1, start=616138, stop=617526, strand=+, frame=1, truncated=no, start-type=ATG, RBS-motif=AGGA/GGAG/GAGG
22:59:20.472 - INFO - CDS - seq=contig_1, start=617826, stop=619334, strand=+, frame=3, truncated=no, start-type=TTG, RBS-motif=AGGAGG
22:59:20.472 - INFO - CDS - seq=contig_1, start=619504, stop=619878, strand=+, frame=1, truncated=no, start-type=ATG, RBS-motif=AGGAGG
22:59:20.472 - INFO - CDS - seq=contig_1, start=619865, stop=621001, strand=+, frame=2, truncated=no, start-type=GTG, RBS-motif=AGxAGG/AGGxGG
22:59:20.472 - INFO - CDS - seq=contig_1, start=621069, stop=621317, strand=+, frame=3, truncated=no, start-type=ATG, RBS-motif=GGAGG
22:59:20.472 - INFO - CDS - seq=contig_1, start=621337, stop=621720, strand=+, frame=1, truncated=no, start-type=ATG, RBS-motif=AGxAGG/AGGxGG
22:59:20.472 - INFO - CDS - seq=contig_1, start=621904, stop=622425, strand=+, frame=1, truncated=no, start-type=ATG, RBS-motif=GGAGG
22:59:20.472 - INFO - CDS - seq=contig_1, start=622699, stop=627156, strand=+, frame=1, truncated=no, start-type=ATG, RBS-motif=AGxAGG/AGGxGG
22:59:20.472 - INFO - CDS - seq=contig_1, start=627292, stop=628725, strand=+, frame=1, truncated=no, start-type=ATG, RBS-motif=AGGAGG
22:59:20.472 - INFO - CDS - seq=contig_1, start=628854, stop=629558, strand=-, frame=1, truncated=no, start-type=GTG, RBS-motif=GGAGG
22:59:20.472 - INFO - CDS - seq=contig_1, start=629834, stop=630499, strand=-, frame=2, truncated=no, start-type=ATG, RBS-motif=GGAGG
22:59:20.472 - INFO - CDS - seq=contig_1, start=631001, stop=632371, strand=-, frame=2, truncated=no, start-type=GTG, RBS-motif=AGGAGG
22:59:20.472 - INFO - CDS - seq=contig_1, start=632777, stop=633757, strand=-, frame=2, truncated=no, start-type=GTG, RBS-motif=AGGA
22:59:20.472 - INFO - CDS - seq=contig_1, start=634431, stop=634988, strand=+, frame=3, truncated=no, start-type=ATG, RBS-motif=AGGAGG
22:59:20.472 - INFO - CDS - seq=contig_1, start=635061, stop=638585, strand=+, frame=3, truncated=no, start-type=ATG, RBS-motif=AGxAGG/AGGxGG
22:59:20.472 - INFO - CDS - seq=contig_1, start=638706, stop=640283, strand=+, frame=3, truncated=no, start-type=ATG, RBS-motif=AGGAGG
22:59:20.472 - INFO - CDS - seq=contig_1, start=640287, stop=640550, strand=+, frame=3, truncated=no, start-type=ATG, RBS-motif=GGAG/GAGG
22:59:20.472 - INFO - CDS - seq=contig_1, start=640620, stop=641051, strand=+, frame=3, truncated=no, start-type=ATG, RBS-motif=GGA/GAG/AGG
22:59:20.473 - INFO - CDS - seq=contig_1, start=641407, stop=641892, strand=+, frame=1, truncated=no, start-type=ATG, RBS-motif=AGGAGG
22:59:20.473 - INFO - CDS - seq=contig_1, start=641970, stop=643280, strand=+, frame=3, truncated=no, start-type=ATG, RBS-motif=GGAGG
22:59:20.473 - INFO - CDS - seq=contig_1, start=643277, stop=643822, strand=+, frame=2, truncated=no, start-type=ATG, RBS-motif=GGAG/GAGG
22:59:20.473 - INFO - CDS - seq=contig_1, start=643884, stop=646031, strand=+, frame=3, truncated=no, start-type=ATG, RBS-motif=GGAGG
22:59:20.473 - INFO - CDS - seq=contig_1, start=646439, stop=647338, strand=+, frame=2, truncated=no, start-type=ATG, RBS-motif=GGAG/GAGG
22:59:20.473 - INFO - CDS - seq=contig_1, start=647595, stop=648479, strand=+, frame=3, truncated=no, start-type=ATG, RBS-motif=GGAG/GAGG
22:59:20.473 - INFO - CDS - seq=contig_1, start=648542, stop=649543, strand=+, frame=2, truncated=no, start-type=ATG, RBS-motif=AGxAGG/AGGxGG
22:59:20.473 - INFO - CDS - seq=contig_1, start=649680, stop=651179, strand=+, frame=3, truncated=no, start-type=GTG, RBS-motif=GGAGG
22:59:20.473 - INFO - CDS - seq=contig_1, start=686, stop=1426, strand=+, nt=[ATGACAGAGG..GCATGTTTAA]
22:59:20.473 - INFO - CDS - seq=contig_1, start=1587, stop=3134, strand=-, nt=[ATGAGTGTTC..TAAAGCTTAA]
22:59:20.473 - INFO - CDS - seq=contig_1, start=3513, stop=4451, strand=+, nt=[ATGGGTATCA..ATACGACTAA]
22:59:20.473 - INFO - CDS - seq=contig_1, start=4529, stop=5128, strand=+, nt=[GTGAAAAATA..ACTTTACTAG]
22:59:20.473 - INFO - CDS - seq=contig_1, start=5414, stop=5746, strand=-, nt=[ATGGAAATTG..GTCGCAGTGA]
22:59:20.473 - INFO - CDS - seq=contig_1, start=5855, stop=6598, strand=-, nt=[TTGACAGAAC..TCAATCATGA]
22:59:20.473 - INFO - CDS - seq=contig_1, start=6617, stop=7399, strand=-, nt=[ATGGTAAAGC..TGAACATTGA]
22:59:20.473 - INFO - CDS - seq=contig_1, start=7484, stop=8242, strand=-, nt=[GTGGCAATGT..CGGCGACTAA]
22:59:20.473 - INFO - CDS - seq=contig_1, start=8687, stop=9373, strand=+, nt=[ATGGCAAGTA..CGTAGGTTAA]
22:59:20.473 - INFO - CDS - seq=contig_1, start=10116, stop=11495, strand=+, nt=[ATGTCACCAC..TCCAGATTAA]
22:59:20.473 - INFO - CDS - seq=contig_1, start=11646, stop=12740, strand=-, nt=[ATGGACAAGC..CGGACCGTGA]
22:59:20.473 - INFO - CDS - seq=contig_1, start=12869, stop=14668, strand=+, nt=[ATGCAACATT..GAAAGGATGA]
22:59:20.473 - INFO - CDS - seq=contig_1, start=14665, stop=15546, strand=+, nt=[ATGAGCAGTG..TCAAGCATGA]
22:59:20.473 - INFO - CDS - seq=contig_1, start=15543, stop=16391, strand=+, nt=[ATGACGACAA..TCAACACTAA]
22:59:20.473 - INFO - CDS - seq=contig_1, start=16463, stop=17260, strand=-, nt=[ATGAATTTAT..AACAAACTAA]
22:59:20.473 - INFO - CDS - seq=contig_1, start=17257, stop=17976, strand=-, nt=[ATGAGCGAAC..GATCGCATGA]
22:59:20.473 - INFO - CDS - seq=contig_1, start=18050, stop=18394, strand=-, nt=[ATGTACGAAC..ATCCAAATAA]
22:59:20.473 - INFO - CDS - seq=contig_1, start=18643, stop=19995, strand=-, nt=[ATGGATATAC..GGTGGTTTAA]
22:59:20.473 - INFO - CDS - seq=contig_1, start=20180, stop=21748, strand=-, nt=[ATGGCAATCA..TGAGGATTAG]
22:59:20.473 - INFO - CDS - seq=contig_1, start=21818, stop=22723, strand=-, nt=[ATGCATATTG..GTCAAAATAA]
22:59:20.473 - INFO - CDS - seq=contig_1, start=23026, stop=23868, strand=+, nt=[ATGCATGACT..GCGGCACTAA]
22:59:20.473 - INFO - CDS - seq=contig_1, start=24085, stop=24474, strand=-, nt=[ATGCCACTCA..TAGTCTGTAA]
22:59:20.473 - INFO - CDS - seq=contig_1, start=24512, stop=25384, strand=-, nt=[ATGGCATTAG..TATGAGTTGA]
22:59:20.473 - INFO - CDS - seq=contig_1, start=25407, stop=26303, strand=-, nt=[GTGACGATTG..GTCAGCATAA]
22:59:20.473 - INFO - CDS - seq=contig_1, start=26305, stop=27357, strand=-, nt=[ATGACTCAAA..AGGTGCTTAA]
22:59:20.473 - INFO - CDS - seq=contig_1, start=27395, stop=28435, strand=-, nt=[ATGGTTGTCA..TCATGCTTAG]
22:59:20.473 - INFO - CDS - seq=contig_1, start=28449, stop=30404, strand=-, nt=[ATGACTGCGA..TAAATATTAA]
22:59:20.473 - INFO - CDS - seq=contig_1, start=30401, stop=31381, strand=-, nt=[ATGCCACAAA..TCAGTCATGA]
22:59:20.474 - INFO - CDS - seq=contig_1, start=31418, stop=32233, strand=-, nt=[ATGAGCCTGT..TCGGCAATAA]
22:59:20.474 - INFO - CDS - seq=contig_1, start=32278, stop=33756, strand=-, nt=[ATGGATACAA..TTTCAAGTAG]
22:59:20.474 - INFO - CDS - seq=contig_1, start=33833, stop=35323, strand=-, nt=[ATGCGCAAAG..CAAGAACTAG]
22:59:20.474 - INFO - CDS - seq=contig_1, start=35867, stop=36673, strand=+, nt=[ATGCTTAGAA..CGATAAATAA]
22:59:20.474 - INFO - CDS - seq=contig_1, start=36860, stop=37720, strand=-, nt=[TTGGCACATT..GGATTTCTAA]
22:59:20.474 - INFO - CDS - seq=contig_1, start=37917, stop=38669, strand=-, nt=[ATGCGTCAAT..GGCGCGTTAA]
22:59:20.474 - INFO - CDS - seq=contig_1, start=38675, stop=40228, strand=-, nt=[ATGGCACTAT..GGAAGGCTGA]
22:59:20.474 - INFO - CDS - seq=contig_1, start=40370, stop=40837, strand=-, nt=[ATGGTCACCT..ATCTGCATAA]
22:59:20.474 - INFO - CDS - seq=contig_1, start=40969, stop=42279, strand=-, nt=[ATGAAGAAGT..TATTTTCTAG]
22:59:20.474 - INFO - CDS - seq=contig_1, start=42276, stop=43466, strand=-, nt=[ATGAGCGAAA..GTCAAAATGA]
22:59:20.474 - INFO - CDS - seq=contig_1, start=43472, stop=44158, strand=-, nt=[ATGAAAATTT..TGAGGCCTAA]
22:59:20.474 - INFO - CDS - seq=contig_1, start=44313, stop=44993, strand=+, nt=[TTGAAAGATT..ACGAATGTAG]
22:59:20.474 - INFO - CDS - seq=contig_1, start=45075, stop=46562, strand=-, nt=[ATGAGTCTTT..CGTTCAATAA]
22:59:20.474 - INFO - CDS - seq=contig_1, start=46939, stop=47760, strand=-, nt=[ATGGCAGAGA..CCAGAGATAA]
22:59:20.474 - INFO - CDS - seq=contig_1, start=47792, stop=48814, strand=-, nt=[ATGGCGAACT..CAATGTCTAA]
22:59:20.474 - INFO - CDS - seq=contig_1, start=48930, stop=49112, strand=-, nt=[ATGTATGATT..TGTAGAGTAG]
22:59:20.474 - INFO - CDS - seq=contig_1, start=49277, stop=50149, strand=-, nt=[ATGGCGAATA..TATTGACTAA]
22:59:20.474 - INFO - CDS - seq=contig_1, start=50139, stop=50906, strand=-, nt=[ATGGCACATA..TGGCGAATAA]
22:59:20.474 - INFO - CDS - seq=contig_1, start=50916, stop=51746, strand=-, nt=[GTGCCATTAT..AAAGAGATAG]
22:59:20.474 - INFO - CDS - seq=contig_1, start=51750, stop=52481, strand=-, nt=[ATGGATCCAG..AGGTGCATAA]
22:59:20.474 - INFO - CDS - seq=contig_1, start=52793, stop=53173, strand=+, nt=[ATGGAATTAG..CAAACGTTAA]
22:59:20.474 - INFO - CDS - seq=contig_1, start=53306, stop=53977, strand=+, nt=[ATGGCGGATA..GCCTGCATAA]
22:59:20.474 - INFO - CDS - seq=contig_1, start=54057, stop=54677, strand=-, nt=[ATGACTATCG..GCAACACTAA]
22:59:20.474 - INFO - CDS - seq=contig_1, start=54825, stop=55472, strand=-, nt=[ATGAAAATTC..GAATCACTAG]
22:59:20.474 - INFO - CDS - seq=contig_1, start=55488, stop=56402, strand=-, nt=[ATGGTCAATA..GGCATTTTAG]
22:59:20.474 - INFO - CDS - seq=contig_1, start=56405, stop=57082, strand=-, nt=[ATGGAATACT..AGGCAAATGA]
22:59:20.474 - INFO - CDS - seq=contig_1, start=57390, stop=57815, strand=-, nt=[ATGGACAACA..GCCAGCATAA]
22:59:20.474 - INFO - CDS - seq=contig_1, start=57850, stop=58263, strand=-, nt=[ATGGACGCAG..AAAAAAATGA]
22:59:20.474 - INFO - CDS - seq=contig_1, start=58272, stop=58469, strand=-, nt=[ATGCAGCGAG..AGGAAAGTAG]
22:59:20.474 - INFO - CDS - seq=contig_1, start=58572, stop=59111, strand=-, nt=[ATGAGACCCA..TGTGATTTAA]
22:59:20.474 - INFO - CDS - seq=contig_1, start=59125, stop=59382, strand=-, nt=[ATGATGCATT..CAAGGCATAG]
22:59:20.474 - INFO - CDS - seq=contig_1, start=59615, stop=60016, strand=-, nt=[ATGGCAACTT..TGAAGGTTGA]
22:59:20.474 - INFO - CDS - seq=contig_1, start=60540, stop=61502, strand=+, nt=[ATGGCAAAAG..CAATGCCTAA]
22:59:20.474 - INFO - CDS - seq=contig_1, start=61602, stop=61796, strand=-, nt=[ATGACGAAAA..TAAGCCTTGA]
22:59:20.474 - INFO - CDS - seq=contig_1, start=61793, stop=62035, strand=-, nt=[ATGAGCGAAG..TCATCTATGA]
22:59:20.474 - INFO - CDS - seq=contig_1, start=62083, stop=62550, strand=-, nt=[ATGAAGGCAA..TGATAAGTGA]
22:59:20.474 - INFO - CDS - seq=contig_1, start=62718, stop=63023, strand=-, nt=[ATGGAACACT..TGCCAGTTGA]
22:59:20.474 - INFO - CDS - seq=contig_1, start=63180, stop=63686, strand=+, nt=[ATGACGAATT..GTGGTACTAA]
22:59:20.474 - INFO - CDS - seq=contig_1, start=63935, stop=64141, strand=+, nt=[TTGGCTGAAA..CGGCAAATAA]
22:59:20.474 - INFO - CDS - seq=contig_1, start=64229, stop=64603, strand=-, nt=[ATGGACAAAA..TAATCGGTAG]
22:59:20.474 - INFO - CDS - seq=contig_1, start=64603, stop=65445, strand=-, nt=[ATGGAACAAA..GAACATCTGA]
22:59:20.474 - INFO - CDS - seq=contig_1, start=65570, stop=66883, strand=-, nt=[ATGCACAAAT..CAGTTGGTAA]
22:59:20.474 - INFO - CDS - seq=contig_1, start=67069, stop=67701, strand=-, nt=[ATGAATTCGT..CAAGGATTAA]
22:59:20.475 - INFO - CDS - seq=contig_1, start=67712, stop=69073, strand=-, nt=[ATGCTGATGA..GACGGCGTAG]
22:59:20.475 - INFO - CDS - seq=contig_1, start=69219, stop=71060, strand=+, nt=[ATGCACATCA..GGAAGTGTGA]
22:59:20.475 - INFO - CDS - seq=contig_1, start=71527, stop=72420, strand=-, nt=[ATGGAAAAAA..TAATGTTTGA]
22:59:20.475 - INFO - CDS - seq=contig_1, start=72535, stop=74115, strand=+, nt=[ATGAAATCTA..ACTAGCATAA]
22:59:20.475 - INFO - CDS - seq=contig_1, start=74335, stop=75471, strand=-, nt=[ATGATGGATA..TTACGCATAG]
22:59:20.475 - INFO - CDS - seq=contig_1, start=75628, stop=76095, strand=-, nt=[GTGTTGGTGC..TACAGAATGA]
22:59:20.475 - INFO - CDS - seq=contig_1, start=76144, stop=76620, strand=-, nt=[ATGAAAAAGT..GAGAAAATAA]
22:59:20.475 - INFO - CDS - seq=contig_1, start=76617, stop=77291, strand=-, nt=[ATGCCGCAAA..ACCACTATGA]
22:59:20.475 - INFO - CDS - seq=contig_1, start=77272, stop=78006, strand=-, nt=[ATGCAAAAAC..TCATACATGA]
22:59:20.475 - INFO - CDS - seq=contig_1, start=78012, stop=78716, strand=-, nt=[ATGCCAAAAA..AGAGGTGTGA]
22:59:20.475 - INFO - CDS - seq=contig_1, start=78720, stop=79508, strand=-, nt=[GTGTTTAGCA..AGAGGCGTGA]
22:59:20.475 - INFO - CDS - seq=contig_1, start=79911, stop=81536, strand=-, nt=[ATGAAAGTTA..GGCTAAGTAA]
22:59:20.475 - INFO - CDS - seq=contig_1, start=81781, stop=84162, strand=-, nt=[ATGGATACAA..AATTAAGTAA]
22:59:20.475 - INFO - CDS - seq=contig_1, start=84422, stop=84568, strand=+, nt=[ATGGGCAAAC..TGACTTTTAG]
22:59:20.475 - INFO - CDS - seq=contig_1, start=84836, stop=86284, strand=+, nt=[ATGTCCACAT..CATTCAATAA]
22:59:20.475 - INFO - CDS - seq=contig_1, start=86484, stop=87053, strand=+, nt=[ATGGCTATCA..AAAGGAGTAA]
22:59:20.475 - INFO - CDS - seq=contig_1, start=87060, stop=90005, strand=+, nt=[ATGATCAAAG..CGAAAAATAA]
22:59:20.475 - INFO - CDS - seq=contig_1, start=90056, stop=90352, strand=-, nt=[ATGAATGCTA..CAAGCATTGA]
22:59:20.475 - INFO - CDS - seq=contig_1, start=90407, stop=91135, strand=-, nt=[ATGGATAAAC..TCATAAATAA]
22:59:20.475 - INFO - CDS - seq=contig_1, start=91351, stop=92175, strand=+, nt=[ATGACCATGA..CGCCAATTAA]
22:59:20.475 - INFO - CDS - seq=contig_1, start=92276, stop=93466, strand=-, nt=[ATGGCAAAAA..ATTGAGCTAA]
22:59:20.475 - INFO - CDS - seq=contig_1, start=93524, stop=94870, strand=-, nt=[ATGGATCAAA..AAAGTCATGA]
22:59:20.475 - INFO - CDS - seq=contig_1, start=95051, stop=95380, strand=+, nt=[ATGACACAAA..TATCTATTAG]
22:59:20.475 - INFO - CDS - seq=contig_1, start=95453, stop=96439, strand=-, nt=[ATGAAAAGAG..TGAGGCATAA]
22:59:20.475 - INFO - CDS - seq=contig_1, start=96580, stop=98040, strand=-, nt=[GTGAAATTAC..AAAGGCATGA]
22:59:20.475 - INFO - CDS - seq=contig_1, start=98037, stop=98270, strand=-, nt=[GTGAAGGACA..GATTTTGTGA]
22:59:20.475 - INFO - CDS - seq=contig_1, start=98495, stop=99574, strand=-, nt=[GTGAAAAAAA..AGCGTCCTGA]
22:59:20.475 - INFO - CDS - seq=contig_1, start=99699, stop=100442, strand=-, nt=[ATGAAAAAAT..TAACAAGTAA]
22:59:20.475 - INFO - CDS - seq=contig_1, start=100594, stop=101367, strand=-, nt=[ATGAAAAAAA..AAAAAGCTAA]
22:59:20.475 - INFO - CDS - seq=contig_1, start=101371, stop=101730, strand=-, nt=[ATGAAAAAAA..GGAAAATTAA]
22:59:20.475 - INFO - CDS - seq=contig_1, start=101746, stop=103788, strand=-, nt=[ATGTTGTTAC..GGCTAATTAA]
22:59:20.475 - INFO - CDS - seq=contig_1, start=104144, stop=104719, strand=+, nt=[ATGCAAAGTT..TCATTTTTAA]
22:59:20.475 - INFO - CDS - seq=contig_1, start=104973, stop=105269, strand=-, nt=[ATGTTTAATT..AATGGTCTAA]
22:59:20.475 - INFO - CDS - seq=contig_1, start=105462, stop=106436, strand=+, nt=[ATGGCTAATC..GAAGGCATAA]
22:59:20.475 - INFO - CDS - seq=contig_1, start=106508, stop=106831, strand=-, nt=[ATGACACTAA..TAAACCTTAA]
22:59:20.475 - INFO - CDS - seq=contig_1, start=106972, stop=108429, strand=-, nt=[ATGGAAAACT..ATCGCTGTAA]
22:59:20.475 - INFO - CDS - seq=contig_1, start=108624, stop=108974, strand=+, nt=[ATGTGGCTCT..GTTCATCTAA]
22:59:20.475 - INFO - CDS - seq=contig_1, start=109146, stop=109508, strand=+, nt=[GTGTCACTTA..ATTCTTTTAA]
22:59:20.475 - INFO - CDS - seq=contig_1, start=109633, stop=110565, strand=-, nt=[TTGAAAGCAG..CCAACCTTAG]
22:59:20.475 - INFO - CDS - seq=contig_1, start=110676, stop=111182, strand=+, nt=[ATGGCTTCTG..CCAGTCATAA]
22:59:20.475 - INFO - CDS - seq=contig_1, start=111344, stop=111640, strand=+, nt=[ATGGTTCTCA..GATTTTTTAA]
22:59:20.475 - INFO - CDS - seq=contig_1, start=111723, stop=112724, strand=-, nt=[ATGAAGATTA..AGCAAAGTAG]
22:59:20.475 - INFO - CDS - seq=contig_1, start=112791, stop=113282, strand=-, nt=[ATGCAATACA..CATTTTTTAA]
22:59:20.475 - INFO - CDS - seq=contig_1, start=113456, stop=114529, strand=+, nt=[ATGAAAATTG..AACGAAGTAA]
22:59:20.475 - INFO - CDS - seq=contig_1, start=114683, stop=114934, strand=-, nt=[ATGTATACCA..GTGGTTGTGA]
22:59:20.475 - INFO - CDS - seq=contig_1, start=115156, stop=116232, strand=+, nt=[ATGATAAAGC..TAAGTTGTAA]
22:59:20.476 - INFO - CDS - seq=contig_1, start=116450, stop=117430, strand=+, nt=[ATGGACCAAA..AATCTCCTGA]
22:59:20.476 - INFO - CDS - seq=contig_1, start=117620, stop=117904, strand=+, nt=[GTGACATTGA..CAATGATTGA]
22:59:20.476 - INFO - CDS - seq=contig_1, start=117897, stop=118007, strand=+, nt=[ATGATTGAAA..CGACATCTAG]
22:59:20.476 - INFO - CDS - seq=contig_1, start=118053, stop=118175, strand=+, nt=[ATGCCCATCA..TCACGATTAA]
22:59:20.476 - INFO - CDS - seq=contig_1, start=118863, stop=120224, strand=+, nt=[ATGAATAACG..CTATTGGTAA]
22:59:20.476 - INFO - CDS - seq=contig_1, start=120458, stop=121222, strand=-, nt=[ATGAAAATAG..TTTAAGTTAA]
22:59:20.476 - INFO - CDS - seq=contig_1, start=121382, stop=122731, strand=-, nt=[ATGACACTTG..TCAGTTTTAA]
22:59:20.476 - INFO - CDS - seq=contig_1, start=123059, stop=123667, strand=+, nt=[ATGAATTTTT..TGCTCGCTAA]
22:59:20.476 - INFO - CDS - seq=contig_1, start=123630, stop=123752, strand=-, nt=[ATGATCGCAG..ACTGGTTTAG]
22:59:20.476 - INFO - CDS - seq=contig_1, start=123979, stop=126162, strand=-, nt=[ATGATCGAAT..AGACAAGTAA]
22:59:20.476 - INFO - CDS - seq=contig_1, start=126476, stop=127237, strand=-, nt=[ATGAACGCAG..AAAGCTTTAA]
22:59:20.476 - INFO - CDS - seq=contig_1, start=127234, stop=128163, strand=-, nt=[TTGAACATCC..GACGCGATGA]
22:59:20.476 - INFO - CDS - seq=contig_1, start=128160, stop=128375, strand=-, nt=[ATGAATACCA..TGAAAATTGA]
22:59:20.476 - INFO - CDS - seq=contig_1, start=128442, stop=129563, strand=-, nt=[ATGGAAATTA..GCATCGCTAG]
22:59:20.476 - INFO - CDS - seq=contig_1, start=130011, stop=130889, strand=-, nt=[ATGAATCTCA..TTCAAAATAA]
22:59:20.476 - INFO - CDS - seq=contig_1, start=131134, stop=133554, strand=+, nt=[ATGCTTGCAG..GATTGCATGA]
22:59:20.476 - INFO - CDS - seq=contig_1, start=133641, stop=133991, strand=-, nt=[ATGACAACTA..AGAAAATTAG]
22:59:20.476 - INFO - CDS - seq=contig_1, start=134086, stop=135945, strand=-, nt=[ATGAAAAAAA..GAGAGCTTAA]
22:59:20.476 - INFO - CDS - seq=contig_1, start=136254, stop=137549, strand=-, nt=[ATGGGAACTG..ATCGCGCTAG]
22:59:20.476 - INFO - CDS - seq=contig_1, start=138034, stop=138903, strand=+, nt=[ATGAGTGTTA..CTTTAAATGA]
22:59:20.476 - INFO - CDS - seq=contig_1, start=139141, stop=140070, strand=+, nt=[ATGGCAATTA..CACAAGATAA]
22:59:20.476 - INFO - CDS - seq=contig_1, start=140057, stop=142048, strand=+, nt=[ATGGCACAAG..AGAAAGTTAA]
22:59:20.476 - INFO - CDS - seq=contig_1, start=142516, stop=143679, strand=-, nt=[ATGGATGCCA..TGGACGCTAA]
22:59:20.476 - INFO - CDS - seq=contig_1, start=143745, stop=145133, strand=-, nt=[ATGGATAATC..GGATCAATAA]
22:59:20.476 - INFO - CDS - seq=contig_1, start=145375, stop=145830, strand=-, nt=[ATGAAAGTCA..ACAAAAATAA]
22:59:20.476 - INFO - CDS - seq=contig_1, start=145846, stop=147852, strand=-, nt=[ATGAAGAAAT..AGACGCATAG]
22:59:20.476 - INFO - CDS - seq=contig_1, start=148164, stop=148463, strand=-, nt=[ATGAAAGCTA..ATTTCCGTGA]
22:59:20.476 - INFO - CDS - seq=contig_1, start=148549, stop=149136, strand=-, nt=[ATGAAATTCT..TGGTGGTTGA]
22:59:20.476 - INFO - CDS - seq=contig_1, start=149472, stop=150338, strand=-, nt=[ATGAGTAGCC..CGTTGATTGA]
22:59:20.476 - INFO - CDS - seq=contig_1, start=150331, stop=150744, strand=-, nt=[GTGGTAAAGG..AGATGAGTAG]
22:59:20.476 - INFO - CDS - seq=contig_1, start=151031, stop=151408, strand=-, nt=[ATGAAAAAGC..GCGGGAGTGA]
22:59:20.476 - INFO - CDS - seq=contig_1, start=151604, stop=152662, strand=-, nt=[ATGAGTGGTT..ACCTAAGTAA]
22:59:20.476 - INFO - CDS - seq=contig_1, start=152666, stop=153673, strand=-, nt=[ATGGTGACTT..AGGAGTTTAG]
22:59:20.476 - INFO - CDS - seq=contig_1, start=153675, stop=155054, strand=-, nt=[GTGCGTGTCG..GGTGCACTAA]
22:59:20.476 - INFO - CDS - seq=contig_1, start=155770, stop=157116, strand=+, nt=[ATGGATTTTG..AACCAAATAG]
22:59:20.476 - INFO - CDS - seq=contig_1, start=157127, stop=157831, strand=+, nt=[ATGGCACAGT..AAAGCTGTGA]
22:59:20.476 - INFO - CDS - seq=contig_1, start=157839, stop=158990, strand=+, nt=[ATGAAGGAAG..AAAAGTGTAA]
22:59:20.476 - INFO - CDS - seq=contig_1, start=159134, stop=160039, strand=+, nt=[ATGCAAAAAG..GCTCGCATGA]
22:59:20.476 - INFO - CDS - seq=contig_1, start=160036, stop=160803, strand=+, nt=[ATGATTCAGG..TTTTTTATAA]
22:59:20.476 - INFO - CDS - seq=contig_1, start=161229, stop=161735, strand=-, nt=[ATGGACTATA..TTTCTCTTAA]
22:59:20.476 - INFO - CDS - seq=contig_1, start=162024, stop=162533, strand=-, nt=[ATGAAAAAGC..TCGGCATTGA]
22:59:20.476 - INFO - CDS - seq=contig_1, start=162752, stop=163474, strand=+, nt=[GTGAAAAAAC..TTATCTTTAA]
22:59:20.476 - INFO - CDS - seq=contig_1, start=163458, stop=163832, strand=-, nt=[ATGAAAGCTC..TAAAAATTAA]
22:59:20.476 - INFO - CDS - seq=contig_1, start=163954, stop=164532, strand=-, nt=[ATGAACGGTA..GACGAATTAA]
22:59:20.477 - INFO - CDS - seq=contig_1, start=164691, stop=166517, strand=+, nt=[ATGACGCGTT..TTCCCTTTGA]
22:59:20.477 - INFO - CDS - seq=contig_1, start=166649, stop=167791, strand=-, nt=[ATGACGATGA..TCACAATTGA]
22:59:20.477 - INFO - CDS - seq=contig_1, start=168622, stop=169647, strand=+, nt=[ATGATTAAAC..GGTGGCATGA]
22:59:20.477 - INFO - CDS - seq=contig_1, start=169644, stop=170426, strand=+, nt=[ATGATCTTAG..AAGAGCGTGA]
22:59:20.477 - INFO - CDS - seq=contig_1, start=170454, stop=171053, strand=+, nt=[ATGGTACTCG..CACTAAATGA]
22:59:20.477 - INFO - CDS - seq=contig_1, start=171037, stop=172257, strand=+, nt=[ATGAAGACAC..TGATGAGTAA]
22:59:20.477 - INFO - CDS - seq=contig_1, start=172250, stop=173044, strand=+, nt=[ATGAGTAAGT..GGTGAAATAA]
22:59:20.477 - INFO - CDS - seq=contig_1, start=173658, stop=174317, strand=-, nt=[ATGGCGCATA..TGCTTGGTGA]
22:59:20.477 - INFO - CDS - seq=contig_1, start=174366, stop=174950, strand=-, nt=[ATGAGTGTAA..TGACGATTGA]
22:59:20.477 - INFO - CDS - seq=contig_1, start=175098, stop=175325, strand=-, nt=[ATGACAAAAT..AGAAGCATAG]
22:59:20.477 - INFO - CDS - seq=contig_1, start=175345, stop=177201, strand=-, nt=[ATGCATTTTA..AGGTAAATAA]
22:59:20.477 - INFO - CDS - seq=contig_1, start=177546, stop=177767, strand=+, nt=[ATGAATCGCG..GCATCAGTAG]
22:59:20.477 - INFO - CDS - seq=contig_1, start=177833, stop=178486, strand=+, nt=[TTGAATAAAC..GCGATTGTGA]
22:59:20.477 - INFO - CDS - seq=contig_1, start=179110, stop=180363, strand=+, nt=[ATGCCAGAAG..GGAGGTGTGA]
22:59:20.477 - INFO - CDS - seq=contig_1, start=180366, stop=180995, strand=+, nt=[ATGTTCGCAT..ACAGGCCTAG]
22:59:20.477 - INFO - CDS - seq=contig_1, start=181007, stop=181936, strand=+, nt=[ATGAAGACAT..TGACGACTAA]
22:59:20.477 - INFO - CDS - seq=contig_1, start=181936, stop=182598, strand=+, nt=[ATGGCCAACA..AGAATCTTAA]
22:59:20.477 - INFO - CDS - seq=contig_1, start=182812, stop=183072, strand=+, nt=[ATGAGTATCA..TTCAAAGTGA]
22:59:20.477 - INFO - CDS - seq=contig_1, start=183323, stop=183925, strand=+, nt=[ATGAAACCCA..CTTTCAATGA]
22:59:20.477 - INFO - CDS - seq=contig_1, start=183922, stop=187233, strand=+, nt=[ATGAAAAATC..AAAAAAATAA]
22:59:20.477 - INFO - CDS - seq=contig_1, start=187398, stop=187538, strand=-, nt=[ATGAGAGGGA..CATCCCCTAG]
22:59:20.477 - INFO - CDS - seq=contig_1, start=187915, stop=189288, strand=+, nt=[ATGACAACTT..TCAGCAGTAA]
22:59:20.477 - INFO - CDS - seq=contig_1, start=189626, stop=191218, strand=-, nt=[ATGAAAACAT..AGGCGCATGA]
22:59:20.477 - INFO - CDS - seq=contig_1, start=191287, stop=192186, strand=+, nt=[ATGTTTCGAA..TCATATTTGA]
22:59:20.477 - INFO - CDS - seq=contig_1, start=192375, stop=192695, strand=-, nt=[ATGAAAGCTG..GAATGCCTAG]
22:59:20.477 - INFO - CDS - seq=contig_1, start=192760, stop=193113, strand=-, nt=[ATGTCAGTTA..AGCGCTATGA]
22:59:20.477 - INFO - CDS - seq=contig_1, start=193390, stop=194082, strand=-, nt=[ATGCAGATTT..GTTAACCTGA]
22:59:20.477 - INFO - CDS - seq=contig_1, start=194480, stop=195130, strand=+, nt=[ATGCAAAAAT..TAGCAAGTAA]
22:59:20.477 - INFO - CDS - seq=contig_1, start=195646, stop=196350, strand=+, nt=[TTGGACAGTC..CGGTTTTTAA]
22:59:20.477 - INFO - CDS - seq=contig_1, start=196464, stop=196577, strand=-, nt=[ATGCGAGACC..GTCGTTCTAG]
22:59:20.477 - INFO - CDS - seq=contig_1, start=196677, stop=196892, strand=+, nt=[ATGACAAATA..TCTTCAATAA]
22:59:20.477 - INFO - CDS - seq=contig_1, start=197326, stop=198114, strand=+, nt=[ATGACACTGT..GGACTTTTAG]
22:59:20.477 - INFO - CDS - seq=contig_1, start=198466, stop=198681, strand=+, nt=[ATGATAAACA..TCTACATTAA]
22:59:20.477 - INFO - CDS - seq=contig_1, start=199034, stop=199324, strand=+, nt=[ATGAATGAAA..TTCATTGTAA]
22:59:20.477 - INFO - CDS - seq=contig_1, start=199562, stop=199891, strand=-, nt=[ATGCAGAATC..CTGGGCGTAG]
22:59:20.477 - INFO - CDS - seq=contig_1, start=199878, stop=200588, strand=-, nt=[ATGAATGATG..AGAATCCTGA]
22:59:20.477 - INFO - CDS - seq=contig_1, start=200939, stop=201148, strand=+, nt=[ATGGCAGACG..GATCAGTTAA]
22:59:20.477 - INFO - CDS - seq=contig_1, start=201169, stop=201375, strand=+, nt=[ATGGCTCAAT..GCGGCGATAA]
22:59:20.477 - INFO - CDS - seq=contig_1, start=201344, stop=203083, strand=+, nt=[GTGCTTTTTG..CGTTGCATAA]
22:59:20.477 - INFO - CDS - seq=contig_1, start=203328, stop=203801, strand=-, nt=[ATGGATGTCT..GAGGGCATAG]
22:59:20.477 - INFO - CDS - seq=contig_1, start=204158, stop=204769, strand=+, nt=[ATGTTGCGTC..TTTCTTTTAA]
22:59:20.478 - INFO - CDS - seq=contig_1, start=204942, stop=205574, strand=-, nt=[ATGGTTGGCT..AGCGAAATGA]
22:59:20.478 - INFO - CDS - seq=contig_1, start=205769, stop=207211, strand=-, nt=[ATGGATCAGT..GGAACTTTAA]
22:59:20.478 - INFO - CDS - seq=contig_1, start=207452, stop=207811, strand=+, nt=[ATGGAATCAA..TGAGAGCTAA]
22:59:20.478 - INFO - CDS - seq=contig_1, start=208454, stop=209830, strand=-, nt=[ATGGCATCAG..TGTTAAATAA]
22:59:20.478 - INFO - CDS - seq=contig_1, start=209882, stop=210040, strand=-, nt=[ATGGGTTTGA..TGTTGAGTAA]
22:59:20.478 - INFO - CDS - seq=contig_1, start=210059, stop=210697, strand=+, nt=[ATGGCCAGCT..GCCGAACTAG]
22:59:20.478 - INFO - CDS - seq=contig_1, start=210746, stop=211639, strand=+, nt=[ATGCCAACCC..GAAAAATTGA]
22:59:20.478 - INFO - CDS - seq=contig_1, start=211804, stop=212481, strand=-, nt=[ATGCTTTTGA..CATGTCCTAG]
22:59:20.478 - INFO - CDS - seq=contig_1, start=212637, stop=212861, strand=-, nt=[ATGAAAAAAG..GACAAACTAG]
22:59:20.478 - INFO - CDS - seq=contig_1, start=213201, stop=213806, strand=-, nt=[ATGCACATGT..AGTAAAATGA]
22:59:20.478 - INFO - CDS - seq=contig_1, start=213984, stop=214757, strand=+, nt=[ATGAATTTTT..TTATCTTTAG]
22:59:20.478 - INFO - CDS - seq=contig_1, start=215102, stop=217252, strand=+, nt=[ATGGCAGATG..TGCTGCTTAG]
22:59:20.478 - INFO - CDS - seq=contig_1, start=217272, stop=217775, strand=+, nt=[TTGGAGTTGT..GGCTCAATGA]
22:59:20.478 - INFO - CDS - seq=contig_1, start=217708, stop=218388, strand=-, nt=[GTGACTTTGG..ATCTTGCTGA]
22:59:20.478 - INFO - CDS - seq=contig_1, start=218614, stop=218934, strand=-, nt=[ATGGCAGTTA..GCTGTTCTGA]
22:59:20.478 - INFO - CDS - seq=contig_1, start=218939, stop=219745, strand=-, nt=[ATGCAGAATG..AGAGGGCTAG]
22:59:20.478 - INFO - CDS - seq=contig_1, start=219789, stop=220340, strand=-, nt=[ATGTCGGGGA..ACCGCATTAA]
22:59:20.478 - INFO - CDS - seq=contig_1, start=220620, stop=221321, strand=+, nt=[ATGGCATATA..TGAGTGGTAG]
22:59:20.478 - INFO - CDS - seq=contig_1, start=221334, stop=223907, strand=+, nt=[ATGAAACCAC..AAACGAATAA]
22:59:20.478 - INFO - CDS - seq=contig_1, start=224111, stop=225346, strand=+, nt=[ATGAAATTCA..CCACCGGTAA]
22:59:20.478 - INFO - CDS - seq=contig_1, start=225835, stop=226014, strand=+, nt=[ATGGTAAAAC..TCATTGCTGA]
22:59:20.478 - INFO - CDS - seq=contig_1, start=226065, stop=226247, strand=+, nt=[ATGACATCAT..ACGTCACTAA]
22:59:20.478 - INFO - CDS - seq=contig_1, start=226327, stop=227184, strand=+, nt=[ATGGTCGATA..ATTAGGATAA]
22:59:20.478 - INFO - CDS - seq=contig_1, start=227463, stop=227765, strand=+, nt=[ATGGCTTATC..TCACCGATGA]
22:59:20.478 - INFO - CDS - seq=contig_1, start=228770, stop=229363, strand=+, nt=[ATGAATAAAG..CAGCCAATAA]
22:59:20.478 - INFO - CDS - seq=contig_1, start=229436, stop=229660, strand=-, nt=[ATGAGCGGCG..GAAGGCTTGA]
22:59:20.478 - INFO - CDS - seq=contig_1, start=229657, stop=230676, strand=-, nt=[ATGCCTAGCC..AATGATATGA]
22:59:20.478 - INFO - CDS - seq=contig_1, start=230669, stop=232147, strand=-, nt=[ATGGGGCTCA..TCATGCCTAG]
22:59:20.478 - INFO - CDS - seq=contig_1, start=232589, stop=232825, strand=-, nt=[ATGGCACAAC..AGAAGATTAA]
22:59:20.478 - INFO - CDS - seq=contig_1, start=232912, stop=233508, strand=-, nt=[ATGCTTAACA..GCCATTCTAA]
22:59:20.478 - INFO - CDS - seq=contig_1, start=233539, stop=233835, strand=-, nt=[ATGGCTGAAA..AGAAGACTAA]
22:59:20.478 - INFO - CDS - seq=contig_1, start=233963, stop=234394, strand=-, nt=[ATGTTGAATA..GCCATTTTAG]
22:59:20.478 - INFO - CDS - seq=contig_1, start=234577, stop=235281, strand=+, nt=[ATGACAGCTT..CACGATTTGA]
22:59:20.478 - INFO - CDS - seq=contig_1, start=235386, stop=238007, strand=-, nt=[ATGGATGATC..GCCTGAATAA]
22:59:20.478 - INFO - CDS - seq=contig_1, start=238069, stop=240030, strand=-, nt=[GTGACGGACA..TGATGCTTGA]
22:59:20.478 - INFO - CDS - seq=contig_1, start=240283, stop=241398, strand=-, nt=[ATGAAACTGG..AAGAGCGTAA]
22:59:20.478 - INFO - CDS - seq=contig_1, start=241395, stop=241607, strand=-, nt=[ATGACAACAA..GAGCGCATGA]
22:59:20.478 - INFO - CDS - seq=contig_1, start=242178, stop=242360, strand=+, nt=[ATGACATCTA..AAAACACTAA]
22:59:20.478 - INFO - CDS - seq=contig_1, start=242460, stop=243599, strand=-, nt=[ATGAAATTTA..AACGTTTTAA]
22:59:20.478 - INFO - CDS - seq=contig_1, start=243772, stop=245121, strand=-, nt=[ATGCCCAATT..CCGCGGGTAA]
22:59:20.478 - INFO - CDS - seq=contig_1, start=245929, stop=246069, strand=+, nt=[ATGACAACCA..ATCTGCCTAA]
22:59:20.478 - INFO - CDS - seq=contig_1, start=246230, stop=246754, strand=+, nt=[ATGACCCCAA..GGTCATCTGA]
22:59:20.478 - INFO - CDS - seq=contig_1, start=246899, stop=247735, strand=+, nt=[GTGAAAAATC..GCGTAAATAA]
22:59:20.478 - INFO - CDS - seq=contig_1, start=247753, stop=248517, strand=+, nt=[ATGCCAACCT..AAGACCGTAA]
22:59:20.478 - INFO - CDS - seq=contig_1, start=248940, stop=250328, strand=+, nt=[ATGTCTGCAT..GGGCAAGTAA]
22:59:20.478 - INFO - CDS - seq=contig_1, start=250370, stop=252271, strand=+, nt=[ATGCCTGATG..GGCCCAATAA]
22:59:20.478 - INFO - CDS - seq=contig_1, start=252534, stop=252743, strand=+, nt=[ATGTTAGGCT..CACGCCATAA]
22:59:20.478 - INFO - CDS - seq=contig_1, start=252905, stop=253669, strand=+, nt=[ATGAGTCAAC..AGGGCGCTAG]
22:59:20.478 - INFO - CDS - seq=contig_1, start=253671, stop=254159, strand=+, nt=[ATGCGCTTAT..AAGACCATGA]
22:59:20.478 - INFO - CDS - seq=contig_1, start=254156, stop=255355, strand=+, nt=[ATGACTTTAA..AACGCGATGA]
22:59:20.479 - INFO - CDS - seq=contig_1, start=255499, stop=256584, strand=-, nt=[ATGAAGTTAG..AGCAGCTTAA]
22:59:20.479 - INFO - CDS - seq=contig_1, start=257307, stop=262979, strand=+, nt=[ATGATCTTGA..CTCTGAATGA]
22:59:20.479 - INFO - CDS - seq=contig_1, start=263135, stop=264325, strand=-, nt=[ATGCGAATAA..GAAATCATAA]
22:59:20.479 - INFO - CDS - seq=contig_1, start=264312, stop=265001, strand=-, nt=[ATGATTGATT..GAATAACTGA]
22:59:20.479 - INFO - CDS - seq=contig_1, start=264994, stop=266058, strand=-, nt=[ATGAATAAAG..TGATGATTGA]
22:59:20.479 - INFO - CDS - seq=contig_1, start=266629, stop=266805, strand=-, nt=[ATGGATAGTC..AGTTAGATGA]
22:59:20.479 - INFO - CDS - seq=contig_1, start=266816, stop=267076, strand=-, nt=[ATGTTAGAAC..AGAGGTTTAG]
22:59:20.479 - INFO - CDS - seq=contig_1, start=267419, stop=268204, strand=-, nt=[ATGTACAAAG..CTTGATTTAA]
22:59:20.479 - INFO - CDS - seq=contig_1, start=268502, stop=269212, strand=-, nt=[ATGGATGTAA..CAAGAAATAA]
22:59:20.479 - INFO - CDS - seq=contig_1, start=269614, stop=271440, strand=+, nt=[TTGGGTGCAA..GATGAAATAA]
22:59:20.479 - INFO - CDS - seq=contig_1, start=271477, stop=273534, strand=+, nt=[ATGTTACTAA..TCGAAGGTGA]
22:59:20.479 - INFO - CDS - seq=contig_1, start=273539, stop=273982, strand=+, nt=[ATGAAAGGAC..AGTTGAATAA]
22:59:20.479 - INFO - CDS - seq=contig_1, start=273986, stop=275140, strand=+, nt=[ATGATGGAAG..AGATCGTTAA]
22:59:20.479 - INFO - CDS - seq=contig_1, start=275258, stop=276214, strand=+, nt=[ATGGCAGATG..CGACCTCTAG]
22:59:20.479 - INFO - CDS - seq=contig_1, start=276311, stop=277240, strand=-, nt=[ATGAAACAAA..CTTTTTCTAA]
22:59:20.479 - INFO - CDS - seq=contig_1, start=277440, stop=278360, strand=+, nt=[ATGCACGAAT..TTTGTTCTAG]
22:59:20.479 - INFO - CDS - seq=contig_1, start=279033, stop=279962, strand=+, nt=[ATGGTGAAAC..TAATCGGTAA]
22:59:20.479 - INFO - CDS - seq=contig_1, start=280042, stop=281340, strand=-, nt=[ATGCGAAAAC..AAGTGAATGA]
22:59:20.479 - INFO - CDS - seq=contig_1, start=281531, stop=281929, strand=+, nt=[ATGCAAAGAG..ACTAGAATAA]
22:59:20.479 - INFO - CDS - seq=contig_1, start=282049, stop=282558, strand=+, nt=[TTGAAAACAT..AGCACTGTAA]
22:59:20.479 - INFO - CDS - seq=contig_1, start=282816, stop=283673, strand=+, nt=[ATGAAAATAA..GAAAAAATAG]
22:59:20.479 - INFO - CDS - seq=contig_1, start=283928, stop=284617, strand=-, nt=[ATGACGAACA..GCTGTCGTAA]
22:59:20.479 - INFO - CDS - seq=contig_1, start=284595, stop=286139, strand=-, nt=[ATGAAAATAA..TAATCGTTGA]
22:59:20.479 - INFO - CDS - seq=contig_1, start=286292, stop=287617, strand=+, nt=[ATGGAGAACA..GCTTTCATAA]
22:59:20.479 - INFO - CDS - seq=contig_1, start=287810, stop=288988, strand=+, nt=[ATGGCAAAGA..AGAAGCTTAA]
22:59:20.479 - INFO - CDS - seq=contig_1, start=289648, stop=290067, strand=+, nt=[TTGACAATTC..GGGACATTGA]
22:59:20.479 - INFO - CDS - seq=contig_1, start=290179, stop=290763, strand=+, nt=[TTGACTAGAA..TGTTAAATGA]
22:59:20.479 - INFO - CDS - seq=contig_1, start=290918, stop=292312, strand=+, nt=[ATGCGTATCG..TGAAAAGTAG]
22:59:20.479 - INFO - CDS - seq=contig_1, start=292452, stop=293246, strand=-, nt=[ATGTTCAAAT..TGAACCCTGA]
22:59:20.479 - INFO - CDS - seq=contig_1, start=293269, stop=293916, strand=-, nt=[ATGGAATCAA..GCAGTCTTAA]
22:59:20.479 - INFO - CDS - seq=contig_1, start=294082, stop=295191, strand=-, nt=[ATGAAAGTTA..TACTGGTTAA]
22:59:20.479 - INFO - CDS - seq=contig_1, start=295671, stop=297833, strand=-, nt=[ATGCCTAAAT..ACAAAATTAA]
22:59:20.479 - INFO - CDS - seq=contig_1, start=297826, stop=298818, strand=-, nt=[ATGAACTGGC..CCATGCCTAA]
22:59:20.479 - INFO - CDS - seq=contig_1, start=298823, stop=299758, strand=-, nt=[ATGGAAGTCA..TCGGGGGTGA]
22:59:20.479 - INFO - CDS - seq=contig_1, start=300125, stop=300748, strand=+, nt=[ATGAAGAAAC..TGTACATTGA]
22:59:20.479 - INFO - CDS - seq=contig_1, start=300856, stop=301404, strand=-, nt=[ATGTTTAGCT..GTGGGCTTAA]
22:59:20.479 - INFO - CDS - seq=contig_1, start=301654, stop=303069, strand=+, nt=[ATGCTGGCGG..GGAGGCCTAG]
22:59:20.479 - INFO - CDS - seq=contig_1, start=303256, stop=304722, strand=+, nt=[GTGGTGTTAG..GAAGGCATGA]
22:59:20.479 - INFO - CDS - seq=contig_1, start=304719, stop=305459, strand=+, nt=[ATGAGCGATT..GAACGCTTAA]
22:59:20.479 - INFO - CDS - seq=contig_1, start=305576, stop=306445, strand=-, nt=[ATGCTGACTT..AGCTGAATAA]
22:59:20.479 - INFO - CDS - seq=contig_1, start=306543, stop=307319, strand=-, nt=[ATGCTGCTTA..AAACGACTGA]
22:59:20.479 - INFO - CDS - seq=contig_1, start=307309, stop=308874, strand=-, nt=[ATGAAGACTG..TGCTGCTTAA]
22:59:20.479 - INFO - CDS - seq=contig_1, start=308864, stop=309337, strand=-, nt=[ATGGAACAAA..TGAAGACTGA]
22:59:20.479 - INFO - CDS - seq=contig_1, start=309519, stop=309842, strand=-, nt=[ATGAATATTT..AATGGTTTAG]
22:59:20.479 - INFO - CDS - seq=contig_1, start=310000, stop=310338, strand=+, nt=[ATGGAGCTTA..GTTTGTATAA]
22:59:20.479 - INFO - CDS - seq=contig_1, start=310411, stop=311121, strand=+, nt=[ATGGATCGTA..ACAAGCCTGA]
22:59:20.480 - INFO - CDS - seq=contig_1, start=311304, stop=312575, strand=+, nt=[ATGAAGAGAC..TAATAAGTAA]
22:59:20.480 - INFO - CDS - seq=contig_1, start=312601, stop=312855, strand=+, nt=[ATGACGACAT..AAAAAAGTAA]
22:59:20.480 - INFO - CDS - seq=contig_1, start=312927, stop=313673, strand=-, nt=[ATGGCAAACG..CCGAATCTAA]
22:59:20.480 - INFO - CDS - seq=contig_1, start=313677, stop=315284, strand=-, nt=[ATGTCAGTTA..GGAGGGCTAA]
22:59:20.480 - INFO - CDS - seq=contig_1, start=315380, stop=315541, strand=-, nt=[GTGGGCAACG..TGGTTTATGA]
22:59:20.480 - INFO - CDS - seq=contig_1, start=315987, stop=316862, strand=+, nt=[ATGCCAGAAG..TGCGAGATGA]
22:59:20.480 - INFO - CDS - seq=contig_1, start=316859, stop=317707, strand=+, nt=[ATGACGATTG..AGAAGCTTAA]
22:59:20.480 - INFO - CDS - seq=contig_1, start=317863, stop=318882, strand=-, nt=[ATGGTAGAAA..CTTCCTTTAA]
22:59:20.480 - INFO - CDS - seq=contig_1, start=318892, stop=319011, strand=-, nt=[ATGGCCAAAA..ATTGAGGTGA]
22:59:20.480 - INFO - CDS - seq=contig_1, start=319117, stop=320388, strand=+, nt=[ATGCATGAAT..AAAGGCTTAA]
22:59:20.480 - INFO - CDS - seq=contig_1, start=320623, stop=321597, strand=+, nt=[ATGGTCGGAA..ACAGAAGTAA]
22:59:20.480 - INFO - CDS - seq=contig_1, start=321625, stop=322440, strand=+, nt=[ATGACTTTAA..CAACTACTAA]
22:59:20.480 - INFO - CDS - seq=contig_1, start=322458, stop=323369, strand=+, nt=[ATGGCTGAAG..CTTGATGTAA]
22:59:20.480 - INFO - CDS - seq=contig_1, start=323631, stop=323996, strand=+, nt=[ATGGTTCAAT..CAAAAAGTGA]
22:59:20.480 - INFO - CDS - seq=contig_1, start=324122, stop=325051, strand=-, nt=[ATGGCAATGA..TGCTGAATAA]
22:59:20.480 - INFO - CDS - seq=contig_1, start=325112, stop=326305, strand=-, nt=[ATGAAAAAGA..GAATAGATAG]
22:59:20.480 - INFO - CDS - seq=contig_1, start=326583, stop=328004, strand=-, nt=[ATGCAACGTT..AAAAAACTAG]
22:59:20.480 - INFO - CDS - seq=contig_1, start=328265, stop=328888, strand=-, nt=[ATGACAAGTT..AGGCGACTAG]
22:59:20.480 - INFO - CDS - seq=contig_1, start=329321, stop=329842, strand=-, nt=[TTGAATCGAT..CATTCACTGA]
22:59:20.480 - INFO - CDS - seq=contig_1, start=329839, stop=330303, strand=-, nt=[GTGGCAGATT..TTTTGATTGA]
22:59:20.480 - INFO - CDS - seq=contig_1, start=330441, stop=330992, strand=+, nt=[ATGACAGTGA..GCAAAAATAA]
22:59:20.480 - INFO - CDS - seq=contig_1, start=331136, stop=331465, strand=-, nt=[ATGAGTGAAG..AGAAGCCTAG]
22:59:20.480 - INFO - CDS - seq=contig_1, start=331465, stop=331797, strand=-, nt=[ATGACAGAGA..AGAAGCATAA]
22:59:20.480 - INFO - CDS - seq=contig_1, start=331914, stop=332624, strand=+, nt=[ATGTATCACG..GGACCAATGA]
22:59:20.480 - INFO - CDS - seq=contig_1, start=332793, stop=334151, strand=+, nt=[ATGAACGGAC..ACTCGACTAA]
22:59:20.480 - INFO - CDS - seq=contig_1, start=334207, stop=334626, strand=+, nt=[TTGGAAATCC..CACGGCTTAG]
22:59:20.480 - INFO - CDS - seq=contig_1, start=334639, stop=335739, strand=+, nt=[ATGAAACGAC..GAATGCTTAA]
22:59:20.480 - INFO - CDS - seq=contig_1, start=336092, stop=337474, strand=-, nt=[ATGACTGATA..TTCTCACTAG]
22:59:20.480 - INFO - CDS - seq=contig_1, start=337467, stop=338687, strand=-, nt=[ATGACAGAAA..ACATGACTGA]
22:59:20.480 - INFO - CDS - seq=contig_1, start=338740, stop=340188, strand=-, nt=[ATGCGGGGAA..CTTTAATTAA]
22:59:20.480 - INFO - CDS - seq=contig_1, start=340289, stop=340963, strand=-, nt=[ATGTTCTTTT..AACAGACTAA]
22:59:20.480 - INFO - CDS - seq=contig_1, start=341542, stop=342255, strand=+, nt=[ATGGCGAAAA..TGCTGAATAA]
22:59:20.480 - INFO - CDS - seq=contig_1, start=342271, stop=344181, strand=+, nt=[TTGAATAAAA..TGAAGCTTAG]
22:59:20.480 - INFO - CDS - seq=contig_1, start=344171, stop=345598, strand=+, nt=[ATGAAGCTTA..GTCGCAATAA]
22:59:20.480 - INFO - CDS - seq=contig_1, start=345653, stop=346450, strand=+, nt=[GTGGATTTTC..TGACAATTAG]
22:59:20.480 - INFO - CDS - seq=contig_1, start=346529, stop=347338, strand=+, nt=[GTGGGCGAAG..TGTGGTATAA]
22:59:20.480 - INFO - CDS - seq=contig_1, start=347847, stop=349175, strand=+, nt=[ATGGATAATG..TAAGAACTAA]
22:59:20.480 - INFO - CDS - seq=contig_1, start=349787, stop=350191, strand=+, nt=[ATGCAAATCT..AATTTGCTAA]
22:59:20.480 - INFO - CDS - seq=contig_1, start=350351, stop=350788, strand=+, nt=[ATGGCTAATG..CATTGATTGA]
22:59:20.480 - INFO - CDS - seq=contig_1, start=351155, stop=353002, strand=+, nt=[ATGAAAAAGA..GATCAACTAG]
22:59:20.480 - INFO - CDS - seq=contig_1, start=353163, stop=354335, strand=-, nt=[ATGAAGCGAA..GCAGCATTAG]
22:59:20.480 - INFO - CDS - seq=contig_1, start=355124, stop=356734, strand=+, nt=[ATGAAAAAGC..CTTCAAATAG]
22:59:20.480 - INFO - CDS - seq=contig_1, start=356759, stop=358102, strand=+, nt=[ATGACAATAC..AGCAAATTAA]
22:59:20.480 - INFO - CDS - seq=contig_1, start=358226, stop=359056, strand=-, nt=[ATGAAGCGCA..GAATCCGTAA]
22:59:20.480 - INFO - CDS - seq=contig_1, start=359432, stop=360532, strand=-, nt=[ATGATTGTTA..GGTTCGTTAA]
22:59:20.480 - INFO - CDS - seq=contig_1, start=360830, stop=361309, strand=+, nt=[ATGAACATTA..TCATAAATAG]
22:59:20.480 - INFO - CDS - seq=contig_1, start=361501, stop=361962, strand=+, nt=[TTGATAATCA..GCGAATGTGA]
22:59:20.480 - INFO - CDS - seq=contig_1, start=362049, stop=362504, strand=+, nt=[ATGACAACTT..ACCACGGTGA]
22:59:20.480 - INFO - CDS - seq=contig_1, start=362595, stop=363116, strand=+, nt=[ATGATTCAAA..GGCATCGTGA]
22:59:20.481 - INFO - CDS - seq=contig_1, start=363113, stop=363868, strand=+, nt=[GTGACGTTGA..GCAAAAGTGA]
22:59:20.481 - INFO - CDS - seq=contig_1, start=363851, stop=364888, strand=-, nt=[ATGACCAAAA..GCAGGTATAA]
22:59:20.481 - INFO - CDS - seq=contig_1, start=365119, stop=365640, strand=+, nt=[TTGGTCATCA..CGGTAAATGA]
22:59:20.481 - INFO - CDS - seq=contig_1, start=365651, stop=366151, strand=+, nt=[ATGACTGCTA..AGACCCTTGA]
22:59:20.481 - INFO - CDS - seq=contig_1, start=366188, stop=366919, strand=+, nt=[ATGTCACTTA..AGCTGTTTAA]
22:59:20.481 - INFO - CDS - seq=contig_1, start=367009, stop=367368, strand=+, nt=[ATGCTTCACA..GGGGCGTTAG]
22:59:20.481 - INFO - CDS - seq=contig_1, start=367419, stop=368039, strand=+, nt=[ATGGAAGTTG..TCAGGTTTAA]
22:59:20.481 - INFO - CDS - seq=contig_1, start=368182, stop=368436, strand=+, nt=[ATGGTACACA..GAACTTTTAG]
22:59:20.481 - INFO - CDS - seq=contig_1, start=368607, stop=368927, strand=+, nt=[ATGCAGTGGT..CGGCGATTAA]
22:59:20.481 - INFO - CDS - seq=contig_1, start=369007, stop=369756, strand=+, nt=[ATGCAGACAA..AAAGAATTAA]
22:59:20.481 - INFO - CDS - seq=contig_1, start=370336, stop=371268, strand=-, nt=[ATGTCGACTG..ATCGTTATAA]
22:59:20.481 - INFO - CDS - seq=contig_1, start=371371, stop=372438, strand=+, nt=[GTGAAACGAA..ATTACAATAA]
22:59:20.481 - INFO - CDS - seq=contig_1, start=372765, stop=373601, strand=+, nt=[ATGTCAATAT..CGATGTCTGA]
22:59:20.481 - INFO - CDS - seq=contig_1, start=373594, stop=374430, strand=+, nt=[ATGTCTGAAC..TTTAGTTTAA]
22:59:20.481 - INFO - CDS - seq=contig_1, start=374497, stop=374982, strand=+, nt=[ATGACAATTG..GGCCGAATGA]
22:59:20.481 - INFO - CDS - seq=contig_1, start=374979, stop=375911, strand=+, nt=[ATGAAGACAA..CAACACCTGA]
22:59:20.481 - INFO - CDS - seq=contig_1, start=375856, stop=376755, strand=+, nt=[ATGACCGAGC..GCACAAATAA]
22:59:20.481 - INFO - CDS - seq=contig_1, start=376742, stop=377764, strand=+, nt=[ATGGGCACAA..GCCGGATTAG]
22:59:20.481 - INFO - CDS - seq=contig_1, start=377752, stop=378819, strand=+, nt=[ATGGCCGGAT..TGACGCCTGA]
22:59:20.481 - INFO - CDS - seq=contig_1, start=378809, stop=379594, strand=+, nt=[ATGACGCCTG..GTTTTTGTGA]
22:59:20.481 - INFO - CDS - seq=contig_1, start=380008, stop=385323, strand=-, nt=[ATGCATAATG..AGACAAATAG]
22:59:20.481 - INFO - CDS - seq=contig_1, start=385720, stop=386451, strand=+, nt=[ATGGCTGACG..TCCGATGTGA]
22:59:20.481 - INFO - CDS - seq=contig_1, start=386545, stop=387105, strand=+, nt=[ATGGCACACA..TATCGATTAG]
22:59:20.481 - INFO - CDS - seq=contig_1, start=387139, stop=388575, strand=+, nt=[ATGAATATGA..TGGAAATTAA]
22:59:20.481 - INFO - CDS - seq=contig_1, start=388832, stop=389950, strand=+, nt=[GTGAGTATTC..TGGAGCTTAA]
22:59:20.481 - INFO - CDS - seq=contig_1, start=389940, stop=390872, strand=+, nt=[ATGGAGCTTA..TTACGCATGA]
22:59:20.481 - INFO - CDS - seq=contig_1, start=390869, stop=391684, strand=+, nt=[ATGACCCACA..TAAGGGGTGA]
22:59:20.481 - INFO - CDS - seq=contig_1, start=391681, stop=393057, strand=+, nt=[GTGAAAACCA..TAAGCGGTAG]
22:59:20.481 - INFO - CDS - seq=contig_1, start=393224, stop=393646, strand=+, nt=[ATGCCGCAAG..CAGACAATAG]
22:59:20.481 - INFO - CDS - seq=contig_1, start=393688, stop=394386, strand=+, nt=[ATGACAGTAG..GACAGTGTGA]
22:59:20.481 - INFO - CDS - seq=contig_1, start=394471, stop=395001, strand=-, nt=[ATGAAAATTG..ATTACGTTAA]
22:59:20.481 - INFO - CDS - seq=contig_1, start=394991, stop=396235, strand=-, nt=[ATGACGACTG..TGAAAATTGA]
22:59:20.481 - INFO - CDS - seq=contig_1, start=396635, stop=397192, strand=+, nt=[ATGCGCGATT..CCCAACTTAA]
22:59:20.481 - INFO - CDS - seq=contig_1, start=397215, stop=397433, strand=+, nt=[ATGAAACATA..AAAAGGCTGA]
22:59:20.481 - INFO - CDS - seq=contig_1, start=397652, stop=397969, strand=-, nt=[ATGAAAGCCT..GGAACCCTAA]
22:59:20.481 - INFO - CDS - seq=contig_1, start=398039, stop=398356, strand=-, nt=[ATGAAAGCCT..TGGAGTATAA]
22:59:20.481 - INFO - CDS - seq=contig_1, start=398570, stop=399073, strand=-, nt=[ATGTTAAAAG..CAAACTCTAG]
22:59:20.481 - INFO - CDS - seq=contig_1, start=399187, stop=399690, strand=+, nt=[ATGAAACTAG..GGATGAATAA]
22:59:20.481 - INFO - CDS - seq=contig_1, start=399931, stop=401505, strand=-, nt=[ATGCCTAATG..GCACGCATAG]
22:59:20.481 - INFO - CDS - seq=contig_1, start=401498, stop=402070, strand=-, nt=[ATGTACGAGT..TCATGCCTAA]
22:59:20.481 - INFO - CDS - seq=contig_1, start=402434, stop=402931, strand=+, nt=[ATGACAACAA..AATACAATAA]
22:59:20.481 - INFO - CDS - seq=contig_1, start=403000, stop=404034, strand=-, nt=[ATGAATGACA..TACCCGGTAG]
22:59:20.481 - INFO - CDS - seq=contig_1, start=404284, stop=405486, strand=-, nt=[ATGTCACCAT..GACAATCTGA]
22:59:20.481 - INFO - CDS - seq=contig_1, start=405839, stop=407422, strand=+, nt=[TTGACCATCT..GGCCAAATGA]
22:59:20.481 - INFO - CDS - seq=contig_1, start=407423, stop=408142, strand=+, nt=[ATGGCAAAAT..TACGCACTAA]
22:59:20.481 - INFO - CDS - seq=contig_1, start=408256, stop=409596, strand=+, nt=[ATGGAAAAAG..CGGGGCATAA]
22:59:20.481 - INFO - CDS - seq=contig_1, start=409694, stop=410656, strand=+, nt=[ATGAGCAACG..GATTGCCTGA]
22:59:20.481 - INFO - CDS - seq=contig_1, start=410716, stop=411615, strand=+, nt=[ATGCAGTATT..GCGCGGGTAG]
22:59:20.481 - INFO - CDS - seq=contig_1, start=411739, stop=414126, strand=-, nt=[ATGGACCAAA..GTTAAAGTAG]
22:59:20.482 - INFO - CDS - seq=contig_1, start=414387, stop=415148, strand=-, nt=[ATGAATAGCA..GATCGTCTAA]
22:59:20.482 - INFO - CDS - seq=contig_1, start=415370, stop=416461, strand=+, nt=[ATGTTAAAGA..TGAATGGTAA]
22:59:20.482 - INFO - CDS - seq=contig_1, start=416518, stop=416943, strand=+, nt=[ATGGTTGGAT..GCAATCATGA]
22:59:20.482 - INFO - CDS - seq=contig_1, start=416963, stop=417439, strand=+, nt=[ATGTCAAAAA..GCTGAAATAA]
22:59:20.482 - INFO - CDS - seq=contig_1, start=417458, stop=418219, strand=+, nt=[ATGACAATTC..AAAAGCATGA]
22:59:20.482 - INFO - CDS - seq=contig_1, start=418216, stop=419094, strand=+, nt=[ATGAGTGAAG..GATTATTTAA]
22:59:20.482 - INFO - CDS - seq=contig_1, start=419125, stop=419784, strand=+, nt=[ATGTCTATTG..TAAACAATAG]
22:59:20.482 - INFO - CDS - seq=contig_1, start=419932, stop=420777, strand=+, nt=[TTGGGCGTCT..AAATGACTAG]
22:59:20.482 - INFO - CDS - seq=contig_1, start=420796, stop=421848, strand=+, nt=[ATGACAAAGA..GAATAGATGA]
22:59:20.482 - INFO - CDS - seq=contig_1, start=421982, stop=422671, strand=+, nt=[ATGAATCAAA..TCGCGGTTAA]
22:59:20.482 - INFO - CDS - seq=contig_1, start=423099, stop=424169, strand=+, nt=[ATGGCAGACA..ATTCCTATAG]
22:59:20.482 - INFO - CDS - seq=contig_1, start=424307, stop=424765, strand=+, nt=[ATGTTACTGA..GGGGAGTTGA]
22:59:20.482 - INFO - CDS - seq=contig_1, start=424785, stop=426305, strand=+, nt=[ATGCAGCAAA..TACTAAATAA]
22:59:20.482 - INFO - CDS - seq=contig_1, start=426335, stop=426628, strand=+, nt=[ATGAAGATCT..TGTGAAATAA]
22:59:20.482 - INFO - CDS - seq=contig_1, start=426745, stop=427386, strand=+, nt=[TTGGCTAAAC..GGGCAAGTAA]
22:59:20.482 - INFO - CDS - seq=contig_1, start=427422, stop=428195, strand=+, nt=[GTGAAAAATT..ATCGAATTAA]
22:59:20.482 - INFO - CDS - seq=contig_1, start=428386, stop=429255, strand=+, nt=[TTGAACTCAC..GGTAGTTTAG]
22:59:20.482 - INFO - CDS - seq=contig_1, start=429349, stop=430170, strand=-, nt=[ATGCTTAAAG..CCACCCATAA]
22:59:20.482 - INFO - CDS - seq=contig_1, start=430370, stop=431098, strand=+, nt=[ATGCTTGAAC..TAAGGCGTGA]
22:59:20.482 - INFO - CDS - seq=contig_1, start=431350, stop=432150, strand=+, nt=[ATGTCTGATT..CAGAGGTTAA]
22:59:20.482 - INFO - CDS - seq=contig_1, start=432177, stop=434045, strand=+, nt=[TTGAATAGTT..GGGACTTTAA]
22:59:20.482 - INFO - CDS - seq=contig_1, start=434046, stop=434555, strand=+, nt=[ATGAACGTTT..TACAATTTAA]
22:59:20.482 - INFO - CDS - seq=contig_1, start=434573, stop=435142, strand=+, nt=[ATGCAATATG..AGAAGCTTAG]
22:59:20.482 - INFO - CDS - seq=contig_1, start=435284, stop=436402, strand=+, nt=[ATGGCTGATC..CGCGAAATAA]
22:59:20.482 - INFO - CDS - seq=contig_1, start=436429, stop=436809, strand=+, nt=[GTGTCGTCAT..AAGAGCGTGA]
22:59:20.482 - INFO - CDS - seq=contig_1, start=436938, stop=437609, strand=+, nt=[ATGTTTATTG..TGGGATTTAA]
22:59:20.482 - INFO - CDS - seq=contig_1, start=437834, stop=438469, strand=-, nt=[ATGCGCTATC..GGATTTGTAG]
22:59:20.482 - INFO - CDS - seq=contig_1, start=438453, stop=439190, strand=-, nt=[ATGAATAATC..ATCTGTTTAA]
22:59:20.482 - INFO - CDS - seq=contig_1, start=439183, stop=439650, strand=-, nt=[ATGTTTGAAA..TCATGAATAA]
22:59:20.482 - INFO - CDS - seq=contig_1, start=440175, stop=442046, strand=+, nt=[ATGTCATTAA..CGAACGTTGA]
22:59:20.482 - INFO - CDS - seq=contig_1, start=442021, stop=442377, strand=+, nt=[ATGACACCAC..TAAGATTTAA]
22:59:20.482 - INFO - CDS - seq=contig_1, start=442557, stop=442916, strand=+, nt=[ATGGTTAAAG..AGAAGCTTAA]
22:59:20.482 - INFO - CDS - seq=contig_1, start=442929, stop=443297, strand=+, nt=[ATGACGGTCG..TGTGAAATGA]
22:59:20.482 - INFO - CDS - seq=contig_1, start=443299, stop=444078, strand=+, nt=[TTGCCAATAC..CGGAAAGTAG]
22:59:20.482 - INFO - CDS - seq=contig_1, start=444091, stop=444789, strand=+, nt=[ATGGCTGATA..AAAATTATAG]
22:59:20.482 - INFO - CDS - seq=contig_1, start=444956, stop=446077, strand=+, nt=[GTGTTTGATG..ACACGTATGA]
22:59:20.482 - INFO - CDS - seq=contig_1, start=446074, stop=447174, strand=+, nt=[ATGAGTGACT..TCTCGCATAG]
22:59:20.482 - INFO - CDS - seq=contig_1, start=447189, stop=447953, strand=+, nt=[ATGAACTTAA..GGCTGAGTGA]
22:59:20.482 - INFO - CDS - seq=contig_1, start=448116, stop=450185, strand=-, nt=[ATGCTAGACA..TGAATCATAA]
22:59:20.482 - INFO - CDS - seq=contig_1, start=450303, stop=450935, strand=-, nt=[TTGAAAAAAT..TCACGGGTGA]
22:59:20.482 - INFO - CDS - seq=contig_1, start=451069, stop=451968, strand=-, nt=[ATGCCACTTA..AATTATCTAG]
22:59:20.482 - INFO - CDS - seq=contig_1, start=452006, stop=453265, strand=-, nt=[ATGCATTTTC..TTTCCATTAA]
22:59:20.482 - INFO - CDS - seq=contig_1, start=453298, stop=453594, strand=-, nt=[ATGATTCAGG..ACAAAAGTGA]
22:59:20.482 - INFO - CDS - seq=contig_1, start=453611, stop=454066, strand=-, nt=[ATGATCGAAA..AACTATTTAA]
22:59:20.482 - INFO - CDS - seq=contig_1, start=454346, stop=454951, strand=+, nt=[ATGACGAAAA..AGCTGTTTAA]
22:59:20.482 - INFO - CDS - seq=contig_1, start=455163, stop=456890, strand=-, nt=[ATGCTTAAAA..CTTAAAATAG]
22:59:20.482 - INFO - CDS - seq=contig_1, start=457048, stop=458049, strand=+, nt=[ATGCACATTT..ACAAGGGTAA]
22:59:20.482 - INFO - CDS - seq=contig_1, start=458036, stop=459259, strand=+, nt=[ATGAACAAGG..GGAAGGATAA]
22:59:20.482 - INFO - CDS - seq=contig_1, start=459262, stop=460242, strand=+, nt=[ATGACACATT..CAATGCGTAA]
22:59:20.482 - INFO - CDS - seq=contig_1, start=460558, stop=462663, strand=+, nt=[ATGTTTTTAG..AGTTGATTAG]
22:59:20.482 - INFO - CDS - seq=contig_1, start=462641, stop=463123, strand=+, nt=[ATGAACATTC..GTCGAATTAA]
22:59:20.482 - INFO - CDS - seq=contig_1, start=463142, stop=463579, strand=+, nt=[ATGCTTGGAC..TATACACTAG]
22:59:20.482 - INFO - CDS - seq=contig_1, start=463591, stop=463896, strand=+, nt=[ATGAAACGAA..ACTTAGTTAG]
22:59:20.483 - INFO - CDS - seq=contig_1, start=463925, stop=465196, strand=+, nt=[ATGCACATTA..GTTGTTTTGA]
22:59:20.483 - INFO - CDS - seq=contig_1, start=465247, stop=466284, strand=+, nt=[ATGAAAGCTG..ATGGATGTAA]
22:59:20.483 - INFO - CDS - seq=contig_1, start=466335, stop=467063, strand=+, nt=[ATGGATGATA..GCATGTATAA]
22:59:20.483 - INFO - CDS - seq=contig_1, start=467402, stop=468535, strand=+, nt=[GTGAGAAAAA..GCAGCGGTAA]
22:59:20.483 - INFO - CDS - seq=contig_1, start=468882, stop=470366, strand=+, nt=[GTGAATCATG..AATCGAGTAA]
22:59:20.483 - INFO - CDS - seq=contig_1, start=470344, stop=470757, strand=+, nt=[ATGCCATTAA..AATGGAGTGA]
22:59:20.483 - INFO - CDS - seq=contig_1, start=470763, stop=471242, strand=+, nt=[ATGGAGAAGA..TGTTTTGTAA]
22:59:20.483 - INFO - CDS - seq=contig_1, start=471355, stop=472692, strand=+, nt=[ATGCAAGTAC..TACAGCCTAA]
22:59:20.483 - INFO - CDS - seq=contig_1, start=472769, stop=473071, strand=+, nt=[ATGACACAAA..GAAAAAATAA]
22:59:20.483 - INFO - CDS - seq=contig_1, start=473071, stop=473934, strand=+, nt=[ATGCTCATTT..TGCGCTGTGA]
22:59:20.483 - INFO - CDS - seq=contig_1, start=473968, stop=474660, strand=+, nt=[ATGGCAAGTG..GTTAGCATGA]
22:59:20.483 - INFO - CDS - seq=contig_1, start=474657, stop=475178, strand=+, nt=[ATGACAGTTA..TGAAGCTTGA]
22:59:20.483 - INFO - CDS - seq=contig_1, start=476127, stop=476381, strand=+, nt=[ATGCAGAATA..AGGCGAATAA]
22:59:20.483 - INFO - CDS - seq=contig_1, start=476386, stop=476586, strand=+, nt=[ATGAAAATTC..GAAAAACTAA]
22:59:20.483 - INFO - CDS - seq=contig_1, start=477102, stop=477587, strand=+, nt=[ATGTTCGGGC..TGCTGGCTAA]
22:59:20.483 - INFO - CDS - seq=contig_1, start=477661, stop=478410, strand=+, nt=[TTGAGTGTAA..GCTGGATTGA]
22:59:20.483 - INFO - CDS - seq=contig_1, start=478555, stop=480042, strand=-, nt=[ATGGAAGAAC..AGCCTCTTGA]
22:59:20.483 - INFO - CDS - seq=contig_1, start=480198, stop=480710, strand=+, nt=[ATGCAAAAAA..GAATAACTAG]
22:59:20.483 - INFO - CDS - seq=contig_1, start=480753, stop=481379, strand=+, nt=[ATGAAAAAGA..AGTACAGTAA]
22:59:20.483 - INFO - CDS - seq=contig_1, start=481385, stop=481756, strand=+, nt=[ATGATGAAGA..CGAACCTTAG]
22:59:20.483 - INFO - CDS - seq=contig_1, start=481831, stop=484965, strand=+, nt=[ATGAAGAAAA..ATTACATTAA]
22:59:20.483 - INFO - CDS - seq=contig_1, start=485165, stop=485365, strand=+, nt=[ATGAACCACA..CGTTGATTAG]
22:59:20.483 - INFO - CDS - seq=contig_1, start=485707, stop=488796, strand=+, nt=[ATGAAAAAGT..TGAGCAATAG]
22:59:20.483 - INFO - CDS - seq=contig_1, start=489053, stop=490657, strand=+, nt=[ATGAAACAGA..AGTTGAGTAG]
22:59:20.483 - INFO - CDS - seq=contig_1, start=490720, stop=492105, strand=+, nt=[ATGAATCAGA..CGAAGTTTAG]
22:59:20.483 - INFO - CDS - seq=contig_1, start=492389, stop=493090, strand=+, nt=[TTGAAATCAA..ATCCATTTAG]
22:59:20.483 - INFO - CDS - seq=contig_1, start=493106, stop=494497, strand=+, nt=[TTGAAAAAGA..TGAAAGCTGA]
22:59:20.483 - INFO - CDS - seq=contig_1, start=494707, stop=495363, strand=+, nt=[ATGGCATTGC..TGAACATTAA]
22:59:20.483 - INFO - CDS - seq=contig_1, start=495353, stop=496024, strand=+, nt=[ATGAACATTA..GGATAAGTAG]
22:59:20.483 - INFO - CDS - seq=contig_1, start=496026, stop=496967, strand=+, nt=[ATGCAAAAGT..CTTAGATTAG]
22:59:20.483 - INFO - CDS - seq=contig_1, start=496979, stop=498943, strand=+, nt=[ATGACAAAAA..ACCAACGTGA]
22:59:20.483 - INFO - CDS - seq=contig_1, start=499101, stop=499790, strand=+, nt=[ATGGACCAGA..TCGTGGATAG]
22:59:20.483 - INFO - CDS - seq=contig_1, start=499859, stop=500503, strand=+, nt=[ATGCAGTCTT..GTATTTGTAG]
22:59:20.483 - INFO - CDS - seq=contig_1, start=501117, stop=501869, strand=-, nt=[TTGAAGAAAA..CCAAGAGTAA]
22:59:20.483 - INFO - CDS - seq=contig_1, start=502330, stop=504012, strand=-, nt=[ATGCATAAAA..ACGGCGTTAA]
22:59:20.483 - INFO - CDS - seq=contig_1, start=504519, stop=505367, strand=+, nt=[ATGTCAACAA..ACAAATATGA]
22:59:20.483 - INFO - CDS - seq=contig_1, start=505623, stop=506420, strand=-, nt=[GTGTCACAAA..TAAAAATTGA]
22:59:20.483 - INFO - CDS - seq=contig_1, start=506626, stop=507105, strand=+, nt=[ATGGACTATA..TAACAAATAA]
22:59:20.483 - INFO - CDS - seq=contig_1, start=507137, stop=507457, strand=+, nt=[ATGGCTAAAA..TGGGAAATAA]
22:59:20.483 - INFO - CDS - seq=contig_1, start=507489, stop=509081, strand=+, nt=[GTGACAATCT..AGGTGAGTAA]
22:59:20.483 - INFO - CDS - seq=contig_1, start=509050, stop=509310, strand=+, nt=[ATGATAAGAA..TTCAAAATGA]
22:59:20.483 - INFO - CDS - seq=contig_1, start=509307, stop=510035, strand=+, nt=[ATGACCGAAC..GAAAGCCTAG]
22:59:20.483 - INFO - CDS - seq=contig_1, start=510468, stop=511193, strand=-, nt=[TTGTATCTAT..ACCGCATTAG]
22:59:20.483 - INFO - CDS - seq=contig_1, start=511419, stop=512744, strand=+, nt=[ATGAAGTTCA..AGCAGCTTAA]
22:59:20.483 - INFO - CDS - seq=contig_1, start=512793, stop=515432, strand=+, nt=[ATGCAGAAAG..GTCGTTATGA]
22:59:20.483 - INFO - CDS - seq=contig_1, start=515429, stop=516724, strand=+, nt=[ATGACTGAAG..GGCGCTGTGA]
22:59:20.483 - INFO - CDS - seq=contig_1, start=516721, stop=517596, strand=+, nt=[GTGAGTTTAG..CAGCCGCTGA]
22:59:20.483 - INFO - CDS - seq=contig_1, start=517671, stop=519101, strand=+, nt=[ATGACCATTC..CCATGGCTGA]
22:59:20.483 - INFO - CDS - seq=contig_1, start=519094, stop=519408, strand=+, nt=[ATGGCTGAAA..GATGGCATAA]
22:59:20.483 - INFO - CDS - seq=contig_1, start=519492, stop=519809, strand=+, nt=[ATGGATAAAC..CAGTCGGTAA]
22:59:20.483 - INFO - CDS - seq=contig_1, start=519985, stop=520809, strand=-, nt=[ATGCCATCGG..CGGAAAGTAA]
22:59:20.483 - INFO - CDS - seq=contig_1, start=520784, stop=521590, strand=-, nt=[ATGGCAATTG..CGAAGACTGA]
22:59:20.484 - INFO - CDS - seq=contig_1, start=521808, stop=522746, strand=-, nt=[GTGTATGTCT..CAAAGCGTGA]
22:59:20.484 - INFO - CDS - seq=contig_1, start=522965, stop=524209, strand=+, nt=[ATGACAGAAC..TTACGAGTAA]
22:59:20.484 - INFO - CDS - seq=contig_1, start=524270, stop=525007, strand=+, nt=[ATGACCAAGC..AGAATTGTAA]
22:59:20.484 - INFO - CDS - seq=contig_1, start=525751, stop=527265, strand=+, nt=[ATGGCAGACA..AAAAGCATAG]
22:59:20.484 - INFO - CDS - seq=contig_1, start=527370, stop=528122, strand=-, nt=[ATGGCTACAC..GAAAAGTTAA]
22:59:20.484 - INFO - CDS - seq=contig_1, start=528248, stop=529177, strand=+, nt=[TTGATTTATA..GGAGGGTTAA]
22:59:20.484 - INFO - CDS - seq=contig_1, start=529181, stop=531163, strand=+, nt=[ATGGCAAAGT..TAATCGTTAA]
22:59:20.484 - INFO - CDS - seq=contig_1, start=531745, stop=532218, strand=+, nt=[ATGAAAAAAC..GAATTTCTGA]
22:59:20.484 - INFO - CDS - seq=contig_1, start=532374, stop=533072, strand=-, nt=[ATGATGTTCA..TTTTCTATGA]
22:59:20.484 - INFO - CDS - seq=contig_1, start=533473, stop=534666, strand=+, nt=[ATGGCTAAGA..GTTAGTTTAA]
22:59:20.484 - INFO - CDS - seq=contig_1, start=534971, stop=536173, strand=-, nt=[ATGAAATTCG..ACAAGCCTAG]
22:59:20.484 - INFO - CDS - seq=contig_1, start=536423, stop=537325, strand=+, nt=[ATGGCTAACT..TCAGGGGTAA]
22:59:20.484 - INFO - CDS - seq=contig_1, start=537331, stop=537813, strand=-, nt=[ATGGCTGAAT..TCATGTTTAA]
22:59:20.484 - INFO - CDS - seq=contig_1, start=537910, stop=538722, strand=+, nt=[ATGGAACGCT..ACTGGCTTAA]
22:59:20.484 - INFO - CDS - seq=contig_1, start=538767, stop=539453, strand=+, nt=[ATGACAACGC..CGCTAATTAA]
22:59:20.484 - INFO - CDS - seq=contig_1, start=539459, stop=540136, strand=-, nt=[ATGAACGAGA..GCTTCACTAA]
22:59:20.484 - INFO - CDS - seq=contig_1, start=540425, stop=540688, strand=-, nt=[ATGGAAAAAG..AAAAAAATAA]
22:59:20.484 - INFO - CDS - seq=contig_1, start=540996, stop=541340, strand=+, nt=[ATGGCAGCAA..AGGACTTTAA]
22:59:20.484 - INFO - CDS - seq=contig_1, start=541403, stop=542215, strand=+, nt=[ATGCCGCGAT..TGAAAAATAA]
22:59:20.484 - INFO - CDS - seq=contig_1, start=542517, stop=543521, strand=+, nt=[ATGTATTATG..GAACGTTTAA]
22:59:20.484 - INFO - CDS - seq=contig_1, start=543585, stop=546113, strand=-, nt=[ATGGCAATTC..CGTTAAGTAG]
22:59:20.484 - INFO - CDS - seq=contig_1, start=546326, stop=546742, strand=-, nt=[ATGAAAAAGC..CACCGAATAA]
22:59:20.484 - INFO - CDS - seq=contig_1, start=546870, stop=547544, strand=+, nt=[ATGGTGGACA..TAGACGGTAA]
22:59:20.484 - INFO - CDS - seq=contig_1, start=548068, stop=548712, strand=+, nt=[ATGAAAATTC..GCTCGTGTAG]
22:59:20.484 - INFO - CDS - seq=contig_1, start=549148, stop=550119, strand=+, nt=[ATGAGATCAT..GTCTGATTAA]
22:59:20.484 - INFO - CDS - seq=contig_1, start=550144, stop=550977, strand=-, nt=[TTGTTTAATC..AACCCGCTGA]
22:59:20.484 - INFO - CDS - seq=contig_1, start=551112, stop=553400, strand=-, nt=[ATGGAAAATG..GCGTGTCTAA]
22:59:20.484 - INFO - CDS - seq=contig_1, start=553558, stop=553797, strand=+, nt=[ATGTGCAGGT..ACTCTGCTAA]
22:59:20.484 - INFO - CDS - seq=contig_1, start=554757, stop=555689, strand=+, nt=[ATGCAAAAAG..GGTGCGCTGA]
22:59:20.484 - INFO - CDS - seq=contig_1, start=555689, stop=556648, strand=+, nt=[ATGGCATTGA..GAAGGAGTGA]
22:59:20.484 - INFO - CDS - seq=contig_1, start=556654, stop=557979, strand=+, nt=[ATGGCTTATG..TCTGCTGTAA]
22:59:20.484 - INFO - CDS - seq=contig_1, start=558399, stop=559415, strand=+, nt=[ATGGCAAAGA..CTTTAAATAG]
22:59:20.484 - INFO - CDS - seq=contig_1, start=559601, stop=560209, strand=+, nt=[ATGAAAACGA..CGGGAAGTAG]
22:59:20.484 - INFO - CDS - seq=contig_1, start=560218, stop=561078, strand=+, nt=[ATGCGCAGGC..CGATGTTTGA]
22:59:20.484 - INFO - CDS - seq=contig_1, start=561293, stop=562648, strand=+, nt=[ATGCGGAATT..CCAAGATTAA]
22:59:20.484 - INFO - CDS - seq=contig_1, start=562962, stop=563462, strand=-, nt=[TTGATTGAAT..CAGAGCGTGA]
22:59:20.484 - INFO - CDS - seq=contig_1, start=563485, stop=564309, strand=-, nt=[ATGGAAAAAC..CACATTTTAA]
22:59:20.484 - INFO - CDS - seq=contig_1, start=564476, stop=565408, strand=-, nt=[ATGAAAATGA..CCTGCCATAA]
22:59:20.484 - INFO - CDS - seq=contig_1, start=565795, stop=567324, strand=+, nt=[ATGGCAAATA..CATTTTATGA]
22:59:20.484 - INFO - CDS - seq=contig_1, start=567321, stop=569483, strand=+, nt=[ATGAAGAAAC..TGACGCATGA]
22:59:20.484 - INFO - CDS - seq=contig_1, start=569480, stop=570421, strand=+, nt=[ATGACGCATC..TGAGCATTAG]
22:59:20.484 - INFO - CDS - seq=contig_1, start=570588, stop=571622, strand=+, nt=[ATGCGGAGGT..GATCAAATAA]
22:59:20.484 - INFO - CDS - seq=contig_1, start=571657, stop=571935, strand=+, nt=[ATGATTCCGG..TGGTAGCTGA]
22:59:20.484 - INFO - CDS - seq=contig_1, start=572011, stop=572520, strand=-, nt=[ATGAAACTAT..GCGCGTTTAA]
22:59:20.484 - INFO - CDS - seq=contig_1, start=572585, stop=572707, strand=-, nt=[ATGACCCAAA..CGCTCTGTGA]
22:59:20.484 - INFO - CDS - seq=contig_1, start=572772, stop=573698, strand=+, nt=[ATGCAGGAAG..GATTCGTTAA]
22:59:20.484 - INFO - CDS - seq=contig_1, start=573695, stop=573841, strand=-, nt=[ATGAAGTCAT..CCGGCATTAA]
22:59:20.485 - INFO - CDS - seq=contig_1, start=574125, stop=574817, strand=+, nt=[ATGTTTGATC..GGTAGTCTGA]
22:59:20.485 - INFO - CDS - seq=contig_1, start=574909, stop=575517, strand=+, nt=[ATGAATAAAG..ACGCCAATGA]
22:59:20.485 - INFO - CDS - seq=contig_1, start=575545, stop=576450, strand=+, nt=[ATGGCAAGAA..AATGAAGTAG]
22:59:20.485 - INFO - CDS - seq=contig_1, start=576596, stop=577075, strand=+, nt=[ATGGTCAAAA..TGATGATTAA]
22:59:20.485 - INFO - CDS - seq=contig_1, start=577068, stop=577880, strand=+, nt=[ATGATTAATG..TCTGTTTTGA]
22:59:20.485 - INFO - CDS - seq=contig_1, start=578089, stop=578967, strand=+, nt=[ATGAAAATCC..AAATGATTAG]
22:59:20.485 - INFO - CDS - seq=contig_1, start=579046, stop=581028, strand=+, nt=[ATGGCAAGCA..GGTTGGTTAA]
22:59:20.485 - INFO - CDS - seq=contig_1, start=581146, stop=583062, strand=-, nt=[ATGACAACCT..GGCAAATTAA]
22:59:20.485 - INFO - CDS - seq=contig_1, start=583049, stop=584875, strand=-, nt=[ATGAAAAAAT..CAACCTTTAA]
22:59:20.485 - INFO - CDS - seq=contig_1, start=584929, stop=585840, strand=-, nt=[ATGACAGTGA..TCACGCATAA]
22:59:20.485 - INFO - CDS - seq=contig_1, start=585827, stop=586531, strand=-, nt=[ATGCACATTG..CAGTGAATGA]
22:59:20.485 - INFO - CDS - seq=contig_1, start=586699, stop=587580, strand=-, nt=[TTGATCACAA..GCTTCACTAA]
22:59:20.485 - INFO - CDS - seq=contig_1, start=587772, stop=588770, strand=-, nt=[ATGTCTGTTA..TGAAGGTTAA]
22:59:20.485 - INFO - CDS - seq=contig_1, start=588989, stop=589471, strand=+, nt=[ATGACTGATT..AGAAGCATAA]
22:59:20.485 - INFO - CDS - seq=contig_1, start=589489, stop=590268, strand=+, nt=[ATGGATATTT..AAAAGCATGA]
22:59:20.485 - INFO - CDS - seq=contig_1, start=590265, stop=590834, strand=+, nt=[ATGACAACTA..CAAAACCTGA]
22:59:20.485 - INFO - CDS - seq=contig_1, start=590821, stop=591717, strand=+, nt=[ATGACAAAAC..TCACGCTTAA]
22:59:20.485 - INFO - CDS - seq=contig_1, start=591835, stop=592086, strand=+, nt=[ATGCCAATCA..AGCCTCATAA]
22:59:20.485 - INFO - CDS - seq=contig_1, start=592270, stop=593220, strand=+, nt=[ATGCATACAA..TAGGGGTTGA]
22:59:20.485 - INFO - CDS - seq=contig_1, start=593275, stop=594153, strand=+, nt=[ATGGAACAAG..CCCTTATTAA]
22:59:20.485 - INFO - CDS - seq=contig_1, start=594243, stop=595004, strand=-, nt=[ATGAGTAATC..ACTGCGCTAA]
22:59:20.485 - INFO - CDS - seq=contig_1, start=594997, stop=595647, strand=-, nt=[ATGAATTGTT..TCATGAGTAA]
22:59:20.485 - INFO - CDS - seq=contig_1, start=595881, stop=596729, strand=+, nt=[ATGAAAGTAA..TGGTCAATGA]
22:59:20.485 - INFO - CDS - seq=contig_1, start=596726, stop=597919, strand=+, nt=[ATGAGTGCTT..AAAGTCATAA]
22:59:20.485 - INFO - CDS - seq=contig_1, start=598059, stop=599447, strand=+, nt=[ATGTCAAAGA..TTGGAATTAG]
22:59:20.485 - INFO - CDS - seq=contig_1, start=599545, stop=600519, strand=+, nt=[ATGTCTGAGC..TACGAAATAG]
22:59:20.485 - INFO - CDS - seq=contig_1, start=600815, stop=601153, strand=+, nt=[ATGCGAATGG..AGCATTTTAA]
22:59:20.485 - INFO - CDS - seq=contig_1, start=601316, stop=601816, strand=-, nt=[ATGGGGTTTG..ACTGCTCTGA]
22:59:20.485 - INFO - CDS - seq=contig_1, start=601998, stop=602369, strand=-, nt=[ATGTTAAAAG..ACAGGTCTAA]
22:59:20.485 - INFO - CDS - seq=contig_1, start=602432, stop=603490, strand=-, nt=[ATGTCAGCTC..TCTGGGATAA]
22:59:20.485 - INFO - CDS - seq=contig_1, start=603562, stop=604014, strand=+, nt=[ATGATCGATC..TAAGCGATAA]
22:59:20.485 - INFO - CDS - seq=contig_1, start=604023, stop=605375, strand=-, nt=[ATGCTATTTG..TAACGATTGA]
22:59:20.485 - INFO - CDS - seq=contig_1, start=605365, stop=606213, strand=-, nt=[ATGGACTTGA..TGCTATTTGA]
22:59:20.485 - INFO - CDS - seq=contig_1, start=606394, stop=606840, strand=+, nt=[ATGGATCTTT..CAACGCCTGA]
22:59:20.485 - INFO - CDS - seq=contig_1, start=606884, stop=607564, strand=+, nt=[GTGTATCGGT..CAAAAAATAA]
22:59:20.485 - INFO - CDS - seq=contig_1, start=607982, stop=608863, strand=+, nt=[ATGATTTCAA..CCATGATTAA]
22:59:20.485 - INFO - CDS - seq=contig_1, start=609103, stop=610707, strand=+, nt=[ATGACCAAGT..TAAAGCTTAA]
22:59:20.485 - INFO - CDS - seq=contig_1, start=611220, stop=612479, strand=+, nt=[ATGGAAAAAA..GATTGATTGA]
22:59:20.485 - INFO - CDS - seq=contig_1, start=612575, stop=612826, strand=+, nt=[ATGAAGCAAG..CAAGAAATAA]
22:59:20.485 - INFO - CDS - seq=contig_1, start=613208, stop=613636, strand=-, nt=[ATGCCGATCA..AGCGAAATAA]
22:59:20.485 - INFO - CDS - seq=contig_1, start=613736, stop=614413, strand=+, nt=[ATGACAAAAC..TAACCATTAG]
22:59:20.485 - INFO - CDS - seq=contig_1, start=614410, stop=615054, strand=-, nt=[ATGTTACAAC..ATTCGGCTAA]
22:59:20.485 - INFO - CDS - seq=contig_1, start=615313, stop=616077, strand=+, nt=[GTGCGAAATG..TCGCCAATAA]
22:59:20.485 - INFO - CDS - seq=contig_1, start=616138, stop=617526, strand=+, nt=[ATGAAGATGA..TCGTGCTTAA]
22:59:20.485 - INFO - CDS - seq=contig_1, start=617826, stop=619334, strand=+, nt=[TTGAAGTTTA..TGGCGAATGA]
22:59:20.485 - INFO - CDS - seq=contig_1, start=619504, stop=619878, strand=+, nt=[ATGATTTACG..CGATCGGTAA]
22:59:20.485 - INFO - CDS - seq=contig_1, start=619865, stop=621001, strand=+, nt=[GTGACGATCG..GGTCGATTGA]
22:59:20.485 - INFO - CDS - seq=contig_1, start=621069, stop=621317, strand=+, nt=[ATGAAAAAGC..TATTCGATGA]
22:59:20.485 - INFO - CDS - seq=contig_1, start=621337, stop=621720, strand=+, nt=[ATGGATGTGT..TAAGAATTAA]
22:59:20.485 - INFO - CDS - seq=contig_1, start=621904, stop=622425, strand=+, nt=[ATGACAAATC..GAGAAAATGA]
22:59:20.485 - INFO - CDS - seq=contig_1, start=622699, stop=627156, strand=+, nt=[ATGGATCACT..AATGAAATAG]
22:59:20.485 - INFO - CDS - seq=contig_1, start=627292, stop=628725, strand=+, nt=[ATGGCAGATC..GAAAATTTAA]
22:59:20.486 - INFO - CDS - seq=contig_1, start=628854, stop=629558, strand=-, nt=[GTGAAACGTA..AATTCATTAG]
22:59:20.486 - INFO - CDS - seq=contig_1, start=629834, stop=630499, strand=-, nt=[ATGTTAATTA..AGATCTCTAA]
22:59:20.486 - INFO - CDS - seq=contig_1, start=631001, stop=632371, strand=-, nt=[GTGAAGAAAA..CGTGTATTAA]
22:59:20.486 - INFO - CDS - seq=contig_1, start=632777, stop=633757, strand=-, nt=[GTGGCAAGTA..TCGTCAGTAA]
22:59:20.486 - INFO - CDS - seq=contig_1, start=634431, stop=634988, strand=+, nt=[ATGAAAATGA..GTTTAATTAA]
22:59:20.486 - INFO - CDS - seq=contig_1, start=635061, stop=638585, strand=+, nt=[ATGAATTTGA..ATCGGCATAG]
22:59:20.486 - INFO - CDS - seq=contig_1, start=638706, stop=640283, strand=+, nt=[ATGCACAACC..AGGTAATTAA]
22:59:20.486 - INFO - CDS - seq=contig_1, start=640287, stop=640550, strand=+, nt=[ATGCGATTAG..AACATTTTAA]
22:59:20.486 - INFO - CDS - seq=contig_1, start=640620, stop=641051, strand=+, nt=[ATGGCTGGTG..GAATCAGTGA]
22:59:20.486 - INFO - CDS - seq=contig_1, start=641407, stop=641892, strand=+, nt=[ATGGCAGTTG..CCGCAGTTAA]
22:59:20.486 - INFO - CDS - seq=contig_1, start=641970, stop=643280, strand=+, nt=[ATGAGCCCGA..TAAATCATGA]
22:59:20.486 - INFO - CDS - seq=contig_1, start=643277, stop=643822, strand=+, nt=[ATGAGTTCCG..AAAATCCTGA]
22:59:20.486 - INFO - CDS - seq=contig_1, start=643884, stop=646031, strand=+, nt=[ATGAAGAAAA..GCAAGCTTAG]
22:59:20.486 - INFO - CDS - seq=contig_1, start=646439, stop=647338, strand=+, nt=[ATGAAATTCA..CCTGAACTAA]
22:59:20.486 - INFO - CDS - seq=contig_1, start=647595, stop=648479, strand=+, nt=[ATGAGTGACT..ACACGAATAG]
22:59:20.486 - INFO - CDS - seq=contig_1, start=648542, stop=649543, strand=+, nt=[ATGTGGCATA..TAAAGCATAA]
22:59:20.486 - INFO - CDS - seq=contig_1, start=649680, stop=651179, strand=+, nt=[GTGTTGGCTA..GCGGCCATAA]
22:59:20.486 - INFO - CDS - seq=contig_2, start=141, stop=1091, strand=-, frame=3, truncated=no, start-type=ATG, RBS-motif=AGGAGG
22:59:20.486 - INFO - CDS - seq=contig_2, start=1381, stop=3063, strand=-, frame=2, truncated=no, start-type=ATG, RBS-motif=None
22:59:20.486 - INFO - CDS - seq=contig_2, start=3068, stop=3280, strand=-, frame=1, truncated=no, start-type=ATG, RBS-motif=AGGAG
22:59:20.486 - INFO - CDS - seq=contig_2, start=3900, stop=4349, strand=+, frame=3, truncated=no, start-type=GTG, RBS-motif=GGAG/GAGG
22:59:20.486 - INFO - CDS - seq=contig_2, start=4380, stop=4673, strand=+, frame=3, truncated=no, start-type=GTG, RBS-motif=GGAGG
22:59:20.486 - INFO - CDS - seq=contig_2, start=4737, stop=5291, strand=-, frame=3, truncated=no, start-type=GTG, RBS-motif=GGAGG
22:59:20.486 - INFO - CDS - seq=contig_2, start=6064, stop=6879, strand=+, frame=1, truncated=no, start-type=ATG, RBS-motif=AGGAG
22:59:20.486 - INFO - CDS - seq=contig_2, start=7140, stop=8252, strand=+, frame=3, truncated=no, start-type=ATG, RBS-motif=GGAG/GAGG
22:59:20.486 - INFO - CDS - seq=contig_2, start=8255, stop=9232, strand=+, frame=2, truncated=no, start-type=ATG, RBS-motif=AGGAG/GGAGG
22:59:20.486 - INFO - CDS - seq=contig_2, start=9250, stop=10914, strand=+, frame=1, truncated=no, start-type=ATG, RBS-motif=GGAG/GAGG
22:59:20.486 - INFO - CDS - seq=contig_2, start=10917, stop=12320, strand=+, frame=3, truncated=no, start-type=ATG, RBS-motif=GGAGG
22:59:20.486 - INFO - CDS - seq=contig_2, start=12557, stop=13447, strand=+, frame=2, truncated=no, start-type=ATG, RBS-motif=AGGAG/GGAGG
22:59:20.486 - INFO - CDS - seq=contig_2, start=13437, stop=13718, strand=+, frame=3, truncated=no, start-type=ATG, RBS-motif=AGGAG
22:59:20.486 - INFO - CDS - seq=contig_2, start=13721, stop=14512, strand=+, frame=2, truncated=no, start-type=ATG, RBS-motif=GGA/GAG/AGG
22:59:20.486 - INFO - CDS - seq=contig_2, start=14771, stop=16615, strand=+, frame=2, truncated=no, start-type=GTG, RBS-motif=AGGA
22:59:20.486 - INFO - CDS - seq=contig_2, start=16855, stop=18024, strand=+, frame=1, truncated=no, start-type=ATG, RBS-motif=3Base/5BMM
22:59:20.487 - INFO - CDS - seq=contig_2, start=18017, stop=21454, strand=+, frame=2, truncated=no, start-type=ATG, RBS-motif=GGA/GAG/AGG
22:59:20.487 - INFO - CDS - seq=contig_2, start=21451, stop=21828, strand=+, frame=1, truncated=no, start-type=GTG, RBS-motif=None
22:59:20.487 - INFO - CDS - seq=contig_2, start=21815, stop=22381, strand=+, frame=2, truncated=no, start-type=ATG, RBS-motif=AGxAGG/AGGxGG
22:59:20.487 - INFO - CDS - seq=contig_2, start=22374, stop=22877, strand=+, frame=3, truncated=no, start-type=ATG, RBS-motif=GGAG/GAGG
22:59:20.487 - INFO - CDS - seq=contig_2, start=22933, stop=23937, strand=+, frame=1, truncated=no, start-type=TTG, RBS-motif=AGxAG
22:59:20.487 - INFO - CDS - seq=contig_2, start=24051, stop=24734, strand=+, frame=3, truncated=no, start-type=ATG, RBS-motif=GGAG/GAGG
22:59:20.487 - INFO - CDS - seq=contig_2, start=24731, stop=26935, strand=+, frame=2, truncated=no, start-type=ATG, RBS-motif=None
22:59:20.487 - INFO - CDS - seq=contig_2, start=26922, stop=27965, strand=+, frame=3, truncated=no, start-type=ATG, RBS-motif=AGGAG
22:59:20.487 - INFO - CDS - seq=contig_2, start=28056, stop=28310, strand=-, frame=3, truncated=no, start-type=ATG, RBS-motif=GGAGG
22:59:20.487 - INFO - CDS - seq=contig_2, start=28558, stop=28827, strand=+, frame=1, truncated=no, start-type=ATG, RBS-motif=AGxAGG/AGGxGG
22:59:20.487 - INFO - CDS - seq=contig_2, start=29019, stop=29714, strand=+, frame=3, truncated=no, start-type=ATG, RBS-motif=AGGAG
22:59:20.487 - INFO - CDS - seq=contig_2, start=29890, stop=31572, strand=+, frame=1, truncated=no, start-type=ATG, RBS-motif=GGAG/GAGG
22:59:20.487 - INFO - CDS - seq=contig_2, start=31659, stop=32570, strand=+, frame=3, truncated=no, start-type=ATG, RBS-motif=AGGAGG
22:59:20.487 - INFO - CDS - seq=contig_2, start=32781, stop=33971, strand=+, frame=3, truncated=no, start-type=ATG, RBS-motif=AGGAGG
22:59:20.487 - INFO - CDS - seq=contig_2, start=34425, stop=36161, strand=+, frame=3, truncated=no, start-type=ATG, RBS-motif=AGGAGG
22:59:20.487 - INFO - CDS - seq=contig_2, start=36352, stop=37689, strand=+, frame=1, truncated=no, start-type=ATG, RBS-motif=GGAGG
22:59:20.487 - INFO - CDS - seq=contig_2, start=37884, stop=39134, strand=+, frame=3, truncated=no, start-type=ATG, RBS-motif=GGA/GAG/AGG
22:59:20.487 - INFO - CDS - seq=contig_2, start=39352, stop=39948, strand=+, frame=1, truncated=no, start-type=ATG, RBS-motif=AGGAGG
22:59:20.487 - INFO - CDS - seq=contig_2, start=39952, stop=40242, strand=+, frame=1, truncated=no, start-type=ATG, RBS-motif=AGGAG/GGAGG
22:59:20.487 - INFO - CDS - seq=contig_2, start=40286, stop=40447, strand=-, frame=1, truncated=no, start-type=ATG, RBS-motif=GGxGG
22:59:20.487 - INFO - CDS - seq=contig_2, start=40602, stop=42059, strand=+, frame=3, truncated=no, start-type=ATG, RBS-motif=AGGAGG
22:59:20.487 - INFO - CDS - seq=contig_2, start=42049, stop=42795, strand=+, frame=1, truncated=no, start-type=ATG, RBS-motif=AGGA
22:59:20.487 - INFO - CDS - seq=contig_2, start=42972, stop=44780, strand=+, frame=3, truncated=no, start-type=ATG, RBS-motif=AGGAG
22:59:20.487 - INFO - CDS - seq=contig_2, start=45155, stop=47125, strand=-, frame=1, truncated=no, start-type=ATG, RBS-motif=AGGAGG
22:59:20.487 - INFO - CDS - seq=contig_2, start=47135, stop=48049, strand=-, frame=1, truncated=no, start-type=TTG, RBS-motif=AGGAGG
22:59:20.487 - INFO - CDS - seq=contig_2, start=48046, stop=48795, strand=-, frame=2, truncated=no, start-type=GTG, RBS-motif=GGAG/GAGG
22:59:20.488 - INFO - CDS - seq=contig_2, start=49044, stop=50330, strand=+, frame=3, truncated=no, start-type=ATG, RBS-motif=AGGAG
22:59:20.488 - INFO - CDS - seq=contig_2, start=50385, stop=52364, strand=+, frame=3, truncated=no, start-type=TTG, RBS-motif=GGxGG
22:59:20.488 - INFO - CDS - seq=contig_2, start=52593, stop=53555, strand=+, frame=3, truncated=no, start-type=ATG, RBS-motif=AGGA
22:59:20.488 - INFO - CDS - seq=contig_2, start=53599, stop=54384, strand=+, frame=1, truncated=no, start-type=ATG, RBS-motif=AGGAGG
22:59:20.488 - INFO - CDS - seq=contig_2, start=54398, stop=54733, strand=+, frame=2, truncated=no, start-type=ATG, RBS-motif=GGA/GAG/AGG
22:59:20.488 - INFO - CDS - seq=contig_2, start=55090, stop=57696, strand=+, frame=1, truncated=no, start-type=ATG, RBS-motif=AGGAG/GGAGG
22:59:20.488 - INFO - CDS - seq=contig_2, start=57877, stop=58068, strand=+, frame=1, truncated=no, start-type=ATG, RBS-motif=GGA/GAG/AGG
22:59:20.488 - INFO - CDS - seq=contig_2, start=58425, stop=58976, strand=+, frame=3, truncated=no, start-type=ATG, RBS-motif=AGxAGG/AGGxGG
22:59:20.488 - INFO - CDS - seq=contig_2, start=58973, stop=60526, strand=+, frame=2, truncated=no, start-type=ATG, RBS-motif=GGA/GAG/AGG
22:59:20.488 - INFO - CDS - seq=contig_2, start=60569, stop=61480, strand=+, frame=2, truncated=no, start-type=ATG, RBS-motif=AGGA
22:59:20.488 - INFO - CDS - seq=contig_2, start=61588, stop=61782, strand=-, frame=2, truncated=no, start-type=ATG, RBS-motif=GGAG/GAGG
22:59:20.488 - INFO - CDS - seq=contig_2, start=61878, stop=65174, strand=+, frame=3, truncated=no, start-type=ATG, RBS-motif=GGAG/GAGG
22:59:20.488 - INFO - CDS - seq=contig_2, start=65286, stop=66245, strand=+, frame=3, truncated=no, start-type=ATG, RBS-motif=GGAG/GAGG
22:59:20.488 - INFO - CDS - seq=contig_2, start=66304, stop=68070, strand=+, frame=1, truncated=no, start-type=ATG, RBS-motif=AGGAG/GGAGG
22:59:20.488 - INFO - CDS - seq=contig_2, start=68295, stop=68756, strand=+, frame=3, truncated=no, start-type=GTG, RBS-motif=GGAGG
22:59:20.488 - INFO - CDS - seq=contig_2, start=68796, stop=69674, strand=+, frame=3, truncated=no, start-type=ATG, RBS-motif=AGGAG
22:59:20.488 - INFO - CDS - seq=contig_2, start=69679, stop=70560, strand=+, frame=1, truncated=no, start-type=ATG, RBS-motif=GGAG/GAGG
22:59:20.488 - INFO - CDS - seq=contig_2, start=70814, stop=71200, strand=+, frame=2, truncated=no, start-type=ATG, RBS-motif=GGAGG
22:59:20.488 - INFO - CDS - seq=contig_2, start=71175, stop=71900, strand=+, frame=3, truncated=no, start-type=ATG, RBS-motif=GGAG/GAGG
22:59:20.488 - INFO - CDS - seq=contig_2, start=71900, stop=72520, strand=+, frame=2, truncated=no, start-type=ATG, RBS-motif=AGGAGG
22:59:20.488 - INFO - CDS - seq=contig_2, start=72504, stop=73247, strand=+, frame=3, truncated=no, start-type=ATG, RBS-motif=4Base/6BMM
22:59:20.488 - INFO - CDS - seq=contig_2, start=73550, stop=74128, strand=+, frame=2, truncated=no, start-type=ATG, RBS-motif=GGAGG
22:59:20.488 - INFO - CDS - seq=contig_2, start=74275, stop=74532, strand=-, frame=2, truncated=no, start-type=ATG, RBS-motif=AGGAG
22:59:20.489 - INFO - CDS - seq=contig_2, start=74598, stop=75578, strand=+, frame=3, truncated=no, start-type=TTG, RBS-motif=GGAG/GAGG
22:59:20.489 - INFO - CDS - seq=contig_2, start=75565, stop=76974, strand=+, frame=1, truncated=no, start-type=GTG, RBS-motif=GGAGG
22:59:20.489 - INFO - CDS - seq=contig_2, start=77033, stop=77653, strand=+, frame=2, truncated=no, start-type=ATG, RBS-motif=AGxAGG/AGGxGG
22:59:20.489 - INFO - CDS - seq=contig_2, start=77719, stop=78384, strand=+, frame=1, truncated=no, start-type=ATG, RBS-motif=GGAGG
22:59:20.489 - INFO - CDS - seq=contig_2, start=78472, stop=79791, strand=+, frame=1, truncated=no, start-type=ATG, RBS-motif=AGGAGG
22:59:20.489 - INFO - CDS - seq=contig_2, start=79881, stop=81188, strand=+, frame=3, truncated=no, start-type=ATG, RBS-motif=AGGAGG
22:59:20.489 - INFO - CDS - seq=contig_2, start=81432, stop=81707, strand=+, frame=3, truncated=no, start-type=ATG, RBS-motif=GGAGG
22:59:20.489 - INFO - CDS - seq=contig_2, start=81952, stop=83220, strand=+, frame=1, truncated=no, start-type=ATG, RBS-motif=GGAGG
22:59:20.489 - INFO - CDS - seq=contig_2, start=83231, stop=84109, strand=-, frame=1, truncated=no, start-type=ATG, RBS-motif=GGAGG
22:59:20.489 - INFO - CDS - seq=contig_2, start=84213, stop=85409, strand=+, frame=3, truncated=no, start-type=ATG, RBS-motif=AGGAG
22:59:20.489 - INFO - CDS - seq=contig_2, start=85547, stop=86002, strand=+, frame=2, truncated=no, start-type=ATG, RBS-motif=AGxAGG/AGGxGG
22:59:20.489 - INFO - CDS - seq=contig_2, start=86098, stop=87990, strand=+, frame=1, truncated=no, start-type=ATG, RBS-motif=GGAG/GAGG
22:59:20.489 - INFO - CDS - seq=contig_2, start=88019, stop=88969, strand=+, frame=2, truncated=no, start-type=ATG, RBS-motif=GGAGG
22:59:20.489 - INFO - CDS - seq=contig_2, start=89097, stop=89588, strand=+, frame=3, truncated=no, start-type=ATG, RBS-motif=AGxAGG/AGGxGG
22:59:20.489 - INFO - CDS - seq=contig_2, start=89743, stop=90384, strand=-, frame=2, truncated=no, start-type=ATG, RBS-motif=AGGAGG
22:59:20.489 - INFO - CDS - seq=contig_2, start=90546, stop=91430, strand=+, frame=3, truncated=no, start-type=ATG, RBS-motif=GGA/GAG/AGG
22:59:20.489 - INFO - CDS - seq=contig_2, start=91767, stop=92612, strand=+, frame=3, truncated=no, start-type=ATG, RBS-motif=AGGAG
22:59:20.489 - INFO - CDS - seq=contig_2, start=92618, stop=93247, strand=+, frame=2, truncated=no, start-type=GTG, RBS-motif=GGAG/GAGG
22:59:20.489 - INFO - CDS - seq=contig_2, start=93318, stop=93794, strand=+, frame=3, truncated=no, start-type=ATG, RBS-motif=GGA/GAG/AGG
22:59:20.489 - INFO - CDS - seq=contig_2, start=93794, stop=94036, strand=+, frame=2, truncated=no, start-type=ATG, RBS-motif=AGGA
22:59:20.489 - INFO - CDS - seq=contig_2, start=94062, stop=95447, strand=+, frame=3, truncated=no, start-type=TTG, RBS-motif=GGxGG
22:59:20.489 - INFO - CDS - seq=contig_2, start=95542, stop=95856, strand=+, frame=1, truncated=no, start-type=ATG, RBS-motif=None
22:59:20.489 - INFO - CDS - seq=contig_2, start=96009, stop=96869, strand=+, frame=3, truncated=no, start-type=ATG, RBS-motif=AGGAG
22:59:20.489 - INFO - CDS - seq=contig_2, start=96844, stop=97611, strand=+, frame=1, truncated=no, start-type=GTG, RBS-motif=GGA/GAG/AGG
22:59:20.489 - INFO - CDS - seq=contig_2, start=97673, stop=98488, strand=+, frame=2, truncated=no, start-type=ATG, RBS-motif=GGAGG
22:59:20.489 - INFO - CDS - seq=contig_2, start=98758, stop=100842, strand=+, frame=1, truncated=no, start-type=ATG, RBS-motif=AGGAG
22:59:20.489 - INFO - CDS - seq=contig_2, start=101274, stop=102593, strand=+, frame=3, truncated=no, start-type=ATG, RBS-motif=AGGAGG
22:59:20.489 - INFO - CDS - seq=contig_2, start=102718, stop=103614, strand=+, frame=1, truncated=no, start-type=ATG, RBS-motif=GGAGG
22:59:20.490 - INFO - CDS - seq=contig_2, start=103862, stop=104386, strand=+, frame=2, truncated=no, start-type=ATG, RBS-motif=AGGAG
22:59:20.490 - INFO - CDS - seq=contig_2, start=104430, stop=105839, strand=+, frame=3, truncated=no, start-type=ATG, RBS-motif=AGGAGG
22:59:20.490 - INFO - CDS - seq=contig_2, start=105875, stop=106753, strand=+, frame=2, truncated=no, start-type=ATG, RBS-motif=AGGA
22:59:20.490 - INFO - CDS - seq=contig_2, start=106835, stop=107458, strand=-, frame=1, truncated=no, start-type=TTG, RBS-motif=AGGAGG
22:59:20.490 - INFO - CDS - seq=contig_2, start=107976, stop=109988, strand=+, frame=3, truncated=no, start-type=ATG, RBS-motif=GGAG/GAGG
22:59:20.490 - INFO - CDS - seq=contig_2, start=109995, stop=112439, strand=+, frame=3, truncated=no, start-type=TTG, RBS-motif=AGGA/GGAG/GAGG
22:59:20.490 - INFO - CDS - seq=contig_2, start=112691, stop=114952, strand=+, frame=2, truncated=no, start-type=ATG, RBS-motif=AGGAGG
22:59:20.490 - INFO - CDS - seq=contig_2, start=115084, stop=115935, strand=+, frame=1, truncated=no, start-type=ATG, RBS-motif=GGAGG
22:59:20.490 - INFO - CDS - seq=contig_2, start=116060, stop=117028, strand=+, frame=2, truncated=no, start-type=ATG, RBS-motif=GGA/GAG/AGG
22:59:20.490 - INFO - CDS - seq=contig_2, start=117058, stop=117990, strand=+, frame=1, truncated=no, start-type=ATG, RBS-motif=AGGAG/GGAGG
22:59:20.490 - INFO - CDS - seq=contig_2, start=119142, stop=120254, strand=+, frame=3, truncated=no, start-type=GTG, RBS-motif=GGAG/GAGG
22:59:20.490 - INFO - CDS - seq=contig_2, start=120361, stop=120714, strand=+, frame=1, truncated=no, start-type=GTG, RBS-motif=AGxAGG/AGGxGG
22:59:20.490 - INFO - CDS - seq=contig_2, start=120782, stop=122773, strand=-, frame=1, truncated=no, start-type=ATG, RBS-motif=GGA/GAG/AGG
22:59:20.490 - INFO - CDS - seq=contig_2, start=122770, stop=123540, strand=-, frame=2, truncated=no, start-type=ATG, RBS-motif=GGA/GAG/AGG
22:59:20.490 - INFO - CDS - seq=contig_2, start=123634, stop=124590, strand=-, frame=2, truncated=no, start-type=ATG, RBS-motif=GGAG/GAGG
22:59:20.490 - INFO - CDS - seq=contig_2, start=124587, stop=125279, strand=-, frame=3, truncated=no, start-type=ATG, RBS-motif=GGA/GAG/AGG
22:59:20.490 - INFO - CDS - seq=contig_2, start=125576, stop=126640, strand=+, frame=2, truncated=no, start-type=ATG, RBS-motif=GGA/GAG/AGG
22:59:20.490 - INFO - CDS - seq=contig_2, start=126877, stop=127272, strand=-, frame=2, truncated=no, start-type=ATG, RBS-motif=GGAGG
22:59:20.490 - INFO - CDS - seq=contig_2, start=127275, stop=127673, strand=-, frame=3, truncated=no, start-type=TTG, RBS-motif=AGGAG
22:59:20.490 - INFO - CDS - seq=contig_2, start=127894, stop=128529, strand=-, frame=2, truncated=no, start-type=ATG, RBS-motif=GGAG/GAGG
22:59:20.490 - INFO - CDS - seq=contig_2, start=128798, stop=129889, strand=-, frame=1, truncated=no, start-type=ATG, RBS-motif=AGGAGG
22:59:20.490 - INFO - CDS - seq=contig_2, start=129973, stop=130305, strand=-, frame=2, truncated=no, start-type=ATG, RBS-motif=AGGA
22:59:20.490 - INFO - CDS - seq=contig_2, start=130302, stop=130634, strand=-, frame=3, truncated=no, start-type=ATG, RBS-motif=AGxAGG/AGGxGG
22:59:20.490 - INFO - CDS - seq=contig_2, start=130631, stop=131389, strand=-, frame=1, truncated=no, start-type=ATG, RBS-motif=GGAGG
22:59:20.490 - INFO - CDS - seq=contig_2, start=131391, stop=132107, strand=-, frame=3, truncated=no, start-type=ATG, RBS-motif=AGGAG
22:59:20.490 - INFO - CDS - seq=contig_2, start=132085, stop=132711, strand=-, frame=2, truncated=no, start-type=ATG, RBS-motif=GGA/GAG/AGG
22:59:20.491 - INFO - CDS - seq=contig_2, start=132712, stop=133296, strand=-, frame=2, truncated=no, start-type=ATG, RBS-motif=AGGAGG
22:59:20.491 - INFO - CDS - seq=contig_2, start=133300, stop=134592, strand=-, frame=2, truncated=no, start-type=ATG, RBS-motif=AGGAGG
22:59:20.491 - INFO - CDS - seq=contig_2, start=134589, stop=135224, strand=-, frame=3, truncated=no, start-type=ATG, RBS-motif=AGGAGG
22:59:20.491 - INFO - CDS - seq=contig_2, start=135221, stop=136369, strand=-, frame=1, truncated=no, start-type=ATG, RBS-motif=AGGAG
22:59:20.491 - INFO - CDS - seq=contig_2, start=136940, stop=138037, strand=-, frame=1, truncated=no, start-type=ATG, RBS-motif=AGxAGG/AGGxGG
22:59:20.491 - INFO - CDS - seq=contig_2, start=138606, stop=139166, strand=-, frame=3, truncated=no, start-type=ATG, RBS-motif=AGGAG
22:59:20.491 - INFO - CDS - seq=contig_2, start=139216, stop=140082, strand=-, frame=2, truncated=no, start-type=ATG, RBS-motif=None
22:59:20.491 - INFO - CDS - seq=contig_2, start=140236, stop=141939, strand=+, frame=1, truncated=no, start-type=ATG, RBS-motif=GGA/GAG/AGG
22:59:20.491 - INFO - CDS - seq=contig_2, start=141985, stop=142296, strand=+, frame=1, truncated=no, start-type=ATG, RBS-motif=AGxAGG/AGGxGG
22:59:20.491 - INFO - CDS - seq=contig_2, start=142357, stop=143505, strand=-, frame=2, truncated=no, start-type=ATG, RBS-motif=GGA/GAG/AGG
22:59:20.491 - INFO - CDS - seq=contig_2, start=143520, stop=144464, strand=-, frame=3, truncated=no, start-type=ATG, RBS-motif=AGGAGG
22:59:20.491 - INFO - CDS - seq=contig_2, start=144558, stop=145883, strand=-, frame=3, truncated=no, start-type=ATG, RBS-motif=AGxAGG/AGGxGG
22:59:20.491 - INFO - CDS - seq=contig_2, start=145901, stop=146887, strand=-, frame=1, truncated=no, start-type=ATG, RBS-motif=AGGAGG
22:59:20.491 - INFO - CDS - seq=contig_2, start=147027, stop=148031, strand=-, frame=3, truncated=no, start-type=ATG, RBS-motif=GGA/GAG/AGG
22:59:20.491 - INFO - CDS - seq=contig_2, start=148049, stop=149464, strand=-, frame=1, truncated=no, start-type=ATG, RBS-motif=AGxAGG/AGGxGG
22:59:20.491 - INFO - CDS - seq=contig_2, start=149461, stop=150582, strand=-, frame=2, truncated=no, start-type=ATG, RBS-motif=AGxAGG/AGGxGG
22:59:20.491 - INFO - CDS - seq=contig_2, start=150579, stop=151430, strand=-, frame=3, truncated=no, start-type=ATG, RBS-motif=GGAGG
22:59:20.491 - INFO - CDS - seq=contig_2, start=151980, stop=152621, strand=-, frame=3, truncated=no, start-type=ATG, RBS-motif=GGA/GAG/AGG
22:59:20.491 - INFO - CDS - seq=contig_2, start=152614, stop=153333, strand=-, frame=2, truncated=no, start-type=ATG, RBS-motif=AGGA/GGAG/GAGG
22:59:20.491 - INFO - CDS - seq=contig_2, start=153330, stop=154205, strand=-, frame=3, truncated=no, start-type=ATG, RBS-motif=AGGAGG
22:59:20.491 - INFO - CDS - seq=contig_2, start=154366, stop=157548, strand=-, frame=2, truncated=no, start-type=ATG, RBS-motif=AGGA
22:59:20.491 - INFO - CDS - seq=contig_2, start=157551, stop=158633, strand=-, frame=3, truncated=no, start-type=ATG, RBS-motif=AGGAGG
22:59:20.491 - INFO - CDS - seq=contig_2, start=158793, stop=160058, strand=-, frame=3, truncated=no, start-type=ATG, RBS-motif=AGGAG
22:59:20.491 - INFO - CDS - seq=contig_2, start=160062, stop=161003, strand=-, frame=3, truncated=no, start-type=ATG, RBS-motif=GGAG/GAGG
22:59:20.491 - INFO - CDS - seq=contig_2, start=160990, stop=162297, strand=-, frame=2, truncated=no, start-type=ATG, RBS-motif=GGAGG
22:59:20.491 - INFO - CDS - seq=contig_2, start=162299, stop=162847, strand=-, frame=1, truncated=no, start-type=ATG, RBS-motif=GGxGG
22:59:20.492 - INFO - CDS - seq=contig_2, start=163174, stop=164094, strand=-, frame=2, truncated=no, start-type=ATG, RBS-motif=AGxAGG/AGGxGG
22:59:20.492 - INFO - CDS - seq=contig_2, start=164094, stop=164558, strand=-, frame=3, truncated=no, start-type=GTG, RBS-motif=AGxAGG/AGGxGG
22:59:20.492 - INFO - CDS - seq=contig_2, start=164669, stop=166342, strand=-, frame=1, truncated=no, start-type=ATG, RBS-motif=AGGAG
22:59:20.492 - INFO - CDS - seq=contig_2, start=166355, stop=166759, strand=-, frame=1, truncated=no, start-type=GTG, RBS-motif=AGGA
22:59:20.492 - INFO - CDS - seq=contig_2, start=166784, stop=167182, strand=+, frame=2, truncated=no, start-type=ATG, RBS-motif=AGGAG
22:59:20.492 - INFO - CDS - seq=contig_2, start=167423, stop=168025, strand=-, frame=1, truncated=no, start-type=GTG, RBS-motif=AGxAGG/AGGxGG
22:59:20.492 - INFO - CDS - seq=contig_2, start=168335, stop=169804, strand=+, frame=2, truncated=no, start-type=ATG, RBS-motif=GGAGG
22:59:20.492 - INFO - CDS - seq=contig_2, start=169873, stop=170199, strand=-, frame=2, truncated=no, start-type=ATG, RBS-motif=GGAG/GAGG
22:59:20.492 - INFO - CDS - seq=contig_2, start=170351, stop=171802, strand=-, frame=1, truncated=no, start-type=ATG, RBS-motif=AGGAGG
22:59:20.492 - INFO - CDS - seq=contig_2, start=172176, stop=172406, strand=+, frame=3, truncated=no, start-type=ATG, RBS-motif=AGGA
22:59:20.492 - INFO - CDS - seq=contig_2, start=172476, stop=174647, strand=+, frame=3, truncated=no, start-type=ATG, RBS-motif=AGxAGG/AGGxGG
22:59:20.492 - INFO - CDS - seq=contig_2, start=174700, stop=175680, strand=+, frame=1, truncated=no, start-type=ATG, RBS-motif=GGAG/GAGG
22:59:20.492 - INFO - CDS - seq=contig_2, start=175756, stop=176637, strand=-, frame=2, truncated=no, start-type=ATG, RBS-motif=AGxAGG/AGGxGG
22:59:20.492 - INFO - CDS - seq=contig_2, start=176865, stop=178769, strand=-, frame=3, truncated=no, start-type=ATG, RBS-motif=GGA/GAG/AGG
22:59:20.492 - INFO - CDS - seq=contig_2, start=179009, stop=180022, strand=+, frame=2, truncated=no, start-type=ATG, RBS-motif=AGGAGG
22:59:20.492 - INFO - CDS - seq=contig_2, start=180136, stop=180363, strand=-, frame=2, truncated=no, start-type=ATG, RBS-motif=AGGAGG
22:59:20.492 - INFO - CDS - seq=contig_2, start=180519, stop=181454, strand=-, frame=3, truncated=no, start-type=ATG, RBS-motif=AGGAG
22:59:20.492 - INFO - CDS - seq=contig_2, start=181590, stop=182732, strand=-, frame=3, truncated=no, start-type=ATG, RBS-motif=AGGA
22:59:20.492 - INFO - CDS - seq=contig_2, start=183533, stop=183928, strand=-, frame=1, truncated=no, start-type=ATG, RBS-motif=GGAG/GAGG
22:59:20.492 - INFO - CDS - seq=contig_2, start=183984, stop=184559, strand=-, frame=3, truncated=no, start-type=ATG, RBS-motif=GGAGG
22:59:20.492 - INFO - CDS - seq=contig_2, start=184626, stop=185252, strand=+, frame=3, truncated=no, start-type=ATG, RBS-motif=AGGAG
22:59:20.492 - INFO - CDS - seq=contig_2, start=185245, stop=187551, strand=+, frame=1, truncated=no, start-type=GTG, RBS-motif=AGxAGG/AGGxGG
22:59:20.492 - INFO - CDS - seq=contig_2, start=187660, stop=188121, strand=-, frame=2, truncated=no, start-type=ATG, RBS-motif=AGxAGG/AGGxGG
22:59:20.493 - INFO - CDS - seq=contig_2, start=188118, stop=188807, strand=-, frame=3, truncated=no, start-type=ATG, RBS-motif=AGGA
22:59:20.493 - INFO - CDS - seq=contig_2, start=188843, stop=189466, strand=-, frame=1, truncated=no, start-type=ATG, RBS-motif=GGAGG
22:59:20.493 - INFO - CDS - seq=contig_2, start=189521, stop=190819, strand=-, frame=1, truncated=no, start-type=ATG, RBS-motif=GGAG/GAGG
22:59:20.493 - INFO - CDS - seq=contig_2, start=190850, stop=192025, strand=-, frame=1, truncated=no, start-type=GTG, RBS-motif=AGGAGG
22:59:20.493 - INFO - CDS - seq=contig_2, start=192080, stop=192568, strand=-, frame=1, truncated=no, start-type=ATG, RBS-motif=AGGAGG
22:59:20.493 - INFO - CDS - seq=contig_2, start=192743, stop=195529, strand=-, frame=1, truncated=no, start-type=ATG, RBS-motif=GGA/GAG/AGG
22:59:20.493 - INFO - CDS - seq=contig_2, start=195568, stop=199272, strand=-, frame=2, truncated=no, start-type=ATG, RBS-motif=AGGAGG
22:59:20.493 - INFO - CDS - seq=contig_2, start=199269, stop=202808, strand=-, frame=3, truncated=no, start-type=ATG, RBS-motif=AGGAGG
22:59:20.493 - INFO - CDS - seq=contig_2, start=203159, stop=204094, strand=+, frame=2, truncated=no, start-type=ATG, RBS-motif=GGAG/GAGG
22:59:20.493 - INFO - CDS - seq=contig_2, start=204102, stop=205106, strand=+, frame=3, truncated=no, start-type=ATG, RBS-motif=GGAG/GAGG
22:59:20.493 - INFO - CDS - seq=contig_2, start=205072, stop=206106, strand=+, frame=1, truncated=no, start-type=ATG, RBS-motif=AGGAG
22:59:20.493 - INFO - CDS - seq=contig_2, start=206595, stop=207926, strand=-, frame=3, truncated=no, start-type=GTG, RBS-motif=AGGA
22:59:20.493 - INFO - CDS - seq=contig_2, start=207913, stop=208869, strand=-, frame=2, truncated=no, start-type=GTG, RBS-motif=AGGAGG
22:59:20.493 - INFO - CDS - seq=contig_2, start=208922, stop=209665, strand=-, frame=1, truncated=no, start-type=ATG, RBS-motif=GGAG/GAGG
22:59:20.493 - INFO - CDS - seq=contig_2, start=209758, stop=210108, strand=-, frame=2, truncated=no, start-type=ATG, RBS-motif=GGA/GAG/AGG
22:59:20.493 - INFO - CDS - seq=contig_2, start=210160, stop=210348, strand=-, frame=2, truncated=no, start-type=ATG, RBS-motif=AGGAG
22:59:20.493 - INFO - CDS - seq=contig_2, start=210491, stop=211285, strand=-, frame=1, truncated=no, start-type=ATG, RBS-motif=AGGAGG
22:59:20.493 - INFO - CDS - seq=contig_2, start=211272, stop=211982, strand=-, frame=3, truncated=no, start-type=ATG, RBS-motif=AGGAG/GGAGG
22:59:20.493 - INFO - CDS - seq=contig_2, start=212198, stop=213466, strand=-, frame=1, truncated=no, start-type=ATG, RBS-motif=GGAGG
22:59:20.493 - INFO - CDS - seq=contig_2, start=213480, stop=215267, strand=-, frame=3, truncated=no, start-type=ATG, RBS-motif=3Base/5BMM
22:59:20.493 - INFO - CDS - seq=contig_2, start=215460, stop=217529, strand=-, frame=3, truncated=no, start-type=ATG, RBS-motif=GGAGG
22:59:20.493 - INFO - CDS - seq=contig_2, start=217531, stop=218427, strand=-, frame=2, truncated=no, start-type=ATG, RBS-motif=GGAG/GAGG
22:59:20.493 - INFO - CDS - seq=contig_2, start=218819, stop=219988, strand=-, frame=1, truncated=no, start-type=ATG, RBS-motif=GGA/GAG/AGG
22:59:20.493 - INFO - CDS - seq=contig_2, start=220031, stop=220357, strand=-, frame=1, truncated=no, start-type=GTG, RBS-motif=GGAG/GAGG
22:59:20.493 - INFO - CDS - seq=contig_2, start=221182, stop=222852, strand=-, frame=2, truncated=no, start-type=ATG, RBS-motif=GGA/GAG/AGG
22:59:20.494 - INFO - CDS - seq=contig_2, start=223059, stop=224216, strand=-, frame=3, truncated=no, start-type=TTG, RBS-motif=AGxAGG/AGGxGG
22:59:20.494 - INFO - CDS - seq=contig_2, start=224219, stop=224551, strand=-, frame=1, truncated=no, start-type=ATG, RBS-motif=AGGAGG
22:59:20.494 - INFO - CDS - seq=contig_2, start=224564, stop=224779, strand=-, frame=1, truncated=no, start-type=ATG, RBS-motif=3Base/5BMM
22:59:20.494 - INFO - CDS - seq=contig_2, start=224822, stop=224953, strand=-, frame=1, truncated=no, start-type=GTG, RBS-motif=AGxAGG/AGGxGG
22:59:20.494 - INFO - CDS - seq=contig_2, start=224946, stop=225236, strand=-, frame=3, truncated=no, start-type=ATG, RBS-motif=AGGAGG
22:59:20.494 - INFO - CDS - seq=contig_2, start=225246, stop=227699, strand=-, frame=3, truncated=no, start-type=ATG, RBS-motif=AGGAGG
22:59:20.494 - INFO - CDS - seq=contig_2, start=227700, stop=229670, strand=-, frame=3, truncated=no, start-type=TTG, RBS-motif=AGGAGG
22:59:20.494 - INFO - CDS - seq=contig_2, start=229671, stop=233594, strand=-, frame=3, truncated=no, start-type=GTG, RBS-motif=GGA/GAG/AGG
22:59:20.494 - INFO - CDS - seq=contig_2, start=233591, stop=233746, strand=-, frame=1, truncated=no, start-type=ATG, RBS-motif=AGGA
22:59:20.494 - INFO - CDS - seq=contig_2, start=233799, stop=234149, strand=-, frame=3, truncated=no, start-type=ATG, RBS-motif=AGGA/GGAG/GAGG
22:59:20.494 - INFO - CDS - seq=contig_2, start=234313, stop=234924, strand=-, frame=2, truncated=no, start-type=ATG, RBS-motif=GGAGG
22:59:20.494 - INFO - CDS - seq=contig_2, start=234925, stop=235305, strand=-, frame=2, truncated=no, start-type=ATG, RBS-motif=GGxGG
22:59:20.494 - INFO - CDS - seq=contig_2, start=235302, stop=235721, strand=-, frame=3, truncated=no, start-type=ATG, RBS-motif=AGxAGG/AGGxGG
22:59:20.494 - INFO - CDS - seq=contig_2, start=236058, stop=236348, strand=-, frame=3, truncated=no, start-type=ATG, RBS-motif=GGAGG
22:59:20.494 - INFO - CDS - seq=contig_2, start=236419, stop=238326, strand=-, frame=2, truncated=no, start-type=GTG, RBS-motif=GGA/GAG/AGG
22:59:20.494 - INFO - CDS - seq=contig_2, start=238326, stop=239426, strand=-, frame=3, truncated=no, start-type=ATG, RBS-motif=AGxAGG/AGGxGG
22:59:20.494 - INFO - CDS - seq=contig_2, start=239423, stop=239605, strand=-, frame=1, truncated=no, start-type=GTG, RBS-motif=GGAGG
22:59:20.494 - INFO - CDS - seq=contig_2, start=239727, stop=241628, strand=-, frame=3, truncated=no, start-type=TTG, RBS-motif=AGGA/GGAG/GAGG
22:59:20.494 - INFO - CDS - seq=contig_2, start=241625, stop=242101, strand=-, frame=1, truncated=no, start-type=ATG, RBS-motif=GGAGG
22:59:20.494 - INFO - CDS - seq=contig_2, start=242566, stop=243564, strand=-, frame=2, truncated=no, start-type=GTG, RBS-motif=GGAGG
22:59:20.494 - INFO - CDS - seq=contig_2, start=243561, stop=243788, strand=-, frame=3, truncated=no, start-type=ATG, RBS-motif=GGAGG
22:59:20.494 - INFO - CDS - seq=contig_2, start=243809, stop=244096, strand=-, frame=1, truncated=no, start-type=ATG, RBS-motif=GGAG/GAGG
22:59:20.494 - INFO - CDS - seq=contig_2, start=244093, stop=244542, strand=-, frame=2, truncated=no, start-type=GTG, RBS-motif=GGA/GAG/AGG
22:59:20.494 - INFO - CDS - seq=contig_2, start=244622, stop=244996, strand=-, frame=1, truncated=no, start-type=ATG, RBS-motif=AGGAG
22:59:20.494 - INFO - CDS - seq=contig_2, start=244989, stop=245813, strand=-, frame=3, truncated=no, start-type=TTG, RBS-motif=AGxAGG/AGGxGG
22:59:20.494 - INFO - CDS - seq=contig_2, start=246057, stop=246704, strand=-, frame=3, truncated=no, start-type=ATG, RBS-motif=AGGAG
22:59:20.494 - INFO - CDS - seq=contig_2, start=246827, stop=247972, strand=-, frame=1, truncated=no, start-type=ATG, RBS-motif=AGGA/GGAG/GAGG
22:59:20.495 - INFO - CDS - seq=contig_2, start=250250, stop=250561, strand=+, frame=2, truncated=no, start-type=ATG, RBS-motif=GGAG/GAGG
22:59:20.495 - INFO - CDS - seq=contig_2, start=251549, stop=251857, strand=-, frame=1, truncated=no, start-type=ATG, RBS-motif=AGGAGG
22:59:20.495 - INFO - CDS - seq=contig_2, start=252002, stop=252313, strand=-, frame=1, truncated=no, start-type=ATG, RBS-motif=AGGAG
22:59:20.495 - INFO - CDS - seq=contig_2, start=252564, stop=253343, strand=-, frame=3, truncated=no, start-type=ATG, RBS-motif=AGGA
22:59:20.495 - INFO - CDS - seq=contig_2, start=253343, stop=254245, strand=-, frame=1, truncated=no, start-type=TTG, RBS-motif=AGGAG
22:59:20.495 - INFO - CDS - seq=contig_2, start=254242, stop=254631, strand=-, frame=2, truncated=no, start-type=TTG, RBS-motif=AGGAG
22:59:20.495 - INFO - CDS - seq=contig_2, start=254633, stop=255031, strand=-, frame=1, truncated=no, start-type=ATG, RBS-motif=None
22:59:20.495 - INFO - CDS - seq=contig_2, start=255015, stop=255473, strand=-, frame=3, truncated=no, start-type=ATG, RBS-motif=AGGAG
22:59:20.495 - INFO - CDS - seq=contig_2, start=255477, stop=256463, strand=-, frame=3, truncated=no, start-type=TTG, RBS-motif=AGxAGG/AGGxGG
22:59:20.495 - INFO - CDS - seq=contig_2, start=256676, stop=256840, strand=-, frame=1, truncated=no, start-type=ATG, RBS-motif=GGA/GAG/AGG
22:59:20.495 - INFO - CDS - seq=contig_2, start=256797, stop=257240, strand=-, frame=3, truncated=no, start-type=GTG, RBS-motif=AGGA/GGAG/GAGG
22:59:20.495 - INFO - CDS - seq=contig_2, start=257260, stop=257436, strand=-, frame=2, truncated=no, start-type=ATG, RBS-motif=GGAGG
22:59:20.495 - INFO - CDS - seq=contig_2, start=257740, stop=258570, strand=+, frame=1, truncated=no, start-type=ATG, RBS-motif=GGAG/GAGG
22:59:20.495 - INFO - CDS - seq=contig_2, start=258567, stop=259454, strand=-, frame=3, truncated=no, start-type=ATG, RBS-motif=AGGAGG
22:59:20.495 - INFO - CDS - seq=contig_2, start=259590, stop=260510, strand=-, frame=3, truncated=no, start-type=ATG, RBS-motif=GGAG/GAGG
22:59:20.495 - INFO - CDS - seq=contig_2, start=260602, stop=261054, strand=-, frame=2, truncated=no, start-type=TTG, RBS-motif=GGAGG
22:59:20.495 - INFO - CDS - seq=contig_2, start=261144, stop=262949, strand=-, frame=3, truncated=no, start-type=ATG, RBS-motif=GGAGG
22:59:20.495 - INFO - CDS - seq=contig_2, start=262951, stop=264234, strand=-, frame=2, truncated=no, start-type=ATG, RBS-motif=AGGAGG
22:59:20.495 - INFO - CDS - seq=contig_2, start=264754, stop=265080, strand=+, frame=1, truncated=no, start-type=ATG, RBS-motif=AGGAG
22:59:20.495 - INFO - CDS - seq=contig_2, start=265209, stop=266714, strand=-, frame=3, truncated=no, start-type=ATG, RBS-motif=AGxAGG/AGGxGG
22:59:20.495 - INFO - CDS - seq=contig_2, start=266711, stop=267586, strand=-, frame=1, truncated=no, start-type=ATG, RBS-motif=AGGAGG
22:59:20.495 - INFO - CDS - seq=contig_2, start=267832, stop=268272, strand=+, frame=1, truncated=no, start-type=ATG, RBS-motif=AGGA
22:59:20.495 - INFO - CDS - seq=contig_2, start=268411, stop=269733, strand=+, frame=1, truncated=no, start-type=ATG, RBS-motif=GGxGG
22:59:20.495 - INFO - CDS - seq=contig_2, start=269806, stop=270432, strand=-, frame=2, truncated=no, start-type=ATG, RBS-motif=GGAGG
22:59:20.495 - INFO - CDS - seq=contig_2, start=270432, stop=270878, strand=-, frame=3, truncated=no, start-type=ATG, RBS-motif=GGA/GAG/AGG
22:59:20.495 - INFO - CDS - seq=contig_2, start=270999, stop=273227, strand=-, frame=3, truncated=no, start-type=ATG, RBS-motif=AGGAGG
22:59:20.495 - INFO - CDS - seq=contig_2, start=273464, stop=273787, strand=-, frame=1, truncated=no, start-type=ATG, RBS-motif=AGGAG/GGAGG
22:59:20.495 - INFO - CDS - seq=contig_2, start=273814, stop=274554, strand=-, frame=2, truncated=no, start-type=ATG, RBS-motif=AGGAGG
22:59:20.495 - INFO - CDS - seq=contig_2, start=274687, stop=275634, strand=-, frame=2, truncated=no, start-type=ATG, RBS-motif=AGGAGG
22:59:20.496 - INFO - CDS - seq=contig_2, start=275751, stop=276245, strand=-, frame=3, truncated=no, start-type=ATG, RBS-motif=GGAG/GAGG
22:59:20.496 - INFO - CDS - seq=contig_2, start=276242, stop=276856, strand=-, frame=1, truncated=no, start-type=ATG, RBS-motif=GGA/GAG/AGG
22:59:20.496 - INFO - CDS - seq=contig_2, start=276953, stop=277201, strand=+, frame=2, truncated=no, start-type=ATG, RBS-motif=AGGA
22:59:20.496 - INFO - CDS - seq=contig_2, start=277271, stop=277657, strand=-, frame=1, truncated=no, start-type=ATG, RBS-motif=AGGAG
22:59:20.496 - INFO - CDS - seq=contig_2, start=278120, stop=278302, strand=-, frame=1, truncated=no, start-type=ATG, RBS-motif=GGAGG
22:59:20.496 - INFO - CDS - seq=contig_2, start=278302, stop=278688, strand=-, frame=2, truncated=no, start-type=TTG, RBS-motif=GGA/GAG/AGG
22:59:20.496 - INFO - CDS - seq=contig_2, start=279396, stop=280874, strand=-, frame=3, truncated=no, start-type=TTG, RBS-motif=AGGAGG
22:59:20.496 - INFO - CDS - seq=contig_2, start=281484, stop=282482, strand=+, frame=3, truncated=no, start-type=GTG, RBS-motif=GGAGG
22:59:20.496 - INFO - CDS - seq=contig_2, start=282633, stop=284249, strand=-, frame=3, truncated=no, start-type=ATG, RBS-motif=AGGAG
22:59:20.496 - INFO - CDS - seq=contig_2, start=284262, stop=285797, strand=-, frame=3, truncated=no, start-type=TTG, RBS-motif=GGxGG
22:59:20.496 - INFO - CDS - seq=contig_2, start=285845, stop=287194, strand=-, frame=1, truncated=no, start-type=ATG, RBS-motif=AGGAGG
22:59:20.496 - INFO - CDS - seq=contig_2, start=287372, stop=289105, strand=-, frame=1, truncated=no, start-type=ATG, RBS-motif=GGAGG
22:59:20.496 - INFO - CDS - seq=contig_2, start=289241, stop=289480, strand=-, frame=1, truncated=no, start-type=ATG, RBS-motif=GGAG/GAGG
22:59:20.496 - INFO - CDS - seq=contig_2, start=289487, stop=292198, strand=-, frame=1, truncated=no, start-type=TTG, RBS-motif=GGxGG
22:59:20.496 - INFO - CDS - seq=contig_2, start=292466, stop=293164, strand=-, frame=1, truncated=no, start-type=TTG, RBS-motif=None
22:59:20.496 - INFO - CDS - seq=contig_2, start=298083, stop=298331, strand=+, frame=3, truncated=no, start-type=TTG, RBS-motif=GGA/GAG/AGG
22:59:20.496 - INFO - CDS - seq=contig_2, start=298539, stop=298838, strand=+, frame=3, truncated=no, start-type=GTG, RBS-motif=None
22:59:20.496 - INFO - CDS - seq=contig_2, start=301392, stop=302405, strand=-, frame=3, truncated=no, start-type=ATG, RBS-motif=AGxAGG/AGGxGG
22:59:20.496 - INFO - CDS - seq=contig_2, start=302614, stop=303417, strand=-, frame=2, truncated=no, start-type=ATG, RBS-motif=AGGAGG
22:59:20.496 - INFO - CDS - seq=contig_2, start=303840, stop=304154, strand=-, frame=3, truncated=no, start-type=ATG, RBS-motif=AGGAG
22:59:20.496 - INFO - CDS - seq=contig_2, start=304173, stop=304676, strand=-, frame=3, truncated=no, start-type=ATG, RBS-motif=AGxAGG/AGGxGG
22:59:20.496 - INFO - CDS - seq=contig_2, start=305000, stop=305527, strand=-, frame=1, truncated=no, start-type=ATG, RBS-motif=GGAG/GAGG
22:59:20.496 - INFO - CDS - seq=contig_2, start=305524, stop=307818, strand=-, frame=2, truncated=no, start-type=ATG, RBS-motif=AGGA
22:59:20.496 - INFO - CDS - seq=contig_2, start=308093, stop=308464, strand=+, frame=2, truncated=no, start-type=ATG, RBS-motif=AGGAGG
22:59:20.496 - INFO - CDS - seq=contig_2, start=308788, stop=309264, strand=+, frame=1, truncated=no, start-type=ATG, RBS-motif=AGGA
22:59:20.496 - INFO - CDS - seq=contig_2, start=309270, stop=309503, strand=+, frame=3, truncated=no, start-type=ATG, RBS-motif=GGAG/GAGG
22:59:20.497 - INFO - CDS - seq=contig_2, start=309596, stop=311434, strand=-, frame=1, truncated=no, start-type=ATG, RBS-motif=AGxAGG/AGGxGG
22:59:20.497 - INFO - CDS - seq=contig_2, start=311591, stop=312499, strand=-, frame=1, truncated=no, start-type=ATG, RBS-motif=AGxAGG/AGGxGG
22:59:20.497 - INFO - CDS - seq=contig_2, start=312591, stop=312782, strand=+, frame=3, truncated=no, start-type=ATG, RBS-motif=GGAG/GAGG
22:59:20.497 - INFO - CDS - seq=contig_2, start=312798, stop=314192, strand=+, frame=3, truncated=no, start-type=TTG, RBS-motif=None
22:59:20.497 - INFO - CDS - seq=contig_2, start=314602, stop=315765, strand=-, frame=2, truncated=no, start-type=ATG, RBS-motif=AGGAG
22:59:20.497 - INFO - CDS - seq=contig_2, start=315878, stop=317752, strand=-, frame=1, truncated=no, start-type=ATG, RBS-motif=AGxAGG/AGGxGG
22:59:20.497 - INFO - CDS - seq=contig_2, start=317782, stop=318372, strand=-, frame=2, truncated=no, start-type=ATG, RBS-motif=AGGAGG
22:59:20.497 - INFO - CDS - seq=contig_2, start=318549, stop=319595, strand=-, frame=3, truncated=no, start-type=ATG, RBS-motif=GGAG/GAGG
22:59:20.497 - INFO - CDS - seq=contig_2, start=319758, stop=320903, strand=-, frame=3, truncated=no, start-type=ATG, RBS-motif=AGxAGG/AGGxGG
22:59:20.497 - INFO - CDS - seq=contig_2, start=320905, stop=321852, strand=-, frame=2, truncated=no, start-type=ATG, RBS-motif=None
22:59:20.497 - INFO - CDS - seq=contig_2, start=321859, stop=322764, strand=-, frame=2, truncated=no, start-type=ATG, RBS-motif=AGGA
22:59:20.497 - INFO - CDS - seq=contig_2, start=322776, stop=323567, strand=-, frame=3, truncated=no, start-type=ATG, RBS-motif=GGA/GAG/AGG
22:59:20.497 - INFO - CDS - seq=contig_2, start=323872, stop=324225, strand=-, frame=2, truncated=no, start-type=ATG, RBS-motif=AGGAGG
22:59:20.497 - INFO - CDS - seq=contig_2, start=324286, stop=327117, strand=-, frame=2, truncated=no, start-type=ATG, RBS-motif=GGAG/GAGG
22:59:20.497 - INFO - CDS - seq=contig_2, start=327138, stop=327443, strand=-, frame=3, truncated=no, start-type=GTG, RBS-motif=None
22:59:20.497 - INFO - CDS - seq=contig_2, start=327440, stop=327733, strand=-, frame=1, truncated=no, start-type=ATG, RBS-motif=AGGAGG
22:59:20.497 - INFO - CDS - seq=contig_2, start=327745, stop=328998, strand=-, frame=2, truncated=no, start-type=ATG, RBS-motif=GGAGG
22:59:20.497 - INFO - CDS - seq=contig_2, start=329015, stop=329494, strand=-, frame=1, truncated=no, start-type=TTG, RBS-motif=AGGAGG
22:59:20.497 - INFO - CDS - seq=contig_2, start=329749, stop=334083, strand=-, frame=2, truncated=no, start-type=TTG, RBS-motif=GGAG/GAGG
22:59:20.497 - INFO - CDS - seq=contig_2, start=334150, stop=335877, strand=-, frame=2, truncated=no, start-type=ATG, RBS-motif=GGAGG
22:59:20.497 - INFO - CDS - seq=contig_2, start=335902, stop=337143, strand=-, frame=2, truncated=no, start-type=ATG, RBS-motif=AGGAG
22:59:20.497 - INFO - CDS - seq=contig_2, start=337160, stop=337948, strand=-, frame=1, truncated=no, start-type=ATG, RBS-motif=GGAGG
22:59:20.497 - INFO - CDS - seq=contig_2, start=337984, stop=338736, strand=-, frame=2, truncated=no, start-type=TTG, RBS-motif=AGGAGG
22:59:20.497 - INFO - CDS - seq=contig_2, start=339267, stop=339824, strand=-, frame=3, truncated=no, start-type=ATG, RBS-motif=GGAG/GAGG
22:59:20.497 - INFO - CDS - seq=contig_2, start=339824, stop=340543, strand=-, frame=1, truncated=no, start-type=ATG, RBS-motif=GGAGG
22:59:20.497 - INFO - CDS - seq=contig_2, start=340767, stop=341648, strand=-, frame=3, truncated=no, start-type=ATG, RBS-motif=AGGAGG
22:59:20.498 - INFO - CDS - seq=contig_2, start=341733, stop=342521, strand=-, frame=3, truncated=no, start-type=ATG, RBS-motif=GGAGG
22:59:20.498 - INFO - CDS - seq=contig_2, start=343051, stop=343320, strand=-, frame=2, truncated=no, start-type=ATG, RBS-motif=AGGAGG
22:59:20.498 - INFO - CDS - seq=contig_2, start=343310, stop=344053, strand=-, frame=1, truncated=no, start-type=GTG, RBS-motif=GGAGG
22:59:20.498 - INFO - CDS - seq=contig_2, start=344706, stop=344930, strand=-, frame=3, truncated=no, start-type=ATG, RBS-motif=GGA/GAG/AGG
22:59:20.498 - INFO - CDS - seq=contig_2, start=344975, stop=346273, strand=-, frame=1, truncated=no, start-type=ATG, RBS-motif=GGAG/GAGG
22:59:20.498 - INFO - CDS - seq=contig_2, start=346290, stop=346499, strand=-, frame=3, truncated=no, start-type=ATG, RBS-motif=AGGAGG
22:59:20.498 - INFO - CDS - seq=contig_2, start=346512, stop=346958, strand=-, frame=3, truncated=no, start-type=ATG, RBS-motif=AGGA
22:59:20.498 - INFO - CDS - seq=contig_2, start=346951, stop=347160, strand=-, frame=2, truncated=no, start-type=GTG, RBS-motif=AGGAG
22:59:20.498 - INFO - CDS - seq=contig_2, start=347129, stop=347527, strand=-, frame=1, truncated=no, start-type=ATG, RBS-motif=AGGA
22:59:20.498 - INFO - CDS - seq=contig_2, start=347558, stop=347689, strand=-, frame=1, truncated=no, start-type=ATG, RBS-motif=AGGA/GGAG/GAGG
22:59:20.498 - INFO - CDS - seq=contig_2, start=347682, stop=347972, strand=-, frame=3, truncated=no, start-type=ATG, RBS-motif=GGxGG
22:59:20.498 - INFO - CDS - seq=contig_2, start=347974, stop=350463, strand=-, frame=2, truncated=no, start-type=ATG, RBS-motif=AGGAG/GGAGG
22:59:20.498 - INFO - CDS - seq=contig_2, start=350464, stop=352521, strand=-, frame=2, truncated=no, start-type=TTG, RBS-motif=GGA/GAG/AGG
22:59:20.498 - INFO - CDS - seq=contig_2, start=352522, stop=357387, strand=-, frame=2, truncated=no, start-type=ATG, RBS-motif=AGGAGG
22:59:20.498 - INFO - CDS - seq=contig_2, start=357510, stop=357923, strand=-, frame=3, truncated=no, start-type=ATG, RBS-motif=AGGAG
22:59:20.498 - INFO - CDS - seq=contig_2, start=358239, stop=358847, strand=-, frame=3, truncated=no, start-type=ATG, RBS-motif=AGGAGG
22:59:20.498 - INFO - CDS - seq=contig_2, start=358881, stop=359267, strand=-, frame=3, truncated=no, start-type=ATG, RBS-motif=AGxAGG/AGGxGG
22:59:20.498 - INFO - CDS - seq=contig_2, start=359267, stop=359653, strand=-, frame=1, truncated=no, start-type=ATG, RBS-motif=AGxAGG/AGGxGG
22:59:20.498 - INFO - CDS - seq=contig_2, start=359653, stop=359982, strand=-, frame=2, truncated=no, start-type=ATG, RBS-motif=AGGA/GGAG/GAGG
22:59:20.498 - INFO - CDS - seq=contig_2, start=359972, stop=360331, strand=-, frame=1, truncated=no, start-type=TTG, RBS-motif=GGA/GAG/AGG
22:59:20.498 - INFO - CDS - seq=contig_2, start=360342, stop=360581, strand=-, frame=3, truncated=no, start-type=TTG, RBS-motif=GGAG/GAGG
22:59:20.498 - INFO - CDS - seq=contig_2, start=360599, stop=361801, strand=-, frame=1, truncated=no, start-type=ATG, RBS-motif=AGGAGG
22:59:20.498 - INFO - CDS - seq=contig_2, start=361842, stop=362471, strand=-, frame=3, truncated=no, start-type=ATG, RBS-motif=GGAGG
22:59:20.498 - INFO - CDS - seq=contig_2, start=362425, stop=363678, strand=-, frame=2, truncated=no, start-type=ATG, RBS-motif=GGAGG
22:59:20.498 - INFO - CDS - seq=contig_2, start=363684, stop=363875, strand=-, frame=3, truncated=no, start-type=GTG, RBS-motif=AGGAGG
22:59:20.498 - INFO - CDS - seq=contig_2, start=363887, stop=365599, strand=-, frame=1, truncated=no, start-type=TTG, RBS-motif=GGAG/GAGG
22:59:20.498 - INFO - CDS - seq=contig_2, start=365621, stop=366076, strand=-, frame=1, truncated=no, start-type=ATG, RBS-motif=AGGAGG
22:59:20.499 - INFO - CDS - seq=contig_2, start=366276, stop=367070, strand=-, frame=3, truncated=no, start-type=ATG, RBS-motif=None
22:59:20.499 - INFO - CDS - seq=contig_2, start=367060, stop=367617, strand=-, frame=2, truncated=no, start-type=ATG, RBS-motif=GGAGG
22:59:20.499 - INFO - CDS - seq=contig_2, start=367614, stop=368006, strand=-, frame=3, truncated=no, start-type=ATG, RBS-motif=GGAG/GAGG
22:59:20.499 - INFO - CDS - seq=contig_2, start=367999, stop=369147, strand=-, frame=2, truncated=no, start-type=ATG, RBS-motif=AGGAGG
22:59:20.499 - INFO - CDS - seq=contig_2, start=369569, stop=369787, strand=+, frame=2, truncated=no, start-type=ATG, RBS-motif=AGGAGG
22:59:20.499 - INFO - CDS - seq=contig_2, start=370045, stop=370542, strand=-, frame=2, truncated=no, start-type=ATG, RBS-motif=GGA/GAG/AGG
22:59:20.499 - INFO - CDS - seq=contig_2, start=370511, stop=370951, strand=-, frame=1, truncated=no, start-type=ATG, RBS-motif=AGGAGG
22:59:20.499 - INFO - CDS - seq=contig_2, start=371717, stop=372169, strand=-, frame=1, truncated=no, start-type=GTG, RBS-motif=AGGAG
22:59:20.499 - INFO - CDS - seq=contig_2, start=372587, stop=372769, strand=-, frame=1, truncated=no, start-type=ATG, RBS-motif=GGAGG
22:59:20.499 - INFO - CDS - seq=contig_2, start=372766, stop=373164, strand=-, frame=2, truncated=no, start-type=ATG, RBS-motif=GGAGG
22:59:20.499 - INFO - CDS - seq=contig_2, start=373161, stop=373358, strand=-, frame=3, truncated=no, start-type=ATG, RBS-motif=GGAGG
22:59:20.499 - INFO - CDS - seq=contig_2, start=373355, stop=373732, strand=-, frame=1, truncated=no, start-type=ATG, RBS-motif=GGAG/GAGG
22:59:20.499 - INFO - CDS - seq=contig_2, start=373722, stop=373940, strand=-, frame=3, truncated=no, start-type=ATG, RBS-motif=GGAG/GAGG
22:59:20.499 - INFO - CDS - seq=contig_2, start=373924, stop=374463, strand=-, frame=2, truncated=no, start-type=ATG, RBS-motif=AGGAGG
22:59:20.499 - INFO - CDS - seq=contig_2, start=374460, stop=374738, strand=-, frame=3, truncated=no, start-type=ATG, RBS-motif=GGAG/GAGG
22:59:20.499 - INFO - CDS - seq=contig_2, start=374809, stop=375294, strand=-, frame=2, truncated=no, start-type=ATG, RBS-motif=GGAG/GAGG
22:59:20.499 - INFO - CDS - seq=contig_2, start=375294, stop=376118, strand=-, frame=3, truncated=no, start-type=ATG, RBS-motif=GGAG/GAGG
22:59:20.499 - INFO - CDS - seq=contig_2, start=376133, stop=376882, strand=-, frame=1, truncated=no, start-type=ATG, RBS-motif=AGxAGG/AGGxGG
22:59:20.499 - INFO - CDS - seq=contig_2, start=376875, stop=377189, strand=-, frame=3, truncated=no, start-type=ATG, RBS-motif=GGAG/GAGG
22:59:20.499 - INFO - CDS - seq=contig_2, start=377229, stop=377327, strand=-, frame=3, truncated=no, start-type=ATG, RBS-motif=AGGAG
22:59:20.499 - INFO - CDS - seq=contig_2, start=377372, stop=377917, strand=+, frame=2, truncated=no, start-type=ATG, RBS-motif=GGAG/GAGG
22:59:20.499 - INFO - CDS - seq=contig_2, start=377900, stop=378103, strand=-, frame=1, truncated=no, start-type=TTG, RBS-motif=GGAGG
22:59:20.499 - INFO - CDS - seq=contig_2, start=378096, stop=378188, strand=-, frame=3, truncated=no, start-type=ATG, RBS-motif=AGxAGG/AGGxGG
22:59:20.499 - INFO - CDS - seq=contig_2, start=378188, stop=378544, strand=-, frame=1, truncated=no, start-type=ATG, RBS-motif=AGGAGG
22:59:20.499 - INFO - CDS - seq=contig_2, start=378611, stop=378862, strand=+, frame=2, truncated=no, start-type=ATG, RBS-motif=AGGAGG
22:59:20.499 - INFO - CDS - seq=contig_2, start=378855, stop=379034, strand=-, frame=3, truncated=no, start-type=ATG, RBS-motif=AGGAGG
22:59:20.499 - INFO - CDS - seq=contig_2, start=379035, stop=379850, strand=-, frame=3, truncated=no, start-type=TTG, RBS-motif=AGxAGG/AGGxGG
22:59:20.499 - INFO - CDS - seq=contig_2, start=379901, stop=380362, strand=+, frame=2, truncated=no, start-type=ATG, RBS-motif=AGGAG
22:59:20.499 - INFO - CDS - seq=contig_2, start=380468, stop=380734, strand=-, frame=1, truncated=no, start-type=ATG, RBS-motif=AGGAGG
22:59:20.500 - INFO - CDS - seq=contig_2, start=380883, stop=381530, strand=+, frame=3, truncated=no, start-type=ATG, RBS-motif=GGAG/GAGG
22:59:20.500 - INFO - CDS - seq=contig_2, start=381592, stop=382269, strand=+, frame=1, truncated=no, start-type=ATG, RBS-motif=GGAGG
22:59:20.500 - INFO - CDS - seq=contig_2, start=382350, stop=382994, strand=+, frame=3, truncated=no, start-type=ATG, RBS-motif=GGAGG
22:59:20.500 - INFO - CDS - seq=contig_2, start=383114, stop=384001, strand=+, frame=2, truncated=no, start-type=TTG, RBS-motif=GGAG/GAGG
22:59:20.500 - INFO - CDS - seq=contig_2, start=384078, stop=384341, strand=+, frame=3, truncated=no, start-type=ATG, RBS-motif=AGGAGG
22:59:20.500 - INFO - CDS - seq=contig_2, start=384450, stop=385622, strand=+, frame=3, truncated=no, start-type=GTG, RBS-motif=AGGAGG
22:59:20.500 - INFO - CDS - seq=contig_2, start=385794, stop=386444, strand=+, frame=3, truncated=no, start-type=ATG, RBS-motif=AGGA
22:59:20.500 - INFO - CDS - seq=contig_2, start=386501, stop=387895, strand=+, frame=2, truncated=no, start-type=ATG, RBS-motif=GGA/GAG/AGG
22:59:20.500 - INFO - CDS - seq=contig_2, start=387926, stop=388717, strand=+, frame=2, truncated=no, start-type=TTG, RBS-motif=AGGA
22:59:20.500 - INFO - CDS - seq=contig_2, start=388815, stop=390608, strand=-, frame=3, truncated=no, start-type=TTG, RBS-motif=AGxAGG/AGGxGG
22:59:20.500 - INFO - CDS - seq=contig_2, start=390598, stop=392355, strand=-, frame=2, truncated=no, start-type=GTG, RBS-motif=AGGAG
22:59:20.500 - INFO - CDS - seq=contig_2, start=392497, stop=392718, strand=-, frame=2, truncated=no, start-type=TTG, RBS-motif=AGGAGG
22:59:20.500 - INFO - CDS - seq=contig_2, start=392779, stop=393024, strand=-, frame=2, truncated=no, start-type=ATG, RBS-motif=AGGAGG
22:59:20.500 - INFO - CDS - seq=contig_2, start=393057, stop=393233, strand=-, frame=3, truncated=no, start-type=ATG, RBS-motif=GGAG/GAGG
22:59:20.500 - INFO - CDS - seq=contig_2, start=393460, stop=393807, strand=-, frame=2, truncated=no, start-type=ATG, RBS-motif=AGGAG
22:59:20.500 - INFO - CDS - seq=contig_2, start=393944, stop=394711, strand=-, frame=1, truncated=no, start-type=ATG, RBS-motif=GGA/GAG/AGG
22:59:20.500 - INFO - CDS - seq=contig_2, start=394701, stop=395219, strand=-, frame=3, truncated=no, start-type=ATG, RBS-motif=AGGAGG
22:59:20.500 - INFO - CDS - seq=contig_2, start=395394, stop=395648, strand=-, frame=3, truncated=no, start-type=ATG, RBS-motif=AGxAGG/AGGxGG
22:59:20.500 - INFO - CDS - seq=contig_2, start=395661, stop=395936, strand=-, frame=3, truncated=no, start-type=GTG, RBS-motif=AGGAGG
22:59:20.500 - INFO - CDS - seq=contig_2, start=396081, stop=397517, strand=-, frame=3, truncated=no, start-type=ATG, RBS-motif=AGxAGG/AGGxGG
22:59:20.500 - INFO - CDS - seq=contig_2, start=397530, stop=397874, strand=-, frame=3, truncated=no, start-type=ATG, RBS-motif=AGGA
22:59:20.500 - INFO - CDS - seq=contig_2, start=398279, stop=398593, strand=+, frame=2, truncated=no, start-type=ATG, RBS-motif=GGAGG
22:59:20.500 - INFO - CDS - seq=contig_2, start=398661, stop=399656, strand=-, frame=3, truncated=no, start-type=ATG, RBS-motif=AGxAG
22:59:20.500 - INFO - CDS - seq=contig_2, start=399656, stop=403210, strand=-, frame=1, truncated=no, start-type=ATG, RBS-motif=3Base/5BMM
22:59:20.500 - INFO - CDS - seq=contig_2, start=403228, stop=403923, strand=-, frame=2, truncated=no, start-type=ATG, RBS-motif=AGGAGG
22:59:20.501 - INFO - CDS - seq=contig_2, start=404142, stop=405932, strand=-, frame=3, truncated=no, start-type=ATG, RBS-motif=AGxAGG/AGGxGG
22:59:20.501 - INFO - CDS - seq=contig_2, start=406126, stop=407034, strand=-, frame=2, truncated=no, start-type=ATG, RBS-motif=AGxAGG/AGGxGG
22:59:20.501 - INFO - CDS - seq=contig_2, start=407051, stop=408013, strand=-, frame=1, truncated=no, start-type=ATG, RBS-motif=GGAG/GAGG
22:59:20.501 - INFO - CDS - seq=contig_2, start=408013, stop=408966, strand=-, frame=2, truncated=no, start-type=ATG, RBS-motif=GGA/GAG/AGG
22:59:20.501 - INFO - CDS - seq=contig_2, start=408970, stop=409992, strand=-, frame=2, truncated=no, start-type=TTG, RBS-motif=AGGAGG
22:59:20.501 - INFO - CDS - seq=contig_2, start=410442, stop=410684, strand=-, frame=3, truncated=no, start-type=ATG, RBS-motif=GGAGG
22:59:20.501 - INFO - CDS - seq=contig_2, start=410738, stop=411763, strand=-, frame=1, truncated=no, start-type=ATG, RBS-motif=AGGA
22:59:20.501 - INFO - CDS - seq=contig_2, start=411785, stop=413824, strand=-, frame=1, truncated=no, start-type=ATG, RBS-motif=AGGAGG
22:59:20.501 - INFO - CDS - seq=contig_2, start=413974, stop=415650, strand=-, frame=2, truncated=no, start-type=GTG, RBS-motif=AGGAGG
22:59:20.501 - INFO - CDS - seq=contig_2, start=415710, stop=416072, strand=-, frame=3, truncated=no, start-type=ATG, RBS-motif=AGGAGG
22:59:20.501 - INFO - CDS - seq=contig_2, start=416489, stop=416674, strand=+, frame=2, truncated=no, start-type=GTG, RBS-motif=AGGAGG
22:59:20.501 - INFO - CDS - seq=contig_2, start=416994, stop=417662, strand=-, frame=3, truncated=no, start-type=ATG, RBS-motif=GGAG/GAGG
22:59:20.501 - INFO - CDS - seq=contig_2, start=417659, stop=418309, strand=-, frame=1, truncated=no, start-type=ATG, RBS-motif=GGAGG
22:59:20.501 - INFO - CDS - seq=contig_2, start=418382, stop=419287, strand=-, frame=1, truncated=no, start-type=ATG, RBS-motif=AGGA/GGAG/GAGG
22:59:20.501 - INFO - CDS - seq=contig_2, start=419284, stop=421284, strand=-, frame=2, truncated=no, start-type=ATG, RBS-motif=GGAGG
22:59:20.501 - INFO - CDS - seq=contig_2, start=421281, stop=422024, strand=-, frame=3, truncated=no, start-type=ATG, RBS-motif=GGAG/GAGG
22:59:20.501 - INFO - CDS - seq=contig_2, start=422034, stop=423374, strand=-, frame=3, truncated=no, start-type=ATG, RBS-motif=AGxAGG/AGGxGG
22:59:20.501 - INFO - CDS - seq=contig_2, start=423361, stop=424317, strand=-, frame=2, truncated=no, start-type=ATG, RBS-motif=GGAGG
22:59:20.501 - INFO - CDS - seq=contig_2, start=424386, stop=426803, strand=-, frame=3, truncated=no, start-type=TTG, RBS-motif=GGA/GAG/AGG
22:59:20.501 - INFO - CDS - seq=contig_2, start=426808, stop=428007, strand=-, frame=2, truncated=no, start-type=ATG, RBS-motif=AGGAG
22:59:20.502 - INFO - CDS - seq=contig_2, start=428154, stop=428402, strand=-, frame=3, truncated=no, start-type=ATG, RBS-motif=AGGAG
22:59:20.502 - INFO - CDS - seq=contig_2, start=428469, stop=429095, strand=-, frame=3, truncated=no, start-type=ATG, RBS-motif=GGAG/GAGG
22:59:20.502 - INFO - CDS - seq=contig_2, start=429162, stop=429848, strand=-, frame=3, truncated=no, start-type=ATG, RBS-motif=GGAG/GAGG
22:59:20.502 - INFO - CDS - seq=contig_2, start=429957, stop=430259, strand=+, frame=3, truncated=no, start-type=ATG, RBS-motif=GGAGG
22:59:20.502 - INFO - CDS - seq=contig_2, start=430256, stop=430393, strand=+, frame=2, truncated=no, start-type=ATG, RBS-motif=None
22:59:20.502 - INFO - CDS - seq=contig_2, start=430564, stop=432264, strand=-, frame=2, truncated=no, start-type=ATG, RBS-motif=GGxGG
22:59:20.502 - INFO - CDS - seq=contig_2, start=432269, stop=432721, strand=-, frame=1, truncated=no, start-type=ATG, RBS-motif=GGAG/GAGG
22:59:20.502 - INFO - CDS - seq=contig_2, start=432835, stop=433665, strand=-, frame=2, truncated=no, start-type=ATG, RBS-motif=GGxGG
22:59:20.502 - INFO - CDS - seq=contig_2, start=433662, stop=434513, strand=-, frame=3, truncated=no, start-type=ATG, RBS-motif=AGGA
22:59:20.502 - INFO - CDS - seq=contig_2, start=434510, stop=434737, strand=-, frame=1, truncated=no, start-type=ATG, RBS-motif=AGGAG
22:59:20.503 - INFO - CDS - seq=contig_2, start=434730, stop=436079, strand=-, frame=3, truncated=no, start-type=ATG, RBS-motif=GGAG/GAGG
22:59:20.503 - INFO - CDS - seq=contig_2, start=436072, stop=436923, strand=-, frame=2, truncated=no, start-type=TTG, RBS-motif=AGGAG
22:59:20.503 - INFO - CDS - seq=contig_2, start=437049, stop=437456, strand=-, frame=3, truncated=no, start-type=ATG, RBS-motif=AGGA/GGAG/GAGG
22:59:20.503 - INFO - CDS - seq=contig_2, start=437458, stop=437919, strand=-, frame=2, truncated=no, start-type=ATG, RBS-motif=AGGAGG
22:59:20.503 - INFO - CDS - seq=contig_2, start=437939, stop=438502, strand=-, frame=1, truncated=no, start-type=ATG, RBS-motif=GGAGG
22:59:20.503 - INFO - CDS - seq=contig_2, start=438692, stop=438856, strand=-, frame=1, truncated=no, start-type=ATG, RBS-motif=GGAG/GAGG
22:59:20.503 - INFO - CDS - seq=contig_2, start=439001, stop=440068, strand=-, frame=1, truncated=no, start-type=ATG, RBS-motif=AGGAG
22:59:20.503 - INFO - CDS - seq=contig_2, start=440144, stop=440434, strand=-, frame=1, truncated=no, start-type=ATG, RBS-motif=GGAGG
22:59:20.503 - INFO - CDS - seq=contig_2, start=440453, stop=440803, strand=-, frame=1, truncated=no, start-type=ATG, RBS-motif=AGGA/GGAG/GAGG
22:59:20.503 - INFO - CDS - seq=contig_2, start=440819, stop=441130, strand=-, frame=1, truncated=no, start-type=GTG, RBS-motif=AGGAGG
22:59:20.503 - INFO - CDS - seq=contig_2, start=442036, stop=442158, strand=-, frame=2, truncated=no, start-type=ATG, RBS-motif=GGAGG
22:59:20.503 - INFO - CDS - seq=contig_2, start=442322, stop=442612, strand=-, frame=1, truncated=no, start-type=GTG, RBS-motif=None
22:59:20.503 - INFO - CDS - seq=contig_2, start=443041, stop=445440, strand=+, frame=1, truncated=no, start-type=ATG, RBS-motif=AGGA
22:59:20.503 - INFO - CDS - seq=contig_2, start=445591, stop=446931, strand=-, frame=2, truncated=no, start-type=ATG, RBS-motif=AGGAG
22:59:20.503 - INFO - CDS - seq=contig_2, start=446950, stop=447312, strand=-, frame=2, truncated=no, start-type=ATG, RBS-motif=AGGAGG
22:59:20.503 - INFO - CDS - seq=contig_2, start=447663, stop=449753, strand=+, frame=3, truncated=no, start-type=ATG, RBS-motif=AGGA
22:59:20.503 - INFO - CDS - seq=contig_2, start=449808, stop=451064, strand=-, frame=3, truncated=no, start-type=ATG, RBS-motif=AGGAG
22:59:20.503 - INFO - CDS - seq=contig_2, start=451208, stop=452137, strand=-, frame=1, truncated=no, start-type=ATG, RBS-motif=GGAG/GAGG
22:59:20.503 - INFO - CDS - seq=contig_2, start=452206, stop=452385, strand=+, frame=1, truncated=no, start-type=ATG, RBS-motif=AGxAGG/AGGxGG
22:59:20.503 - INFO - CDS - seq=contig_2, start=452488, stop=452895, strand=-, frame=2, truncated=no, start-type=GTG, RBS-motif=AGGAG
22:59:20.503 - INFO - CDS - seq=contig_2, start=452917, stop=453879, strand=-, frame=2, truncated=no, start-type=ATG, RBS-motif=GGAGG
22:59:20.503 - INFO - CDS - seq=contig_2, start=453872, stop=454126, strand=-, frame=1, truncated=no, start-type=ATG, RBS-motif=GGA/GAG/AGG
22:59:20.503 - INFO - CDS - seq=contig_2, start=454128, stop=454811, strand=-, frame=3, truncated=no, start-type=ATG, RBS-motif=GGA/GAG/AGG
22:59:20.503 - INFO - CDS - seq=contig_2, start=455001, stop=457127, strand=-, frame=3, truncated=no, start-type=GTG, RBS-motif=AGGAG
22:59:20.503 - INFO - CDS - seq=contig_2, start=457279, stop=459885, strand=+, frame=1, truncated=no, start-type=GTG, RBS-motif=GGxGG
22:59:20.503 - INFO - CDS - seq=contig_2, start=460108, stop=460407, strand=-, frame=2, truncated=no, start-type=TTG, RBS-motif=AGGAG
22:59:20.503 - INFO - CDS - seq=contig_2, start=460388, stop=461053, strand=-, frame=1, truncated=no, start-type=ATG, RBS-motif=AGGA
22:59:20.503 - INFO - CDS - seq=contig_2, start=461046, stop=462110, strand=-, frame=3, truncated=no, start-type=ATG, RBS-motif=GGAGG
22:59:20.503 - INFO - CDS - seq=contig_2, start=462107, stop=462811, strand=-, frame=1, truncated=no, start-type=GTG, RBS-motif=AGxAGG/AGGxGG
22:59:20.504 - INFO - CDS - seq=contig_2, start=463061, stop=463531, strand=-, frame=1, truncated=no, start-type=ATG, RBS-motif=GGAG/GAGG
22:59:20.504 - INFO - CDS - seq=contig_2, start=463598, stop=464236, strand=-, frame=1, truncated=no, start-type=GTG, RBS-motif=AGGAGG
22:59:20.504 - INFO - CDS - seq=contig_2, start=464338, stop=465540, strand=-, frame=2, truncated=no, start-type=GTG, RBS-motif=GGAG/GAGG
22:59:20.504 - INFO - CDS - seq=contig_2, start=465704, stop=468115, strand=-, frame=1, truncated=no, start-type=ATG, RBS-motif=AGGAGG
22:59:20.504 - INFO - CDS - seq=contig_2, start=468117, stop=469163, strand=-, frame=3, truncated=no, start-type=ATG, RBS-motif=AGGAGG
22:59:20.504 - INFO - CDS - seq=contig_2, start=469680, stop=470054, strand=-, frame=3, truncated=no, start-type=GTG, RBS-motif=GGAG/GAGG
22:59:20.504 - INFO - CDS - seq=contig_2, start=470245, stop=470748, strand=-, frame=2, truncated=no, start-type=TTG, RBS-motif=AGGAG
22:59:20.504 - INFO - CDS - seq=contig_2, start=470832, stop=471593, strand=-, frame=3, truncated=no, start-type=ATG, RBS-motif=AGGAG
22:59:20.504 - INFO - CDS - seq=contig_2, start=471742, stop=472074, strand=+, frame=1, truncated=no, start-type=ATG, RBS-motif=GGAG/GAGG
22:59:20.504 - INFO - CDS - seq=contig_2, start=472133, stop=473131, strand=+, frame=2, truncated=no, start-type=ATG, RBS-motif=GGA/GAG/AGG
22:59:20.504 - INFO - CDS - seq=contig_2, start=473340, stop=474926, strand=-, frame=3, truncated=no, start-type=ATG, RBS-motif=None
22:59:20.504 - INFO - CDS - seq=contig_2, start=474926, stop=475612, strand=-, frame=1, truncated=no, start-type=ATG, RBS-motif=AGGAG
22:59:20.504 - INFO - CDS - seq=contig_2, start=475882, stop=477300, strand=-, frame=2, truncated=no, start-type=ATG, RBS-motif=AGGAGG
22:59:20.504 - INFO - CDS - seq=contig_2, start=477484, stop=477798, strand=-, frame=2, truncated=no, start-type=ATG, RBS-motif=None
22:59:20.504 - INFO - CDS - seq=contig_2, start=477933, stop=478481, strand=-, frame=3, truncated=no, start-type=ATG, RBS-motif=AGGAGG
22:59:20.504 - INFO - CDS - seq=contig_2, start=478547, stop=478801, strand=+, frame=2, truncated=no, start-type=ATG, RBS-motif=AGGA/GGAG/GAGG
22:59:20.504 - INFO - CDS - seq=contig_2, start=478745, stop=479881, strand=-, frame=1, truncated=no, start-type=ATG, RBS-motif=AGGAGG
22:59:20.504 - INFO - CDS - seq=contig_2, start=479917, stop=480654, strand=-, frame=2, truncated=no, start-type=ATG, RBS-motif=None
22:59:20.504 - INFO - CDS - seq=contig_2, start=480651, stop=481010, strand=-, frame=3, truncated=no, start-type=ATG, RBS-motif=AGGAG
22:59:20.504 - INFO - CDS - seq=contig_2, start=481014, stop=481613, strand=-, frame=3, truncated=no, start-type=GTG, RBS-motif=GGAG/GAGG
22:59:20.504 - INFO - CDS - seq=contig_2, start=481606, stop=482256, strand=-, frame=2, truncated=no, start-type=ATG, RBS-motif=GGAG/GAGG
22:59:20.504 - INFO - CDS - seq=contig_2, start=482267, stop=482578, strand=-, frame=1, truncated=no, start-type=ATG, RBS-motif=AGGAG
22:59:20.504 - INFO - CDS - seq=contig_2, start=482718, stop=483842, strand=-, frame=3, truncated=no, start-type=ATG, RBS-motif=AGGAGG
22:59:20.504 - INFO - CDS - seq=contig_2, start=483823, stop=484359, strand=-, frame=2, truncated=no, start-type=GTG, RBS-motif=GGA/GAG/AGG
22:59:20.504 - INFO - CDS - seq=contig_2, start=484766, stop=485665, strand=+, frame=2, truncated=no, start-type=ATG, RBS-motif=AGGAGG
22:59:20.504 - INFO - CDS - seq=contig_2, start=485658, stop=486626, strand=+, frame=3, truncated=no, start-type=ATG, RBS-motif=AGGAG
22:59:20.505 - INFO - CDS - seq=contig_2, start=486642, stop=487283, strand=+, frame=3, truncated=no, start-type=ATG, RBS-motif=GGAGG
22:59:20.505 - INFO - CDS - seq=contig_2, start=487290, stop=488258, strand=+, frame=3, truncated=no, start-type=ATG, RBS-motif=GGAGG
22:59:20.505 - INFO - CDS - seq=contig_2, start=488335, stop=488898, strand=+, frame=1, truncated=no, start-type=ATG, RBS-motif=AGxAGG/AGGxGG
22:59:20.505 - INFO - CDS - seq=contig_2, start=489017, stop=489373, strand=-, frame=1, truncated=no, start-type=ATG, RBS-motif=AGGAGG
22:59:20.505 - INFO - CDS - seq=contig_2, start=489408, stop=489608, strand=-, frame=3, truncated=no, start-type=ATG, RBS-motif=AGGAGG
22:59:20.505 - INFO - CDS - seq=contig_2, start=489688, stop=490152, strand=-, frame=2, truncated=no, start-type=TTG, RBS-motif=None
22:59:20.505 - INFO - CDS - seq=contig_2, start=490402, stop=491097, strand=-, frame=2, truncated=no, start-type=ATG, RBS-motif=GGA/GAG/AGG
22:59:20.505 - INFO - CDS - seq=contig_2, start=491090, stop=491575, strand=-, frame=1, truncated=no, start-type=TTG, RBS-motif=AGGA
22:59:20.505 - INFO - CDS - seq=contig_2, start=491629, stop=492198, strand=+, frame=1, truncated=no, start-type=ATG, RBS-motif=GGAG/GAGG
22:59:20.505 - INFO - CDS - seq=contig_2, start=492319, stop=494292, strand=-, frame=2, truncated=no, start-type=ATG, RBS-motif=AGGAG
22:59:20.505 - INFO - CDS - seq=contig_2, start=494347, stop=494778, strand=-, frame=2, truncated=no, start-type=ATG, RBS-motif=None
22:59:20.505 - INFO - CDS - seq=contig_2, start=494821, stop=495756, strand=-, frame=2, truncated=no, start-type=ATG, RBS-motif=AGGAGG
22:59:20.505 - INFO - CDS - seq=contig_2, start=495740, stop=497101, strand=-, frame=1, truncated=no, start-type=ATG, RBS-motif=GGAG/GAGG
22:59:20.505 - INFO - CDS - seq=contig_2, start=497181, stop=497648, strand=-, frame=3, truncated=no, start-type=GTG, RBS-motif=GGAG/GAGG
22:59:20.505 - INFO - CDS - seq=contig_2, start=497703, stop=498305, strand=-, frame=3, truncated=no, start-type=GTG, RBS-motif=AGGAGG
22:59:20.505 - INFO - CDS - seq=contig_2, start=498302, stop=499150, strand=-, frame=1, truncated=no, start-type=ATG, RBS-motif=AGGAG
22:59:20.505 - INFO - CDS - seq=contig_2, start=499161, stop=501806, strand=-, frame=3, truncated=no, start-type=ATG, RBS-motif=AGGA
22:59:20.505 - INFO - CDS - seq=contig_2, start=501969, stop=502679, strand=-, frame=3, truncated=no, start-type=ATG, RBS-motif=AGGA
22:59:20.505 - INFO - CDS - seq=contig_2, start=502840, stop=504150, strand=-, frame=2, truncated=no, start-type=ATG, RBS-motif=GGAG/GAGG
22:59:20.505 - INFO - CDS - seq=contig_2, start=504147, stop=506648, strand=-, frame=3, truncated=no, start-type=ATG, RBS-motif=AGxAGG/AGGxGG
22:59:20.505 - INFO - CDS - seq=contig_2, start=506883, stop=507524, strand=-, frame=3, truncated=no, start-type=ATG, RBS-motif=GGAGG
22:59:20.505 - INFO - CDS - seq=contig_2, start=507540, stop=507857, strand=-, frame=3, truncated=no, start-type=ATG, RBS-motif=AGGA
22:59:20.505 - INFO - CDS - seq=contig_2, start=508115, stop=508456, strand=+, frame=2, truncated=no, start-type=TTG, RBS-motif=AGxAGG/AGGxGG
22:59:20.505 - INFO - CDS - seq=contig_2, start=508446, stop=509090, strand=-, frame=3, truncated=no, start-type=ATG, RBS-motif=AGGAG
22:59:20.505 - INFO - CDS - seq=contig_2, start=509219, stop=509992, strand=-, frame=1, truncated=no, start-type=ATG, RBS-motif=AGGAG
22:59:20.505 - INFO - CDS - seq=contig_2, start=510081, stop=510179, strand=-, frame=3, truncated=no, start-type=ATG, RBS-motif=AGGA/GGAG/GAGG
22:59:20.505 - INFO - CDS - seq=contig_2, start=510382, stop=511596, strand=-, frame=2, truncated=no, start-type=ATG, RBS-motif=GGAGG
22:59:20.506 - INFO - CDS - seq=contig_2, start=511596, stop=512324, strand=-, frame=3, truncated=no, start-type=ATG, RBS-motif=GGA/GAG/AGG
22:59:20.506 - INFO - CDS - seq=contig_2, start=512421, stop=512855, strand=+, frame=3, truncated=no, start-type=ATG, RBS-motif=GGAG/GAGG
22:59:20.506 - INFO - CDS - seq=contig_2, start=512852, stop=513223, strand=+, frame=2, truncated=no, start-type=ATG, RBS-motif=GGAGG
22:59:20.506 - INFO - CDS - seq=contig_2, start=513360, stop=514262, strand=+, frame=3, truncated=no, start-type=ATG, RBS-motif=AGGA/GGAG/GAGG
22:59:20.506 - INFO - CDS - seq=contig_2, start=514457, stop=515434, strand=-, frame=1, truncated=no, start-type=GTG, RBS-motif=GGA/GAG/AGG
22:59:20.506 - INFO - CDS - seq=contig_2, start=141, stop=1091, strand=-, nt=[ATGACGGCTG..CAGTATTTAA]
22:59:20.506 - INFO - CDS - seq=contig_2, start=1381, stop=3063, strand=-, nt=[ATGAAATTAA..TTTGCTCTAA]
22:59:20.506 - INFO - CDS - seq=contig_2, start=3068, stop=3280, strand=-, nt=[ATGATCTACA..AACTTTCTAA]
22:59:20.506 - INFO - CDS - seq=contig_2, start=3900, stop=4349, strand=+, nt=[GTGGTCTGGC..CGTTGCTTAA]
22:59:20.506 - INFO - CDS - seq=contig_2, start=4380, stop=4673, strand=+, nt=[GTGAACGATG..AGAATCGTAA]
22:59:20.506 - INFO - CDS - seq=contig_2, start=4737, stop=5291, strand=-, nt=[GTGTATTTGA..TATCAAGTAA]
22:59:20.506 - INFO - CDS - seq=contig_2, start=6064, stop=6879, strand=+, nt=[ATGTTGATGA..GGTCTCGTGA]
22:59:20.506 - INFO - CDS - seq=contig_2, start=7140, stop=8252, strand=+, nt=[ATGGCAAAAC..GTCGAAGTAA]
22:59:20.506 - INFO - CDS - seq=contig_2, start=8255, stop=9232, strand=+, nt=[ATGGCACAAA..TAATTTCTAG]
22:59:20.506 - INFO - CDS - seq=contig_2, start=9250, stop=10914, strand=+, nt=[ATGGCTTTTG..GGAGGGATAA]
22:59:20.506 - INFO - CDS - seq=contig_2, start=10917, stop=12320, strand=+, nt=[ATGGTTGTAG..CAATATTTAG]
22:59:20.506 - INFO - CDS - seq=contig_2, start=12557, stop=13447, strand=+, nt=[ATGCAAAGAG..TGAAACCTAA]
22:59:20.506 - INFO - CDS - seq=contig_2, start=13437, stop=13718, strand=+, nt=[ATGAAACCTA..GGTGAGTTAA]
22:59:20.506 - INFO - CDS - seq=contig_2, start=13721, stop=14512, strand=+, nt=[ATGACACAAG..AGAGGCTTAA]
22:59:20.506 - INFO - CDS - seq=contig_2, start=14771, stop=16615, strand=+, nt=[GTGAAAACAC..ATCCAAGTAA]
22:59:20.506 - INFO - CDS - seq=contig_2, start=16855, stop=18024, strand=+, nt=[ATGAATAAAT..GCATGCATAA]
22:59:20.506 - INFO - CDS - seq=contig_2, start=18017, stop=21454, strand=+, nt=[ATGCATAAAG..CAAGCAGTGA]
22:59:20.506 - INFO - CDS - seq=contig_2, start=21451, stop=21828, strand=+, nt=[GTGAGTTTGG..GCGTCATTAG]
22:59:20.506 - INFO - CDS - seq=contig_2, start=21815, stop=22381, strand=+, nt=[ATGCGCGTCA..CAATGACTAA]
22:59:20.506 - INFO - CDS - seq=contig_2, start=22374, stop=22877, strand=+, nt=[ATGACTAAAA..AACCAAGTAA]
22:59:20.506 - INFO - CDS - seq=contig_2, start=22933, stop=23937, strand=+, nt=[TTGGCTGTCT..AGCATCATAA]
22:59:20.506 - INFO - CDS - seq=contig_2, start=24051, stop=24734, strand=+, nt=[ATGACGACAC..TGGCCCATGA]
22:59:20.506 - INFO - CDS - seq=contig_2, start=24731, stop=26935, strand=+, nt=[ATGAGTGGTC..AGGTCCGTGA]
22:59:20.506 - INFO - CDS - seq=contig_2, start=26922, stop=27965, strand=+, nt=[ATGCAGGTCC..GCGCGGTTAA]
22:59:20.506 - INFO - CDS - seq=contig_2, start=28056, stop=28310, strand=-, nt=[ATGCCACAAA..TAACAAGTAA]
22:59:20.506 - INFO - CDS - seq=contig_2, start=28558, stop=28827, strand=+, nt=[ATGGCAATTG..GCGTCGTTAA]
22:59:20.506 - INFO - CDS - seq=contig_2, start=29019, stop=29714, strand=+, nt=[ATGGGAGCGG..TCACGTTTAG]
22:59:20.506 - INFO - CDS - seq=contig_2, start=29890, stop=31572, strand=+, nt=[ATGACGAAGA..GCGCCAATAA]
22:59:20.506 - INFO - CDS - seq=contig_2, start=31659, stop=32570, strand=+, nt=[ATGGCAAAAA..ACAGGCGTAA]
22:59:20.506 - INFO - CDS - seq=contig_2, start=32781, stop=33971, strand=+, nt=[ATGGCTGAAA..CCTTGACTAA]
22:59:20.506 - INFO - CDS - seq=contig_2, start=34425, stop=36161, strand=+, nt=[ATGAAACGAT..ATTTACTTGA]
22:59:20.506 - INFO - CDS - seq=contig_2, start=36352, stop=37689, strand=+, nt=[ATGTCTGCAA..TGACAAATAG]
22:59:20.506 - INFO - CDS - seq=contig_2, start=37884, stop=39134, strand=+, nt=[ATGTTTGACA..AGCTTCTTAA]
22:59:20.506 - INFO - CDS - seq=contig_2, start=39352, stop=39948, strand=+, nt=[ATGGACGTGC..GGGAAGATAA]
22:59:20.506 - INFO - CDS - seq=contig_2, start=39952, stop=40242, strand=+, nt=[ATGAATTTCA..CAAAAAATAA]
22:59:20.506 - INFO - CDS - seq=contig_2, start=40286, stop=40447, strand=-, nt=[ATGGCACTGA..AAAGAAATAG]
22:59:20.506 - INFO - CDS - seq=contig_2, start=40602, stop=42059, strand=+, nt=[ATGAAGCATT..TGCAGCATAA]
22:59:20.506 - INFO - CDS - seq=contig_2, start=42049, stop=42795, strand=+, nt=[ATGCAGCATA..TGCCCAATAA]
22:59:20.506 - INFO - CDS - seq=contig_2, start=42972, stop=44780, strand=+, nt=[ATGGCCTCAG..GCGGGTTTAA]
22:59:20.506 - INFO - CDS - seq=contig_2, start=45155, stop=47125, strand=-, nt=[ATGGACATTC..AAATAAATAA]
22:59:20.506 - INFO - CDS - seq=contig_2, start=47135, stop=48049, strand=-, nt=[TTGATCTATT..TGAAGTTTAG]
22:59:20.507 - INFO - CDS - seq=contig_2, start=48046, stop=48795, strand=-, nt=[GTGCTTACAG..TCATTCTTGA]
22:59:20.507 - INFO - CDS - seq=contig_2, start=49044, stop=50330, strand=+, nt=[ATGTTTGTCG..CGTTGAATGA]
22:59:20.507 - INFO - CDS - seq=contig_2, start=50385, stop=52364, strand=+, nt=[TTGAAACAGA..GAAAAATTAA]
22:59:20.507 - INFO - CDS - seq=contig_2, start=52593, stop=53555, strand=+, nt=[ATGGAAATTC..TAAATCATAA]
22:59:20.507 - INFO - CDS - seq=contig_2, start=53599, stop=54384, strand=+, nt=[ATGATGAACC..TAAGAAGTAA]
22:59:20.507 - INFO - CDS - seq=contig_2, start=54398, stop=54733, strand=+, nt=[ATGAAGGGTC..CAAAAAATAG]
22:59:20.507 - INFO - CDS - seq=contig_2, start=55090, stop=57696, strand=+, nt=[ATGAACCCAG..CAAAGCTTAA]
22:59:20.507 - INFO - CDS - seq=contig_2, start=57877, stop=58068, strand=+, nt=[ATGGCAGTTC..AAATGCATAA]
22:59:20.507 - INFO - CDS - seq=contig_2, start=58425, stop=58976, strand=+, nt=[ATGGCTGATA..GAAAAAATGA]
22:59:20.507 - INFO - CDS - seq=contig_2, start=58973, stop=60526, strand=+, nt=[ATGAAACTAA..GTCAATGTGA]
22:59:20.507 - INFO - CDS - seq=contig_2, start=60569, stop=61480, strand=+, nt=[ATGCTGTTGG..GACAAAATAA]
22:59:20.507 - INFO - CDS - seq=contig_2, start=61588, stop=61782, strand=-, nt=[ATGCGTTATC..AGAACATTAA]
22:59:20.507 - INFO - CDS - seq=contig_2, start=61878, stop=65174, strand=+, nt=[ATGACGTTTA..AGAAGAATAG]
22:59:20.507 - INFO - CDS - seq=contig_2, start=65286, stop=66245, strand=+, nt=[ATGAAACGCA..AACATTTTAA]
22:59:20.507 - INFO - CDS - seq=contig_2, start=66304, stop=68070, strand=+, nt=[ATGAAAAAAA..CGCCCTTTAA]
22:59:20.507 - INFO - CDS - seq=contig_2, start=68295, stop=68756, strand=+, nt=[GTGGAGAGTT..TGGACATTAA]
22:59:20.507 - INFO - CDS - seq=contig_2, start=68796, stop=69674, strand=+, nt=[ATGAATTTTA..TCGGGAGTAA]
22:59:20.507 - INFO - CDS - seq=contig_2, start=69679, stop=70560, strand=+, nt=[ATGCATGGGT..GCGCGGGTAG]
22:59:20.507 - INFO - CDS - seq=contig_2, start=70814, stop=71200, strand=+, nt=[ATGCTGGTTA..TGCTGAATGA]
22:59:20.507 - INFO - CDS - seq=contig_2, start=71175, stop=71900, strand=+, nt=[ATGGCACTGA..GGCTGCTTAA]
22:59:20.507 - INFO - CDS - seq=contig_2, start=71900, stop=72520, strand=+, nt=[ATGGAGCCAG..CCAAAACTGA]
22:59:20.507 - INFO - CDS - seq=contig_2, start=72504, stop=73247, strand=+, nt=[ATGACAACCA..AAGTAAGTAG]
22:59:20.507 - INFO - CDS - seq=contig_2, start=73550, stop=74128, strand=+, nt=[ATGGCAAGTA..TGGTCATTAA]
22:59:20.507 - INFO - CDS - seq=contig_2, start=74275, stop=74532, strand=-, nt=[ATGGCTTTAT..GAAAGCTTAA]
22:59:20.507 - INFO - CDS - seq=contig_2, start=74598, stop=75578, strand=+, nt=[TTGCTGACCG..CACAACTTGA]
22:59:20.507 - INFO - CDS - seq=contig_2, start=75565, stop=76974, strand=+, nt=[GTGTCACAAC..CTTTAGATAA]
22:59:20.507 - INFO - CDS - seq=contig_2, start=77033, stop=77653, strand=+, nt=[ATGGCGGAAA..AGTGAAATAA]
22:59:20.507 - INFO - CDS - seq=contig_2, start=77719, stop=78384, strand=+, nt=[ATGCAAATTG..GACGAAATAG]
22:59:20.507 - INFO - CDS - seq=contig_2, start=78472, stop=79791, strand=+, nt=[ATGAGTGATA..TAACAAGTAG]
22:59:20.507 - INFO - CDS - seq=contig_2, start=79881, stop=81188, strand=+, nt=[ATGGTCTTAC..ACGCAAGTAG]
22:59:20.507 - INFO - CDS - seq=contig_2, start=81432, stop=81707, strand=+, nt=[ATGGCAAACA..CGTTAAATAA]
22:59:20.507 - INFO - CDS - seq=contig_2, start=81952, stop=83220, strand=+, nt=[ATGAGTTACG..GACGGATTAA]
22:59:20.507 - INFO - CDS - seq=contig_2, start=83231, stop=84109, strand=-, nt=[ATGTCACGCA..TGGTCATTGA]
22:59:20.507 - INFO - CDS - seq=contig_2, start=84213, stop=85409, strand=+, nt=[ATGCGACTAG..TCGTTTGTGA]
22:59:20.507 - INFO - CDS - seq=contig_2, start=85547, stop=86002, strand=+, nt=[ATGGCAGAAC..GCGGATCTAA]
22:59:20.507 - INFO - CDS - seq=contig_2, start=86098, stop=87990, strand=+, nt=[ATGCAGACGC..GTATGTTTGA]
22:59:20.507 - INFO - CDS - seq=contig_2, start=88019, stop=88969, strand=+, nt=[ATGTTAGAGC..TGCCGTTTAA]
22:59:20.507 - INFO - CDS - seq=contig_2, start=89097, stop=89588, strand=+, nt=[ATGGTAGCAT..GCAAAAATGA]
22:59:20.507 - INFO - CDS - seq=contig_2, start=89743, stop=90384, strand=-, nt=[ATGCGCGTGG..TTTCGTTTAA]
22:59:20.507 - INFO - CDS - seq=contig_2, start=90546, stop=91430, strand=+, nt=[ATGAGTTCGA..CGTTGATTAA]
22:59:20.507 - INFO - CDS - seq=contig_2, start=91767, stop=92612, strand=+, nt=[ATGGCCAAGT..TTGGGAGTGA]
22:59:20.507 - INFO - CDS - seq=contig_2, start=92618, stop=93247, strand=+, nt=[GTGACAGAAA..TAATCAGTGA]
22:59:20.507 - INFO - CDS - seq=contig_2, start=93318, stop=93794, strand=+, nt=[ATGGTTGAAC..GGATCAATAA]
22:59:20.507 - INFO - CDS - seq=contig_2, start=93794, stop=94036, strand=+, nt=[ATGCATCGGA..GTATCAATAA]
22:59:20.507 - INFO - CDS - seq=contig_2, start=94062, stop=95447, strand=+, nt=[TTGATAATTG..AGCTAAGTGA]
22:59:20.507 - INFO - CDS - seq=contig_2, start=95542, stop=95856, strand=+, nt=[ATGGTTGACT..TAGCGACTAA]
22:59:20.507 - INFO - CDS - seq=contig_2, start=96009, stop=96869, strand=+, nt=[ATGGCACAAA..CGCTGAGTGA]
22:59:20.507 - INFO - CDS - seq=contig_2, start=96844, stop=97611, strand=+, nt=[GTGAGACAGA..GCGCTCTTAG]
22:59:20.507 - INFO - CDS - seq=contig_2, start=97673, stop=98488, strand=+, nt=[ATGACACTGC..TTACCCTTGA]
22:59:20.507 - INFO - CDS - seq=contig_2, start=98758, stop=100842, strand=+, nt=[ATGGCCGACA..AAAAGCATAA]
22:59:20.507 - INFO - CDS - seq=contig_2, start=101274, stop=102593, strand=+, nt=[ATGCCAACAG..ACAAGTTTAA]
22:59:20.507 - INFO - CDS - seq=contig_2, start=102718, stop=103614, strand=+, nt=[ATGAAGCCAA..GCATAATTAA]
22:59:20.507 - INFO - CDS - seq=contig_2, start=103862, stop=104386, strand=+, nt=[ATGACAACAA..AAGCTTTTAG]
22:59:20.507 - INFO - CDS - seq=contig_2, start=104430, stop=105839, strand=+, nt=[ATGGCAGAAG..TATTTTGTAG]
22:59:20.508 - INFO - CDS - seq=contig_2, start=105875, stop=106753, strand=+, nt=[ATGGTAACGA..CATTTTCTAA]
22:59:20.508 - INFO - CDS - seq=contig_2, start=106835, stop=107458, strand=-, nt=[TTGATACTTG..CCGCTCTTAG]
22:59:20.508 - INFO - CDS - seq=contig_2, start=107976, stop=109988, strand=+, nt=[ATGGATAAAG..AGGAAAGTAA]
22:59:20.508 - INFO - CDS - seq=contig_2, start=109995, stop=112439, strand=+, nt=[TTGGCCAATC..AGTCGAATAA]
22:59:20.508 - INFO - CDS - seq=contig_2, start=112691, stop=114952, strand=+, nt=[ATGAAACAGC..AGAAATGTAA]
22:59:20.508 - INFO - CDS - seq=contig_2, start=115084, stop=115935, strand=+, nt=[ATGAAACTCA..GAGCAACTGA]
22:59:20.508 - INFO - CDS - seq=contig_2, start=116060, stop=117028, strand=+, nt=[ATGAAAACGA..TGATAAGTAA]
22:59:20.508 - INFO - CDS - seq=contig_2, start=117058, stop=117990, strand=+, nt=[ATGACGACTT..TGAAGGTTAA]
22:59:20.508 - INFO - CDS - seq=contig_2, start=119142, stop=120254, strand=+, nt=[GTGTCGACAC..ACAAGCTTAA]
22:59:20.508 - INFO - CDS - seq=contig_2, start=120361, stop=120714, strand=+, nt=[GTGTTAGATG..GCCGGCTTAA]
22:59:20.508 - INFO - CDS - seq=contig_2, start=120782, stop=122773, strand=-, nt=[ATGAAATTCT..TCGCAGCTAA]
22:59:20.508 - INFO - CDS - seq=contig_2, start=122770, stop=123540, strand=-, nt=[ATGTCAACAT..TGGACAATGA]
22:59:20.508 - INFO - CDS - seq=contig_2, start=123634, stop=124590, strand=-, nt=[ATGATGAAAG..AGTGGAGTAA]
22:59:20.508 - INFO - CDS - seq=contig_2, start=124587, stop=125279, strand=-, nt=[ATGGCACAGA..AAAGCCATGA]
22:59:20.508 - INFO - CDS - seq=contig_2, start=125576, stop=126640, strand=+, nt=[ATGACCTATG..TTCGTGGTAA]
22:59:20.508 - INFO - CDS - seq=contig_2, start=126877, stop=127272, strand=-, nt=[ATGATTAAAA..CCGGTATTAA]
22:59:20.508 - INFO - CDS - seq=contig_2, start=127275, stop=127673, strand=-, nt=[TTGCCCTATA..GGAGGGATAA]
22:59:20.508 - INFO - CDS - seq=contig_2, start=127894, stop=128529, strand=-, nt=[ATGTTGGAAA..TTTCAAATAA]
22:59:20.508 - INFO - CDS - seq=contig_2, start=128798, stop=129889, strand=-, nt=[ATGCTAAAAC..AAAAAAATAA]
22:59:20.508 - INFO - CDS - seq=contig_2, start=129973, stop=130305, strand=-, nt=[ATGACCCAAG..GAAATATTAA]
22:59:20.508 - INFO - CDS - seq=contig_2, start=130302, stop=130634, strand=-, nt=[ATGATCACAC..TCTTACATGA]
22:59:20.508 - INFO - CDS - seq=contig_2, start=130631, stop=131389, strand=-, nt=[ATGCTGACAA..GGTTCGATGA]
22:59:20.508 - INFO - CDS - seq=contig_2, start=131391, stop=132107, strand=-, nt=[ATGAAGCTCT..GGAGGGTTAA]
22:59:20.508 - INFO - CDS - seq=contig_2, start=132085, stop=132711, strand=-, nt=[ATGATTGTGA..CCGCGATTGA]
22:59:20.508 - INFO - CDS - seq=contig_2, start=132712, stop=133296, strand=-, nt=[ATGCGTACAG..TGTGATTTGA]
22:59:20.508 - INFO - CDS - seq=contig_2, start=133300, stop=134592, strand=-, nt=[ATGAAAATTT..GGAGGTTTAA]
22:59:20.508 - INFO - CDS - seq=contig_2, start=134589, stop=135224, strand=-, nt=[ATGACACTCA..ATCGTTATGA]
22:59:20.508 - INFO - CDS - seq=contig_2, start=135221, stop=136369, strand=-, nt=[ATGTCAAATC..GATCCTATGA]
22:59:20.508 - INFO - CDS - seq=contig_2, start=136940, stop=138037, strand=-, nt=[ATGTTACGCA..CCCTAATTAG]
22:59:20.508 - INFO - CDS - seq=contig_2, start=138606, stop=139166, strand=-, nt=[ATGTTTTTTG..CAAAGATTAA]
22:59:20.508 - INFO - CDS - seq=contig_2, start=139216, stop=140082, strand=-, nt=[ATGAAAATTG..GAAAGCATAA]
22:59:20.508 - INFO - CDS - seq=contig_2, start=140236, stop=141939, strand=+, nt=[ATGTCATTTG..TACCAAGTAA]
22:59:20.508 - INFO - CDS - seq=contig_2, start=141985, stop=142296, strand=+, nt=[ATGAAAGCAT..TCTTGAATAA]
22:59:20.508 - INFO - CDS - seq=contig_2, start=142357, stop=143505, strand=-, nt=[ATGATGGCTG..CCAAGGTTAA]
22:59:20.508 - INFO - CDS - seq=contig_2, start=143520, stop=144464, strand=-, nt=[ATGAAAATTA..CGCAAAATAA]
22:59:20.508 - INFO - CDS - seq=contig_2, start=144558, stop=145883, strand=-, nt=[ATGGCGATCG..TCTTTACTAA]
22:59:20.508 - INFO - CDS - seq=contig_2, start=145901, stop=146887, strand=-, nt=[ATGGCTGAAT..ATCATATTGA]
22:59:20.508 - INFO - CDS - seq=contig_2, start=147027, stop=148031, strand=-, nt=[ATGCAAAAAA..CGCAGAATAG]
22:59:20.508 - INFO - CDS - seq=contig_2, start=148049, stop=149464, strand=-, nt=[ATGACAATGA..TCACAAATAA]
22:59:20.508 - INFO - CDS - seq=contig_2, start=149461, stop=150582, strand=-, nt=[ATGACCATGC..TGGCAGATGA]
22:59:20.508 - INFO - CDS - seq=contig_2, start=150579, stop=151430, strand=-, nt=[ATGATCACAG..TGCCTCATGA]
22:59:20.508 - INFO - CDS - seq=contig_2, start=151980, stop=152621, strand=-, nt=[ATGACTAAAT..GTTTCAATAA]
22:59:20.508 - INFO - CDS - seq=contig_2, start=152614, stop=153333, strand=-, nt=[ATGACGCCTA..ACATGACTAA]
22:59:20.508 - INFO - CDS - seq=contig_2, start=153330, stop=154205, strand=-, nt=[ATGGCCATTC..AGTTTTATGA]
22:59:20.508 - INFO - CDS - seq=contig_2, start=154366, stop=157548, strand=-, nt=[ATGCCAAAAC..TAAAAGTTGA]
22:59:20.509 - INFO - CDS - seq=contig_2, start=157551, stop=158633, strand=-, nt=[ATGAAGCGCT..GAAAGGATAA]
22:59:20.509 - INFO - CDS - seq=contig_2, start=158793, stop=160058, strand=-, nt=[ATGCTCATCA..AAGAGCGTGA]
22:59:20.509 - INFO - CDS - seq=contig_2, start=160062, stop=161003, strand=-, nt=[ATGACCTTAT..AGAGGAGTAA]
22:59:20.509 - INFO - CDS - seq=contig_2, start=160990, stop=162297, strand=-, nt=[ATGGCATTTC..CCTTATCTAA]
22:59:20.509 - INFO - CDS - seq=contig_2, start=162299, stop=162847, strand=-, nt=[ATGGCACAGT..GGAGGGCTAA]
22:59:20.509 - INFO - CDS - seq=contig_2, start=163174, stop=164094, strand=-, nt=[ATGACCAGCA..CGTTCGGTAA]
22:59:20.509 - INFO - CDS - seq=contig_2, start=164094, stop=164558, strand=-, nt=[GTGCTTATTT..GGTGGCGTGA]
22:59:20.509 - INFO - CDS - seq=contig_2, start=164669, stop=166342, strand=-, nt=[ATGTCTGATA..CCTGTTCTAA]
22:59:20.509 - INFO - CDS - seq=contig_2, start=166355, stop=166759, strand=-, nt=[GTGCCAGAAT..CGCCAAATAA]
22:59:20.509 - INFO - CDS - seq=contig_2, start=166784, stop=167182, strand=+, nt=[ATGCTTAAAC..TAAAATATAA]
22:59:20.509 - INFO - CDS - seq=contig_2, start=167423, stop=168025, strand=-, nt=[GTGAATCAAG..TTTGAAATAA]
22:59:20.509 - INFO - CDS - seq=contig_2, start=168335, stop=169804, strand=+, nt=[ATGTCGCTGA..TATTCTTTAA]
22:59:20.509 - INFO - CDS - seq=contig_2, start=169873, stop=170199, strand=-, nt=[ATGAAACGAG..GCAACGTTAA]
22:59:20.509 - INFO - CDS - seq=contig_2, start=170351, stop=171802, strand=-, nt=[ATGGTCTTTG..AGCCCACTGA]
22:59:20.509 - INFO - CDS - seq=contig_2, start=172176, stop=172406, strand=+, nt=[ATGCGTAACA..GGCTGTTTGA]
22:59:20.509 - INFO - CDS - seq=contig_2, start=172476, stop=174647, strand=+, nt=[ATGTCATTAA..CTCAATCTGA]
22:59:20.509 - INFO - CDS - seq=contig_2, start=174700, stop=175680, strand=+, nt=[ATGGCAAAAC..CGACAAATAA]
22:59:20.509 - INFO - CDS - seq=contig_2, start=175756, stop=176637, strand=-, nt=[ATGGAACTGC..CAGTGAATGA]
22:59:20.509 - INFO - CDS - seq=contig_2, start=176865, stop=178769, strand=-, nt=[ATGACTAGTG..AATTTGGTAA]
22:59:20.509 - INFO - CDS - seq=contig_2, start=179009, stop=180022, strand=+, nt=[ATGTATTATG..CGTACCATAA]
22:59:20.509 - INFO - CDS - seq=contig_2, start=180136, stop=180363, strand=-, nt=[ATGGCACAAC..ATATAATTGA]
22:59:20.509 - INFO - CDS - seq=contig_2, start=180519, stop=181454, strand=-, nt=[ATGAAGATTC..CGGATACTGA]
22:59:20.509 - INFO - CDS - seq=contig_2, start=181590, stop=182732, strand=-, nt=[ATGAGATATC..TAGAGCGTGA]
22:59:20.509 - INFO - CDS - seq=contig_2, start=183533, stop=183928, strand=-, nt=[ATGGATAGTA..CCAATATTAA]
22:59:20.509 - INFO - CDS - seq=contig_2, start=183984, stop=184559, strand=-, nt=[ATGGTTGGAA..AAATGATTGA]
22:59:20.509 - INFO - CDS - seq=contig_2, start=184626, stop=185252, strand=+, nt=[ATGACCATTC..GCGTGGCTGA]
22:59:20.509 - INFO - CDS - seq=contig_2, start=185245, stop=187551, strand=+, nt=[GTGGCTGATA..CAACCCCTGA]
22:59:20.509 - INFO - CDS - seq=contig_2, start=187660, stop=188121, strand=-, nt=[ATGACAGATA..CCAACAATAA]
22:59:20.509 - INFO - CDS - seq=contig_2, start=188118, stop=188807, strand=-, nt=[ATGAAAATTC..CAAATCATGA]
22:59:20.509 - INFO - CDS - seq=contig_2, start=188843, stop=189466, strand=-, nt=[ATGACGGATT..GGAGCTGTGA]
22:59:20.509 - INFO - CDS - seq=contig_2, start=189521, stop=190819, strand=-, nt=[ATGACGGAAC..GAAACCATGA]
22:59:20.509 - INFO - CDS - seq=contig_2, start=190850, stop=192025, strand=-, nt=[GTGCATTTAG..GGGCAAGTAA]
22:59:20.509 - INFO - CDS - seq=contig_2, start=192080, stop=192568, strand=-, nt=[ATGCGTCATC..AAACTTATAA]
22:59:20.509 - INFO - CDS - seq=contig_2, start=192743, stop=195529, strand=-, nt=[ATGAATGCTG..CAGAGCGTGA]
22:59:20.509 - INFO - CDS - seq=contig_2, start=195568, stop=199272, strand=-, nt=[ATGACCCAAT..TGGTAAATAG]
22:59:20.509 - INFO - CDS - seq=contig_2, start=199269, stop=202808, strand=-, nt=[ATGGGGCTGC..GCAAGCATGA]
22:59:20.509 - INFO - CDS - seq=contig_2, start=203159, stop=204094, strand=+, nt=[ATGGAAATCG..ATCGAAATGA]
22:59:20.509 - INFO - CDS - seq=contig_2, start=204102, stop=205106, strand=+, nt=[ATGACGACTT..GCAAGGATGA]
22:59:20.509 - INFO - CDS - seq=contig_2, start=205072, stop=206106, strand=+, nt=[ATGACACAAA..GGGAATTTGA]
22:59:20.509 - INFO - CDS - seq=contig_2, start=206595, stop=207926, strand=-, nt=[GTGCAACTAC..GCGTGTTTGA]
22:59:20.509 - INFO - CDS - seq=contig_2, start=207913, stop=208869, strand=-, nt=[GTGAAAAAAT..AACTACCTGA]
22:59:20.509 - INFO - CDS - seq=contig_2, start=208922, stop=209665, strand=-, nt=[ATGGACTATT..ATTACAATAG]
22:59:20.509 - INFO - CDS - seq=contig_2, start=209758, stop=210108, strand=-, nt=[ATGGCAGACA..CATTCATTAA]
22:59:20.509 - INFO - CDS - seq=contig_2, start=210160, stop=210348, strand=-, nt=[ATGCCATTAG..TAAGGCTTAA]
22:59:20.509 - INFO - CDS - seq=contig_2, start=210491, stop=211285, strand=-, nt=[ATGACGAGCG..TTTCATGTGA]
22:59:20.509 - INFO - CDS - seq=contig_2, start=211272, stop=211982, strand=-, nt=[ATGGATCATA..CGAGCGGTAA]
22:59:20.509 - INFO - CDS - seq=contig_2, start=212198, stop=213466, strand=-, nt=[ATGGCTGATA..TCTTGAGTAA]
22:59:20.510 - INFO - CDS - seq=contig_2, start=213480, stop=215267, strand=-, nt=[ATGATTCCTG..ACAAGGCTAG]
22:59:20.510 - INFO - CDS - seq=contig_2, start=215460, stop=217529, strand=-, nt=[ATGACGCATC..TGTTAAGTAG]
22:59:20.510 - INFO - CDS - seq=contig_2, start=217531, stop=218427, strand=-, nt=[ATGACAAAAA..GGTGGAATAA]
22:59:20.510 - INFO - CDS - seq=contig_2, start=218819, stop=219988, strand=-, nt=[ATGGCTTCAA..TAAAAAATAA]
22:59:20.510 - INFO - CDS - seq=contig_2, start=220031, stop=220357, strand=-, nt=[GTGGTAATGA..GCGTAAATAG]
22:59:20.510 - INFO - CDS - seq=contig_2, start=221182, stop=222852, strand=-, nt=[ATGAAATCAA..TGAGAAGTAG]
22:59:20.510 - INFO - CDS - seq=contig_2, start=223059, stop=224216, strand=-, nt=[TTGCAATTTA..CATCAAGTAA]
22:59:20.510 - INFO - CDS - seq=contig_2, start=224219, stop=224551, strand=-, nt=[ATGAAAGATT..GGGGGCTTAA]
22:59:20.510 - INFO - CDS - seq=contig_2, start=224564, stop=224779, strand=-, nt=[ATGCTAATGG..GTTCTTGTGA]
22:59:20.510 - INFO - CDS - seq=contig_2, start=224822, stop=224953, strand=-, nt=[GTGACTAATT..CAAAAGCTAG]
22:59:20.510 - INFO - CDS - seq=contig_2, start=224946, stop=225236, strand=-, nt=[ATGAAAATCA..AAGTGACTAA]
22:59:20.510 - INFO - CDS - seq=contig_2, start=225246, stop=227699, strand=-, nt=[ATGGAATACT..ATTTTTCTAG]
22:59:20.510 - INFO - CDS - seq=contig_2, start=227700, stop=229670, strand=-, nt=[TTGAAACAAG..GTGGCTGTAA]
22:59:20.510 - INFO - CDS - seq=contig_2, start=229671, stop=233594, strand=-, nt=[GTGATTGAAG..AACCGTTTAA]
22:59:20.510 - INFO - CDS - seq=contig_2, start=233591, stop=233746, strand=-, nt=[ATGAAAAAGC..GAAAGGGTGA]
22:59:20.510 - INFO - CDS - seq=contig_2, start=233799, stop=234149, strand=-, nt=[ATGAAAATTA..CAAAGATTAA]
22:59:20.510 - INFO - CDS - seq=contig_2, start=234313, stop=234924, strand=-, nt=[ATGGCAACAG..AGGCGAATAA]
22:59:20.510 - INFO - CDS - seq=contig_2, start=234925, stop=235305, strand=-, nt=[ATGAGTGCCG..AGGAATTTAA]
22:59:20.510 - INFO - CDS - seq=contig_2, start=235302, stop=235721, strand=-, nt=[ATGGAAATGG..AGACAAATGA]
22:59:20.510 - INFO - CDS - seq=contig_2, start=236058, stop=236348, strand=-, nt=[ATGACAGAAA..TGACAGTTAA]
22:59:20.510 - INFO - CDS - seq=contig_2, start=236419, stop=238326, strand=-, nt=[GTGAAAAATG..TGGCAAATAA]
22:59:20.510 - INFO - CDS - seq=contig_2, start=238326, stop=239426, strand=-, nt=[ATGAGCGTAT..TGTGATTTAG]
22:59:20.510 - INFO - CDS - seq=contig_2, start=239423, stop=239605, strand=-, nt=[GTGAGCAAAT..TAGTAGATGA]
22:59:20.510 - INFO - CDS - seq=contig_2, start=239727, stop=241628, strand=-, nt=[TTGATAAAGC..AGGCTTTTAA]
22:59:20.510 - INFO - CDS - seq=contig_2, start=241625, stop=242101, strand=-, nt=[ATGGGTAGAA..CCAGTTTTGA]
22:59:20.510 - INFO - CDS - seq=contig_2, start=242566, stop=243564, strand=-, nt=[GTGACAGGTA..TGAACAGTAA]
22:59:20.510 - INFO - CDS - seq=contig_2, start=243561, stop=243788, strand=-, nt=[ATGAATGGCA..TGTTAAGTGA]
22:59:20.510 - INFO - CDS - seq=contig_2, start=243809, stop=244096, strand=-, nt=[ATGAATAACA..CATAAACTAG]
22:59:20.510 - INFO - CDS - seq=contig_2, start=244093, stop=244542, strand=-, nt=[GTGCATCAAA..AAATAAATGA]
22:59:20.510 - INFO - CDS - seq=contig_2, start=244622, stop=244996, strand=-, nt=[ATGAATAACT..ACCGTTCTAA]
22:59:20.510 - INFO - CDS - seq=contig_2, start=244989, stop=245813, strand=-, nt=[TTGATTAATA..GGATGAATAA]
22:59:20.510 - INFO - CDS - seq=contig_2, start=246057, stop=246704, strand=-, nt=[ATGAATACAG..CCCCAATTAA]
22:59:20.510 - INFO - CDS - seq=contig_2, start=246827, stop=247972, strand=-, nt=[ATGAGATATA..TAAGGAGTAA]
22:59:20.510 - INFO - CDS - seq=contig_2, start=250250, stop=250561, strand=+, nt=[ATGAAGACGT..TGACGACTGA]
22:59:20.510 - INFO - CDS - seq=contig_2, start=251549, stop=251857, strand=-, nt=[ATGTCAGAAA..TGGCGTTTAA]
22:59:20.510 - INFO - CDS - seq=contig_2, start=252002, stop=252313, strand=-, nt=[ATGGCAAGAA..GGTGCATTAA]
22:59:20.510 - INFO - CDS - seq=contig_2, start=252564, stop=253343, strand=-, nt=[ATGGTTAGGC..CTCGGAATGA]
22:59:20.510 - INFO - CDS - seq=contig_2, start=253343, stop=254245, strand=-, nt=[TTGAGTGAAC..TCTTCGATAA]
22:59:20.510 - INFO - CDS - seq=contig_2, start=254242, stop=254631, strand=-, nt=[TTGTCAGTTT..TAACGCTTGA]
22:59:20.510 - INFO - CDS - seq=contig_2, start=254633, stop=255031, strand=-, nt=[ATGGCCTTAC..GAGTTGGTAA]
22:59:20.510 - INFO - CDS - seq=contig_2, start=255015, stop=255473, strand=-, nt=[ATGGACTTAG..TACCAGATAA]
22:59:20.510 - INFO - CDS - seq=contig_2, start=255477, stop=256463, strand=-, nt=[TTGGCACAAG..GAAGGAGTAA]
22:59:20.510 - INFO - CDS - seq=contig_2, start=256676, stop=256840, strand=-, nt=[ATGGCAGTCT..TATCGTCTAA]
22:59:20.510 - INFO - CDS - seq=contig_2, start=256797, stop=257240, strand=-, nt=[GTGGCTTTAA..ACTTAGTTAA]
22:59:20.511 - INFO - CDS - seq=contig_2, start=257260, stop=257436, strand=-, nt=[ATGGCTAAGA..GAAGTTTTAA]
22:59:20.511 - INFO - CDS - seq=contig_2, start=257740, stop=258570, strand=+, nt=[ATGACGCAAG..AACCCATTAA]
22:59:20.511 - INFO - CDS - seq=contig_2, start=258567, stop=259454, strand=-, nt=[ATGTTAATAG..GATGGTTTAA]
22:59:20.511 - INFO - CDS - seq=contig_2, start=259590, stop=260510, strand=-, nt=[ATGGAAGAGA..AACGGATTAA]
22:59:20.511 - INFO - CDS - seq=contig_2, start=260602, stop=261054, strand=-, nt=[TTGTCAGATC..TGTTCATTAA]
22:59:20.511 - INFO - CDS - seq=contig_2, start=261144, stop=262949, strand=-, nt=[ATGAGTAAAC..AACTGAGTAA]
22:59:20.511 - INFO - CDS - seq=contig_2, start=262951, stop=264234, strand=-, nt=[ATGAATTATC..GGCAAAATAA]
22:59:20.511 - INFO - CDS - seq=contig_2, start=264754, stop=265080, strand=+, nt=[ATGGCAAGTA..GTTAGTTTAA]
22:59:20.511 - INFO - CDS - seq=contig_2, start=265209, stop=266714, strand=-, nt=[ATGATGCGAC..CGCAAGGTAA]
22:59:20.511 - INFO - CDS - seq=contig_2, start=266711, stop=267586, strand=-, nt=[ATGTCATTAT..GAAAGGATGA]
22:59:20.511 - INFO - CDS - seq=contig_2, start=267832, stop=268272, strand=+, nt=[ATGTGGCAAG..TTTGGCATAA]
22:59:20.511 - INFO - CDS - seq=contig_2, start=268411, stop=269733, strand=+, nt=[ATGAAGAAAA..TCATCAGTGA]
22:59:20.511 - INFO - CDS - seq=contig_2, start=269806, stop=270432, strand=-, nt=[ATGCTAGTCA..CCGCGTTTAA]
22:59:20.511 - INFO - CDS - seq=contig_2, start=270432, stop=270878, strand=-, nt=[ATGCGCGCAG..GGCGAAATGA]
22:59:20.511 - INFO - CDS - seq=contig_2, start=270999, stop=273227, strand=-, nt=[ATGGCCGAAG..CAATGGCTGA]
22:59:20.511 - INFO - CDS - seq=contig_2, start=273464, stop=273787, strand=-, nt=[ATGAGTCGTA..AAAGGACTAG]
22:59:20.511 - INFO - CDS - seq=contig_2, start=273814, stop=274554, strand=-, nt=[ATGCAGCGGT..ATCTATATAA]
22:59:20.511 - INFO - CDS - seq=contig_2, start=274687, stop=275634, strand=-, nt=[ATGAATGATT..AACAGCATGA]
22:59:20.511 - INFO - CDS - seq=contig_2, start=275751, stop=276245, strand=-, nt=[ATGAGCCAAA..CAAGTACTAG]
22:59:20.511 - INFO - CDS - seq=contig_2, start=276242, stop=276856, strand=-, nt=[ATGTTAAGCA..GCAATCATGA]
22:59:20.511 - INFO - CDS - seq=contig_2, start=276953, stop=277201, strand=+, nt=[ATGGCAGAAA..GCAAGCTTAG]
22:59:20.511 - INFO - CDS - seq=contig_2, start=277271, stop=277657, strand=-, nt=[ATGAAAAAAG..GCTTGAGTAA]
22:59:20.511 - INFO - CDS - seq=contig_2, start=278120, stop=278302, strand=-, nt=[ATGGCCTGGT..GCGACATTAA]
22:59:20.511 - INFO - CDS - seq=contig_2, start=278302, stop=278688, strand=-, nt=[TTGAAAATTT..GGTGTCGTGA]
22:59:20.511 - INFO - CDS - seq=contig_2, start=279396, stop=280874, strand=-, nt=[TTGTTTTATT..GGCGGGTTAG]
22:59:20.511 - INFO - CDS - seq=contig_2, start=281484, stop=282482, strand=+, nt=[GTGATACGAT..TGATCGTTAA]
22:59:20.511 - INFO - CDS - seq=contig_2, start=282633, stop=284249, strand=-, nt=[ATGATATTCT..GAAGGGGTAA]
22:59:20.511 - INFO - CDS - seq=contig_2, start=284262, stop=285797, strand=-, nt=[TTGAACTATT..TCTTAGATAG]
22:59:20.511 - INFO - CDS - seq=contig_2, start=285845, stop=287194, strand=-, nt=[ATGGGATTTT..AGAAGCATAA]
22:59:20.511 - INFO - CDS - seq=contig_2, start=287372, stop=289105, strand=-, nt=[ATGGGGAAAA..ATTAGCGTAA]
22:59:20.511 - INFO - CDS - seq=contig_2, start=289241, stop=289480, strand=-, nt=[ATGAAGGCAA..TCTTTCGTAA]
22:59:20.511 - INFO - CDS - seq=contig_2, start=289487, stop=292198, strand=-, nt=[TTGAAAAAAA..TACGAGGTAG]
22:59:20.511 - INFO - CDS - seq=contig_2, start=292466, stop=293164, strand=-, nt=[TTGGCTGCTT..TGAAAACTAA]
22:59:20.511 - INFO - CDS - seq=contig_2, start=298083, stop=298331, strand=+, nt=[TTGGCTGAAC..ACTTGTTTGA]
22:59:20.511 - INFO - CDS - seq=contig_2, start=298539, stop=298838, strand=+, nt=[GTGGCGCTTG..GGCTGCATAA]
22:59:20.511 - INFO - CDS - seq=contig_2, start=301392, stop=302405, strand=-, nt=[ATGAGTTTCT..CATGAGTTAA]
22:59:20.511 - INFO - CDS - seq=contig_2, start=302614, stop=303417, strand=-, nt=[ATGGGTGAAA..GTTAACTTAA]
22:59:20.511 - INFO - CDS - seq=contig_2, start=303840, stop=304154, strand=-, nt=[ATGTTTGAGA..CCAGAAGTAA]
22:59:20.511 - INFO - CDS - seq=contig_2, start=304173, stop=304676, strand=-, nt=[ATGGCTAAAC..GCAAGACTGA]
22:59:20.511 - INFO - CDS - seq=contig_2, start=305000, stop=305527, strand=-, nt=[ATGACCATCA..TGGCGCATGA]
22:59:20.511 - INFO - CDS - seq=contig_2, start=305524, stop=307818, strand=-, nt=[ATGACGCAGT..AGAATCATGA]
22:59:20.511 - INFO - CDS - seq=contig_2, start=308093, stop=308464, strand=+, nt=[ATGGCAAAAT..GGTCTTCTAG]
22:59:20.511 - INFO - CDS - seq=contig_2, start=308788, stop=309264, strand=+, nt=[ATGGCTGACC..AACGAGGTGA]
22:59:20.511 - INFO - CDS - seq=contig_2, start=309270, stop=309503, strand=+, nt=[ATGAATCTCA..CGAGGCATAA]
22:59:20.511 - INFO - CDS - seq=contig_2, start=309596, stop=311434, strand=-, nt=[ATGAATCAAG..AGGTAAATAG]
22:59:20.511 - INFO - CDS - seq=contig_2, start=311591, stop=312499, strand=-, nt=[ATGCAGTATG..TGGCATTTGA]
22:59:20.511 - INFO - CDS - seq=contig_2, start=312591, stop=312782, strand=+, nt=[ATGACATTTT..AATCGCCTAG]
22:59:20.511 - INFO - CDS - seq=contig_2, start=312798, stop=314192, strand=+, nt=[TTGACCAATA..TAAACTGTGA]
22:59:20.512 - INFO - CDS - seq=contig_2, start=314602, stop=315765, strand=-, nt=[ATGGCGGATC..CGGTAAGTAA]
22:59:20.512 - INFO - CDS - seq=contig_2, start=315878, stop=317752, strand=-, nt=[ATGAGTAAAG..TAAGAAGTAA]
22:59:20.512 - INFO - CDS - seq=contig_2, start=317782, stop=318372, strand=-, nt=[ATGGCAGAAC..TGCAAAATAA]
22:59:20.512 - INFO - CDS - seq=contig_2, start=318549, stop=319595, strand=-, nt=[ATGTTGACGA..TGATCAATAA]
22:59:20.512 - INFO - CDS - seq=contig_2, start=319758, stop=320903, strand=-, nt=[ATGGCAGGTG..GCTTGTTTAA]
22:59:20.512 - INFO - CDS - seq=contig_2, start=320905, stop=321852, strand=-, nt=[ATGAAAACAA..GAAGGGTTAA]
22:59:20.512 - INFO - CDS - seq=contig_2, start=321859, stop=322764, strand=-, nt=[ATGAACGGGA..GAATGTGTGA]
22:59:20.512 - INFO - CDS - seq=contig_2, start=322776, stop=323567, strand=-, nt=[ATGCACGGTA..AAAACCATGA]
22:59:20.512 - INFO - CDS - seq=contig_2, start=323872, stop=324225, strand=-, nt=[ATGAAACATC..TCTTGAATAA]
22:59:20.512 - INFO - CDS - seq=contig_2, start=324286, stop=327117, strand=-, nt=[ATGGGCAAAA..AGTGAAGTAA]
22:59:20.512 - INFO - CDS - seq=contig_2, start=327138, stop=327443, strand=-, nt=[GTGACGATGC..GCTCACCTAA]
22:59:20.512 - INFO - CDS - seq=contig_2, start=327440, stop=327733, strand=-, nt=[ATGAAAAAGC..CGGCAAGTGA]
22:59:20.512 - INFO - CDS - seq=contig_2, start=327745, stop=328998, strand=-, nt=[ATGTCAAAGG..GCAAGCTTAA]
22:59:20.512 - INFO - CDS - seq=contig_2, start=329015, stop=329494, strand=-, nt=[TTGAGTACGC..CGAGTTCTAG]
22:59:20.512 - INFO - CDS - seq=contig_2, start=329749, stop=334083, strand=-, nt=[TTGGCTTTAT..TTTATTCTAG]
22:59:20.512 - INFO - CDS - seq=contig_2, start=334150, stop=335877, strand=-, nt=[ATGAAACAAT..AGACAATTGA]
22:59:20.512 - INFO - CDS - seq=contig_2, start=335902, stop=337143, strand=-, nt=[ATGACCACTA..CTACTTTTAA]
22:59:20.512 - INFO - CDS - seq=contig_2, start=337160, stop=337948, strand=-, nt=[ATGAAACAAC..CATTGTCTAA]
22:59:20.512 - INFO - CDS - seq=contig_2, start=337984, stop=338736, strand=-, nt=[TTGGCCACAT..AAAAAAATAA]
22:59:20.512 - INFO - CDS - seq=contig_2, start=339267, stop=339824, strand=-, nt=[ATGGCAAATC..TGAAGTTTAA]
22:59:20.512 - INFO - CDS - seq=contig_2, start=339824, stop=340543, strand=-, nt=[ATGGTCAAAT..GAGAAGCTAA]
22:59:20.512 - INFO - CDS - seq=contig_2, start=340767, stop=341648, strand=-, nt=[ATGGCTCAAA..TAAGGGTTAA]
22:59:20.512 - INFO - CDS - seq=contig_2, start=341733, stop=342521, strand=-, nt=[ATGGCAGTAT..TGCAAAATAA]
22:59:20.512 - INFO - CDS - seq=contig_2, start=343051, stop=343320, strand=-, nt=[ATGGCGACTA..TTGGCGATAA]
22:59:20.512 - INFO - CDS - seq=contig_2, start=343310, stop=344053, strand=-, nt=[GTGTTCGTGA..TGGCGACTAA]
22:59:20.512 - INFO - CDS - seq=contig_2, start=344706, stop=344930, strand=-, nt=[ATGGCCGAAA..AGAATATTGA]
22:59:20.512 - INFO - CDS - seq=contig_2, start=344975, stop=346273, strand=-, nt=[ATGAAACTAA..TATCAGGTAA]
22:59:20.512 - INFO - CDS - seq=contig_2, start=346290, stop=346499, strand=-, nt=[ATGGAAGACT..AAAAAGGTGA]
22:59:20.512 - INFO - CDS - seq=contig_2, start=346512, stop=346958, strand=-, nt=[ATGAATAATT..ACAACAATAA]
22:59:20.512 - INFO - CDS - seq=contig_2, start=346951, stop=347160, strand=-, nt=[GTGACAGCAG..TCATGAATAA]
22:59:20.512 - INFO - CDS - seq=contig_2, start=347129, stop=347527, strand=-, nt=[ATGCTAAATA..CAATTGTTGA]
22:59:20.512 - INFO - CDS - seq=contig_2, start=347558, stop=347689, strand=-, nt=[ATGAGTGACT..CAAAAGCTAG]
22:59:20.512 - INFO - CDS - seq=contig_2, start=347682, stop=347972, strand=-, nt=[ATGAAGATTA..AAATGAGTGA]
22:59:20.512 - INFO - CDS - seq=contig_2, start=347974, stop=350463, strand=-, nt=[ATGGAGTATT..GGTGAATTAA]
22:59:20.512 - INFO - CDS - seq=contig_2, start=350464, stop=352521, strand=-, nt=[TTGGCGAACT..CTGGCTATAA]
22:59:20.512 - INFO - CDS - seq=contig_2, start=352522, stop=357387, strand=-, nt=[ATGTTAGGAA..TATTTATTAA]
22:59:20.512 - INFO - CDS - seq=contig_2, start=357510, stop=357923, strand=-, nt=[ATGGCATATC..TACCGATTAG]
22:59:20.512 - INFO - CDS - seq=contig_2, start=358239, stop=358847, strand=-, nt=[ATGGCAGATA..AAAAGCGTAG]
22:59:20.512 - INFO - CDS - seq=contig_2, start=358881, stop=359267, strand=-, nt=[ATGGCACCTG..GATTGGCTAG]
22:59:20.512 - INFO - CDS - seq=contig_2, start=359267, stop=359653, strand=-, nt=[ATGGGCGTAA..CGGGATGTAA]
22:59:20.513 - INFO - CDS - seq=contig_2, start=359653, stop=359982, strand=-, nt=[ATGCGAACTA..GGTGAGCTGA]
22:59:20.513 - INFO - CDS - seq=contig_2, start=359972, stop=360331, strand=-, nt=[TTGGCGGATA..TGCGAACTAA]
22:59:20.513 - INFO - CDS - seq=contig_2, start=360342, stop=360581, strand=-, nt=[TTGAGCCAGA..CGCTGGGTAG]
22:59:20.513 - INFO - CDS - seq=contig_2, start=360599, stop=361801, strand=-, nt=[ATGACTTTAG..AAAAGCGTAA]
22:59:20.513 - INFO - CDS - seq=contig_2, start=361842, stop=362471, strand=-, nt=[ATGCCAAAGG..CATCGAATAA]
22:59:20.513 - INFO - CDS - seq=contig_2, start=362425, stop=363678, strand=-, nt=[ATGAAGCTAT..AAGTTCGTGA]
22:59:20.513 - INFO - CDS - seq=contig_2, start=363684, stop=363875, strand=-, nt=[GTGAATGGAA..AGGGAGGTGA]
22:59:20.513 - INFO - CDS - seq=contig_2, start=363887, stop=365599, strand=-, nt=[TTGGCAAAAT..TGGCTTTTAG]
22:59:20.513 - INFO - CDS - seq=contig_2, start=365621, stop=366076, strand=-, nt=[ATGGCTGGAA..TTTTGGCTAA]
22:59:20.513 - INFO - CDS - seq=contig_2, start=366276, stop=367070, strand=-, nt=[ATGCCAAGTA..AAAAAATTAA]
22:59:20.513 - INFO - CDS - seq=contig_2, start=367060, stop=367617, strand=-, nt=[ATGAACGGAA..TGCCAAGTAA]
22:59:20.513 - INFO - CDS - seq=contig_2, start=367614, stop=368006, strand=-, nt=[ATGTCTAATC..AAACATATGA]
22:59:20.513 - INFO - CDS - seq=contig_2, start=367999, stop=369147, strand=-, nt=[ATGCAATGGA..TTATGTCTAA]
22:59:20.513 - INFO - CDS - seq=contig_2, start=369569, stop=369787, strand=+, nt=[ATGAGTTTAG..AAAAGACTAA]
22:59:20.513 - INFO - CDS - seq=contig_2, start=370045, stop=370542, strand=-, nt=[ATGGAACAAA..TTGGAAATAA]
22:59:20.513 - INFO - CDS - seq=contig_2, start=370511, stop=370951, strand=-, nt=[ATGACAAATA..GAGAGACTAG]
22:59:20.513 - INFO - CDS - seq=contig_2, start=371717, stop=372169, strand=-, nt=[GTGGTGCGAG..TGCGAACTAA]
22:59:20.513 - INFO - CDS - seq=contig_2, start=372587, stop=372769, strand=-, nt=[ATGAAAATAA..AAGGCAATGA]
22:59:20.513 - INFO - CDS - seq=contig_2, start=372766, stop=373164, strand=-, nt=[ATGAAACGAG..AGAGCAATGA]
22:59:20.513 - INFO - CDS - seq=contig_2, start=373161, stop=373358, strand=-, nt=[ATGAAACAAA..GGAGAAATGA]
22:59:20.513 - INFO - CDS - seq=contig_2, start=373355, stop=373732, strand=-, nt=[ATGAGCAATG..GGAGAGATGA]
22:59:20.513 - INFO - CDS - seq=contig_2, start=373722, stop=373940, strand=-, nt=[ATGGCATGGG..TGAGCAATGA]
22:59:20.513 - INFO - CDS - seq=contig_2, start=373924, stop=374463, strand=-, nt=[ATGAGCGAAG..GGGTTGTTAG]
22:59:20.513 - INFO - CDS - seq=contig_2, start=374460, stop=374738, strand=-, nt=[ATGAGTGAAG..AGAAAAATGA]
22:59:20.513 - INFO - CDS - seq=contig_2, start=374809, stop=375294, strand=-, nt=[ATGAAAGAAT..GAGTTATTAA]
22:59:20.513 - INFO - CDS - seq=contig_2, start=375294, stop=376118, strand=-, nt=[ATGAGCAATC..GTTGCCTTGA]
22:59:20.513 - INFO - CDS - seq=contig_2, start=376133, stop=376882, strand=-, nt=[ATGAATGAGA..ACCTTGGTAG]
22:59:20.513 - INFO - CDS - seq=contig_2, start=376875, stop=377189, strand=-, nt=[ATGGCCAGAG..TCATGAATGA]
22:59:20.513 - INFO - CDS - seq=contig_2, start=377229, stop=377327, strand=-, nt=[ATGCTCTATT..TACACATTGA]
22:59:20.513 - INFO - CDS - seq=contig_2, start=377372, stop=377917, strand=+, nt=[ATGGATAAAT..TCAGTTTTAA]
22:59:20.513 - INFO - CDS - seq=contig_2, start=377900, stop=378103, strand=-, nt=[TTGAATAGCC..GATTAAATAG]
22:59:20.513 - INFO - CDS - seq=contig_2, start=378096, stop=378188, strand=-, nt=[ATGATTGGTT..GATTGAATAG]
22:59:20.513 - INFO - CDS - seq=contig_2, start=378188, stop=378544, strand=-, nt=[ATGCCGTTGT..GGGCAAATAA]
22:59:20.513 - INFO - CDS - seq=contig_2, start=378611, stop=378862, strand=+, nt=[ATGGTGCAAG..GTCTAAATAG]
22:59:20.513 - INFO - CDS - seq=contig_2, start=378855, stop=379034, strand=-, nt=[ATGAACGTAC..AACTATTTAG]
22:59:20.513 - INFO - CDS - seq=contig_2, start=379035, stop=379850, strand=-, nt=[TTGAACGAAT..GGCCATCTAA]
22:59:20.513 - INFO - CDS - seq=contig_2, start=379901, stop=380362, strand=+, nt=[ATGAAATGGT..AGAAATATAG]
22:59:20.513 - INFO - CDS - seq=contig_2, start=380468, stop=380734, strand=-, nt=[ATGACAGAAA..GACGGTATGA]
22:59:20.513 - INFO - CDS - seq=contig_2, start=380883, stop=381530, strand=+, nt=[ATGAATACTG..AGTTCTATAA]
22:59:20.513 - INFO - CDS - seq=contig_2, start=381592, stop=382269, strand=+, nt=[ATGGAACTAC..TGGTGATTAG]
22:59:20.513 - INFO - CDS - seq=contig_2, start=382350, stop=382994, strand=+, nt=[ATGGATAAGG..CGACAATTAG]
22:59:20.513 - INFO - CDS - seq=contig_2, start=383114, stop=384001, strand=+, nt=[TTGGCAAAAA..AGATAATTAA]
22:59:20.513 - INFO - CDS - seq=contig_2, start=384078, stop=384341, strand=+, nt=[ATGAATTTAA..GAAAAAGTGA]
22:59:20.514 - INFO - CDS - seq=contig_2, start=384450, stop=385622, strand=+, nt=[GTGGCCAGTA..TAATTTGTAA]
22:59:20.514 - INFO - CDS - seq=contig_2, start=385794, stop=386444, strand=+, nt=[ATGTTTTATA..AGAAGTTTAA]
22:59:20.514 - INFO - CDS - seq=contig_2, start=386501, stop=387895, strand=+, nt=[ATGAATCTTT..AATTGAATGA]
22:59:20.514 - INFO - CDS - seq=contig_2, start=387926, stop=388717, strand=+, nt=[TTGATCAATC..CAATGAGTAA]
22:59:20.514 - INFO - CDS - seq=contig_2, start=388815, stop=390608, strand=-, nt=[TTGGCAAGTA..TGCCGAATAA]
22:59:20.514 - INFO - CDS - seq=contig_2, start=390598, stop=392355, strand=-, nt=[GTGGGAATCT..TGGCAAGTAA]
22:59:20.514 - INFO - CDS - seq=contig_2, start=392497, stop=392718, strand=-, nt=[TTGTTAATCA..CGCTAAGTAA]
22:59:20.514 - INFO - CDS - seq=contig_2, start=392779, stop=393024, strand=-, nt=[ATGGCAGAAC..AAAAGATTAG]
22:59:20.514 - INFO - CDS - seq=contig_2, start=393057, stop=393233, strand=-, nt=[ATGGATGATC..ACTCAACTGA]
22:59:20.514 - INFO - CDS - seq=contig_2, start=393460, stop=393807, strand=-, nt=[ATGAACCCAT..GCGTCGTTAA]
22:59:20.514 - INFO - CDS - seq=contig_2, start=393944, stop=394711, strand=-, nt=[ATGCAGATTG..TCAATCCTGA]
22:59:20.514 - INFO - CDS - seq=contig_2, start=394701, stop=395219, strand=-, nt=[ATGCCAGATT..TGCAGATTGA]
22:59:20.514 - INFO - CDS - seq=contig_2, start=395394, stop=395648, strand=-, nt=[ATGGTGGATA..TGCAGAATAA]
22:59:20.514 - INFO - CDS - seq=contig_2, start=395661, stop=395936, strand=-, nt=[GTGGCAGTTA..CAAGAAATAA]
22:59:20.514 - INFO - CDS - seq=contig_2, start=396081, stop=397517, strand=-, nt=[ATGGCATTTG..CCATTCCTAA]
22:59:20.514 - INFO - CDS - seq=contig_2, start=397530, stop=397874, strand=-, nt=[ATGATGGAAA..CGCGAAATAG]
22:59:20.514 - INFO - CDS - seq=contig_2, start=398279, stop=398593, strand=+, nt=[ATGGTCTCAA..AGCGGCTTAA]
22:59:20.514 - INFO - CDS - seq=contig_2, start=398661, stop=399656, strand=-, nt=[ATGGGACTTT..CGAAGCTTAA]
22:59:20.514 - INFO - CDS - seq=contig_2, start=399656, stop=403210, strand=-, nt=[ATGCAATTAA..GATCAATTAA]
22:59:20.514 - INFO - CDS - seq=contig_2, start=403228, stop=403923, strand=-, nt=[ATGGTTGCCT..GAAACGGTAA]
22:59:20.514 - INFO - CDS - seq=contig_2, start=404142, stop=405932, strand=-, nt=[ATGAAAAAGC..TAAAGATTAA]
22:59:20.514 - INFO - CDS - seq=contig_2, start=406126, stop=407034, strand=-, nt=[ATGCAAAATA..TCGCGGGTGA]
22:59:20.514 - INFO - CDS - seq=contig_2, start=407051, stop=408013, strand=-, nt=[ATGTGGAAAA..GATCGAGTAG]
22:59:20.514 - INFO - CDS - seq=contig_2, start=408013, stop=408966, strand=-, nt=[ATGGCAATGA..GCATGATTAA]
22:59:20.514 - INFO - CDS - seq=contig_2, start=408970, stop=409992, strand=-, nt=[TTGGATAAAC..AGGTGAGTAA]
22:59:20.514 - INFO - CDS - seq=contig_2, start=410442, stop=410684, strand=-, nt=[ATGAGTGAAG..TCAGAAGTGA]
22:59:20.514 - INFO - CDS - seq=contig_2, start=410738, stop=411763, strand=-, nt=[ATGAAAATTG..GAAAGCGTAG]
22:59:20.514 - INFO - CDS - seq=contig_2, start=411785, stop=413824, strand=-, nt=[ATGGCTTTGA..TTTGGATTAA]
22:59:20.514 - INFO - CDS - seq=contig_2, start=413974, stop=415650, strand=-, nt=[GTGGCAGTAA..AGTTGAGTAG]
22:59:20.514 - INFO - CDS - seq=contig_2, start=415710, stop=416072, strand=-, nt=[ATGGCGGTCA..AGGCGACTGA]
22:59:20.514 - INFO - CDS - seq=contig_2, start=416489, stop=416674, strand=+, nt=[GTGGCTAAAG..CCGGGTTTGA]
22:59:20.514 - INFO - CDS - seq=contig_2, start=416994, stop=417662, strand=-, nt=[ATGACGCACG..GGATAATTAG]
22:59:20.514 - INFO - CDS - seq=contig_2, start=417659, stop=418309, strand=-, nt=[ATGAAAATTG..AGTTAAATGA]
22:59:20.514 - INFO - CDS - seq=contig_2, start=418382, stop=419287, strand=-, nt=[ATGAGTGAAG..GAAGAAGTAA]
22:59:20.514 - INFO - CDS - seq=contig_2, start=419284, stop=421284, strand=-, nt=[ATGATTGAGC..TACTCAATGA]
22:59:20.514 - INFO - CDS - seq=contig_2, start=421281, stop=422024, strand=-, nt=[ATGGAGTTCG..GCCGCAATGA]
22:59:20.514 - INFO - CDS - seq=contig_2, start=422034, stop=423374, strand=-, nt=[ATGACCCCGA..TCGCAAATGA]
22:59:20.514 - INFO - CDS - seq=contig_2, start=423361, stop=424317, strand=-, nt=[ATGACTTCAG..CCCCGAATAA]
22:59:20.514 - INFO - CDS - seq=contig_2, start=424386, stop=426803, strand=-, nt=[TTGGCAATTG..ATTCGTTTAA]
22:59:20.514 - INFO - CDS - seq=contig_2, start=426808, stop=428007, strand=-, nt=[ATGAAGAAGC..AAAGGGGTGA]
22:59:20.514 - INFO - CDS - seq=contig_2, start=428154, stop=428402, strand=-, nt=[ATGATTATTT..TCAGGAATAA]
22:59:20.514 - INFO - CDS - seq=contig_2, start=428469, stop=429095, strand=-, nt=[ATGCACGAGC..GGCAAGATAG]
22:59:20.514 - INFO - CDS - seq=contig_2, start=429162, stop=429848, strand=-, nt=[ATGGCAACAA..TCAACGGTGA]
22:59:20.514 - INFO - CDS - seq=contig_2, start=429957, stop=430259, strand=+, nt=[ATGGAAAACA..ATTTAAATGA]
22:59:20.514 - INFO - CDS - seq=contig_2, start=430256, stop=430393, strand=+, nt=[ATGATCGGTG..CACCAACTAA]
22:59:20.515 - INFO - CDS - seq=contig_2, start=430564, stop=432264, strand=-, nt=[ATGTTACAAG..CATGGGTTAA]
22:59:20.515 - INFO - CDS - seq=contig_2, start=432269, stop=432721, strand=-, nt=[ATGCGCAAGC..GGTGGGGTGA]
22:59:20.515 - INFO - CDS - seq=contig_2, start=432835, stop=433665, strand=-, nt=[ATGACAAAAA..TCGGCCATAA]
22:59:20.515 - INFO - CDS - seq=contig_2, start=433662, stop=434513, strand=-, nt=[ATGAGCCCTA..GAAAGCATGA]
22:59:20.515 - INFO - CDS - seq=contig_2, start=434510, stop=434737, strand=-, nt=[ATGGCTGAAC..TCAGCAATGA]
22:59:20.515 - INFO - CDS - seq=contig_2, start=434730, stop=436079, strand=-, nt=[ATGGTTGATG..ACATGGCTGA]
22:59:20.515 - INFO - CDS - seq=contig_2, start=436072, stop=436923, strand=-, nt=[TTGGCAACCC..AAATGGTTGA]
22:59:20.515 - INFO - CDS - seq=contig_2, start=437049, stop=437456, strand=-, nt=[ATGGAATCAC..GCAAGCATAA]
22:59:20.515 - INFO - CDS - seq=contig_2, start=437458, stop=437919, strand=-, nt=[ATGGCTGAAG..TGACGAATAA]
22:59:20.515 - INFO - CDS - seq=contig_2, start=437939, stop=438502, strand=-, nt=[ATGATATCTG..CAACAACTAG]
22:59:20.515 - INFO - CDS - seq=contig_2, start=438692, stop=438856, strand=-, nt=[ATGTTCCGGT..TTTTTGCTGA]
22:59:20.515 - INFO - CDS - seq=contig_2, start=439001, stop=440068, strand=-, nt=[ATGGATCGAA..GGTGCTGTAA]
22:59:20.515 - INFO - CDS - seq=contig_2, start=440144, stop=440434, strand=-, nt=[ATGTTAAAGA..TGCTGAATAA]
22:59:20.515 - INFO - CDS - seq=contig_2, start=440453, stop=440803, strand=-, nt=[ATGATCAAGG..ACAAAATTAA]
22:59:20.515 - INFO - CDS - seq=contig_2, start=440819, stop=441130, strand=-, nt=[GTGTACGCAA..CAACGCTTAA]
22:59:20.515 - INFO - CDS - seq=contig_2, start=442036, stop=442158, strand=-, nt=[ATGTCATATC..GAAGAAGTAA]
22:59:20.515 - INFO - CDS - seq=contig_2, start=442322, stop=442612, strand=-, nt=[GTGTTGCCTT..GATTAGTTAA]
22:59:20.515 - INFO - CDS - seq=contig_2, start=443041, stop=445440, strand=+, nt=[ATGCTGATGA..CCGCATTTAA]
22:59:20.515 - INFO - CDS - seq=contig_2, start=445591, stop=446931, strand=-, nt=[ATGGCAAGAA..GCTTTACTAA]
22:59:20.515 - INFO - CDS - seq=contig_2, start=446950, stop=447312, strand=-, nt=[ATGGCTGAGA..ATCACACTAA]
22:59:20.515 - INFO - CDS - seq=contig_2, start=447663, stop=449753, strand=+, nt=[ATGCACTTAT..ACTTTCATAG]
22:59:20.515 - INFO - CDS - seq=contig_2, start=449808, stop=451064, strand=-, nt=[ATGAGTTGGA..TGATAACTAG]
22:59:20.515 - INFO - CDS - seq=contig_2, start=451208, stop=452137, strand=-, nt=[ATGGATAAAC..ACAACGTTAA]
22:59:20.515 - INFO - CDS - seq=contig_2, start=452206, stop=452385, strand=+, nt=[ATGAAACATA..TCAAGGTTAA]
22:59:20.515 - INFO - CDS - seq=contig_2, start=452488, stop=452895, strand=-, nt=[GTGTTAACTT..TAACTATTAG]
22:59:20.515 - INFO - CDS - seq=contig_2, start=452917, stop=453879, strand=-, nt=[ATGAATGACA..ACTTAAGTAA]
22:59:20.515 - INFO - CDS - seq=contig_2, start=453872, stop=454126, strand=-, nt=[ATGAAAACTT..AGATGAATGA]
22:59:20.515 - INFO - CDS - seq=contig_2, start=454128, stop=454811, strand=-, nt=[ATGAATTATT..CGCAGGCTAG]
22:59:20.515 - INFO - CDS - seq=contig_2, start=455001, stop=457127, strand=-, nt=[GTGAAGTACA..TAACGGCTGA]
22:59:20.515 - INFO - CDS - seq=contig_2, start=457279, stop=459885, strand=+, nt=[GTGCGACAAC..GCGACGGTGA]
22:59:20.515 - INFO - CDS - seq=contig_2, start=460108, stop=460407, strand=-, nt=[TTGCAACTCG..AGAAGAATAA]
22:59:20.515 - INFO - CDS - seq=contig_2, start=460388, stop=461053, strand=-, nt=[ATGATTAAAG..CGATCACTGA]
22:59:20.515 - INFO - CDS - seq=contig_2, start=461046, stop=462110, strand=-, nt=[ATGAGAAGAC..GCATGATTAA]
22:59:20.515 - INFO - CDS - seq=contig_2, start=462107, stop=462811, strand=-, nt=[GTGCGCCGCT..GGCTGTATGA]
22:59:20.515 - INFO - CDS - seq=contig_2, start=463061, stop=463531, strand=-, nt=[ATGGCAGACA..CGAAGGCTGA]
22:59:20.515 - INFO - CDS - seq=contig_2, start=463598, stop=464236, strand=-, nt=[GTGCAGCAGA..GCAAGAGTAA]
22:59:20.515 - INFO - CDS - seq=contig_2, start=464338, stop=465540, strand=-, nt=[GTGCAGATTT..AGATAAGTAA]
22:59:20.515 - INFO - CDS - seq=contig_2, start=465704, stop=468115, strand=-, nt=[ATGGACGTCT..CATTCGCTAG]
22:59:20.515 - INFO - CDS - seq=contig_2, start=468117, stop=469163, strand=-, nt=[ATGGATCTTC..GGAGGGTTAA]
22:59:20.515 - INFO - CDS - seq=contig_2, start=469680, stop=470054, strand=-, nt=[GTGGATGCAA..CGAGAAGTGA]
22:59:20.515 - INFO - CDS - seq=contig_2, start=470245, stop=470748, strand=-, nt=[TTGAGCAAAA..TTTAAATTAG]
22:59:20.515 - INFO - CDS - seq=contig_2, start=470832, stop=471593, strand=-, nt=[ATGGAATATA..CGGGGATTAA]
22:59:20.515 - INFO - CDS - seq=contig_2, start=471742, stop=472074, strand=+, nt=[ATGAGCAAAT..TACCGGTTGA]
22:59:20.515 - INFO - CDS - seq=contig_2, start=472133, stop=473131, strand=+, nt=[ATGCACAAGT..CCGGAAATAA]
22:59:20.515 - INFO - CDS - seq=contig_2, start=473340, stop=474926, strand=-, nt=[ATGATTCCGA..TAATCTTTAA]
22:59:20.515 - INFO - CDS - seq=contig_2, start=474926, stop=475612, strand=-, nt=[ATGAGTAAAA..GCGTTCGTAA]
22:59:20.515 - INFO - CDS - seq=contig_2, start=475882, stop=477300, strand=-, nt=[ATGGATAAAC..CGAAGCTTAA]
22:59:20.515 - INFO - CDS - seq=contig_2, start=477484, stop=477798, strand=-, nt=[ATGACTCAAA..AGAGAAATAG]
22:59:20.516 - INFO - CDS - seq=contig_2, start=477933, stop=478481, strand=-, nt=[ATGTTGAAAT..TCAATCGTGA]
22:59:20.516 - INFO - CDS - seq=contig_2, start=478547, stop=478801, strand=+, nt=[ATGGCCAAGG..TTGTGATTAA]
22:59:20.516 - INFO - CDS - seq=contig_2, start=478745, stop=479881, strand=-, nt=[ATGCAGACAG..ACTGATGTGA]
22:59:20.516 - INFO - CDS - seq=contig_2, start=479917, stop=480654, strand=-, nt=[ATGATTTATC..GAAAAAATGA]
22:59:20.516 - INFO - CDS - seq=contig_2, start=480651, stop=481010, strand=-, nt=[ATGATTGATT..TGAAGCATGA]
22:59:20.516 - INFO - CDS - seq=contig_2, start=481014, stop=481613, strand=-, nt=[GTGAGTGAAC..AAAGGAGTAA]
22:59:20.516 - INFO - CDS - seq=contig_2, start=481606, stop=482256, strand=-, nt=[ATGGAGAAGA..TCGTGAGTGA]
22:59:20.516 - INFO - CDS - seq=contig_2, start=482267, stop=482578, strand=-, nt=[ATGTTAACAG..CGCACGCTAA]
22:59:20.516 - INFO - CDS - seq=contig_2, start=482718, stop=483842, strand=-, nt=[ATGGATACCA..GTTCATTTAG]
22:59:20.516 - INFO - CDS - seq=contig_2, start=483823, stop=484359, strand=-, nt=[GTGGCAGTTT..CGAACACTGA]
22:59:20.516 - INFO - CDS - seq=contig_2, start=484766, stop=485665, strand=+, nt=[ATGACCCGTT..CCATGATTGA]
22:59:20.516 - INFO - CDS - seq=contig_2, start=485658, stop=486626, strand=+, nt=[ATGATTGAAC..CGGACGTTAA]
22:59:20.516 - INFO - CDS - seq=contig_2, start=486642, stop=487283, strand=+, nt=[ATGGCAGAAG..ACGGAGGTGA]
22:59:20.516 - INFO - CDS - seq=contig_2, start=487290, stop=488258, strand=+, nt=[ATGCAACGTT..TCAACTTTAA]
22:59:20.516 - INFO - CDS - seq=contig_2, start=488335, stop=488898, strand=+, nt=[ATGAAAATTG..ATATCATTAA]
22:59:20.516 - INFO - CDS - seq=contig_2, start=489017, stop=489373, strand=-, nt=[ATGCCACGTG..TTTGGCTTAA]
22:59:20.516 - INFO - CDS - seq=contig_2, start=489408, stop=489608, strand=-, nt=[ATGCCAAAAT..GATGAAATAA]
22:59:20.516 - INFO - CDS - seq=contig_2, start=489688, stop=490152, strand=-, nt=[TTGATCTCCC..CGAGAAGTAG]
22:59:20.516 - INFO - CDS - seq=contig_2, start=490402, stop=491097, strand=-, nt=[ATGACTGATG..TCAGCGGTAA]
22:59:20.516 - INFO - CDS - seq=contig_2, start=491090, stop=491575, strand=-, nt=[TTGTTCTCGC..TGATGACTGA]
22:59:20.516 - INFO - CDS - seq=contig_2, start=491629, stop=492198, strand=+, nt=[ATGGCAACAA..TCTAAAATAG]
22:59:20.516 - INFO - CDS - seq=contig_2, start=492319, stop=494292, strand=-, nt=[ATGGCATTAG..AGGTGATTAG]
22:59:20.516 - INFO - CDS - seq=contig_2, start=494347, stop=494778, strand=-, nt=[ATGTTATTTC..TGTCTCTTAA]
22:59:20.516 - INFO - CDS - seq=contig_2, start=494821, stop=495756, strand=-, nt=[ATGGAGGACA..GGCAGATTGA]
22:59:20.516 - INFO - CDS - seq=contig_2, start=495740, stop=497101, strand=-, nt=[ATGCAACGTC..ACATGCGTAA]
22:59:20.516 - INFO - CDS - seq=contig_2, start=497181, stop=497648, strand=-, nt=[GTGCAATGTC..CAAGAAGTAA]
22:59:20.516 - INFO - CDS - seq=contig_2, start=497703, stop=498305, strand=-, nt=[GTGACTTATC..GCTATCATAA]
22:59:20.516 - INFO - CDS - seq=contig_2, start=498302, stop=499150, strand=-, nt=[ATGCCTGAAT..GCCAGCGTGA]
22:59:20.516 - INFO - CDS - seq=contig_2, start=499161, stop=501806, strand=-, nt=[ATGGCGAGCA..CGCTAAATAA]
22:59:20.516 - INFO - CDS - seq=contig_2, start=501969, stop=502679, strand=-, nt=[ATGCAAGAAC..CAATAATTAA]
22:59:20.516 - INFO - CDS - seq=contig_2, start=502840, stop=504150, strand=-, nt=[ATGACAGAGG..TCAAGAATAG]
22:59:20.516 - INFO - CDS - seq=contig_2, start=504147, stop=506648, strand=-, nt=[ATGGCGCATT..AACGTCATGA]
22:59:20.516 - INFO - CDS - seq=contig_2, start=506883, stop=507524, strand=-, nt=[ATGCTCATTA..AGCATCATAA]
22:59:20.516 - INFO - CDS - seq=contig_2, start=507540, stop=507857, strand=-, nt=[ATGAAAGAAT..CTTGCATTAA]
22:59:20.516 - INFO - CDS - seq=contig_2, start=508115, stop=508456, strand=+, nt=[TTGGCAATTT..TAATGCTTAA]
22:59:20.516 - INFO - CDS - seq=contig_2, start=508446, stop=509090, strand=-, nt=[ATGCGATTAC..TAAGCATTAA]
22:59:20.516 - INFO - CDS - seq=contig_2, start=509219, stop=509992, strand=-, nt=[ATGGAGTTTG..GAGTCGGTAA]
22:59:20.516 - INFO - CDS - seq=contig_2, start=510081, stop=510179, strand=-, nt=[ATGGCCAAAG..CGCAAGTTAG]
22:59:20.516 - INFO - CDS - seq=contig_2, start=510382, stop=511596, strand=-, nt=[ATGGTCGCGT..GATGCGTTGA]
22:59:20.516 - INFO - CDS - seq=contig_2, start=511596, stop=512324, strand=-, nt=[ATGACTTTAA..GGAACAGTAA]
22:59:20.516 - INFO - CDS - seq=contig_2, start=512421, stop=512855, strand=+, nt=[ATGAATGATT..CCAAGCATGA]
22:59:20.516 - INFO - CDS - seq=contig_2, start=512852, stop=513223, strand=+, nt=[ATGAAATTTA..AAAACATTGA]
22:59:20.516 - INFO - CDS - seq=contig_2, start=513360, stop=514262, strand=+, nt=[ATGAAAAAAT..TTCAAACTAA]
22:59:20.516 - INFO - CDS - seq=contig_2, start=514457, stop=515434, strand=-, nt=[GTGACGACCT..TCCGCACTAG]
22:59:20.517 - INFO - CDS - seq=contig_3, start=122, stop=1720, strand=-, frame=2, truncated=no, start-type=ATG, RBS-motif=GGAGG
22:59:20.517 - INFO - CDS - seq=contig_3, start=1738, stop=4788, strand=-, frame=3, truncated=no, start-type=ATG, RBS-motif=AGGAGG
22:59:20.517 - INFO - CDS - seq=contig_3, start=5259, stop=5825, strand=-, frame=1, truncated=no, start-type=ATG, RBS-motif=AGGAGG
22:59:20.517 - INFO - CDS - seq=contig_3, start=8266, stop=10059, strand=-, frame=3, truncated=no, start-type=ATG, RBS-motif=GGAGG
22:59:20.517 - INFO - CDS - seq=contig_3, start=10075, stop=13020, strand=-, frame=3, truncated=no, start-type=GTG, RBS-motif=GGAG/GAGG
22:59:20.517 - INFO - CDS - seq=contig_3, start=13238, stop=14422, strand=+, frame=2, truncated=no, start-type=TTG, RBS-motif=AGGA/GGAG/GAGG
22:59:20.517 - INFO - CDS - seq=contig_3, start=14964, stop=16925, strand=-, frame=1, truncated=no, start-type=ATG, RBS-motif=GGAG/GAGG
22:59:20.517 - INFO - CDS - seq=contig_3, start=16928, stop=18595, strand=-, frame=2, truncated=no, start-type=ATG, RBS-motif=GGAGG
22:59:20.517 - INFO - CDS - seq=contig_3, start=18670, stop=19671, strand=-, frame=3, truncated=no, start-type=ATG, RBS-motif=AGGAG
22:59:20.517 - INFO - CDS - seq=contig_3, start=19816, stop=21294, strand=-, frame=3, truncated=no, start-type=ATG, RBS-motif=AGxAGG/AGGxGG
22:59:20.517 - INFO - CDS - seq=contig_3, start=21891, stop=22766, strand=-, frame=1, truncated=no, start-type=TTG, RBS-motif=AGGAG
22:59:20.517 - INFO - CDS - seq=contig_3, start=22847, stop=24028, strand=-, frame=2, truncated=no, start-type=ATG, RBS-motif=GGAGG
22:59:20.517 - INFO - CDS - seq=contig_3, start=24128, stop=24901, strand=-, frame=2, truncated=no, start-type=ATG, RBS-motif=AGGAGG
22:59:20.517 - INFO - CDS - seq=contig_3, start=25053, stop=25868, strand=-, frame=1, truncated=no, start-type=ATG, RBS-motif=AGGA
22:59:20.517 - INFO - CDS - seq=contig_3, start=25983, stop=27347, strand=-, frame=1, truncated=no, start-type=TTG, RBS-motif=GGAG/GAGG
22:59:20.517 - INFO - CDS - seq=contig_3, start=27388, stop=27828, strand=-, frame=3, truncated=no, start-type=ATG, RBS-motif=AGGAGG
22:59:20.517 - INFO - CDS - seq=contig_3, start=27941, stop=28390, strand=-, frame=2, truncated=no, start-type=ATG, RBS-motif=AGxAGG/AGGxGG
22:59:20.517 - INFO - CDS - seq=contig_3, start=28396, stop=29616, strand=-, frame=3, truncated=no, start-type=TTG, RBS-motif=GGAGG
22:59:20.517 - INFO - CDS - seq=contig_3, start=29639, stop=30367, strand=-, frame=2, truncated=no, start-type=TTG, RBS-motif=GGAG/GAGG
22:59:20.517 - INFO - CDS - seq=contig_3, start=30364, stop=31287, strand=-, frame=3, truncated=no, start-type=TTG, RBS-motif=AGGAGG
22:59:20.517 - INFO - CDS - seq=contig_3, start=31324, stop=32310, strand=-, frame=3, truncated=no, start-type=ATG, RBS-motif=GGAG/GAGG
22:59:20.517 - INFO - CDS - seq=contig_3, start=32334, stop=32573, strand=-, frame=1, truncated=no, start-type=ATG, RBS-motif=AGGAG
22:59:20.517 - INFO - CDS - seq=contig_3, start=32677, stop=33639, strand=-, frame=3, truncated=no, start-type=TTG, RBS-motif=AGxAGG/AGGxGG
22:59:20.518 - INFO - CDS - seq=contig_3, start=33655, stop=34104, strand=-, frame=3, truncated=no, start-type=ATG, RBS-motif=GGAGG
22:59:20.518 - INFO - CDS - seq=contig_3, start=34175, stop=34612, strand=-, frame=2, truncated=no, start-type=ATG, RBS-motif=AGGAGG
22:59:20.518 - INFO - CDS - seq=contig_3, start=35108, stop=36091, strand=-, frame=2, truncated=no, start-type=TTG, RBS-motif=AGxAGG/AGGxGG
22:59:20.518 - INFO - CDS - seq=contig_3, start=36155, stop=37348, strand=-, frame=2, truncated=no, start-type=TTG, RBS-motif=AGGAG
22:59:20.518 - INFO - CDS - seq=contig_3, start=37901, stop=38200, strand=-, frame=2, truncated=no, start-type=ATG, RBS-motif=GGAG/GAGG
22:59:20.518 - INFO - CDS - seq=contig_3, start=38240, stop=38656, strand=-, frame=2, truncated=no, start-type=ATG, RBS-motif=GGAGG
22:59:20.518 - INFO - CDS - seq=contig_3, start=38944, stop=39732, strand=-, frame=3, truncated=no, start-type=ATG, RBS-motif=AGxAGG/AGGxGG
22:59:20.518 - INFO - CDS - seq=contig_3, start=39788, stop=40795, strand=-, frame=2, truncated=no, start-type=GTG, RBS-motif=GGxGG
22:59:20.518 - INFO - CDS - seq=contig_3, start=40962, stop=42059, strand=-, frame=1, truncated=no, start-type=TTG, RBS-motif=GGAGG
22:59:20.518 - INFO - CDS - seq=contig_3, start=42476, stop=43063, strand=-, frame=2, truncated=no, start-type=ATG, RBS-motif=AGGAG
22:59:20.518 - INFO - CDS - seq=contig_3, start=43165, stop=44940, strand=-, frame=3, truncated=no, start-type=ATG, RBS-motif=GGAGG
22:59:20.518 - INFO - CDS - seq=contig_3, start=45110, stop=45577, strand=-, frame=2, truncated=no, start-type=GTG, RBS-motif=GGAG/GAGG
22:59:20.518 - INFO - CDS - seq=contig_3, start=45827, stop=46516, strand=-, frame=2, truncated=no, start-type=ATG, RBS-motif=AGGA/GGAG/GAGG
22:59:20.518 - INFO - CDS - seq=contig_3, start=46750, stop=46956, strand=+, frame=1, truncated=no, start-type=GTG, RBS-motif=GGAGG
22:59:20.518 - INFO - CDS - seq=contig_3, start=47049, stop=48128, strand=+, frame=3, truncated=no, start-type=ATG, RBS-motif=GGAGG
22:59:20.518 - INFO - CDS - seq=contig_3, start=48235, stop=49329, strand=-, frame=3, truncated=no, start-type=ATG, RBS-motif=AGGAG
22:59:20.518 - INFO - CDS - seq=contig_3, start=49322, stop=50395, strand=-, frame=2, truncated=no, start-type=ATG, RBS-motif=GGA/GAG/AGG
22:59:20.518 - INFO - CDS - seq=contig_3, start=50480, stop=51181, strand=-, frame=2, truncated=no, start-type=ATG, RBS-motif=AGGAGG
22:59:20.518 - INFO - CDS - seq=contig_3, start=51624, stop=52034, strand=+, frame=3, truncated=no, start-type=TTG, RBS-motif=AGGAGG
22:59:20.518 - INFO - CDS - seq=contig_3, start=52088, stop=53020, strand=-, frame=2, truncated=no, start-type=ATG, RBS-motif=GGAG/GAGG
22:59:20.518 - INFO - CDS - seq=contig_3, start=53232, stop=54992, strand=-, frame=1, truncated=no, start-type=ATG, RBS-motif=GGAGG
22:59:20.518 - INFO - CDS - seq=contig_3, start=55569, stop=56471, strand=-, frame=1, truncated=no, start-type=TTG, RBS-motif=AGGAGG
22:59:20.518 - INFO - CDS - seq=contig_3, start=56483, stop=57334, strand=-, frame=2, truncated=no, start-type=ATG, RBS-motif=AGGAGG
22:59:20.518 - INFO - CDS - seq=contig_3, start=57327, stop=58550, strand=-, frame=1, truncated=no, start-type=ATG, RBS-motif=AGGAG
22:59:20.518 - INFO - CDS - seq=contig_3, start=58819, stop=59550, strand=-, frame=3, truncated=no, start-type=ATG, RBS-motif=GGAGG
22:59:20.518 - INFO - CDS - seq=contig_3, start=59657, stop=60118, strand=-, frame=2, truncated=no, start-type=TTG, RBS-motif=AGxAGG/AGGxGG
22:59:20.518 - INFO - CDS - seq=contig_3, start=60167, stop=61426, strand=-, frame=2, truncated=no, start-type=ATG, RBS-motif=AGGAG/GGAGG
22:59:20.519 - INFO - CDS - seq=contig_3, start=61711, stop=62592, strand=-, frame=3, truncated=no, start-type=ATG, RBS-motif=AGGAGG
22:59:20.519 - INFO - CDS - seq=contig_3, start=62558, stop=64072, strand=-, frame=2, truncated=no, start-type=ATG, RBS-motif=AGGAG
22:59:20.519 - INFO - CDS - seq=contig_3, start=64181, stop=65380, strand=+, frame=2, truncated=no, start-type=ATG, RBS-motif=AGGAG
22:59:20.519 - INFO - CDS - seq=contig_3, start=65377, stop=66723, strand=+, frame=1, truncated=no, start-type=ATG, RBS-motif=AGGAGG
22:59:20.519 - INFO - CDS - seq=contig_3, start=66843, stop=68360, strand=-, frame=1, truncated=no, start-type=ATG, RBS-motif=AGGAGG
22:59:20.519 - INFO - CDS - seq=contig_3, start=68400, stop=68780, strand=-, frame=1, truncated=no, start-type=ATG, RBS-motif=GGAG/GAGG
22:59:20.519 - INFO - CDS - seq=contig_3, start=69069, stop=70112, strand=-, frame=1, truncated=no, start-type=ATG, RBS-motif=GGAGG
22:59:20.519 - INFO - CDS - seq=contig_3, start=70129, stop=71121, strand=-, frame=3, truncated=no, start-type=ATG, RBS-motif=GGAGG
22:59:20.519 - INFO - CDS - seq=contig_3, start=71165, stop=72328, strand=-, frame=2, truncated=no, start-type=ATG, RBS-motif=GGAGG
22:59:20.519 - INFO - CDS - seq=contig_3, start=72783, stop=73103, strand=-, frame=1, truncated=no, start-type=ATG, RBS-motif=AGGAG
22:59:20.519 - INFO - CDS - seq=contig_3, start=73434, stop=74138, strand=+, frame=3, truncated=no, start-type=ATG, RBS-motif=AGGAG
22:59:20.519 - INFO - CDS - seq=contig_3, start=74291, stop=74671, strand=-, frame=2, truncated=no, start-type=ATG, RBS-motif=AGGA
22:59:20.519 - INFO - CDS - seq=contig_3, start=74774, stop=76678, strand=-, frame=2, truncated=no, start-type=ATG, RBS-motif=GGA/GAG/AGG
22:59:20.519 - INFO - CDS - seq=contig_3, start=77659, stop=78729, strand=-, frame=3, truncated=no, start-type=ATG, RBS-motif=GGAGG
22:59:20.519 - INFO - CDS - seq=contig_3, start=78755, stop=79669, strand=-, frame=2, truncated=no, start-type=ATG, RBS-motif=GGAGG
22:59:20.519 - INFO - CDS - seq=contig_3, start=79745, stop=80713, strand=+, frame=2, truncated=no, start-type=ATG, RBS-motif=GGA/GAG/AGG
22:59:20.519 - INFO - CDS - seq=contig_3, start=81004, stop=82209, strand=+, frame=1, truncated=no, start-type=ATG, RBS-motif=GGA/GAG/AGG
22:59:20.519 - INFO - CDS - seq=contig_3, start=82800, stop=83687, strand=+, frame=3, truncated=no, start-type=ATG, RBS-motif=AGGAG
22:59:20.519 - INFO - CDS - seq=contig_3, start=83690, stop=84961, strand=+, frame=2, truncated=no, start-type=ATG, RBS-motif=GGAG/GAGG
22:59:20.519 - INFO - CDS - seq=contig_3, start=84975, stop=85370, strand=+, frame=3, truncated=no, start-type=ATG, RBS-motif=GGAG/GAGG
22:59:20.519 - INFO - CDS - seq=contig_3, start=85360, stop=86226, strand=+, frame=1, truncated=no, start-type=ATG, RBS-motif=AGGAG/GGAGG
22:59:20.519 - INFO - CDS - seq=contig_3, start=86219, stop=86863, strand=+, frame=2, truncated=no, start-type=ATG, RBS-motif=AGGAGG
22:59:20.519 - INFO - CDS - seq=contig_3, start=86971, stop=87756, strand=-, frame=3, truncated=no, start-type=ATG, RBS-motif=GGAG/GAGG
22:59:20.519 - INFO - CDS - seq=contig_3, start=88386, stop=89507, strand=+, frame=3, truncated=no, start-type=GTG, RBS-motif=AGGA
22:59:20.519 - INFO - CDS - seq=contig_3, start=89520, stop=90539, strand=+, frame=3, truncated=no, start-type=ATG, RBS-motif=AGGAGG
22:59:20.519 - INFO - CDS - seq=contig_3, start=90655, stop=92580, strand=+, frame=1, truncated=no, start-type=ATG, RBS-motif=AGxAGG/AGGxGG
22:59:20.519 - INFO - CDS - seq=contig_3, start=92594, stop=92950, strand=+, frame=2, truncated=no, start-type=ATG, RBS-motif=GGAG/GAGG
22:59:20.520 - INFO - CDS - seq=contig_3, start=93087, stop=94514, strand=+, frame=3, truncated=no, start-type=ATG, RBS-motif=GGAGG
22:59:20.520 - INFO - CDS - seq=contig_3, start=94616, stop=95947, strand=-, frame=2, truncated=no, start-type=ATG, RBS-motif=AGGAGG
22:59:20.520 - INFO - CDS - seq=contig_3, start=96153, stop=97571, strand=-, frame=1, truncated=no, start-type=ATG, RBS-motif=AGGA
22:59:20.520 - INFO - CDS - seq=contig_3, start=97985, stop=98551, strand=-, frame=2, truncated=no, start-type=ATG, RBS-motif=GGAGG
22:59:20.520 - INFO - CDS - seq=contig_3, start=98678, stop=100126, strand=-, frame=2, truncated=no, start-type=ATG, RBS-motif=AGGAG
22:59:20.520 - INFO - CDS - seq=contig_3, start=100297, stop=102135, strand=-, frame=3, truncated=no, start-type=ATG, RBS-motif=AGxAGG/AGGxGG
22:59:20.520 - INFO - CDS - seq=contig_3, start=102587, stop=103444, strand=-, frame=2, truncated=no, start-type=ATG, RBS-motif=GGAGG
22:59:20.520 - INFO - CDS - seq=contig_3, start=103582, stop=105213, strand=-, frame=3, truncated=no, start-type=ATG, RBS-motif=AGxAGG/AGGxGG
22:59:20.520 - INFO - CDS - seq=contig_3, start=105210, stop=106901, strand=-, frame=1, truncated=no, start-type=TTG, RBS-motif=GGAG/GAGG
22:59:20.520 - INFO - CDS - seq=contig_3, start=107098, stop=107523, strand=-, frame=3, truncated=no, start-type=GTG, RBS-motif=AGxAGG/AGGxGG
22:59:20.520 - INFO - CDS - seq=contig_3, start=107674, stop=108774, strand=-, frame=3, truncated=no, start-type=ATG, RBS-motif=AGGAGG
22:59:20.520 - INFO - CDS - seq=contig_3, start=109156, stop=109950, strand=-, frame=3, truncated=no, start-type=TTG, RBS-motif=AGGAGG
22:59:20.520 - INFO - CDS - seq=contig_3, start=109951, stop=111141, strand=-, frame=3, truncated=no, start-type=TTG, RBS-motif=GGA/GAG/AGG
22:59:20.520 - INFO - CDS - seq=contig_3, start=111347, stop=111715, strand=+, frame=2, truncated=no, start-type=ATG, RBS-motif=GGAGG
22:59:20.520 - INFO - CDS - seq=contig_3, start=111784, stop=112107, strand=+, frame=1, truncated=no, start-type=ATG, RBS-motif=AGGAG
22:59:20.520 - INFO - CDS - seq=contig_3, start=112179, stop=113906, strand=-, frame=1, truncated=no, start-type=ATG, RBS-motif=GGAG/GAGG
22:59:20.520 - INFO - CDS - seq=contig_3, start=113887, stop=115629, strand=-, frame=3, truncated=no, start-type=ATG, RBS-motif=AGGAG
22:59:20.520 - INFO - CDS - seq=contig_3, start=115626, stop=116639, strand=-, frame=1, truncated=no, start-type=ATG, RBS-motif=AGGAGG
22:59:20.520 - INFO - CDS - seq=contig_3, start=116636, stop=118060, strand=-, frame=2, truncated=no, start-type=ATG, RBS-motif=GGAGG
22:59:20.520 - INFO - CDS - seq=contig_3, start=118113, stop=118256, strand=-, frame=1, truncated=no, start-type=ATG, RBS-motif=GGA/GAG/AGG
22:59:20.520 - INFO - CDS - seq=contig_3, start=118299, stop=119603, strand=-, frame=1, truncated=no, start-type=ATG, RBS-motif=GGA/GAG/AGG
22:59:20.520 - INFO - CDS - seq=contig_3, start=120186, stop=121205, strand=+, frame=3, truncated=no, start-type=ATG, RBS-motif=AGGAGG
22:59:20.520 - INFO - CDS - seq=contig_3, start=121424, stop=121666, strand=+, frame=2, truncated=no, start-type=ATG, RBS-motif=AGxAGG/AGGxGG
22:59:20.520 - INFO - CDS - seq=contig_3, start=121667, stop=122155, strand=-, frame=2, truncated=no, start-type=ATG, RBS-motif=GGAGG
22:59:20.520 - INFO - CDS - seq=contig_3, start=122278, stop=122451, strand=+, frame=1, truncated=no, start-type=ATG, RBS-motif=GGAG/GAGG
22:59:20.521 - INFO - CDS - seq=contig_3, start=122555, stop=123475, strand=-, frame=2, truncated=no, start-type=GTG, RBS-motif=GGAG/GAGG
22:59:20.521 - INFO - CDS - seq=contig_3, start=123506, stop=124120, strand=-, frame=2, truncated=no, start-type=ATG, RBS-motif=GGAGG
22:59:20.521 - INFO - CDS - seq=contig_3, start=124405, stop=124851, strand=-, frame=3, truncated=no, start-type=ATG, RBS-motif=AGGA
22:59:20.521 - INFO - CDS - seq=contig_3, start=125161, stop=125550, strand=+, frame=1, truncated=no, start-type=ATG, RBS-motif=GGxGG
22:59:20.521 - INFO - CDS - seq=contig_3, start=125778, stop=126566, strand=+, frame=3, truncated=no, start-type=TTG, RBS-motif=GGAGG
22:59:20.521 - INFO - CDS - seq=contig_3, start=126852, stop=127994, strand=+, frame=3, truncated=no, start-type=ATG, RBS-motif=GGAG/GAGG
22:59:20.521 - INFO - CDS - seq=contig_3, start=128034, stop=128399, strand=+, frame=3, truncated=no, start-type=TTG, RBS-motif=GGAG/GAGG
22:59:20.521 - INFO - CDS - seq=contig_3, start=128481, stop=129017, strand=-, frame=1, truncated=no, start-type=ATG, RBS-motif=GGA/GAG/AGG
22:59:20.521 - INFO - CDS - seq=contig_3, start=129156, stop=129560, strand=-, frame=1, truncated=no, start-type=GTG, RBS-motif=AGGAG
22:59:20.521 - INFO - CDS - seq=contig_3, start=130066, stop=130248, strand=-, frame=3, truncated=no, start-type=ATG, RBS-motif=AGGAG
22:59:20.521 - INFO - CDS - seq=contig_3, start=130260, stop=131300, strand=-, frame=1, truncated=no, start-type=ATG, RBS-motif=AGGAGG
22:59:20.521 - INFO - CDS - seq=contig_3, start=131459, stop=132112, strand=-, frame=2, truncated=no, start-type=TTG, RBS-motif=GGAGG
22:59:20.521 - INFO - CDS - seq=contig_3, start=132963, stop=133523, strand=+, frame=3, truncated=no, start-type=ATG, RBS-motif=GGA/GAG/AGG
22:59:20.521 - INFO - CDS - seq=contig_3, start=133621, stop=134664, strand=-, frame=3, truncated=no, start-type=ATG, RBS-motif=AGGAGG
22:59:20.521 - INFO - CDS - seq=contig_3, start=134875, stop=135495, strand=-, frame=3, truncated=no, start-type=ATG, RBS-motif=AGGAG
22:59:20.521 - INFO - CDS - seq=contig_3, start=135521, stop=136264, strand=-, frame=2, truncated=no, start-type=ATG, RBS-motif=AGxAGG/AGGxGG
22:59:20.521 - INFO - CDS - seq=contig_3, start=136400, stop=137791, strand=+, frame=2, truncated=no, start-type=ATG, RBS-motif=GGAG/GAGG
22:59:20.521 - INFO - CDS - seq=contig_3, start=138000, stop=139454, strand=+, frame=3, truncated=no, start-type=TTG, RBS-motif=AGGA
22:59:20.521 - INFO - CDS - seq=contig_3, start=139451, stop=139945, strand=+, frame=2, truncated=no, start-type=ATG, RBS-motif=GGAGG
22:59:20.521 - INFO - CDS - seq=contig_3, start=140387, stop=140944, strand=-, frame=2, truncated=no, start-type=ATG, RBS-motif=GGA/GAG/AGG
22:59:20.521 - INFO - CDS - seq=contig_3, start=140941, stop=142896, strand=-, frame=3, truncated=no, start-type=ATG, RBS-motif=AGxAG
22:59:20.521 - INFO - CDS - seq=contig_3, start=142901, stop=145483, strand=-, frame=2, truncated=no, start-type=GTG, RBS-motif=AGGA
22:59:20.521 - INFO - CDS - seq=contig_3, start=145741, stop=147570, strand=-, frame=3, truncated=no, start-type=ATG, RBS-motif=AGGAG
22:59:20.521 - INFO - CDS - seq=contig_3, start=147800, stop=148144, strand=-, frame=2, truncated=no, start-type=ATG, RBS-motif=GGA/GAG/AGG
22:59:20.521 - INFO - CDS - seq=contig_3, start=148638, stop=150272, strand=-, frame=1, truncated=no, start-type=ATG, RBS-motif=AGGA/GGAG/GAGG
22:59:20.521 - INFO - CDS - seq=contig_3, start=150309, stop=150590, strand=-, frame=1, truncated=no, start-type=TTG, RBS-motif=GGAGG
22:59:20.521 - INFO - CDS - seq=contig_3, start=150742, stop=151386, strand=+, frame=1, truncated=no, start-type=ATG, RBS-motif=AGGAG
22:59:20.521 - INFO - CDS - seq=contig_3, start=151467, stop=152525, strand=+, frame=3, truncated=no, start-type=ATG, RBS-motif=AGGAG
22:59:20.522 - INFO - CDS - seq=contig_3, start=152587, stop=153615, strand=-, frame=3, truncated=no, start-type=ATG, RBS-motif=GGAGG
22:59:20.522 - INFO - CDS - seq=contig_3, start=153616, stop=154503, strand=-, frame=3, truncated=no, start-type=ATG, RBS-motif=AGGAGG
22:59:20.522 - INFO - CDS - seq=contig_3, start=154500, stop=154865, strand=-, frame=1, truncated=no, start-type=ATG, RBS-motif=AGxAGG/AGGxGG
22:59:20.522 - INFO - CDS - seq=contig_3, start=155007, stop=155660, strand=-, frame=1, truncated=no, start-type=ATG, RBS-motif=AGGAGG
22:59:20.522 - INFO - CDS - seq=contig_3, start=155878, stop=157830, strand=+, frame=1, truncated=no, start-type=GTG, RBS-motif=AGxAGG/AGGxGG
22:59:20.522 - INFO - CDS - seq=contig_3, start=158104, stop=158439, strand=-, frame=3, truncated=no, start-type=ATG, RBS-motif=AGGA
22:59:20.522 - INFO - CDS - seq=contig_3, start=158535, stop=159560, strand=-, frame=1, truncated=no, start-type=GTG, RBS-motif=AGGAG
22:59:20.522 - INFO - CDS - seq=contig_3, start=159594, stop=160133, strand=-, frame=1, truncated=no, start-type=ATG, RBS-motif=GGAG/GAGG
22:59:20.522 - INFO - CDS - seq=contig_3, start=160111, stop=160833, strand=-, frame=3, truncated=no, start-type=ATG, RBS-motif=GGAGG
22:59:20.522 - INFO - CDS - seq=contig_3, start=161569, stop=162174, strand=-, frame=3, truncated=no, start-type=ATG, RBS-motif=AGxAGG/AGGxGG
22:59:20.522 - INFO - CDS - seq=contig_3, start=162405, stop=162923, strand=-, frame=1, truncated=no, start-type=ATG, RBS-motif=AGGAG
22:59:20.522 - INFO - CDS - seq=contig_3, start=163401, stop=164375, strand=+, frame=3, truncated=no, start-type=GTG, RBS-motif=AGGA
22:59:20.522 - INFO - CDS - seq=contig_3, start=164471, stop=165214, strand=-, frame=2, truncated=no, start-type=ATG, RBS-motif=AGGAGG
22:59:20.522 - INFO - CDS - seq=contig_3, start=165309, stop=166166, strand=-, frame=1, truncated=no, start-type=TTG, RBS-motif=GGAG/GAGG
22:59:20.522 - INFO - CDS - seq=contig_3, start=166168, stop=166506, strand=-, frame=3, truncated=no, start-type=GTG, RBS-motif=AGxAGG/AGGxGG
22:59:20.522 - INFO - CDS - seq=contig_3, start=166511, stop=167488, strand=-, frame=2, truncated=no, start-type=ATG, RBS-motif=None
22:59:20.522 - INFO - CDS - seq=contig_3, start=167488, stop=167817, strand=-, frame=3, truncated=no, start-type=ATG, RBS-motif=AGGAGG
22:59:20.522 - INFO - CDS - seq=contig_3, start=167852, stop=168496, strand=-, frame=2, truncated=no, start-type=GTG, RBS-motif=AGGAG
22:59:20.522 - INFO - CDS - seq=contig_3, start=168859, stop=169095, strand=+, frame=1, truncated=no, start-type=ATG, RBS-motif=GGAG/GAGG
22:59:20.522 - INFO - CDS - seq=contig_3, start=169090, stop=169353, strand=-, frame=3, truncated=no, start-type=ATG, RBS-motif=AGGA
22:59:20.522 - INFO - CDS - seq=contig_3, start=169353, stop=169952, strand=-, frame=1, truncated=no, start-type=ATG, RBS-motif=GGAG/GAGG
22:59:20.522 - INFO - CDS - seq=contig_3, start=170267, stop=170575, strand=-, frame=2, truncated=no, start-type=ATG, RBS-motif=AGGA
22:59:20.522 - INFO - CDS - seq=contig_3, start=170592, stop=172289, strand=-, frame=1, truncated=no, start-type=GTG, RBS-motif=AGGAGG
22:59:20.522 - INFO - CDS - seq=contig_3, start=172638, stop=173144, strand=-, frame=1, truncated=no, start-type=ATG, RBS-motif=AGGAG/GGAGG
22:59:20.522 - INFO - CDS - seq=contig_3, start=173286, stop=173615, strand=-, frame=1, truncated=no, start-type=ATG, RBS-motif=AGGAG
22:59:20.522 - INFO - CDS - seq=contig_3, start=173672, stop=174268, strand=-, frame=2, truncated=no, start-type=TTG, RBS-motif=AGGAGG
22:59:20.523 - INFO - CDS - seq=contig_3, start=174373, stop=176982, strand=-, frame=3, truncated=no, start-type=ATG, RBS-motif=GGAGG
22:59:20.523 - INFO - CDS - seq=contig_3, start=177386, stop=177799, strand=+, frame=2, truncated=no, start-type=ATG, RBS-motif=AGGAGG
22:59:20.523 - INFO - CDS - seq=contig_3, start=177949, stop=178881, strand=+, frame=1, truncated=no, start-type=ATG, RBS-motif=GGAGG
22:59:20.523 - INFO - CDS - seq=contig_3, start=178990, stop=184698, strand=-, frame=3, truncated=no, start-type=ATG, RBS-motif=GGAGG
22:59:20.523 - INFO - CDS - seq=contig_3, start=184988, stop=185887, strand=+, frame=2, truncated=no, start-type=ATG, RBS-motif=AGGAG
22:59:20.523 - INFO - CDS - seq=contig_3, start=186061, stop=186429, strand=-, frame=3, truncated=no, start-type=ATG, RBS-motif=GGAGG
22:59:20.523 - INFO - CDS - seq=contig_3, start=186470, stop=186976, strand=-, frame=2, truncated=no, start-type=ATG, RBS-motif=GGAGG
22:59:20.523 - INFO - CDS - seq=contig_3, start=187401, stop=188633, strand=+, frame=3, truncated=no, start-type=TTG, RBS-motif=AGGA/GGAG/GAGG
22:59:20.523 - INFO - CDS - seq=contig_3, start=188690, stop=189523, strand=-, frame=2, truncated=no, start-type=ATG, RBS-motif=AGGA/GGAG/GAGG
22:59:20.523 - INFO - CDS - seq=contig_3, start=189516, stop=190046, strand=-, frame=1, truncated=no, start-type=ATG, RBS-motif=GGAG/GAGG
22:59:20.523 - INFO - CDS - seq=contig_3, start=190303, stop=191508, strand=+, frame=1, truncated=no, start-type=ATG, RBS-motif=AGGAGG
22:59:20.523 - INFO - CDS - seq=contig_3, start=191580, stop=192953, strand=-, frame=1, truncated=no, start-type=ATG, RBS-motif=AGGA/GGAG/GAGG
22:59:20.523 - INFO - CDS - seq=contig_3, start=193141, stop=193830, strand=-, frame=3, truncated=no, start-type=ATG, RBS-motif=AGGAGG
22:59:20.523 - INFO - CDS - seq=contig_3, start=193930, stop=194355, strand=-, frame=3, truncated=no, start-type=GTG, RBS-motif=AGGAGG
22:59:20.523 - INFO - CDS - seq=contig_3, start=194648, stop=197278, strand=-, frame=2, truncated=no, start-type=ATG, RBS-motif=AGGAG
22:59:20.523 - INFO - CDS - seq=contig_3, start=197541, stop=199004, strand=+, frame=3, truncated=no, start-type=ATG, RBS-motif=GGAGG
22:59:20.523 - INFO - CDS - seq=contig_3, start=199004, stop=199372, strand=+, frame=2, truncated=no, start-type=ATG, RBS-motif=AGGAG
22:59:20.523 - INFO - CDS - seq=contig_3, start=199463, stop=199999, strand=-, frame=2, truncated=no, start-type=TTG, RBS-motif=AGGAGG
22:59:20.523 - INFO - CDS - seq=contig_3, start=199974, stop=200546, strand=-, frame=1, truncated=no, start-type=ATG, RBS-motif=GGA/GAG/AGG
22:59:20.523 - INFO - CDS - seq=contig_3, start=200543, stop=200929, strand=-, frame=2, truncated=no, start-type=TTG, RBS-motif=GGAGG
22:59:20.523 - INFO - CDS - seq=contig_3, start=200951, stop=203197, strand=-, frame=2, truncated=no, start-type=ATG, RBS-motif=GGAGG
22:59:20.523 - INFO - CDS - seq=contig_3, start=203389, stop=203832, strand=-, frame=3, truncated=no, start-type=ATG, RBS-motif=GGAGG
22:59:20.523 - INFO - CDS - seq=contig_3, start=203870, stop=204715, strand=-, frame=2, truncated=no, start-type=ATG, RBS-motif=GGA/GAG/AGG
22:59:20.523 - INFO - CDS - seq=contig_3, start=204725, stop=205279, strand=-, frame=2, truncated=no, start-type=ATG, RBS-motif=AGGAG
22:59:20.524 - INFO - CDS - seq=contig_3, start=205383, stop=205553, strand=-, frame=1, truncated=no, start-type=ATG, RBS-motif=AGGAG
22:59:20.524 - INFO - CDS - seq=contig_3, start=205906, stop=206865, strand=-, frame=3, truncated=no, start-type=ATG, RBS-motif=GGxGG
22:59:20.524 - INFO - CDS - seq=contig_3, start=206862, stop=207800, strand=-, frame=1, truncated=no, start-type=ATG, RBS-motif=AGxAGG/AGGxGG
22:59:20.524 - INFO - CDS - seq=contig_3, start=207812, stop=208879, strand=-, frame=2, truncated=no, start-type=ATG, RBS-motif=GGAGG
22:59:20.524 - INFO - CDS - seq=contig_3, start=209055, stop=209969, strand=-, frame=1, truncated=no, start-type=ATG, RBS-motif=GGA/GAG/AGG
22:59:20.524 - INFO - CDS - seq=contig_3, start=210256, stop=212154, strand=+, frame=1, truncated=no, start-type=ATG, RBS-motif=AGGAG
22:59:20.524 - INFO - CDS - seq=contig_3, start=212329, stop=212772, strand=+, frame=1, truncated=no, start-type=ATG, RBS-motif=GGAG/GAGG
22:59:20.524 - INFO - CDS - seq=contig_3, start=212769, stop=213356, strand=+, frame=3, truncated=no, start-type=ATG, RBS-motif=AGxAGG/AGGxGG
22:59:20.524 - INFO - CDS - seq=contig_3, start=213331, stop=214308, strand=+, frame=1, truncated=no, start-type=ATG, RBS-motif=AGGAG
22:59:20.524 - INFO - CDS - seq=contig_3, start=214999, stop=215241, strand=-, frame=3, truncated=no, start-type=GTG, RBS-motif=GGAG/GAGG
22:59:20.524 - INFO - CDS - seq=contig_3, start=215415, stop=216098, strand=-, frame=1, truncated=no, start-type=ATG, RBS-motif=AGxAGG/AGGxGG
22:59:20.524 - INFO - CDS - seq=contig_3, start=216095, stop=217150, strand=-, frame=2, truncated=no, start-type=ATG, RBS-motif=GGAGG
22:59:20.524 - INFO - CDS - seq=contig_3, start=217646, stop=217987, strand=+, frame=2, truncated=no, start-type=ATG, RBS-motif=AGGAG
22:59:20.524 - INFO - CDS - seq=contig_3, start=218190, stop=218729, strand=-, frame=1, truncated=no, start-type=ATG, RBS-motif=GGAG/GAGG
22:59:20.524 - INFO - CDS - seq=contig_3, start=218730, stop=219509, strand=-, frame=1, truncated=no, start-type=ATG, RBS-motif=AGxAGG/AGGxGG
22:59:20.524 - INFO - CDS - seq=contig_3, start=219481, stop=219909, strand=-, frame=3, truncated=no, start-type=ATG, RBS-motif=GGxGG
22:59:20.524 - INFO - CDS - seq=contig_3, start=219906, stop=221312, strand=-, frame=1, truncated=no, start-type=ATG, RBS-motif=AGGA
22:59:20.524 - INFO - CDS - seq=contig_3, start=221553, stop=222947, strand=-, frame=1, truncated=no, start-type=ATG, RBS-motif=AGGAGG
22:59:20.524 - INFO - CDS - seq=contig_3, start=223073, stop=223660, strand=-, frame=2, truncated=no, start-type=ATG, RBS-motif=AGGAG
22:59:20.524 - INFO - CDS - seq=contig_3, start=223986, stop=224093, strand=-, frame=1, truncated=no, start-type=ATG, RBS-motif=AGGA
22:59:20.524 - INFO - CDS - seq=contig_3, start=224327, stop=225820, strand=-, frame=2, truncated=no, start-type=TTG, RBS-motif=GGAGG
22:59:20.524 - INFO - CDS - seq=contig_3, start=225968, stop=226948, strand=-, frame=2, truncated=no, start-type=ATG, RBS-motif=AGGA
22:59:20.524 - INFO - CDS - seq=contig_3, start=227064, stop=227735, strand=-, frame=1, truncated=no, start-type=ATG, RBS-motif=AGGA
22:59:20.524 - INFO - CDS - seq=contig_3, start=227919, stop=228749, strand=+, frame=3, truncated=no, start-type=ATG, RBS-motif=AGGAG
22:59:20.524 - INFO - CDS - seq=contig_3, start=228895, stop=229734, strand=-, frame=3, truncated=no, start-type=ATG, RBS-motif=GGAG/GAGG
22:59:20.524 - INFO - CDS - seq=contig_3, start=229747, stop=230763, strand=-, frame=3, truncated=no, start-type=ATG, RBS-motif=AGGAG
22:59:20.524 - INFO - CDS - seq=contig_3, start=230770, stop=231144, strand=-, frame=3, truncated=no, start-type=GTG, RBS-motif=AGxAGG/AGGxGG
22:59:20.524 - INFO - CDS - seq=contig_3, start=231308, stop=232579, strand=-, frame=2, truncated=no, start-type=TTG, RBS-motif=AGxAGG/AGGxGG
22:59:20.525 - INFO - CDS - seq=contig_3, start=232897, stop=233673, strand=-, frame=3, truncated=no, start-type=TTG, RBS-motif=AGGAGG
22:59:20.525 - INFO - CDS - seq=contig_3, start=233691, stop=234578, strand=-, frame=1, truncated=no, start-type=ATG, RBS-motif=None
22:59:20.525 - INFO - CDS - seq=contig_3, start=234762, stop=235658, strand=+, frame=3, truncated=no, start-type=ATG, RBS-motif=GGAG/GAGG
22:59:20.525 - INFO - CDS - seq=contig_3, start=235771, stop=236886, strand=-, frame=3, truncated=no, start-type=ATG, RBS-motif=AGxAGG/AGGxGG
22:59:20.525 - INFO - CDS - seq=contig_3, start=236908, stop=238272, strand=-, frame=3, truncated=no, start-type=ATG, RBS-motif=GGA/GAG/AGG
22:59:20.525 - INFO - CDS - seq=contig_3, start=238289, stop=238831, strand=-, frame=2, truncated=no, start-type=ATG, RBS-motif=GGAGG
22:59:20.525 - INFO - CDS - seq=contig_3, start=239052, stop=239342, strand=+, frame=3, truncated=no, start-type=ATG, RBS-motif=AGGAGG
22:59:20.525 - INFO - CDS - seq=contig_3, start=239458, stop=239835, strand=-, frame=3, truncated=no, start-type=ATG, RBS-motif=AGxAGG/AGGxGG
22:59:20.525 - INFO - CDS - seq=contig_3, start=240080, stop=241399, strand=+, frame=2, truncated=no, start-type=ATG, RBS-motif=AGGAG
22:59:20.525 - INFO - CDS - seq=contig_3, start=241633, stop=242979, strand=+, frame=1, truncated=no, start-type=ATG, RBS-motif=AGGAG
22:59:20.525 - INFO - CDS - seq=contig_3, start=243207, stop=244307, strand=+, frame=3, truncated=no, start-type=ATG, RBS-motif=GGAGG
22:59:20.525 - INFO - CDS - seq=contig_3, start=244307, stop=245500, strand=+, frame=2, truncated=no, start-type=ATG, RBS-motif=AGGAGG
22:59:20.525 - INFO - CDS - seq=contig_3, start=245686, stop=246564, strand=+, frame=1, truncated=no, start-type=ATG, RBS-motif=AGGAGG
22:59:20.525 - INFO - CDS - seq=contig_3, start=246726, stop=248780, strand=+, frame=3, truncated=no, start-type=ATG, RBS-motif=AGGAGG
22:59:20.525 - INFO - CDS - seq=contig_3, start=248937, stop=251567, strand=-, frame=1, truncated=no, start-type=ATG, RBS-motif=AGGA
22:59:20.525 - INFO - CDS - seq=contig_3, start=251729, stop=252286, strand=-, frame=2, truncated=no, start-type=ATG, RBS-motif=GGA/GAG/AGG
22:59:20.525 - INFO - CDS - seq=contig_3, start=252851, stop=253522, strand=-, frame=2, truncated=no, start-type=GTG, RBS-motif=AGGAGG
22:59:20.525 - INFO - CDS - seq=contig_3, start=254035, stop=255156, strand=+, frame=1, truncated=no, start-type=ATG, RBS-motif=AGxAGG/AGGxGG
22:59:20.525 - INFO - CDS - seq=contig_3, start=255170, stop=255454, strand=+, frame=2, truncated=no, start-type=ATG, RBS-motif=GGAG/GAGG
22:59:20.525 - INFO - CDS - seq=contig_3, start=255645, stop=256760, strand=-, frame=1, truncated=no, start-type=ATG, RBS-motif=GGAGG
22:59:20.525 - INFO - CDS - seq=contig_3, start=256948, stop=257154, strand=-, frame=3, truncated=no, start-type=ATG, RBS-motif=AGGAGG
22:59:20.525 - INFO - CDS - seq=contig_3, start=257287, stop=257544, strand=-, frame=3, truncated=no, start-type=GTG, RBS-motif=AGGAGG
22:59:20.525 - INFO - CDS - seq=contig_3, start=257615, stop=257821, strand=-, frame=2, truncated=no, start-type=ATG, RBS-motif=AGxAGG/AGGxGG
22:59:20.525 - INFO - CDS - seq=contig_3, start=258046, stop=258297, strand=-, frame=3, truncated=no, start-type=ATG, RBS-motif=AGxAGG/AGGxGG
22:59:20.525 - INFO - CDS - seq=contig_3, start=258625, stop=259857, strand=+, frame=1, truncated=no, start-type=GTG, RBS-motif=GGA/GAG/AGG
22:59:20.525 - INFO - CDS - seq=contig_3, start=259936, stop=261192, strand=-, frame=3, truncated=no, start-type=ATG, RBS-motif=AGGAG
22:59:20.526 - INFO - CDS - seq=contig_3, start=261281, stop=262114, strand=-, frame=2, truncated=no, start-type=ATG, RBS-motif=GGAGG
22:59:20.526 - INFO - CDS - seq=contig_3, start=262431, stop=262625, strand=-, frame=1, truncated=no, start-type=ATG, RBS-motif=GGAGG
22:59:20.526 - INFO - CDS - seq=contig_3, start=262879, stop=263415, strand=-, frame=3, truncated=no, start-type=ATG, RBS-motif=GGxGG
22:59:20.526 - INFO - CDS - seq=contig_3, start=263604, stop=264827, strand=-, frame=1, truncated=no, start-type=ATG, RBS-motif=AGGAG
22:59:20.526 - INFO - CDS - seq=contig_3, start=265417, stop=266244, strand=-, frame=3, truncated=no, start-type=ATG, RBS-motif=None
22:59:20.526 - INFO - CDS - seq=contig_3, start=266251, stop=267810, strand=-, frame=3, truncated=no, start-type=ATG, RBS-motif=GGAG/GAGG
22:59:20.526 - INFO - CDS - seq=contig_3, start=267807, stop=269129, strand=-, frame=1, truncated=no, start-type=ATG, RBS-motif=AGGAGG
22:59:20.526 - INFO - CDS - seq=contig_3, start=269131, stop=272136, strand=-, frame=3, truncated=no, start-type=ATG, RBS-motif=AGGAGG
22:59:20.526 - INFO - CDS - seq=contig_3, start=272414, stop=272971, strand=-, frame=2, truncated=no, start-type=ATG, RBS-motif=AGGAG
22:59:20.526 - INFO - CDS - seq=contig_3, start=273066, stop=274262, strand=-, frame=1, truncated=no, start-type=ATG, RBS-motif=GGAGG
22:59:20.526 - INFO - CDS - seq=contig_3, start=274471, stop=275526, strand=+, frame=1, truncated=no, start-type=ATG, RBS-motif=AGGAG
22:59:20.526 - INFO - CDS - seq=contig_3, start=275777, stop=276406, strand=+, frame=2, truncated=no, start-type=ATG, RBS-motif=AGxAGG/AGGxGG
22:59:20.526 - INFO - CDS - seq=contig_3, start=276542, stop=276871, strand=+, frame=2, truncated=no, start-type=ATG, RBS-motif=AGGAGG
22:59:20.526 - INFO - CDS - seq=contig_3, start=276868, stop=277656, strand=+, frame=1, truncated=no, start-type=ATG, RBS-motif=AGGAGG
22:59:20.526 - INFO - CDS - seq=contig_3, start=277709, stop=278497, strand=+, frame=2, truncated=no, start-type=ATG, RBS-motif=GGAGG
22:59:20.526 - INFO - CDS - seq=contig_3, start=278542, stop=278820, strand=-, frame=3, truncated=no, start-type=ATG, RBS-motif=AGGAGG
22:59:20.526 - INFO - CDS - seq=contig_3, start=278844, stop=279128, strand=-, frame=1, truncated=no, start-type=TTG, RBS-motif=AGGAG
22:59:20.526 - INFO - CDS - seq=contig_3, start=279322, stop=279618, strand=-, frame=3, truncated=no, start-type=ATG, RBS-motif=GGAG/GAGG
22:59:20.526 - INFO - CDS - seq=contig_3, start=279720, stop=281075, strand=-, frame=1, truncated=no, start-type=ATG, RBS-motif=AGGA/GGAG/GAGG
22:59:20.526 - INFO - CDS - seq=contig_3, start=281381, stop=281641, strand=-, frame=2, truncated=no, start-type=ATG, RBS-motif=GGA/GAG/AGG
22:59:20.526 - INFO - CDS - seq=contig_3, start=281765, stop=282076, strand=-, frame=2, truncated=no, start-type=ATG, RBS-motif=AGGA
22:59:20.526 - INFO - CDS - seq=contig_3, start=282289, stop=283668, strand=-, frame=3, truncated=no, start-type=ATG, RBS-motif=AGGAGG
22:59:20.526 - INFO - CDS - seq=contig_3, start=283679, stop=285871, strand=-, frame=2, truncated=no, start-type=ATG, RBS-motif=AGGAGG
22:59:20.526 - INFO - CDS - seq=contig_3, start=286337, stop=286477, strand=-, frame=2, truncated=no, start-type=ATG, RBS-motif=AGxAGG/AGGxGG
22:59:20.526 - INFO - CDS - seq=contig_3, start=286668, stop=287966, strand=+, frame=3, truncated=no, start-type=ATG, RBS-motif=GGAG/GAGG
22:59:20.526 - INFO - CDS - seq=contig_3, start=287971, stop=288777, strand=+, frame=1, truncated=no, start-type=ATG, RBS-motif=GGAG/GAGG
22:59:20.526 - INFO - CDS - seq=contig_3, start=289139, stop=289336, strand=-, frame=2, truncated=no, start-type=ATG, RBS-motif=AGGAGG
22:59:20.526 - INFO - CDS - seq=contig_3, start=289882, stop=290121, strand=+, frame=1, truncated=no, start-type=TTG, RBS-motif=GGAGG
22:59:20.527 - INFO - CDS - seq=contig_3, start=290381, stop=290563, strand=-, frame=2, truncated=no, start-type=ATG, RBS-motif=AGGA
22:59:20.527 - INFO - CDS - seq=contig_3, start=290589, stop=290777, strand=-, frame=1, truncated=no, start-type=ATG, RBS-motif=GGAGG
22:59:20.527 - INFO - CDS - seq=contig_3, start=291099, stop=291323, strand=+, frame=3, truncated=no, start-type=ATG, RBS-motif=GGAG/GAGG
22:59:20.527 - INFO - CDS - seq=contig_3, start=291355, stop=291525, strand=-, frame=3, truncated=no, start-type=ATG, RBS-motif=GGA/GAG/AGG
22:59:20.527 - INFO - CDS - seq=contig_3, start=292124, stop=292936, strand=-, frame=2, truncated=no, start-type=ATG, RBS-motif=GGA/GAG/AGG
22:59:20.527 - INFO - CDS - seq=contig_3, start=293221, stop=293379, strand=-, frame=3, truncated=no, start-type=ATG, RBS-motif=AGxAGG/AGGxGG
22:59:20.527 - INFO - CDS - seq=contig_3, start=293495, stop=293827, strand=-, frame=2, truncated=no, start-type=ATG, RBS-motif=4Base/6BMM
22:59:20.527 - INFO - CDS - seq=contig_3, start=294079, stop=294270, strand=-, frame=3, truncated=no, start-type=TTG, RBS-motif=GGxGG
22:59:20.527 - INFO - CDS - seq=contig_3, start=294583, stop=294918, strand=-, frame=3, truncated=no, start-type=ATG, RBS-motif=AGGA
22:59:20.527 - INFO - CDS - seq=contig_3, start=295037, stop=295633, strand=-, frame=2, truncated=no, start-type=ATG, RBS-motif=GGAG/GAGG
22:59:20.527 - INFO - CDS - seq=contig_3, start=295904, stop=296212, strand=-, frame=2, truncated=no, start-type=ATG, RBS-motif=GGAG/GAGG
22:59:20.527 - INFO - CDS - seq=contig_3, start=296348, stop=296563, strand=-, frame=2, truncated=no, start-type=ATG, RBS-motif=AGGAG
22:59:20.527 - INFO - CDS - seq=contig_3, start=296560, stop=296793, strand=-, frame=3, truncated=no, start-type=ATG, RBS-motif=AGGA
22:59:20.527 - INFO - CDS - seq=contig_3, start=297027, stop=297980, strand=-, frame=1, truncated=no, start-type=ATG, RBS-motif=GGAG/GAGG
22:59:20.527 - INFO - CDS - seq=contig_3, start=298185, stop=298919, strand=+, frame=3, truncated=no, start-type=TTG, RBS-motif=AGGAGG
22:59:20.527 - INFO - CDS - seq=contig_3, start=298945, stop=300108, strand=+, frame=1, truncated=no, start-type=ATG, RBS-motif=AGGAG
22:59:20.527 - INFO - CDS - seq=contig_3, start=300284, stop=301660, strand=-, frame=2, truncated=no, start-type=ATG, RBS-motif=GGAGG
22:59:20.527 - INFO - CDS - seq=contig_3, start=301793, stop=302551, strand=-, frame=2, truncated=no, start-type=ATG, RBS-motif=GGA/GAG/AGG
22:59:20.527 - INFO - CDS - seq=contig_3, start=302716, stop=302859, strand=-, frame=3, truncated=no, start-type=ATG, RBS-motif=GGAG/GAGG
22:59:20.527 - INFO - CDS - seq=contig_3, start=302843, stop=304450, strand=-, frame=2, truncated=no, start-type=GTG, RBS-motif=GGAG/GAGG
22:59:20.527 - INFO - CDS - seq=contig_3, start=304838, stop=307555, strand=+, frame=2, truncated=no, start-type=ATG, RBS-motif=GGAG/GAGG
22:59:20.527 - INFO - CDS - seq=contig_3, start=307855, stop=308220, strand=+, frame=1, truncated=no, start-type=TTG, RBS-motif=AGGAG
22:59:20.527 - INFO - CDS - seq=contig_3, start=308374, stop=309747, strand=-, frame=3, truncated=no, start-type=ATG, RBS-motif=None
22:59:20.527 - INFO - CDS - seq=contig_3, start=309787, stop=311316, strand=-, frame=3, truncated=no, start-type=ATG, RBS-motif=AGxAGG/AGGxGG
22:59:20.527 - INFO - CDS - seq=contig_3, start=311562, stop=311753, strand=+, frame=3, truncated=no, start-type=ATG, RBS-motif=AGGAGG
22:59:20.528 - INFO - CDS - seq=contig_3, start=311882, stop=312520, strand=+, frame=2, truncated=no, start-type=ATG, RBS-motif=GGAG/GAGG
22:59:20.528 - INFO - CDS - seq=contig_3, start=312541, stop=312873, strand=+, frame=1, truncated=no, start-type=ATG, RBS-motif=GGAGG
22:59:20.528 - INFO - CDS - seq=contig_3, start=312994, stop=313935, strand=-, frame=3, truncated=no, start-type=ATG, RBS-motif=AGGAGG
22:59:20.528 - INFO - CDS - seq=contig_3, start=313932, stop=314828, strand=-, frame=1, truncated=no, start-type=ATG, RBS-motif=AGGAGG
22:59:20.528 - INFO - CDS - seq=contig_3, start=314825, stop=315568, strand=-, frame=2, truncated=no, start-type=ATG, RBS-motif=GGAGG
22:59:20.528 - INFO - CDS - seq=contig_3, start=315845, stop=317311, strand=-, frame=2, truncated=no, start-type=ATG, RBS-motif=AGGAGG
22:59:20.528 - INFO - CDS - seq=contig_3, start=317512, stop=317781, strand=-, frame=3, truncated=no, start-type=TTG, RBS-motif=GGAG/GAGG
22:59:20.528 - INFO - CDS - seq=contig_3, start=318190, stop=319107, strand=+, frame=1, truncated=no, start-type=ATG, RBS-motif=AGGA/GGAG/GAGG
22:59:20.528 - INFO - CDS - seq=contig_3, start=319347, stop=319988, strand=+, frame=3, truncated=no, start-type=ATG, RBS-motif=AGGA
22:59:20.528 - INFO - CDS - seq=contig_3, start=320106, stop=320738, strand=-, frame=1, truncated=no, start-type=TTG, RBS-motif=AGGAGG
22:59:20.528 - INFO - CDS - seq=contig_3, start=320895, stop=321419, strand=-, frame=1, truncated=no, start-type=TTG, RBS-motif=GGAGG
22:59:20.528 - INFO - CDS - seq=contig_3, start=321682, stop=323478, strand=+, frame=1, truncated=no, start-type=ATG, RBS-motif=AGGA
22:59:20.528 - INFO - CDS - seq=contig_3, start=323629, stop=324531, strand=+, frame=1, truncated=no, start-type=ATG, RBS-motif=AGGAG
22:59:20.528 - INFO - CDS - seq=contig_3, start=324775, stop=324924, strand=+, frame=1, truncated=no, start-type=ATG, RBS-motif=GGAG/GAGG
22:59:20.528 - INFO - CDS - seq=contig_3, start=325532, stop=327880, strand=-, frame=2, truncated=no, start-type=ATG, RBS-motif=GGAGG
22:59:20.528 - INFO - CDS - seq=contig_3, start=328055, stop=329239, strand=-, frame=2, truncated=no, start-type=ATG, RBS-motif=GGAGG
22:59:20.528 - INFO - CDS - seq=contig_3, start=329691, stop=329978, strand=-, frame=1, truncated=no, start-type=GTG, RBS-motif=GGAG/GAGG
22:59:20.528 - INFO - CDS - seq=contig_3, start=330985, stop=331341, strand=-, frame=3, truncated=no, start-type=ATG, RBS-motif=AGxAGG/AGGxGG
22:59:20.528 - INFO - CDS - seq=contig_3, start=331335, stop=331745, strand=-, frame=1, truncated=no, start-type=ATG, RBS-motif=AGGAG
22:59:20.528 - INFO - CDS - seq=contig_3, start=331840, stop=331959, strand=+, frame=1, truncated=no, start-type=ATG, RBS-motif=GGAG/GAGG
22:59:20.528 - INFO - CDS - seq=contig_3, start=332171, stop=332473, strand=-, frame=2, truncated=no, start-type=ATG, RBS-motif=GGA/GAG/AGG
22:59:20.528 - INFO - CDS - seq=contig_3, start=332451, stop=332633, strand=-, frame=1, truncated=no, start-type=ATG, RBS-motif=GGA/GAG/AGG
22:59:20.528 - INFO - CDS - seq=contig_3, start=333026, stop=333313, strand=-, frame=2, truncated=no, start-type=TTG, RBS-motif=GGAG/GAGG
22:59:20.528 - INFO - CDS - seq=contig_3, start=333490, stop=334776, strand=+, frame=1, truncated=no, start-type=ATG, RBS-motif=AGGAG
22:59:20.528 - INFO - CDS - seq=contig_3, start=334852, stop=337107, strand=+, frame=1, truncated=no, start-type=ATG, RBS-motif=AGGA
22:59:20.528 - INFO - CDS - seq=contig_3, start=337488, stop=338435, strand=+, frame=3, truncated=no, start-type=ATG, RBS-motif=GGAGG
22:59:20.528 - INFO - CDS - seq=contig_3, start=338495, stop=339268, strand=+, frame=2, truncated=no, start-type=ATG, RBS-motif=GGAGG
22:59:20.529 - INFO - CDS - seq=contig_3, start=339268, stop=340050, strand=+, frame=1, truncated=no, start-type=ATG, RBS-motif=AGGAGG
22:59:20.529 - INFO - CDS - seq=contig_3, start=340047, stop=340850, strand=+, frame=3, truncated=no, start-type=ATG, RBS-motif=GGAGG
22:59:20.529 - INFO - CDS - seq=contig_3, start=341229, stop=342203, strand=-, frame=1, truncated=no, start-type=ATG, RBS-motif=AGxAGG/AGGxGG
22:59:20.529 - INFO - CDS - seq=contig_3, start=342193, stop=343725, strand=-, frame=3, truncated=no, start-type=ATG, RBS-motif=AGGAG
22:59:20.529 - INFO - CDS - seq=contig_3, start=343682, stop=344914, strand=-, frame=2, truncated=no, start-type=ATG, RBS-motif=GGA/GAG/AGG
22:59:20.529 - INFO - CDS - seq=contig_3, start=344911, stop=345612, strand=-, frame=3, truncated=no, start-type=ATG, RBS-motif=AGGAGG
22:59:20.529 - INFO - CDS - seq=contig_3, start=345609, stop=346424, strand=-, frame=1, truncated=no, start-type=ATG, RBS-motif=AGGAG
22:59:20.529 - INFO - CDS - seq=contig_3, start=346719, stop=347498, strand=-, frame=1, truncated=no, start-type=ATG, RBS-motif=GGAGG
22:59:20.529 - INFO - CDS - seq=contig_3, start=347502, stop=348272, strand=-, frame=1, truncated=no, start-type=ATG, RBS-motif=AGxAGG/AGGxGG
22:59:20.529 - INFO - CDS - seq=contig_3, start=348269, stop=349219, strand=-, frame=2, truncated=no, start-type=ATG, RBS-motif=AGxAGG/AGGxGG
22:59:20.529 - INFO - CDS - seq=contig_3, start=349694, stop=349942, strand=-, frame=2, truncated=no, start-type=ATG, RBS-motif=AGxAGG/AGGxGG
22:59:20.529 - INFO - CDS - seq=contig_3, start=350190, stop=350630, strand=+, frame=3, truncated=no, start-type=ATG, RBS-motif=GGA/GAG/AGG
22:59:20.529 - INFO - CDS - seq=contig_3, start=350609, stop=350995, strand=+, frame=2, truncated=no, start-type=ATG, RBS-motif=GGA/GAG/AGG
22:59:20.529 - INFO - CDS - seq=contig_3, start=350997, stop=351956, strand=-, frame=1, truncated=no, start-type=ATG, RBS-motif=None
22:59:20.529 - INFO - CDS - seq=contig_3, start=352326, stop=352649, strand=+, frame=3, truncated=no, start-type=ATG, RBS-motif=GGAG/GAGG
22:59:20.529 - INFO - CDS - seq=contig_3, start=352816, stop=353208, strand=-, frame=3, truncated=no, start-type=GTG, RBS-motif=AGGAGG
22:59:20.529 - INFO - CDS - seq=contig_3, start=353222, stop=353668, strand=-, frame=2, truncated=no, start-type=GTG, RBS-motif=GGAGG
22:59:20.529 - INFO - CDS - seq=contig_3, start=353912, stop=354523, strand=-, frame=2, truncated=no, start-type=ATG, RBS-motif=GGA/GAG/AGG
22:59:20.529 - INFO - CDS - seq=contig_3, start=354604, stop=355662, strand=+, frame=1, truncated=no, start-type=ATG, RBS-motif=GGAG/GAGG
22:59:20.529 - INFO - CDS - seq=contig_3, start=355664, stop=356374, strand=+, frame=2, truncated=no, start-type=ATG, RBS-motif=GGAGG
22:59:20.529 - INFO - CDS - seq=contig_3, start=356548, stop=356769, strand=+, frame=1, truncated=no, start-type=ATG, RBS-motif=GGAGG
22:59:20.529 - INFO - CDS - seq=contig_3, start=357042, stop=357803, strand=+, frame=3, truncated=no, start-type=ATG, RBS-motif=AGGAGG
22:59:20.529 - INFO - CDS - seq=contig_3, start=357898, stop=358641, strand=-, frame=3, truncated=no, start-type=ATG, RBS-motif=AGxAGG/AGGxGG
22:59:20.529 - INFO - CDS - seq=contig_3, start=358655, stop=359449, strand=-, frame=2, truncated=no, start-type=GTG, RBS-motif=GGAGG
22:59:20.529 - INFO - CDS - seq=contig_3, start=359442, stop=360287, strand=-, frame=1, truncated=no, start-type=GTG, RBS-motif=None
22:59:20.529 - INFO - CDS - seq=contig_3, start=360284, stop=361120, strand=-, frame=2, truncated=no, start-type=GTG, RBS-motif=AGxAGG/AGGxGG
22:59:20.529 - INFO - CDS - seq=contig_3, start=361264, stop=361935, strand=-, frame=3, truncated=no, start-type=ATG, RBS-motif=GGAGG
22:59:20.530 - INFO - CDS - seq=contig_3, start=362352, stop=362735, strand=-, frame=1, truncated=no, start-type=ATG, RBS-motif=AGGAGG
22:59:20.530 - INFO - CDS - seq=contig_3, start=362757, stop=363695, strand=-, frame=1, truncated=no, start-type=ATG, RBS-motif=GGA/GAG/AGG
22:59:20.530 - INFO - CDS - seq=contig_3, start=363770, stop=364159, strand=-, frame=2, truncated=no, start-type=ATG, RBS-motif=AGGAGG
22:59:20.530 - INFO - CDS - seq=contig_3, start=364180, stop=364545, strand=-, frame=3, truncated=no, start-type=ATG, RBS-motif=AGGAGG
22:59:20.530 - INFO - CDS - seq=contig_3, start=364579, stop=364695, strand=-, frame=3, truncated=no, start-type=ATG, RBS-motif=AGGAGG
22:59:20.530 - INFO - CDS - seq=contig_3, start=364723, stop=364941, strand=-, frame=3, truncated=no, start-type=GTG, RBS-motif=AGGAGG
22:59:20.530 - INFO - CDS - seq=contig_3, start=365085, stop=365741, strand=-, frame=1, truncated=no, start-type=GTG, RBS-motif=AGGAGG
22:59:20.530 - INFO - CDS - seq=contig_3, start=365889, stop=367214, strand=-, frame=1, truncated=no, start-type=ATG, RBS-motif=GGAG/GAGG
22:59:20.530 - INFO - CDS - seq=contig_3, start=367214, stop=367654, strand=-, frame=2, truncated=no, start-type=ATG, RBS-motif=AGGAGG
22:59:20.530 - INFO - CDS - seq=contig_3, start=367688, stop=367873, strand=-, frame=2, truncated=no, start-type=ATG, RBS-motif=AGGAGG
22:59:20.530 - INFO - CDS - seq=contig_3, start=367885, stop=368388, strand=-, frame=3, truncated=no, start-type=ATG, RBS-motif=AGGAGG
22:59:20.530 - INFO - CDS - seq=contig_3, start=368411, stop=368770, strand=-, frame=2, truncated=no, start-type=GTG, RBS-motif=GGAG/GAGG
22:59:20.530 - INFO - CDS - seq=contig_3, start=368808, stop=369338, strand=-, frame=1, truncated=no, start-type=GTG, RBS-motif=AGGAGG
22:59:20.530 - INFO - CDS - seq=contig_3, start=369369, stop=369767, strand=-, frame=1, truncated=no, start-type=ATG, RBS-motif=AGGAGG
22:59:20.530 - INFO - CDS - seq=contig_3, start=369993, stop=370535, strand=-, frame=1, truncated=no, start-type=ATG, RBS-motif=AGGAGG
22:59:20.530 - INFO - CDS - seq=contig_3, start=370560, stop=370871, strand=-, frame=1, truncated=no, start-type=ATG, RBS-motif=AGGAGG
22:59:20.530 - INFO - CDS - seq=contig_3, start=370901, stop=371269, strand=-, frame=2, truncated=no, start-type=GTG, RBS-motif=AGGAGG
22:59:20.530 - INFO - CDS - seq=contig_3, start=371301, stop=371564, strand=-, frame=1, truncated=no, start-type=TTG, RBS-motif=AGGAG
22:59:20.530 - INFO - CDS - seq=contig_3, start=371585, stop=371779, strand=-, frame=2, truncated=no, start-type=ATG, RBS-motif=AGxAGG/AGGxGG
22:59:20.530 - INFO - CDS - seq=contig_3, start=371769, stop=372203, strand=-, frame=1, truncated=no, start-type=ATG, RBS-motif=AGGAGG
22:59:20.530 - INFO - CDS - seq=contig_3, start=372207, stop=372869, strand=-, frame=1, truncated=no, start-type=GTG, RBS-motif=AGGAGG
22:59:20.530 - INFO - CDS - seq=contig_3, start=372883, stop=373236, strand=-, frame=3, truncated=no, start-type=ATG, RBS-motif=AGGAG
22:59:20.530 - INFO - CDS - seq=contig_3, start=373254, stop=373535, strand=-, frame=1, truncated=no, start-type=ATG, RBS-motif=AGGAGG
22:59:20.530 - INFO - CDS - seq=contig_3, start=373575, stop=374411, strand=-, frame=1, truncated=no, start-type=GTG, RBS-motif=AGGAGG
22:59:20.530 - INFO - CDS - seq=contig_3, start=374440, stop=374742, strand=-, frame=3, truncated=no, start-type=ATG, RBS-motif=AGGAGG
22:59:20.530 - INFO - CDS - seq=contig_3, start=374742, stop=375365, strand=-, frame=1, truncated=no, start-type=ATG, RBS-motif=GGAGG
22:59:20.530 - INFO - CDS - seq=contig_3, start=375388, stop=376020, strand=-, frame=3, truncated=no, start-type=ATG, RBS-motif=AGGAGG
22:59:20.530 - INFO - CDS - seq=contig_3, start=376046, stop=376354, strand=-, frame=2, truncated=no, start-type=ATG, RBS-motif=AGGAGG
22:59:20.530 - INFO - CDS - seq=contig_3, start=376679, stop=377116, strand=+, frame=2, truncated=no, start-type=ATG, RBS-motif=GGAGG
22:59:20.530 - INFO - CDS - seq=contig_3, start=377259, stop=377822, strand=-, frame=1, truncated=no, start-type=ATG, RBS-motif=GGAGG
22:59:20.530 - INFO - CDS - seq=contig_3, start=378102, stop=379136, strand=-, frame=1, truncated=no, start-type=GTG, RBS-motif=AGxAGG/AGGxGG
22:59:20.531 - INFO - CDS - seq=contig_3, start=379318, stop=381420, strand=-, frame=3, truncated=no, start-type=ATG, RBS-motif=AGGAG/GGAGG
22:59:20.531 - INFO - CDS - seq=contig_3, start=381510, stop=381980, strand=-, frame=1, truncated=no, start-type=ATG, RBS-motif=AGGAGG
22:59:20.531 - INFO - CDS - seq=contig_3, start=382178, stop=382594, strand=-, frame=2, truncated=no, start-type=ATG, RBS-motif=AGGAG
22:59:20.531 - INFO - CDS - seq=contig_3, start=383325, stop=391499, strand=-, frame=1, truncated=no, start-type=ATG, RBS-motif=AGGAGG
22:59:20.531 - INFO - CDS - seq=contig_3, start=391887, stop=392381, strand=+, frame=3, truncated=no, start-type=ATG, RBS-motif=GGAG/GAGG
22:59:20.531 - INFO - CDS - seq=contig_3, start=392572, stop=396234, strand=-, frame=3, truncated=no, start-type=TTG, RBS-motif=AGGAGG
22:59:20.531 - INFO - CDS - seq=contig_3, start=396247, stop=399831, strand=-, frame=3, truncated=no, start-type=GTG, RBS-motif=AGGA
22:59:20.531 - INFO - CDS - seq=contig_3, start=400176, stop=402683, strand=-, frame=1, truncated=no, start-type=ATG, RBS-motif=GGAG/GAGG
22:59:20.531 - INFO - CDS - seq=contig_3, start=402723, stop=403190, strand=-, frame=1, truncated=no, start-type=ATG, RBS-motif=AGGA
22:59:20.531 - INFO - CDS - seq=contig_3, start=403873, stop=404076, strand=-, frame=3, truncated=no, start-type=TTG, RBS-motif=GGAGG
22:59:20.531 - INFO - CDS - seq=contig_3, start=122, stop=1720, strand=-, nt=[ATGGCTCAAA..AAATGAGTAA]
22:59:20.531 - INFO - CDS - seq=contig_3, start=1738, stop=4788, strand=-, nt=[ATGGGTGCAA..TCAGGACTAA]
22:59:20.531 - INFO - CDS - seq=contig_3, start=5259, stop=5825, strand=-, nt=[ATGACAGAAG..CAGAATCTGA]
22:59:20.531 - INFO - CDS - seq=contig_3, start=8266, stop=10059, strand=-, nt=[ATGGAAAATT..CGAATCTTGA]
22:59:20.531 - INFO - CDS - seq=contig_3, start=10075, stop=13020, strand=-, nt=[GTGAAATTAG..AACTTCGTGA]
22:59:20.531 - INFO - CDS - seq=contig_3, start=13238, stop=14422, strand=+, nt=[TTGGCTAAAG..CACTGACTAG]
22:59:20.531 - INFO - CDS - seq=contig_3, start=14964, stop=16925, strand=-, nt=[ATGGCTAAAA..ACCGGCTTGA]
22:59:20.531 - INFO - CDS - seq=contig_3, start=16928, stop=18595, strand=-, nt=[ATGACGAACG..GGTGAAATGA]
22:59:20.531 - INFO - CDS - seq=contig_3, start=18670, stop=19671, strand=-, nt=[ATGGCAACGA..AAGCGCCTGA]
22:59:20.531 - INFO - CDS - seq=contig_3, start=19816, stop=21294, strand=-, nt=[ATGAAAGAAG..CGGTCTTTGA]
22:59:20.531 - INFO - CDS - seq=contig_3, start=21891, stop=22766, strand=-, nt=[TTGACAAATC..GCTGTCGTGA]
22:59:20.531 - INFO - CDS - seq=contig_3, start=22847, stop=24028, strand=-, nt=[ATGCTTGAAA..GTATGAATAA]
22:59:20.531 - INFO - CDS - seq=contig_3, start=24128, stop=24901, strand=-, nt=[ATGACGGATA..AAAATTTTAA]
22:59:20.531 - INFO - CDS - seq=contig_3, start=25053, stop=25868, strand=-, nt=[ATGTCACAAC..CACAGCCTGA]
22:59:20.531 - INFO - CDS - seq=contig_3, start=25983, stop=27347, strand=-, nt=[TTGTTCAAAA..GCCCGGTTAG]
22:59:20.531 - INFO - CDS - seq=contig_3, start=27388, stop=27828, strand=-, nt=[ATGCTCGAAA..TATTGGCTGA]
22:59:20.531 - INFO - CDS - seq=contig_3, start=27941, stop=28390, strand=-, nt=[ATGGACACCG..CAGAGCGTGA]
22:59:20.531 - INFO - CDS - seq=contig_3, start=28396, stop=29616, strand=-, nt=[TTGCAACGAG..AAGGTGGTGA]
22:59:20.531 - INFO - CDS - seq=contig_3, start=29639, stop=30367, strand=-, nt=[TTGAAATTAA..ATTAGGCTAA]
22:59:20.531 - INFO - CDS - seq=contig_3, start=30364, stop=31287, strand=-, nt=[TTGCGTTTTG..GGCAGATTGA]
22:59:20.531 - INFO - CDS - seq=contig_3, start=31324, stop=32310, strand=-, nt=[ATGAGTCCAT..ACAGGCTTAA]
22:59:20.532 - INFO - CDS - seq=contig_3, start=32334, stop=32573, strand=-, nt=[ATGACAAACG..TGAAGCTTAA]
22:59:20.532 - INFO - CDS - seq=contig_3, start=32677, stop=33639, strand=-, nt=[TTGGAGATTC..CACTTATTAA]
22:59:20.532 - INFO - CDS - seq=contig_3, start=33655, stop=34104, strand=-, nt=[ATGTCCCAAA..TCGTCATTAG]
22:59:20.532 - INFO - CDS - seq=contig_3, start=34175, stop=34612, strand=-, nt=[ATGACAACTT..CAATGCTTAG]
22:59:20.532 - INFO - CDS - seq=contig_3, start=35108, stop=36091, strand=-, nt=[TTGACGCAAC..TGAGTGGTAA]
22:59:20.532 - INFO - CDS - seq=contig_3, start=36155, stop=37348, strand=-, nt=[TTGAAGAATT..GCTGGCATAA]
22:59:20.532 - INFO - CDS - seq=contig_3, start=37901, stop=38200, strand=-, nt=[ATGTCTTTAA..ATTAAATTAA]
22:59:20.532 - INFO - CDS - seq=contig_3, start=38240, stop=38656, strand=-, nt=[ATGATGCAAA..CTTGCAATAA]
22:59:20.532 - INFO - CDS - seq=contig_3, start=38944, stop=39732, strand=-, nt=[ATGGAATATT..TGATGACTAG]
22:59:20.532 - INFO - CDS - seq=contig_3, start=39788, stop=40795, strand=-, nt=[GTGCATCGCG..AACCAACTAA]
22:59:20.532 - INFO - CDS - seq=contig_3, start=40962, stop=42059, strand=-, nt=[TTGGCAGAGA..CAGAGACTGA]
22:59:20.532 - INFO - CDS - seq=contig_3, start=42476, stop=43063, strand=-, nt=[ATGACAAAAA..TCGATTCTAA]
22:59:20.532 - INFO - CDS - seq=contig_3, start=43165, stop=44940, strand=-, nt=[ATGCAACGTT..GGCCGCGTAA]
22:59:20.532 - INFO - CDS - seq=contig_3, start=45110, stop=45577, strand=-, nt=[GTGGCAAATT..AGCACACTAG]
22:59:20.532 - INFO - CDS - seq=contig_3, start=45827, stop=46516, strand=-, nt=[ATGGCGAAAT..GTTGGACTAA]
22:59:20.532 - INFO - CDS - seq=contig_3, start=46750, stop=46956, strand=+, nt=[GTGAAAAAAA..TCGTCGTTAA]
22:59:20.532 - INFO - CDS - seq=contig_3, start=47049, stop=48128, strand=+, nt=[ATGTTTAAGA..TAACTTTTAG]
22:59:20.532 - INFO - CDS - seq=contig_3, start=48235, stop=49329, strand=-, nt=[ATGCATAAAC..GGTCAATTGA]
22:59:20.532 - INFO - CDS - seq=contig_3, start=49322, stop=50395, strand=-, nt=[ATGTCAGGTT..CGATGCATAA]
22:59:20.532 - INFO - CDS - seq=contig_3, start=50480, stop=51181, strand=-, nt=[ATGACACAAT..TTTCTTATAA]
22:59:20.532 - INFO - CDS - seq=contig_3, start=51624, stop=52034, strand=+, nt=[TTGAAGAAGC..CAAAAAATAA]
22:59:20.532 - INFO - CDS - seq=contig_3, start=52088, stop=53020, strand=-, nt=[ATGCCTTTTG..GCCAACTTAA]
22:59:20.532 - INFO - CDS - seq=contig_3, start=53232, stop=54992, strand=-, nt=[ATGGTAAAGA..TGTGGCGTAA]
22:59:20.532 - INFO - CDS - seq=contig_3, start=55569, stop=56471, strand=-, nt=[TTGACTTTTT..TTTGAAATAA]
22:59:20.532 - INFO - CDS - seq=contig_3, start=56483, stop=57334, strand=-, nt=[ATGTCTAACA..AAGTCGTTAG]
22:59:20.532 - INFO - CDS - seq=contig_3, start=57327, stop=58550, strand=-, nt=[ATGCAACACA..CAATGTCTAA]
22:59:20.532 - INFO - CDS - seq=contig_3, start=58819, stop=59550, strand=-, nt=[ATGTACTACC..CAGCTTGTGA]
22:59:20.532 - INFO - CDS - seq=contig_3, start=59657, stop=60118, strand=-, nt=[TTGGTTACTG..CGTTCGCTGA]
22:59:20.532 - INFO - CDS - seq=contig_3, start=60167, stop=61426, strand=-, nt=[ATGAAAGATG..CGACATGTGA]
22:59:20.532 - INFO - CDS - seq=contig_3, start=61711, stop=62592, strand=-, nt=[ATGATCAGCG..GTTTGAGTGA]
22:59:20.532 - INFO - CDS - seq=contig_3, start=62558, stop=64072, strand=-, nt=[ATGCGATATA..CGAGCGCTAA]
22:59:20.532 - INFO - CDS - seq=contig_3, start=64181, stop=65380, strand=+, nt=[ATGAAAATTG..GATCGGATGA]
22:59:20.532 - INFO - CDS - seq=contig_3, start=65377, stop=66723, strand=+, nt=[ATGAAGGTCG..GATTGCCTAG]
22:59:20.532 - INFO - CDS - seq=contig_3, start=66843, stop=68360, strand=-, nt=[ATGGAAATTC..GAATAAGTAA]
22:59:20.532 - INFO - CDS - seq=contig_3, start=68400, stop=68780, strand=-, nt=[ATGGTGTCAT..GAGAGCGTGA]
22:59:20.532 - INFO - CDS - seq=contig_3, start=69069, stop=70112, strand=-, nt=[ATGAAACAAG..TTACAACTGA]
22:59:20.532 - INFO - CDS - seq=contig_3, start=70129, stop=71121, strand=-, nt=[ATGACAAAAA..AGTCAACTAA]
22:59:20.532 - INFO - CDS - seq=contig_3, start=71165, stop=72328, strand=-, nt=[ATGGCATTAG..AACGCATTAA]
22:59:20.532 - INFO - CDS - seq=contig_3, start=72783, stop=73103, strand=-, nt=[ATGGATGAAA..CCTTTTTTAA]
22:59:20.532 - INFO - CDS - seq=contig_3, start=73434, stop=74138, strand=+, nt=[ATGAATTATT..CAAAGACTGA]
22:59:20.532 - INFO - CDS - seq=contig_3, start=74291, stop=74671, strand=-, nt=[ATGCCACAAG..ATTTGCCTAA]
22:59:20.532 - INFO - CDS - seq=contig_3, start=74774, stop=76678, strand=-, nt=[ATGTGCGGAA..TGAAGCATAA]
22:59:20.532 - INFO - CDS - seq=contig_3, start=77659, stop=78729, strand=-, nt=[ATGAGCATTG..TCAGTATTGA]
22:59:20.532 - INFO - CDS - seq=contig_3, start=78755, stop=79669, strand=-, nt=[ATGTCTTTAT..GAATATCTGA]
22:59:20.532 - INFO - CDS - seq=contig_3, start=79745, stop=80713, strand=+, nt=[ATGATTCATC..AGATCATTGA]
22:59:20.532 - INFO - CDS - seq=contig_3, start=81004, stop=82209, strand=+, nt=[ATGGCAAAAG..AGCGGAATAG]
22:59:20.533 - INFO - CDS - seq=contig_3, start=82800, stop=83687, strand=+, nt=[ATGCTCACTG..TGAGGCCTAG]
22:59:20.533 - INFO - CDS - seq=contig_3, start=83690, stop=84961, strand=+, nt=[ATGAAAAAAA..TAAATCATGA]
22:59:20.533 - INFO - CDS - seq=contig_3, start=84975, stop=85370, strand=+, nt=[ATGCGGATCG..TGACAACTGA]
22:59:20.533 - INFO - CDS - seq=contig_3, start=85360, stop=86226, strand=+, nt=[ATGACAACTG..CCATGCGTAA]
22:59:20.533 - INFO - CDS - seq=contig_3, start=86219, stop=86863, strand=+, nt=[ATGCGTAATG..CGAATTTTAA]
22:59:20.533 - INFO - CDS - seq=contig_3, start=86971, stop=87756, strand=-, nt=[ATGTATCAAG..TCAAGGTTGA]
22:59:20.533 - INFO - CDS - seq=contig_3, start=88386, stop=89507, strand=+, nt=[GTGAAAGTTG..GCAACATTAG]
22:59:20.533 - INFO - CDS - seq=contig_3, start=89520, stop=90539, strand=+, nt=[ATGATGACCG..CATCGGATAA]
22:59:20.533 - INFO - CDS - seq=contig_3, start=90655, stop=92580, strand=+, nt=[ATGGAAAAGA..AAAGCAATAA]
22:59:20.533 - INFO - CDS - seq=contig_3, start=92594, stop=92950, strand=+, nt=[ATGACTGCGA..TACACGATAA]
22:59:20.533 - INFO - CDS - seq=contig_3, start=93087, stop=94514, strand=+, nt=[ATGATTGATC..AAATCTATAG]
22:59:20.533 - INFO - CDS - seq=contig_3, start=94616, stop=95947, strand=-, nt=[ATGAGTGAAT..AATTCGGTGA]
22:59:20.533 - INFO - CDS - seq=contig_3, start=96153, stop=97571, strand=-, nt=[ATGCAATTAT..CGACCTTTAA]
22:59:20.533 - INFO - CDS - seq=contig_3, start=97985, stop=98551, strand=-, nt=[ATGGATACAC..GGCCGCATAA]
22:59:20.533 - INFO - CDS - seq=contig_3, start=98678, stop=100126, strand=-, nt=[ATGACATACC..TTTAGGTTAA]
22:59:20.533 - INFO - CDS - seq=contig_3, start=100297, stop=102135, strand=-, nt=[ATGAATGAAT..ATTAGCGTAA]
22:59:20.533 - INFO - CDS - seq=contig_3, start=102587, stop=103444, strand=-, nt=[ATGATTATTC..GACGGAGTGA]
22:59:20.533 - INFO - CDS - seq=contig_3, start=103582, stop=105213, strand=-, nt=[ATGATCAGAA..GCCTAAATAA]
22:59:20.533 - INFO - CDS - seq=contig_3, start=105210, stop=106901, strand=-, nt=[TTGTTAGGAT..GCCATCATGA]
22:59:20.533 - INFO - CDS - seq=contig_3, start=107098, stop=107523, strand=-, nt=[GTGCGCTGGT..TCACCCATAA]
22:59:20.533 - INFO - CDS - seq=contig_3, start=107674, stop=108774, strand=-, nt=[ATGAAAAAAC..CGCTAAGTAA]
22:59:20.533 - INFO - CDS - seq=contig_3, start=109156, stop=109950, strand=-, nt=[TTGGAAGCAA..GTTAGGGTAG]
22:59:20.533 - INFO - CDS - seq=contig_3, start=109951, stop=111141, strand=-, nt=[TTGAATAGGG..GGAGAAATAA]
22:59:20.533 - INFO - CDS - seq=contig_3, start=111347, stop=111715, strand=+, nt=[ATGAAAAAAA..AAATCGCTAA]
22:59:20.533 - INFO - CDS - seq=contig_3, start=111784, stop=112107, strand=+, nt=[ATGACGAATG..CACCTCCTGA]
22:59:20.533 - INFO - CDS - seq=contig_3, start=112179, stop=113906, strand=-, nt=[ATGCATTGGT..GCTACGGTGA]
22:59:20.533 - INFO - CDS - seq=contig_3, start=113887, stop=115629, strand=-, nt=[ATGATCGATA..TGAAAAATGA]
22:59:20.533 - INFO - CDS - seq=contig_3, start=115626, stop=116639, strand=-, nt=[ATGAGCTGGT..TAGTGAATGA]
22:59:20.533 - INFO - CDS - seq=contig_3, start=116636, stop=118060, strand=-, nt=[ATGCTATTGG..CGCAAAATGA]
22:59:20.533 - INFO - CDS - seq=contig_3, start=118113, stop=118256, strand=-, nt=[ATGGTTTTAG..TAAAAAATAA]
22:59:20.533 - INFO - CDS - seq=contig_3, start=118299, stop=119603, strand=-, nt=[ATGCGCATGG..TCGCCCCTAA]
22:59:20.533 - INFO - CDS - seq=contig_3, start=120186, stop=121205, strand=+, nt=[ATGGACTTTC..TTATTGTTAA]
22:59:20.533 - INFO - CDS - seq=contig_3, start=121424, stop=121666, strand=+, nt=[ATGTTGATTA..AATGCCCTAA]
22:59:20.533 - INFO - CDS - seq=contig_3, start=121667, stop=122155, strand=-, nt=[ATGGATCAAT..TCAAGCTTAG]
22:59:20.533 - INFO - CDS - seq=contig_3, start=122278, stop=122451, strand=+, nt=[ATGATGCTGA..TGCGAGCTGA]
22:59:20.533 - INFO - CDS - seq=contig_3, start=122555, stop=123475, strand=-, nt=[GTGAAGCGCG..CCCGGACTGA]
22:59:20.533 - INFO - CDS - seq=contig_3, start=123506, stop=124120, strand=-, nt=[ATGGTAAAAC..GCAGGACTGA]
22:59:20.533 - INFO - CDS - seq=contig_3, start=124405, stop=124851, strand=-, nt=[ATGGATCAAG..AACTAAATAG]
22:59:20.533 - INFO - CDS - seq=contig_3, start=125161, stop=125550, strand=+, nt=[ATGATTACAA..GCCTGAGTAA]
22:59:20.533 - INFO - CDS - seq=contig_3, start=125778, stop=126566, strand=+, nt=[TTGGAACCCA..TCTACAGTAA]
22:59:20.533 - INFO - CDS - seq=contig_3, start=126852, stop=127994, strand=+, nt=[ATGGATTTAA..CCAACATTGA]
22:59:20.533 - INFO - CDS - seq=contig_3, start=128034, stop=128399, strand=+, nt=[TTGAAACTAT..CGTTGATTAA]
22:59:20.533 - INFO - CDS - seq=contig_3, start=128481, stop=129017, strand=-, nt=[ATGCAAACAA..CTTGCGCTAG]
22:59:20.533 - INFO - CDS - seq=contig_3, start=129156, stop=129560, strand=-, nt=[GTGACAATTG..AGAAAAGTAA]
22:59:20.533 - INFO - CDS - seq=contig_3, start=130066, stop=130248, strand=-, nt=[ATGGCAAGTA..CGGAAATTGA]
22:59:20.533 - INFO - CDS - seq=contig_3, start=130260, stop=131300, strand=-, nt=[ATGAAAGCAG..TGAAGGTTAA]
22:59:20.534 - INFO - CDS - seq=contig_3, start=131459, stop=132112, strand=-, nt=[TTGATAAAGA..GGTTTATTAA]
22:59:20.534 - INFO - CDS - seq=contig_3, start=132963, stop=133523, strand=+, nt=[ATGGATGCTC..TTCGCACTGA]
22:59:20.534 - INFO - CDS - seq=contig_3, start=133621, stop=134664, strand=-, nt=[ATGAAAAAGC..ACTTCAGTAA]
22:59:20.534 - INFO - CDS - seq=contig_3, start=134875, stop=135495, strand=-, nt=[ATGAAGCTGA..CTTCCTATAG]
22:59:20.534 - INFO - CDS - seq=contig_3, start=135521, stop=136264, strand=-, nt=[ATGGAACAAG..CCAAGATTAA]
22:59:20.534 - INFO - CDS - seq=contig_3, start=136400, stop=137791, strand=+, nt=[ATGGAAAGTG..CAAGCATTAA]
22:59:20.534 - INFO - CDS - seq=contig_3, start=138000, stop=139454, strand=+, nt=[TTGACAACAA..CGCCTCATGA]
22:59:20.534 - INFO - CDS - seq=contig_3, start=139451, stop=139945, strand=+, nt=[ATGATTATCT..TGATCAGTAA]
22:59:20.534 - INFO - CDS - seq=contig_3, start=140387, stop=140944, strand=-, nt=[ATGATCATTT..ACCGCAATAA]
22:59:20.534 - INFO - CDS - seq=contig_3, start=140941, stop=142896, strand=-, nt=[ATGCCAAAGA..TCAAGCATGA]
22:59:20.534 - INFO - CDS - seq=contig_3, start=142901, stop=145483, strand=-, nt=[GTGAATTTCG..GAAGAAGTGA]
22:59:20.534 - INFO - CDS - seq=contig_3, start=145741, stop=147570, strand=-, nt=[ATGATGCATT..GAAGAAGTAG]
22:59:20.534 - INFO - CDS - seq=contig_3, start=147800, stop=148144, strand=-, nt=[ATGAAGCTGA..AAAGGCGTAA]
22:59:20.534 - INFO - CDS - seq=contig_3, start=148638, stop=150272, strand=-, nt=[ATGGCAAAAG..TATGATGTAA]
22:59:20.534 - INFO - CDS - seq=contig_3, start=150309, stop=150590, strand=-, nt=[TTGTTAAAAC..AATTGCGTAA]
22:59:20.534 - INFO - CDS - seq=contig_3, start=150742, stop=151386, strand=+, nt=[ATGTCACTAC..CACCCTATAA]
22:59:20.534 - INFO - CDS - seq=contig_3, start=151467, stop=152525, strand=+, nt=[ATGGAGACAC..GTATGATTGA]
22:59:20.534 - INFO - CDS - seq=contig_3, start=152587, stop=153615, strand=-, nt=[ATGGGTGAAG..ACTTGCTTGA]
22:59:20.534 - INFO - CDS - seq=contig_3, start=153616, stop=154503, strand=-, nt=[ATGAGTTTAA..GGTGAAATAA]
22:59:20.534 - INFO - CDS - seq=contig_3, start=154500, stop=154865, strand=-, nt=[ATGGCGACCG..ACAAGCATGA]
22:59:20.534 - INFO - CDS - seq=contig_3, start=155007, stop=155660, strand=-, nt=[ATGGCGGAAA..AGAAGCATAA]
22:59:20.534 - INFO - CDS - seq=contig_3, start=155878, stop=157830, strand=+, nt=[GTGATCATTT..TAACAATTAA]
22:59:20.534 - INFO - CDS - seq=contig_3, start=158104, stop=158439, strand=-, nt=[ATGGCTGAAA..GAGTAAGTAG]
22:59:20.534 - INFO - CDS - seq=contig_3, start=158535, stop=159560, strand=-, nt=[GTGGCAGCAA..CGCTTCATAA]
22:59:20.534 - INFO - CDS - seq=contig_3, start=159594, stop=160133, strand=-, nt=[ATGTTTATGT..ATTGCCGTAA]
22:59:20.534 - INFO - CDS - seq=contig_3, start=160111, stop=160833, strand=-, nt=[ATGCGATTAT..GAAAGTTTAA]
22:59:20.534 - INFO - CDS - seq=contig_3, start=161569, stop=162174, strand=-, nt=[ATGTTTGCTG..TTGGTTTTAG]
22:59:20.534 - INFO - CDS - seq=contig_3, start=162405, stop=162923, strand=-, nt=[ATGCAAGTAT..CCACCTTTGA]
22:59:20.534 - INFO - CDS - seq=contig_3, start=163401, stop=164375, strand=+, nt=[GTGACTAAAC..TGTTAGCTGA]
22:59:20.534 - INFO - CDS - seq=contig_3, start=164471, stop=165214, strand=-, nt=[ATGGGAAAGG..TAAAGCATAG]
22:59:20.534 - INFO - CDS - seq=contig_3, start=165309, stop=166166, strand=-, nt=[TTGGAGCAAC..GGAAAAATAA]
22:59:20.534 - INFO - CDS - seq=contig_3, start=166168, stop=166506, strand=-, nt=[GTGGAAAAGA..GGAGAATTGA]
22:59:20.534 - INFO - CDS - seq=contig_3, start=166511, stop=167488, strand=-, nt=[ATGACCAAGT..AGAAGGGTGA]
22:59:20.534 - INFO - CDS - seq=contig_3, start=167488, stop=167817, strand=-, nt=[ATGAAATTAA..TCGCTTCTGA]
22:59:20.534 - INFO - CDS - seq=contig_3, start=167852, stop=168496, strand=-, nt=[GTGACAGGCA..ATTTAACTAA]
22:59:20.534 - INFO - CDS - seq=contig_3, start=168859, stop=169095, strand=+, nt=[ATGCCTCCTA..CGCTCTATAA]
22:59:20.534 - INFO - CDS - seq=contig_3, start=169090, stop=169353, strand=-, nt=[ATGTTTGGAC..AGATTTATAG]
22:59:20.534 - INFO - CDS - seq=contig_3, start=169353, stop=169952, strand=-, nt=[ATGCAATATC..TGAGCTGTAA]
22:59:20.534 - INFO - CDS - seq=contig_3, start=170267, stop=170575, strand=-, nt=[ATGCGTGGAA..GCCAATGTAA]
22:59:20.534 - INFO - CDS - seq=contig_3, start=170592, stop=172289, strand=-, nt=[GTGAGTTATC..AAATGACTAG]
22:59:20.534 - INFO - CDS - seq=contig_3, start=172638, stop=173144, strand=-, nt=[ATGGACGAAC..TCAGTTATAA]
22:59:20.534 - INFO - CDS - seq=contig_3, start=173286, stop=173615, strand=-, nt=[ATGACAAAAT..GAGTCACTAG]
22:59:20.534 - INFO - CDS - seq=contig_3, start=173672, stop=174268, strand=-, nt=[TTGAATCACT..GACAAAATAA]
22:59:20.534 - INFO - CDS - seq=contig_3, start=174373, stop=176982, strand=-, nt=[ATGAAAAAAC..TGACAAATAA]
22:59:20.534 - INFO - CDS - seq=contig_3, start=177386, stop=177799, strand=+, nt=[ATGTTAATGC..AATCGCTTAG]
22:59:20.534 - INFO - CDS - seq=contig_3, start=177949, stop=178881, strand=+, nt=[ATGGCGAATA..TTTACGGTAA]
22:59:20.534 - INFO - CDS - seq=contig_3, start=178990, stop=184698, strand=-, nt=[ATGCAAAGGA..TGAAGAATAG]
22:59:20.534 - INFO - CDS - seq=contig_3, start=184988, stop=185887, strand=+, nt=[ATGAAGAAAA..AACGAATTAA]
22:59:20.535 - INFO - CDS - seq=contig_3, start=186061, stop=186429, strand=-, nt=[ATGGCTTTAG..CCTCAAATAA]
22:59:20.535 - INFO - CDS - seq=contig_3, start=186470, stop=186976, strand=-, nt=[ATGAGTGAAC..TGCTGCATAA]
22:59:20.535 - INFO - CDS - seq=contig_3, start=187401, stop=188633, strand=+, nt=[TTGCCAAGTA..ACAAGCATAG]
22:59:20.535 - INFO - CDS - seq=contig_3, start=188690, stop=189523, strand=-, nt=[ATGGGTGAGG..GACGCAGTGA]
22:59:20.535 - INFO - CDS - seq=contig_3, start=189516, stop=190046, strand=-, nt=[ATGAAGAAAA..GGATGGGTGA]
22:59:20.535 - INFO - CDS - seq=contig_3, start=190303, stop=191508, strand=+, nt=[ATGTCAAAAA..GCTTGAATAG]
22:59:20.535 - INFO - CDS - seq=contig_3, start=191580, stop=192953, strand=-, nt=[ATGGCTTATC..ACGGCGTTAA]
22:59:20.535 - INFO - CDS - seq=contig_3, start=193141, stop=193830, strand=-, nt=[ATGGCTAAAA..AGACTTCTAA]
22:59:20.535 - INFO - CDS - seq=contig_3, start=193930, stop=194355, strand=-, nt=[GTGGCTAAAA..CGAAGGCTAA]
22:59:20.535 - INFO - CDS - seq=contig_3, start=194648, stop=197278, strand=-, nt=[ATGCTAAAGA..ATGGCTGTGA]
22:59:20.535 - INFO - CDS - seq=contig_3, start=197541, stop=199004, strand=+, nt=[ATGCAAAAAT..GAAGATCTAA]
22:59:20.535 - INFO - CDS - seq=contig_3, start=199004, stop=199372, strand=+, nt=[ATGGGCTCAC..GCAACGATAG]
22:59:20.535 - INFO - CDS - seq=contig_3, start=199463, stop=199999, strand=-, nt=[TTGAAACTTT..AAGCAAGTGA]
22:59:20.535 - INFO - CDS - seq=contig_3, start=199974, stop=200546, strand=-, nt=[ATGAAGCCGC..AAGTCGGTGA]
22:59:20.535 - INFO - CDS - seq=contig_3, start=200543, stop=200929, strand=-, nt=[TTGAAAAAAG..CACCAAATGA]
22:59:20.535 - INFO - CDS - seq=contig_3, start=200951, stop=203197, strand=-, nt=[ATGCAAGTTA..AATTAAATAA]
22:59:20.535 - INFO - CDS - seq=contig_3, start=203389, stop=203832, strand=-, nt=[ATGGCACAAA..GGTTTTCTAA]
22:59:20.535 - INFO - CDS - seq=contig_3, start=203870, stop=204715, strand=-, nt=[ATGAGCGGCT..TGATTTTTAG]
22:59:20.535 - INFO - CDS - seq=contig_3, start=204725, stop=205279, strand=-, nt=[ATGGCTGAAA..CAAGCTGTAG]
22:59:20.535 - INFO - CDS - seq=contig_3, start=205383, stop=205553, strand=-, nt=[ATGAAATTTA..CCTATACTGA]
22:59:20.535 - INFO - CDS - seq=contig_3, start=205906, stop=206865, strand=-, nt=[ATGAGCGAAC..TCTTTTTTGA]
22:59:20.535 - INFO - CDS - seq=contig_3, start=206862, stop=207800, strand=-, nt=[ATGCCGTTGT..GATCCTATGA]
22:59:20.535 - INFO - CDS - seq=contig_3, start=207812, stop=208879, strand=-, nt=[ATGAAGAAAC..AAAAAAATAA]
22:59:20.535 - INFO - CDS - seq=contig_3, start=209055, stop=209969, strand=-, nt=[ATGAAGTTAA..TAACAACTAA]
22:59:20.535 - INFO - CDS - seq=contig_3, start=210256, stop=212154, strand=+, nt=[ATGGCGAAAA..GCTTAAATAA]
22:59:20.535 - INFO - CDS - seq=contig_3, start=212329, stop=212772, strand=+, nt=[ATGAAACAGC..GACTGAATGA]
22:59:20.535 - INFO - CDS - seq=contig_3, start=212769, stop=213356, strand=+, nt=[ATGAGCACGT..TGTGGCATGA]
22:59:20.535 - INFO - CDS - seq=contig_3, start=213331, stop=214308, strand=+, nt=[ATGAAAATTC..GAAAGCTTAA]
22:59:20.535 - INFO - CDS - seq=contig_3, start=214999, stop=215241, strand=-, nt=[GTGGAAAATA..CAATCAATAA]
22:59:20.535 - INFO - CDS - seq=contig_3, start=215415, stop=216098, strand=-, nt=[ATGATGGCTA..CCATAAGTGA]
22:59:20.535 - INFO - CDS - seq=contig_3, start=216095, stop=217150, strand=-, nt=[ATGGTAGACA..GGTGAAATGA]
22:59:20.535 - INFO - CDS - seq=contig_3, start=217646, stop=217987, strand=+, nt=[ATGAATCTAC..TAGCCAATGA]
22:59:20.535 - INFO - CDS - seq=contig_3, start=218190, stop=218729, strand=-, nt=[ATGCGCGAAC..GAAAGAGTAG]
22:59:20.535 - INFO - CDS - seq=contig_3, start=218730, stop=219509, strand=-, nt=[ATGGCAAAAA..GGGAAAATAA]
22:59:20.535 - INFO - CDS - seq=contig_3, start=219481, stop=219909, strand=-, nt=[ATGACATTTG..CAACAACTGA]
22:59:20.535 - INFO - CDS - seq=contig_3, start=219906, stop=221312, strand=-, nt=[ATGTTAACGT..CAGACAATGA]
22:59:20.535 - INFO - CDS - seq=contig_3, start=221553, stop=222947, strand=-, nt=[ATGGCAATTT..AATTGATTAA]
22:59:20.535 - INFO - CDS - seq=contig_3, start=223073, stop=223660, strand=-, nt=[ATGCGTGACA..TGCGTCTTAA]
22:59:20.535 - INFO - CDS - seq=contig_3, start=223986, stop=224093, strand=-, nt=[ATGAAAGGTA..TTTTCATTGA]
22:59:20.535 - INFO - CDS - seq=contig_3, start=224327, stop=225820, strand=-, nt=[TTGGCAGATC..CCAACTTTAA]
22:59:20.535 - INFO - CDS - seq=contig_3, start=225968, stop=226948, strand=-, nt=[ATGACAAACT..GTTTGATTAA]
22:59:20.535 - INFO - CDS - seq=contig_3, start=227064, stop=227735, strand=-, nt=[ATGACAGAAC..GCCCGGTTAG]
22:59:20.535 - INFO - CDS - seq=contig_3, start=227919, stop=228749, strand=+, nt=[ATGAGTATTA..TAAGATTTAG]
22:59:20.535 - INFO - CDS - seq=contig_3, start=228895, stop=229734, strand=-, nt=[ATGGATAAAG..GACGGCATAG]
22:59:20.535 - INFO - CDS - seq=contig_3, start=229747, stop=230763, strand=-, nt=[ATGCAAGCAG..ACTTGATTGA]
22:59:20.535 - INFO - CDS - seq=contig_3, start=230770, stop=231144, strand=-, nt=[GTGCAACTGA..GAAGGAGTGA]
22:59:20.536 - INFO - CDS - seq=contig_3, start=231308, stop=232579, strand=-, nt=[TTGCAGGCAT..GGAAAAGTAG]
22:59:20.536 - INFO - CDS - seq=contig_3, start=232897, stop=233673, strand=-, nt=[TTGGTCACCT..TGAACGCTAA]
22:59:20.536 - INFO - CDS - seq=contig_3, start=233691, stop=234578, strand=-, nt=[ATGTTGAAAA..AACAAAATAA]
22:59:20.536 - INFO - CDS - seq=contig_3, start=234762, stop=235658, strand=+, nt=[ATGTCTGAGA..TAGTTTCTAG]
22:59:20.536 - INFO - CDS - seq=contig_3, start=235771, stop=236886, strand=-, nt=[ATGAAGAAAC..AGAGAGATAA]
22:59:20.536 - INFO - CDS - seq=contig_3, start=236908, stop=238272, strand=-, nt=[ATGGCGAAAG..CTTTAATTAA]
22:59:20.536 - INFO - CDS - seq=contig_3, start=238289, stop=238831, strand=-, nt=[ATGAAGACCC..TAAAGCGTAA]
22:59:20.536 - INFO - CDS - seq=contig_3, start=239052, stop=239342, strand=+, nt=[ATGGAATTCC..AGAAGCTTAA]
22:59:20.536 - INFO - CDS - seq=contig_3, start=239458, stop=239835, strand=-, nt=[ATGGTTAAGG..GCTAGCATAG]
22:59:20.536 - INFO - CDS - seq=contig_3, start=240080, stop=241399, strand=+, nt=[ATGTCAGAAA..CCTGAATTAA]
22:59:20.536 - INFO - CDS - seq=contig_3, start=241633, stop=242979, strand=+, nt=[ATGTCTGCAG..TTCCAAATAA]
22:59:20.536 - INFO - CDS - seq=contig_3, start=243207, stop=244307, strand=+, nt=[ATGGGGACAC..GGCAGCATGA]
22:59:20.536 - INFO - CDS - seq=contig_3, start=244307, stop=245500, strand=+, nt=[ATGGCTTATT..GGTTAAATAG]
22:59:20.536 - INFO - CDS - seq=contig_3, start=245686, stop=246564, strand=+, nt=[ATGGAATTGC..TGATCAATGA]
22:59:20.536 - INFO - CDS - seq=contig_3, start=246726, stop=248780, strand=+, nt=[ATGGCGTCAG..AGACGATTAA]
22:59:20.536 - INFO - CDS - seq=contig_3, start=248937, stop=251567, strand=-, nt=[ATGAAACAGA..GCCTTCATAA]
22:59:20.536 - INFO - CDS - seq=contig_3, start=251729, stop=252286, strand=-, nt=[ATGACGGGGG..TGTCCCATAA]
22:59:20.536 - INFO - CDS - seq=contig_3, start=252851, stop=253522, strand=-, nt=[GTGGTTAAAT..AACTTTATAA]
22:59:20.536 - INFO - CDS - seq=contig_3, start=254035, stop=255156, strand=+, nt=[ATGACCCAGT..TGATCAATGA]
22:59:20.536 - INFO - CDS - seq=contig_3, start=255170, stop=255454, strand=+, nt=[ATGACAACAT..CGGGCTGTGA]
22:59:20.536 - INFO - CDS - seq=contig_3, start=255645, stop=256760, strand=-, nt=[ATGACAGTTG..TGCTGACTAA]
22:59:20.536 - INFO - CDS - seq=contig_3, start=256948, stop=257154, strand=-, nt=[ATGACAGATT..AGAGGACTAA]
22:59:20.536 - INFO - CDS - seq=contig_3, start=257287, stop=257544, strand=-, nt=[GTGTCACAAG..ACGTCACTAG]
22:59:20.536 - INFO - CDS - seq=contig_3, start=257615, stop=257821, strand=-, nt=[ATGTTATTTG..CACCAAGTAA]
22:59:20.536 - INFO - CDS - seq=contig_3, start=258046, stop=258297, strand=-, nt=[ATGAAGCAGG..TGTCGGGTAG]
22:59:20.536 - INFO - CDS - seq=contig_3, start=258625, stop=259857, strand=+, nt=[GTGGATAGGC..CCATGCTTAG]
22:59:20.536 - INFO - CDS - seq=contig_3, start=259936, stop=261192, strand=-, nt=[ATGGACGCAA..AAAAAATTGA]
22:59:20.536 - INFO - CDS - seq=contig_3, start=261281, stop=262114, strand=-, nt=[ATGGCAAAAC..TTTTCAATAG]
22:59:20.536 - INFO - CDS - seq=contig_3, start=262431, stop=262625, strand=-, nt=[ATGCGCGCGA..TCGGAGTTGA]
22:59:20.536 - INFO - CDS - seq=contig_3, start=262879, stop=263415, strand=-, nt=[ATGCGTCAAT..GCGGCAGTGA]
22:59:20.536 - INFO - CDS - seq=contig_3, start=263604, stop=264827, strand=-, nt=[ATGTTGAAAA..AGTCCAGTAA]
22:59:20.536 - INFO - CDS - seq=contig_3, start=265417, stop=266244, strand=-, nt=[ATGGCTAAGC..CAGGTCATGA]
22:59:20.536 - INFO - CDS - seq=contig_3, start=266251, stop=267810, strand=-, nt=[ATGAATGCCA..GAAAGCCTGA]
22:59:20.536 - INFO - CDS - seq=contig_3, start=267807, stop=269129, strand=-, nt=[ATGCGACTAC..CCACCCATGA]
22:59:20.536 - INFO - CDS - seq=contig_3, start=269131, stop=272136, strand=-, nt=[ATGCCTAAGA..GGCGCGTTAA]
22:59:20.536 - INFO - CDS - seq=contig_3, start=272414, stop=272971, strand=-, nt=[ATGGCTGAAA..CAAAGCTTAA]
22:59:20.536 - INFO - CDS - seq=contig_3, start=273066, stop=274262, strand=-, nt=[ATGCCAGATT..GGCCAAATAA]
22:59:20.536 - INFO - CDS - seq=contig_3, start=274471, stop=275526, strand=+, nt=[ATGCCTTCAA..AACGCATTAA]
22:59:20.536 - INFO - CDS - seq=contig_3, start=275777, stop=276406, strand=+, nt=[ATGCAATTCA..AACTAAGTAA]
22:59:20.536 - INFO - CDS - seq=contig_3, start=276542, stop=276871, strand=+, nt=[ATGCAACCTT..CACAACATGA]
22:59:20.536 - INFO - CDS - seq=contig_3, start=276868, stop=277656, strand=+, nt=[ATGAAAAAGT..AGTATCCTGA]
22:59:20.536 - INFO - CDS - seq=contig_3, start=277709, stop=278497, strand=+, nt=[ATGAAAAAGT..GGCAAATTAA]
22:59:20.536 - INFO - CDS - seq=contig_3, start=278542, stop=278820, strand=-, nt=[ATGAAAAAGC..TTTTAGATGA]
22:59:20.536 - INFO - CDS - seq=contig_3, start=278844, stop=279128, strand=-, nt=[TTGGGTGGAA..TTGGCTTTGA]
22:59:20.536 - INFO - CDS - seq=contig_3, start=279322, stop=279618, strand=-, nt=[ATGAGTATTT..TGGTTACTAA]
22:59:20.536 - INFO - CDS - seq=contig_3, start=279720, stop=281075, strand=-, nt=[ATGACGGCAA..AAGTGATTGA]
22:59:20.536 - INFO - CDS - seq=contig_3, start=281381, stop=281641, strand=-, nt=[ATGGGCGGTG..TAGGGTTTGA]
22:59:20.537 - INFO - CDS - seq=contig_3, start=281765, stop=282076, strand=-, nt=[ATGATTCTCC..CTGTAACTAA]
22:59:20.537 - INFO - CDS - seq=contig_3, start=282289, stop=283668, strand=-, nt=[ATGATTGATC..TCACCAGTAA]
22:59:20.537 - INFO - CDS - seq=contig_3, start=283679, stop=285871, strand=-, nt=[ATGATCAAAT..AAGTGAGTGA]
22:59:20.537 - INFO - CDS - seq=contig_3, start=286337, stop=286477, strand=-, nt=[ATGAAACATC..GTTTAAATAA]
22:59:20.537 - INFO - CDS - seq=contig_3, start=286668, stop=287966, strand=+, nt=[ATGGAAACTT..AGGGAGATGA]
22:59:20.537 - INFO - CDS - seq=contig_3, start=287971, stop=288777, strand=+, nt=[ATGACCAACC..TGATGCTTGA]
22:59:20.537 - INFO - CDS - seq=contig_3, start=289139, stop=289336, strand=-, nt=[ATGATCATAA..AAAGAAATAG]
22:59:20.537 - INFO - CDS - seq=contig_3, start=289882, stop=290121, strand=+, nt=[TTGAAAATGG..AATCTTGTGA]
22:59:20.537 - INFO - CDS - seq=contig_3, start=290381, stop=290563, strand=-, nt=[ATGTACACCA..CAGTTTGTGA]
22:59:20.537 - INFO - CDS - seq=contig_3, start=290589, stop=290777, strand=-, nt=[ATGCAACAAT..TAAAAACTAA]
22:59:20.537 - INFO - CDS - seq=contig_3, start=291099, stop=291323, strand=+, nt=[ATGAATGCAT..ATCAAAATAA]
22:59:20.537 - INFO - CDS - seq=contig_3, start=291355, stop=291525, strand=-, nt=[ATGAGCAACT..TACAAATTAA]
22:59:20.537 - INFO - CDS - seq=contig_3, start=292124, stop=292936, strand=-, nt=[ATGGAAAAGA..AATCAAATAA]
22:59:20.537 - INFO - CDS - seq=contig_3, start=293221, stop=293379, strand=-, nt=[ATGCATCGAA..GGGCATGTAG]
22:59:20.537 - INFO - CDS - seq=contig_3, start=293495, stop=293827, strand=-, nt=[ATGAACATGA..CATTACTTGA]
22:59:20.537 - INFO - CDS - seq=contig_3, start=294079, stop=294270, strand=-, nt=[TTGGCGCTGA..GAGACACTGA]
22:59:20.537 - INFO - CDS - seq=contig_3, start=294583, stop=294918, strand=-, nt=[ATGACAGATA..GGGGCATTAG]
22:59:20.537 - INFO - CDS - seq=contig_3, start=295037, stop=295633, strand=-, nt=[ATGAATCTAG..CATGATCTAA]
22:59:20.537 - INFO - CDS - seq=contig_3, start=295904, stop=296212, strand=-, nt=[ATGGATAAGA..TATGGATTAA]
22:59:20.537 - INFO - CDS - seq=contig_3, start=296348, stop=296563, strand=-, nt=[ATGATAAGTA..CCCAGCCTAA]
22:59:20.537 - INFO - CDS - seq=contig_3, start=296560, stop=296793, strand=-, nt=[ATGTCTTATA..GATGCAATGA]
22:59:20.537 - INFO - CDS - seq=contig_3, start=297027, stop=297980, strand=-, nt=[ATGAAACAAG..TTTGCCGTAA]
22:59:20.537 - INFO - CDS - seq=contig_3, start=298185, stop=298919, strand=+, nt=[TTGACAGTTA..AGAACGTTAA]
22:59:20.537 - INFO - CDS - seq=contig_3, start=298945, stop=300108, strand=+, nt=[ATGTCGGGTT..TCAAGATTAA]
22:59:20.537 - INFO - CDS - seq=contig_3, start=300284, stop=301660, strand=-, nt=[ATGAGCAAAT..AAGAGCGTGA]
22:59:20.537 - INFO - CDS - seq=contig_3, start=301793, stop=302551, strand=-, nt=[ATGGCACAGG..ATTGCACTAA]
22:59:20.537 - INFO - CDS - seq=contig_3, start=302716, stop=302859, strand=-, nt=[ATGTTGACGA..AACCAAATAA]
22:59:20.537 - INFO - CDS - seq=contig_3, start=302843, stop=304450, strand=-, nt=[GTGAGTGATG..CGAACAATGA]
22:59:20.537 - INFO - CDS - seq=contig_3, start=304838, stop=307555, strand=+, nt=[ATGGAAGAAG..ACAAGGATAA]
22:59:20.537 - INFO - CDS - seq=contig_3, start=307855, stop=308220, strand=+, nt=[TTGAAATTGT..TGTTGACTAA]
22:59:20.537 - INFO - CDS - seq=contig_3, start=308374, stop=309747, strand=-, nt=[ATGCACTCTC..AGCGGTATAG]
22:59:20.537 - INFO - CDS - seq=contig_3, start=309787, stop=311316, strand=-, nt=[ATGAAAACCT..GAAAATGTAA]
22:59:20.538 - INFO - CDS - seq=contig_3, start=311562, stop=311753, strand=+, nt=[ATGCAACAAA..CCAGCACTAG]
22:59:20.538 - INFO - CDS - seq=contig_3, start=311882, stop=312520, strand=+, nt=[ATGCAGCAAC..TGACGCTTAA]
22:59:20.538 - INFO - CDS - seq=contig_3, start=312541, stop=312873, strand=+, nt=[ATGGACACAG..CGGCGAATAA]
22:59:20.538 - INFO - CDS - seq=contig_3, start=312994, stop=313935, strand=-, nt=[ATGAAAAAGA..GGCGGAATAA]
22:59:20.538 - INFO - CDS - seq=contig_3, start=313932, stop=314828, strand=-, nt=[ATGACATCAA..TGTTCGATGA]
22:59:20.538 - INFO - CDS - seq=contig_3, start=314825, stop=315568, strand=-, nt=[ATGTTAACAG..GCGCGTATGA]
22:59:20.538 - INFO - CDS - seq=contig_3, start=315845, stop=317311, strand=-, nt=[ATGGCTGAAT..CTTAAAATAA]
22:59:20.538 - INFO - CDS - seq=contig_3, start=317512, stop=317781, strand=-, nt=[TTGGCAAAAA..CAGTTGGTGA]
22:59:20.538 - INFO - CDS - seq=contig_3, start=318190, stop=319107, strand=+, nt=[ATGATGAAGC..CGCAAAATAG]
22:59:20.538 - INFO - CDS - seq=contig_3, start=319347, stop=319988, strand=+, nt=[ATGGCAAATG..CTTCTATTAA]
22:59:20.538 - INFO - CDS - seq=contig_3, start=320106, stop=320738, strand=-, nt=[TTGGCACCCT..GTTTGATTGA]
22:59:20.538 - INFO - CDS - seq=contig_3, start=320895, stop=321419, strand=-, nt=[TTGCGAAGGT..CTCGAAGTAA]
22:59:20.538 - INFO - CDS - seq=contig_3, start=321682, stop=323478, strand=+, nt=[ATGCAAAAGC..TTATCAATAA]
22:59:20.538 - INFO - CDS - seq=contig_3, start=323629, stop=324531, strand=+, nt=[ATGTTCACAC..AACAAACTAG]
22:59:20.538 - INFO - CDS - seq=contig_3, start=324775, stop=324924, strand=+, nt=[ATGTCACTGA..TAAGTTTTGA]
22:59:20.538 - INFO - CDS - seq=contig_3, start=325532, stop=327880, strand=-, nt=[ATGTTATATA..CGCAAAGTAA]
22:59:20.538 - INFO - CDS - seq=contig_3, start=328055, stop=329239, strand=-, nt=[ATGACAAAAC..TAGAGAATAA]
22:59:20.538 - INFO - CDS - seq=contig_3, start=329691, stop=329978, strand=-, nt=[GTGACCGGTA..TATCAACTAG]
22:59:20.538 - INFO - CDS - seq=contig_3, start=330985, stop=331341, strand=-, nt=[ATGGTGATCT..TTTTGCCTAA]
22:59:20.538 - INFO - CDS - seq=contig_3, start=331335, stop=331745, strand=-, nt=[ATGCATCATC..ACAATGGTGA]
22:59:20.538 - INFO - CDS - seq=contig_3, start=331840, stop=331959, strand=+, nt=[ATGCTGCAAT..AATTTATTGA]
22:59:20.538 - INFO - CDS - seq=contig_3, start=332171, stop=332473, strand=-, nt=[ATGATCATGA..GTTGAGGTGA]
22:59:20.538 - INFO - CDS - seq=contig_3, start=332451, stop=332633, strand=-, nt=[ATGCCAGTAA..GCACATTTGA]
22:59:20.538 - INFO - CDS - seq=contig_3, start=333026, stop=333313, strand=-, nt=[TTGAGTGCGA..CAAGGATTAG]
22:59:20.538 - INFO - CDS - seq=contig_3, start=333490, stop=334776, strand=+, nt=[ATGGCACTTT..ATTCGACTAA]
22:59:20.538 - INFO - CDS - seq=contig_3, start=334852, stop=337107, strand=+, nt=[ATGACACAAT..ACTTCTCTAA]
22:59:20.538 - INFO - CDS - seq=contig_3, start=337488, stop=338435, strand=+, nt=[ATGAAGTTCT..AAGCAAGTAA]
22:59:20.538 - INFO - CDS - seq=contig_3, start=338495, stop=339268, strand=+, nt=[ATGTCAGAAA..GGTGTCATAA]
22:59:20.538 - INFO - CDS - seq=contig_3, start=339268, stop=340050, strand=+, nt=[ATGACAGCTC..GCTTCTATGA]
22:59:20.538 - INFO - CDS - seq=contig_3, start=340047, stop=340850, strand=+, nt=[ATGAATCGCT..GTTAGTATAA]
22:59:20.538 - INFO - CDS - seq=contig_3, start=341229, stop=342203, strand=-, nt=[ATGAAGCATA..TAGCGACTGA]
22:59:20.538 - INFO - CDS - seq=contig_3, start=342193, stop=343725, strand=-, nt=[ATGAGCAAAC..TGAAGCATAA]
22:59:20.538 - INFO - CDS - seq=contig_3, start=343682, stop=344914, strand=-, nt=[ATGAAGCAGG..TAATAAATGA]
22:59:20.538 - INFO - CDS - seq=contig_3, start=344911, stop=345612, strand=-, nt=[ATGACTGATC..GACAACATGA]
22:59:20.538 - INFO - CDS - seq=contig_3, start=345609, stop=346424, strand=-, nt=[ATGCAAGAAG..CGAGGCATGA]
22:59:20.538 - INFO - CDS - seq=contig_3, start=346719, stop=347498, strand=-, nt=[ATGACGAGAT..AGGCACGTAA]
22:59:20.538 - INFO - CDS - seq=contig_3, start=347502, stop=348272, strand=-, nt=[ATGACGTTAA..GGGAGGTTAG]
22:59:20.538 - INFO - CDS - seq=contig_3, start=348269, stop=349219, strand=-, nt=[ATGGCGCTTA..CGGCCAATGA]
22:59:20.538 - INFO - CDS - seq=contig_3, start=349694, stop=349942, strand=-, nt=[ATGGGGAAAC..CGGCTTTTAG]
22:59:20.538 - INFO - CDS - seq=contig_3, start=350190, stop=350630, strand=+, nt=[ATGGAAAATG..ATGGCAGTGA]
22:59:20.538 - INFO - CDS - seq=contig_3, start=350609, stop=350995, strand=+, nt=[ATGGCATTGC..TCTCGATTAG]
22:59:20.538 - INFO - CDS - seq=contig_3, start=350997, stop=351956, strand=-, nt=[ATGAAAAGGA..AAACCCATAA]
22:59:20.538 - INFO - CDS - seq=contig_3, start=352326, stop=352649, strand=+, nt=[ATGAAAGCGA..AGGTAACTAA]
22:59:20.538 - INFO - CDS - seq=contig_3, start=352816, stop=353208, strand=-, nt=[GTGGCACAAG..CAAGCGTTAA]
22:59:20.538 - INFO - CDS - seq=contig_3, start=353222, stop=353668, strand=-, nt=[GTGCGTACAA..CTTAATCTAA]
22:59:20.538 - INFO - CDS - seq=contig_3, start=353912, stop=354523, strand=-, nt=[ATGAATCAAC..GCAAGACTGA]
22:59:20.539 - INFO - CDS - seq=contig_3, start=354604, stop=355662, strand=+, nt=[ATGTTTCTTG..AGGCGAATGA]
22:59:20.539 - INFO - CDS - seq=contig_3, start=355664, stop=356374, strand=+, nt=[ATGGCAATTC..TGCCATCTAA]
22:59:20.539 - INFO - CDS - seq=contig_3, start=356548, stop=356769, strand=+, nt=[ATGGCATCAG..CAAGAAGTAA]
22:59:20.539 - INFO - CDS - seq=contig_3, start=357042, stop=357803, strand=+, nt=[ATGACCTATT..TACGCGGTAA]
22:59:20.539 - INFO - CDS - seq=contig_3, start=357898, stop=358641, strand=-, nt=[ATGACGCATT..TTATTATTAG]
22:59:20.539 - INFO - CDS - seq=contig_3, start=358655, stop=359449, strand=-, nt=[GTGGATAAAT..GCGTGCTTAA]
22:59:20.539 - INFO - CDS - seq=contig_3, start=359442, stop=360287, strand=-, nt=[GTGAGCTTTA..GCGTGGATAA]
22:59:20.539 - INFO - CDS - seq=contig_3, start=360284, stop=361120, strand=-, nt=[GTGGGCAACG..GACCATGTGA]
22:59:20.539 - INFO - CDS - seq=contig_3, start=361264, stop=361935, strand=-, nt=[ATGCACAATT..AAGTTTCTAA]
22:59:20.539 - INFO - CDS - seq=contig_3, start=362352, stop=362735, strand=-, nt=[ATGAGTTACC..GCTCGTCTAA]
22:59:20.539 - INFO - CDS - seq=contig_3, start=362757, stop=363695, strand=-, nt=[ATGATCGAAT..AGAAGACTAA]
22:59:20.539 - INFO - CDS - seq=contig_3, start=363770, stop=364159, strand=-, nt=[ATGGCAGGTA..TCGTGTTTAA]
22:59:20.539 - INFO - CDS - seq=contig_3, start=364180, stop=364545, strand=-, nt=[ATGGCTCGTA..GAAAAAATAA]
22:59:20.539 - INFO - CDS - seq=contig_3, start=364579, stop=364695, strand=-, nt=[ATGAAAGTAC..TCAGGGATAA]
22:59:20.539 - INFO - CDS - seq=contig_3, start=364723, stop=364941, strand=-, nt=[GTGGCAAAAG..TTTCAAGTAG]
22:59:20.539 - INFO - CDS - seq=contig_3, start=365085, stop=365741, strand=-, nt=[GTGAATCTCA..GGCAAAGTAA]
22:59:20.539 - INFO - CDS - seq=contig_3, start=365889, stop=367214, strand=-, nt=[ATGCTGAGGA..TAAAAAATAA]
22:59:20.539 - INFO - CDS - seq=contig_3, start=367214, stop=367654, strand=-, nt=[ATGCAATTGC..GGTGATCTAA]
22:59:20.539 - INFO - CDS - seq=contig_3, start=367688, stop=367873, strand=-, nt=[ATGGCTCAAT..CAAGGATTAA]
22:59:20.539 - INFO - CDS - seq=contig_3, start=367885, stop=368388, strand=-, nt=[ATGGCATCAT..AGAAGACTAG]
22:59:20.539 - INFO - CDS - seq=contig_3, start=368411, stop=368770, strand=-, nt=[GTGATTTCTA..CGAATTCTAG]
22:59:20.539 - INFO - CDS - seq=contig_3, start=368808, stop=369338, strand=-, nt=[GTGAGTCGTA..TGGTAAGTAG]
22:59:20.539 - INFO - CDS - seq=contig_3, start=369369, stop=369767, strand=-, nt=[ATGGTCTTGA..CGTTTGGTAA]
22:59:20.539 - INFO - CDS - seq=contig_3, start=369993, stop=370535, strand=-, nt=[ATGGAGAATC..CGCCAAATAA]
22:59:20.539 - INFO - CDS - seq=contig_3, start=370560, stop=370871, strand=-, nt=[ATGAAGTTCA..CGATAAATAA]
22:59:20.539 - INFO - CDS - seq=contig_3, start=370901, stop=371269, strand=-, nt=[GTGATACAAC..AGTACTTTAA]
22:59:20.539 - INFO - CDS - seq=contig_3, start=371301, stop=371564, strand=-, nt=[TTGGCAGAAC..TATCATCTAA]
22:59:20.539 - INFO - CDS - seq=contig_3, start=371585, stop=371779, strand=-, nt=[ATGAAGGCTA..CAATAAATAA]
22:59:20.539 - INFO - CDS - seq=contig_3, start=371769, stop=372203, strand=-, nt=[ATGTTAGTAC..TGAAGGCTAA]
22:59:20.539 - INFO - CDS - seq=contig_3, start=372207, stop=372869, strand=-, nt=[GTGGGTCAAA..AGGGAAATAA]
22:59:20.539 - INFO - CDS - seq=contig_3, start=372883, stop=373236, strand=-, nt=[ATGGCTGATC..AGAAGCATAA]
22:59:20.539 - INFO - CDS - seq=contig_3, start=373254, stop=373535, strand=-, nt=[ATGGGTCGCA..AGCACGCTAG]
22:59:20.539 - INFO - CDS - seq=contig_3, start=373575, stop=374411, strand=-, nt=[GTGGCGATTA..AGCGAAGTAA]
22:59:20.539 - INFO - CDS - seq=contig_3, start=374440, stop=374742, strand=-, nt=[ATGGAAGCAC..TAAAAAGTAA]
22:59:20.539 - INFO - CDS - seq=contig_3, start=374742, stop=375365, strand=-, nt=[ATGGCTAACG..GCTTGCATAA]
22:59:20.539 - INFO - CDS - seq=contig_3, start=375388, stop=376020, strand=-, nt=[ATGGCACGTA..AGCTAAATAA]
22:59:20.539 - INFO - CDS - seq=contig_3, start=376046, stop=376354, strand=-, nt=[ATGGCAAAAC..TAAATTATAA]
22:59:20.539 - INFO - CDS - seq=contig_3, start=376679, stop=377116, strand=+, nt=[ATGAAATTTG..ACACTTTTAA]
22:59:20.539 - INFO - CDS - seq=contig_3, start=377259, stop=377822, strand=-, nt=[ATGAGCTATA..CAAGATTTAA]
22:59:20.539 - INFO - CDS - seq=contig_3, start=378102, stop=379136, strand=-, nt=[GTGTCGAGTC..GTATTTATAG]
22:59:20.539 - INFO - CDS - seq=contig_3, start=379318, stop=381420, strand=-, nt=[ATGGCCAACA..CAAAGACTAG]
22:59:20.540 - INFO - CDS - seq=contig_3, start=381510, stop=381980, strand=-, nt=[ATGCCACGTA..TCGTTGGTAA]
22:59:20.540 - INFO - CDS - seq=contig_3, start=382178, stop=382594, strand=-, nt=[ATGCCTACTA..GAAGAAGTAA]
22:59:20.540 - INFO - CDS - seq=contig_3, start=383325, stop=391499, strand=-, nt=[ATGAGGGAGT..GCGATCATAA]
22:59:20.540 - INFO - CDS - seq=contig_3, start=391887, stop=392381, strand=+, nt=[ATGCTAATAA..CGGACTATAA]
22:59:20.540 - INFO - CDS - seq=contig_3, start=392572, stop=396234, strand=-, nt=[TTGATTGATG..CAAAAAGTAA]
22:59:20.540 - INFO - CDS - seq=contig_3, start=396247, stop=399831, strand=-, nt=[GTGAATTATG..TAAGAAATAG]
22:59:20.540 - INFO - CDS - seq=contig_3, start=400176, stop=402683, strand=-, nt=[ATGGACAACT..TAAAGCCTAG]
22:59:20.540 - INFO - CDS - seq=contig_3, start=402723, stop=403190, strand=-, nt=[ATGCAGCGTG..TGAAAGATGA]
22:59:20.540 - INFO - CDS - seq=contig_3, start=403873, stop=404076, strand=-, nt=[TTGGGAGAGC..TGGTTTTTGA]
22:59:20.540 - INFO - CDS - seq=contig_4, start=597, stop=1070, strand=-, frame=2, truncated=no, start-type=ATG, RBS-motif=AGGA/GGAG/GAGG
22:59:20.540 - INFO - CDS - seq=contig_4, start=1196, stop=2329, strand=-, frame=3, truncated=no, start-type=ATG, RBS-motif=AGGAGG
22:59:20.540 - INFO - CDS - seq=contig_4, start=2821, stop=3282, strand=+, frame=1, truncated=no, start-type=ATG, RBS-motif=GGAGG
22:59:20.540 - INFO - CDS - seq=contig_4, start=3292, stop=3945, strand=+, frame=1, truncated=no, start-type=ATG, RBS-motif=AGGAGG
22:59:20.540 - INFO - CDS - seq=contig_4, start=3955, stop=4800, strand=-, frame=1, truncated=no, start-type=ATG, RBS-motif=AGGAG
22:59:20.540 - INFO - CDS - seq=contig_4, start=4797, stop=5774, strand=-, frame=2, truncated=no, start-type=ATG, RBS-motif=None
22:59:20.540 - INFO - CDS - seq=contig_4, start=5963, stop=6787, strand=+, frame=2, truncated=no, start-type=ATG, RBS-motif=AGGAGG
22:59:20.540 - INFO - CDS - seq=contig_4, start=6931, stop=7404, strand=+, frame=1, truncated=no, start-type=ATG, RBS-motif=GGAG/GAGG
22:59:20.540 - INFO - CDS - seq=contig_4, start=7414, stop=8346, strand=-, frame=1, truncated=no, start-type=GTG, RBS-motif=GGAGG
22:59:20.540 - INFO - CDS - seq=contig_4, start=8468, stop=8926, strand=+, frame=2, truncated=no, start-type=ATG, RBS-motif=GGAGG
22:59:20.540 - INFO - CDS - seq=contig_4, start=9014, stop=9682, strand=-, frame=3, truncated=no, start-type=ATG, RBS-motif=AGxAGG/AGGxGG
22:59:20.540 - INFO - CDS - seq=contig_4, start=9800, stop=10954, strand=-, frame=3, truncated=no, start-type=ATG, RBS-motif=GGAGG
22:59:20.540 - INFO - CDS - seq=contig_4, start=10984, stop=11505, strand=-, frame=1, truncated=no, start-type=ATG, RBS-motif=AGGAG
22:59:20.540 - INFO - CDS - seq=contig_4, start=11773, stop=12120, strand=-, frame=1, truncated=no, start-type=ATG, RBS-motif=GGAGG
22:59:20.540 - INFO - CDS - seq=contig_4, start=12172, stop=13095, strand=-, frame=1, truncated=no, start-type=ATG, RBS-motif=AGxAG
22:59:20.540 - INFO - CDS - seq=contig_4, start=13273, stop=15621, strand=+, frame=1, truncated=no, start-type=ATG, RBS-motif=GGAGG
22:59:20.540 - INFO - CDS - seq=contig_4, start=15724, stop=16173, strand=+, frame=1, truncated=no, start-type=ATG, RBS-motif=GGAG/GAGG
22:59:20.540 - INFO - CDS - seq=contig_4, start=16201, stop=16935, strand=+, frame=1, truncated=no, start-type=ATG, RBS-motif=AGxAG
22:59:20.540 - INFO - CDS - seq=contig_4, start=17118, stop=17468, strand=-, frame=2, truncated=no, start-type=ATG, RBS-motif=AGGA/GGAG/GAGG
22:59:20.540 - INFO - CDS - seq=contig_4, start=17613, stop=19424, strand=+, frame=3, truncated=no, start-type=ATG, RBS-motif=AGGAGG
22:59:20.541 - INFO - CDS - seq=contig_4, start=19830, stop=20321, strand=-, frame=2, truncated=no, start-type=ATG, RBS-motif=AGGAGG
22:59:20.541 - INFO - CDS - seq=contig_4, start=20595, stop=21092, strand=+, frame=3, truncated=no, start-type=TTG, RBS-motif=AGGAG
22:59:20.541 - INFO - CDS - seq=contig_4, start=21137, stop=22123, strand=-, frame=3, truncated=no, start-type=TTG, RBS-motif=GGxGG
22:59:20.541 - INFO - CDS - seq=contig_4, start=22127, stop=23794, strand=-, frame=3, truncated=no, start-type=TTG, RBS-motif=AGGAG
22:59:20.541 - INFO - CDS - seq=contig_4, start=24246, stop=25121, strand=+, frame=3, truncated=no, start-type=TTG, RBS-motif=GGAGG
22:59:20.541 - INFO - CDS - seq=contig_4, start=25346, stop=26281, strand=-, frame=3, truncated=no, start-type=ATG, RBS-motif=GGAG/GAGG
22:59:20.541 - INFO - CDS - seq=contig_4, start=26491, stop=26841, strand=+, frame=1, truncated=no, start-type=TTG, RBS-motif=GGAG/GAGG
22:59:20.541 - INFO - CDS - seq=contig_4, start=26849, stop=27409, strand=+, frame=2, truncated=no, start-type=ATG, RBS-motif=GGAG/GAGG
22:59:20.541 - INFO - CDS - seq=contig_4, start=27504, stop=28412, strand=+, frame=3, truncated=no, start-type=ATG, RBS-motif=AGGAGG
22:59:20.541 - INFO - CDS - seq=contig_4, start=28674, stop=29291, strand=+, frame=3, truncated=no, start-type=ATG, RBS-motif=GGAGG
22:59:20.541 - INFO - CDS - seq=contig_4, start=29314, stop=30261, strand=+, frame=1, truncated=no, start-type=TTG, RBS-motif=AGGAG
22:59:20.541 - INFO - CDS - seq=contig_4, start=30275, stop=30748, strand=+, frame=2, truncated=no, start-type=ATG, RBS-motif=AGGAG
22:59:20.541 - INFO - CDS - seq=contig_4, start=30879, stop=31505, strand=-, frame=2, truncated=no, start-type=ATG, RBS-motif=AGxAGG/AGGxGG
22:59:20.541 - INFO - CDS - seq=contig_4, start=31634, stop=31828, strand=-, frame=3, truncated=no, start-type=ATG, RBS-motif=AGGAG
22:59:20.541 - INFO - CDS - seq=contig_4, start=32333, stop=33499, strand=+, frame=2, truncated=no, start-type=TTG, RBS-motif=AGGAGG
22:59:20.541 - INFO - CDS - seq=contig_4, start=33492, stop=33971, strand=+, frame=3, truncated=no, start-type=ATG, RBS-motif=AGGAG
22:59:20.541 - INFO - CDS - seq=contig_4, start=34110, stop=34472, strand=-, frame=2, truncated=no, start-type=GTG, RBS-motif=AGGAGG
22:59:20.541 - INFO - CDS - seq=contig_4, start=34453, stop=34611, strand=-, frame=1, truncated=no, start-type=ATG, RBS-motif=AGGA
22:59:20.541 - INFO - CDS - seq=contig_4, start=34725, stop=35747, strand=+, frame=3, truncated=no, start-type=ATG, RBS-motif=GGA/GAG/AGG
22:59:20.541 - INFO - CDS - seq=contig_4, start=35807, stop=36106, strand=-, frame=3, truncated=no, start-type=ATG, RBS-motif=AGGAGG
22:59:20.541 - INFO - CDS - seq=contig_4, start=36262, stop=36567, strand=+, frame=1, truncated=no, start-type=ATG, RBS-motif=AGGAGG
22:59:20.541 - INFO - CDS - seq=contig_4, start=36728, stop=37066, strand=+, frame=2, truncated=no, start-type=GTG, RBS-motif=GGAGG
22:59:20.541 - INFO - CDS - seq=contig_4, start=37084, stop=38124, strand=+, frame=1, truncated=no, start-type=ATG, RBS-motif=GGAGG
22:59:20.541 - INFO - CDS - seq=contig_4, start=38646, stop=39752, strand=-, frame=2, truncated=no, start-type=ATG, RBS-motif=GGAG/GAGG
22:59:20.541 - INFO - CDS - seq=contig_4, start=39822, stop=40481, strand=-, frame=2, truncated=no, start-type=ATG, RBS-motif=GGAG/GAGG
22:59:20.541 - INFO - CDS - seq=contig_4, start=40526, stop=41371, strand=-, frame=3, truncated=no, start-type=ATG, RBS-motif=AGGAG
22:59:20.541 - INFO - CDS - seq=contig_4, start=41447, stop=42307, strand=-, frame=3, truncated=no, start-type=ATG, RBS-motif=AGGAGG
22:59:20.541 - INFO - CDS - seq=contig_4, start=42508, stop=43992, strand=+, frame=1, truncated=no, start-type=ATG, RBS-motif=GGAG/GAGG
22:59:20.542 - INFO - CDS - seq=contig_4, start=44085, stop=44465, strand=+, frame=3, truncated=no, start-type=ATG, RBS-motif=AGGAG
22:59:20.542 - INFO - CDS - seq=contig_4, start=44581, stop=45876, strand=-, frame=1, truncated=no, start-type=ATG, RBS-motif=GGAGG
22:59:20.542 - INFO - CDS - seq=contig_4, start=45873, stop=46544, strand=-, frame=2, truncated=no, start-type=GTG, RBS-motif=GGA/GAG/AGG
22:59:20.542 - INFO - CDS - seq=contig_4, start=46726, stop=47133, strand=+, frame=1, truncated=no, start-type=ATG, RBS-motif=AGxAGG/AGGxGG
22:59:20.542 - INFO - CDS - seq=contig_4, start=47120, stop=49270, strand=+, frame=2, truncated=no, start-type=ATG, RBS-motif=GGAG/GAGG
22:59:20.542 - INFO - CDS - seq=contig_4, start=49306, stop=50283, strand=+, frame=1, truncated=no, start-type=ATG, RBS-motif=AGGAG
22:59:20.542 - INFO - CDS - seq=contig_4, start=50522, stop=53185, strand=+, frame=2, truncated=no, start-type=ATG, RBS-motif=AGGA
22:59:20.542 - INFO - CDS - seq=contig_4, start=53295, stop=54254, strand=+, frame=3, truncated=no, start-type=ATG, RBS-motif=AGGAGG
22:59:20.542 - INFO - CDS - seq=contig_4, start=54482, stop=55285, strand=-, frame=3, truncated=no, start-type=ATG, RBS-motif=AGGAGG
22:59:20.542 - INFO - CDS - seq=contig_4, start=55288, stop=56259, strand=-, frame=1, truncated=no, start-type=ATG, RBS-motif=AGGAG
22:59:20.542 - INFO - CDS - seq=contig_4, start=56462, stop=57430, strand=-, frame=3, truncated=no, start-type=ATG, RBS-motif=AGGAGG
22:59:20.542 - INFO - CDS - seq=contig_4, start=57989, stop=58945, strand=-, frame=3, truncated=no, start-type=ATG, RBS-motif=AGGAGG
22:59:20.542 - INFO - CDS - seq=contig_4, start=59428, stop=61815, strand=-, frame=1, truncated=no, start-type=ATG, RBS-motif=GGAG/GAGG
22:59:20.542 - INFO - CDS - seq=contig_4, start=62533, stop=63183, strand=-, frame=1, truncated=no, start-type=ATG, RBS-motif=GGAG/GAGG
22:59:20.542 - INFO - CDS - seq=contig_4, start=63413, stop=64243, strand=+, frame=2, truncated=no, start-type=ATG, RBS-motif=GGAG/GAGG
22:59:20.542 - INFO - CDS - seq=contig_4, start=64236, stop=65297, strand=+, frame=3, truncated=no, start-type=ATG, RBS-motif=AGGAGG
22:59:20.542 - INFO - CDS - seq=contig_4, start=65471, stop=66292, strand=+, frame=2, truncated=no, start-type=GTG, RBS-motif=AGGAGG
22:59:20.542 - INFO - CDS - seq=contig_4, start=66364, stop=66996, strand=-, frame=1, truncated=no, start-type=ATG, RBS-motif=AGGAGG
22:59:20.542 - INFO - CDS - seq=contig_4, start=67229, stop=67753, strand=-, frame=3, truncated=no, start-type=ATG, RBS-motif=AGGAG
22:59:20.542 - INFO - CDS - seq=contig_4, start=67831, stop=68010, strand=-, frame=1, truncated=no, start-type=ATG, RBS-motif=GGA/GAG/AGG
22:59:20.542 - INFO - CDS - seq=contig_4, start=68007, stop=68675, strand=-, frame=2, truncated=no, start-type=GTG, RBS-motif=AGGA
22:59:20.542 - INFO - CDS - seq=contig_4, start=68678, stop=69463, strand=-, frame=3, truncated=no, start-type=TTG, RBS-motif=GGAG/GAGG
22:59:20.542 - INFO - CDS - seq=contig_4, start=69674, stop=70762, strand=-, frame=3, truncated=no, start-type=ATG, RBS-motif=None
22:59:20.542 - INFO - CDS - seq=contig_4, start=71120, stop=71353, strand=+, frame=2, truncated=no, start-type=ATG, RBS-motif=GGAG/GAGG
22:59:20.542 - INFO - CDS - seq=contig_4, start=71347, stop=71823, strand=-, frame=1, truncated=no, start-type=ATG, RBS-motif=AGGA/GGAG/GAGG
22:59:20.542 - INFO - CDS - seq=contig_4, start=72402, stop=72545, strand=-, frame=2, truncated=no, start-type=ATG, RBS-motif=GGAG/GAGG
22:59:20.542 - INFO - CDS - seq=contig_4, start=72644, stop=75769, strand=-, frame=3, truncated=no, start-type=ATG, RBS-motif=AGGAG
22:59:20.543 - INFO - CDS - seq=contig_4, start=75769, stop=76890, strand=-, frame=1, truncated=no, start-type=ATG, RBS-motif=GGA/GAG/AGG
22:59:20.543 - INFO - CDS - seq=contig_4, start=76951, stop=77577, strand=+, frame=1, truncated=no, start-type=ATG, RBS-motif=GGAGG
22:59:20.543 - INFO - CDS - seq=contig_4, start=78023, stop=78799, strand=+, frame=2, truncated=no, start-type=ATG, RBS-motif=GGAG/GAGG
22:59:20.543 - INFO - CDS - seq=contig_4, start=78804, stop=79232, strand=+, frame=3, truncated=no, start-type=ATG, RBS-motif=AGGAG
22:59:20.543 - INFO - CDS - seq=contig_4, start=79277, stop=79795, strand=+, frame=2, truncated=no, start-type=ATG, RBS-motif=AGGA/GGAG/GAGG
22:59:20.543 - INFO - CDS - seq=contig_4, start=79834, stop=80835, strand=+, frame=1, truncated=no, start-type=ATG, RBS-motif=AGGAGG
22:59:20.543 - INFO - CDS - seq=contig_4, start=80950, stop=81888, strand=+, frame=1, truncated=no, start-type=ATG, RBS-motif=GGAGG
22:59:20.543 - INFO - CDS - seq=contig_4, start=81910, stop=82590, strand=+, frame=1, truncated=no, start-type=ATG, RBS-motif=AGxAG
22:59:20.543 - INFO - CDS - seq=contig_4, start=83034, stop=83228, strand=+, frame=3, truncated=no, start-type=ATG, RBS-motif=GGAGG
22:59:20.543 - INFO - CDS - seq=contig_4, start=83439, stop=84890, strand=-, frame=2, truncated=no, start-type=ATG, RBS-motif=AGGAG/GGAGG
22:59:20.543 - INFO - CDS - seq=contig_4, start=84946, stop=85254, strand=-, frame=1, truncated=no, start-type=ATG, RBS-motif=AGGAGG
22:59:20.543 - INFO - CDS - seq=contig_4, start=85269, stop=85763, strand=-, frame=2, truncated=no, start-type=ATG, RBS-motif=AGGAG
22:59:20.543 - INFO - CDS - seq=contig_4, start=86068, stop=86787, strand=-, frame=1, truncated=no, start-type=ATG, RBS-motif=AGGAG
22:59:20.543 - INFO - CDS - seq=contig_4, start=87014, stop=88024, strand=-, frame=3, truncated=no, start-type=ATG, RBS-motif=AGGAGG
22:59:20.543 - INFO - CDS - seq=contig_4, start=88173, stop=89168, strand=-, frame=2, truncated=no, start-type=ATG, RBS-motif=GGAG/GAGG
22:59:20.543 - INFO - CDS - seq=contig_4, start=89222, stop=90682, strand=-, frame=3, truncated=no, start-type=TTG, RBS-motif=4Base/6BMM
22:59:20.543 - INFO - CDS - seq=contig_4, start=90679, stop=91674, strand=-, frame=1, truncated=no, start-type=ATG, RBS-motif=GGAG/GAGG
22:59:20.543 - INFO - CDS - seq=contig_4, start=91769, stop=92935, strand=-, frame=3, truncated=no, start-type=GTG, RBS-motif=AGGAGG
22:59:20.543 - INFO - CDS - seq=contig_4, start=93258, stop=93980, strand=+, frame=3, truncated=no, start-type=ATG, RBS-motif=AGGAGG
22:59:20.543 - INFO - CDS - seq=contig_4, start=94242, stop=95759, strand=+, frame=3, truncated=no, start-type=GTG, RBS-motif=AGxAGG/AGGxGG
22:59:20.543 - INFO - CDS - seq=contig_4, start=95815, stop=97668, strand=+, frame=1, truncated=no, start-type=ATG, RBS-motif=AGGAG
22:59:20.543 - INFO - CDS - seq=contig_4, start=97683, stop=98390, strand=+, frame=3, truncated=no, start-type=ATG, RBS-motif=GGAG/GAGG
22:59:20.543 - INFO - CDS - seq=contig_4, start=98501, stop=99082, strand=-, frame=3, truncated=no, start-type=GTG, RBS-motif=AGGAGG
22:59:20.543 - INFO - CDS - seq=contig_4, start=99079, stop=100755, strand=-, frame=1, truncated=no, start-type=ATG, RBS-motif=AGxAG
22:59:20.543 - INFO - CDS - seq=contig_4, start=101226, stop=102875, strand=-, frame=2, truncated=no, start-type=TTG, RBS-motif=GGAG/GAGG
22:59:20.543 - INFO - CDS - seq=contig_4, start=103863, stop=104552, strand=+, frame=3, truncated=no, start-type=ATG, RBS-motif=GGAGG
22:59:20.544 - INFO - CDS - seq=contig_4, start=105077, stop=105781, strand=+, frame=2, truncated=no, start-type=ATG, RBS-motif=GGAGG
22:59:20.544 - INFO - CDS - seq=contig_4, start=105950, stop=106099, strand=+, frame=2, truncated=no, start-type=ATG, RBS-motif=GGAGG
22:59:20.544 - INFO - CDS - seq=contig_4, start=106528, stop=106737, strand=+, frame=1, truncated=no, start-type=ATG, RBS-motif=AGxAG
22:59:20.544 - INFO - CDS - seq=contig_4, start=106762, stop=107037, strand=+, frame=1, truncated=no, start-type=ATG, RBS-motif=None
22:59:20.544 - INFO - CDS - seq=contig_4, start=107260, stop=107418, strand=+, frame=1, truncated=no, start-type=ATG, RBS-motif=AGGAG
22:59:20.544 - INFO - CDS - seq=contig_4, start=107545, stop=107745, strand=+, frame=1, truncated=no, start-type=ATG, RBS-motif=AGxAG
22:59:20.544 - INFO - CDS - seq=contig_4, start=107880, stop=108068, strand=+, frame=3, truncated=no, start-type=ATG, RBS-motif=GGAG/GAGG
22:59:20.544 - INFO - CDS - seq=contig_4, start=108592, stop=108780, strand=+, frame=1, truncated=no, start-type=ATG, RBS-motif=AGxAGG/AGGxGG
22:59:20.544 - INFO - CDS - seq=contig_4, start=108953, stop=109474, strand=-, frame=3, truncated=no, start-type=GTG, RBS-motif=GGA/GAG/AGG
22:59:20.544 - INFO - CDS - seq=contig_4, start=109538, stop=109768, strand=-, frame=3, truncated=no, start-type=ATG, RBS-motif=GGA/GAG/AGG
22:59:20.544 - INFO - CDS - seq=contig_4, start=110157, stop=110975, strand=+, frame=3, truncated=no, start-type=TTG, RBS-motif=GGAGG
22:59:20.544 - INFO - CDS - seq=contig_4, start=110983, stop=111654, strand=-, frame=1, truncated=no, start-type=TTG, RBS-motif=GGA/GAG/AGG
22:59:20.544 - INFO - CDS - seq=contig_4, start=111784, stop=112725, strand=+, frame=1, truncated=no, start-type=ATG, RBS-motif=GGAGG
22:59:20.544 - INFO - CDS - seq=contig_4, start=113128, stop=114444, strand=+, frame=1, truncated=no, start-type=ATG, RBS-motif=AGxAGG/AGGxGG
22:59:20.544 - INFO - CDS - seq=contig_4, start=114682, stop=115590, strand=+, frame=1, truncated=no, start-type=ATG, RBS-motif=AGGAGG
22:59:20.544 - INFO - CDS - seq=contig_4, start=115815, stop=116141, strand=+, frame=3, truncated=no, start-type=ATG, RBS-motif=AGGAG
22:59:20.544 - INFO - CDS - seq=contig_4, start=116352, stop=117020, strand=+, frame=3, truncated=no, start-type=ATG, RBS-motif=AGGA
22:59:20.544 - INFO - CDS - seq=contig_4, start=117013, stop=117792, strand=+, frame=1, truncated=no, start-type=ATG, RBS-motif=AGGAG/GGAGG
22:59:20.544 - INFO - CDS - seq=contig_4, start=118023, stop=118916, strand=+, frame=3, truncated=no, start-type=ATG, RBS-motif=AGxAGG/AGGxGG
22:59:20.544 - INFO - CDS - seq=contig_4, start=118916, stop=119782, strand=+, frame=2, truncated=no, start-type=ATG, RBS-motif=AGGAG
22:59:20.544 - INFO - CDS - seq=contig_4, start=119834, stop=120286, strand=+, frame=2, truncated=no, start-type=ATG, RBS-motif=AGGAG
22:59:20.544 - INFO - CDS - seq=contig_4, start=120297, stop=120704, strand=+, frame=3, truncated=no, start-type=ATG, RBS-motif=AGxAGG/AGGxGG
22:59:20.544 - INFO - CDS - seq=contig_4, start=121126, stop=123108, strand=+, frame=1, truncated=no, start-type=TTG, RBS-motif=AGGA/GGAG/GAGG
22:59:20.544 - INFO - CDS - seq=contig_4, start=123201, stop=125432, strand=-, frame=2, truncated=no, start-type=TTG, RBS-motif=GGAG/GAGG
22:59:20.544 - INFO - CDS - seq=contig_4, start=125670, stop=127025, strand=+, frame=3, truncated=no, start-type=ATG, RBS-motif=AGxAG
22:59:20.544 - INFO - CDS - seq=contig_4, start=127204, stop=128049, strand=+, frame=1, truncated=no, start-type=ATG, RBS-motif=AGGAG
22:59:20.544 - INFO - CDS - seq=contig_4, start=128541, stop=129164, strand=+, frame=3, truncated=no, start-type=TTG, RBS-motif=AGGA
22:59:20.544 - INFO - CDS - seq=contig_4, start=129515, stop=130996, strand=+, frame=2, truncated=no, start-type=ATG, RBS-motif=AGGA
22:59:20.545 - INFO - CDS - seq=contig_4, start=131196, stop=131636, strand=+, frame=3, truncated=no, start-type=ATG, RBS-motif=AGGA
22:59:20.545 - INFO - CDS - seq=contig_4, start=131788, stop=132225, strand=+, frame=1, truncated=no, start-type=ATG, RBS-motif=GGAGG
22:59:20.545 - INFO - CDS - seq=contig_4, start=132389, stop=132589, strand=-, frame=3, truncated=no, start-type=ATG, RBS-motif=AGGAG
22:59:20.545 - INFO - CDS - seq=contig_4, start=132762, stop=134102, strand=-, frame=2, truncated=no, start-type=ATG, RBS-motif=AGxAGG/AGGxGG
22:59:20.545 - INFO - CDS - seq=contig_4, start=134384, stop=135322, strand=+, frame=2, truncated=no, start-type=ATG, RBS-motif=AGGAGG
22:59:20.545 - INFO - CDS - seq=contig_4, start=135448, stop=136923, strand=-, frame=1, truncated=no, start-type=ATG, RBS-motif=GGAGG
22:59:20.545 - INFO - CDS - seq=contig_4, start=137144, stop=138448, strand=-, frame=3, truncated=no, start-type=ATG, RBS-motif=AGGAGG
22:59:20.545 - INFO - CDS - seq=contig_4, start=138788, stop=140791, strand=-, frame=3, truncated=no, start-type=ATG, RBS-motif=AGxAGG/AGGxGG
22:59:20.545 - INFO - CDS - seq=contig_4, start=140882, stop=142528, strand=-, frame=3, truncated=no, start-type=ATG, RBS-motif=GGA/GAG/AGG
22:59:20.545 - INFO - CDS - seq=contig_4, start=142752, stop=143468, strand=-, frame=2, truncated=no, start-type=ATG, RBS-motif=GGAGG
22:59:20.545 - INFO - CDS - seq=contig_4, start=143754, stop=144998, strand=-, frame=2, truncated=no, start-type=ATG, RBS-motif=GGAGG
22:59:20.545 - INFO - CDS - seq=contig_4, start=145160, stop=146941, strand=-, frame=3, truncated=no, start-type=ATG, RBS-motif=AGxAGG/AGGxGG
22:59:20.545 - INFO - CDS - seq=contig_4, start=146946, stop=148664, strand=-, frame=2, truncated=no, start-type=ATG, RBS-motif=AGGAG
22:59:20.545 - INFO - CDS - seq=contig_4, start=149799, stop=152084, strand=+, frame=3, truncated=no, start-type=ATG, RBS-motif=AGGAGG
22:59:20.545 - INFO - CDS - seq=contig_4, start=152062, stop=152934, strand=+, frame=1, truncated=no, start-type=ATG, RBS-motif=AGGA
22:59:20.545 - INFO - CDS - seq=contig_4, start=153317, stop=154141, strand=+, frame=2, truncated=no, start-type=GTG, RBS-motif=AGGA
22:59:20.545 - INFO - CDS - seq=contig_4, start=154189, stop=154737, strand=+, frame=1, truncated=no, start-type=ATG, RBS-motif=GGAGG
22:59:20.545 - INFO - CDS - seq=contig_4, start=154989, stop=155783, strand=+, frame=3, truncated=no, start-type=ATG, RBS-motif=AGGAGG
22:59:20.545 - INFO - CDS - seq=contig_4, start=155770, stop=157497, strand=+, frame=1, truncated=no, start-type=ATG, RBS-motif=GGxGG
22:59:20.545 - INFO - CDS - seq=contig_4, start=157665, stop=158639, strand=+, frame=3, truncated=no, start-type=ATG, RBS-motif=AGGA
22:59:20.545 - INFO - CDS - seq=contig_4, start=158715, stop=160736, strand=-, frame=2, truncated=no, start-type=ATG, RBS-motif=AGGAGG
22:59:20.545 - INFO - CDS - seq=contig_4, start=160901, stop=161602, strand=-, frame=3, truncated=no, start-type=ATG, RBS-motif=AGxAGG/AGGxGG
22:59:20.545 - INFO - CDS - seq=contig_4, start=161586, stop=161945, strand=-, frame=2, truncated=no, start-type=ATG, RBS-motif=AGxAGG/AGGxGG
22:59:20.545 - INFO - CDS - seq=contig_4, start=162099, stop=162800, strand=-, frame=2, truncated=no, start-type=ATG, RBS-motif=AGGAGG
22:59:20.545 - INFO - CDS - seq=contig_4, start=163639, stop=165636, strand=-, frame=1, truncated=no, start-type=ATG, RBS-motif=GGAGG
22:59:20.546 - INFO - CDS - seq=contig_4, start=165633, stop=166010, strand=-, frame=2, truncated=no, start-type=ATG, RBS-motif=AGGAGG
22:59:20.546 - INFO - CDS - seq=contig_4, start=165991, stop=167010, strand=-, frame=1, truncated=no, start-type=ATG, RBS-motif=GGxGG
22:59:20.546 - INFO - CDS - seq=contig_4, start=167078, stop=167743, strand=-, frame=3, truncated=no, start-type=ATG, RBS-motif=GGAGG
22:59:20.546 - INFO - CDS - seq=contig_4, start=168834, stop=170222, strand=+, frame=3, truncated=no, start-type=ATG, RBS-motif=GGAGG
22:59:20.546 - INFO - CDS - seq=contig_4, start=170496, stop=171407, strand=-, frame=2, truncated=no, start-type=ATG, RBS-motif=AGGAGG
22:59:20.546 - INFO - CDS - seq=contig_4, start=172355, stop=173068, strand=+, frame=2, truncated=no, start-type=ATG, RBS-motif=AGGAGG
22:59:20.546 - INFO - CDS - seq=contig_4, start=173100, stop=173912, strand=+, frame=3, truncated=no, start-type=ATG, RBS-motif=AGGA
22:59:20.546 - INFO - CDS - seq=contig_4, start=174014, stop=175150, strand=+, frame=2, truncated=no, start-type=ATG, RBS-motif=AGGAGG
22:59:20.546 - INFO - CDS - seq=contig_4, start=175415, stop=175960, strand=+, frame=2, truncated=no, start-type=ATG, RBS-motif=GGAG/GAGG
22:59:20.546 - INFO - CDS - seq=contig_4, start=176150, stop=177079, strand=-, frame=3, truncated=no, start-type=ATG, RBS-motif=GGAGG
22:59:20.546 - INFO - CDS - seq=contig_4, start=177113, stop=177928, strand=-, frame=3, truncated=no, start-type=TTG, RBS-motif=AGGAGG
22:59:20.546 - INFO - CDS - seq=contig_4, start=178369, stop=179268, strand=-, frame=1, truncated=no, start-type=ATG, RBS-motif=AGGAG
22:59:20.546 - INFO - CDS - seq=contig_4, start=179287, stop=180504, strand=-, frame=1, truncated=no, start-type=ATG, RBS-motif=AGGAG/GGAGG
22:59:20.546 - INFO - CDS - seq=contig_4, start=180781, stop=181677, strand=-, frame=1, truncated=no, start-type=ATG, RBS-motif=GGAGG
22:59:20.546 - INFO - CDS - seq=contig_4, start=181774, stop=182607, strand=-, frame=1, truncated=no, start-type=ATG, RBS-motif=AGGAG
22:59:20.546 - INFO - CDS - seq=contig_4, start=182624, stop=183490, strand=-, frame=3, truncated=no, start-type=ATG, RBS-motif=GGAGG
22:59:20.546 - INFO - CDS - seq=contig_4, start=183645, stop=184538, strand=+, frame=3, truncated=no, start-type=ATG, RBS-motif=AGGAGG
22:59:20.546 - INFO - CDS - seq=contig_4, start=184717, stop=185244, strand=+, frame=1, truncated=no, start-type=ATG, RBS-motif=AGGAGG
22:59:20.546 - INFO - CDS - seq=contig_4, start=185330, stop=186772, strand=-, frame=3, truncated=no, start-type=GTG, RBS-motif=GGAGG
22:59:20.546 - INFO - CDS - seq=contig_4, start=187379, stop=189913, strand=-, frame=3, truncated=no, start-type=ATG, RBS-motif=AGGAGG
22:59:20.546 - INFO - CDS - seq=contig_4, start=190338, stop=195839, strand=+, frame=3, truncated=no, start-type=ATG, RBS-motif=GGA/GAG/AGG
22:59:20.546 - INFO - CDS - seq=contig_4, start=196381, stop=203076, strand=+, frame=1, truncated=no, start-type=ATG, RBS-motif=GGAGG
22:59:20.546 - INFO - CDS - seq=contig_4, start=203266, stop=203895, strand=-, frame=1, truncated=no, start-type=ATG, RBS-motif=AGGAGG
22:59:20.546 - INFO - CDS - seq=contig_4, start=203834, stop=204982, strand=-, frame=3, truncated=no, start-type=ATG, RBS-motif=AGGAGG
22:59:20.547 - INFO - CDS - seq=contig_4, start=204979, stop=205860, strand=-, frame=1, truncated=no, start-type=ATG, RBS-motif=AGGAGG
22:59:20.547 - INFO - CDS - seq=contig_4, start=205963, stop=207078, strand=-, frame=1, truncated=no, start-type=ATG, RBS-motif=GGAG/GAGG
22:59:20.547 - INFO - CDS - seq=contig_4, start=207066, stop=207764, strand=-, frame=2, truncated=no, start-type=ATG, RBS-motif=GGAGG
22:59:20.547 - INFO - CDS - seq=contig_4, start=208060, stop=209676, strand=-, frame=1, truncated=no, start-type=ATG, RBS-motif=GGAG/GAGG
22:59:20.547 - INFO - CDS - seq=contig_4, start=209669, stop=210403, strand=-, frame=3, truncated=no, start-type=ATG, RBS-motif=AGxAGG/AGGxGG
22:59:20.547 - INFO - CDS - seq=contig_4, start=210594, stop=211670, strand=-, frame=2, truncated=no, start-type=GTG, RBS-motif=GGAG/GAGG
22:59:20.547 - INFO - CDS - seq=contig_4, start=211744, stop=212748, strand=-, frame=1, truncated=no, start-type=ATG, RBS-motif=GGAG/GAGG
22:59:20.547 - INFO - CDS - seq=contig_4, start=212759, stop=213475, strand=-, frame=3, truncated=no, start-type=ATG, RBS-motif=GGxGG
22:59:20.547 - INFO - CDS - seq=contig_4, start=213468, stop=216197, strand=-, frame=2, truncated=no, start-type=GTG, RBS-motif=AGGAGG
22:59:20.547 - INFO - CDS - seq=contig_4, start=216456, stop=217040, strand=+, frame=3, truncated=no, start-type=ATG, RBS-motif=AGGAG
22:59:20.547 - INFO - CDS - seq=contig_4, start=217166, stop=219076, strand=-, frame=3, truncated=no, start-type=ATG, RBS-motif=GGA/GAG/AGG
22:59:20.547 - INFO - CDS - seq=contig_4, start=219251, stop=219562, strand=+, frame=2, truncated=no, start-type=ATG, RBS-motif=AGGAG
22:59:20.547 - INFO - CDS - seq=contig_4, start=219586, stop=220824, strand=+, frame=1, truncated=no, start-type=ATG, RBS-motif=GGAGG
22:59:20.547 - INFO - CDS - seq=contig_4, start=220861, stop=221226, strand=+, frame=1, truncated=no, start-type=ATG, RBS-motif=AGGAG
22:59:20.547 - INFO - CDS - seq=contig_4, start=221245, stop=222675, strand=+, frame=1, truncated=no, start-type=ATG, RBS-motif=AGGAG
22:59:20.547 - INFO - CDS - seq=contig_4, start=222675, stop=223277, strand=+, frame=3, truncated=no, start-type=ATG, RBS-motif=None
22:59:20.547 - INFO - CDS - seq=contig_4, start=223341, stop=223685, strand=-, frame=2, truncated=no, start-type=ATG, RBS-motif=GGA/GAG/AGG
22:59:20.547 - INFO - CDS - seq=contig_4, start=223831, stop=224853, strand=+, frame=1, truncated=no, start-type=ATG, RBS-motif=AGGA
22:59:20.547 - INFO - CDS - seq=contig_4, start=224975, stop=225841, strand=-, frame=3, truncated=no, start-type=ATG, RBS-motif=AGGAGG
22:59:20.547 - INFO - CDS - seq=contig_4, start=226013, stop=226441, strand=+, frame=2, truncated=no, start-type=ATG, RBS-motif=GGAGG
22:59:20.547 - INFO - CDS - seq=contig_4, start=226505, stop=227860, strand=-, frame=3, truncated=no, start-type=ATG, RBS-motif=AGGAG(G)/GGAGG
22:59:20.547 - INFO - CDS - seq=contig_4, start=227982, stop=229109, strand=-, frame=2, truncated=no, start-type=TTG, RBS-motif=AGGAGG
22:59:20.547 - INFO - CDS - seq=contig_4, start=229238, stop=230581, strand=-, frame=3, truncated=no, start-type=ATG, RBS-motif=AGGAGG
22:59:20.547 - INFO - CDS - seq=contig_4, start=230909, stop=231661, strand=-, frame=3, truncated=no, start-type=GTG, RBS-motif=AGxAGG/AGGxGG
22:59:20.547 - INFO - CDS - seq=contig_4, start=231691, stop=232440, strand=-, frame=1, truncated=no, start-type=ATG, RBS-motif=AGGAG
22:59:20.547 - INFO - CDS - seq=contig_4, start=232653, stop=233720, strand=+, frame=3, truncated=no, start-type=ATG, RBS-motif=AGGAG
22:59:20.548 - INFO - CDS - seq=contig_4, start=233876, stop=234889, strand=+, frame=2, truncated=no, start-type=TTG, RBS-motif=AGGAGG
22:59:20.548 - INFO - CDS - seq=contig_4, start=234975, stop=236708, strand=-, frame=2, truncated=no, start-type=ATG, RBS-motif=AGGAG
22:59:20.548 - INFO - CDS - seq=contig_4, start=237295, stop=238176, strand=+, frame=1, truncated=no, start-type=ATG, RBS-motif=AGGAGG
22:59:20.548 - INFO - CDS - seq=contig_4, start=238248, stop=238823, strand=-, frame=2, truncated=no, start-type=ATG, RBS-motif=GGAGG
22:59:20.548 - INFO - CDS - seq=contig_4, start=238813, stop=239424, strand=-, frame=1, truncated=no, start-type=ATG, RBS-motif=AGxAGG/AGGxGG
22:59:20.548 - INFO - CDS - seq=contig_4, start=239607, stop=240770, strand=-, frame=2, truncated=no, start-type=ATG, RBS-motif=GGAG/GAGG
22:59:20.548 - INFO - CDS - seq=contig_4, start=240849, stop=241142, strand=-, frame=2, truncated=no, start-type=ATG, RBS-motif=None
22:59:20.548 - INFO - CDS - seq=contig_4, start=241375, stop=242811, strand=+, frame=1, truncated=no, start-type=ATG, RBS-motif=AGGAGG
22:59:20.548 - INFO - CDS - seq=contig_4, start=242846, stop=243274, strand=+, frame=2, truncated=no, start-type=ATG, RBS-motif=AGGAGG
22:59:20.548 - INFO - CDS - seq=contig_4, start=243665, stop=244684, strand=+, frame=2, truncated=no, start-type=ATG, RBS-motif=GGAG/GAGG
22:59:20.548 - INFO - CDS - seq=contig_4, start=244671, stop=245252, strand=+, frame=3, truncated=no, start-type=ATG, RBS-motif=GGxGG
22:59:20.548 - INFO - CDS - seq=contig_4, start=245302, stop=245670, strand=+, frame=1, truncated=no, start-type=ATG, RBS-motif=AGGAG
22:59:20.548 - INFO - CDS - seq=contig_4, start=245755, stop=246318, strand=+, frame=1, truncated=no, start-type=ATG, RBS-motif=AGGAG
22:59:20.548 - INFO - CDS - seq=contig_4, start=246414, stop=246542, strand=+, frame=3, truncated=no, start-type=ATG, RBS-motif=AGGA/GGAG/GAGG
22:59:20.548 - INFO - CDS - seq=contig_4, start=246554, stop=248248, strand=+, frame=2, truncated=no, start-type=ATG, RBS-motif=AGGAGG
22:59:20.548 - INFO - CDS - seq=contig_4, start=248395, stop=249375, strand=+, frame=1, truncated=no, start-type=ATG, RBS-motif=GGAGG
22:59:20.548 - INFO - CDS - seq=contig_4, start=249495, stop=250511, strand=-, frame=2, truncated=no, start-type=ATG, RBS-motif=GGA/GAG/AGG
22:59:20.548 - INFO - CDS - seq=contig_4, start=250668, stop=251534, strand=-, frame=2, truncated=no, start-type=ATG, RBS-motif=AGGAGG
22:59:20.548 - INFO - CDS - seq=contig_4, start=252069, stop=253499, strand=-, frame=2, truncated=no, start-type=ATG, RBS-motif=AGGAGG
22:59:20.548 - INFO - CDS - seq=contig_4, start=253521, stop=254720, strand=-, frame=2, truncated=no, start-type=ATG, RBS-motif=AGxAGG/AGGxGG
22:59:20.548 - INFO - CDS - seq=contig_4, start=254945, stop=257170, strand=-, frame=3, truncated=no, start-type=ATG, RBS-motif=GGAGG
22:59:20.548 - INFO - CDS - seq=contig_4, start=257519, stop=260251, strand=+, frame=2, truncated=no, start-type=ATG, RBS-motif=GGAGG
22:59:20.548 - INFO - CDS - seq=contig_4, start=261216, stop=262925, strand=+, frame=3, truncated=no, start-type=ATG, RBS-motif=GGAGG
22:59:20.548 - INFO - CDS - seq=contig_4, start=262918, stop=264729, strand=+, frame=1, truncated=no, start-type=TTG, RBS-motif=GGAGG
22:59:20.548 - INFO - CDS - seq=contig_4, start=264912, stop=266600, strand=-, frame=2, truncated=no, start-type=ATG, RBS-motif=GGAG/GAGG
22:59:20.549 - INFO - CDS - seq=contig_4, start=266590, stop=267006, strand=-, frame=1, truncated=no, start-type=ATG, RBS-motif=AGGAGG
22:59:20.549 - INFO - CDS - seq=contig_4, start=267096, stop=269339, strand=-, frame=2, truncated=no, start-type=TTG, RBS-motif=GGAG/GAGG
22:59:20.549 - INFO - CDS - seq=contig_4, start=269369, stop=270220, strand=-, frame=3, truncated=no, start-type=ATG, RBS-motif=AGGAG
22:59:20.549 - INFO - CDS - seq=contig_4, start=270213, stop=271022, strand=-, frame=2, truncated=no, start-type=ATG, RBS-motif=AGGAGG
22:59:20.549 - INFO - CDS - seq=contig_4, start=271065, stop=271556, strand=-, frame=2, truncated=no, start-type=ATG, RBS-motif=GGAGG
22:59:20.549 - INFO - CDS - seq=contig_4, start=271608, stop=272615, strand=-, frame=2, truncated=no, start-type=ATG, RBS-motif=AGGAG
22:59:20.549 - INFO - CDS - seq=contig_4, start=272856, stop=273125, strand=+, frame=3, truncated=no, start-type=ATG, RBS-motif=GGA/GAG/AGG
22:59:20.549 - INFO - CDS - seq=contig_4, start=273432, stop=274259, strand=+, frame=3, truncated=no, start-type=GTG, RBS-motif=GGAG/GAGG
22:59:20.549 - INFO - CDS - seq=contig_4, start=274623, stop=275993, strand=+, frame=3, truncated=no, start-type=GTG, RBS-motif=AGGAGG
22:59:20.549 - INFO - CDS - seq=contig_4, start=276284, stop=276652, strand=+, frame=2, truncated=no, start-type=ATG, RBS-motif=GGxGG
22:59:20.549 - INFO - CDS - seq=contig_4, start=276652, stop=276912, strand=+, frame=1, truncated=no, start-type=ATG, RBS-motif=AGGA
22:59:20.549 - INFO - CDS - seq=contig_4, start=277025, stop=277714, strand=-, frame=3, truncated=no, start-type=ATG, RBS-motif=GGAGG
22:59:20.549 - INFO - CDS - seq=contig_4, start=277719, stop=278780, strand=-, frame=2, truncated=no, start-type=ATG, RBS-motif=AGGAG
22:59:20.549 - INFO - CDS - seq=contig_4, start=278785, stop=279288, strand=-, frame=1, truncated=no, start-type=ATG, RBS-motif=AGxAGG/AGGxGG
22:59:20.549 - INFO - CDS - seq=contig_4, start=279498, stop=280262, strand=-, frame=2, truncated=no, start-type=ATG, RBS-motif=AGGAGG
22:59:20.549 - INFO - CDS - seq=contig_4, start=280273, stop=280425, strand=-, frame=1, truncated=no, start-type=ATG, RBS-motif=AGGAGG
22:59:20.549 - INFO - CDS - seq=contig_4, start=280593, stop=281123, strand=-, frame=2, truncated=no, start-type=ATG, RBS-motif=GGA/GAG/AGG
22:59:20.549 - INFO - CDS - seq=contig_4, start=281525, stop=282793, strand=+, frame=2, truncated=no, start-type=ATG, RBS-motif=AGxAGG/AGGxGG
22:59:20.549 - INFO - CDS - seq=contig_4, start=282918, stop=283562, strand=-, frame=2, truncated=no, start-type=TTG, RBS-motif=AGGA
22:59:20.549 - INFO - CDS - seq=contig_4, start=283731, stop=284054, strand=+, frame=3, truncated=no, start-type=ATG, RBS-motif=AGGAG
22:59:20.549 - INFO - CDS - seq=contig_4, start=284398, stop=285573, strand=-, frame=1, truncated=no, start-type=ATG, RBS-motif=GGAGG
22:59:20.549 - INFO - CDS - seq=contig_4, start=285655, stop=287580, strand=-, frame=1, truncated=no, start-type=ATG, RBS-motif=AGGAGG
22:59:20.549 - INFO - CDS - seq=contig_4, start=287643, stop=288446, strand=-, frame=2, truncated=no, start-type=ATG, RBS-motif=AGGAG
22:59:20.549 - INFO - CDS - seq=contig_4, start=288662, stop=289435, strand=+, frame=2, truncated=no, start-type=GTG, RBS-motif=GGA/GAG/AGG
22:59:20.549 - INFO - CDS - seq=contig_4, start=289556, stop=290119, strand=-, frame=3, truncated=no, start-type=ATG, RBS-motif=AGGAG
22:59:20.549 - INFO - CDS - seq=contig_4, start=290135, stop=290782, strand=-, frame=3, truncated=no, start-type=ATG, RBS-motif=AGGAGG
22:59:20.550 - INFO - CDS - seq=contig_4, start=290956, stop=291717, strand=+, frame=1, truncated=no, start-type=ATG, RBS-motif=AGxAGG/AGGxGG
22:59:20.550 - INFO - CDS - seq=contig_4, start=291755, stop=292417, strand=+, frame=2, truncated=no, start-type=GTG, RBS-motif=AGGAGG
22:59:20.550 - INFO - CDS - seq=contig_4, start=292781, stop=293041, strand=+, frame=2, truncated=no, start-type=ATG, RBS-motif=AGxAGG/AGGxGG
22:59:20.550 - INFO - CDS - seq=contig_4, start=293497, stop=293814, strand=-, frame=1, truncated=no, start-type=ATG, RBS-motif=AGxAGG/AGGxGG
22:59:20.550 - INFO - CDS - seq=contig_4, start=293848, stop=294693, strand=-, frame=1, truncated=no, start-type=ATG, RBS-motif=AGGAGG
22:59:20.550 - INFO - CDS - seq=contig_4, start=294696, stop=295049, strand=-, frame=2, truncated=no, start-type=ATG, RBS-motif=None
22:59:20.550 - INFO - CDS - seq=contig_4, start=295810, stop=296304, strand=-, frame=1, truncated=no, start-type=ATG, RBS-motif=AGGAG
22:59:20.550 - INFO - CDS - seq=contig_4, start=296317, stop=296754, strand=-, frame=1, truncated=no, start-type=ATG, RBS-motif=GGA/GAG/AGG
22:59:20.550 - INFO - CDS - seq=contig_4, start=297038, stop=299572, strand=+, frame=2, truncated=no, start-type=TTG, RBS-motif=GGxGG
22:59:20.550 - INFO - CDS - seq=contig_4, start=299809, stop=299913, strand=-, frame=1, truncated=no, start-type=ATG, RBS-motif=AGxAGG/AGGxGG
22:59:20.550 - INFO - CDS - seq=contig_4, start=299867, stop=300178, strand=-, frame=3, truncated=no, start-type=ATG, RBS-motif=AGGAG
22:59:20.550 - INFO - CDS - seq=contig_4, start=300962, stop=301177, strand=-, frame=3, truncated=no, start-type=ATG, RBS-motif=GGA/GAG/AGG
22:59:20.550 - INFO - CDS - seq=contig_4, start=301355, stop=302182, strand=-, frame=3, truncated=no, start-type=ATG, RBS-motif=GGAGG
22:59:20.550 - INFO - CDS - seq=contig_4, start=302179, stop=303879, strand=-, frame=1, truncated=no, start-type=ATG, RBS-motif=GGA/GAG/AGG
22:59:20.550 - INFO - CDS - seq=contig_4, start=303881, stop=304441, strand=-, frame=3, truncated=no, start-type=ATG, RBS-motif=AGGAGG
22:59:20.550 - INFO - CDS - seq=contig_4, start=304533, stop=305375, strand=-, frame=2, truncated=no, start-type=ATG, RBS-motif=AGxAGG/AGGxGG
22:59:20.550 - INFO - CDS - seq=contig_4, start=305649, stop=306536, strand=-, frame=2, truncated=no, start-type=ATG, RBS-motif=AGxAGG/AGGxGG
22:59:20.550 - INFO - CDS - seq=contig_4, start=306690, stop=307967, strand=+, frame=3, truncated=no, start-type=ATG, RBS-motif=AGGAGG
22:59:20.550 - INFO - CDS - seq=contig_4, start=307969, stop=309453, strand=+, frame=1, truncated=no, start-type=ATG, RBS-motif=GGAG/GAGG
22:59:20.550 - INFO - CDS - seq=contig_4, start=309620, stop=310513, strand=-, frame=3, truncated=no, start-type=ATG, RBS-motif=AGGAG/GGAGG
22:59:20.550 - INFO - CDS - seq=contig_4, start=310702, stop=311550, strand=-, frame=1, truncated=no, start-type=ATG, RBS-motif=AGGA/GGAG/GAGG
22:59:20.550 - INFO - CDS - seq=contig_4, start=311569, stop=312402, strand=-, frame=1, truncated=no, start-type=ATG, RBS-motif=AGxAGG/AGGxGG
22:59:20.550 - INFO - CDS - seq=contig_4, start=312416, stop=312910, strand=-, frame=3, truncated=no, start-type=ATG, RBS-motif=AGGAGG
22:59:20.550 - INFO - CDS - seq=contig_4, start=312910, stop=313326, strand=-, frame=1, truncated=no, start-type=ATG, RBS-motif=AGGA/GGAG/GAGG
22:59:20.550 - INFO - CDS - seq=contig_4, start=313357, stop=314157, strand=-, frame=1, truncated=no, start-type=ATG, RBS-motif=AGGAG
22:59:20.550 - INFO - CDS - seq=contig_4, start=314294, stop=315250, strand=+, frame=2, truncated=no, start-type=ATG, RBS-motif=GGAG/GAGG
22:59:20.550 - INFO - CDS - seq=contig_4, start=315381, stop=316619, strand=+, frame=3, truncated=no, start-type=ATG, RBS-motif=GGAGG
22:59:20.551 - INFO - CDS - seq=contig_4, start=316787, stop=317527, strand=-, frame=3, truncated=no, start-type=ATG, RBS-motif=GGA/GAG/AGG
22:59:20.551 - INFO - CDS - seq=contig_4, start=317624, stop=318187, strand=-, frame=3, truncated=no, start-type=ATG, RBS-motif=GGAGG
22:59:20.551 - INFO - CDS - seq=contig_4, start=318184, stop=318846, strand=-, frame=1, truncated=no, start-type=TTG, RBS-motif=GGAG/GAGG
22:59:20.551 - INFO - CDS - seq=contig_4, start=318859, stop=319869, strand=-, frame=1, truncated=no, start-type=ATG, RBS-motif=AGxAGG/AGGxGG
22:59:20.551 - INFO - CDS - seq=contig_4, start=319890, stop=320534, strand=-, frame=2, truncated=no, start-type=TTG, RBS-motif=AGGAGG
22:59:20.551 - INFO - CDS - seq=contig_4, start=320549, stop=321724, strand=-, frame=3, truncated=no, start-type=ATG, RBS-motif=AGGA
22:59:20.551 - INFO - CDS - seq=contig_4, start=321743, stop=322618, strand=-, frame=3, truncated=no, start-type=ATG, RBS-motif=AGGAGG
22:59:20.551 - INFO - CDS - seq=contig_4, start=322618, stop=323367, strand=-, frame=1, truncated=no, start-type=ATG, RBS-motif=GGAGG
22:59:20.551 - INFO - CDS - seq=contig_4, start=323369, stop=323872, strand=-, frame=3, truncated=no, start-type=ATG, RBS-motif=AGGAGG
22:59:20.551 - INFO - CDS - seq=contig_4, start=323872, stop=324318, strand=-, frame=1, truncated=no, start-type=ATG, RBS-motif=GGAGG
22:59:20.551 - INFO - CDS - seq=contig_4, start=324311, stop=325111, strand=-, frame=3, truncated=no, start-type=ATG, RBS-motif=GGAGG
22:59:20.551 - INFO - CDS - seq=contig_4, start=325318, stop=327261, strand=-, frame=1, truncated=no, start-type=ATG, RBS-motif=GGAGG
22:59:20.551 - INFO - CDS - seq=contig_4, start=327301, stop=328167, strand=-, frame=1, truncated=no, start-type=ATG, RBS-motif=AGGAG
22:59:20.551 - INFO - CDS - seq=contig_4, start=328157, stop=330022, strand=-, frame=3, truncated=no, start-type=ATG, RBS-motif=AGxAGG/AGGxGG
22:59:20.551 - INFO - CDS - seq=contig_4, start=330377, stop=332101, strand=-, frame=3, truncated=no, start-type=ATG, RBS-motif=AGGAG/GGAGG
22:59:20.551 - INFO - CDS - seq=contig_4, start=332103, stop=333305, strand=-, frame=2, truncated=no, start-type=ATG, RBS-motif=GGA/GAG/AGG
22:59:20.551 - INFO - CDS - seq=contig_4, start=333334, stop=334881, strand=-, frame=1, truncated=no, start-type=ATG, RBS-motif=AGGAGG
22:59:20.551 - INFO - CDS - seq=contig_4, start=334918, stop=335361, strand=-, frame=1, truncated=no, start-type=ATG, RBS-motif=AGGAG
22:59:20.551 - INFO - CDS - seq=contig_4, start=335544, stop=337010, strand=-, frame=2, truncated=no, start-type=ATG, RBS-motif=GGAGG
22:59:20.551 - INFO - CDS - seq=contig_4, start=337129, stop=337815, strand=-, frame=1, truncated=no, start-type=ATG, RBS-motif=AGGAG/GGAGG
22:59:20.551 - INFO - CDS - seq=contig_4, start=337822, stop=338796, strand=-, frame=1, truncated=no, start-type=ATG, RBS-motif=AGGAG
22:59:20.551 - INFO - CDS - seq=contig_4, start=338819, stop=339904, strand=-, frame=3, truncated=no, start-type=ATG, RBS-motif=AGxAGG/AGGxGG
22:59:20.551 - INFO - CDS - seq=contig_4, start=339920, stop=340237, strand=-, frame=3, truncated=no, start-type=ATG, RBS-motif=GGA/GAG/AGG
22:59:20.551 - INFO - CDS - seq=contig_4, start=340234, stop=340707, strand=-, frame=1, truncated=no, start-type=ATG, RBS-motif=AGxAGG/AGGxGG
22:59:20.551 - INFO - CDS - seq=contig_4, start=340737, stop=341678, strand=-, frame=2, truncated=no, start-type=ATG, RBS-motif=GGAGG
22:59:20.551 - INFO - CDS - seq=contig_4, start=341680, stop=342150, strand=-, frame=1, truncated=no, start-type=ATG, RBS-motif=AGxAGG/AGGxGG
22:59:20.552 - INFO - CDS - seq=contig_4, start=342152, stop=343609, strand=-, frame=3, truncated=no, start-type=ATG, RBS-motif=AGGAG
22:59:20.552 - INFO - CDS - seq=contig_4, start=344019, stop=345314, strand=-, frame=2, truncated=no, start-type=ATG, RBS-motif=GGA/GAG/AGG
22:59:20.552 - INFO - CDS - seq=contig_4, start=345356, stop=348094, strand=-, frame=3, truncated=no, start-type=ATG, RBS-motif=GGAG/GAGG
22:59:20.552 - INFO - CDS - seq=contig_4, start=597, stop=1070, strand=-, nt=[ATGGCAAAAG..GGTTGTCTGA]
22:59:20.552 - INFO - CDS - seq=contig_4, start=1196, stop=2329, strand=-, nt=[ATGACAGAAA..GGATGCTTAG]
22:59:20.552 - INFO - CDS - seq=contig_4, start=2821, stop=3282, strand=+, nt=[ATGGGAACAA..GACTAAGTAG]
22:59:20.552 - INFO - CDS - seq=contig_4, start=3292, stop=3945, strand=+, nt=[ATGCAACTTT..CAAAAACTAG]
22:59:20.552 - INFO - CDS - seq=contig_4, start=3955, stop=4800, strand=-, nt=[ATGAAACTAA..TATTTGGTGA]
22:59:20.552 - INFO - CDS - seq=contig_4, start=4797, stop=5774, strand=-, nt=[ATGCATACAA..TGCTTTATGA]
22:59:20.552 - INFO - CDS - seq=contig_4, start=5963, stop=6787, strand=+, nt=[ATGAATTACA..AGAATTCTAA]
22:59:20.552 - INFO - CDS - seq=contig_4, start=6931, stop=7404, strand=+, nt=[ATGACTGAAC..CGCCCAGTAA]
22:59:20.552 - INFO - CDS - seq=contig_4, start=7414, stop=8346, strand=-, nt=[GTGCGAAAAC..AAACTGGTGA]
22:59:20.552 - INFO - CDS - seq=contig_4, start=8468, stop=8926, strand=+, nt=[ATGACTGATG..CGATCAATAA]
22:59:20.552 - INFO - CDS - seq=contig_4, start=9014, stop=9682, strand=-, nt=[ATGGCTAATT..CGCAAAATAG]
22:59:20.552 - INFO - CDS - seq=contig_4, start=9800, stop=10954, strand=-, nt=[ATGCAGGACA..ACCTGTATAA]
22:59:20.552 - INFO - CDS - seq=contig_4, start=10984, stop=11505, strand=-, nt=[ATGCCAGTTA..GGCACACTAA]
22:59:20.552 - INFO - CDS - seq=contig_4, start=11773, stop=12120, strand=-, nt=[ATGTCTGAAT..TCGGCATTAG]
22:59:20.552 - INFO - CDS - seq=contig_4, start=12172, stop=13095, strand=-, nt=[ATGCCAAAAC..TTCTAAATAA]
22:59:20.552 - INFO - CDS - seq=contig_4, start=13273, stop=15621, strand=+, nt=[ATGGCTGAGC..TTGGCGATGA]
22:59:20.552 - INFO - CDS - seq=contig_4, start=15724, stop=16173, strand=+, nt=[ATGGCAGAAG..AGAAAAATAG]
22:59:20.552 - INFO - CDS - seq=contig_4, start=16201, stop=16935, strand=+, nt=[ATGGTTAAAC..GCCATGGTGA]
22:59:20.552 - INFO - CDS - seq=contig_4, start=17118, stop=17468, strand=-, nt=[ATGGGAATCG..TTACTATTAA]
22:59:20.552 - INFO - CDS - seq=contig_4, start=17613, stop=19424, strand=+, nt=[ATGAGTGAAA..CAATGGCTAA]
22:59:20.552 - INFO - CDS - seq=contig_4, start=19830, stop=20321, strand=-, nt=[ATGGAACAAG..AAAGTTATGA]
22:59:20.552 - INFO - CDS - seq=contig_4, start=20595, stop=21092, strand=+, nt=[TTGGAAATAA..TCAACATTAA]
22:59:20.552 - INFO - CDS - seq=contig_4, start=21137, stop=22123, strand=-, nt=[TTGACTGCAT..CTTAGCTTAA]
22:59:20.552 - INFO - CDS - seq=contig_4, start=22127, stop=23794, strand=-, nt=[TTGAAATATA..GGGGGAATAA]
22:59:20.552 - INFO - CDS - seq=contig_4, start=24246, stop=25121, strand=+, nt=[TTGAACACAC..GGCAAACTAA]
22:59:20.552 - INFO - CDS - seq=contig_4, start=25346, stop=26281, strand=-, nt=[ATGATTACGC..TTACTTTTAG]
22:59:20.552 - INFO - CDS - seq=contig_4, start=26491, stop=26841, strand=+, nt=[TTGAAAGTAA..AACAAAGTGA]
22:59:20.552 - INFO - CDS - seq=contig_4, start=26849, stop=27409, strand=+, nt=[ATGCCAAGCA..CATTGTGTAA]
22:59:20.552 - INFO - CDS - seq=contig_4, start=27504, stop=28412, strand=+, nt=[ATGCGACGTG..TCCCAGTTAA]
22:59:20.552 - INFO - CDS - seq=contig_4, start=28674, stop=29291, strand=+, nt=[ATGTTCAACC..GCCAAAATAA]
22:59:20.552 - INFO - CDS - seq=contig_4, start=29314, stop=30261, strand=+, nt=[TTGACCGCAT..CATTCACTAG]
22:59:20.552 - INFO - CDS - seq=contig_4, start=30275, stop=30748, strand=+, nt=[ATGAAAAAGC..AAACCAATAA]
22:59:20.552 - INFO - CDS - seq=contig_4, start=30879, stop=31505, strand=-, nt=[ATGCCAACAC..ATTAGTTTAA]
22:59:20.552 - INFO - CDS - seq=contig_4, start=31634, stop=31828, strand=-, nt=[ATGACAATCC..GCATAATTAA]
22:59:20.552 - INFO - CDS - seq=contig_4, start=32333, stop=33499, strand=+, nt=[TTGAAACATA..TCATGAATAA]
22:59:20.552 - INFO - CDS - seq=contig_4, start=33492, stop=33971, strand=+, nt=[ATGAATAATT..CATGAACTAG]
22:59:20.552 - INFO - CDS - seq=contig_4, start=34110, stop=34472, strand=-, nt=[GTGAAAAAAC..CGATGAGTAA]
22:59:20.552 - INFO - CDS - seq=contig_4, start=34453, stop=34611, strand=-, nt=[ATGGTGTTGG..TTGGTACTAA]
22:59:20.553 - INFO - CDS - seq=contig_4, start=34725, stop=35747, strand=+, nt=[ATGACACAAA..GTTTGCTTAA]
22:59:20.553 - INFO - CDS - seq=contig_4, start=35807, stop=36106, strand=-, nt=[ATGGCAGAAC..CCGCAAATAA]
22:59:20.553 - INFO - CDS - seq=contig_4, start=36262, stop=36567, strand=+, nt=[ATGCGCGTTG..CATCCACTAA]
22:59:20.553 - INFO - CDS - seq=contig_4, start=36728, stop=37066, strand=+, nt=[GTGATTAGCA..GAATCTTTAA]
22:59:20.553 - INFO - CDS - seq=contig_4, start=37084, stop=38124, strand=+, nt=[ATGGATACCA..TTCAGAATAA]
22:59:20.553 - INFO - CDS - seq=contig_4, start=38646, stop=39752, strand=-, nt=[ATGGTCGATG..TTTTGCATAA]
22:59:20.553 - INFO - CDS - seq=contig_4, start=39822, stop=40481, strand=-, nt=[ATGACAGAAA..TTTGGACTAA]
22:59:20.553 - INFO - CDS - seq=contig_4, start=40526, stop=41371, strand=-, nt=[ATGTCGAGTT..TATTATTTGA]
22:59:20.553 - INFO - CDS - seq=contig_4, start=41447, stop=42307, strand=-, nt=[ATGAAGGATT..GATTATGTAG]
22:59:20.553 - INFO - CDS - seq=contig_4, start=42508, stop=43992, strand=+, nt=[ATGAAATTAA..TACTCGATAA]
22:59:20.553 - INFO - CDS - seq=contig_4, start=44085, stop=44465, strand=+, nt=[ATGCAAATTC..TGCTCGCTAA]
22:59:20.553 - INFO - CDS - seq=contig_4, start=44581, stop=45876, strand=-, nt=[ATGAACGCAG..TATGCGTTGA]
22:59:20.553 - INFO - CDS - seq=contig_4, start=45873, stop=46544, strand=-, nt=[GTGATCGAAG..CAGTGAATGA]
22:59:20.553 - INFO - CDS - seq=contig_4, start=46726, stop=47133, strand=+, nt=[ATGCGTCAAA..AAAAAATTAA]
22:59:20.553 - INFO - CDS - seq=contig_4, start=47120, stop=49270, strand=+, nt=[ATGAAAAAAA..GGTGAAATAA]
22:59:20.553 - INFO - CDS - seq=contig_4, start=49306, stop=50283, strand=+, nt=[ATGCGACAAG..ACAAAACTAG]
22:59:20.553 - INFO - CDS - seq=contig_4, start=50522, stop=53185, strand=+, nt=[ATGACAACAA..GGCAGAATAA]
22:59:20.553 - INFO - CDS - seq=contig_4, start=53295, stop=54254, strand=+, nt=[ATGCAAACAT..CATGGGCTAA]
22:59:20.553 - INFO - CDS - seq=contig_4, start=54482, stop=55285, strand=-, nt=[ATGGCCGTAC..GTTGAGTTAA]
22:59:20.553 - INFO - CDS - seq=contig_4, start=55288, stop=56259, strand=-, nt=[ATGGACATCG..GGAGGTTTAG]
22:59:20.553 - INFO - CDS - seq=contig_4, start=56462, stop=57430, strand=-, nt=[ATGAAGATCA..AGCTGAATAA]
22:59:20.553 - INFO - CDS - seq=contig_4, start=57989, stop=58945, strand=-, nt=[ATGAAAAAGC..ACCAGAATAA]
22:59:20.553 - INFO - CDS - seq=contig_4, start=59428, stop=61815, strand=-, nt=[ATGGGGGTGG..TTTTAGATAA]
22:59:20.553 - INFO - CDS - seq=contig_4, start=62533, stop=63183, strand=-, nt=[ATGAAAATTG..TGCGGATTAG]
22:59:20.553 - INFO - CDS - seq=contig_4, start=63413, stop=64243, strand=+, nt=[ATGTCAATTG..GCATGCTTAA]
22:59:20.553 - INFO - CDS - seq=contig_4, start=64236, stop=65297, strand=+, nt=[ATGCTTAATC..GTTTAATTAG]
22:59:20.553 - INFO - CDS - seq=contig_4, start=65471, stop=66292, strand=+, nt=[GTGGCTAATG..ACAATTCTAA]
22:59:20.553 - INFO - CDS - seq=contig_4, start=66364, stop=66996, strand=-, nt=[ATGCACAAGT..ATATAATTAA]
22:59:20.553 - INFO - CDS - seq=contig_4, start=67229, stop=67753, strand=-, nt=[ATGCAAACAA..ACGTGCCTAA]
22:59:20.553 - INFO - CDS - seq=contig_4, start=67831, stop=68010, strand=-, nt=[ATGACAACAG..ACAATGGTGA]
22:59:20.553 - INFO - CDS - seq=contig_4, start=68007, stop=68675, strand=-, nt=[GTGGAAACAT..GTCGGAATGA]
22:59:20.553 - INFO - CDS - seq=contig_4, start=68678, stop=69463, strand=-, nt=[TTGACAGTTA..GAAAGGATAA]
22:59:20.553 - INFO - CDS - seq=contig_4, start=69674, stop=70762, strand=-, nt=[ATGAACTGGC..GATGAATTAG]
22:59:20.553 - INFO - CDS - seq=contig_4, start=71120, stop=71353, strand=+, nt=[ATGCTCCGGT..ACATTATTGA]
22:59:20.553 - INFO - CDS - seq=contig_4, start=71347, stop=71823, strand=-, nt=[ATGGCTAATG..AATTCAATAA]
22:59:20.553 - INFO - CDS - seq=contig_4, start=72402, stop=72545, strand=-, nt=[ATGGCATCAT..CGAAAATTAA]
22:59:20.553 - INFO - CDS - seq=contig_4, start=72644, stop=75769, strand=-, nt=[ATGCAACTTA..CTCGGCTTAG]
22:59:20.553 - INFO - CDS - seq=contig_4, start=75769, stop=76890, strand=-, nt=[ATGAGATTCT..GCAGAAATAA]
22:59:20.553 - INFO - CDS - seq=contig_4, start=76951, stop=77577, strand=+, nt=[ATGAACACTT..CTTAGCTTGA]
22:59:20.553 - INFO - CDS - seq=contig_4, start=78023, stop=78799, strand=+, nt=[ATGTTAAAAG..AGGAGAATAA]
22:59:20.553 - INFO - CDS - seq=contig_4, start=78804, stop=79232, strand=+, nt=[ATGGATGTCA..AATGATTTAG]
22:59:20.553 - INFO - CDS - seq=contig_4, start=79277, stop=79795, strand=+, nt=[ATGATTATTG..CCACGACTAA]
22:59:20.553 - INFO - CDS - seq=contig_4, start=79834, stop=80835, strand=+, nt=[ATGACTGTCA..ACACGCCTAA]
22:59:20.554 - INFO - CDS - seq=contig_4, start=80950, stop=81888, strand=+, nt=[ATGATTTTAA..ATCCTATTAA]
22:59:20.554 - INFO - CDS - seq=contig_4, start=81910, stop=82590, strand=+, nt=[ATGTCAACCA..TTTAAACTAA]
22:59:20.554 - INFO - CDS - seq=contig_4, start=83034, stop=83228, strand=+, nt=[ATGACGGCAC..AAGCCGGTAA]
22:59:20.554 - INFO - CDS - seq=contig_4, start=83439, stop=84890, strand=-, nt=[ATGCAAACCA..CGCGGACTAA]
22:59:20.554 - INFO - CDS - seq=contig_4, start=84946, stop=85254, strand=-, nt=[ATGACAGTCA..TCTGAAATAG]
22:59:20.554 - INFO - CDS - seq=contig_4, start=85269, stop=85763, strand=-, nt=[ATGGCTAAGA..TAAAAAATAA]
22:59:20.554 - INFO - CDS - seq=contig_4, start=86068, stop=86787, strand=-, nt=[ATGAAGACAA..AACAATGTAG]
22:59:20.554 - INFO - CDS - seq=contig_4, start=87014, stop=88024, strand=-, nt=[ATGGACGTTT..GTTTGAATAG]
22:59:20.554 - INFO - CDS - seq=contig_4, start=88173, stop=89168, strand=-, nt=[ATGACCACGA..CAGCTTGTAG]
22:59:20.554 - INFO - CDS - seq=contig_4, start=89222, stop=90682, strand=-, nt=[TTGACCGCGA..GGAACTGTAG]
22:59:20.554 - INFO - CDS - seq=contig_4, start=90679, stop=91674, strand=-, nt=[ATGACAATTG..CCGGAATTGA]
22:59:20.554 - INFO - CDS - seq=contig_4, start=91769, stop=92935, strand=-, nt=[GTGAATAGTA..ACTGAACTAA]
22:59:20.554 - INFO - CDS - seq=contig_4, start=93258, stop=93980, strand=+, nt=[ATGTCGAACT..CATCCAATAG]
22:59:20.554 - INFO - CDS - seq=contig_4, start=94242, stop=95759, strand=+, nt=[GTGACAAGTG..GAAAGCCTGA]
22:59:20.554 - INFO - CDS - seq=contig_4, start=95815, stop=97668, strand=+, nt=[ATGGTATTTT..TCCTGAATAG]
22:59:20.554 - INFO - CDS - seq=contig_4, start=97683, stop=98390, strand=+, nt=[ATGTGGACAC..ATTACCATAA]
22:59:20.554 - INFO - CDS - seq=contig_4, start=98501, stop=99082, strand=-, nt=[GTGACAGATG..GATGAAGTAA]
22:59:20.554 - INFO - CDS - seq=contig_4, start=99079, stop=100755, strand=-, nt=[ATGTCACAAC..TCAAGCGTGA]
22:59:20.554 - INFO - CDS - seq=contig_4, start=101226, stop=102875, strand=-, nt=[TTGCTCACAG..AAAGGCGTAA]
22:59:20.554 - INFO - CDS - seq=contig_4, start=103863, stop=104552, strand=+, nt=[ATGAGAAAGT..CAGAGAATAA]
22:59:20.554 - INFO - CDS - seq=contig_4, start=105077, stop=105781, strand=+, nt=[ATGAATCAAG..ACTTAAGTAA]
22:59:20.554 - INFO - CDS - seq=contig_4, start=105950, stop=106099, strand=+, nt=[ATGCTCCTAA..AGATAGTTAA]
22:59:20.554 - INFO - CDS - seq=contig_4, start=106528, stop=106737, strand=+, nt=[ATGGTTGCGC..AAGAAGGTAG]
22:59:20.554 - INFO - CDS - seq=contig_4, start=106762, stop=107037, strand=+, nt=[ATGACATTTC..TAAATCGTAA]
22:59:20.554 - INFO - CDS - seq=contig_4, start=107260, stop=107418, strand=+, nt=[ATGATGCTGT..CAATACGTAG]
22:59:20.554 - INFO - CDS - seq=contig_4, start=107545, stop=107745, strand=+, nt=[ATGATGATGT..AAAAAAATAA]
22:59:20.554 - INFO - CDS - seq=contig_4, start=107880, stop=108068, strand=+, nt=[ATGGATGAAT..TACATGTTAA]
22:59:20.554 - INFO - CDS - seq=contig_4, start=108592, stop=108780, strand=+, nt=[ATGACTAAGA..GCTAATATAA]
22:59:20.554 - INFO - CDS - seq=contig_4, start=108953, stop=109474, strand=-, nt=[GTGAATCTGA..TAAAAAGTAA]
22:59:20.554 - INFO - CDS - seq=contig_4, start=109538, stop=109768, strand=-, nt=[ATGAACCGTT..AGAAAACTGA]
22:59:20.554 - INFO - CDS - seq=contig_4, start=110157, stop=110975, strand=+, nt=[TTGAATAACC..ACTTAATTAG]
22:59:20.554 - INFO - CDS - seq=contig_4, start=110983, stop=111654, strand=-, nt=[TTGATAATTT..TGAATTCTAG]
22:59:20.554 - INFO - CDS - seq=contig_4, start=111784, stop=112725, strand=+, nt=[ATGACCATAA..CGAACTTTAA]
22:59:20.554 - INFO - CDS - seq=contig_4, start=113128, stop=114444, strand=+, nt=[ATGAATTTAG..AAATCGGTAA]
22:59:20.554 - INFO - CDS - seq=contig_4, start=114682, stop=115590, strand=+, nt=[ATGCTTGGAT..AACGTCCTGA]
22:59:20.554 - INFO - CDS - seq=contig_4, start=115815, stop=116141, strand=+, nt=[ATGGCACAAG..TCTCAACTAA]
22:59:20.554 - INFO - CDS - seq=contig_4, start=116352, stop=117020, strand=+, nt=[ATGTCAATTT..TCATGGCTAA]
22:59:20.554 - INFO - CDS - seq=contig_4, start=117013, stop=117792, strand=+, nt=[ATGGCTAAAT..ATTTACCTGA]
22:59:20.554 - INFO - CDS - seq=contig_4, start=118023, stop=118916, strand=+, nt=[ATGGCTATTC..GATTCGCTAA]
22:59:20.554 - INFO - CDS - seq=contig_4, start=118916, stop=119782, strand=+, nt=[ATGCTAGCTT..CCGCGTATAA]
22:59:20.554 - INFO - CDS - seq=contig_4, start=119834, stop=120286, strand=+, nt=[ATGAAAGTTT..AGGATTGTGA]
22:59:20.554 - INFO - CDS - seq=contig_4, start=120297, stop=120704, strand=+, nt=[ATGAGAATCG..GAAGAAGTGA]
22:59:20.554 - INFO - CDS - seq=contig_4, start=121126, stop=123108, strand=+, nt=[TTGAACCAGG..CATTGCTTAA]
22:59:20.554 - INFO - CDS - seq=contig_4, start=123201, stop=125432, strand=-, nt=[TTGGATAACA..CAAGCATTAA]
22:59:20.554 - INFO - CDS - seq=contig_4, start=125670, stop=127025, strand=+, nt=[ATGCAAATGA..TCGGCAATAG]
22:59:20.554 - INFO - CDS - seq=contig_4, start=127204, stop=128049, strand=+, nt=[ATGAAAACAA..AATGATTTAA]
22:59:20.554 - INFO - CDS - seq=contig_4, start=128541, stop=129164, strand=+, nt=[TTGAAAATCT..ACATGTTTGA]
22:59:20.554 - INFO - CDS - seq=contig_4, start=129515, stop=130996, strand=+, nt=[ATGTCTACGA..GCAACCATGA]
22:59:20.554 - INFO - CDS - seq=contig_4, start=131196, stop=131636, strand=+, nt=[ATGGCAGAAC..AGGCGAGTAA]
22:59:20.554 - INFO - CDS - seq=contig_4, start=131788, stop=132225, strand=+, nt=[ATGTCAAAAT..GCAAGCGTGA]
22:59:20.555 - INFO - CDS - seq=contig_4, start=132389, stop=132589, strand=-, nt=[ATGCAAAAAG..CAAGCTTTAA]
22:59:20.555 - INFO - CDS - seq=contig_4, start=132762, stop=134102, strand=-, nt=[ATGTCAGCAG..AGGCATGTAG]
22:59:20.555 - INFO - CDS - seq=contig_4, start=134384, stop=135322, strand=+, nt=[ATGCGGAACA..AGAAGCTTAG]
22:59:20.555 - INFO - CDS - seq=contig_4, start=135448, stop=136923, strand=-, nt=[ATGGGGCAAG..AAAAGATTAA]
22:59:20.555 - INFO - CDS - seq=contig_4, start=137144, stop=138448, strand=-, nt=[ATGTATAAAC..ACAAGTTTAG]
22:59:20.555 - INFO - CDS - seq=contig_4, start=138788, stop=140791, strand=-, nt=[ATGGCAGATA..AGTTGAATAA]
22:59:20.555 - INFO - CDS - seq=contig_4, start=140882, stop=142528, strand=-, nt=[ATGGGATTTC..GAAAGCGTGA]
22:59:20.555 - INFO - CDS - seq=contig_4, start=142752, stop=143468, strand=-, nt=[ATGCGGAAGT..ACGACCATAG]
22:59:20.555 - INFO - CDS - seq=contig_4, start=143754, stop=144998, strand=-, nt=[ATGAGTAAGC..GCAACATTGA]
22:59:20.555 - INFO - CDS - seq=contig_4, start=145160, stop=146941, strand=-, nt=[ATGAAAGACT..GTTTGAATAA]
22:59:20.555 - INFO - CDS - seq=contig_4, start=146946, stop=148664, strand=-, nt=[ATGAGGGTAT..GGGGGTGTGA]
22:59:20.555 - INFO - CDS - seq=contig_4, start=149799, stop=152084, strand=+, nt=[ATGACAACAA..AGTGCTTTAA]
22:59:20.555 - INFO - CDS - seq=contig_4, start=152062, stop=152934, strand=+, nt=[ATGAAAATCA..GAATGCTTAA]
22:59:20.555 - INFO - CDS - seq=contig_4, start=153317, stop=154141, strand=+, nt=[GTGAACACAA..ACTGCCATAA]
22:59:20.555 - INFO - CDS - seq=contig_4, start=154189, stop=154737, strand=+, nt=[ATGCAAACAT..CACAAGCTGA]
22:59:20.555 - INFO - CDS - seq=contig_4, start=154989, stop=155783, strand=+, nt=[ATGGCAGAAC..AACTATTTAA]
22:59:20.555 - INFO - CDS - seq=contig_4, start=155770, stop=157497, strand=+, nt=[ATGAAACTAT..TCAGGAATGA]
22:59:20.555 - INFO - CDS - seq=contig_4, start=157665, stop=158639, strand=+, nt=[ATGCCACGCA..TAAATCATAG]
22:59:20.555 - INFO - CDS - seq=contig_4, start=158715, stop=160736, strand=-, nt=[ATGAAAAAAC..GCCGAAATAG]
22:59:20.555 - INFO - CDS - seq=contig_4, start=160901, stop=161602, strand=-, nt=[ATGAAAATCG..AAAGGGTTAG]
22:59:20.555 - INFO - CDS - seq=contig_4, start=161586, stop=161945, strand=-, nt=[ATGACACGAA..TCGTGACTAA]
22:59:20.555 - INFO - CDS - seq=contig_4, start=162099, stop=162800, strand=-, nt=[ATGAAAAGAG..ACCAGCTTAA]
22:59:20.555 - INFO - CDS - seq=contig_4, start=163639, stop=165636, strand=-, nt=[ATGAAAAAGA..CCCGCAGTAA]
22:59:20.555 - INFO - CDS - seq=contig_4, start=165633, stop=166010, strand=-, nt=[ATGAGACGAA..TAAAAAATGA]
22:59:20.555 - INFO - CDS - seq=contig_4, start=165991, stop=167010, strand=-, nt=[ATGAAAAAGA..ACAAGCCTAG]
22:59:20.555 - INFO - CDS - seq=contig_4, start=167078, stop=167743, strand=-, nt=[ATGAAAAAAG..ACCTAAGTAA]
22:59:20.555 - INFO - CDS - seq=contig_4, start=168834, stop=170222, strand=+, nt=[ATGGAATTAT..AGAAAATTAA]
22:59:20.555 - INFO - CDS - seq=contig_4, start=170496, stop=171407, strand=-, nt=[ATGAAAAAAG..CCCAGATTAA]
22:59:20.555 - INFO - CDS - seq=contig_4, start=172355, stop=173068, strand=+, nt=[ATGTGGAAAA..GCAGCTGTAA]
22:59:20.555 - INFO - CDS - seq=contig_4, start=173100, stop=173912, strand=+, nt=[ATGTTAAAGA..CACTAAATAA]
22:59:20.555 - INFO - CDS - seq=contig_4, start=174014, stop=175150, strand=+, nt=[ATGACCCAAT..GGAGAAATAA]
22:59:20.555 - INFO - CDS - seq=contig_4, start=175415, stop=175960, strand=+, nt=[ATGTCACAAA..TCATGACTAA]
22:59:20.555 - INFO - CDS - seq=contig_4, start=176150, stop=177079, strand=-, nt=[ATGGTGACAG..CGAAGATTAA]
22:59:20.555 - INFO - CDS - seq=contig_4, start=177113, stop=177928, strand=-, nt=[TTGGAAAAAT..CAATCATTAG]
22:59:20.555 - INFO - CDS - seq=contig_4, start=178369, stop=179268, strand=-, nt=[ATGTCATTAA..GCACTCGTAA]
22:59:20.555 - INFO - CDS - seq=contig_4, start=179287, stop=180504, strand=-, nt=[ATGAAAACCA..AGTCCATTAG]
22:59:20.555 - INFO - CDS - seq=contig_4, start=180781, stop=181677, strand=-, nt=[ATGGAGACGT..CGGAGTGTAA]
22:59:20.555 - INFO - CDS - seq=contig_4, start=181774, stop=182607, strand=-, nt=[ATGGCTGATT..TGCCAAGTAA]
22:59:20.555 - INFO - CDS - seq=contig_4, start=182624, stop=183490, strand=-, nt=[ATGACACTTA..GACACACTAA]
22:59:20.555 - INFO - CDS - seq=contig_4, start=183645, stop=184538, strand=+, nt=[ATGAACCTTT..TCGCCAGTAA]
22:59:20.555 - INFO - CDS - seq=contig_4, start=184717, stop=185244, strand=+, nt=[ATGCGTACAC..TTTAATATAA]
22:59:20.555 - INFO - CDS - seq=contig_4, start=185330, stop=186772, strand=-, nt=[GTGGCAGATA..GTTACTTTAG]
22:59:20.555 - INFO - CDS - seq=contig_4, start=187379, stop=189913, strand=-, nt=[ATGACTGAAG..TGTTAAGTAA]
22:59:20.555 - INFO - CDS - seq=contig_4, start=190338, stop=195839, strand=+, nt=[ATGAGCAAGA..CAATTCTTAA]
22:59:20.555 - INFO - CDS - seq=contig_4, start=196381, stop=203076, strand=+, nt=[ATGAACAGAG..AAAAAACTAA]
22:59:20.555 - INFO - CDS - seq=contig_4, start=203266, stop=203895, strand=-, nt=[ATGCCATCAA..TCGGGGATGA]
22:59:20.555 - INFO - CDS - seq=contig_4, start=203834, stop=204982, strand=-, nt=[ATGAAACTAT..GCAACACTAG]
22:59:20.555 - INFO - CDS - seq=contig_4, start=204979, stop=205860, strand=-, nt=[ATGGAAAAGA..CTTCTTATGA]
22:59:20.555 - INFO - CDS - seq=contig_4, start=205963, stop=207078, strand=-, nt=[ATGGACAAGT..CAAAAGCTAA]
22:59:20.556 - INFO - CDS - seq=contig_4, start=207066, stop=207764, strand=-, nt=[ATGCTAAGTG..GACAAGTTAA]
22:59:20.556 - INFO - CDS - seq=contig_4, start=208060, stop=209676, strand=-, nt=[ATGGTTGAAG..TCGCTATTAA]
22:59:20.556 - INFO - CDS - seq=contig_4, start=209669, stop=210403, strand=-, nt=[ATGAAACAAC..CGATGGTTGA]
22:59:20.556 - INFO - CDS - seq=contig_4, start=210594, stop=211670, strand=-, nt=[GTGACAAAAC..ACGATCTTGA]
22:59:20.556 - INFO - CDS - seq=contig_4, start=211744, stop=212748, strand=-, nt=[ATGAAAAAGA..TGGTTTCTAA]
22:59:20.556 - INFO - CDS - seq=contig_4, start=212759, stop=213475, strand=-, nt=[ATGACTAAAT..TGATAATTAG]
22:59:20.556 - INFO - CDS - seq=contig_4, start=213468, stop=216197, strand=-, nt=[GTGACGAAGA..ACATGACTAA]
22:59:20.556 - INFO - CDS - seq=contig_4, start=216456, stop=217040, strand=+, nt=[ATGAGATATG..CGAAATGTGA]
22:59:20.556 - INFO - CDS - seq=contig_4, start=217166, stop=219076, strand=-, nt=[ATGCTAAATA..AAACATGTGA]
22:59:20.556 - INFO - CDS - seq=contig_4, start=219251, stop=219562, strand=+, nt=[ATGAAAGCGG..GGCAGAGTAA]
22:59:20.556 - INFO - CDS - seq=contig_4, start=219586, stop=220824, strand=+, nt=[ATGAAAATAT..GGCAGTTTAA]
22:59:20.556 - INFO - CDS - seq=contig_4, start=220861, stop=221226, strand=+, nt=[ATGACGCAAA..ATCTATCTGA]
22:59:20.556 - INFO - CDS - seq=contig_4, start=221245, stop=222675, strand=+, nt=[ATGAAACAGC..TCTCAGTTGA]
22:59:20.556 - INFO - CDS - seq=contig_4, start=222675, stop=223277, strand=+, nt=[ATGACAGCAA..TAATGAGTGA]
22:59:20.556 - INFO - CDS - seq=contig_4, start=223341, stop=223685, strand=-, nt=[ATGTCACGAG..ATTAGTTTAA]
22:59:20.556 - INFO - CDS - seq=contig_4, start=223831, stop=224853, strand=+, nt=[ATGAAAGCAA..TTGGGCTTAA]
22:59:20.556 - INFO - CDS - seq=contig_4, start=224975, stop=225841, strand=-, nt=[ATGTTAGAAG..TTTGAGTTAG]
22:59:20.556 - INFO - CDS - seq=contig_4, start=226013, stop=226441, strand=+, nt=[ATGTCCAAAT..CGACCGATAG]
22:59:20.556 - INFO - CDS - seq=contig_4, start=226505, stop=227860, strand=-, nt=[ATGCAAAAAC..AGATTTTTAA]
22:59:20.556 - INFO - CDS - seq=contig_4, start=227982, stop=229109, strand=-, nt=[TTGGACGACT..GAGCGTCTAG]
22:59:20.556 - INFO - CDS - seq=contig_4, start=229238, stop=230581, strand=-, nt=[ATGGGCGATG..ATTGTATTAA]
22:59:20.556 - INFO - CDS - seq=contig_4, start=230909, stop=231661, strand=-, nt=[GTGAAGCCAA..TCAAAAATAA]
22:59:20.556 - INFO - CDS - seq=contig_4, start=231691, stop=232440, strand=-, nt=[ATGTCAGATA..TGAAAAATAA]
22:59:20.556 - INFO - CDS - seq=contig_4, start=232653, stop=233720, strand=+, nt=[ATGGAAATCA..CCGACTTTAA]
22:59:20.556 - INFO - CDS - seq=contig_4, start=233876, stop=234889, strand=+, nt=[TTGACTGATT..GACCCTCTAA]
22:59:20.556 - INFO - CDS - seq=contig_4, start=234975, stop=236708, strand=-, nt=[ATGGCAACAA..ATTCTTCTAA]
22:59:20.556 - INFO - CDS - seq=contig_4, start=237295, stop=238176, strand=+, nt=[ATGCCATTAG..AGCACTTTAA]
22:59:20.556 - INFO - CDS - seq=contig_4, start=238248, stop=238823, strand=-, nt=[ATGCTGGCTG..TGATGAGTAA]
22:59:20.556 - INFO - CDS - seq=contig_4, start=238813, stop=239424, strand=-, nt=[ATGCAAGAAA..TGCTGGCTGA]
22:59:20.556 - INFO - CDS - seq=contig_4, start=239607, stop=240770, strand=-, nt=[ATGAAAGAAC..GAGTCGTTAA]
22:59:20.556 - INFO - CDS - seq=contig_4, start=240849, stop=241142, strand=-, nt=[ATGGATATCA..GAAGCTATAA]
22:59:20.556 - INFO - CDS - seq=contig_4, start=241375, stop=242811, strand=+, nt=[ATGGCTCGTA..CAAAACTTGA]
22:59:20.556 - INFO - CDS - seq=contig_4, start=242846, stop=243274, strand=+, nt=[ATGCAAGATG..TAAAGACTAA]
22:59:20.556 - INFO - CDS - seq=contig_4, start=243665, stop=244684, strand=+, nt=[ATGAAGAAAA..TAAACGCTGA]
22:59:20.556 - INFO - CDS - seq=contig_4, start=244671, stop=245252, strand=+, nt=[ATGTTAAACG..GACCGCTTGA]
22:59:20.556 - INFO - CDS - seq=contig_4, start=245302, stop=245670, strand=+, nt=[ATGGCACTAG..AGTAAAGTAA]
22:59:20.556 - INFO - CDS - seq=contig_4, start=245755, stop=246318, strand=+, nt=[ATGTCCACAT..CCCACAATAA]
22:59:20.556 - INFO - CDS - seq=contig_4, start=246414, stop=246542, strand=+, nt=[ATGAAGAAAT..AAGTCGCTAG]
22:59:20.556 - INFO - CDS - seq=contig_4, start=246554, stop=248248, strand=+, nt=[ATGATCAAGC..GTTTGAATAA]
22:59:20.556 - INFO - CDS - seq=contig_4, start=248395, stop=249375, strand=+, nt=[ATGGACTACG..CGACAAATAA]
22:59:20.556 - INFO - CDS - seq=contig_4, start=249495, stop=250511, strand=-, nt=[ATGTGTTCTT..TCAACTGTAG]
22:59:20.556 - INFO - CDS - seq=contig_4, start=250668, stop=251534, strand=-, nt=[ATGAGTCGTT..ACAAAAATAA]
22:59:20.556 - INFO - CDS - seq=contig_4, start=252069, stop=253499, strand=-, nt=[ATGGATGCAA..GCCTCGGTGA]
22:59:20.556 - INFO - CDS - seq=contig_4, start=253521, stop=254720, strand=-, nt=[ATGGCAACGG..AAAGGCTTAA]
22:59:20.557 - INFO - CDS - seq=contig_4, start=254945, stop=257170, strand=-, nt=[ATGAACCGAA..GAATGATTAA]
22:59:20.557 - INFO - CDS - seq=contig_4, start=257519, stop=260251, strand=+, nt=[ATGCGAAACA..TATTGAATAA]
22:59:20.557 - INFO - CDS - seq=contig_4, start=261216, stop=262925, strand=+, nt=[ATGCTGAAAA..CATTGATTAA]
22:59:20.557 - INFO - CDS - seq=contig_4, start=262918, stop=264729, strand=+, nt=[TTGATTAATC..GAAACGATAA]
22:59:20.557 - INFO - CDS - seq=contig_4, start=264912, stop=266600, strand=-, nt=[ATGATGAATG..GCTTCAATAG]
22:59:20.557 - INFO - CDS - seq=contig_4, start=266590, stop=267006, strand=-, nt=[ATGAAACGCA..TGATGAATGA]
22:59:20.557 - INFO - CDS - seq=contig_4, start=267096, stop=269339, strand=-, nt=[TTGAATCAGA..GAATGATTAG]
22:59:20.557 - INFO - CDS - seq=contig_4, start=269369, stop=270220, strand=-, nt=[ATGAGTGATG..AACAAAGTAA]
22:59:20.557 - INFO - CDS - seq=contig_4, start=270213, stop=271022, strand=-, nt=[ATGCCACATA..CGATGAGTGA]
22:59:20.557 - INFO - CDS - seq=contig_4, start=271065, stop=271556, strand=-, nt=[ATGACAGTCG..CATTAAATAA]
22:59:20.557 - INFO - CDS - seq=contig_4, start=271608, stop=272615, strand=-, nt=[ATGGCAACGA..GTCGGTTTAA]
22:59:20.557 - INFO - CDS - seq=contig_4, start=272856, stop=273125, strand=+, nt=[ATGCCCCACT..GGACATTTAA]
22:59:20.557 - INFO - CDS - seq=contig_4, start=273432, stop=274259, strand=+, nt=[GTGACTGCCA..GATTATCTAA]
22:59:20.557 - INFO - CDS - seq=contig_4, start=274623, stop=275993, strand=+, nt=[GTGGACAAGC..GCGATTCTAA]
22:59:20.557 - INFO - CDS - seq=contig_4, start=276284, stop=276652, strand=+, nt=[ATGTATAAAA..AGAAAATTGA]
22:59:20.557 - INFO - CDS - seq=contig_4, start=276652, stop=276912, strand=+, nt=[ATGACGACAT..TACTCAGTGA]
22:59:20.557 - INFO - CDS - seq=contig_4, start=277025, stop=277714, strand=-, nt=[ATGTCAGCTA..CGCAGCATAG]
22:59:20.557 - INFO - CDS - seq=contig_4, start=277719, stop=278780, strand=-, nt=[ATGTATCTTT..TGGAGGTTGA]
22:59:20.557 - INFO - CDS - seq=contig_4, start=278785, stop=279288, strand=-, nt=[ATGGCATCTA..TAAGGAGTGA]
22:59:20.557 - INFO - CDS - seq=contig_4, start=279498, stop=280262, strand=-, nt=[ATGGCGATAT..GGTGAATTGA]
22:59:20.557 - INFO - CDS - seq=contig_4, start=280273, stop=280425, strand=-, nt=[ATGGATAAGG..CAGGTTGTAG]
22:59:20.557 - INFO - CDS - seq=contig_4, start=280593, stop=281123, strand=-, nt=[ATGGCACAGG..GGTCGGATAA]
22:59:20.557 - INFO - CDS - seq=contig_4, start=281525, stop=282793, strand=+, nt=[ATGCAGCCTT..GTGGGATTAA]
22:59:20.557 - INFO - CDS - seq=contig_4, start=282918, stop=283562, strand=-, nt=[TTGAATCAGT..CAAGGATTGA]
22:59:20.557 - INFO - CDS - seq=contig_4, start=283731, stop=284054, strand=+, nt=[ATGCCTTCTT..CTCAATATAG]
22:59:20.557 - INFO - CDS - seq=contig_4, start=284398, stop=285573, strand=-, nt=[ATGAAAAATG..GGGAGCTTAA]
22:59:20.557 - INFO - CDS - seq=contig_4, start=285655, stop=287580, strand=-, nt=[ATGGAGGCCT..CATTTCCTGA]
22:59:20.557 - INFO - CDS - seq=contig_4, start=287643, stop=288446, strand=-, nt=[ATGACAGAAT..GACCAGATAA]
22:59:20.557 - INFO - CDS - seq=contig_4, start=288662, stop=289435, strand=+, nt=[GTGTTAAAAA..AAAAGAGTAA]
22:59:20.557 - INFO - CDS - seq=contig_4, start=289556, stop=290119, strand=-, nt=[ATGGAAGCAA..TTTGGAATAG]
22:59:20.557 - INFO - CDS - seq=contig_4, start=290135, stop=290782, strand=-, nt=[ATGAAGTTGC..AAGCGCTTAA]
22:59:20.557 - INFO - CDS - seq=contig_4, start=290956, stop=291717, strand=+, nt=[ATGGCAAAAT..CACGGTCTGA]
22:59:20.557 - INFO - CDS - seq=contig_4, start=291755, stop=292417, strand=+, nt=[GTGCGCTGTA..GTTGCAATAA]
22:59:20.557 - INFO - CDS - seq=contig_4, start=292781, stop=293041, strand=+, nt=[ATGGGACTAG..GGTTGCCTAA]
22:59:20.557 - INFO - CDS - seq=contig_4, start=293497, stop=293814, strand=-, nt=[ATGACAATTG..TAAAAAGTGA]
22:59:20.557 - INFO - CDS - seq=contig_4, start=293848, stop=294693, strand=-, nt=[ATGGAAACGA..GTCTTACTAA]
22:59:20.557 - INFO - CDS - seq=contig_4, start=294696, stop=295049, strand=-, nt=[ATGTTACTCA..GGATATTTGA]
22:59:20.557 - INFO - CDS - seq=contig_4, start=295810, stop=296304, strand=-, nt=[ATGGCAATTT..TGGGTATTAA]
22:59:20.557 - INFO - CDS - seq=contig_4, start=296317, stop=296754, strand=-, nt=[ATGAAATATT..CGATATTTAA]
22:59:20.557 - INFO - CDS - seq=contig_4, start=297038, stop=299572, strand=+, nt=[TTGAACGCAG..TGTGGCGTGA]
22:59:20.557 - INFO - CDS - seq=contig_4, start=299809, stop=299913, strand=-, nt=[ATGTTGAAAA..GCAGATATAG]
22:59:20.557 - INFO - CDS - seq=contig_4, start=299867, stop=300178, strand=-, nt=[ATGAACGAAA..CCTTTTTTAG]
22:59:20.557 - INFO - CDS - seq=contig_4, start=300962, stop=301177, strand=-, nt=[ATGGCGATTT..AATTGATTAA]
22:59:20.557 - INFO - CDS - seq=contig_4, start=301355, stop=302182, strand=-, nt=[ATGAACTCAC..CCGAGGATGA]
22:59:20.557 - INFO - CDS - seq=contig_4, start=302179, stop=303879, strand=-, nt=[ATGGCAGCAC..GCGCCAATGA]
22:59:20.557 - INFO - CDS - seq=contig_4, start=303881, stop=304441, strand=-, nt=[ATGCGTGATC..AGAGTCTTAA]
22:59:20.557 - INFO - CDS - seq=contig_4, start=304533, stop=305375, strand=-, nt=[ATGGCAAAGT..TTCGGTATAA]
22:59:20.557 - INFO - CDS - seq=contig_4, start=305649, stop=306536, strand=-, nt=[ATGAATCTTA..TACTTTGTAG]
22:59:20.557 - INFO - CDS - seq=contig_4, start=306690, stop=307967, strand=+, nt=[ATGAACTTTG..GGTAAACTAA]
22:59:20.558 - INFO - CDS - seq=contig_4, start=307969, stop=309453, strand=+, nt=[ATGCAAACCA..CTTTAAATAA]
22:59:20.558 - INFO - CDS - seq=contig_4, start=309620, stop=310513, strand=-, nt=[ATGCCACTTG..GTATTTCTGA]
22:59:20.558 - INFO - CDS - seq=contig_4, start=310702, stop=311550, strand=-, nt=[ATGGCTGATC..TTTGAAGTAA]
22:59:20.558 - INFO - CDS - seq=contig_4, start=311569, stop=312402, strand=-, nt=[ATGGCAATTT..GGACGACTGA]
22:59:20.558 - INFO - CDS - seq=contig_4, start=312416, stop=312910, strand=-, nt=[ATGATTATCA..AAAGGAATAG]
22:59:20.558 - INFO - CDS - seq=contig_4, start=312910, stop=313326, strand=-, nt=[ATGGAAATAA..CGATTTCTGA]
22:59:20.558 - INFO - CDS - seq=contig_4, start=313357, stop=314157, strand=-, nt=[ATGTCAGATT..GCGTGGTTAA]
22:59:20.558 - INFO - CDS - seq=contig_4, start=314294, stop=315250, strand=+, nt=[ATGTCAAATT..CTTGTCCTAA]
22:59:20.558 - INFO - CDS - seq=contig_4, start=315381, stop=316619, strand=+, nt=[ATGCAAAGCA..CGATGCTTAG]
22:59:20.558 - INFO - CDS - seq=contig_4, start=316787, stop=317527, strand=-, nt=[ATGAAGGGAG..AGTTAAATGA]
22:59:20.558 - INFO - CDS - seq=contig_4, start=317624, stop=318187, strand=-, nt=[ATGACAGATC..TTTGGAGTAA]
22:59:20.558 - INFO - CDS - seq=contig_4, start=318184, stop=318846, strand=-, nt=[TTGACCAAAA..CAGACAATGA]
22:59:20.558 - INFO - CDS - seq=contig_4, start=318859, stop=319869, strand=-, nt=[ATGAGTGACT..AACCTTTTAG]
22:59:20.558 - INFO - CDS - seq=contig_4, start=319890, stop=320534, strand=-, nt=[TTGTCGCTAT..AGTTGCTTAA]
22:59:20.558 - INFO - CDS - seq=contig_4, start=320549, stop=321724, strand=-, nt=[ATGAAAAAAA..AACGAACTGA]
22:59:20.558 - INFO - CDS - seq=contig_4, start=321743, stop=322618, strand=-, nt=[ATGGCTGAAT..ACTAAGTTAA]
22:59:20.558 - INFO - CDS - seq=contig_4, start=322618, stop=323367, strand=-, nt=[ATGTTGGGTG..GACTTTATAA]
22:59:20.558 - INFO - CDS - seq=contig_4, start=323369, stop=323872, strand=-, nt=[ATGCTGGATG..AGGGGAATAA]
22:59:20.558 - INFO - CDS - seq=contig_4, start=323872, stop=324318, strand=-, nt=[ATGGGTAATT..GGAATTGTAA]
22:59:20.558 - INFO - CDS - seq=contig_4, start=324311, stop=325111, strand=-, nt=[ATGACAAATT..CCATGGGTAA]
22:59:20.558 - INFO - CDS - seq=contig_4, start=325318, stop=327261, strand=-, nt=[ATGCGTATTG..TATTATCTAA]
22:59:20.558 - INFO - CDS - seq=contig_4, start=327301, stop=328167, strand=-, nt=[ATGCTCTATA..CCTGTACTAG]
22:59:20.558 - INFO - CDS - seq=contig_4, start=328157, stop=330022, strand=-, nt=[ATGAACGAGA..TGCTCTATAA]
22:59:20.558 - INFO - CDS - seq=contig_4, start=330377, stop=332101, strand=-, nt=[ATGTTACCCC..TGACGGCTGA]
22:59:20.558 - INFO - CDS - seq=contig_4, start=332103, stop=333305, strand=-, nt=[ATGTCTCTGC..TAAAGGATAA]
22:59:20.558 - INFO - CDS - seq=contig_4, start=333334, stop=334881, strand=-, nt=[ATGATGGCTG..AAAGAAATAG]
22:59:20.558 - INFO - CDS - seq=contig_4, start=334918, stop=335361, strand=-, nt=[ATGGCAATGT..GATCCAATAA]
22:59:20.558 - INFO - CDS - seq=contig_4, start=335544, stop=337010, strand=-, nt=[ATGACAAACG..ACTTGCATAA]
22:59:20.558 - INFO - CDS - seq=contig_4, start=337129, stop=337815, strand=-, nt=[ATGAAACGAT..GTTGTCATAA]
22:59:20.558 - INFO - CDS - seq=contig_4, start=337822, stop=338796, strand=-, nt=[ATGACGAGTG..GGAGGTGTAG]
22:59:20.558 - INFO - CDS - seq=contig_4, start=338819, stop=339904, strand=-, nt=[ATGAAAAAGA..TTCGGATTGA]
22:59:20.558 - INFO - CDS - seq=contig_4, start=339920, stop=340237, strand=-, nt=[ATGAAGATCG..GTCCAGTTAA]
22:59:20.558 - INFO - CDS - seq=contig_4, start=340234, stop=340707, strand=-, nt=[ATGGAACAGA..AGGACAATGA]
22:59:20.558 - INFO - CDS - seq=contig_4, start=340737, stop=341678, strand=-, nt=[ATGTTAGTAT..TAGTGCTTGA]
22:59:20.558 - INFO - CDS - seq=contig_4, start=341680, stop=342150, strand=-, nt=[ATGGGTAAGA..GGAAGAATAA]
22:59:20.558 - INFO - CDS - seq=contig_4, start=342152, stop=343609, strand=-, nt=[ATGACCACCG..GGGGCGATGA]
22:59:20.558 - INFO - CDS - seq=contig_4, start=344019, stop=345314, strand=-, nt=[ATGGATCAAT..ATCGAGATGA]
22:59:20.558 - INFO - CDS - seq=contig_4, start=345356, stop=348094, strand=-, nt=[ATGAGTTTTG..TCAGCTATAG]
22:59:20.558 - INFO - CDS - seq=contig_5, start=206, stop=496, strand=-, frame=3, truncated=no, start-type=ATG, RBS-motif=GGxGG
22:59:20.558 - INFO - CDS - seq=contig_5, start=498, stop=2933, strand=-, frame=2, truncated=no, start-type=ATG, RBS-motif=AGGAG/GGAGG
22:59:20.559 - INFO - CDS - seq=contig_5, start=2934, stop=4958, strand=-, frame=2, truncated=no, start-type=TTG, RBS-motif=3Base/5BMM
22:59:20.559 - INFO - CDS - seq=contig_5, start=4961, stop=8050, strand=-, frame=3, truncated=no, start-type=ATG, RBS-motif=AGGAGG
22:59:20.559 - INFO - CDS - seq=contig_5, start=8043, stop=8450, strand=-, frame=2, truncated=no, start-type=TTG, RBS-motif=None
22:59:20.559 - INFO - CDS - seq=contig_5, start=8501, stop=8833, strand=-, frame=3, truncated=no, start-type=ATG, RBS-motif=AGGA
22:59:20.559 - INFO - CDS - seq=contig_5, start=8919, stop=9521, strand=-, frame=2, truncated=no, start-type=ATG, RBS-motif=AGGAGG
22:59:20.559 - INFO - CDS - seq=contig_5, start=9533, stop=9937, strand=-, frame=3, truncated=no, start-type=GTG, RBS-motif=AGxAG
22:59:20.559 - INFO - CDS - seq=contig_5, start=9938, stop=10303, strand=-, frame=3, truncated=no, start-type=ATG, RBS-motif=GGA/GAG/AGG
22:59:20.559 - INFO - CDS - seq=contig_5, start=10300, stop=10602, strand=-, frame=1, truncated=no, start-type=ATG, RBS-motif=GGAG/GAGG
22:59:20.559 - INFO - CDS - seq=contig_5, start=10607, stop=10981, strand=-, frame=3, truncated=no, start-type=ATG, RBS-motif=AGGAGG
22:59:20.559 - INFO - CDS - seq=contig_5, start=11209, stop=12222, strand=-, frame=1, truncated=no, start-type=ATG, RBS-motif=GGAG/GAGG
22:59:20.559 - INFO - CDS - seq=contig_5, start=12238, stop=12891, strand=-, frame=1, truncated=no, start-type=ATG, RBS-motif=AGGAG
22:59:20.559 - INFO - CDS - seq=contig_5, start=13016, stop=14008, strand=-, frame=3, truncated=no, start-type=ATG, RBS-motif=GGxGG
22:59:20.559 - INFO - CDS - seq=contig_5, start=13974, stop=15401, strand=-, frame=2, truncated=no, start-type=GTG, RBS-motif=None
22:59:20.559 - INFO - CDS - seq=contig_5, start=15406, stop=16665, strand=-, frame=1, truncated=no, start-type=ATG, RBS-motif=AGGA
22:59:20.559 - INFO - CDS - seq=contig_5, start=16643, stop=17224, strand=-, frame=3, truncated=no, start-type=GTG, RBS-motif=AGGAG/GGAGG
22:59:20.559 - INFO - CDS - seq=contig_5, start=17258, stop=17581, strand=-, frame=3, truncated=no, start-type=ATG, RBS-motif=GGAG/GAGG
22:59:20.559 - INFO - CDS - seq=contig_5, start=17574, stop=17867, strand=-, frame=2, truncated=no, start-type=ATG, RBS-motif=GGA/GAG/AGG
22:59:20.559 - INFO - CDS - seq=contig_5, start=17913, stop=18722, strand=-, frame=2, truncated=no, start-type=ATG, RBS-motif=GGAGG
22:59:20.559 - INFO - CDS - seq=contig_5, start=19129, stop=19500, strand=-, frame=1, truncated=no, start-type=ATG, RBS-motif=AGGA/GGAG/GAGG
22:59:20.559 - INFO - CDS - seq=contig_5, start=19478, stop=20545, strand=-, frame=3, truncated=no, start-type=ATG, RBS-motif=GGAG/GAGG
22:59:20.559 - INFO - CDS - seq=contig_5, start=21169, stop=21603, strand=-, frame=1, truncated=no, start-type=GTG, RBS-motif=AGGAG
22:59:20.559 - INFO - CDS - seq=contig_5, start=21677, stop=21898, strand=-, frame=3, truncated=no, start-type=ATG, RBS-motif=GGAG/GAGG
22:59:20.559 - INFO - CDS - seq=contig_5, start=21970, stop=22098, strand=-, frame=1, truncated=no, start-type=ATG, RBS-motif=GGAGG
22:59:20.559 - INFO - CDS - seq=contig_5, start=22095, stop=22451, strand=-, frame=2, truncated=no, start-type=ATG, RBS-motif=GGAG/GAGG
22:59:20.559 - INFO - CDS - seq=contig_5, start=22441, stop=22659, strand=-, frame=1, truncated=no, start-type=ATG, RBS-motif=AGxAGG/AGGxGG
22:59:20.559 - INFO - CDS - seq=contig_5, start=22662, stop=23039, strand=-, frame=2, truncated=no, start-type=ATG, RBS-motif=GGAG/GAGG
22:59:20.559 - INFO - CDS - seq=contig_5, start=23026, stop=23589, strand=-, frame=1, truncated=no, start-type=ATG, RBS-motif=GGAG/GAGG
22:59:20.559 - INFO - CDS - seq=contig_5, start=23586, stop=23696, strand=-, frame=2, truncated=no, start-type=ATG, RBS-motif=GGAGG
22:59:20.559 - INFO - CDS - seq=contig_5, start=23720, stop=24298, strand=-, frame=3, truncated=no, start-type=ATG, RBS-motif=GGAG/GAGG
22:59:20.560 - INFO - CDS - seq=contig_5, start=24309, stop=25232, strand=-, frame=2, truncated=no, start-type=TTG, RBS-motif=AGGAGG
22:59:20.560 - INFO - CDS - seq=contig_5, start=25219, stop=25929, strand=-, frame=1, truncated=no, start-type=ATG, RBS-motif=GGAG/GAGG
22:59:20.560 - INFO - CDS - seq=contig_5, start=25941, stop=26324, strand=-, frame=2, truncated=no, start-type=ATG, RBS-motif=GGA/GAG/AGG
22:59:20.560 - INFO - CDS - seq=contig_5, start=26327, stop=26776, strand=-, frame=3, truncated=no, start-type=ATG, RBS-motif=AGGAGG
22:59:20.560 - INFO - CDS - seq=contig_5, start=26773, stop=27105, strand=-, frame=1, truncated=no, start-type=GTG, RBS-motif=AGxAGG/AGGxGG
22:59:20.560 - INFO - CDS - seq=contig_5, start=27102, stop=27884, strand=-, frame=2, truncated=no, start-type=ATG, RBS-motif=AGGAG
22:59:20.560 - INFO - CDS - seq=contig_5, start=27871, stop=28722, strand=-, frame=1, truncated=no, start-type=ATG, RBS-motif=AGGAGG
22:59:20.560 - INFO - CDS - seq=contig_5, start=28738, stop=29562, strand=-, frame=1, truncated=no, start-type=ATG, RBS-motif=None
22:59:20.560 - INFO - CDS - seq=contig_5, start=29519, stop=30385, strand=-, frame=3, truncated=no, start-type=ATG, RBS-motif=AGGAGG
22:59:20.560 - INFO - CDS - seq=contig_5, start=30398, stop=30805, strand=-, frame=3, truncated=no, start-type=ATG, RBS-motif=AGxAGG/AGGxGG
22:59:20.560 - INFO - CDS - seq=contig_5, start=30798, stop=30917, strand=-, frame=2, truncated=no, start-type=ATG, RBS-motif=AGGAGG
22:59:20.560 - INFO - CDS - seq=contig_5, start=30905, stop=31033, strand=-, frame=3, truncated=no, start-type=ATG, RBS-motif=AGGAGG
22:59:20.560 - INFO - CDS - seq=contig_5, start=31046, stop=31267, strand=-, frame=3, truncated=no, start-type=ATG, RBS-motif=AGGA
22:59:20.560 - INFO - CDS - seq=contig_5, start=31246, stop=31794, strand=-, frame=1, truncated=no, start-type=ATG, RBS-motif=AGGA
22:59:20.560 - INFO - CDS - seq=contig_5, start=31860, stop=32006, strand=-, frame=2, truncated=no, start-type=ATG, RBS-motif=AGGAGG
22:59:20.560 - INFO - CDS - seq=contig_5, start=32094, stop=32303, strand=+, frame=3, truncated=no, start-type=ATG, RBS-motif=GGAGG
22:59:20.560 - INFO - CDS - seq=contig_5, start=32300, stop=32611, strand=-, frame=3, truncated=no, start-type=ATG, RBS-motif=AGGAGG
22:59:20.560 - INFO - CDS - seq=contig_5, start=32608, stop=32871, strand=-, frame=1, truncated=no, start-type=ATG, RBS-motif=AGGA
22:59:20.560 - INFO - CDS - seq=contig_5, start=33035, stop=33493, strand=+, frame=2, truncated=no, start-type=ATG, RBS-motif=GGAG/GAGG
22:59:20.560 - INFO - CDS - seq=contig_5, start=33512, stop=33958, strand=+, frame=2, truncated=no, start-type=TTG, RBS-motif=AGxAGG/AGGxGG
22:59:20.560 - INFO - CDS - seq=contig_5, start=33982, stop=34845, strand=+, frame=1, truncated=no, start-type=ATG, RBS-motif=GGAG/GAGG
22:59:20.560 - INFO - CDS - seq=contig_5, start=34869, stop=35459, strand=+, frame=3, truncated=no, start-type=ATG, RBS-motif=GGAGG
22:59:20.560 - INFO - CDS - seq=contig_5, start=35794, stop=36219, strand=+, frame=1, truncated=no, start-type=ATG, RBS-motif=AGGAG
22:59:20.560 - INFO - CDS - seq=contig_5, start=36243, stop=36446, strand=+, frame=3, truncated=no, start-type=ATG, RBS-motif=GGAG/GAGG
22:59:20.560 - INFO - CDS - seq=contig_5, start=36536, stop=37720, strand=+, frame=2, truncated=no, start-type=ATG, RBS-motif=AGGAG
22:59:20.560 - INFO - CDS - seq=contig_5, start=37846, stop=39186, strand=-, frame=1, truncated=no, start-type=ATG, RBS-motif=AGGAGG
22:59:20.560 - INFO - CDS - seq=contig_5, start=39400, stop=40257, strand=-, frame=1, truncated=no, start-type=ATG, RBS-motif=GGAG/GAGG
22:59:20.560 - INFO - CDS - seq=contig_5, start=40429, stop=41034, strand=-, frame=1, truncated=no, start-type=ATG, RBS-motif=GGAGG
22:59:20.560 - INFO - CDS - seq=contig_5, start=41500, stop=43755, strand=+, frame=1, truncated=no, start-type=TTG, RBS-motif=AGGAG
22:59:20.561 - INFO - CDS - seq=contig_5, start=43841, stop=44587, strand=+, frame=2, truncated=no, start-type=ATG, RBS-motif=AGGA/GGAG/GAGG
22:59:20.561 - INFO - CDS - seq=contig_5, start=44597, stop=45166, strand=+, frame=2, truncated=no, start-type=ATG, RBS-motif=AGGAG
22:59:20.561 - INFO - CDS - seq=contig_5, start=45288, stop=46583, strand=-, frame=2, truncated=no, start-type=GTG, RBS-motif=AGGAGG
22:59:20.561 - INFO - CDS - seq=contig_5, start=46653, stop=47762, strand=-, frame=2, truncated=no, start-type=GTG, RBS-motif=GGAG/GAGG
22:59:20.561 - INFO - CDS - seq=contig_5, start=47783, stop=49111, strand=-, frame=3, truncated=no, start-type=ATG, RBS-motif=AGGAG/GGAGG
22:59:20.561 - INFO - CDS - seq=contig_5, start=49118, stop=49696, strand=-, frame=3, truncated=no, start-type=GTG, RBS-motif=AGGAG
22:59:20.561 - INFO - CDS - seq=contig_5, start=49887, stop=50522, strand=-, frame=2, truncated=no, start-type=TTG, RBS-motif=AGGAG
22:59:20.561 - INFO - CDS - seq=contig_5, start=50528, stop=51010, strand=-, frame=3, truncated=no, start-type=ATG, RBS-motif=AGxAGG/AGGxGG
22:59:20.561 - INFO - CDS - seq=contig_5, start=51252, stop=51452, strand=-, frame=2, truncated=no, start-type=ATG, RBS-motif=AGGAGG
22:59:20.561 - INFO - CDS - seq=contig_5, start=52136, stop=52363, strand=-, frame=3, truncated=no, start-type=GTG, RBS-motif=GGA/GAG/AGG
22:59:20.561 - INFO - CDS - seq=contig_5, start=52412, stop=53377, strand=-, frame=3, truncated=no, start-type=ATG, RBS-motif=GGAGG
22:59:20.561 - INFO - CDS - seq=contig_5, start=53505, stop=54143, strand=+, frame=3, truncated=no, start-type=ATG, RBS-motif=AGGAG
22:59:20.561 - INFO - CDS - seq=contig_5, start=54230, stop=55159, strand=+, frame=2, truncated=no, start-type=ATG, RBS-motif=AGGAGG
22:59:20.561 - INFO - CDS - seq=contig_5, start=55511, stop=57250, strand=-, frame=3, truncated=no, start-type=ATG, RBS-motif=GGAGG
22:59:20.561 - INFO - CDS - seq=contig_5, start=57561, stop=60224, strand=+, frame=3, truncated=no, start-type=ATG, RBS-motif=AGGAG/GGAGG
22:59:20.561 - INFO - CDS - seq=contig_5, start=60889, stop=61719, strand=+, frame=1, truncated=no, start-type=ATG, RBS-motif=GGA/GAG/AGG
22:59:20.561 - INFO - CDS - seq=contig_5, start=61807, stop=63660, strand=+, frame=1, truncated=no, start-type=ATG, RBS-motif=AGGAGG
22:59:20.561 - INFO - CDS - seq=contig_5, start=63741, stop=65189, strand=+, frame=3, truncated=no, start-type=ATG, RBS-motif=AGGAG
22:59:20.561 - INFO - CDS - seq=contig_5, start=65593, stop=66333, strand=-, frame=1, truncated=no, start-type=ATG, RBS-motif=AGGAGG
22:59:20.561 - INFO - CDS - seq=contig_5, start=67097, stop=68719, strand=-, frame=3, truncated=no, start-type=ATG, RBS-motif=GGAG/GAGG
22:59:20.561 - INFO - CDS - seq=contig_5, start=68733, stop=69053, strand=-, frame=2, truncated=no, start-type=ATG, RBS-motif=AGGAGG
22:59:20.561 - INFO - CDS - seq=contig_5, start=69028, stop=70071, strand=-, frame=1, truncated=no, start-type=ATG, RBS-motif=3Base/5BMM
22:59:20.561 - INFO - CDS - seq=contig_5, start=70168, stop=70905, strand=-, frame=1, truncated=no, start-type=ATG, RBS-motif=GGAG/GAGG
22:59:20.561 - INFO - CDS - seq=contig_5, start=71585, stop=72322, strand=-, frame=3, truncated=no, start-type=ATG, RBS-motif=None
22:59:20.561 - INFO - CDS - seq=contig_5, start=72941, stop=76105, strand=-, frame=3, truncated=no, start-type=GTG, RBS-motif=3Base/5BMM
22:59:20.562 - INFO - CDS - seq=contig_5, start=76102, stop=83319, strand=-, frame=1, truncated=no, start-type=ATG, RBS-motif=GGA/GAG/AGG
22:59:20.562 - INFO - CDS - seq=contig_5, start=83919, stop=84785, strand=-, frame=2, truncated=no, start-type=ATG, RBS-motif=GGAGG
22:59:20.562 - INFO - CDS - seq=contig_5, start=84775, stop=86217, strand=-, frame=1, truncated=no, start-type=ATG, RBS-motif=AGGAG
22:59:20.562 - INFO - CDS - seq=contig_5, start=86245, stop=86994, strand=-, frame=1, truncated=no, start-type=ATG, RBS-motif=GGAG/GAGG
22:59:20.562 - INFO - CDS - seq=contig_5, start=87015, stop=88628, strand=-, frame=2, truncated=no, start-type=GTG, RBS-motif=AGxAGG/AGGxGG
22:59:20.562 - INFO - CDS - seq=contig_5, start=88621, stop=90234, strand=-, frame=1, truncated=no, start-type=ATG, RBS-motif=GGAGG
22:59:20.562 - INFO - CDS - seq=contig_5, start=90249, stop=91472, strand=-, frame=2, truncated=no, start-type=GTG, RBS-motif=AGxAGG/AGGxGG
22:59:20.562 - INFO - CDS - seq=contig_5, start=91532, stop=93919, strand=-, frame=3, truncated=no, start-type=TTG, RBS-motif=AGGAG
22:59:20.562 - INFO - CDS - seq=contig_5, start=94006, stop=94194, strand=+, frame=1, truncated=no, start-type=ATG, RBS-motif=None
22:59:20.562 - INFO - CDS - seq=contig_5, start=94298, stop=95227, strand=+, frame=2, truncated=no, start-type=ATG, RBS-motif=AGGAG(G)/GGAGG
22:59:20.562 - INFO - CDS - seq=contig_5, start=95273, stop=96181, strand=+, frame=2, truncated=no, start-type=TTG, RBS-motif=AGxAGG/AGGxGG
22:59:20.562 - INFO - CDS - seq=contig_5, start=96217, stop=97119, strand=+, frame=1, truncated=no, start-type=ATG, RBS-motif=GGAGG
22:59:20.562 - INFO - CDS - seq=contig_5, start=97285, stop=98187, strand=+, frame=1, truncated=no, start-type=ATG, RBS-motif=GGAGG
22:59:20.562 - INFO - CDS - seq=contig_5, start=98292, stop=99206, strand=-, frame=2, truncated=no, start-type=GTG, RBS-motif=GGA/GAG/AGG
22:59:20.562 - INFO - CDS - seq=contig_5, start=99364, stop=100437, strand=-, frame=1, truncated=no, start-type=GTG, RBS-motif=GGA/GAG/AGG
22:59:20.562 - INFO - CDS - seq=contig_5, start=100816, stop=101025, strand=+, frame=1, truncated=no, start-type=ATG, RBS-motif=AGGAGG
22:59:20.562 - INFO - CDS - seq=contig_5, start=101041, stop=101298, strand=+, frame=1, truncated=no, start-type=ATG, RBS-motif=GGAGG
22:59:20.562 - INFO - CDS - seq=contig_5, start=101517, stop=102578, strand=-, frame=2, truncated=no, start-type=ATG, RBS-motif=GGAG/GAGG
22:59:20.562 - INFO - CDS - seq=contig_5, start=102857, stop=103681, strand=-, frame=3, truncated=no, start-type=TTG, RBS-motif=GGAGG
22:59:20.562 - INFO - CDS - seq=contig_5, start=103914, stop=104837, strand=+, frame=3, truncated=no, start-type=ATG, RBS-motif=GGAG/GAGG
22:59:20.562 - INFO - CDS - seq=contig_5, start=105090, stop=105551, strand=+, frame=3, truncated=no, start-type=ATG, RBS-motif=AGGA/GGAG/GAGG
22:59:20.562 - INFO - CDS - seq=contig_5, start=105637, stop=106644, strand=-, frame=1, truncated=no, start-type=ATG, RBS-motif=AGGAGG
22:59:20.562 - INFO - CDS - seq=contig_5, start=106785, stop=108158, strand=-, frame=2, truncated=no, start-type=ATG, RBS-motif=GGAG/GAGG
22:59:20.562 - INFO - CDS - seq=contig_5, start=108548, stop=109156, strand=-, frame=3, truncated=no, start-type=ATG, RBS-motif=GGA/GAG/AGG
22:59:20.562 - INFO - CDS - seq=contig_5, start=109481, stop=110716, strand=+, frame=2, truncated=no, start-type=ATG, RBS-motif=GGAGG
22:59:20.563 - INFO - CDS - seq=contig_5, start=110871, stop=112649, strand=-, frame=2, truncated=no, start-type=ATG, RBS-motif=AGxAGG/AGGxGG
22:59:20.563 - INFO - CDS - seq=contig_5, start=112735, stop=113457, strand=-, frame=1, truncated=no, start-type=ATG, RBS-motif=AGGAG
22:59:20.563 - INFO - CDS - seq=contig_5, start=113755, stop=114177, strand=-, frame=1, truncated=no, start-type=ATG, RBS-motif=GGAG/GAGG
22:59:20.563 - INFO - CDS - seq=contig_5, start=114251, stop=114619, strand=-, frame=3, truncated=no, start-type=ATG, RBS-motif=AGGA
22:59:20.563 - INFO - CDS - seq=contig_5, start=114619, stop=115905, strand=-, frame=1, truncated=no, start-type=GTG, RBS-motif=GGAG/GAGG
22:59:20.563 - INFO - CDS - seq=contig_5, start=115919, stop=116872, strand=-, frame=3, truncated=no, start-type=ATG, RBS-motif=AGxAGG/AGGxGG
22:59:20.563 - INFO - CDS - seq=contig_5, start=117219, stop=117575, strand=+, frame=3, truncated=no, start-type=ATG, RBS-motif=GGAGG
22:59:20.563 - INFO - CDS - seq=contig_5, start=117787, stop=118143, strand=-, frame=1, truncated=no, start-type=ATG, RBS-motif=GGAG/GAGG
22:59:20.563 - INFO - CDS - seq=contig_5, start=118276, stop=119013, strand=-, frame=1, truncated=no, start-type=GTG, RBS-motif=AGGAGG
22:59:20.563 - INFO - CDS - seq=contig_5, start=119520, stop=119714, strand=+, frame=3, truncated=no, start-type=ATG, RBS-motif=AGGAG
22:59:20.563 - INFO - CDS - seq=contig_5, start=119799, stop=120725, strand=+, frame=3, truncated=no, start-type=ATG, RBS-motif=AGGAG
22:59:20.563 - INFO - CDS - seq=contig_5, start=120983, stop=121855, strand=+, frame=2, truncated=no, start-type=ATG, RBS-motif=GGAG/GAGG
22:59:20.563 - INFO - CDS - seq=contig_5, start=122153, stop=122605, strand=+, frame=2, truncated=no, start-type=ATG, RBS-motif=AGGAGG
22:59:20.563 - INFO - CDS - seq=contig_5, start=122690, stop=124105, strand=-, frame=3, truncated=no, start-type=ATG, RBS-motif=GGA/GAG/AGG
22:59:20.563 - INFO - CDS - seq=contig_5, start=124234, stop=126138, strand=-, frame=1, truncated=no, start-type=ATG, RBS-motif=AGGAGG
22:59:20.563 - INFO - CDS - seq=contig_5, start=126307, stop=127182, strand=+, frame=1, truncated=no, start-type=ATG, RBS-motif=GGAG/GAGG
22:59:20.563 - INFO - CDS - seq=contig_5, start=127262, stop=128074, strand=-, frame=3, truncated=no, start-type=TTG, RBS-motif=GGAG/GAGG
22:59:20.563 - INFO - CDS - seq=contig_5, start=128127, stop=129371, strand=-, frame=2, truncated=no, start-type=ATG, RBS-motif=GGA/GAG/AGG
22:59:20.563 - INFO - CDS - seq=contig_5, start=129932, stop=131296, strand=-, frame=3, truncated=no, start-type=TTG, RBS-motif=AGGA
22:59:20.563 - INFO - CDS - seq=contig_5, start=131298, stop=132332, strand=-, frame=2, truncated=no, start-type=ATG, RBS-motif=AGGAG
22:59:20.563 - INFO - CDS - seq=contig_5, start=132605, stop=134035, strand=-, frame=3, truncated=no, start-type=ATG, RBS-motif=GGxGG
22:59:20.563 - INFO - CDS - seq=contig_5, start=134037, stop=135491, strand=-, frame=2, truncated=no, start-type=GTG, RBS-motif=AGGAGG
22:59:20.563 - INFO - CDS - seq=contig_5, start=135495, stop=135791, strand=-, frame=2, truncated=no, start-type=ATG, RBS-motif=GGA/GAG/AGG
22:59:20.563 - INFO - CDS - seq=contig_5, start=135843, stop=136994, strand=-, frame=2, truncated=no, start-type=ATG, RBS-motif=GGAG/GAGG
22:59:20.563 - INFO - CDS - seq=contig_5, start=137004, stop=139028, strand=-, frame=2, truncated=no, start-type=GTG, RBS-motif=AGGAGG
22:59:20.563 - INFO - CDS - seq=contig_5, start=139085, stop=141340, strand=-, frame=3, truncated=no, start-type=ATG, RBS-motif=AGGA/GGAG/GAGG
22:59:20.563 - INFO - CDS - seq=contig_5, start=141447, stop=141635, strand=-, frame=2, truncated=no, start-type=ATG, RBS-motif=GGAG/GAGG
22:59:20.563 - INFO - CDS - seq=contig_5, start=141806, stop=142126, strand=+, frame=2, truncated=no, start-type=ATG, RBS-motif=AGGAG/GGAGG
22:59:20.564 - INFO - CDS - seq=contig_5, start=142158, stop=142949, strand=+, frame=3, truncated=no, start-type=ATG, RBS-motif=AGxAGG/AGGxGG
22:59:20.564 - INFO - CDS - seq=contig_5, start=142953, stop=144146, strand=+, frame=3, truncated=no, start-type=ATG, RBS-motif=GGAGG
22:59:20.564 - INFO - CDS - seq=contig_5, start=144282, stop=144458, strand=+, frame=3, truncated=no, start-type=ATG, RBS-motif=AGGAGG
22:59:20.564 - INFO - CDS - seq=contig_5, start=144593, stop=145900, strand=+, frame=2, truncated=no, start-type=ATG, RBS-motif=GGAG/GAGG
22:59:20.564 - INFO - CDS - seq=contig_5, start=145878, stop=146213, strand=+, frame=3, truncated=no, start-type=ATG, RBS-motif=AGGAGG
22:59:20.564 - INFO - CDS - seq=contig_5, start=146294, stop=146797, strand=-, frame=3, truncated=no, start-type=ATG, RBS-motif=GGAG/GAGG
22:59:20.564 - INFO - CDS - seq=contig_5, start=146822, stop=147256, strand=-, frame=3, truncated=no, start-type=GTG, RBS-motif=GGAGG
22:59:20.564 - INFO - CDS - seq=contig_5, start=147704, stop=147913, strand=+, frame=2, truncated=no, start-type=ATG, RBS-motif=AGxAGG/AGGxGG
22:59:20.564 - INFO - CDS - seq=contig_5, start=147975, stop=148508, strand=-, frame=2, truncated=no, start-type=ATG, RBS-motif=AGGAG
22:59:20.564 - INFO - CDS - seq=contig_5, start=148777, stop=150252, strand=-, frame=1, truncated=no, start-type=ATG, RBS-motif=None
22:59:20.564 - INFO - CDS - seq=contig_5, start=150249, stop=150977, strand=-, frame=2, truncated=no, start-type=ATG, RBS-motif=GGAG/GAGG
22:59:20.564 - INFO - CDS - seq=contig_5, start=150993, stop=151388, strand=-, frame=2, truncated=no, start-type=ATG, RBS-motif=GGAGG
22:59:20.564 - INFO - CDS - seq=contig_5, start=152048, stop=152356, strand=+, frame=2, truncated=no, start-type=ATG, RBS-motif=AGGAGG
22:59:20.564 - INFO - CDS - seq=contig_5, start=152626, stop=154917, strand=-, frame=1, truncated=no, start-type=TTG, RBS-motif=AGGAGG
22:59:20.564 - INFO - CDS - seq=contig_5, start=155195, stop=156064, strand=-, frame=3, truncated=no, start-type=ATG, RBS-motif=GGxGG
22:59:20.564 - INFO - CDS - seq=contig_5, start=156061, stop=157017, strand=-, frame=1, truncated=no, start-type=ATG, RBS-motif=AGxAG
22:59:20.564 - INFO - CDS - seq=contig_5, start=157018, stop=157857, strand=-, frame=1, truncated=no, start-type=ATG, RBS-motif=AGGAGG
22:59:20.564 - INFO - CDS - seq=contig_5, start=157854, stop=158618, strand=-, frame=2, truncated=no, start-type=ATG, RBS-motif=GGAG/GAGG
22:59:20.564 - INFO - CDS - seq=contig_5, start=158818, stop=160206, strand=-, frame=1, truncated=no, start-type=ATG, RBS-motif=AGGAGG
22:59:20.564 - INFO - CDS - seq=contig_5, start=160345, stop=160803, strand=-, frame=1, truncated=no, start-type=ATG, RBS-motif=AGGAG
22:59:20.564 - INFO - CDS - seq=contig_5, start=161022, stop=162032, strand=-, frame=2, truncated=no, start-type=TTG, RBS-motif=AGxAGG/AGGxGG
22:59:20.564 - INFO - CDS - seq=contig_5, start=162135, stop=162467, strand=-, frame=2, truncated=no, start-type=ATG, RBS-motif=GGxGG
22:59:20.564 - INFO - CDS - seq=contig_5, start=162451, stop=162912, strand=-, frame=1, truncated=no, start-type=ATG, RBS-motif=AGGAGG
22:59:20.564 - INFO - CDS - seq=contig_5, start=162872, stop=163192, strand=-, frame=3, truncated=no, start-type=ATG, RBS-motif=None
22:59:20.564 - INFO - CDS - seq=contig_5, start=163153, stop=163593, strand=-, frame=1, truncated=no, start-type=ATG, RBS-motif=None
22:59:20.564 - INFO - CDS - seq=contig_5, start=163590, stop=163913, strand=-, frame=2, truncated=no, start-type=ATG, RBS-motif=GGAGG
22:59:20.564 - INFO - CDS - seq=contig_5, start=163916, stop=164863, strand=-, frame=3, truncated=no, start-type=ATG, RBS-motif=AGxAGG/AGGxGG
22:59:20.565 - INFO - CDS - seq=contig_5, start=164866, stop=165771, strand=-, frame=1, truncated=no, start-type=ATG, RBS-motif=AGGA/GGAG/GAGG
22:59:20.565 - INFO - CDS - seq=contig_5, start=165858, stop=166589, strand=-, frame=2, truncated=no, start-type=ATG, RBS-motif=GGAG/GAGG
22:59:20.565 - INFO - CDS - seq=contig_5, start=166660, stop=167151, strand=-, frame=1, truncated=no, start-type=GTG, RBS-motif=AGxAGG/AGGxGG
22:59:20.565 - INFO - CDS - seq=contig_5, start=167226, stop=169031, strand=+, frame=3, truncated=no, start-type=ATG, RBS-motif=AGGA
22:59:20.565 - INFO - CDS - seq=contig_5, start=169121, stop=169261, strand=+, frame=2, truncated=no, start-type=ATG, RBS-motif=GGAG/GAGG
22:59:20.565 - INFO - CDS - seq=contig_5, start=169239, stop=171050, strand=-, frame=2, truncated=no, start-type=ATG, RBS-motif=AGGA
22:59:20.565 - INFO - CDS - seq=contig_5, start=171366, stop=172730, strand=-, frame=2, truncated=no, start-type=ATG, RBS-motif=GGAG/GAGG
22:59:20.565 - INFO - CDS - seq=contig_5, start=172752, stop=173837, strand=-, frame=2, truncated=no, start-type=ATG, RBS-motif=AGGAGG
22:59:20.565 - INFO - CDS - seq=contig_5, start=173834, stop=174691, strand=-, frame=3, truncated=no, start-type=ATG, RBS-motif=GGAGG
22:59:20.565 - INFO - CDS - seq=contig_5, start=174955, stop=175689, strand=+, frame=1, truncated=no, start-type=ATG, RBS-motif=None
22:59:20.565 - INFO - CDS - seq=contig_5, start=175679, stop=176818, strand=+, frame=2, truncated=no, start-type=ATG, RBS-motif=GGAGG
22:59:20.565 - INFO - CDS - seq=contig_5, start=176836, stop=177501, strand=+, frame=1, truncated=no, start-type=ATG, RBS-motif=GGA/GAG/AGG
22:59:20.565 - INFO - CDS - seq=contig_5, start=177616, stop=180408, strand=+, frame=1, truncated=no, start-type=ATG, RBS-motif=AGGAG(G)/GGAGG
22:59:20.565 - INFO - CDS - seq=contig_5, start=180627, stop=180821, strand=+, frame=3, truncated=no, start-type=ATG, RBS-motif=GGAGG
22:59:20.565 - INFO - CDS - seq=contig_5, start=181426, stop=182499, strand=-, frame=1, truncated=no, start-type=ATG, RBS-motif=GGAG/GAGG
22:59:20.565 - INFO - CDS - seq=contig_5, start=182483, stop=183322, strand=-, frame=3, truncated=no, start-type=ATG, RBS-motif=AGxAGG/AGGxGG
22:59:20.565 - INFO - CDS - seq=contig_5, start=183312, stop=184136, strand=-, frame=2, truncated=no, start-type=GTG, RBS-motif=AGGAGG
22:59:20.565 - INFO - CDS - seq=contig_5, start=184236, stop=185324, strand=-, frame=2, truncated=no, start-type=TTG, RBS-motif=AGGAG
22:59:20.565 - INFO - CDS - seq=contig_5, start=185338, stop=185877, strand=-, frame=1, truncated=no, start-type=ATG, RBS-motif=AGxAGG/AGGxGG
22:59:20.565 - INFO - CDS - seq=contig_5, start=186183, stop=188291, strand=-, frame=2, truncated=no, start-type=ATG, RBS-motif=GGA/GAG/AGG
22:59:20.565 - INFO - CDS - seq=contig_5, start=188313, stop=189218, strand=-, frame=2, truncated=no, start-type=GTG, RBS-motif=AGGA
22:59:20.565 - INFO - CDS - seq=contig_5, start=189478, stop=190236, strand=+, frame=1, truncated=no, start-type=ATG, RBS-motif=AGGAG/GGAGG
22:59:20.565 - INFO - CDS - seq=contig_5, start=190248, stop=190790, strand=+, frame=3, truncated=no, start-type=ATG, RBS-motif=AGGAG
22:59:20.565 - INFO - CDS - seq=contig_5, start=190925, stop=192184, strand=-, frame=3, truncated=no, start-type=ATG, RBS-motif=AGxAGG/AGGxGG
22:59:20.565 - INFO - CDS - seq=contig_5, start=192177, stop=193073, strand=-, frame=2, truncated=no, start-type=ATG, RBS-motif=AGGAG
22:59:20.565 - INFO - CDS - seq=contig_5, start=193336, stop=193440, strand=-, frame=1, truncated=no, start-type=ATG, RBS-motif=AGxAGG/AGGxGG
22:59:20.565 - INFO - CDS - seq=contig_5, start=193523, stop=193984, strand=-, frame=3, truncated=no, start-type=ATG, RBS-motif=None
22:59:20.566 - INFO - CDS - seq=contig_5, start=193981, stop=194958, strand=-, frame=1, truncated=no, start-type=TTG, RBS-motif=GGAGG
22:59:20.566 - INFO - CDS - seq=contig_5, start=195080, stop=195766, strand=-, frame=3, truncated=no, start-type=TTG, RBS-motif=GGAGG
22:59:20.566 - INFO - CDS - seq=contig_5, start=195886, stop=196779, strand=+, frame=1, truncated=no, start-type=ATG, RBS-motif=AGGAG/GGAGG
22:59:20.566 - INFO - CDS - seq=contig_5, start=196992, stop=197498, strand=+, frame=3, truncated=no, start-type=ATG, RBS-motif=GGAGG
22:59:20.566 - INFO - CDS - seq=contig_5, start=197806, stop=198387, strand=-, frame=1, truncated=no, start-type=TTG, RBS-motif=AGGAG
22:59:20.566 - INFO - CDS - seq=contig_5, start=198757, stop=199818, strand=+, frame=1, truncated=no, start-type=TTG, RBS-motif=AGGAG
22:59:20.566 - INFO - CDS - seq=contig_5, start=199808, stop=200701, strand=+, frame=2, truncated=no, start-type=ATG, RBS-motif=GGxGG
22:59:20.566 - INFO - CDS - seq=contig_5, start=200717, stop=201538, strand=+, frame=2, truncated=no, start-type=ATG, RBS-motif=AGGAGG
22:59:20.566 - INFO - CDS - seq=contig_5, start=201548, stop=202861, strand=+, frame=2, truncated=no, start-type=ATG, RBS-motif=AGGA/GGAG/GAGG
22:59:20.566 - INFO - CDS - seq=contig_5, start=202990, stop=204231, strand=+, frame=1, truncated=no, start-type=GTG, RBS-motif=GGAGG
22:59:20.566 - INFO - CDS - seq=contig_5, start=204551, stop=204739, strand=-, frame=3, truncated=no, start-type=ATG, RBS-motif=GGA/GAG/AGG
22:59:20.566 - INFO - CDS - seq=contig_5, start=204729, stop=205031, strand=-, frame=2, truncated=no, start-type=ATG, RBS-motif=GGA/GAG/AGG
22:59:20.566 - INFO - CDS - seq=contig_5, start=205506, stop=206363, strand=-, frame=2, truncated=no, start-type=ATG, RBS-motif=AGGAGG
22:59:20.566 - INFO - CDS - seq=contig_5, start=206369, stop=207727, strand=-, frame=3, truncated=no, start-type=ATG, RBS-motif=AGGAG
22:59:20.566 - INFO - CDS - seq=contig_5, start=207798, stop=209030, strand=-, frame=2, truncated=no, start-type=ATG, RBS-motif=AGxAGG/AGGxGG
22:59:20.566 - INFO - CDS - seq=contig_5, start=209070, stop=210695, strand=-, frame=2, truncated=no, start-type=ATG, RBS-motif=GGAGG
22:59:20.566 - INFO - CDS - seq=contig_5, start=210723, stop=211853, strand=-, frame=2, truncated=no, start-type=ATG, RBS-motif=AGGAG/GGAGG
22:59:20.566 - INFO - CDS - seq=contig_5, start=211858, stop=212550, strand=-, frame=1, truncated=no, start-type=ATG, RBS-motif=AGxAGG/AGGxGG
22:59:20.566 - INFO - CDS - seq=contig_5, start=212543, stop=214804, strand=-, frame=3, truncated=no, start-type=ATG, RBS-motif=AGGA/GGAG/GAGG
22:59:20.566 - INFO - CDS - seq=contig_5, start=214934, stop=216679, strand=-, frame=3, truncated=no, start-type=ATG, RBS-motif=AGGAG/GGAGG
22:59:20.566 - INFO - CDS - seq=contig_5, start=216676, stop=218352, strand=-, frame=1, truncated=no, start-type=ATG, RBS-motif=AGxAGG/AGGxGG
22:59:20.566 - INFO - CDS - seq=contig_5, start=218557, stop=219510, strand=-, frame=1, truncated=no, start-type=GTG, RBS-motif=GGAGG
22:59:20.566 - INFO - CDS - seq=contig_5, start=219908, stop=220381, strand=-, frame=3, truncated=no, start-type=ATG, RBS-motif=AGxAGG/AGGxGG
22:59:20.566 - INFO - CDS - seq=contig_5, start=220413, stop=222782, strand=-, frame=2, truncated=no, start-type=ATG, RBS-motif=GGAG/GAGG
22:59:20.567 - INFO - CDS - seq=contig_5, start=222784, stop=223518, strand=-, frame=1, truncated=no, start-type=ATG, RBS-motif=AGGA/GGAG/GAGG
22:59:20.567 - INFO - CDS - seq=contig_5, start=223761, stop=224084, strand=-, frame=2, truncated=no, start-type=ATG, RBS-motif=AGxAGG/AGGxGG
22:59:20.567 - INFO - CDS - seq=contig_5, start=224182, stop=225753, strand=-, frame=1, truncated=no, start-type=TTG, RBS-motif=GGAGG
22:59:20.567 - INFO - CDS - seq=contig_5, start=225842, stop=226144, strand=-, frame=3, truncated=no, start-type=ATG, RBS-motif=AGGA
22:59:20.567 - INFO - CDS - seq=contig_5, start=226204, stop=227466, strand=-, frame=1, truncated=no, start-type=ATG, RBS-motif=AGGA
22:59:20.567 - INFO - CDS - seq=contig_5, start=227796, stop=229100, strand=-, frame=2, truncated=no, start-type=ATG, RBS-motif=AGGAG
22:59:20.567 - INFO - CDS - seq=contig_5, start=229149, stop=229904, strand=-, frame=2, truncated=no, start-type=ATG, RBS-motif=AGGA
22:59:20.567 - INFO - CDS - seq=contig_5, start=229979, stop=231169, strand=-, frame=3, truncated=no, start-type=TTG, RBS-motif=AGGAGG
22:59:20.567 - INFO - CDS - seq=contig_5, start=231360, stop=232382, strand=-, frame=2, truncated=no, start-type=ATG, RBS-motif=AGGAGG
22:59:20.567 - INFO - CDS - seq=contig_5, start=232419, stop=233456, strand=-, frame=2, truncated=no, start-type=ATG, RBS-motif=AGxAGG/AGGxGG
22:59:20.567 - INFO - CDS - seq=contig_5, start=233545, stop=233790, strand=+, frame=1, truncated=no, start-type=ATG, RBS-motif=AGGA
22:59:20.567 - INFO - CDS - seq=contig_5, start=234257, stop=234847, strand=-, frame=3, truncated=no, start-type=ATG, RBS-motif=AGGAGG
22:59:20.567 - INFO - CDS - seq=contig_5, start=234964, stop=235419, strand=-, frame=1, truncated=no, start-type=ATG, RBS-motif=AGGAGG
22:59:20.567 - INFO - CDS - seq=contig_5, start=235805, stop=236752, strand=-, frame=3, truncated=no, start-type=ATG, RBS-motif=GGAGG
22:59:20.567 - INFO - CDS - seq=contig_5, start=236757, stop=237785, strand=-, frame=2, truncated=no, start-type=ATG, RBS-motif=AGGAG(G)/GGAGG
22:59:20.567 - INFO - CDS - seq=contig_5, start=237782, stop=238669, strand=-, frame=3, truncated=no, start-type=ATG, RBS-motif=AGGAG
22:59:20.567 - INFO - CDS - seq=contig_5, start=238832, stop=239371, strand=-, frame=3, truncated=no, start-type=ATG, RBS-motif=AGxAGG/AGGxGG
22:59:20.567 - INFO - CDS - seq=contig_5, start=239723, stop=242614, strand=-, frame=3, truncated=no, start-type=ATG, RBS-motif=AGGAG/GGAGG
22:59:20.567 - INFO - CDS - seq=contig_5, start=242882, stop=244897, strand=-, frame=3, truncated=no, start-type=ATG, RBS-motif=AGGAGG
22:59:20.568 - INFO - CDS - seq=contig_5, start=245103, stop=245750, strand=-, frame=2, truncated=no, start-type=ATG, RBS-motif=AGGAGG
22:59:20.568 - INFO - CDS - seq=contig_5, start=246180, stop=248546, strand=-, frame=2, truncated=no, start-type=ATG, RBS-motif=GGxGG
22:59:20.568 - INFO - CDS - seq=contig_5, start=248552, stop=249217, strand=-, frame=3, truncated=no, start-type=GTG, RBS-motif=AGGAGG
22:59:20.568 - INFO - CDS - seq=contig_5, start=249317, stop=250327, strand=-, frame=3, truncated=no, start-type=ATG, RBS-motif=None
22:59:20.568 - INFO - CDS - seq=contig_5, start=250320, stop=250967, strand=-, frame=2, truncated=no, start-type=ATG, RBS-motif=GGxGG
22:59:20.568 - INFO - CDS - seq=contig_5, start=251202, stop=252929, strand=-, frame=2, truncated=no, start-type=GTG, RBS-motif=GGAG/GAGG
22:59:20.568 - INFO - CDS - seq=contig_5, start=253161, stop=254108, strand=-, frame=2, truncated=no, start-type=ATG, RBS-motif=AGGAG
22:59:20.568 - INFO - CDS - seq=contig_5, start=254174, stop=255229, strand=-, frame=3, truncated=no, start-type=GTG, RBS-motif=AGGAG
22:59:20.568 - INFO - CDS - seq=contig_5, start=255240, stop=256067, strand=-, frame=2, truncated=no, start-type=TTG, RBS-motif=GGxGG
22:59:20.568 - INFO - CDS - seq=contig_5, start=256069, stop=257028, strand=-, frame=1, truncated=no, start-type=ATG, RBS-motif=AGxAGG/AGGxGG
22:59:20.568 - INFO - CDS - seq=contig_5, start=257220, stop=257555, strand=-, frame=2, truncated=no, start-type=ATG, RBS-motif=GGAG/GAGG
22:59:20.568 - INFO - CDS - seq=contig_5, start=257555, stop=257824, strand=-, frame=3, truncated=no, start-type=ATG, RBS-motif=GGAG/GAGG
22:59:20.568 - INFO - CDS - seq=contig_5, start=257836, stop=259317, strand=-, frame=1, truncated=no, start-type=ATG, RBS-motif=GGAGG
22:59:20.568 - INFO - CDS - seq=contig_5, start=259735, stop=260412, strand=-, frame=1, truncated=no, start-type=ATG, RBS-motif=AGGAGG
22:59:20.568 - INFO - CDS - seq=contig_5, start=260423, stop=261187, strand=-, frame=3, truncated=no, start-type=ATG, RBS-motif=AGGAGG
22:59:20.568 - INFO - CDS - seq=contig_5, start=261197, stop=262015, strand=-, frame=3, truncated=no, start-type=ATG, RBS-motif=GGAGG
22:59:20.568 - INFO - CDS - seq=contig_5, start=262095, stop=262979, strand=-, frame=2, truncated=no, start-type=ATG, RBS-motif=GGAG/GAGG
22:59:20.568 - INFO - CDS - seq=contig_5, start=262976, stop=263899, strand=-, frame=3, truncated=no, start-type=ATG, RBS-motif=AGGAGG
22:59:20.568 - INFO - CDS - seq=contig_5, start=264040, stop=264900, strand=-, frame=1, truncated=no, start-type=GTG, RBS-motif=GGAGG
22:59:20.568 - INFO - CDS - seq=contig_5, start=265003, stop=266670, strand=-, frame=1, truncated=no, start-type=ATG, RBS-motif=GGAGG
22:59:20.568 - INFO - CDS - seq=contig_5, start=266663, stop=267370, strand=-, frame=3, truncated=no, start-type=ATG, RBS-motif=GGAGG
22:59:20.568 - INFO - CDS - seq=contig_5, start=267367, stop=268470, strand=-, frame=1, truncated=no, start-type=ATG, RBS-motif=GGAGG
22:59:20.568 - INFO - CDS - seq=contig_5, start=268794, stop=269681, strand=-, frame=2, truncated=no, start-type=ATG, RBS-motif=AGGAGG
22:59:20.568 - INFO - CDS - seq=contig_5, start=269671, stop=270357, strand=-, frame=1, truncated=no, start-type=ATG, RBS-motif=AGGAG
22:59:20.568 - INFO - CDS - seq=contig_5, start=270434, stop=271540, strand=-, frame=3, truncated=no, start-type=GTG, RBS-motif=GGA/GAG/AGG
22:59:20.569 - INFO - CDS - seq=contig_5, start=271674, stop=274037, strand=-, frame=2, truncated=no, start-type=ATG, RBS-motif=GGAG/GAGG
22:59:20.569 - INFO - CDS - seq=contig_5, start=274371, stop=274928, strand=-, frame=2, truncated=no, start-type=ATG, RBS-motif=GGAG/GAGG
22:59:20.569 - INFO - CDS - seq=contig_5, start=275052, stop=275726, strand=-, frame=2, truncated=no, start-type=ATG, RBS-motif=GGA/GAG/AGG
22:59:20.569 - INFO - CDS - seq=contig_5, start=275726, stop=276991, strand=-, frame=3, truncated=no, start-type=ATG, RBS-motif=GGAG/GAGG
22:59:20.569 - INFO - CDS - seq=contig_5, start=277016, stop=277666, strand=+, frame=2, truncated=no, start-type=ATG, RBS-motif=AGGAG
22:59:20.569 - INFO - CDS - seq=contig_5, start=277760, stop=279331, strand=-, frame=3, truncated=no, start-type=ATG, RBS-motif=GGAGG
22:59:20.569 - INFO - CDS - seq=contig_5, start=279626, stop=280687, strand=-, frame=3, truncated=no, start-type=ATG, RBS-motif=AGGAGG
22:59:20.569 - INFO - CDS - seq=contig_5, start=280744, stop=281985, strand=-, frame=1, truncated=no, start-type=ATG, RBS-motif=AGxAGG/AGGxGG
22:59:20.569 - INFO - CDS - seq=contig_5, start=282359, stop=282952, strand=-, frame=3, truncated=no, start-type=ATG, RBS-motif=GGAG/GAGG
22:59:20.569 - INFO - CDS - seq=contig_5, start=282949, stop=283878, strand=-, frame=1, truncated=no, start-type=ATG, RBS-motif=None
22:59:20.569 - INFO - CDS - seq=contig_5, start=283965, stop=284693, strand=-, frame=2, truncated=no, start-type=ATG, RBS-motif=GGAGG
22:59:20.569 - INFO - CDS - seq=contig_5, start=284693, stop=285985, strand=-, frame=3, truncated=no, start-type=ATG, RBS-motif=GGAGG
22:59:20.569 - INFO - CDS - seq=contig_5, start=285982, stop=287244, strand=-, frame=1, truncated=no, start-type=ATG, RBS-motif=AGGA
22:59:20.569 - INFO - CDS - seq=contig_5, start=287253, stop=289574, strand=-, frame=2, truncated=no, start-type=ATG, RBS-motif=AGGAG
22:59:20.569 - INFO - CDS - seq=contig_5, start=289747, stop=290157, strand=-, frame=1, truncated=no, start-type=ATG, RBS-motif=AGGAGG
22:59:20.569 - INFO - CDS - seq=contig_5, start=290284, stop=290793, strand=-, frame=1, truncated=no, start-type=ATG, RBS-motif=GGA/GAG/AGG
22:59:20.569 - INFO - CDS - seq=contig_5, start=291048, stop=291890, strand=-, frame=2, truncated=no, start-type=ATG, RBS-motif=AGGAGG
22:59:20.569 - INFO - CDS - seq=contig_5, start=291956, stop=292903, strand=+, frame=2, truncated=no, start-type=ATG, RBS-motif=AGGAG
22:59:20.569 - INFO - CDS - seq=contig_5, start=293131, stop=294120, strand=+, frame=1, truncated=no, start-type=ATG, RBS-motif=AGGA
22:59:20.569 - INFO - CDS - seq=contig_5, start=294248, stop=294517, strand=+, frame=2, truncated=no, start-type=ATG, RBS-motif=AGGAG/GGAGG
22:59:20.569 - INFO - CDS - seq=contig_5, start=294630, stop=295007, strand=-, frame=2, truncated=no, start-type=ATG, RBS-motif=GGAGG
22:59:20.569 - INFO - CDS - seq=contig_5, start=295279, stop=296319, strand=+, frame=1, truncated=no, start-type=ATG, RBS-motif=AGGAG
22:59:20.569 - INFO - CDS - seq=contig_5, start=296522, stop=297340, strand=+, frame=2, truncated=no, start-type=ATG, RBS-motif=GGAGG
22:59:20.569 - INFO - CDS - seq=contig_5, start=297362, stop=297997, strand=+, frame=2, truncated=no, start-type=ATG, RBS-motif=GGAGG
22:59:20.569 - INFO - CDS - seq=contig_5, start=298154, stop=299212, strand=+, frame=2, truncated=no, start-type=ATG, RBS-motif=GGAG/GAGG
22:59:20.569 - INFO - CDS - seq=contig_5, start=299321, stop=300223, strand=-, frame=3, truncated=no, start-type=ATG, RBS-motif=GGAG/GAGG
22:59:20.569 - INFO - CDS - seq=contig_5, start=300223, stop=301020, strand=-, frame=1, truncated=no, start-type=ATG, RBS-motif=AGGA
22:59:20.570 - INFO - CDS - seq=contig_5, start=301022, stop=301693, strand=-, frame=3, truncated=no, start-type=ATG, RBS-motif=GGAGG
22:59:20.570 - INFO - CDS - seq=contig_5, start=301887, stop=302480, strand=+, frame=3, truncated=no, start-type=ATG, RBS-motif=GGAGG
22:59:20.570 - INFO - CDS - seq=contig_5, start=302550, stop=303185, strand=+, frame=3, truncated=no, start-type=GTG, RBS-motif=GGAGG
22:59:20.570 - INFO - CDS - seq=contig_5, start=303375, stop=304430, strand=-, frame=2, truncated=no, start-type=ATG, RBS-motif=GGAG/GAGG
22:59:20.570 - INFO - CDS - seq=contig_5, start=304540, stop=305883, strand=-, frame=1, truncated=no, start-type=ATG, RBS-motif=AGGAG
22:59:20.570 - INFO - CDS - seq=contig_5, start=305932, stop=306198, strand=-, frame=1, truncated=no, start-type=ATG, RBS-motif=AGGA/GGAG/GAGG
22:59:20.570 - INFO - CDS - seq=contig_5, start=306389, stop=307717, strand=+, frame=2, truncated=no, start-type=ATG, RBS-motif=GGAGG
22:59:20.570 - INFO - CDS - seq=contig_5, start=307851, stop=309056, strand=-, frame=2, truncated=no, start-type=ATG, RBS-motif=AGxAGG/AGGxGG
22:59:20.570 - INFO - CDS - seq=contig_5, start=309037, stop=309150, strand=-, frame=1, truncated=no, start-type=ATG, RBS-motif=GGAG/GAGG
22:59:20.570 - INFO - CDS - seq=contig_5, start=309399, stop=309872, strand=-, frame=2, truncated=no, start-type=ATG, RBS-motif=GGAGG
22:59:20.570 - INFO - CDS - seq=contig_5, start=309969, stop=311528, strand=-, frame=2, truncated=no, start-type=ATG, RBS-motif=AGGAGG
22:59:20.570 - INFO - CDS - seq=contig_5, start=311556, stop=313067, strand=-, frame=2, truncated=no, start-type=ATG, RBS-motif=GGA/GAG/AGG
22:59:20.570 - INFO - CDS - seq=contig_5, start=313531, stop=314034, strand=+, frame=1, truncated=no, start-type=ATG, RBS-motif=GGAGG
22:59:20.570 - INFO - CDS - seq=contig_5, start=314031, stop=314852, strand=+, frame=3, truncated=no, start-type=ATG, RBS-motif=AGxAGG/AGGxGG
22:59:20.570 - INFO - CDS - seq=contig_5, start=314969, stop=315184, strand=-, frame=3, truncated=no, start-type=ATG, RBS-motif=GGA/GAG/AGG
22:59:20.570 - INFO - CDS - seq=contig_5, start=315327, stop=316037, strand=-, frame=2, truncated=no, start-type=ATG, RBS-motif=None
22:59:20.570 - INFO - CDS - seq=contig_5, start=316042, stop=317685, strand=-, frame=1, truncated=no, start-type=ATG, RBS-motif=AGGAG
22:59:20.570 - INFO - CDS - seq=contig_5, start=317952, stop=320363, strand=-, frame=2, truncated=no, start-type=ATG, RBS-motif=GGAGG
22:59:20.570 - INFO - CDS - seq=contig_5, start=320817, stop=321500, strand=+, frame=3, truncated=no, start-type=GTG, RBS-motif=AGGAGG
22:59:20.570 - INFO - CDS - seq=contig_5, start=321601, stop=322326, strand=-, frame=1, truncated=no, start-type=ATG, RBS-motif=AGxAGG/AGGxGG
22:59:20.570 - INFO - CDS - seq=contig_5, start=322323, stop=323801, strand=-, frame=2, truncated=no, start-type=ATG, RBS-motif=GGA/GAG/AGG
22:59:20.570 - INFO - CDS - seq=contig_5, start=324043, stop=324513, strand=+, frame=1, truncated=no, start-type=ATG, RBS-motif=GGAG/GAGG
22:59:20.570 - INFO - CDS - seq=contig_5, start=324609, stop=326102, strand=-, frame=2, truncated=no, start-type=ATG, RBS-motif=AGxAGG/AGGxGG
22:59:20.570 - INFO - CDS - seq=contig_5, start=326216, stop=327400, strand=-, frame=3, truncated=no, start-type=ATG, RBS-motif=AGxAGG/AGGxGG
22:59:20.571 - INFO - CDS - seq=contig_5, start=327581, stop=328228, strand=+, frame=2, truncated=no, start-type=TTG, RBS-motif=AGGA
22:59:20.571 - INFO - CDS - seq=contig_5, start=206, stop=496, strand=-, nt=[ATGAAGATTA..AAATGAGTGA]
22:59:20.571 - INFO - CDS - seq=contig_5, start=498, stop=2933, strand=-, nt=[ATGGAGTATT..GGTGAATTAA]
22:59:20.571 - INFO - CDS - seq=contig_5, start=2934, stop=4958, strand=-, nt=[TTGTATGATT..CTGGCTATAA]
22:59:20.571 - INFO - CDS - seq=contig_5, start=4961, stop=8050, strand=-, nt=[ATGGCTGACA..GCTATTTTAA]
22:59:20.571 - INFO - CDS - seq=contig_5, start=8043, stop=8450, strand=-, nt=[TTGTTAAACG..ACATGGCTGA]
22:59:20.571 - INFO - CDS - seq=contig_5, start=8501, stop=8833, strand=-, nt=[ATGCAATTAA..GAAGGCCTAG]
22:59:20.571 - INFO - CDS - seq=contig_5, start=8919, stop=9521, strand=-, nt=[ATGGCAAATG..TGGAGCATAA]
22:59:20.571 - INFO - CDS - seq=contig_5, start=9533, stop=9937, strand=-, nt=[GTGATTCAAA..TATTTTATAG]
22:59:20.571 - INFO - CDS - seq=contig_5, start=9938, stop=10303, strand=-, nt=[ATGAGCAAGG..AGCAAAGTAG]
22:59:20.571 - INFO - CDS - seq=contig_5, start=10300, stop=10602, strand=-, nt=[ATGCGGTTAG..GACGAAATGA]
22:59:20.571 - INFO - CDS - seq=contig_5, start=10607, stop=10981, strand=-, nt=[ATGGCTGATA..AAAGAGGTGA]
22:59:20.571 - INFO - CDS - seq=contig_5, start=11209, stop=12222, strand=-, nt=[ATGCCAGAAT..AAAAGCATAG]
22:59:20.571 - INFO - CDS - seq=contig_5, start=12238, stop=12891, strand=-, nt=[ATGATTTCCA..CACAAAATGA]
22:59:20.571 - INFO - CDS - seq=contig_5, start=13016, stop=14008, strand=-, nt=[ATGACAACAA..AGCTGAATAA]
22:59:20.571 - INFO - CDS - seq=contig_5, start=13974, stop=15401, strand=-, nt=[GTGGCCACCA..TAACGAGTAA]
22:59:20.571 - INFO - CDS - seq=contig_5, start=15406, stop=16665, strand=-, nt=[ATGTCAATGA..ATACTTCTAA]
22:59:20.571 - INFO - CDS - seq=contig_5, start=16643, stop=17224, strand=-, nt=[GTGATGAAAC..CCCCGATTGA]
22:59:20.571 - INFO - CDS - seq=contig_5, start=17258, stop=17581, strand=-, nt=[ATGTCTAATG..GGAGGACTAA]
22:59:20.571 - INFO - CDS - seq=contig_5, start=17574, stop=17867, strand=-, nt=[ATGCTTGGTC..CTATGTCTAA]
22:59:20.571 - INFO - CDS - seq=contig_5, start=17913, stop=18722, strand=-, nt=[ATGCAATGGA..CAGCAACTAG]
22:59:20.571 - INFO - CDS - seq=contig_5, start=19129, stop=19500, strand=-, nt=[ATGGACGCTT..TTATGTTTAA]
22:59:20.571 - INFO - CDS - seq=contig_5, start=19478, stop=20545, strand=-, nt=[ATGAATGGCG..TATCAATTAA]
22:59:20.571 - INFO - CDS - seq=contig_5, start=21169, stop=21603, strand=-, nt=[GTGGTGCGAG..CAAAACCTAG]
22:59:20.571 - INFO - CDS - seq=contig_5, start=21677, stop=21898, strand=-, nt=[ATGAAATCAA..AAGCAAATAA]
22:59:20.571 - INFO - CDS - seq=contig_5, start=21970, stop=22098, strand=-, nt=[ATGAAACAGA..GCAGAAATGA]
22:59:20.571 - INFO - CDS - seq=contig_5, start=22095, stop=22451, strand=-, nt=[ATGAACTATG..GGAGAAATGA]
22:59:20.571 - INFO - CDS - seq=contig_5, start=22441, stop=22659, strand=-, nt=[ATGGCATGGG..TGAACTATGA]
22:59:20.571 - INFO - CDS - seq=contig_5, start=22662, stop=23039, strand=-, nt=[ATGGCACCAA..AGGTGACTGA]
22:59:20.571 - INFO - CDS - seq=contig_5, start=23026, stop=23589, strand=-, nt=[ATGAGCGAAG..CACCAAGTAA]
22:59:20.571 - INFO - CDS - seq=contig_5, start=23586, stop=23696, strand=-, nt=[ATGGAGTCAG..CGAAAAATGA]
22:59:20.571 - INFO - CDS - seq=contig_5, start=23720, stop=24298, strand=-, nt=[ATGAAACAAG..ACAATACTGA]
22:59:20.571 - INFO - CDS - seq=contig_5, start=24309, stop=25232, strand=-, nt=[TTGAAGAGAA..CGCTTTGTGA]
22:59:20.571 - INFO - CDS - seq=contig_5, start=25219, stop=25929, strand=-, nt=[ATGACGACTA..AGAGAAATGA]
22:59:20.571 - INFO - CDS - seq=contig_5, start=25941, stop=26324, strand=-, nt=[ATGGTTATCC..ACAGCTATAA]
22:59:20.571 - INFO - CDS - seq=contig_5, start=26327, stop=26776, strand=-, nt=[ATGACACAAG..GAGTCGTTAG]
22:59:20.571 - INFO - CDS - seq=contig_5, start=26773, stop=27105, strand=-, nt=[GTGACAGCCG..AAAGGCATGA]
22:59:20.571 - INFO - CDS - seq=contig_5, start=27102, stop=27884, strand=-, nt=[ATGGAGTCGA..AAGATCGTGA]
22:59:20.571 - INFO - CDS - seq=contig_5, start=27871, stop=28722, strand=-, nt=[ATGGATTTAT..AGTCGACTAA]
22:59:20.571 - INFO - CDS - seq=contig_5, start=28738, stop=29562, strand=-, nt=[ATGCAGGAAA..AGTCGAGTAG]
22:59:20.571 - INFO - CDS - seq=contig_5, start=29519, stop=30385, strand=-, nt=[ATGACGACAC..ACAAGGATAA]
22:59:20.571 - INFO - CDS - seq=contig_5, start=30398, stop=30805, strand=-, nt=[ATGCTTGATT..ATGGAAATAG]
22:59:20.571 - INFO - CDS - seq=contig_5, start=30798, stop=30917, strand=-, nt=[ATGGACACGA..CCATGCTTGA]
22:59:20.572 - INFO - CDS - seq=contig_5, start=30905, stop=31033, strand=-, nt=[ATGCTAGAAG..GACACGATAA]
22:59:20.572 - INFO - CDS - seq=contig_5, start=31046, stop=31267, strand=-, nt=[ATGGAACAAG..ACGACAATAG]
22:59:20.572 - INFO - CDS - seq=contig_5, start=31246, stop=31794, strand=-, nt=[ATGAAAGCAA..TTCACACTGA]
22:59:20.572 - INFO - CDS - seq=contig_5, start=31860, stop=32006, strand=-, nt=[ATGGAACGCG..TATGGGTTAA]
22:59:20.572 - INFO - CDS - seq=contig_5, start=32094, stop=32303, strand=+, nt=[ATGCCAAAAC..CCTTGATTAA]
22:59:20.572 - INFO - CDS - seq=contig_5, start=32300, stop=32611, strand=-, nt=[ATGAACGAAG..CGATGATTAA]
22:59:20.572 - INFO - CDS - seq=contig_5, start=32608, stop=32871, strand=-, nt=[ATGCCAAAAA..AGTCAAATGA]
22:59:20.572 - INFO - CDS - seq=contig_5, start=33035, stop=33493, strand=+, nt=[ATGGTAGAAG..CGAAGAGTGA]
22:59:20.572 - INFO - CDS - seq=contig_5, start=33512, stop=33958, strand=+, nt=[TTGGGATATT..AACAAATTAG]
22:59:20.572 - INFO - CDS - seq=contig_5, start=33982, stop=34845, strand=+, nt=[ATGAGCGGAT..TAGAAGCTGA]
22:59:20.572 - INFO - CDS - seq=contig_5, start=34869, stop=35459, strand=+, nt=[ATGAAGAAAA..CGTTAATTAA]
22:59:20.572 - INFO - CDS - seq=contig_5, start=35794, stop=36219, strand=+, nt=[ATGGCAAATT..CGAAATCTAA]
22:59:20.572 - INFO - CDS - seq=contig_5, start=36243, stop=36446, strand=+, nt=[ATGAATGGTC..GATGCAATAA]
22:59:20.572 - INFO - CDS - seq=contig_5, start=36536, stop=37720, strand=+, nt=[ATGGCATCAA..AAATCAGTGA]
22:59:20.572 - INFO - CDS - seq=contig_5, start=37846, stop=39186, strand=-, nt=[ATGTCGTACA..GCGCCTTTAA]
22:59:20.572 - INFO - CDS - seq=contig_5, start=39400, stop=40257, strand=-, nt=[ATGGGATTTT..AGCAAAGTAA]
22:59:20.572 - INFO - CDS - seq=contig_5, start=40429, stop=41034, strand=-, nt=[ATGCTGTTTT..TCGTAAATAA]
22:59:20.572 - INFO - CDS - seq=contig_5, start=41500, stop=43755, strand=+, nt=[TTGAAACGGT..ATCTAAATAA]
22:59:20.572 - INFO - CDS - seq=contig_5, start=43841, stop=44587, strand=+, nt=[ATGCATTTCT..ACCGCGTTAG]
22:59:20.572 - INFO - CDS - seq=contig_5, start=44597, stop=45166, strand=+, nt=[ATGTTATTTC..GACAAAATGA]
22:59:20.572 - INFO - CDS - seq=contig_5, start=45288, stop=46583, strand=-, nt=[GTGATTCCGC..TTTAGCATAA]
22:59:20.572 - INFO - CDS - seq=contig_5, start=46653, stop=47762, strand=-, nt=[GTGACGCAAT..CATTCAATGA]
22:59:20.572 - INFO - CDS - seq=contig_5, start=47783, stop=49111, strand=-, nt=[ATGAAGAATA..AGATAAATAA]
22:59:20.572 - INFO - CDS - seq=contig_5, start=49118, stop=49696, strand=-, nt=[GTGAAATTAC..GGAGGATTAG]
22:59:20.572 - INFO - CDS - seq=contig_5, start=49887, stop=50522, strand=-, nt=[TTGGCCAAAA..TGATAGTTGA]
22:59:20.572 - INFO - CDS - seq=contig_5, start=50528, stop=51010, strand=-, nt=[ATGTTAAGAT..AAAGGAGTAA]
22:59:20.572 - INFO - CDS - seq=contig_5, start=51252, stop=51452, strand=-, nt=[ATGGAACACG..CAAAGACTAA]
22:59:20.572 - INFO - CDS - seq=contig_5, start=52136, stop=52363, strand=-, nt=[GTGGCGTTTA..TTTTCGCTGA]
22:59:20.572 - INFO - CDS - seq=contig_5, start=52412, stop=53377, strand=-, nt=[ATGCACATAG..GCAGAATTGA]
22:59:20.572 - INFO - CDS - seq=contig_5, start=53505, stop=54143, strand=+, nt=[ATGAAAAAAT..GCGAGATTAG]
22:59:20.572 - INFO - CDS - seq=contig_5, start=54230, stop=55159, strand=+, nt=[ATGCCGCAAA..GATCAAGTAA]
22:59:20.572 - INFO - CDS - seq=contig_5, start=55511, stop=57250, strand=-, nt=[ATGCACGCAC..GTCTGAATAA]
22:59:20.572 - INFO - CDS - seq=contig_5, start=57561, stop=60224, strand=+, nt=[ATGTCGCGAT..GTGGCAATAA]
22:59:20.572 - INFO - CDS - seq=contig_5, start=60889, stop=61719, strand=+, nt=[ATGTTTCGCA..AACTAACTAG]
22:59:20.572 - INFO - CDS - seq=contig_5, start=61807, stop=63660, strand=+, nt=[ATGTCTGACC..AGAAGCGTAA]
22:59:20.572 - INFO - CDS - seq=contig_5, start=63741, stop=65189, strand=+, nt=[ATGACAAACC..CGGATTGTAA]
22:59:20.572 - INFO - CDS - seq=contig_5, start=65593, stop=66333, strand=-, nt=[ATGGCTTCAT..AGTTGATTGA]
22:59:20.572 - INFO - CDS - seq=contig_5, start=67097, stop=68719, strand=-, nt=[ATGCGAAAAT..GGCACCTTAA]
22:59:20.572 - INFO - CDS - seq=contig_5, start=68733, stop=69053, strand=-, nt=[ATGAAAATGA..AAGCAAATAA]
22:59:20.572 - INFO - CDS - seq=contig_5, start=69028, stop=70071, strand=-, nt=[ATGAAAAACA..TGATCGTTAG]
22:59:20.572 - INFO - CDS - seq=contig_5, start=70168, stop=70905, strand=-, nt=[ATGAAGAAAA..AGCGCAATAA]
22:59:20.572 - INFO - CDS - seq=contig_5, start=71585, stop=72322, strand=-, nt=[ATGGTAGATG..TAGCGTCTGA]
22:59:20.572 - INFO - CDS - seq=contig_5, start=72941, stop=76105, strand=-, nt=[GTGAGTGACC..CGCACGGTGA]
22:59:20.573 - INFO - CDS - seq=contig_5, start=76102, stop=83319, strand=-, nt=[ATGGTTGGTA..ACTTCCGTGA]
22:59:20.573 - INFO - CDS - seq=contig_5, start=83919, stop=84785, strand=-, nt=[ATGAACTATG..TGCTAAGTAA]
22:59:20.573 - INFO - CDS - seq=contig_5, start=84775, stop=86217, strand=-, nt=[ATGATTTTTT..TGAACTATGA]
22:59:20.573 - INFO - CDS - seq=contig_5, start=86245, stop=86994, strand=-, nt=[ATGGATACAG..GTTCCGGTAA]
22:59:20.573 - INFO - CDS - seq=contig_5, start=87015, stop=88628, strand=-, nt=[GTGGCTGATA..ATTTAGTTAG]
22:59:20.573 - INFO - CDS - seq=contig_5, start=88621, stop=90234, strand=-, nt=[ATGCGTTACT..TCGTGGCTGA]
22:59:20.573 - INFO - CDS - seq=contig_5, start=90249, stop=91472, strand=-, nt=[GTGAAGAATA..GGTAATCTGA]
22:59:20.573 - INFO - CDS - seq=contig_5, start=91532, stop=93919, strand=-, nt=[TTGAAACTAC..CCCTGAATAA]
22:59:20.573 - INFO - CDS - seq=contig_5, start=94006, stop=94194, strand=+, nt=[ATGTCAAAGA..GTTCCAATAA]
22:59:20.573 - INFO - CDS - seq=contig_5, start=94298, stop=95227, strand=+, nt=[ATGAGCAAAA..TATTGATTAG]
22:59:20.573 - INFO - CDS - seq=contig_5, start=95273, stop=96181, strand=+, nt=[TTGGACAATC..TAATGTATGA]
22:59:20.573 - INFO - CDS - seq=contig_5, start=96217, stop=97119, strand=+, nt=[ATGAGTGAAA..TGCCAATTAG]
22:59:20.573 - INFO - CDS - seq=contig_5, start=97285, stop=98187, strand=+, nt=[ATGAGTAAAA..AGAAAATTAA]
22:59:20.573 - INFO - CDS - seq=contig_5, start=98292, stop=99206, strand=-, nt=[GTGAAAGTTC..TAAGAAGTAG]
22:59:20.573 - INFO - CDS - seq=contig_5, start=99364, stop=100437, strand=-, nt=[GTGATAACAG..TAATGATTAA]
22:59:20.573 - INFO - CDS - seq=contig_5, start=100816, stop=101025, strand=+, nt=[ATGCCACGAA..GAACGCCTAA]
22:59:20.573 - INFO - CDS - seq=contig_5, start=101041, stop=101298, strand=+, nt=[ATGAAAACAC..ACAGGCATAA]
22:59:20.573 - INFO - CDS - seq=contig_5, start=101517, stop=102578, strand=-, nt=[ATGGCAGATC..AGAATCTTAG]
22:59:20.573 - INFO - CDS - seq=contig_5, start=102857, stop=103681, strand=-, nt=[TTGATCACGA..TCCTGAATAA]
22:59:20.573 - INFO - CDS - seq=contig_5, start=103914, stop=104837, strand=+, nt=[ATGATAAGTA..TAAACAGTGA]
22:59:20.573 - INFO - CDS - seq=contig_5, start=105090, stop=105551, strand=+, nt=[ATGGCAAGCG..ATTGCAATAA]
22:59:20.573 - INFO - CDS - seq=contig_5, start=105637, stop=106644, strand=-, nt=[ATGGCTCGCA..GAAAAGCTAG]
22:59:20.573 - INFO - CDS - seq=contig_5, start=106785, stop=108158, strand=-, nt=[ATGGGAAGTT..GCTGGCCTGA]
22:59:20.573 - INFO - CDS - seq=contig_5, start=108548, stop=109156, strand=-, nt=[ATGGCACGAA..GGGATACTAA]
22:59:20.573 - INFO - CDS - seq=contig_5, start=109481, stop=110716, strand=+, nt=[ATGACATTAC..CTGGGCTTAG]
22:59:20.573 - INFO - CDS - seq=contig_5, start=110871, stop=112649, strand=-, nt=[ATGATTGCGC..CAAGGCTTGA]
22:59:20.573 - INFO - CDS - seq=contig_5, start=112735, stop=113457, strand=-, nt=[ATGCAAGCCT..CATTTTTTGA]
22:59:20.573 - INFO - CDS - seq=contig_5, start=113755, stop=114177, strand=-, nt=[ATGAAAATCG..GACGGCTTAG]
22:59:20.573 - INFO - CDS - seq=contig_5, start=114251, stop=114619, strand=-, nt=[ATGCAGCATC..GCGTAAATAA]
22:59:20.573 - INFO - CDS - seq=contig_5, start=114619, stop=115905, strand=-, nt=[GTGACAATTG..TAACGCATAA]
22:59:20.573 - INFO - CDS - seq=contig_5, start=115919, stop=116872, strand=-, nt=[ATGTTAAAAC..GGATTTTTAG]
22:59:20.573 - INFO - CDS - seq=contig_5, start=117219, stop=117575, strand=+, nt=[ATGGCGAGTT..GAGTGTTTAA]
22:59:20.573 - INFO - CDS - seq=contig_5, start=117787, stop=118143, strand=-, nt=[ATGAAGAAAG..GTTGGACTAG]
22:59:20.573 - INFO - CDS - seq=contig_5, start=118276, stop=119013, strand=-, nt=[GTGCGCAGTC..AGTCAATTAA]
22:59:20.573 - INFO - CDS - seq=contig_5, start=119520, stop=119714, strand=+, nt=[ATGCTTGATG..GCATTATTAA]
22:59:20.573 - INFO - CDS - seq=contig_5, start=119799, stop=120725, strand=+, nt=[ATGAATAGCA..CAATAACTGA]
22:59:20.573 - INFO - CDS - seq=contig_5, start=120983, stop=121855, strand=+, nt=[ATGTACCAGC..TCGGCAATGA]
22:59:20.573 - INFO - CDS - seq=contig_5, start=122153, stop=122605, strand=+, nt=[ATGTCCATTC..CAAAGATTAA]
22:59:20.573 - INFO - CDS - seq=contig_5, start=122690, stop=124105, strand=-, nt=[ATGAGCGCCA..GTTAAGTTGA]
22:59:20.573 - INFO - CDS - seq=contig_5, start=124234, stop=126138, strand=-, nt=[ATGTCATTAC..GCGTCGGTAG]
22:59:20.573 - INFO - CDS - seq=contig_5, start=126307, stop=127182, strand=+, nt=[ATGGCATTAG..GAAAGACTAA]
22:59:20.573 - INFO - CDS - seq=contig_5, start=127262, stop=128074, strand=-, nt=[TTGCGTTATC..CAAAGCATAA]
22:59:20.573 - INFO - CDS - seq=contig_5, start=128127, stop=129371, strand=-, nt=[ATGATCAGTA..GCAGTCGTGA]
22:59:20.573 - INFO - CDS - seq=contig_5, start=129932, stop=131296, strand=-, nt=[TTGGCCCAAC..GGCGAAGTAA]
22:59:20.573 - INFO - CDS - seq=contig_5, start=131298, stop=132332, strand=-, nt=[ATGAGAAAAC..GGATGACTAA]
22:59:20.573 - INFO - CDS - seq=contig_5, start=132605, stop=134035, strand=-, nt=[ATGAACTTTG..GCAACGATAA]
22:59:20.573 - INFO - CDS - seq=contig_5, start=134037, stop=135491, strand=-, nt=[GTGGATTACT..GGGCAAGTAA]
22:59:20.573 - INFO - CDS - seq=contig_5, start=135495, stop=135791, strand=-, nt=[ATGATTTCTA..GGAGGACTAG]
22:59:20.573 - INFO - CDS - seq=contig_5, start=135843, stop=136994, strand=-, nt=[ATGAAGAAAT..GAGTTATTAG]
22:59:20.574 - INFO - CDS - seq=contig_5, start=137004, stop=139028, strand=-, nt=[GTGTTAGCAA..GAAGGATTGA]
22:59:20.574 - INFO - CDS - seq=contig_5, start=139085, stop=141340, strand=-, nt=[ATGGTAATGG..GGCATCATAA]
22:59:20.574 - INFO - CDS - seq=contig_5, start=141447, stop=141635, strand=-, nt=[ATGGGCTCAG..GTACATCTGA]
22:59:20.574 - INFO - CDS - seq=contig_5, start=141806, stop=142126, strand=+, nt=[ATGGAGACGA..TGTCAGCTGA]
22:59:20.574 - INFO - CDS - seq=contig_5, start=142158, stop=142949, strand=+, nt=[ATGAAAAAGT..GGAGGAATAA]
22:59:20.574 - INFO - CDS - seq=contig_5, start=142953, stop=144146, strand=+, nt=[ATGCAAGATG..TCGAGACTAA]
22:59:20.574 - INFO - CDS - seq=contig_5, start=144282, stop=144458, strand=+, nt=[ATGTTACATT..CATGCGCTAA]
22:59:20.574 - INFO - CDS - seq=contig_5, start=144593, stop=145900, strand=+, nt=[ATGGCCTACG..CTATGACTAA]
22:59:20.574 - INFO - CDS - seq=contig_5, start=145878, stop=146213, strand=+, nt=[ATGGCGGCAA..TGATGAATAA]
22:59:20.574 - INFO - CDS - seq=contig_5, start=146294, stop=146797, strand=-, nt=[ATGAAAATAG..TGCGTATTAA]
22:59:20.574 - INFO - CDS - seq=contig_5, start=146822, stop=147256, strand=-, nt=[GTGAAGCAGT..TGTTGAATGA]
22:59:20.574 - INFO - CDS - seq=contig_5, start=147704, stop=147913, strand=+, nt=[ATGAAGGTAC..ACAAAAATAA]
22:59:20.574 - INFO - CDS - seq=contig_5, start=147975, stop=148508, strand=-, nt=[ATGACCATTC..AGCGAATTAA]
22:59:20.574 - INFO - CDS - seq=contig_5, start=148777, stop=150252, strand=-, nt=[ATGAAAATGC..CTCATCATGA]
22:59:20.574 - INFO - CDS - seq=contig_5, start=150249, stop=150977, strand=-, nt=[ATGAAATTAT..TGATCGATGA]
22:59:20.574 - INFO - CDS - seq=contig_5, start=150993, stop=151388, strand=-, nt=[ATGATTCTAC..AGATCTGTGA]
22:59:20.574 - INFO - CDS - seq=contig_5, start=152048, stop=152356, strand=+, nt=[ATGAATGACA..CAAACAATAG]
22:59:20.574 - INFO - CDS - seq=contig_5, start=152626, stop=154917, strand=-, nt=[TTGATAGATG..TGGCCATTAA]
22:59:20.574 - INFO - CDS - seq=contig_5, start=155195, stop=156064, strand=-, nt=[ATGAAATCCG..CCCGCAGTAA]
22:59:20.574 - INFO - CDS - seq=contig_5, start=156061, stop=157017, strand=-, nt=[ATGCCTCAAC..GGCGCTATGA]
22:59:20.574 - INFO - CDS - seq=contig_5, start=157018, stop=157857, strand=-, nt=[ATGACGATGA..AGTGTCTTAA]
22:59:20.574 - INFO - CDS - seq=contig_5, start=157854, stop=158618, strand=-, nt=[ATGGCAAAAG..GGACTCATGA]
22:59:20.574 - INFO - CDS - seq=contig_5, start=158818, stop=160206, strand=-, nt=[ATGCAAGCCA..CGGTATTTAA]
22:59:20.574 - INFO - CDS - seq=contig_5, start=160345, stop=160803, strand=-, nt=[ATGTCATTAT..GACAGGGTGA]
22:59:20.574 - INFO - CDS - seq=contig_5, start=161022, stop=162032, strand=-, nt=[TTGGCCCACG..TATTGCGTGA]
22:59:20.574 - INFO - CDS - seq=contig_5, start=162135, stop=162467, strand=-, nt=[ATGAAGATAC..GCTTGAATAA]
22:59:20.574 - INFO - CDS - seq=contig_5, start=162451, stop=162912, strand=-, nt=[ATGCCCAAAA..TACGCGGTAG]
22:59:20.574 - INFO - CDS - seq=contig_5, start=162872, stop=163192, strand=-, nt=[ATGGGGGCGG..CACGCCTTAA]
22:59:20.574 - INFO - CDS - seq=contig_5, start=163153, stop=163593, strand=-, nt=[ATGAAACGGC..AAAACATTAA]
22:59:20.574 - INFO - CDS - seq=contig_5, start=163590, stop=163913, strand=-, nt=[ATGCGACGCA..AGTTCCATGA]
22:59:20.574 - INFO - CDS - seq=contig_5, start=163916, stop=164863, strand=-, nt=[ATGCCGCTGG..CGGAGGATGA]
22:59:20.574 - INFO - CDS - seq=contig_5, start=164866, stop=165771, strand=-, nt=[ATGACGCTCG..GGTTTCGTGA]
22:59:20.574 - INFO - CDS - seq=contig_5, start=165858, stop=166589, strand=-, nt=[ATGTCAGGAC..AGACGATTAA]
22:59:20.574 - INFO - CDS - seq=contig_5, start=166660, stop=167151, strand=-, nt=[GTGACGTCTT..GCGTCATTGA]
22:59:20.574 - INFO - CDS - seq=contig_5, start=167226, stop=169031, strand=+, nt=[ATGTCTTATC..CTTGAAATAA]
22:59:20.574 - INFO - CDS - seq=contig_5, start=169121, stop=169261, strand=+, nt=[ATGCAACACT..ACTGACTTAG]
22:59:20.574 - INFO - CDS - seq=contig_5, start=169239, stop=171050, strand=-, nt=[ATGTGTGGAA..CGTTGAATAA]
22:59:20.574 - INFO - CDS - seq=contig_5, start=171366, stop=172730, strand=-, nt=[ATGACAAAGT..GGAAGATTAG]
22:59:20.574 - INFO - CDS - seq=contig_5, start=172752, stop=173837, strand=-, nt=[ATGAATCGCT..TAATGGCTGA]
22:59:20.574 - INFO - CDS - seq=contig_5, start=173834, stop=174691, strand=-, nt=[ATGCGCACCT..CAAGCAATGA]
22:59:20.574 - INFO - CDS - seq=contig_5, start=174955, stop=175689, strand=+, nt=[ATGCAAACAA..TGCGCATTGA]
22:59:20.574 - INFO - CDS - seq=contig_5, start=175679, stop=176818, strand=+, nt=[ATGCGCATTG..CCAAGTGTGA]
22:59:20.574 - INFO - CDS - seq=contig_5, start=176836, stop=177501, strand=+, nt=[ATGAAGGGAA..ACACGCCTAA]
22:59:20.574 - INFO - CDS - seq=contig_5, start=177616, stop=180408, strand=+, nt=[ATGAAAAATG..TGTTGATTAG]
22:59:20.574 - INFO - CDS - seq=contig_5, start=180627, stop=180821, strand=+, nt=[ATGCAAACAA..TAATCACTGA]
22:59:20.574 - INFO - CDS - seq=contig_5, start=181426, stop=182499, strand=-, nt=[ATGAAACGAC..TCGCCGATGA]
22:59:20.575 - INFO - CDS - seq=contig_5, start=182483, stop=183322, strand=-, nt=[ATGAAGCGTA..GACTCATTAG]
22:59:20.575 - INFO - CDS - seq=contig_5, start=183312, stop=184136, strand=-, nt=[GTGAAAAAAT..TGAAGCGTAA]
22:59:20.575 - INFO - CDS - seq=contig_5, start=184236, stop=185324, strand=-, nt=[TTGAGCAACA..AGGGGAATAA]
22:59:20.575 - INFO - CDS - seq=contig_5, start=185338, stop=185877, strand=-, nt=[ATGGAGATTG..TTATTTATAA]
22:59:20.575 - INFO - CDS - seq=contig_5, start=186183, stop=188291, strand=-, nt=[ATGCATTTAG..AGAGGTTTAA]
22:59:20.575 - INFO - CDS - seq=contig_5, start=188313, stop=189218, strand=-, nt=[GTGGTGGATG..ACCAAAATAG]
22:59:20.575 - INFO - CDS - seq=contig_5, start=189478, stop=190236, strand=+, nt=[ATGAAATTAA..CTTGATTTAG]
22:59:20.575 - INFO - CDS - seq=contig_5, start=190248, stop=190790, strand=+, nt=[ATGGACTTTA..AGCGGGTTGA]
22:59:20.575 - INFO - CDS - seq=contig_5, start=190925, stop=192184, strand=-, nt=[ATGCATAAGT..TAAAAAATAA]
22:59:20.575 - INFO - CDS - seq=contig_5, start=192177, stop=193073, strand=-, nt=[ATGCTAGAAG..TGATGCATAA]
22:59:20.575 - INFO - CDS - seq=contig_5, start=193336, stop=193440, strand=-, nt=[ATGAAATTTG..GCGTGCATGA]
22:59:20.575 - INFO - CDS - seq=contig_5, start=193523, stop=193984, strand=-, nt=[ATGACAAGTT..AAGCCTATGA]
22:59:20.575 - INFO - CDS - seq=contig_5, start=193981, stop=194958, strand=-, nt=[TTGGACCTAT..CTTGCTATGA]
22:59:20.575 - INFO - CDS - seq=contig_5, start=195080, stop=195766, strand=-, nt=[TTGAAAACAT..GGCGAATTAA]
22:59:20.575 - INFO - CDS - seq=contig_5, start=195886, stop=196779, strand=+, nt=[ATGATCAAAC..TCAATTCTAA]
22:59:20.575 - INFO - CDS - seq=contig_5, start=196992, stop=197498, strand=+, nt=[ATGGCGTTAT..CCCAGATTAA]
22:59:20.575 - INFO - CDS - seq=contig_5, start=197806, stop=198387, strand=-, nt=[TTGATAATAC..GGAAGTTTAA]
22:59:20.575 - INFO - CDS - seq=contig_5, start=198757, stop=199818, strand=+, nt=[TTGAAAGTTA..TGCTGAATGA]
22:59:20.575 - INFO - CDS - seq=contig_5, start=199808, stop=200701, strand=+, nt=[ATGCTGAATG..TCATTACTAA]
22:59:20.575 - INFO - CDS - seq=contig_5, start=200717, stop=201538, strand=+, nt=[ATGGCTAAAA..GAAAGGATAA]
22:59:20.575 - INFO - CDS - seq=contig_5, start=201548, stop=202861, strand=+, nt=[ATGAAAAAGC..AAACAAGTAA]
22:59:20.575 - INFO - CDS - seq=contig_5, start=202990, stop=204231, strand=+, nt=[GTGACAACAA..AGAGGAGTAA]
22:59:20.575 - INFO - CDS - seq=contig_5, start=204551, stop=204739, strand=-, nt=[ATGGAAAATA..TCAACATTAG]
22:59:20.575 - INFO - CDS - seq=contig_5, start=204729, stop=205031, strand=-, nt=[ATGCGAAAAA..TGGAAAATAA]
22:59:20.575 - INFO - CDS - seq=contig_5, start=205506, stop=206363, strand=-, nt=[ATGACGTCAT..TAAGGGATGA]
22:59:20.575 - INFO - CDS - seq=contig_5, start=206369, stop=207727, strand=-, nt=[ATGTTTAGAA..GGAGGGCTGA]
22:59:20.575 - INFO - CDS - seq=contig_5, start=207798, stop=209030, strand=-, nt=[ATGAAGTTAT..AGCGAACTAA]
22:59:20.575 - INFO - CDS - seq=contig_5, start=209070, stop=210695, strand=-, nt=[ATGACACAGT..GCATGTGTAA]
22:59:20.575 - INFO - CDS - seq=contig_5, start=210723, stop=211853, strand=-, nt=[ATGGTTGAGA..CAAGGTATAA]
22:59:20.575 - INFO - CDS - seq=contig_5, start=211858, stop=212550, strand=-, nt=[ATGCTTAAAG..AGATGGATGA]
22:59:20.575 - INFO - CDS - seq=contig_5, start=212543, stop=214804, strand=-, nt=[ATGAAAAGAA..CCATGCTTAA]
22:59:20.575 - INFO - CDS - seq=contig_5, start=214934, stop=216679, strand=-, nt=[ATGAATTTAG..AGTAAACTAA]
22:59:20.575 - INFO - CDS - seq=contig_5, start=216676, stop=218352, strand=-, nt=[ATGAACACTT..TAAGCCATGA]
22:59:20.575 - INFO - CDS - seq=contig_5, start=218557, stop=219510, strand=-, nt=[GTGGTCACAC..ACGCACTTAG]
22:59:20.575 - INFO - CDS - seq=contig_5, start=219908, stop=220381, strand=-, nt=[ATGGCGAAGA..ACGGTATTAA]
22:59:20.575 - INFO - CDS - seq=contig_5, start=220413, stop=222782, strand=-, nt=[ATGACCACAG..CACTAAATAA]
22:59:20.575 - INFO - CDS - seq=contig_5, start=222784, stop=223518, strand=-, nt=[ATGATCTTTC..CGAGGGATAG]
22:59:20.575 - INFO - CDS - seq=contig_5, start=223761, stop=224084, strand=-, nt=[ATGCCTCTTT..AGCCCATTAA]
22:59:20.575 - INFO - CDS - seq=contig_5, start=224182, stop=225753, strand=-, nt=[TTGGCACGAC..AAACTCATGA]
22:59:20.575 - INFO - CDS - seq=contig_5, start=225842, stop=226144, strand=-, nt=[ATGTTATGGA..AAAACAATAA]
22:59:20.575 - INFO - CDS - seq=contig_5, start=226204, stop=227466, strand=-, nt=[ATGCAAACGA..AAGGGGATAG]
22:59:20.575 - INFO - CDS - seq=contig_5, start=227796, stop=229100, strand=-, nt=[ATGTCTATCA..AATCGACTAA]
22:59:20.575 - INFO - CDS - seq=contig_5, start=229149, stop=229904, strand=-, nt=[ATGCGTACAC..CCAAGATTAA]
22:59:20.575 - INFO - CDS - seq=contig_5, start=229979, stop=231169, strand=-, nt=[TTGGCTAAAT..TGACAAGTAA]
22:59:20.575 - INFO - CDS - seq=contig_5, start=231360, stop=232382, strand=-, nt=[ATGACTGTTA..TACTCTCTAA]
22:59:20.575 - INFO - CDS - seq=contig_5, start=232419, stop=233456, strand=-, nt=[ATGCATACTG..AACCCGTTAG]
22:59:20.576 - INFO - CDS - seq=contig_5, start=233545, stop=233790, strand=+, nt=[ATGCTGTTTT..TGTGTCTTAG]
22:59:20.576 - INFO - CDS - seq=contig_5, start=234257, stop=234847, strand=-, nt=[ATGCTAGTAC..GCAAAAATAA]
22:59:20.576 - INFO - CDS - seq=contig_5, start=234964, stop=235419, strand=-, nt=[ATGGTTAAAC..AGAAGCGTAA]
22:59:20.576 - INFO - CDS - seq=contig_5, start=235805, stop=236752, strand=-, nt=[ATGGCAAGTT..AGACGCTTGA]
22:59:20.576 - INFO - CDS - seq=contig_5, start=236757, stop=237785, strand=-, nt=[ATGAGTCGTG..CCGGAGGTGA]
22:59:20.576 - INFO - CDS - seq=contig_5, start=237782, stop=238669, strand=-, nt=[ATGACTGAAA..TCGCTCATGA]
22:59:20.576 - INFO - CDS - seq=contig_5, start=238832, stop=239371, strand=-, nt=[ATGTTAAATC..CAATATTTAA]
22:59:20.576 - INFO - CDS - seq=contig_5, start=239723, stop=242614, strand=-, nt=[ATGGCAAACG..CAAGAAGTAG]
22:59:20.576 - INFO - CDS - seq=contig_5, start=242882, stop=244897, strand=-, nt=[ATGATCGAAC..TATGTCTTAA]
22:59:20.576 - INFO - CDS - seq=contig_5, start=245103, stop=245750, strand=-, nt=[ATGGGCATGC..AAACAAGTAG]
22:59:20.576 - INFO - CDS - seq=contig_5, start=246180, stop=248546, strand=-, nt=[ATGGGGACGA..TGTGGGTTAA]
22:59:20.576 - INFO - CDS - seq=contig_5, start=248552, stop=249217, strand=-, nt=[GTGGCCATTT..AGGGCGGTGA]
22:59:20.576 - INFO - CDS - seq=contig_5, start=249317, stop=250327, strand=-, nt=[ATGGTTAAGC..TTTTCGTTGA]
22:59:20.576 - INFO - CDS - seq=contig_5, start=250320, stop=250967, strand=-, nt=[ATGAACTATT..TGATGGTTAA]
22:59:20.576 - INFO - CDS - seq=contig_5, start=251202, stop=252929, strand=-, nt=[GTGAGTTATC..AGAAGCTTAG]
22:59:20.576 - INFO - CDS - seq=contig_5, start=253161, stop=254108, strand=-, nt=[ATGGCAAAAA..TAAGGCGTAA]
22:59:20.576 - INFO - CDS - seq=contig_5, start=254174, stop=255229, strand=-, nt=[GTGTCAACGA..AAAACCATAA]
22:59:20.576 - INFO - CDS - seq=contig_5, start=255240, stop=256067, strand=-, nt=[TTGTTATTAG..GGTGGAATAG]
22:59:20.576 - INFO - CDS - seq=contig_5, start=256069, stop=257028, strand=-, nt=[ATGGCAGACA..GGACAAATAA]
22:59:20.576 - INFO - CDS - seq=contig_5, start=257220, stop=257555, strand=-, nt=[ATGAACTTCG..CAAAAATTAA]
22:59:20.576 - INFO - CDS - seq=contig_5, start=257555, stop=257824, strand=-, nt=[ATGCCTTTTC..CGATTTCTAA]
22:59:20.576 - INFO - CDS - seq=contig_5, start=257836, stop=259317, strand=-, nt=[ATGAATGAAC..AAATGACTGA]
22:59:20.576 - INFO - CDS - seq=contig_5, start=259735, stop=260412, strand=-, nt=[ATGCGACGAC..TAAGTTCTGA]
22:59:20.576 - INFO - CDS - seq=contig_5, start=260423, stop=261187, strand=-, nt=[ATGGCTGAAG..CTTCGGATAG]
22:59:20.576 - INFO - CDS - seq=contig_5, start=261197, stop=262015, strand=-, nt=[ATGCAAGAAC..TTTCGGCTAG]
22:59:20.576 - INFO - CDS - seq=contig_5, start=262095, stop=262979, strand=-, nt=[ATGAATCCAA..CGCATCCTAA]
22:59:20.576 - INFO - CDS - seq=contig_5, start=262976, stop=263899, strand=-, nt=[ATGGATCCAA..GAACAAATGA]
22:59:20.576 - INFO - CDS - seq=contig_5, start=264040, stop=264900, strand=-, nt=[GTGAAAAAAA..CAAGCAGTAA]
22:59:20.576 - INFO - CDS - seq=contig_5, start=265003, stop=266670, strand=-, nt=[ATGAATAAAC..CAGAGGATGA]
22:59:20.576 - INFO - CDS - seq=contig_5, start=266663, stop=267370, strand=-, nt=[ATGAAGAAGA..CCATGAATAA]
22:59:20.576 - INFO - CDS - seq=contig_5, start=267367, stop=268470, strand=-, nt=[ATGGCAGTTG..GACAGCATGA]
22:59:20.576 - INFO - CDS - seq=contig_5, start=268794, stop=269681, strand=-, nt=[ATGAAGACTA..CAAAATTTAA]
22:59:20.576 - INFO - CDS - seq=contig_5, start=269671, stop=270357, strand=-, nt=[ATGATTCAAA..TGAAGACTAA]
22:59:20.576 - INFO - CDS - seq=contig_5, start=270434, stop=271540, strand=-, nt=[GTGTTATGCG..TCCTGATTAA]
22:59:20.576 - INFO - CDS - seq=contig_5, start=271674, stop=274037, strand=-, nt=[ATGGCCAATA..TCGCCGTTAA]
22:59:20.576 - INFO - CDS - seq=contig_5, start=274371, stop=274928, strand=-, nt=[ATGCTCACAT..CGACGAATAA]
22:59:20.576 - INFO - CDS - seq=contig_5, start=275052, stop=275726, strand=-, nt=[ATGGTGATGC..AATTCGCTGA]
22:59:20.576 - INFO - CDS - seq=contig_5, start=275726, stop=276991, strand=-, nt=[ATGATGAATC..TGGACGGTGA]
22:59:20.576 - INFO - CDS - seq=contig_5, start=277016, stop=277666, strand=+, nt=[ATGTCAGAGC..TAAGCTCTAA]
22:59:20.576 - INFO - CDS - seq=contig_5, start=277760, stop=279331, strand=-, nt=[ATGAGTTCAG..CGCCAAGTAA]
22:59:20.576 - INFO - CDS - seq=contig_5, start=279626, stop=280687, strand=-, nt=[ATGGCAGGAG..TGAAGTATGA]
22:59:20.576 - INFO - CDS - seq=contig_5, start=280744, stop=281985, strand=-, nt=[ATGCAAGCAG..GCAGGCCTAA]
22:59:20.576 - INFO - CDS - seq=contig_5, start=282359, stop=282952, strand=-, nt=[ATGAATCTTC..TCATCAATAA]
22:59:20.577 - INFO - CDS - seq=contig_5, start=282949, stop=283878, strand=-, nt=[ATGGATGAAA..GCAAGAATGA]
22:59:20.577 - INFO - CDS - seq=contig_5, start=283965, stop=284693, strand=-, nt=[ATGCGAGCAG..GCGAATCTAG]
22:59:20.577 - INFO - CDS - seq=contig_5, start=284693, stop=285985, strand=-, nt=[ATGAAGACAC..GGCAGATTGA]
22:59:20.577 - INFO - CDS - seq=contig_5, start=285982, stop=287244, strand=-, nt=[ATGCGAAAAG..TAGCGAATGA]
22:59:20.577 - INFO - CDS - seq=contig_5, start=287253, stop=289574, strand=-, nt=[ATGGCACAGA..GCCATCATAA]
22:59:20.577 - INFO - CDS - seq=contig_5, start=289747, stop=290157, strand=-, nt=[ATGGAAACAA..AACAAAATAA]
22:59:20.577 - INFO - CDS - seq=contig_5, start=290284, stop=290793, strand=-, nt=[ATGGCGAATC..ATTAAAGTAA]
22:59:20.577 - INFO - CDS - seq=contig_5, start=291048, stop=291890, strand=-, nt=[ATGCGTAAGC..TGTCAAGTAA]
22:59:20.577 - INFO - CDS - seq=contig_5, start=291956, stop=292903, strand=+, nt=[ATGCTTGCAA..GTTTTTCTGA]
22:59:20.577 - INFO - CDS - seq=contig_5, start=293131, stop=294120, strand=+, nt=[ATGAACAACG..TCAATATTAA]
22:59:20.577 - INFO - CDS - seq=contig_5, start=294248, stop=294517, strand=+, nt=[ATGGCTAAAA..ATCATGGTAA]
22:59:20.577 - INFO - CDS - seq=contig_5, start=294630, stop=295007, strand=-, nt=[ATGCAATTGA..AGCCAACTAA]
22:59:20.577 - INFO - CDS - seq=contig_5, start=295279, stop=296319, strand=+, nt=[ATGAAGCAAA..GGCCAAGTAA]
22:59:20.577 - INFO - CDS - seq=contig_5, start=296522, stop=297340, strand=+, nt=[ATGTTTGACA..GTTTATCTAA]
22:59:20.577 - INFO - CDS - seq=contig_5, start=297362, stop=297997, strand=+, nt=[ATGTTAAAAG..CGCGTTCTAA]
22:59:20.577 - INFO - CDS - seq=contig_5, start=298154, stop=299212, strand=+, nt=[ATGCGAAAAT..CAACTTCTAG]
22:59:20.577 - INFO - CDS - seq=contig_5, start=299321, stop=300223, strand=-, nt=[ATGCGATTTG..GCAAGATTGA]
22:59:20.577 - INFO - CDS - seq=contig_5, start=300223, stop=301020, strand=-, nt=[ATGCGTGTGA..CAAACACTGA]
22:59:20.577 - INFO - CDS - seq=contig_5, start=301022, stop=301693, strand=-, nt=[ATGCAAAGGG..GGATGAGTAA]
22:59:20.577 - INFO - CDS - seq=contig_5, start=301887, stop=302480, strand=+, nt=[ATGTCAATTT..AGCTGATTAA]
22:59:20.577 - INFO - CDS - seq=contig_5, start=302550, stop=303185, strand=+, nt=[GTGATAGAAA..AATTTTTTAG]
22:59:20.577 - INFO - CDS - seq=contig_5, start=303375, stop=304430, strand=-, nt=[ATGTTTGTAG..CTTTGCTTAA]
22:59:20.577 - INFO - CDS - seq=contig_5, start=304540, stop=305883, strand=-, nt=[ATGGAAACTC..TAAGAACTAA]
22:59:20.577 - INFO - CDS - seq=contig_5, start=305932, stop=306198, strand=-, nt=[ATGCAAGTAA..TCGGCTTTAA]
22:59:20.577 - INFO - CDS - seq=contig_5, start=306389, stop=307717, strand=+, nt=[ATGAAAGCAG..TCACCCTTAG]
22:59:20.577 - INFO - CDS - seq=contig_5, start=307851, stop=309056, strand=-, nt=[ATGGAAGAAT..GCAACTTTAA]
22:59:20.577 - INFO - CDS - seq=contig_5, start=309037, stop=309150, strand=-, nt=[ATGCTCCGGT..TGCCAGCTGA]
22:59:20.577 - INFO - CDS - seq=contig_5, start=309399, stop=309872, strand=-, nt=[ATGTCAATTT..TCTTGGCTAA]
22:59:20.577 - INFO - CDS - seq=contig_5, start=309969, stop=311528, strand=-, nt=[ATGTATTATT..TGTTGATTAG]
22:59:20.577 - INFO - CDS - seq=contig_5, start=311556, stop=313067, strand=-, nt=[ATGATTTATT..GGAGAGTTAA]
22:59:20.577 - INFO - CDS - seq=contig_5, start=313531, stop=314034, strand=+, nt=[ATGACACATA..TCCGTCATGA]
22:59:20.577 - INFO - CDS - seq=contig_5, start=314031, stop=314852, strand=+, nt=[ATGAAACAAT..TTCAGAATGA]
22:59:20.577 - INFO - CDS - seq=contig_5, start=314969, stop=315184, strand=-, nt=[ATGGATCAAC..TGGCGGCTGA]
22:59:20.577 - INFO - CDS - seq=contig_5, start=315327, stop=316037, strand=-, nt=[ATGCGATTAG..CACTCGTTGA]
22:59:20.577 - INFO - CDS - seq=contig_5, start=316042, stop=317685, strand=-, nt=[ATGGAGAATT..CATTCGGTGA]
22:59:20.577 - INFO - CDS - seq=contig_5, start=317952, stop=320363, strand=-, nt=[ATGGCATACG..CGCAAAATAA]
22:59:20.577 - INFO - CDS - seq=contig_5, start=320817, stop=321500, strand=+, nt=[GTGCTAAAAC..TAAAAAATAG]
22:59:20.577 - INFO - CDS - seq=contig_5, start=321601, stop=322326, strand=-, nt=[ATGATTCTAT..ACAAAAATAG]
22:59:20.577 - INFO - CDS - seq=contig_5, start=322323, stop=323801, strand=-, nt=[ATGGACGTTA..GAAGGCATGA]
22:59:20.577 - INFO - CDS - seq=contig_5, start=324043, stop=324513, strand=+, nt=[ATGGGACCGT..TCCATTTTAA]
22:59:20.577 - INFO - CDS - seq=contig_5, start=324609, stop=326102, strand=-, nt=[ATGAAGCAAA..AGAAAGCTGA]
22:59:20.577 - INFO - CDS - seq=contig_5, start=326216, stop=327400, strand=-, nt=[ATGCAGGAAC..CCGAGATTAG]
22:59:20.577 - INFO - CDS - seq=contig_5, start=327581, stop=328228, strand=+, nt=[TTGAAAAATA..GCACGGCTAA]
22:59:20.577 - INFO - CDS - seq=contig_6, start=175, stop=2310, strand=+, frame=1, truncated=no, start-type=GTG, RBS-motif=None
22:59:20.577 - INFO - CDS - seq=contig_6, start=2357, stop=3163, strand=+, frame=2, truncated=no, start-type=ATG, RBS-motif=AGGAG
22:59:20.578 - INFO - CDS - seq=contig_6, start=3224, stop=3844, strand=+, frame=2, truncated=no, start-type=ATG, RBS-motif=GGA/GAG/AGG
22:59:20.578 - INFO - CDS - seq=contig_6, start=4167, stop=4979, strand=+, frame=3, truncated=no, start-type=TTG, RBS-motif=AGGAG
22:59:20.578 - INFO - CDS - seq=contig_6, start=5666, stop=6271, strand=-, frame=1, truncated=no, start-type=ATG, RBS-motif=GGxGG
22:59:20.578 - INFO - CDS - seq=contig_6, start=6697, stop=7287, strand=+, frame=1, truncated=no, start-type=ATG, RBS-motif=GGAG/GAGG
22:59:20.578 - INFO - CDS - seq=contig_6, start=7328, stop=9910, strand=+, frame=2, truncated=no, start-type=ATG, RBS-motif=AGGAGG
22:59:20.578 - INFO - CDS - seq=contig_6, start=10257, stop=11003, strand=-, frame=3, truncated=no, start-type=ATG, RBS-motif=GGA/GAG/AGG
22:59:20.578 - INFO - CDS - seq=contig_6, start=11281, stop=12024, strand=-, frame=2, truncated=no, start-type=ATG, RBS-motif=GGA/GAG/AGG
22:59:20.578 - INFO - CDS - seq=contig_6, start=12087, stop=14309, strand=-, frame=3, truncated=no, start-type=ATG, RBS-motif=GGxGG
22:59:20.578 - INFO - CDS - seq=contig_6, start=15174, stop=16598, strand=+, frame=3, truncated=no, start-type=ATG, RBS-motif=GGAG/GAGG
22:59:20.578 - INFO - CDS - seq=contig_6, start=16595, stop=16801, strand=+, frame=2, truncated=no, start-type=TTG, RBS-motif=GGA/GAG/AGG
22:59:20.578 - INFO - CDS - seq=contig_6, start=16773, stop=17183, strand=+, frame=3, truncated=no, start-type=ATG, RBS-motif=AGGAGG
22:59:20.578 - INFO - CDS - seq=contig_6, start=17293, stop=18393, strand=+, frame=1, truncated=no, start-type=ATG, RBS-motif=AGGAGG
22:59:20.578 - INFO - CDS - seq=contig_6, start=18450, stop=18785, strand=+, frame=3, truncated=no, start-type=ATG, RBS-motif=AGGAG
22:59:20.578 - INFO - CDS - seq=contig_6, start=19037, stop=19603, strand=-, frame=1, truncated=no, start-type=ATG, RBS-motif=GGAGG
22:59:20.578 - INFO - CDS - seq=contig_6, start=20074, stop=20856, strand=+, frame=1, truncated=no, start-type=ATG, RBS-motif=AGGAGG
22:59:20.578 - INFO - CDS - seq=contig_6, start=20853, stop=22337, strand=+, frame=3, truncated=no, start-type=ATG, RBS-motif=AGGAGG
22:59:20.578 - INFO - CDS - seq=contig_6, start=22330, stop=23037, strand=+, frame=1, truncated=no, start-type=ATG, RBS-motif=GGAGG
22:59:20.578 - INFO - CDS - seq=contig_6, start=24257, stop=24820, strand=+, frame=2, truncated=no, start-type=ATG, RBS-motif=AGGAG
22:59:20.578 - INFO - CDS - seq=contig_6, start=25048, stop=26478, strand=+, frame=1, truncated=no, start-type=ATG, RBS-motif=GGA/GAG/AGG
22:59:20.578 - INFO - CDS - seq=contig_6, start=26910, stop=28532, strand=+, frame=3, truncated=no, start-type=ATG, RBS-motif=AGGAGG
22:59:20.578 - INFO - CDS - seq=contig_6, start=28707, stop=29630, strand=+, frame=3, truncated=no, start-type=ATG, RBS-motif=AGGAG
22:59:20.578 - INFO - CDS - seq=contig_6, start=29630, stop=30628, strand=+, frame=2, truncated=no, start-type=ATG, RBS-motif=GGAGG
22:59:20.578 - INFO - CDS - seq=contig_6, start=30640, stop=31692, strand=+, frame=1, truncated=no, start-type=ATG, RBS-motif=AGGAGG
22:59:20.578 - INFO - CDS - seq=contig_6, start=31694, stop=32671, strand=+, frame=2, truncated=no, start-type=GTG, RBS-motif=AGxAGG/AGGxGG
22:59:20.578 - INFO - CDS - seq=contig_6, start=32980, stop=33618, strand=+, frame=1, truncated=no, start-type=ATG, RBS-motif=AGGAG
22:59:20.578 - INFO - CDS - seq=contig_6, start=33878, stop=34189, strand=+, frame=2, truncated=no, start-type=ATG, RBS-motif=AGxAGG/AGGxGG
22:59:20.578 - INFO - CDS - seq=contig_6, start=34474, stop=34698, strand=+, frame=1, truncated=no, start-type=ATG, RBS-motif=AGGAG
22:59:20.579 - INFO - CDS - seq=contig_6, start=34695, stop=35408, strand=+, frame=3, truncated=no, start-type=ATG, RBS-motif=None
22:59:20.579 - INFO - CDS - seq=contig_6, start=35520, stop=36020, strand=+, frame=3, truncated=no, start-type=ATG, RBS-motif=AGGAG
22:59:20.579 - INFO - CDS - seq=contig_6, start=36303, stop=37022, strand=-, frame=3, truncated=no, start-type=ATG, RBS-motif=GGxGG
22:59:20.579 - INFO - CDS - seq=contig_6, start=37379, stop=38359, strand=+, frame=2, truncated=no, start-type=TTG, RBS-motif=AGGAG/GGAGG
22:59:20.579 - INFO - CDS - seq=contig_6, start=38757, stop=39668, strand=+, frame=3, truncated=no, start-type=ATG, RBS-motif=AGxAGG/AGGxGG
22:59:20.579 - INFO - CDS - seq=contig_6, start=39682, stop=40434, strand=+, frame=1, truncated=no, start-type=ATG, RBS-motif=AGGAG
22:59:20.579 - INFO - CDS - seq=contig_6, start=40517, stop=41641, strand=+, frame=2, truncated=no, start-type=ATG, RBS-motif=GGxGG
22:59:20.579 - INFO - CDS - seq=contig_6, start=41729, stop=43126, strand=+, frame=2, truncated=no, start-type=ATG, RBS-motif=None
22:59:20.579 - INFO - CDS - seq=contig_6, start=43191, stop=44558, strand=+, frame=3, truncated=no, start-type=ATG, RBS-motif=AGGAG
22:59:20.579 - INFO - CDS - seq=contig_6, start=44613, stop=45677, strand=+, frame=3, truncated=no, start-type=ATG, RBS-motif=GGxGG
22:59:20.579 - INFO - CDS - seq=contig_6, start=45718, stop=46854, strand=+, frame=1, truncated=no, start-type=TTG, RBS-motif=AGGAGG
22:59:20.579 - INFO - CDS - seq=contig_6, start=46869, stop=47960, strand=+, frame=3, truncated=no, start-type=GTG, RBS-motif=AGGAG
22:59:20.579 - INFO - CDS - seq=contig_6, start=48054, stop=48851, strand=+, frame=3, truncated=no, start-type=ATG, RBS-motif=AGGAG
22:59:20.579 - INFO - CDS - seq=contig_6, start=48943, stop=49971, strand=+, frame=1, truncated=no, start-type=TTG, RBS-motif=GGA/GAG/AGG
22:59:20.579 - INFO - CDS - seq=contig_6, start=49968, stop=50378, strand=+, frame=3, truncated=no, start-type=TTG, RBS-motif=3Base/5BMM
22:59:20.579 - INFO - CDS - seq=contig_6, start=50587, stop=51255, strand=+, frame=1, truncated=no, start-type=TTG, RBS-motif=GGAGG
22:59:20.579 - INFO - CDS - seq=contig_6, start=51438, stop=52331, strand=-, frame=3, truncated=no, start-type=ATG, RBS-motif=GGAG/GAGG
22:59:20.579 - INFO - CDS - seq=contig_6, start=52509, stop=53273, strand=+, frame=3, truncated=no, start-type=ATG, RBS-motif=GGA/GAG/AGG
22:59:20.579 - INFO - CDS - seq=contig_6, start=53638, stop=55788, strand=+, frame=1, truncated=no, start-type=ATG, RBS-motif=AGGAGG
22:59:20.579 - INFO - CDS - seq=contig_6, start=56421, stop=56822, strand=+, frame=3, truncated=no, start-type=ATG, RBS-motif=GGAG/GAGG
22:59:20.579 - INFO - CDS - seq=contig_6, start=57254, stop=59185, strand=+, frame=2, truncated=no, start-type=ATG, RBS-motif=AGGA
22:59:20.579 - INFO - CDS - seq=contig_6, start=59652, stop=60482, strand=+, frame=3, truncated=no, start-type=ATG, RBS-motif=GGxGG
22:59:20.579 - INFO - CDS - seq=contig_6, start=61072, stop=62484, strand=-, frame=2, truncated=no, start-type=ATG, RBS-motif=GGAGG
22:59:20.579 - INFO - CDS - seq=contig_6, start=62574, stop=62714, strand=-, frame=3, truncated=no, start-type=ATG, RBS-motif=AGxAGG/AGGxGG
22:59:20.579 - INFO - CDS - seq=contig_6, start=63089, stop=63991, strand=+, frame=2, truncated=no, start-type=ATG, RBS-motif=GGAG/GAGG
22:59:20.579 - INFO - CDS - seq=contig_6, start=64258, stop=65289, strand=-, frame=2, truncated=no, start-type=ATG, RBS-motif=GGAGG
22:59:20.580 - INFO - CDS - seq=contig_6, start=65666, stop=67765, strand=+, frame=2, truncated=no, start-type=ATG, RBS-motif=GGAG/GAGG
22:59:20.580 - INFO - CDS - seq=contig_6, start=67762, stop=68904, strand=+, frame=1, truncated=no, start-type=ATG, RBS-motif=None
22:59:20.580 - INFO - CDS - seq=contig_6, start=68901, stop=70070, strand=+, frame=3, truncated=no, start-type=ATG, RBS-motif=AGGA
22:59:20.580 - INFO - CDS - seq=contig_6, start=70063, stop=71508, strand=+, frame=1, truncated=no, start-type=GTG, RBS-motif=AGxAGG/AGGxGG
22:59:20.580 - INFO - CDS - seq=contig_6, start=71724, stop=74132, strand=+, frame=3, truncated=no, start-type=ATG, RBS-motif=GGAG/GAGG
22:59:20.580 - INFO - CDS - seq=contig_6, start=74382, stop=76160, strand=+, frame=3, truncated=no, start-type=ATG, RBS-motif=GGAGG
22:59:20.580 - INFO - CDS - seq=contig_6, start=76608, stop=77537, strand=-, frame=3, truncated=no, start-type=ATG, RBS-motif=GGAGG
22:59:20.580 - INFO - CDS - seq=contig_6, start=77712, stop=78047, strand=+, frame=3, truncated=no, start-type=ATG, RBS-motif=AGGAGG
22:59:20.580 - INFO - CDS - seq=contig_6, start=78222, stop=79166, strand=+, frame=3, truncated=no, start-type=ATG, RBS-motif=AGGAGG
22:59:20.580 - INFO - CDS - seq=contig_6, start=79700, stop=80974, strand=+, frame=2, truncated=no, start-type=ATG, RBS-motif=GGAGG
22:59:20.580 - INFO - CDS - seq=contig_6, start=81282, stop=82499, strand=+, frame=3, truncated=no, start-type=ATG, RBS-motif=AGGAG/GGAGG
22:59:20.580 - INFO - CDS - seq=contig_6, start=82606, stop=83013, strand=+, frame=1, truncated=no, start-type=ATG, RBS-motif=AGxAGG/AGGxGG
22:59:20.580 - INFO - CDS - seq=contig_6, start=83130, stop=83732, strand=+, frame=3, truncated=no, start-type=ATG, RBS-motif=AGGAGG
22:59:20.580 - INFO - CDS - seq=contig_6, start=83802, stop=83915, strand=-, frame=3, truncated=no, start-type=ATG, RBS-motif=AGGAGG
22:59:20.580 - INFO - CDS - seq=contig_6, start=84024, stop=84470, strand=+, frame=3, truncated=no, start-type=ATG, RBS-motif=AGGAG
22:59:20.580 - INFO - CDS - seq=contig_6, start=84762, stop=85202, strand=+, frame=3, truncated=no, start-type=ATG, RBS-motif=AGGAG
22:59:20.580 - INFO - CDS - seq=contig_6, start=85223, stop=86209, strand=+, frame=2, truncated=no, start-type=ATG, RBS-motif=AGGA
22:59:20.580 - INFO - CDS - seq=contig_6, start=86626, stop=87363, strand=+, frame=1, truncated=no, start-type=ATG, RBS-motif=AGGAGG
22:59:20.580 - INFO - CDS - seq=contig_6, start=87491, stop=88315, strand=+, frame=2, truncated=no, start-type=ATG, RBS-motif=AGGAGG
22:59:20.580 - INFO - CDS - seq=contig_6, start=88317, stop=88961, strand=+, frame=3, truncated=no, start-type=ATG, RBS-motif=AGGAGG
22:59:20.580 - INFO - CDS - seq=contig_6, start=88977, stop=89639, strand=+, frame=3, truncated=no, start-type=ATG, RBS-motif=AGGAG
22:59:20.580 - INFO - CDS - seq=contig_6, start=89798, stop=90733, strand=+, frame=2, truncated=no, start-type=TTG, RBS-motif=GGAGG
22:59:20.580 - INFO - CDS - seq=contig_6, start=90818, stop=91573, strand=+, frame=2, truncated=no, start-type=TTG, RBS-motif=AGGAG
22:59:20.580 - INFO - CDS - seq=contig_6, start=91595, stop=92335, strand=+, frame=2, truncated=no, start-type=ATG, RBS-motif=GGAG/GAGG
22:59:20.580 - INFO - CDS - seq=contig_6, start=92466, stop=93866, strand=+, frame=3, truncated=no, start-type=ATG, RBS-motif=GGAG/GAGG
22:59:20.580 - INFO - CDS - seq=contig_6, start=94009, stop=94875, strand=+, frame=1, truncated=no, start-type=ATG, RBS-motif=GGAGG
22:59:20.581 - INFO - CDS - seq=contig_6, start=95137, stop=96279, strand=+, frame=1, truncated=no, start-type=TTG, RBS-motif=GGAG/GAGG
22:59:20.581 - INFO - CDS - seq=contig_6, start=96351, stop=97343, strand=+, frame=3, truncated=no, start-type=ATG, RBS-motif=AGGAGG
22:59:20.581 - INFO - CDS - seq=contig_6, start=97471, stop=98511, strand=-, frame=2, truncated=no, start-type=ATG, RBS-motif=GGAGG
22:59:20.581 - INFO - CDS - seq=contig_6, start=98762, stop=100249, strand=+, frame=2, truncated=no, start-type=ATG, RBS-motif=AGGA/GGAG/GAGG
22:59:20.581 - INFO - CDS - seq=contig_6, start=100388, stop=102469, strand=+, frame=2, truncated=no, start-type=ATG, RBS-motif=AGGAG
22:59:20.581 - INFO - CDS - seq=contig_6, start=102665, stop=104404, strand=+, frame=2, truncated=no, start-type=ATG, RBS-motif=GGAG/GAGG
22:59:20.581 - INFO - CDS - seq=contig_6, start=104559, stop=106232, strand=-, frame=3, truncated=no, start-type=ATG, RBS-motif=GGxGG
22:59:20.581 - INFO - CDS - seq=contig_6, start=106643, stop=107608, strand=+, frame=2, truncated=no, start-type=ATG, RBS-motif=AGGAG
22:59:20.581 - INFO - CDS - seq=contig_6, start=107663, stop=108799, strand=+, frame=2, truncated=no, start-type=ATG, RBS-motif=GGAG/GAGG
22:59:20.581 - INFO - CDS - seq=contig_6, start=108814, stop=110253, strand=+, frame=1, truncated=no, start-type=TTG, RBS-motif=GGAG/GAGG
22:59:20.581 - INFO - CDS - seq=contig_6, start=110497, stop=111189, strand=+, frame=1, truncated=no, start-type=ATG, RBS-motif=GGAG/GAGG
22:59:20.581 - INFO - CDS - seq=contig_6, start=111247, stop=111882, strand=+, frame=1, truncated=no, start-type=ATG, RBS-motif=AGGAG
22:59:20.581 - INFO - CDS - seq=contig_6, start=111960, stop=113009, strand=+, frame=3, truncated=no, start-type=GTG, RBS-motif=AGGAG
22:59:20.581 - INFO - CDS - seq=contig_6, start=113297, stop=115621, strand=+, frame=2, truncated=no, start-type=GTG, RBS-motif=GGAGG
22:59:20.581 - INFO - CDS - seq=contig_6, start=115931, stop=116929, strand=+, frame=2, truncated=no, start-type=ATG, RBS-motif=GGAG/GAGG
22:59:20.581 - INFO - CDS - seq=contig_6, start=117067, stop=118362, strand=-, frame=2, truncated=no, start-type=ATG, RBS-motif=GGA/GAG/AGG
22:59:20.581 - INFO - CDS - seq=contig_6, start=118500, stop=119381, strand=-, frame=3, truncated=no, start-type=ATG, RBS-motif=AGGAGG
22:59:20.581 - INFO - CDS - seq=contig_6, start=119517, stop=121172, strand=-, frame=3, truncated=no, start-type=ATG, RBS-motif=AGGAG
22:59:20.581 - INFO - CDS - seq=contig_6, start=121473, stop=122231, strand=+, frame=3, truncated=no, start-type=ATG, RBS-motif=GGAGG
22:59:20.581 - INFO - CDS - seq=contig_6, start=122244, stop=124052, strand=+, frame=3, truncated=no, start-type=ATG, RBS-motif=GGA/GAG/AGG
22:59:20.581 - INFO - CDS - seq=contig_6, start=124403, stop=125062, strand=-, frame=1, truncated=no, start-type=ATG, RBS-motif=AGGAGG
22:59:20.581 - INFO - CDS - seq=contig_6, start=125220, stop=126185, strand=+, frame=3, truncated=no, start-type=ATG, RBS-motif=GGAGG
22:59:20.581 - INFO - CDS - seq=contig_6, start=126172, stop=127524, strand=+, frame=1, truncated=no, start-type=ATG, RBS-motif=GGAGG
22:59:20.581 - INFO - CDS - seq=contig_6, start=127635, stop=128096, strand=-, frame=3, truncated=no, start-type=ATG, RBS-motif=AGGAG
22:59:20.581 - INFO - CDS - seq=contig_6, start=128154, stop=129059, strand=-, frame=3, truncated=no, start-type=ATG, RBS-motif=GGA/GAG/AGG
22:59:20.581 - INFO - CDS - seq=contig_6, start=129115, stop=130944, strand=-, frame=2, truncated=no, start-type=ATG, RBS-motif=GGAGG
22:59:20.582 - INFO - CDS - seq=contig_6, start=131016, stop=131210, strand=+, frame=3, truncated=no, start-type=ATG, RBS-motif=AGGA
22:59:20.582 - INFO - CDS - seq=contig_6, start=132171, stop=134462, strand=+, frame=3, truncated=no, start-type=GTG, RBS-motif=GGA/GAG/AGG
22:59:20.582 - INFO - CDS - seq=contig_6, start=134467, stop=134943, strand=+, frame=1, truncated=no, start-type=ATG, RBS-motif=GGAG/GAGG
22:59:20.582 - INFO - CDS - seq=contig_6, start=135118, stop=135693, strand=-, frame=2, truncated=no, start-type=ATG, RBS-motif=AGGAG
22:59:20.582 - INFO - CDS - seq=contig_6, start=136141, stop=137550, strand=+, frame=1, truncated=no, start-type=TTG, RBS-motif=AGxAGG/AGGxGG
22:59:20.582 - INFO - CDS - seq=contig_6, start=137614, stop=137904, strand=-, frame=2, truncated=no, start-type=ATG, RBS-motif=AGGAGG
22:59:20.582 - INFO - CDS - seq=contig_6, start=137951, stop=138313, strand=-, frame=1, truncated=no, start-type=ATG, RBS-motif=GGAGG
22:59:20.582 - INFO - CDS - seq=contig_6, start=138469, stop=139395, strand=+, frame=1, truncated=no, start-type=ATG, RBS-motif=AGGA/GGAG/GAGG
22:59:20.582 - INFO - CDS - seq=contig_6, start=139568, stop=141121, strand=+, frame=2, truncated=no, start-type=GTG, RBS-motif=AGGA/GGAG/GAGG
22:59:20.582 - INFO - CDS - seq=contig_6, start=141331, stop=142095, strand=-, frame=2, truncated=no, start-type=ATG, RBS-motif=GGA/GAG/AGG
22:59:20.582 - INFO - CDS - seq=contig_6, start=142944, stop=144398, strand=-, frame=3, truncated=no, start-type=ATG, RBS-motif=GGAG/GAGG
22:59:20.582 - INFO - CDS - seq=contig_6, start=145413, stop=145553, strand=+, frame=3, truncated=no, start-type=ATG, RBS-motif=AGGA
22:59:20.582 - INFO - CDS - seq=contig_6, start=145652, stop=145981, strand=-, frame=1, truncated=no, start-type=GTG, RBS-motif=AGxAGG/AGGxGG
22:59:20.582 - INFO - CDS - seq=contig_6, start=146682, stop=148277, strand=-, frame=3, truncated=no, start-type=ATG, RBS-motif=AGGA
22:59:20.582 - INFO - CDS - seq=contig_6, start=148590, stop=149357, strand=+, frame=3, truncated=no, start-type=ATG, RBS-motif=AGGAG
22:59:20.582 - INFO - CDS - seq=contig_6, start=149339, stop=149545, strand=-, frame=1, truncated=no, start-type=ATG, RBS-motif=GGA/GAG/AGG
22:59:20.582 - INFO - CDS - seq=contig_6, start=149532, stop=150293, strand=-, frame=3, truncated=no, start-type=ATG, RBS-motif=GGAG/GAGG
22:59:20.582 - INFO - CDS - seq=contig_6, start=150646, stop=154068, strand=+, frame=1, truncated=no, start-type=ATG, RBS-motif=GGAGG
22:59:20.582 - INFO - CDS - seq=contig_6, start=154217, stop=154510, strand=+, frame=2, truncated=no, start-type=GTG, RBS-motif=GGA/GAG/AGG
22:59:20.582 - INFO - CDS - seq=contig_6, start=154602, stop=155000, strand=+, frame=3, truncated=no, start-type=ATG, RBS-motif=GGA/GAG/AGG
22:59:20.582 - INFO - CDS - seq=contig_6, start=155151, stop=155252, strand=+, frame=3, truncated=no, start-type=ATG, RBS-motif=GGAGG
22:59:20.582 - INFO - CDS - seq=contig_6, start=155424, stop=157025, strand=+, frame=3, truncated=no, start-type=ATG, RBS-motif=GGA/GAG/AGG
22:59:20.582 - INFO - CDS - seq=contig_6, start=157015, stop=158670, strand=+, frame=1, truncated=no, start-type=ATG, RBS-motif=AGxAGG/AGGxGG
22:59:20.582 - INFO - CDS - seq=contig_6, start=158777, stop=159040, strand=+, frame=2, truncated=no, start-type=ATG, RBS-motif=AGxAGG/AGGxGG
22:59:20.583 - INFO - CDS - seq=contig_6, start=159252, stop=159584, strand=+, frame=3, truncated=no, start-type=ATG, RBS-motif=GGA/GAG/AGG
22:59:20.583 - INFO - CDS - seq=contig_6, start=159581, stop=160261, strand=+, frame=2, truncated=no, start-type=ATG, RBS-motif=AGGAGG
22:59:20.583 - INFO - CDS - seq=contig_6, start=160624, stop=162294, strand=+, frame=1, truncated=no, start-type=ATG, RBS-motif=AGGA/GGAG/GAGG
22:59:20.583 - INFO - CDS - seq=contig_6, start=162398, stop=163351, strand=+, frame=2, truncated=no, start-type=ATG, RBS-motif=AGxAGG/AGGxGG
22:59:20.583 - INFO - CDS - seq=contig_6, start=163476, stop=164459, strand=+, frame=3, truncated=no, start-type=ATG, RBS-motif=AGGAGG
22:59:20.583 - INFO - CDS - seq=contig_6, start=164563, stop=164874, strand=+, frame=1, truncated=no, start-type=ATG, RBS-motif=AGGAGG
22:59:20.583 - INFO - CDS - seq=contig_6, start=164924, stop=166012, strand=+, frame=2, truncated=no, start-type=ATG, RBS-motif=AGGA
22:59:20.583 - INFO - CDS - seq=contig_6, start=166009, stop=166887, strand=+, frame=1, truncated=no, start-type=TTG, RBS-motif=GGAGG
22:59:20.583 - INFO - CDS - seq=contig_6, start=166901, stop=167461, strand=+, frame=2, truncated=no, start-type=GTG, RBS-motif=GGAG/GAGG
22:59:20.583 - INFO - CDS - seq=contig_6, start=167529, stop=168269, strand=-, frame=3, truncated=no, start-type=ATG, RBS-motif=AGGA/GGAG/GAGG
22:59:20.583 - INFO - CDS - seq=contig_6, start=168266, stop=168979, strand=-, frame=1, truncated=no, start-type=ATG, RBS-motif=AGGAGG
22:59:20.583 - INFO - CDS - seq=contig_6, start=168969, stop=169346, strand=-, frame=3, truncated=no, start-type=GTG, RBS-motif=AGGAGG
22:59:20.583 - INFO - CDS - seq=contig_6, start=169528, stop=170379, strand=+, frame=1, truncated=no, start-type=ATG, RBS-motif=GGAG/GAGG
22:59:20.583 - INFO - CDS - seq=contig_6, start=170464, stop=171498, strand=-, frame=2, truncated=no, start-type=ATG, RBS-motif=GGA/GAG/AGG
22:59:20.583 - INFO - CDS - seq=contig_6, start=171618, stop=172355, strand=-, frame=3, truncated=no, start-type=ATG, RBS-motif=GGAGG
22:59:20.583 - INFO - CDS - seq=contig_6, start=172518, stop=173927, strand=+, frame=3, truncated=no, start-type=ATG, RBS-motif=GGA/GAG/AGG
22:59:20.583 - INFO - CDS - seq=contig_6, start=174015, stop=174653, strand=-, frame=3, truncated=no, start-type=ATG, RBS-motif=AGGA
22:59:20.583 - INFO - CDS - seq=contig_6, start=174650, stop=176266, strand=-, frame=1, truncated=no, start-type=ATG, RBS-motif=GGA/GAG/AGG
22:59:20.583 - INFO - CDS - seq=contig_6, start=176253, stop=177170, strand=-, frame=3, truncated=no, start-type=ATG, RBS-motif=AGGAGG
22:59:20.583 - INFO - CDS - seq=contig_6, start=177443, stop=178198, strand=-, frame=1, truncated=no, start-type=TTG, RBS-motif=AGGAG
22:59:20.583 - INFO - CDS - seq=contig_6, start=178292, stop=179149, strand=-, frame=1, truncated=no, start-type=ATG, RBS-motif=AGGAGG
22:59:20.583 - INFO - CDS - seq=contig_6, start=179146, stop=179484, strand=-, frame=2, truncated=no, start-type=ATG, RBS-motif=GGAGG
22:59:20.583 - INFO - CDS - seq=contig_6, start=179747, stop=180364, strand=+, frame=2, truncated=no, start-type=ATG, RBS-motif=GGAG/GAGG
22:59:20.583 - INFO - CDS - seq=contig_6, start=180384, stop=180878, strand=-, frame=3, truncated=no, start-type=ATG, RBS-motif=AGGAG
22:59:20.583 - INFO - CDS - seq=contig_6, start=180929, stop=181492, strand=+, frame=2, truncated=no, start-type=ATG, RBS-motif=GGA/GAG/AGG
22:59:20.583 - INFO - CDS - seq=contig_6, start=181566, stop=181823, strand=+, frame=3, truncated=no, start-type=ATG, RBS-motif=AGGAGG
22:59:20.583 - INFO - CDS - seq=contig_6, start=182108, stop=183457, strand=+, frame=2, truncated=no, start-type=ATG, RBS-motif=GGAG/GAGG
22:59:20.583 - INFO - CDS - seq=contig_6, start=183556, stop=183882, strand=+, frame=1, truncated=no, start-type=ATG, RBS-motif=AGGAGG
22:59:20.584 - INFO - CDS - seq=contig_6, start=183888, stop=184286, strand=+, frame=3, truncated=no, start-type=ATG, RBS-motif=AGxAGG/AGGxGG
22:59:20.584 - INFO - CDS - seq=contig_6, start=184301, stop=185425, strand=+, frame=2, truncated=no, start-type=ATG, RBS-motif=AGGAGG
22:59:20.584 - INFO - CDS - seq=contig_6, start=185599, stop=185742, strand=+, frame=1, truncated=no, start-type=ATG, RBS-motif=GGAGG
22:59:20.584 - INFO - CDS - seq=contig_6, start=185744, stop=186748, strand=+, frame=2, truncated=no, start-type=ATG, RBS-motif=None
22:59:20.584 - INFO - CDS - seq=contig_6, start=186738, stop=187043, strand=+, frame=3, truncated=no, start-type=ATG, RBS-motif=AGGAG
22:59:20.584 - INFO - CDS - seq=contig_6, start=187031, stop=187909, strand=+, frame=2, truncated=no, start-type=ATG, RBS-motif=GGAGG
22:59:20.584 - INFO - CDS - seq=contig_6, start=187909, stop=189441, strand=+, frame=1, truncated=no, start-type=ATG, RBS-motif=GGAGG
22:59:20.584 - INFO - CDS - seq=contig_6, start=189434, stop=189973, strand=+, frame=2, truncated=no, start-type=ATG, RBS-motif=None
22:59:20.584 - INFO - CDS - seq=contig_6, start=190219, stop=191622, strand=+, frame=1, truncated=no, start-type=ATG, RBS-motif=AGGAGG
22:59:20.584 - INFO - CDS - seq=contig_6, start=191759, stop=192454, strand=+, frame=2, truncated=no, start-type=ATG, RBS-motif=AGxAGG/AGGxGG
22:59:20.584 - INFO - CDS - seq=contig_6, start=192447, stop=193289, strand=+, frame=3, truncated=no, start-type=TTG, RBS-motif=GGA/GAG/AGG
22:59:20.584 - INFO - CDS - seq=contig_6, start=193243, stop=193668, strand=-, frame=2, truncated=no, start-type=ATG, RBS-motif=GGAG/GAGG
22:59:20.584 - INFO - CDS - seq=contig_6, start=193892, stop=194473, strand=+, frame=2, truncated=no, start-type=ATG, RBS-motif=GGAG/GAGG
22:59:20.584 - INFO - CDS - seq=contig_6, start=194625, stop=195434, strand=-, frame=3, truncated=no, start-type=ATG, RBS-motif=AGGAGG
22:59:20.584 - INFO - CDS - seq=contig_6, start=195569, stop=196450, strand=+, frame=2, truncated=no, start-type=ATG, RBS-motif=AGGA
22:59:20.584 - INFO - CDS - seq=contig_6, start=196554, stop=197171, strand=-, frame=3, truncated=no, start-type=ATG, RBS-motif=GGA/GAG/AGG
22:59:20.584 - INFO - CDS - seq=contig_6, start=197389, stop=197538, strand=-, frame=2, truncated=no, start-type=ATG, RBS-motif=GGAG/GAGG
22:59:20.584 - INFO - CDS - seq=contig_6, start=197601, stop=198176, strand=-, frame=3, truncated=no, start-type=ATG, RBS-motif=AGGAGG
22:59:20.584 - INFO - CDS - seq=contig_6, start=198474, stop=199508, strand=-, frame=3, truncated=no, start-type=ATG, RBS-motif=GGAGG
22:59:20.584 - INFO - CDS - seq=contig_6, start=200111, stop=200635, strand=+, frame=2, truncated=no, start-type=ATG, RBS-motif=AGGAG
22:59:20.584 - INFO - CDS - seq=contig_6, start=200755, stop=201306, strand=+, frame=1, truncated=no, start-type=ATG, RBS-motif=GGAGG
22:59:20.584 - INFO - CDS - seq=contig_6, start=201618, stop=203294, strand=+, frame=3, truncated=no, start-type=ATG, RBS-motif=AGGAGG
22:59:20.584 - INFO - CDS - seq=contig_6, start=203353, stop=204063, strand=+, frame=1, truncated=no, start-type=GTG, RBS-motif=AGGAGG
22:59:20.584 - INFO - CDS - seq=contig_6, start=204148, stop=204291, strand=+, frame=1, truncated=no, start-type=ATG, RBS-motif=AGGA/GGAG/GAGG
22:59:20.584 - INFO - CDS - seq=contig_6, start=204804, stop=206258, strand=+, frame=3, truncated=no, start-type=TTG, RBS-motif=AGGAG
22:59:20.584 - INFO - CDS - seq=contig_6, start=206322, stop=207851, strand=-, frame=3, truncated=no, start-type=ATG, RBS-motif=AGxAGG/AGGxGG
22:59:20.585 - INFO - CDS - seq=contig_6, start=208112, stop=209689, strand=+, frame=2, truncated=no, start-type=ATG, RBS-motif=GGxGG
22:59:20.585 - INFO - CDS - seq=contig_6, start=210061, stop=211344, strand=+, frame=1, truncated=no, start-type=ATG, RBS-motif=AGGAGG
22:59:20.585 - INFO - CDS - seq=contig_6, start=175, stop=2310, strand=+, nt=[GTGTCAATCA..CCATTCATAA]
22:59:20.585 - INFO - CDS - seq=contig_6, start=2357, stop=3163, strand=+, nt=[ATGTCCCCAA..ATTGGGCTGA]
22:59:20.585 - INFO - CDS - seq=contig_6, start=3224, stop=3844, strand=+, nt=[ATGTCAATTG..GGCGAAATGA]
22:59:20.585 - INFO - CDS - seq=contig_6, start=4167, stop=4979, strand=+, nt=[TTGAAAGTCA..GATTTCGTGA]
22:59:20.585 - INFO - CDS - seq=contig_6, start=5666, stop=6271, strand=-, nt=[ATGTCAAAGA..TGCACAGTAA]
22:59:20.585 - INFO - CDS - seq=contig_6, start=6697, stop=7287, strand=+, nt=[ATGGCAAATA..GCAACTATAA]
22:59:20.585 - INFO - CDS - seq=contig_6, start=7328, stop=9910, strand=+, nt=[ATGGCTAATC..GGATGTTTGA]
22:59:20.585 - INFO - CDS - seq=contig_6, start=10257, stop=11003, strand=-, nt=[ATGGAAACTT..GCGAATTTAA]
22:59:20.585 - INFO - CDS - seq=contig_6, start=11281, stop=12024, strand=-, nt=[ATGAAATTTA..CGCGAAGTAA]
22:59:20.585 - INFO - CDS - seq=contig_6, start=12087, stop=14309, strand=-, nt=[ATGGCAAATA..GCAAAGTTAG]
22:59:20.585 - INFO - CDS - seq=contig_6, start=15174, stop=16598, strand=+, nt=[ATGAATGCAT..TGCTGTTTGA]
22:59:20.585 - INFO - CDS - seq=contig_6, start=16595, stop=16801, strand=+, nt=[TTGAAAAATG..TGCCGGTTGA]
22:59:20.585 - INFO - CDS - seq=contig_6, start=16773, stop=17183, strand=+, nt=[ATGAAGATCA..TCAATCTTAA]
22:59:20.585 - INFO - CDS - seq=contig_6, start=17293, stop=18393, strand=+, nt=[ATGGGACAGA..TAAAAGTTAG]
22:59:20.585 - INFO - CDS - seq=contig_6, start=18450, stop=18785, strand=+, nt=[ATGACGCAAG..AACTGTTTAA]
22:59:20.585 - INFO - CDS - seq=contig_6, start=19037, stop=19603, strand=-, nt=[ATGCGTAAGC..GATGGGTTGA]
22:59:20.585 - INFO - CDS - seq=contig_6, start=20074, stop=20856, strand=+, nt=[ATGAAAGTTG..GCGCCTATGA]
22:59:20.585 - INFO - CDS - seq=contig_6, start=20853, stop=22337, strand=+, nt=[ATGAGTATCG..ACATGAGTGA]
22:59:20.585 - INFO - CDS - seq=contig_6, start=22330, stop=23037, strand=+, nt=[ATGAGTGATC..GGATATGTAA]
22:59:20.585 - INFO - CDS - seq=contig_6, start=24257, stop=24820, strand=+, nt=[ATGACTGAAG..TCAAAAATAA]
22:59:20.585 - INFO - CDS - seq=contig_6, start=25048, stop=26478, strand=+, nt=[ATGGTGATGA..AGTTCAATAA]
22:59:20.585 - INFO - CDS - seq=contig_6, start=26910, stop=28532, strand=+, nt=[ATGAAATTTA..AGTTAAGTAG]
22:59:20.585 - INFO - CDS - seq=contig_6, start=28707, stop=29630, strand=+, nt=[ATGGTCAAAT..GGCAAACTAA]
22:59:20.585 - INFO - CDS - seq=contig_6, start=29630, stop=30628, strand=+, nt=[ATGGCAACAA..TGAACATTAG]
22:59:20.585 - INFO - CDS - seq=contig_6, start=30640, stop=31692, strand=+, nt=[ATGAGTAAAA..GGTGAACTAA]
22:59:20.585 - INFO - CDS - seq=contig_6, start=31694, stop=32671, strand=+, nt=[GTGGTCGACA..TGCCCAGTAA]
22:59:20.585 - INFO - CDS - seq=contig_6, start=32980, stop=33618, strand=+, nt=[ATGACCAAGT..AAGTAAATAA]
22:59:20.585 - INFO - CDS - seq=contig_6, start=33878, stop=34189, strand=+, nt=[ATGTTAGACA..TAACCTGTAA]
22:59:20.585 - INFO - CDS - seq=contig_6, start=34474, stop=34698, strand=+, nt=[ATGACATTTG..GAACGCATGA]
22:59:20.585 - INFO - CDS - seq=contig_6, start=34695, stop=35408, strand=+, nt=[ATGACGCATT..CGAAAAGTAA]
22:59:20.585 - INFO - CDS - seq=contig_6, start=35520, stop=36020, strand=+, nt=[ATGCAAACAA..GGATAAGTAG]
22:59:20.585 - INFO - CDS - seq=contig_6, start=36303, stop=37022, strand=-, nt=[ATGAAAAAAA..GAAAAAGTAA]
22:59:20.585 - INFO - CDS - seq=contig_6, start=37379, stop=38359, strand=+, nt=[TTGAACTTGT..TCGAAAGTAG]
22:59:20.585 - INFO - CDS - seq=contig_6, start=38757, stop=39668, strand=+, nt=[ATGAATGAAC..TCGGATTTAA]
22:59:20.585 - INFO - CDS - seq=contig_6, start=39682, stop=40434, strand=+, nt=[ATGAAGTGGT..TAAAAAGTAG]
22:59:20.585 - INFO - CDS - seq=contig_6, start=40517, stop=41641, strand=+, nt=[ATGAAACTAC..GAGCAAGTAA]
22:59:20.585 - INFO - CDS - seq=contig_6, start=41729, stop=43126, strand=+, nt=[ATGGGCTATC..TTACCGCTGA]
22:59:20.585 - INFO - CDS - seq=contig_6, start=43191, stop=44558, strand=+, nt=[ATGCTTCCAT..TAATACGTAG]
22:59:20.585 - INFO - CDS - seq=contig_6, start=44613, stop=45677, strand=+, nt=[ATGAGCTGCT..ATCAGACTAA]
22:59:20.585 - INFO - CDS - seq=contig_6, start=45718, stop=46854, strand=+, nt=[TTGAAAGTTT..AGCAACATAA]
22:59:20.585 - INFO - CDS - seq=contig_6, start=46869, stop=47960, strand=+, nt=[GTGTCCAGAA..TTTTTACTGA]
22:59:20.585 - INFO - CDS - seq=contig_6, start=48054, stop=48851, strand=+, nt=[ATGGATATCA..GACTAAATAG]
22:59:20.585 - INFO - CDS - seq=contig_6, start=48943, stop=49971, strand=+, nt=[TTGTTTGAAG..TCACGATTGA]
22:59:20.585 - INFO - CDS - seq=contig_6, start=49968, stop=50378, strand=+, nt=[TTGATACTAA..TCTATCGTAA]
22:59:20.585 - INFO - CDS - seq=contig_6, start=50587, stop=51255, strand=+, nt=[TTGGAGACAG..AGCCTACTAG]
22:59:20.585 - INFO - CDS - seq=contig_6, start=51438, stop=52331, strand=-, nt=[ATGAAAAAGA..CGCAAAGTAA]
22:59:20.585 - INFO - CDS - seq=contig_6, start=52509, stop=53273, strand=+, nt=[ATGATTGATG..ACGGTATTAG]
22:59:20.585 - INFO - CDS - seq=contig_6, start=53638, stop=55788, strand=+, nt=[ATGGCAAACT..TGCGAAGTAA]
22:59:20.586 - INFO - CDS - seq=contig_6, start=56421, stop=56822, strand=+, nt=[ATGATCAAGT..AAGTGTTTAA]
22:59:20.586 - INFO - CDS - seq=contig_6, start=57254, stop=59185, strand=+, nt=[ATGGACTTGT..AGAAGAATAG]
22:59:20.586 - INFO - CDS - seq=contig_6, start=59652, stop=60482, strand=+, nt=[ATGCAGAAAA..CAGTATTTAA]
22:59:20.586 - INFO - CDS - seq=contig_6, start=61072, stop=62484, strand=-, nt=[ATGAAGACAA..GGTACAATGA]
22:59:20.586 - INFO - CDS - seq=contig_6, start=62574, stop=62714, strand=-, nt=[ATGGTACCAA..ATTCCAGTAG]
22:59:20.586 - INFO - CDS - seq=contig_6, start=63089, stop=63991, strand=+, nt=[ATGTTACGCA..TGCACGTTAA]
22:59:20.586 - INFO - CDS - seq=contig_6, start=64258, stop=65289, strand=-, nt=[ATGAGTGTCA..GTTTAATTAA]
22:59:20.586 - INFO - CDS - seq=contig_6, start=65666, stop=67765, strand=+, nt=[ATGATTCAGG..GCAATCATGA]
22:59:20.586 - INFO - CDS - seq=contig_6, start=67762, stop=68904, strand=+, nt=[ATGAGTACTG..AAAAGAATGA]
22:59:20.586 - INFO - CDS - seq=contig_6, start=68901, stop=70070, strand=+, nt=[ATGAGAAAAG..CCGTGCTTAA]
22:59:20.586 - INFO - CDS - seq=contig_6, start=70063, stop=71508, strand=+, nt=[GTGCTTAAAG..CAAAGCATGA]
22:59:20.586 - INFO - CDS - seq=contig_6, start=71724, stop=74132, strand=+, nt=[ATGTCATTAA..CGAGGCTTAA]
22:59:20.586 - INFO - CDS - seq=contig_6, start=74382, stop=76160, strand=+, nt=[ATGTTTCAAT..GCAGATTTAA]
22:59:20.586 - INFO - CDS - seq=contig_6, start=76608, stop=77537, strand=-, nt=[ATGACCACGA..CACCATGTAA]
22:59:20.586 - INFO - CDS - seq=contig_6, start=77712, stop=78047, strand=+, nt=[ATGGCGGCAT..AAACGGCTGA]
22:59:20.586 - INFO - CDS - seq=contig_6, start=78222, stop=79166, strand=+, nt=[ATGGATGCTG..GCAAAAGTGA]
22:59:20.586 - INFO - CDS - seq=contig_6, start=79700, stop=80974, strand=+, nt=[ATGACAGACA..AGCGAAGTAA]
22:59:20.586 - INFO - CDS - seq=contig_6, start=81282, stop=82499, strand=+, nt=[ATGAAATTAA..TCGTCTGTAA]
22:59:20.586 - INFO - CDS - seq=contig_6, start=82606, stop=83013, strand=+, nt=[ATGGTGACAA..TCAGCATTAG]
22:59:20.586 - INFO - CDS - seq=contig_6, start=83130, stop=83732, strand=+, nt=[ATGAAAGCTG..ACAAAAATAA]
22:59:20.586 - INFO - CDS - seq=contig_6, start=83802, stop=83915, strand=-, nt=[ATGGCAGAAA..AGTCAAGTAA]
22:59:20.586 - INFO - CDS - seq=contig_6, start=84024, stop=84470, strand=+, nt=[ATGGATAACA..AAATGCCTAA]
22:59:20.586 - INFO - CDS - seq=contig_6, start=84762, stop=85202, strand=+, nt=[ATGGCTTATC..CGGTCAGTAA]
22:59:20.586 - INFO - CDS - seq=contig_6, start=85223, stop=86209, strand=+, nt=[ATGTTAACTG..CGATGAATAA]
22:59:20.586 - INFO - CDS - seq=contig_6, start=86626, stop=87363, strand=+, nt=[ATGTCAATGA..TAACCACTAA]
22:59:20.586 - INFO - CDS - seq=contig_6, start=87491, stop=88315, strand=+, nt=[ATGGCAAAAT..GGTGGAATAG]
22:59:20.586 - INFO - CDS - seq=contig_6, start=88317, stop=88961, strand=+, nt=[ATGTGGTCAA..CACCGCCTAG]
22:59:20.586 - INFO - CDS - seq=contig_6, start=88977, stop=89639, strand=+, nt=[ATGCATAATT..GTCGAATTAG]
22:59:20.586 - INFO - CDS - seq=contig_6, start=89798, stop=90733, strand=+, nt=[TTGAGCAACT..ATTGCAGTGA]
22:59:20.586 - INFO - CDS - seq=contig_6, start=90818, stop=91573, strand=+, nt=[TTGAAAAGTG..CAAACGCTGA]
22:59:20.586 - INFO - CDS - seq=contig_6, start=91595, stop=92335, strand=+, nt=[ATGATTCCCA..CCAACGCTGA]
22:59:20.586 - INFO - CDS - seq=contig_6, start=92466, stop=93866, strand=+, nt=[ATGAAACAGA..TTTAAGTTAA]
22:59:20.586 - INFO - CDS - seq=contig_6, start=94009, stop=94875, strand=+, nt=[ATGAAGAAGA..GACACGTTAG]
22:59:20.586 - INFO - CDS - seq=contig_6, start=95137, stop=96279, strand=+, nt=[TTGGCAAAAA..ATTTAAGTAG]
22:59:20.586 - INFO - CDS - seq=contig_6, start=96351, stop=97343, strand=+, nt=[ATGGCACTGC..TTCTCAATAA]
22:59:20.586 - INFO - CDS - seq=contig_6, start=97471, stop=98511, strand=-, nt=[ATGGACATTA..AAAATCCTAA]
22:59:20.586 - INFO - CDS - seq=contig_6, start=98762, stop=100249, strand=+, nt=[ATGGAAAATC..GTTGTCATGA]
22:59:20.586 - INFO - CDS - seq=contig_6, start=100388, stop=102469, strand=+, nt=[ATGGGGAAAA..TATTAGGTAG]
22:59:20.586 - INFO - CDS - seq=contig_6, start=102665, stop=104404, strand=+, nt=[ATGCACGAAA..AAAGCAATAA]
22:59:20.586 - INFO - CDS - seq=contig_6, start=104559, stop=106232, strand=-, nt=[ATGAGCATTA..AACTGACTAA]
22:59:20.586 - INFO - CDS - seq=contig_6, start=106643, stop=107608, strand=+, nt=[ATGTATCAGC..TGTCTATTAG]
22:59:20.586 - INFO - CDS - seq=contig_6, start=107663, stop=108799, strand=+, nt=[ATGAAGATTC..AGTCAAGTGA]
22:59:20.586 - INFO - CDS - seq=contig_6, start=108814, stop=110253, strand=+, nt=[TTGCGAAATC..AAACGTATGA]
22:59:20.586 - INFO - CDS - seq=contig_6, start=110497, stop=111189, strand=+, nt=[ATGGAAAACT..GAAACTCTAA]
22:59:20.586 - INFO - CDS - seq=contig_6, start=111247, stop=111882, strand=+, nt=[ATGACAAACG..TCAAGCGTAA]
22:59:20.586 - INFO - CDS - seq=contig_6, start=111960, stop=113009, strand=+, nt=[GTGGTTTTTT..GGCTTTTTAA]
22:59:20.586 - INFO - CDS - seq=contig_6, start=113297, stop=115621, strand=+, nt=[GTGATTGATA..CTTAAAGTGA]
22:59:20.586 - INFO - CDS - seq=contig_6, start=115931, stop=116929, strand=+, nt=[ATGAAGAGCA..TCTGGAATAA]
22:59:20.586 - INFO - CDS - seq=contig_6, start=117067, stop=118362, strand=-, nt=[ATGACTGAAC..AGAAGTTTAA]
22:59:20.586 - INFO - CDS - seq=contig_6, start=118500, stop=119381, strand=-, nt=[ATGCTCAGCT..TGTTGGGTAG]
22:59:20.586 - INFO - CDS - seq=contig_6, start=119517, stop=121172, strand=-, nt=[ATGAATGAAT..CACTGACTAA]
22:59:20.586 - INFO - CDS - seq=contig_6, start=121473, stop=122231, strand=+, nt=[ATGGACAAGC..TCAAAAGTAA]
22:59:20.586 - INFO - CDS - seq=contig_6, start=122244, stop=124052, strand=+, nt=[ATGTTAACGA..AAAAGCCTAA]
22:59:20.587 - INFO - CDS - seq=contig_6, start=124403, stop=125062, strand=-, nt=[ATGAAAGGCA..TGAAGCATAG]
22:59:20.587 - INFO - CDS - seq=contig_6, start=125220, stop=126185, strand=+, nt=[ATGGCAAAAG..CAAGGCCTGA]
22:59:20.587 - INFO - CDS - seq=contig_6, start=126172, stop=127524, strand=+, nt=[ATGGCAAGGC..CTTTGTTTAA]
22:59:20.587 - INFO - CDS - seq=contig_6, start=127635, stop=128096, strand=-, nt=[ATGGCTTATA..CAGCTATTGA]
22:59:20.587 - INFO - CDS - seq=contig_6, start=128154, stop=129059, strand=-, nt=[ATGAAACAAG..TAACGACTAA]
22:59:20.587 - INFO - CDS - seq=contig_6, start=129115, stop=130944, strand=-, nt=[ATGGAATCCA..ATTGAATTAA]
22:59:20.587 - INFO - CDS - seq=contig_6, start=131016, stop=131210, strand=+, nt=[ATGTCACAAA..AAAGCTTTAA]
22:59:20.587 - INFO - CDS - seq=contig_6, start=132171, stop=134462, strand=+, nt=[GTGGCTGAGA..GCGAGGGTAA]
22:59:20.587 - INFO - CDS - seq=contig_6, start=134467, stop=134943, strand=+, nt=[ATGGTCAAAA..GTTAGATTGA]
22:59:20.587 - INFO - CDS - seq=contig_6, start=135118, stop=135693, strand=-, nt=[ATGATGACAG..CCGCGACTGA]
22:59:20.587 - INFO - CDS - seq=contig_6, start=136141, stop=137550, strand=+, nt=[TTGGCAAAAC..GCACGACTAA]
22:59:20.587 - INFO - CDS - seq=contig_6, start=137614, stop=137904, strand=-, nt=[ATGCTTAACC..TCAAAAATAG]
22:59:20.587 - INFO - CDS - seq=contig_6, start=137951, stop=138313, strand=-, nt=[ATGCTTGAAC..GGAACTTTAA]
22:59:20.587 - INFO - CDS - seq=contig_6, start=138469, stop=139395, strand=+, nt=[ATGCAATCCG..AAAATGGTAA]
22:59:20.587 - INFO - CDS - seq=contig_6, start=139568, stop=141121, strand=+, nt=[GTGGCAAATG..GTGGGAATGA]
22:59:20.587 - INFO - CDS - seq=contig_6, start=141331, stop=142095, strand=-, nt=[ATGAAAAATA..TCGAGTTTAA]
22:59:20.587 - INFO - CDS - seq=contig_6, start=142944, stop=144398, strand=-, nt=[ATGAGTCACA..GCCAAAGTAA]
22:59:20.587 - INFO - CDS - seq=contig_6, start=145413, stop=145553, strand=+, nt=[ATGTTTCGGG..CAGTCAGTAG]
22:59:20.587 - INFO - CDS - seq=contig_6, start=145652, stop=145981, strand=-, nt=[GTGTCATTAC..GAAGCGCTGA]
22:59:20.587 - INFO - CDS - seq=contig_6, start=146682, stop=148277, strand=-, nt=[ATGTCTAGCT..GCGGTTTTAA]
22:59:20.587 - INFO - CDS - seq=contig_6, start=148590, stop=149357, strand=+, nt=[ATGAAAAATT..CGTTTGGTAA]
22:59:20.587 - INFO - CDS - seq=contig_6, start=149339, stop=149545, strand=-, nt=[ATGGCAGTCG..GGTCACTTGA]
22:59:20.587 - INFO - CDS - seq=contig_6, start=149532, stop=150293, strand=-, nt=[ATGAAACATC..CAGTCGATAA]
22:59:20.587 - INFO - CDS - seq=contig_6, start=150646, stop=154068, strand=+, nt=[ATGAGAGCAA..CGGCAATTAA]
22:59:20.587 - INFO - CDS - seq=contig_6, start=154217, stop=154510, strand=+, nt=[GTGACTAACT..ACTGGTATGA]
22:59:20.587 - INFO - CDS - seq=contig_6, start=154602, stop=155000, strand=+, nt=[ATGGCAACGA..AACTTGTTAG]
22:59:20.587 - INFO - CDS - seq=contig_6, start=155151, stop=155252, strand=+, nt=[ATGCGGATCA..TGGTCGTTAA]
22:59:20.587 - INFO - CDS - seq=contig_6, start=155424, stop=157025, strand=+, nt=[ATGCAAACTA..TGATAACTGA]
22:59:20.587 - INFO - CDS - seq=contig_6, start=157015, stop=158670, strand=+, nt=[ATGATAACTG..AAAGATTTAG]
22:59:20.587 - INFO - CDS - seq=contig_6, start=158777, stop=159040, strand=+, nt=[ATGTTCAACT..GCACGCATAG]
22:59:20.587 - INFO - CDS - seq=contig_6, start=159252, stop=159584, strand=+, nt=[ATGTCAAGCC..AGCAAAATGA]
22:59:20.587 - INFO - CDS - seq=contig_6, start=159581, stop=160261, strand=+, nt=[ATGACAAAAG..CAAACATTAG]
22:59:20.587 - INFO - CDS - seq=contig_6, start=160624, stop=162294, strand=+, nt=[ATGCAGAAGA..AAAAGAATGA]
22:59:20.587 - INFO - CDS - seq=contig_6, start=162398, stop=163351, strand=+, nt=[ATGGTCAAAT..CAGAGCGTGA]
22:59:20.587 - INFO - CDS - seq=contig_6, start=163476, stop=164459, strand=+, nt=[ATGGCCGCAA..CCAAAGCTAG]
22:59:20.587 - INFO - CDS - seq=contig_6, start=164563, stop=164874, strand=+, nt=[ATGCAGAAAC..TGAAAAGTAA]
22:59:20.587 - INFO - CDS - seq=contig_6, start=164924, stop=166012, strand=+, nt=[ATGGCGGACA..GCCAGTTTGA]
22:59:20.587 - INFO - CDS - seq=contig_6, start=166009, stop=166887, strand=+, nt=[TTGACAGAAC..AGCGCAATAA]
22:59:20.587 - INFO - CDS - seq=contig_6, start=166901, stop=167461, strand=+, nt=[GTGTTTAGCA..ATCACAATAA]
22:59:20.587 - INFO - CDS - seq=contig_6, start=167529, stop=168269, strand=-, nt=[ATGACTAATA..AACTAAATAA]
22:59:20.587 - INFO - CDS - seq=contig_6, start=168266, stop=168979, strand=-, nt=[ATGACAACTA..CCAACAATGA]
22:59:20.587 - INFO - CDS - seq=contig_6, start=168969, stop=169346, strand=-, nt=[GTGGAATTTG..TGACAACTAA]
22:59:20.587 - INFO - CDS - seq=contig_6, start=169528, stop=170379, strand=+, nt=[ATGAAAAAAT..TACGAACTGA]
22:59:20.587 - INFO - CDS - seq=contig_6, start=170464, stop=171498, strand=-, nt=[ATGCATATTG..CAATCTCTAA]
22:59:20.587 - INFO - CDS - seq=contig_6, start=171618, stop=172355, strand=-, nt=[ATGACAATCA..GGTTTGGTAA]
22:59:20.587 - INFO - CDS - seq=contig_6, start=172518, stop=173927, strand=+, nt=[ATGGCGAAGA..GGTTGAATAA]
22:59:20.587 - INFO - CDS - seq=contig_6, start=174015, stop=174653, strand=-, nt=[ATGAAAAATG..TGAAAGTTGA]
22:59:20.587 - INFO - CDS - seq=contig_6, start=174650, stop=176266, strand=-, nt=[ATGCGGCACA..GAGCTTATGA]
22:59:20.588 - INFO - CDS - seq=contig_6, start=176253, stop=177170, strand=-, nt=[ATGACAACAG..GGCACAGTAA]
22:59:20.588 - INFO - CDS - seq=contig_6, start=177443, stop=178198, strand=-, nt=[TTGGATCTCA..GGAAAGCTGA]
22:59:20.588 - INFO - CDS - seq=contig_6, start=178292, stop=179149, strand=-, nt=[ATGAAACAAC..AGATAGATAA]
22:59:20.588 - INFO - CDS - seq=contig_6, start=179146, stop=179484, strand=-, nt=[ATGGCAACAG..CAAGCCATGA]
22:59:20.588 - INFO - CDS - seq=contig_6, start=179747, stop=180364, strand=+, nt=[ATGAAAATTG..TGCCGAATAA]
22:59:20.588 - INFO - CDS - seq=contig_6, start=180384, stop=180878, strand=-, nt=[ATGAAACTGC..GCTCTACTGA]
22:59:20.588 - INFO - CDS - seq=contig_6, start=180929, stop=181492, strand=+, nt=[ATGGATAAGC..AAGACCGTAA]
22:59:20.588 - INFO - CDS - seq=contig_6, start=181566, stop=181823, strand=+, nt=[ATGAAAGCCG..AGACTGGTAG]
22:59:20.588 - INFO - CDS - seq=contig_6, start=182108, stop=183457, strand=+, nt=[ATGTTACTCA..GCAAAAATAA]
22:59:20.588 - INFO - CDS - seq=contig_6, start=183556, stop=183882, strand=+, nt=[ATGTTTAATT..GGTGGAATGA]
22:59:20.588 - INFO - CDS - seq=contig_6, start=183888, stop=184286, strand=+, nt=[ATGTTGAGAA..CATTATTTAA]
22:59:20.588 - INFO - CDS - seq=contig_6, start=184301, stop=185425, strand=+, nt=[ATGGAAGCGC..TGGCGCATAA]
22:59:20.588 - INFO - CDS - seq=contig_6, start=185599, stop=185742, strand=+, nt=[ATGAAAATTG..GGCGAAGTAA]
22:59:20.588 - INFO - CDS - seq=contig_6, start=185744, stop=186748, strand=+, nt=[ATGGCAACTT..TGGAAATTAA]
22:59:20.588 - INFO - CDS - seq=contig_6, start=186738, stop=187043, strand=+, nt=[ATGGAAATTA..GATAAATTAA]
22:59:20.588 - INFO - CDS - seq=contig_6, start=187031, stop=187909, strand=+, nt=[ATGGATAAAT..GGTAGACTGA]
22:59:20.588 - INFO - CDS - seq=contig_6, start=187909, stop=189441, strand=+, nt=[ATGGTCAAGA..CAATGTTTAA]
22:59:20.588 - INFO - CDS - seq=contig_6, start=189434, stop=189973, strand=+, nt=[ATGTTTAAAT..CGCGAGCTGA]
22:59:20.588 - INFO - CDS - seq=contig_6, start=190219, stop=191622, strand=+, nt=[ATGCCTAAAC..GCATGATTGA]
22:59:20.588 - INFO - CDS - seq=contig_6, start=191759, stop=192454, strand=+, nt=[ATGAATCAAG..CATTGAATGA]
22:59:20.588 - INFO - CDS - seq=contig_6, start=192447, stop=193289, strand=+, nt=[TTGAATGAAC..AACGGGATGA]
22:59:20.588 - INFO - CDS - seq=contig_6, start=193243, stop=193668, strand=-, nt=[ATGACTTATG..GCCAGACTAA]
22:59:20.588 - INFO - CDS - seq=contig_6, start=193892, stop=194473, strand=+, nt=[ATGAAAAAGT..TCACGCATGA]
22:59:20.588 - INFO - CDS - seq=contig_6, start=194625, stop=195434, strand=-, nt=[ATGCAAGTGG..GACAGACTGA]
22:59:20.588 - INFO - CDS - seq=contig_6, start=195569, stop=196450, strand=+, nt=[ATGCGATATT..AACAATCTGA]
22:59:20.588 - INFO - CDS - seq=contig_6, start=196554, stop=197171, strand=-, nt=[ATGACATTTG..AAACGCCTGA]
22:59:20.588 - INFO - CDS - seq=contig_6, start=197389, stop=197538, strand=-, nt=[ATGCGGAATA..AGTTAAGTAA]
22:59:20.588 - INFO - CDS - seq=contig_6, start=197601, stop=198176, strand=-, nt=[ATGTCAAACA..CCAGCCTTGA]
22:59:20.588 - INFO - CDS - seq=contig_6, start=198474, stop=199508, strand=-, nt=[ATGAAAAGAA..TAACCAGTAG]
22:59:20.588 - INFO - CDS - seq=contig_6, start=200111, stop=200635, strand=+, nt=[ATGCTGAAAG..TGAAAAATGA]
22:59:20.588 - INFO - CDS - seq=contig_6, start=200755, stop=201306, strand=+, nt=[ATGACTGTGC..GATGCAATGA]
22:59:20.588 - INFO - CDS - seq=contig_6, start=201618, stop=203294, strand=+, nt=[ATGGCAGAAG..AATTTACTAA]
22:59:20.588 - INFO - CDS - seq=contig_6, start=203353, stop=204063, strand=+, nt=[GTGAATACTG..TGAGAATTGA]
22:59:20.588 - INFO - CDS - seq=contig_6, start=204148, stop=204291, strand=+, nt=[ATGAATCCCA..GGGGCGCTAA]
22:59:20.588 - INFO - CDS - seq=contig_6, start=204804, stop=206258, strand=+, nt=[TTGGCACAGT..CCGAAATTAA]
22:59:20.588 - INFO - CDS - seq=contig_6, start=206322, stop=207851, strand=-, nt=[ATGCTGTATG..TAAGTGGTGA]
22:59:20.588 - INFO - CDS - seq=contig_6, start=208112, stop=209689, strand=+, nt=[ATGGAAGCCA..CATTTATTAA]
22:59:20.588 - INFO - CDS - seq=contig_6, start=210061, stop=211344, strand=+, nt=[ATGTTAGATC..GGAAGATTAA]
22:59:20.588 - INFO - CDS - seq=contig_7, start=277, stop=1107, strand=+, frame=1, truncated=no, start-type=ATG, RBS-motif=AGGAGG
22:59:20.588 - INFO - CDS - seq=contig_7, start=1885, stop=2712, strand=+, frame=1, truncated=no, start-type=ATG, RBS-motif=AGGAGG
22:59:20.588 - INFO - CDS - seq=contig_7, start=2731, stop=3783, strand=+, frame=1, truncated=no, start-type=ATG, RBS-motif=GGA/GAG/AGG
22:59:20.588 - INFO - CDS - seq=contig_7, start=3788, stop=4477, strand=+, frame=2, truncated=no, start-type=ATG, RBS-motif=AGGAGG
22:59:20.588 - INFO - CDS - seq=contig_7, start=4609, stop=5376, strand=+, frame=1, truncated=no, start-type=GTG, RBS-motif=GGxGG
22:59:20.588 - INFO - CDS - seq=contig_7, start=5369, stop=6400, strand=+, frame=2, truncated=no, start-type=ATG, RBS-motif=AGxAGG/AGGxGG
22:59:20.589 - INFO - CDS - seq=contig_7, start=6393, stop=7589, strand=+, frame=3, truncated=no, start-type=ATG, RBS-motif=GGxGG
22:59:20.589 - INFO - CDS - seq=contig_7, start=7576, stop=8022, strand=+, frame=1, truncated=no, start-type=ATG, RBS-motif=AGGAGG
22:59:20.589 - INFO - CDS - seq=contig_7, start=8015, stop=9451, strand=+, frame=2, truncated=no, start-type=ATG, RBS-motif=GGA/GAG/AGG
22:59:20.589 - INFO - CDS - seq=contig_7, start=9637, stop=9819, strand=+, frame=1, truncated=no, start-type=ATG, RBS-motif=AGGAGG
22:59:20.589 - INFO - CDS - seq=contig_7, start=10017, stop=10397, strand=+, frame=3, truncated=no, start-type=ATG, RBS-motif=AGGAGG
22:59:20.589 - INFO - CDS - seq=contig_7, start=10498, stop=11466, strand=+, frame=1, truncated=no, start-type=TTG, RBS-motif=AGGAGG
22:59:20.589 - INFO - CDS - seq=contig_7, start=11497, stop=12150, strand=+, frame=1, truncated=no, start-type=TTG, RBS-motif=AGxAGG/AGGxGG
22:59:20.589 - INFO - CDS - seq=contig_7, start=12372, stop=13259, strand=+, frame=3, truncated=no, start-type=ATG, RBS-motif=GGAG/GAGG
22:59:20.589 - INFO - CDS - seq=contig_7, start=13404, stop=13901, strand=-, frame=3, truncated=no, start-type=ATG, RBS-motif=GGAG/GAGG
22:59:20.589 - INFO - CDS - seq=contig_7, start=13962, stop=14240, strand=-, frame=3, truncated=no, start-type=GTG, RBS-motif=AGGAGG
22:59:20.589 - INFO - CDS - seq=contig_7, start=14866, stop=16161, strand=-, frame=2, truncated=no, start-type=TTG, RBS-motif=AGGAGG
22:59:20.589 - INFO - CDS - seq=contig_7, start=16379, stop=18343, strand=+, frame=2, truncated=no, start-type=ATG, RBS-motif=AGGA
22:59:20.589 - INFO - CDS - seq=contig_7, start=18375, stop=18815, strand=-, frame=3, truncated=no, start-type=ATG, RBS-motif=AGGAGG
22:59:20.589 - INFO - CDS - seq=contig_7, start=18886, stop=19488, strand=+, frame=1, truncated=no, start-type=GTG, RBS-motif=GGA/GAG/AGG
22:59:20.589 - INFO - CDS - seq=contig_7, start=19708, stop=20373, strand=+, frame=1, truncated=no, start-type=ATG, RBS-motif=AGGAG
22:59:20.589 - INFO - CDS - seq=contig_7, start=20422, stop=21288, strand=+, frame=1, truncated=no, start-type=ATG, RBS-motif=AGGAG
22:59:20.589 - INFO - CDS - seq=contig_7, start=21391, stop=22074, strand=+, frame=1, truncated=no, start-type=GTG, RBS-motif=AGGAGG
22:59:20.589 - INFO - CDS - seq=contig_7, start=22330, stop=23160, strand=+, frame=1, truncated=no, start-type=ATG, RBS-motif=AGGAG
22:59:20.589 - INFO - CDS - seq=contig_7, start=23209, stop=24144, strand=+, frame=1, truncated=no, start-type=ATG, RBS-motif=GGAGG
22:59:20.589 - INFO - CDS - seq=contig_7, start=24406, stop=25137, strand=+, frame=1, truncated=no, start-type=GTG, RBS-motif=GGAG/GAGG
22:59:20.589 - INFO - CDS - seq=contig_7, start=25213, stop=25941, strand=+, frame=1, truncated=no, start-type=GTG, RBS-motif=AGGAG
22:59:20.589 - INFO - CDS - seq=contig_7, start=26201, stop=27013, strand=+, frame=2, truncated=no, start-type=GTG, RBS-motif=AGGAGG
22:59:20.589 - INFO - CDS - seq=contig_7, start=27201, stop=28841, strand=-, frame=3, truncated=no, start-type=TTG, RBS-motif=GGAGG
22:59:20.589 - INFO - CDS - seq=contig_7, start=28979, stop=29875, strand=-, frame=1, truncated=no, start-type=ATG, RBS-motif=AGGAG
22:59:20.589 - INFO - CDS - seq=contig_7, start=29946, stop=30623, strand=-, frame=3, truncated=no, start-type=ATG, RBS-motif=AGGAGG
22:59:20.589 - INFO - CDS - seq=contig_7, start=31020, stop=31949, strand=+, frame=3, truncated=no, start-type=ATG, RBS-motif=GGAGG
22:59:20.589 - INFO - CDS - seq=contig_7, start=31946, stop=32716, strand=+, frame=2, truncated=no, start-type=ATG, RBS-motif=AGGAGG
22:59:20.589 - INFO - CDS - seq=contig_7, start=32791, stop=33669, strand=-, frame=2, truncated=no, start-type=ATG, RBS-motif=GGAGG
22:59:20.590 - INFO - CDS - seq=contig_7, start=33784, stop=34200, strand=+, frame=1, truncated=no, start-type=ATG, RBS-motif=AGxAGG/AGGxGG
22:59:20.590 - INFO - CDS - seq=contig_7, start=34202, stop=34519, strand=+, frame=2, truncated=no, start-type=ATG, RBS-motif=GGAGG
22:59:20.590 - INFO - CDS - seq=contig_7, start=34516, stop=35151, strand=+, frame=1, truncated=no, start-type=ATG, RBS-motif=AGxAG
22:59:20.590 - INFO - CDS - seq=contig_7, start=35395, stop=35883, strand=+, frame=1, truncated=no, start-type=ATG, RBS-motif=GGAGG
22:59:20.590 - INFO - CDS - seq=contig_7, start=35911, stop=36288, strand=+, frame=1, truncated=no, start-type=ATG, RBS-motif=None
22:59:20.590 - INFO - CDS - seq=contig_7, start=36275, stop=36748, strand=+, frame=2, truncated=no, start-type=ATG, RBS-motif=AGGA
22:59:20.590 - INFO - CDS - seq=contig_7, start=36860, stop=38488, strand=+, frame=2, truncated=no, start-type=ATG, RBS-motif=GGAG/GAGG
22:59:20.590 - INFO - CDS - seq=contig_7, start=38659, stop=39420, strand=+, frame=1, truncated=no, start-type=ATG, RBS-motif=AGGAG
22:59:20.590 - INFO - CDS - seq=contig_7, start=39577, stop=40635, strand=+, frame=1, truncated=no, start-type=ATG, RBS-motif=GGAGG
22:59:20.590 - INFO - CDS - seq=contig_7, start=40648, stop=41727, strand=+, frame=1, truncated=no, start-type=ATG, RBS-motif=GGAG/GAGG
22:59:20.590 - INFO - CDS - seq=contig_7, start=41728, stop=43392, strand=+, frame=1, truncated=no, start-type=ATG, RBS-motif=GGxGG
22:59:20.590 - INFO - CDS - seq=contig_7, start=43590, stop=44447, strand=+, frame=3, truncated=no, start-type=ATG, RBS-motif=AGGAGG
22:59:20.590 - INFO - CDS - seq=contig_7, start=44565, stop=45173, strand=-, frame=3, truncated=no, start-type=ATG, RBS-motif=AGGAG/GGAGG
22:59:20.590 - INFO - CDS - seq=contig_7, start=45170, stop=46285, strand=-, frame=1, truncated=no, start-type=GTG, RBS-motif=GGA/GAG/AGG
22:59:20.590 - INFO - CDS - seq=contig_7, start=46275, stop=47039, strand=-, frame=3, truncated=no, start-type=ATG, RBS-motif=AGGAG
22:59:20.590 - INFO - CDS - seq=contig_7, start=47036, stop=47923, strand=-, frame=1, truncated=no, start-type=ATG, RBS-motif=GGAGG
22:59:20.590 - INFO - CDS - seq=contig_7, start=48121, stop=49347, strand=-, frame=2, truncated=no, start-type=ATG, RBS-motif=AGGAG
22:59:20.590 - INFO - CDS - seq=contig_7, start=49545, stop=49949, strand=+, frame=3, truncated=no, start-type=ATG, RBS-motif=GGA/GAG/AGG
22:59:20.590 - INFO - CDS - seq=contig_7, start=50829, stop=53006, strand=+, frame=3, truncated=no, start-type=TTG, RBS-motif=GGAG/GAGG
22:59:20.590 - INFO - CDS - seq=contig_7, start=53831, stop=56242, strand=+, frame=2, truncated=no, start-type=ATG, RBS-motif=GGAG/GAGG
22:59:20.590 - INFO - CDS - seq=contig_7, start=56411, stop=57022, strand=-, frame=1, truncated=no, start-type=ATG, RBS-motif=GGAGG
22:59:20.590 - INFO - CDS - seq=contig_7, start=57198, stop=57680, strand=-, frame=3, truncated=no, start-type=ATG, RBS-motif=AGGA
22:59:20.590 - INFO - CDS - seq=contig_7, start=57857, stop=59560, strand=+, frame=2, truncated=no, start-type=ATG, RBS-motif=GGAG/GAGG
22:59:20.590 - INFO - CDS - seq=contig_7, start=59737, stop=61026, strand=+, frame=1, truncated=no, start-type=ATG, RBS-motif=AGGA/GGAG/GAGG
22:59:20.590 - INFO - CDS - seq=contig_7, start=61043, stop=62260, strand=+, frame=2, truncated=no, start-type=ATG, RBS-motif=AGGA
22:59:20.590 - INFO - CDS - seq=contig_7, start=62566, stop=63219, strand=+, frame=1, truncated=no, start-type=GTG, RBS-motif=GGAGG
22:59:20.590 - INFO - CDS - seq=contig_7, start=63594, stop=66236, strand=+, frame=3, truncated=no, start-type=ATG, RBS-motif=AGxAGG/AGGxGG
22:59:20.591 - INFO - CDS - seq=contig_7, start=66528, stop=67805, strand=+, frame=3, truncated=no, start-type=ATG, RBS-motif=AGGA/GGAG/GAGG
22:59:20.591 - INFO - CDS - seq=contig_7, start=68077, stop=68721, strand=+, frame=1, truncated=no, start-type=ATG, RBS-motif=AGGAGG
22:59:20.591 - INFO - CDS - seq=contig_7, start=68783, stop=69451, strand=+, frame=2, truncated=no, start-type=ATG, RBS-motif=AGxAGG/AGGxGG
22:59:20.591 - INFO - CDS - seq=contig_7, start=69591, stop=70592, strand=+, frame=3, truncated=no, start-type=TTG, RBS-motif=GGAG/GAGG
22:59:20.591 - INFO - CDS - seq=contig_7, start=70681, stop=71541, strand=+, frame=1, truncated=no, start-type=ATG, RBS-motif=GGAGG
22:59:20.591 - INFO - CDS - seq=contig_7, start=71543, stop=72073, strand=+, frame=2, truncated=no, start-type=ATG, RBS-motif=GGA/GAG/AGG
22:59:20.591 - INFO - CDS - seq=contig_7, start=72087, stop=72743, strand=+, frame=3, truncated=no, start-type=GTG, RBS-motif=None
22:59:20.591 - INFO - CDS - seq=contig_7, start=72744, stop=73541, strand=+, frame=3, truncated=no, start-type=ATG, RBS-motif=GGAGG
22:59:20.591 - INFO - CDS - seq=contig_7, start=74207, stop=74863, strand=+, frame=2, truncated=no, start-type=ATG, RBS-motif=AGGAGG
22:59:20.591 - INFO - CDS - seq=contig_7, start=74876, stop=75514, strand=+, frame=2, truncated=no, start-type=ATG, RBS-motif=AGGAGG
22:59:20.591 - INFO - CDS - seq=contig_7, start=75511, stop=76323, strand=+, frame=1, truncated=no, start-type=ATG, RBS-motif=AGxAGG/AGGxGG
22:59:20.591 - INFO - CDS - seq=contig_7, start=76556, stop=77989, strand=+, frame=2, truncated=no, start-type=ATG, RBS-motif=GGAGG
22:59:20.591 - INFO - CDS - seq=contig_7, start=78542, stop=78874, strand=+, frame=2, truncated=no, start-type=ATG, RBS-motif=GGAGG
22:59:20.591 - INFO - CDS - seq=contig_7, start=79050, stop=79481, strand=+, frame=3, truncated=no, start-type=ATG, RBS-motif=GGAGG
22:59:20.591 - INFO - CDS - seq=contig_7, start=79484, stop=80425, strand=+, frame=2, truncated=no, start-type=ATG, RBS-motif=3Base/5BMM
22:59:20.591 - INFO - CDS - seq=contig_7, start=80438, stop=80803, strand=+, frame=2, truncated=no, start-type=ATG, RBS-motif=AGxAGG/AGGxGG
22:59:20.591 - INFO - CDS - seq=contig_7, start=80800, stop=82947, strand=+, frame=1, truncated=no, start-type=ATG, RBS-motif=None
22:59:20.591 - INFO - CDS - seq=contig_7, start=82962, stop=83927, strand=+, frame=3, truncated=no, start-type=ATG, RBS-motif=GGA/GAG/AGG
22:59:20.591 - INFO - CDS - seq=contig_7, start=83958, stop=85337, strand=+, frame=3, truncated=no, start-type=GTG, RBS-motif=AGxAGG/AGGxGG
22:59:20.591 - INFO - CDS - seq=contig_7, start=85338, stop=86429, strand=+, frame=3, truncated=no, start-type=ATG, RBS-motif=GGA/GAG/AGG
22:59:20.591 - INFO - CDS - seq=contig_7, start=86426, stop=87289, strand=+, frame=2, truncated=no, start-type=GTG, RBS-motif=None
22:59:20.591 - INFO - CDS - seq=contig_7, start=87399, stop=88745, strand=+, frame=3, truncated=no, start-type=ATG, RBS-motif=AGGAGG
22:59:20.591 - INFO - CDS - seq=contig_7, start=88770, stop=90029, strand=+, frame=3, truncated=no, start-type=ATG, RBS-motif=AGGAGG
22:59:20.591 - INFO - CDS - seq=contig_7, start=90047, stop=90502, strand=+, frame=2, truncated=no, start-type=ATG, RBS-motif=AGGAGG
22:59:20.591 - INFO - CDS - seq=contig_7, start=90514, stop=90807, strand=+, frame=1, truncated=no, start-type=GTG, RBS-motif=GGAG/GAGG
22:59:20.591 - INFO - CDS - seq=contig_7, start=90814, stop=91593, strand=+, frame=1, truncated=no, start-type=ATG, RBS-motif=None
22:59:20.592 - INFO - CDS - seq=contig_7, start=91651, stop=92436, strand=+, frame=1, truncated=no, start-type=ATG, RBS-motif=AGGAGG
22:59:20.592 - INFO - CDS - seq=contig_7, start=92683, stop=95469, strand=+, frame=1, truncated=no, start-type=GTG, RBS-motif=AGGAG
22:59:20.592 - INFO - CDS - seq=contig_7, start=95482, stop=95703, strand=+, frame=1, truncated=no, start-type=ATG, RBS-motif=AGxAGG/AGGxGG
22:59:20.592 - INFO - CDS - seq=contig_7, start=95841, stop=96746, strand=-, frame=3, truncated=no, start-type=ATG, RBS-motif=GGAGG
22:59:20.592 - INFO - CDS - seq=contig_7, start=96922, stop=98358, strand=+, frame=1, truncated=no, start-type=GTG, RBS-motif=AGGAG
22:59:20.592 - INFO - CDS - seq=contig_7, start=98453, stop=99655, strand=-, frame=1, truncated=no, start-type=GTG, RBS-motif=GGAG/GAGG
22:59:20.592 - INFO - CDS - seq=contig_7, start=99661, stop=100323, strand=-, frame=2, truncated=no, start-type=GTG, RBS-motif=GGAG/GAGG
22:59:20.592 - INFO - CDS - seq=contig_7, start=100625, stop=101161, strand=+, frame=2, truncated=no, start-type=GTG, RBS-motif=AGGAGG
22:59:20.592 - INFO - CDS - seq=contig_7, start=101273, stop=101533, strand=+, frame=2, truncated=no, start-type=ATG, RBS-motif=AGGAGG
22:59:20.592 - INFO - CDS - seq=contig_7, start=101636, stop=102346, strand=+, frame=2, truncated=no, start-type=TTG, RBS-motif=GGAG/GAGG
22:59:20.592 - INFO - CDS - seq=contig_7, start=102362, stop=103525, strand=+, frame=2, truncated=no, start-type=ATG, RBS-motif=AGGAG/GGAGG
22:59:20.592 - INFO - CDS - seq=contig_7, start=103736, stop=104077, strand=+, frame=2, truncated=no, start-type=ATG, RBS-motif=GGAGG
22:59:20.592 - INFO - CDS - seq=contig_7, start=104295, stop=106577, strand=+, frame=3, truncated=no, start-type=ATG, RBS-motif=GGAGG
22:59:20.592 - INFO - CDS - seq=contig_7, start=106755, stop=106970, strand=-, frame=3, truncated=no, start-type=GTG, RBS-motif=GGAG/GAGG
22:59:20.592 - INFO - CDS - seq=contig_7, start=107027, stop=108280, strand=+, frame=2, truncated=no, start-type=ATG, RBS-motif=GGAG/GAGG
22:59:20.592 - INFO - CDS - seq=contig_7, start=108651, stop=108803, strand=+, frame=3, truncated=no, start-type=ATG, RBS-motif=AGGA/GGAG/GAGG
22:59:20.592 - INFO - CDS - seq=contig_7, start=108835, stop=109497, strand=+, frame=1, truncated=no, start-type=GTG, RBS-motif=GGA/GAG/AGG
22:59:20.592 - INFO - CDS - seq=contig_7, start=109535, stop=110203, strand=+, frame=2, truncated=no, start-type=ATG, RBS-motif=GGAG/GAGG
22:59:20.592 - INFO - CDS - seq=contig_7, start=110190, stop=112658, strand=+, frame=3, truncated=no, start-type=ATG, RBS-motif=AGGAGG
22:59:20.592 - INFO - CDS - seq=contig_7, start=112665, stop=113882, strand=+, frame=3, truncated=no, start-type=ATG, RBS-motif=AGGAG/GGAGG
22:59:20.592 - INFO - CDS - seq=contig_7, start=277, stop=1107, strand=+, nt=[ATGAAACGGT..GAAATTTTAA]
22:59:20.592 - INFO - CDS - seq=contig_7, start=1885, stop=2712, strand=+, nt=[ATGAAATTTT..TAAGTTTTAG]
22:59:20.592 - INFO - CDS - seq=contig_7, start=2731, stop=3783, strand=+, nt=[ATGTCAGATC..GGAGGCCTAG]
22:59:20.592 - INFO - CDS - seq=contig_7, start=3788, stop=4477, strand=+, nt=[ATGGGACAGT..ACATCATTAA]
22:59:20.592 - INFO - CDS - seq=contig_7, start=4609, stop=5376, strand=+, nt=[GTGCACACAC..AAATGGCTGA]
22:59:20.592 - INFO - CDS - seq=contig_7, start=5369, stop=6400, strand=+, nt=[ATGGCTGAAG..AGATGCGTGA]
22:59:20.592 - INFO - CDS - seq=contig_7, start=6393, stop=7589, strand=+, nt=[ATGCGTGAAC..CATTGACTAA]
22:59:20.592 - INFO - CDS - seq=contig_7, start=7576, stop=8022, strand=+, nt=[ATGGCATTGA..CCATGACTGA]
22:59:20.592 - INFO - CDS - seq=contig_7, start=8015, stop=9451, strand=+, nt=[ATGACTGAGA..TGTAGGCTGA]
22:59:20.592 - INFO - CDS - seq=contig_7, start=9637, stop=9819, strand=+, nt=[ATGGATAACT..GCGGTATTGA]
22:59:20.592 - INFO - CDS - seq=contig_7, start=10017, stop=10397, strand=+, nt=[ATGGCTGAGG..CCTTTTATAA]
22:59:20.592 - INFO - CDS - seq=contig_7, start=10498, stop=11466, strand=+, nt=[TTGACGCAAC..TCTTTTTTAG]
22:59:20.592 - INFO - CDS - seq=contig_7, start=11497, stop=12150, strand=+, nt=[TTGATTAAGG..TAATCAATAA]
22:59:20.592 - INFO - CDS - seq=contig_7, start=12372, stop=13259, strand=+, nt=[ATGCGAAAGG..GACAGCTTGA]
22:59:20.593 - INFO - CDS - seq=contig_7, start=13404, stop=13901, strand=-, nt=[ATGTTACAAC..TGATAAATAA]
22:59:20.593 - INFO - CDS - seq=contig_7, start=13962, stop=14240, strand=-, nt=[GTGACTCTCT..GAAGTTGTGA]
22:59:20.593 - INFO - CDS - seq=contig_7, start=14866, stop=16161, strand=-, nt=[TTGCAACAAC..GAAAAGGTAA]
22:59:20.593 - INFO - CDS - seq=contig_7, start=16379, stop=18343, strand=+, nt=[ATGTTGAATC..CGAAAAATAA]
22:59:20.593 - INFO - CDS - seq=contig_7, start=18375, stop=18815, strand=-, nt=[ATGTCAGACG..AAAGTTATAA]
22:59:20.593 - INFO - CDS - seq=contig_7, start=18886, stop=19488, strand=+, nt=[GTGGTTCTGT..AAACGTCTAA]
22:59:20.593 - INFO - CDS - seq=contig_7, start=19708, stop=20373, strand=+, nt=[ATGCCAGATG..CTTCGAATGA]
22:59:20.593 - INFO - CDS - seq=contig_7, start=20422, stop=21288, strand=+, nt=[ATGTTTTATA..CGGTAAATAA]
22:59:20.593 - INFO - CDS - seq=contig_7, start=21391, stop=22074, strand=+, nt=[GTGATTCATT..ATTATCGTAA]
22:59:20.593 - INFO - CDS - seq=contig_7, start=22330, stop=23160, strand=+, nt=[ATGGAGCGAG..AAAGGCATAA]
22:59:20.593 - INFO - CDS - seq=contig_7, start=23209, stop=24144, strand=+, nt=[ATGCGGGAAC..TGGCGTATGA]
22:59:20.593 - INFO - CDS - seq=contig_7, start=24406, stop=25137, strand=+, nt=[GTGCAAACAT..AACGATCTAA]
22:59:20.593 - INFO - CDS - seq=contig_7, start=25213, stop=25941, strand=+, nt=[GTGATCTACA..GTTTGCATGA]
22:59:20.593 - INFO - CDS - seq=contig_7, start=26201, stop=27013, strand=+, nt=[GTGACAATTT..TGCTTATTAA]
22:59:20.593 - INFO - CDS - seq=contig_7, start=27201, stop=28841, strand=-, nt=[TTGAAAACAC..TCTGAAATAA]
22:59:20.593 - INFO - CDS - seq=contig_7, start=28979, stop=29875, strand=-, nt=[ATGCTTGGTA..CAACGTCTAA]
22:59:20.593 - INFO - CDS - seq=contig_7, start=29946, stop=30623, strand=-, nt=[ATGGGCAAAA..GTTGATATAG]
22:59:20.593 - INFO - CDS - seq=contig_7, start=31020, stop=31949, strand=+, nt=[ATGACACAAT..GCAAGCATGA]
22:59:20.593 - INFO - CDS - seq=contig_7, start=31946, stop=32716, strand=+, nt=[ATGATTAATC..GGAACTGTAA]
22:59:20.593 - INFO - CDS - seq=contig_7, start=32791, stop=33669, strand=-, nt=[ATGGAATTAC..GACTGTTTAG]
22:59:20.593 - INFO - CDS - seq=contig_7, start=33784, stop=34200, strand=+, nt=[ATGAATGACA..GGCACAATAA]
22:59:20.593 - INFO - CDS - seq=contig_7, start=34202, stop=34519, strand=+, nt=[ATGGCAAAAC..TGGCGAATGA]
22:59:20.593 - INFO - CDS - seq=contig_7, start=34516, stop=35151, strand=+, nt=[ATGACAAACG..GTTTTATTAA]
22:59:20.593 - INFO - CDS - seq=contig_7, start=35395, stop=35883, strand=+, nt=[ATGCAAATTA..AGCCATTTAG]
22:59:20.593 - INFO - CDS - seq=contig_7, start=35911, stop=36288, strand=+, nt=[ATGAAACCAC..CAACAAATAA]
22:59:20.593 - INFO - CDS - seq=contig_7, start=36275, stop=36748, strand=+, nt=[ATGCCAACAA..GAAGCTTTAA]
22:59:20.593 - INFO - CDS - seq=contig_7, start=36860, stop=38488, strand=+, nt=[ATGGGGCATT..CAGAGCGTGA]
22:59:20.593 - INFO - CDS - seq=contig_7, start=38659, stop=39420, strand=+, nt=[ATGTACAAAC..CCTCCAGTGA]
22:59:20.593 - INFO - CDS - seq=contig_7, start=39577, stop=40635, strand=+, nt=[ATGAAGAAAG..ATCTAAGTAG]
22:59:20.593 - INFO - CDS - seq=contig_7, start=40648, stop=41727, strand=+, nt=[ATGAGTGAAA..GGTGGATTAA]
22:59:20.593 - INFO - CDS - seq=contig_7, start=41728, stop=43392, strand=+, nt=[ATGAACACCA..TGCGATGTAA]
22:59:20.593 - INFO - CDS - seq=contig_7, start=43590, stop=44447, strand=+, nt=[ATGACCAAAA..GTCGTATTAA]
22:59:20.593 - INFO - CDS - seq=contig_7, start=44565, stop=45173, strand=-, nt=[ATGATTACCT..GTTGGAGTAA]
22:59:20.593 - INFO - CDS - seq=contig_7, start=45170, stop=46285, strand=-, nt=[GTGAGGCATA..ATCACAATGA]
22:59:20.593 - INFO - CDS - seq=contig_7, start=46275, stop=47039, strand=-, nt=[ATGAAAACAC..TGAGGCATAG]
22:59:20.593 - INFO - CDS - seq=contig_7, start=47036, stop=47923, strand=-, nt=[ATGACCACAG..AGAAAAATGA]
22:59:20.593 - INFO - CDS - seq=contig_7, start=48121, stop=49347, strand=-, nt=[ATGATTTTCT..ACCGCTATAG]
22:59:20.593 - INFO - CDS - seq=contig_7, start=49545, stop=49949, strand=+, nt=[ATGAATATTA..TAATGATTAA]
22:59:20.593 - INFO - CDS - seq=contig_7, start=50829, stop=53006, strand=+, nt=[TTGATTGAAG..GGTGGTCTAA]
22:59:20.593 - INFO - CDS - seq=contig_7, start=53831, stop=56242, strand=+, nt=[ATGTATGTTA..ACCTTTATAA]
22:59:20.593 - INFO - CDS - seq=contig_7, start=56411, stop=57022, strand=-, nt=[ATGTCTCGTT..GAAACTTTAA]
22:59:20.593 - INFO - CDS - seq=contig_7, start=57198, stop=57680, strand=-, nt=[ATGACGACCC..GGTATACTAG]
22:59:20.593 - INFO - CDS - seq=contig_7, start=57857, stop=59560, strand=+, nt=[ATGATCTGGT..ATTATATTAG]
22:59:20.593 - INFO - CDS - seq=contig_7, start=59737, stop=61026, strand=+, nt=[ATGGTCAAAG..GACCGTTTAA]
22:59:20.593 - INFO - CDS - seq=contig_7, start=61043, stop=62260, strand=+, nt=[ATGCAATATT..ATTACTTTAA]
22:59:20.593 - INFO - CDS - seq=contig_7, start=62566, stop=63219, strand=+, nt=[GTGGTAGTCA..GCAAGGGTAG]
22:59:20.593 - INFO - CDS - seq=contig_7, start=63594, stop=66236, strand=+, nt=[ATGAAAGAGC..GCAGGCTTAA]
22:59:20.593 - INFO - CDS - seq=contig_7, start=66528, stop=67805, strand=+, nt=[ATGGACTACA..AAGAGCGTGA]
22:59:20.593 - INFO - CDS - seq=contig_7, start=68077, stop=68721, strand=+, nt=[ATGACGACTA..GTTTGCGTAA]
22:59:20.593 - INFO - CDS - seq=contig_7, start=68783, stop=69451, strand=+, nt=[ATGGCAGATG..GTTCAATTAG]
22:59:20.593 - INFO - CDS - seq=contig_7, start=69591, stop=70592, strand=+, nt=[TTGTTTGGAT..GAAGCGTTAA]
22:59:20.593 - INFO - CDS - seq=contig_7, start=70681, stop=71541, strand=+, nt=[ATGCAGAAAT..AGGTGACTAA]
22:59:20.594 - INFO - CDS - seq=contig_7, start=71543, stop=72073, strand=+, nt=[ATGCTGAATG..TGAAGAATAG]
22:59:20.594 - INFO - CDS - seq=contig_7, start=72087, stop=72743, strand=+, nt=[GTGGACAGTG..GGCAATGTAG]
22:59:20.594 - INFO - CDS - seq=contig_7, start=72744, stop=73541, strand=+, nt=[ATGGGTACTG..TCACGACTGA]
22:59:20.594 - INFO - CDS - seq=contig_7, start=74207, stop=74863, strand=+, nt=[ATGAGCTATA..TTATCGCTAG]
22:59:20.594 - INFO - CDS - seq=contig_7, start=74876, stop=75514, strand=+, nt=[ATGTTAGAAC..CGGTCAATGA]
22:59:20.594 - INFO - CDS - seq=contig_7, start=75511, stop=76323, strand=+, nt=[ATGAAACGCC..CGAGGAGTAA]
22:59:20.594 - INFO - CDS - seq=contig_7, start=76556, stop=77989, strand=+, nt=[ATGTGGATCT..AATTCTGTAA]
22:59:20.594 - INFO - CDS - seq=contig_7, start=78542, stop=78874, strand=+, nt=[ATGGTGTTGC..TCTGGGTTAA]
22:59:20.594 - INFO - CDS - seq=contig_7, start=79050, stop=79481, strand=+, nt=[ATGCTCATGG..TGGGTTATAG]
22:59:20.594 - INFO - CDS - seq=contig_7, start=79484, stop=80425, strand=+, nt=[ATGACAGAAT..TCACGATTAG]
22:59:20.594 - INFO - CDS - seq=contig_7, start=80438, stop=80803, strand=+, nt=[ATGCTTGAGA..TAATAAATGA]
22:59:20.594 - INFO - CDS - seq=contig_7, start=80800, stop=82947, strand=+, nt=[ATGAAAATTT..ACAACAATAG]
22:59:20.594 - INFO - CDS - seq=contig_7, start=82962, stop=83927, strand=+, nt=[ATGCAACTTG..TTTTCTTTAA]
22:59:20.594 - INFO - CDS - seq=contig_7, start=83958, stop=85337, strand=+, nt=[GTGAAGAATA..GGATAAGTAA]
22:59:20.594 - INFO - CDS - seq=contig_7, start=85338, stop=86429, strand=+, nt=[ATGCGGCTGG..ACGTAGGTGA]
22:59:20.594 - INFO - CDS - seq=contig_7, start=86426, stop=87289, strand=+, nt=[GTGATAACTT..AAACGACTGA]
22:59:20.594 - INFO - CDS - seq=contig_7, start=87399, stop=88745, strand=+, nt=[ATGGATAATC..CTTTGAATAA]
22:59:20.594 - INFO - CDS - seq=contig_7, start=88770, stop=90029, strand=+, nt=[ATGGATTTTC..GCGTCAATAG]
22:59:20.594 - INFO - CDS - seq=contig_7, start=90047, stop=90502, strand=+, nt=[ATGGCGTTTG..GCAACATTAA]
22:59:20.594 - INFO - CDS - seq=contig_7, start=90514, stop=90807, strand=+, nt=[GTGTTCAATT..AATCGGGTGA]
22:59:20.594 - INFO - CDS - seq=contig_7, start=90814, stop=91593, strand=+, nt=[ATGGATGCCA..TCATAAGTAG]
22:59:20.594 - INFO - CDS - seq=contig_7, start=91651, stop=92436, strand=+, nt=[ATGGCTTTGA..TGCTCAATAA]
22:59:20.594 - INFO - CDS - seq=contig_7, start=92683, stop=95469, strand=+, nt=[GTGAAAATTA..TGATAAGTAG]
22:59:20.594 - INFO - CDS - seq=contig_7, start=95482, stop=95703, strand=+, nt=[ATGCAAGGAC..TCCGCAATAG]
22:59:20.594 - INFO - CDS - seq=contig_7, start=95841, stop=96746, strand=-, nt=[ATGAAGCATT..CAACAAGTAA]
22:59:20.594 - INFO - CDS - seq=contig_7, start=96922, stop=98358, strand=+, nt=[GTGAAAAATT..AGCTGTCTAA]
22:59:20.594 - INFO - CDS - seq=contig_7, start=98453, stop=99655, strand=-, nt=[GTGAATGATG..AGACAACTGA]
22:59:20.594 - INFO - CDS - seq=contig_7, start=99661, stop=100323, strand=-, nt=[GTGGCCACAA..AACGGAGTGA]
22:59:20.594 - INFO - CDS - seq=contig_7, start=100625, stop=101161, strand=+, nt=[GTGGACGAAG..AGGAGCGTGA]
22:59:20.594 - INFO - CDS - seq=contig_7, start=101273, stop=101533, strand=+, nt=[ATGGCGGAAG..TTTTGGGTAA]
22:59:20.594 - INFO - CDS - seq=contig_7, start=101636, stop=102346, strand=+, nt=[TTGATAAAAG..TCAGTCTTAG]
22:59:20.594 - INFO - CDS - seq=contig_7, start=102362, stop=103525, strand=+, nt=[ATGCAACATG..GGCGCGATAA]
22:59:20.594 - INFO - CDS - seq=contig_7, start=103736, stop=104077, strand=+, nt=[ATGGCACTAG..AGCAAAATAG]
22:59:20.594 - INFO - CDS - seq=contig_7, start=104295, stop=106577, strand=+, nt=[ATGTTTGACC..TAGGCATTGA]
22:59:20.594 - INFO - CDS - seq=contig_7, start=106755, stop=106970, strand=-, nt=[GTGCAGGTTT..GTCCAAATAG]
22:59:20.594 - INFO - CDS - seq=contig_7, start=107027, stop=108280, strand=+, nt=[ATGCTCCGGT..GTACGTTTAA]
22:59:20.594 - INFO - CDS - seq=contig_7, start=108651, stop=108803, strand=+, nt=[ATGGCCAAAC..GGACTTTTGA]
22:59:20.594 - INFO - CDS - seq=contig_7, start=108835, stop=109497, strand=+, nt=[GTGACGAAGT..TACGATTTGA]
22:59:20.594 - INFO - CDS - seq=contig_7, start=109535, stop=110203, strand=+, nt=[ATGGATTCAA..ACACGCGTGA]
22:59:20.594 - INFO - CDS - seq=contig_7, start=110190, stop=112658, strand=+, nt=[ATGGACACGC..GGAGAATTAA]
22:59:20.594 - INFO - CDS - seq=contig_7, start=112665, stop=113882, strand=+, nt=[ATGGAGGACA..TTATTTTTGA]
22:59:20.594 - INFO - CDS - seq=contig_8, start=145, stop=552, strand=-, frame=2, truncated=no, start-type=GTG, RBS-motif=GGxGG
22:59:20.594 - INFO - CDS - seq=contig_8, start=549, stop=1193, strand=-, frame=3, truncated=no, start-type=ATG, RBS-motif=AGGAGG
22:59:20.594 - INFO - CDS - seq=contig_8, start=1209, stop=2219, strand=-, frame=3, truncated=no, start-type=GTG, RBS-motif=GGxGG
22:59:20.594 - INFO - CDS - seq=contig_8, start=2221, stop=4149, strand=-, frame=2, truncated=no, start-type=GTG, RBS-motif=GGAGG
22:59:20.594 - INFO - CDS - seq=contig_8, start=4130, stop=4726, strand=-, frame=1, truncated=no, start-type=GTG, RBS-motif=GGAG/GAGG
22:59:20.594 - INFO - CDS - seq=contig_8, start=4710, stop=5045, strand=-, frame=3, truncated=no, start-type=ATG, RBS-motif=AGGAGG
22:59:20.595 - INFO - CDS - seq=contig_8, start=5051, stop=7108, strand=-, frame=1, truncated=no, start-type=TTG, RBS-motif=AGxAGG/AGGxGG
22:59:20.595 - INFO - CDS - seq=contig_8, start=7105, stop=9552, strand=-, frame=2, truncated=no, start-type=ATG, RBS-motif=AGGAGG
22:59:20.595 - INFO - CDS - seq=contig_8, start=9579, stop=10157, strand=-, frame=3, truncated=no, start-type=ATG, RBS-motif=AGGAG
22:59:20.595 - INFO - CDS - seq=contig_8, start=10166, stop=10585, strand=-, frame=1, truncated=no, start-type=ATG, RBS-motif=AGGAGG
22:59:20.595 - INFO - CDS - seq=contig_8, start=10644, stop=12173, strand=-, frame=3, truncated=no, start-type=ATG, RBS-motif=AGGAGG
22:59:20.595 - INFO - CDS - seq=contig_8, start=12151, stop=13392, strand=-, frame=2, truncated=no, start-type=GTG, RBS-motif=AGxAGG/AGGxGG
22:59:20.595 - INFO - CDS - seq=contig_8, start=13435, stop=13662, strand=-, frame=2, truncated=no, start-type=ATG, RBS-motif=AGxAGG/AGGxGG
22:59:20.595 - INFO - CDS - seq=contig_8, start=13664, stop=13840, strand=-, frame=1, truncated=no, start-type=ATG, RBS-motif=AGGAGG
22:59:20.595 - INFO - CDS - seq=contig_8, start=13859, stop=14125, strand=-, frame=1, truncated=no, start-type=ATG, RBS-motif=AGGAGG
22:59:20.595 - INFO - CDS - seq=contig_8, start=14137, stop=14415, strand=-, frame=2, truncated=no, start-type=ATG, RBS-motif=AGGAG
22:59:20.595 - INFO - CDS - seq=contig_8, start=14624, stop=14782, strand=-, frame=1, truncated=no, start-type=ATG, RBS-motif=AGGAG
22:59:20.595 - INFO - CDS - seq=contig_8, start=14796, stop=14984, strand=-, frame=3, truncated=no, start-type=ATG, RBS-motif=GGAG/GAGG
22:59:20.595 - INFO - CDS - seq=contig_8, start=15059, stop=15313, strand=-, frame=1, truncated=no, start-type=ATG, RBS-motif=AGGAGG
22:59:20.595 - INFO - CDS - seq=contig_8, start=15856, stop=16869, strand=-, frame=2, truncated=no, start-type=TTG, RBS-motif=GGA/GAG/AGG
22:59:20.595 - INFO - CDS - seq=contig_8, start=17032, stop=17751, strand=-, frame=2, truncated=no, start-type=ATG, RBS-motif=GGxGG
22:59:20.595 - INFO - CDS - seq=contig_8, start=17759, stop=18589, strand=-, frame=1, truncated=no, start-type=ATG, RBS-motif=AGGA/GGAG/GAGG
22:59:20.595 - INFO - CDS - seq=contig_8, start=18635, stop=19012, strand=-, frame=1, truncated=no, start-type=ATG, RBS-motif=GGA/GAG/AGG
22:59:20.595 - INFO - CDS - seq=contig_8, start=19102, stop=19893, strand=-, frame=2, truncated=no, start-type=ATG, RBS-motif=AGGAG
22:59:20.595 - INFO - CDS - seq=contig_8, start=19909, stop=20655, strand=-, frame=2, truncated=no, start-type=ATG, RBS-motif=None
22:59:20.595 - INFO - CDS - seq=contig_8, start=20666, stop=21940, strand=-, frame=1, truncated=no, start-type=TTG, RBS-motif=AGGAG
22:59:20.595 - INFO - CDS - seq=contig_8, start=22125, stop=22808, strand=+, frame=3, truncated=no, start-type=ATG, RBS-motif=AGGA
22:59:20.595 - INFO - CDS - seq=contig_8, start=23377, stop=23490, strand=-, frame=2, truncated=no, start-type=ATG, RBS-motif=None
22:59:20.595 - INFO - CDS - seq=contig_8, start=23487, stop=23579, strand=-, frame=3, truncated=no, start-type=ATG, RBS-motif=AGGAGG
22:59:20.595 - INFO - CDS - seq=contig_8, start=23967, stop=26285, strand=-, frame=3, truncated=no, start-type=ATG, RBS-motif=AGGAG
22:59:20.595 - INFO - CDS - seq=contig_8, start=26433, stop=27695, strand=-, frame=3, truncated=no, start-type=ATG, RBS-motif=GGA/GAG/AGG
22:59:20.595 - INFO - CDS - seq=contig_8, start=27759, stop=27971, strand=-, frame=3, truncated=no, start-type=GTG, RBS-motif=AGGAG
22:59:20.595 - INFO - CDS - seq=contig_8, start=28043, stop=29440, strand=-, frame=1, truncated=no, start-type=ATG, RBS-motif=AGGAGG
22:59:20.595 - INFO - CDS - seq=contig_8, start=29469, stop=29744, strand=-, frame=3, truncated=no, start-type=ATG, RBS-motif=AGGAGG
22:59:20.596 - INFO - CDS - seq=contig_8, start=29731, stop=29961, strand=-, frame=2, truncated=no, start-type=GTG, RBS-motif=AGGAG/GGAGG
22:59:20.596 - INFO - CDS - seq=contig_8, start=30014, stop=30172, strand=-, frame=1, truncated=no, start-type=ATG, RBS-motif=GGAG/GAGG
22:59:20.596 - INFO - CDS - seq=contig_8, start=30180, stop=30416, strand=-, frame=3, truncated=no, start-type=ATG, RBS-motif=AGGAG
22:59:20.596 - INFO - CDS - seq=contig_8, start=30943, stop=31170, strand=-, frame=2, truncated=no, start-type=ATG, RBS-motif=AGGAG
22:59:20.596 - INFO - CDS - seq=contig_8, start=31658, stop=32395, strand=-, frame=1, truncated=no, start-type=ATG, RBS-motif=GGAGG
22:59:20.596 - INFO - CDS - seq=contig_8, start=32385, stop=33443, strand=-, frame=3, truncated=no, start-type=ATG, RBS-motif=GGAGG
22:59:20.596 - INFO - CDS - seq=contig_8, start=33996, stop=34805, strand=+, frame=3, truncated=no, start-type=ATG, RBS-motif=AGGAGG
22:59:20.596 - INFO - CDS - seq=contig_8, start=34807, stop=35181, strand=+, frame=1, truncated=no, start-type=ATG, RBS-motif=AGGAG
22:59:20.596 - INFO - CDS - seq=contig_8, start=35434, stop=35706, strand=-, frame=2, truncated=no, start-type=TTG, RBS-motif=GGA/GAG/AGG
22:59:20.596 - INFO - CDS - seq=contig_8, start=36301, stop=37941, strand=+, frame=1, truncated=no, start-type=ATG, RBS-motif=GGAGG
22:59:20.596 - INFO - CDS - seq=contig_8, start=38663, stop=39472, strand=+, frame=2, truncated=no, start-type=ATG, RBS-motif=GGAGG
22:59:20.596 - INFO - CDS - seq=contig_8, start=39469, stop=40233, strand=+, frame=1, truncated=no, start-type=ATG, RBS-motif=AGGAGG
22:59:20.596 - INFO - CDS - seq=contig_8, start=40249, stop=41100, strand=+, frame=1, truncated=no, start-type=ATG, RBS-motif=AGxAGG/AGGxGG
22:59:20.596 - INFO - CDS - seq=contig_8, start=41110, stop=42249, strand=+, frame=1, truncated=no, start-type=ATG, RBS-motif=GGAG/GAGG
22:59:20.596 - INFO - CDS - seq=contig_8, start=42251, stop=43522, strand=+, frame=2, truncated=no, start-type=ATG, RBS-motif=AGGAG
22:59:20.596 - INFO - CDS - seq=contig_8, start=43507, stop=44490, strand=+, frame=1, truncated=no, start-type=GTG, RBS-motif=None
22:59:20.596 - INFO - CDS - seq=contig_8, start=44541, stop=45533, strand=+, frame=3, truncated=no, start-type=ATG, RBS-motif=AGGAG
22:59:20.596 - INFO - CDS - seq=contig_8, start=45527, stop=46294, strand=+, frame=2, truncated=no, start-type=ATG, RBS-motif=AGGA
22:59:20.596 - INFO - CDS - seq=contig_8, start=46347, stop=47396, strand=+, frame=3, truncated=no, start-type=ATG, RBS-motif=AGGAG
22:59:20.596 - INFO - CDS - seq=contig_8, start=48181, stop=49332, strand=+, frame=1, truncated=no, start-type=ATG, RBS-motif=AGxAGG/AGGxGG
22:59:20.596 - INFO - CDS - seq=contig_8, start=49399, stop=50229, strand=+, frame=1, truncated=no, start-type=ATG, RBS-motif=AGGAGG
22:59:20.596 - INFO - CDS - seq=contig_8, start=50621, stop=50896, strand=+, frame=2, truncated=no, start-type=ATG, RBS-motif=AGxAG
22:59:20.596 - INFO - CDS - seq=contig_8, start=51479, stop=51790, strand=-, frame=1, truncated=no, start-type=TTG, RBS-motif=GGAG/GAGG
22:59:20.596 - INFO - CDS - seq=contig_8, start=51787, stop=53424, strand=-, frame=2, truncated=no, start-type=ATG, RBS-motif=AGGAGG
22:59:20.596 - INFO - CDS - seq=contig_8, start=53756, stop=54952, strand=-, frame=1, truncated=no, start-type=ATG, RBS-motif=GGA/GAG/AGG
22:59:20.596 - INFO - CDS - seq=contig_8, start=55495, stop=55863, strand=+, frame=1, truncated=no, start-type=ATG, RBS-motif=AGGAG
22:59:20.597 - INFO - CDS - seq=contig_8, start=55963, stop=56523, strand=-, frame=2, truncated=no, start-type=ATG, RBS-motif=AGGA
22:59:20.597 - INFO - CDS - seq=contig_8, start=56594, stop=57319, strand=+, frame=2, truncated=no, start-type=ATG, RBS-motif=AGxAGG/AGGxGG
22:59:20.597 - INFO - CDS - seq=contig_8, start=57736, stop=57855, strand=+, frame=1, truncated=no, start-type=ATG, RBS-motif=AGGAG/GGAGG
22:59:20.597 - INFO - CDS - seq=contig_8, start=57965, stop=59071, strand=+, frame=2, truncated=no, start-type=ATG, RBS-motif=AGGAG
22:59:20.597 - INFO - CDS - seq=contig_8, start=59394, stop=59873, strand=-, frame=3, truncated=no, start-type=TTG, RBS-motif=None
22:59:20.597 - INFO - CDS - seq=contig_8, start=60399, stop=61262, strand=-, frame=3, truncated=no, start-type=TTG, RBS-motif=GGAG/GAGG
22:59:20.597 - INFO - CDS - seq=contig_8, start=61384, stop=63978, strand=-, frame=2, truncated=no, start-type=ATG, RBS-motif=GGAG/GAGG
22:59:20.597 - INFO - CDS - seq=contig_8, start=63981, stop=65108, strand=-, frame=3, truncated=no, start-type=ATG, RBS-motif=AGGAG/GGAGG
22:59:20.597 - INFO - CDS - seq=contig_8, start=65123, stop=65443, strand=-, frame=1, truncated=no, start-type=ATG, RBS-motif=AGGAG
22:59:20.597 - INFO - CDS - seq=contig_8, start=65457, stop=65894, strand=-, frame=3, truncated=no, start-type=ATG, RBS-motif=GGAG/GAGG
22:59:20.597 - INFO - CDS - seq=contig_8, start=65894, stop=67828, strand=-, frame=1, truncated=no, start-type=ATG, RBS-motif=AGGAGG
22:59:20.597 - INFO - CDS - seq=contig_8, start=68193, stop=68378, strand=-, frame=3, truncated=no, start-type=ATG, RBS-motif=GGAG/GAGG
22:59:20.597 - INFO - CDS - seq=contig_8, start=68448, stop=68678, strand=-, frame=3, truncated=no, start-type=ATG, RBS-motif=AGGAG
22:59:20.597 - INFO - CDS - seq=contig_8, start=68811, stop=69482, strand=-, frame=3, truncated=no, start-type=ATG, RBS-motif=AGxAGG/AGGxGG
22:59:20.597 - INFO - CDS - seq=contig_8, start=69561, stop=69920, strand=-, frame=3, truncated=no, start-type=ATG, RBS-motif=AGGAG
22:59:20.597 - INFO - CDS - seq=contig_8, start=70586, stop=71032, strand=+, frame=2, truncated=no, start-type=ATG, RBS-motif=GGA/GAG/AGG
22:59:20.597 - INFO - CDS - seq=contig_8, start=71045, stop=71494, strand=+, frame=2, truncated=no, start-type=ATG, RBS-motif=AGGAGG
22:59:20.597 - INFO - CDS - seq=contig_8, start=71487, stop=71630, strand=+, frame=3, truncated=no, start-type=ATG, RBS-motif=AGxAGG/AGGxGG
22:59:20.597 - INFO - CDS - seq=contig_8, start=71633, stop=72022, strand=+, frame=2, truncated=no, start-type=GTG, RBS-motif=GGAG/GAGG
22:59:20.597 - INFO - CDS - seq=contig_8, start=72386, stop=72622, strand=-, frame=1, truncated=no, start-type=ATG, RBS-motif=GGA/GAG/AGG
22:59:20.597 - INFO - CDS - seq=contig_8, start=72622, stop=75168, strand=-, frame=2, truncated=no, start-type=ATG, RBS-motif=AGGAGG
22:59:20.597 - INFO - CDS - seq=contig_8, start=75155, stop=75400, strand=-, frame=1, truncated=no, start-type=ATG, RBS-motif=AGGA
22:59:20.597 - INFO - CDS - seq=contig_8, start=75442, stop=76692, strand=-, frame=2, truncated=no, start-type=GTG, RBS-motif=GGAG/GAGG
22:59:20.597 - INFO - CDS - seq=contig_8, start=76679, stop=77116, strand=-, frame=1, truncated=no, start-type=TTG, RBS-motif=AGGAGG
22:59:20.597 - INFO - CDS - seq=contig_8, start=77155, stop=77400, strand=-, frame=2, truncated=no, start-type=ATG, RBS-motif=AGGAGG
22:59:20.597 - INFO - CDS - seq=contig_8, start=77442, stop=77621, strand=-, frame=3, truncated=no, start-type=ATG, RBS-motif=AGGAGG
22:59:20.597 - INFO - CDS - seq=contig_8, start=145, stop=552, strand=-, nt=[GTGACACATC..TGAACATTAA]
22:59:20.598 - INFO - CDS - seq=contig_8, start=549, stop=1193, strand=-, nt=[ATGAATCGTA..GACACCGTGA]
22:59:20.598 - INFO - CDS - seq=contig_8, start=1209, stop=2219, strand=-, nt=[GTGAAGAGGC..CAGACCATAG]
22:59:20.598 - INFO - CDS - seq=contig_8, start=2221, stop=4149, strand=-, nt=[GTGAAACTGA..TGGTGCCTGA]
22:59:20.598 - INFO - CDS - seq=contig_8, start=4130, stop=4726, strand=-, nt=[GTGGCAACAA..AGAAGCTTGA]
22:59:20.598 - INFO - CDS - seq=contig_8, start=4710, stop=5045, strand=-, nt=[ATGGCTCATA..CAAAGTTTGA]
22:59:20.598 - INFO - CDS - seq=contig_8, start=5051, stop=7108, strand=-, nt=[TTGAGTACCA..TAGGAGGTGA]
22:59:20.598 - INFO - CDS - seq=contig_8, start=7105, stop=9552, strand=-, nt=[ATGAACCACG..CAATGCTTGA]
22:59:20.598 - INFO - CDS - seq=contig_8, start=9579, stop=10157, strand=-, nt=[ATGCGAGCGA..TCATGAATAA]
22:59:20.598 - INFO - CDS - seq=contig_8, start=10166, stop=10585, strand=-, nt=[ATGGAAGACA..CTTCAACTAG]
22:59:20.598 - INFO - CDS - seq=contig_8, start=10644, stop=12173, strand=-, nt=[ATGAAGAATC..CAGCAACTGA]
22:59:20.598 - INFO - CDS - seq=contig_8, start=12151, stop=13392, strand=-, nt=[GTGTACGCTA..AAACGAATAA]
22:59:20.598 - INFO - CDS - seq=contig_8, start=13435, stop=13662, strand=-, nt=[ATGCAAGGAA..GGCAGGTTAG]
22:59:20.598 - INFO - CDS - seq=contig_8, start=13664, stop=13840, strand=-, nt=[ATGGAAATTA..AGGACATTAA]
22:59:20.598 - INFO - CDS - seq=contig_8, start=13859, stop=14125, strand=-, nt=[ATGTTCAATT..GTCGCATTAA]
22:59:20.598 - INFO - CDS - seq=contig_8, start=14137, stop=14415, strand=-, nt=[ATGGCTGAAT..CTTGATATAG]
22:59:20.598 - INFO - CDS - seq=contig_8, start=14624, stop=14782, strand=-, nt=[ATGCTGTGGT..CGCGCCCTAG]
22:59:20.598 - INFO - CDS - seq=contig_8, start=14796, stop=14984, strand=-, nt=[ATGACGGTCA..CAAAAAATAA]
22:59:20.598 - INFO - CDS - seq=contig_8, start=15059, stop=15313, strand=-, nt=[ATGCTTGTAG..AATGCGCTAA]
22:59:20.598 - INFO - CDS - seq=contig_8, start=15856, stop=16869, strand=-, nt=[TTGAAAAAGA..GACTTTATAA]
22:59:20.598 - INFO - CDS - seq=contig_8, start=17032, stop=17751, strand=-, nt=[ATGCATTATT..AATCTTTTAG]
22:59:20.598 - INFO - CDS - seq=contig_8, start=17759, stop=18589, strand=-, nt=[ATGTTAATAG..GGTGGGGTAA]
22:59:20.598 - INFO - CDS - seq=contig_8, start=18635, stop=19012, strand=-, nt=[ATGGATCGGT..TAAGAAATAG]
22:59:20.598 - INFO - CDS - seq=contig_8, start=19102, stop=19893, strand=-, nt=[ATGCGGACTC..AAAAAACTAA]
22:59:20.598 - INFO - CDS - seq=contig_8, start=19909, stop=20655, strand=-, nt=[ATGACAGAAA..AGTTAAATGA]
22:59:20.598 - INFO - CDS - seq=contig_8, start=20666, stop=21940, strand=-, nt=[TTGCACAAAA..TGTAAAGTGA]
22:59:20.598 - INFO - CDS - seq=contig_8, start=22125, stop=22808, strand=+, nt=[ATGCTAAATA..TGCCTATTAA]
22:59:20.598 - INFO - CDS - seq=contig_8, start=23377, stop=23490, strand=-, nt=[ATGATCATTG..ACTCTACTAA]
22:59:20.598 - INFO - CDS - seq=contig_8, start=23487, stop=23579, strand=-, nt=[ATGCTTGTAG..ACTTTTATGA]
22:59:20.598 - INFO - CDS - seq=contig_8, start=23967, stop=26285, strand=-, nt=[ATGCAACATA..TCAAGCATAA]
22:59:20.598 - INFO - CDS - seq=contig_8, start=26433, stop=27695, strand=-, nt=[ATGAAAATGA..TGTCCGGTAA]
22:59:20.598 - INFO - CDS - seq=contig_8, start=27759, stop=27971, strand=-, nt=[GTGATACAAG..TGATCACTAA]
22:59:20.598 - INFO - CDS - seq=contig_8, start=28043, stop=29440, strand=-, nt=[ATGAAAATGA..TATTTCTTAA]
22:59:20.598 - INFO - CDS - seq=contig_8, start=29469, stop=29744, strand=-, nt=[ATGAAATTCT..TTTGCTATAA]
22:59:20.598 - INFO - CDS - seq=contig_8, start=29731, stop=29961, strand=-, nt=[GTGCTTAAAC..AATTCTATGA]
22:59:20.598 - INFO - CDS - seq=contig_8, start=30014, stop=30172, strand=-, nt=[ATGAGAGCAA..AGATCAGTGA]
22:59:20.598 - INFO - CDS - seq=contig_8, start=30180, stop=30416, strand=-, nt=[ATGAAACAGC..AATGAGGTAA]
22:59:20.598 - INFO - CDS - seq=contig_8, start=30943, stop=31170, strand=-, nt=[ATGGCTATTC..GCTGTCATAA]
22:59:20.598 - INFO - CDS - seq=contig_8, start=31658, stop=32395, strand=-, nt=[ATGAGTTCTA..CAAGAATTAG]
22:59:20.598 - INFO - CDS - seq=contig_8, start=32385, stop=33443, strand=-, nt=[ATGTCACAGG..TGAGTTCTAA]
22:59:20.598 - INFO - CDS - seq=contig_8, start=33996, stop=34805, strand=+, nt=[ATGGCAACTG..GAATGAATAA]
22:59:20.598 - INFO - CDS - seq=contig_8, start=34807, stop=35181, strand=+, nt=[ATGGCAGGAC..AAAACATTAA]
22:59:20.598 - INFO - CDS - seq=contig_8, start=35434, stop=35706, strand=-, nt=[TTGATCGTGC..TTTGAAGTAG]
22:59:20.598 - INFO - CDS - seq=contig_8, start=36301, stop=37941, strand=+, nt=[ATGTTAAGGG..CTTCAAATAA]
22:59:20.598 - INFO - CDS - seq=contig_8, start=38663, stop=39472, strand=+, nt=[ATGCCTAAAC..ACACGAATGA]
22:59:20.598 - INFO - CDS - seq=contig_8, start=39469, stop=40233, strand=+, nt=[ATGACCAATA..CGCCAATTAA]
22:59:20.598 - INFO - CDS - seq=contig_8, start=40249, stop=41100, strand=+, nt=[ATGAAATTTA..GAGAAACTAG]
22:59:20.598 - INFO - CDS - seq=contig_8, start=41110, stop=42249, strand=+, nt=[ATGAGTAACT..GGAGCTGTAA]
22:59:20.598 - INFO - CDS - seq=contig_8, start=42251, stop=43522, strand=+, nt=[ATGACTGGAA..GTTTTCCTAA]
22:59:20.599 - INFO - CDS - seq=contig_8, start=43507, stop=44490, strand=+, nt=[GTGCTCGTTT..ACGTTACTAA]
22:59:20.599 - INFO - CDS - seq=contig_8, start=44541, stop=45533, strand=+, nt=[ATGCAAGAAA..ACAATGGTAG]
22:59:20.599 - INFO - CDS - seq=contig_8, start=45527, stop=46294, strand=+, nt=[ATGGTAGATA..TAAAGCATAA]
22:59:20.599 - INFO - CDS - seq=contig_8, start=46347, stop=47396, strand=+, nt=[ATGAAAAAGC..AGTTCAATAG]
22:59:20.599 - INFO - CDS - seq=contig_8, start=48181, stop=49332, strand=+, nt=[ATGAGTGAAG..TAAACCTTAA]
22:59:20.599 - INFO - CDS - seq=contig_8, start=49399, stop=50229, strand=+, nt=[ATGAAACGAT..GAAGTTTTAA]
22:59:20.599 - INFO - CDS - seq=contig_8, start=50621, stop=50896, strand=+, nt=[ATGGCTCGCT..TCCGATCTAA]
22:59:20.599 - INFO - CDS - seq=contig_8, start=51479, stop=51790, strand=-, nt=[TTGATAGCTG..AGTAATTTGA]
22:59:20.599 - INFO - CDS - seq=contig_8, start=51787, stop=53424, strand=-, nt=[ATGAGGAAAG..TGGTCGTTGA]
22:59:20.599 - INFO - CDS - seq=contig_8, start=53756, stop=54952, strand=-, nt=[ATGAAAAAGC..GATTAATTAA]
22:59:20.599 - INFO - CDS - seq=contig_8, start=55495, stop=55863, strand=+, nt=[ATGAATAAAG..GGCGCGTTAG]
22:59:20.599 - INFO - CDS - seq=contig_8, start=55963, stop=56523, strand=-, nt=[ATGCTGATCC..TAAAAAATAG]
22:59:20.599 - INFO - CDS - seq=contig_8, start=56594, stop=57319, strand=+, nt=[ATGGAATTTA..CAAATTATAA]
22:59:20.599 - INFO - CDS - seq=contig_8, start=57736, stop=57855, strand=+, nt=[ATGAATCTTT..AAATTTGTAA]
22:59:20.599 - INFO - CDS - seq=contig_8, start=57965, stop=59071, strand=+, nt=[ATGGGCTTAG..GTTAATGTGA]
22:59:20.599 - INFO - CDS - seq=contig_8, start=59394, stop=59873, strand=-, nt=[TTGCTTTTAA..GCTCACCTAA]
22:59:20.599 - INFO - CDS - seq=contig_8, start=60399, stop=61262, strand=-, nt=[TTGAGCAGCC..AACAAAATAG]
22:59:20.599 - INFO - CDS - seq=contig_8, start=61384, stop=63978, strand=-, nt=[ATGTCCAAGC..AGGAGTTTAG]
22:59:20.599 - INFO - CDS - seq=contig_8, start=63981, stop=65108, strand=-, nt=[ATGTCCATGA..GGAGAATTAA]
22:59:20.599 - INFO - CDS - seq=contig_8, start=65123, stop=65443, strand=-, nt=[ATGGCACGAA..CAAAGGATAG]
22:59:20.599 - INFO - CDS - seq=contig_8, start=65457, stop=65894, strand=-, nt=[ATGACAATTA..TTTTAATTGA]
22:59:20.599 - INFO - CDS - seq=contig_8, start=65894, stop=67828, strand=-, nt=[ATGACCACTT..AATCGAATAA]
22:59:20.599 - INFO - CDS - seq=contig_8, start=68193, stop=68378, strand=-, nt=[ATGGGAACAT..GATGTTGTAA]
22:59:20.599 - INFO - CDS - seq=contig_8, start=68448, stop=68678, strand=-, nt=[ATGATATTGA..TGATAAGTAA]
22:59:20.599 - INFO - CDS - seq=contig_8, start=68811, stop=69482, strand=-, nt=[ATGCAAAATC..GTTTAACTAA]
22:59:20.599 - INFO - CDS - seq=contig_8, start=69561, stop=69920, strand=-, nt=[ATGGATCGTG..AGCGTCATAG]
22:59:20.599 - INFO - CDS - seq=contig_8, start=70586, stop=71032, strand=+, nt=[ATGCCAGAAT..CATCAAATAG]
22:59:20.599 - INFO - CDS - seq=contig_8, start=71045, stop=71494, strand=+, nt=[ATGAAAAAAG..CCATGATTGA]
22:59:20.599 - INFO - CDS - seq=contig_8, start=71487, stop=71630, strand=+, nt=[ATGATTGACC..AGGTCTTTAA]
22:59:20.599 - INFO - CDS - seq=contig_8, start=71633, stop=72022, strand=+, nt=[GTGAAAACTA..CAAGGCTTAA]
22:59:20.599 - INFO - CDS - seq=contig_8, start=72386, stop=72622, strand=-, nt=[ATGCCCTACC..GCTACACTAG]
22:59:20.599 - INFO - CDS - seq=contig_8, start=72622, stop=75168, strand=-, nt=[ATGGCGAGGA..AAGTATGTAA]
22:59:20.599 - INFO - CDS - seq=contig_8, start=75155, stop=75400, strand=-, nt=[ATGCCAGCTA..CGAGGACTAA]
22:59:20.599 - INFO - CDS - seq=contig_8, start=75442, stop=76692, strand=-, nt=[GTGCTGATAC..CTTTTACTAG]
22:59:20.599 - INFO - CDS - seq=contig_8, start=76679, stop=77116, strand=-, nt=[TTGCGAACCA..TGATACCTAA]
22:59:20.599 - INFO - CDS - seq=contig_8, start=77155, stop=77400, strand=-, nt=[ATGGCAGAAT..GCTTCATTAG]
22:59:20.599 - INFO - CDS - seq=contig_8, start=77442, stop=77621, strand=-, nt=[ATGGATAAAC..AAATCAGTGA]
22:59:20.599 - INFO - CDS - seq=contig_9, start=185, stop=1759, strand=-, frame=3, truncated=no, start-type=ATG, RBS-motif=AGGA
22:59:20.600 - INFO - CDS - seq=contig_9, start=1825, stop=3171, strand=-, frame=1, truncated=no, start-type=ATG, RBS-motif=GGA/GAG/AGG
22:59:20.600 - INFO - CDS - seq=contig_9, start=3247, stop=4425, strand=-, frame=1, truncated=no, start-type=ATG, RBS-motif=GGAGG
22:59:20.600 - INFO - CDS - seq=contig_9, start=4502, stop=4936, strand=+, frame=2, truncated=no, start-type=TTG, RBS-motif=AGxAGG/AGGxGG
22:59:20.600 - INFO - CDS - seq=contig_9, start=5075, stop=5593, strand=-, frame=3, truncated=no, start-type=ATG, RBS-motif=GGAGG
22:59:20.600 - INFO - CDS - seq=contig_9, start=5621, stop=6157, strand=-, frame=3, truncated=no, start-type=ATG, RBS-motif=None
22:59:20.600 - INFO - CDS - seq=contig_9, start=6407, stop=7201, strand=-, frame=3, truncated=no, start-type=ATG, RBS-motif=GGA/GAG/AGG
22:59:20.600 - INFO - CDS - seq=contig_9, start=7275, stop=8810, strand=+, frame=3, truncated=no, start-type=ATG, RBS-motif=GGAGG
22:59:20.600 - INFO - CDS - seq=contig_9, start=8804, stop=9178, strand=-, frame=3, truncated=no, start-type=GTG, RBS-motif=GGAGG
22:59:20.600 - INFO - CDS - seq=contig_9, start=9256, stop=10623, strand=+, frame=1, truncated=no, start-type=ATG, RBS-motif=AGGAG
22:59:20.600 - INFO - CDS - seq=contig_9, start=10908, stop=11381, strand=+, frame=3, truncated=no, start-type=ATG, RBS-motif=GGAG/GAGG
22:59:20.600 - INFO - CDS - seq=contig_9, start=11465, stop=12202, strand=-, frame=3, truncated=no, start-type=TTG, RBS-motif=AGxAGG/AGGxGG
22:59:20.600 - INFO - CDS - seq=contig_9, start=12346, stop=13782, strand=-, frame=1, truncated=no, start-type=TTG, RBS-motif=AGGAGG
22:59:20.600 - INFO - CDS - seq=contig_9, start=13835, stop=15199, strand=-, frame=3, truncated=no, start-type=ATG, RBS-motif=AGGAG
22:59:20.600 - INFO - CDS - seq=contig_9, start=15222, stop=15716, strand=-, frame=2, truncated=no, start-type=ATG, RBS-motif=AGGA/GGAG/GAGG
22:59:20.600 - INFO - CDS - seq=contig_9, start=15743, stop=16060, strand=-, frame=3, truncated=no, start-type=ATG, RBS-motif=AGGAGG
22:59:20.600 - INFO - CDS - seq=contig_9, start=16070, stop=16384, strand=-, frame=3, truncated=no, start-type=ATG, RBS-motif=GGAG/GAGG
22:59:20.600 - INFO - CDS - seq=contig_9, start=16705, stop=18459, strand=-, frame=1, truncated=no, start-type=ATG, RBS-motif=GGAGG
22:59:20.600 - INFO - CDS - seq=contig_9, start=18783, stop=19949, strand=-, frame=2, truncated=no, start-type=ATG, RBS-motif=AGxAGG/AGGxGG
22:59:20.600 - INFO - CDS - seq=contig_9, start=19933, stop=21213, strand=-, frame=1, truncated=no, start-type=ATG, RBS-motif=GGAG/GAGG
22:59:20.600 - INFO - CDS - seq=contig_9, start=21225, stop=22406, strand=-, frame=2, truncated=no, start-type=ATG, RBS-motif=AGGAGG
22:59:20.600 - INFO - CDS - seq=contig_9, start=22751, stop=23050, strand=+, frame=2, truncated=no, start-type=ATG, RBS-motif=AGxAGG/AGGxGG
22:59:20.600 - INFO - CDS - seq=contig_9, start=23051, stop=23881, strand=-, frame=3, truncated=no, start-type=ATG, RBS-motif=AGGAGG
22:59:20.600 - INFO - CDS - seq=contig_9, start=24029, stop=24592, strand=-, frame=3, truncated=no, start-type=ATG, RBS-motif=GGAG/GAGG
22:59:20.600 - INFO - CDS - seq=contig_9, start=24705, stop=25523, strand=+, frame=3, truncated=no, start-type=ATG, RBS-motif=AGGA/GGAG/GAGG
22:59:20.600 - INFO - CDS - seq=contig_9, start=25583, stop=26722, strand=-, frame=3, truncated=no, start-type=TTG, RBS-motif=GGAGG
22:59:20.600 - INFO - CDS - seq=contig_9, start=26801, stop=27406, strand=-, frame=3, truncated=no, start-type=ATG, RBS-motif=GGAGG
22:59:20.601 - INFO - CDS - seq=contig_9, start=28046, stop=28510, strand=+, frame=2, truncated=no, start-type=ATG, RBS-motif=AGGAG
22:59:20.601 - INFO - CDS - seq=contig_9, start=28503, stop=28955, strand=-, frame=2, truncated=no, start-type=ATG, RBS-motif=GGAGG
22:59:20.601 - INFO - CDS - seq=contig_9, start=29097, stop=29849, strand=-, frame=2, truncated=no, start-type=ATG, RBS-motif=GGA/GAG/AGG
22:59:20.601 - INFO - CDS - seq=contig_9, start=29842, stop=30741, strand=-, frame=1, truncated=no, start-type=ATG, RBS-motif=AGGA/GGAG/GAGG
22:59:20.601 - INFO - CDS - seq=contig_9, start=30738, stop=31733, strand=-, frame=2, truncated=no, start-type=ATG, RBS-motif=GGAGG
22:59:20.601 - INFO - CDS - seq=contig_9, start=31847, stop=32068, strand=+, frame=2, truncated=no, start-type=ATG, RBS-motif=AGGA/GGAG/GAGG
22:59:20.601 - INFO - CDS - seq=contig_9, start=32219, stop=32656, strand=-, frame=3, truncated=no, start-type=ATG, RBS-motif=AGGA
22:59:20.601 - INFO - CDS - seq=contig_9, start=32793, stop=35453, strand=-, frame=2, truncated=no, start-type=TTG, RBS-motif=AGGAGG
22:59:20.601 - INFO - CDS - seq=contig_9, start=35762, stop=36919, strand=-, frame=3, truncated=no, start-type=ATG, RBS-motif=AGGAG/GGAGG
22:59:20.601 - INFO - CDS - seq=contig_9, start=36986, stop=37228, strand=+, frame=2, truncated=no, start-type=ATG, RBS-motif=AGGA/GGAG/GAGG
22:59:20.601 - INFO - CDS - seq=contig_9, start=37138, stop=37965, strand=-, frame=1, truncated=no, start-type=ATG, RBS-motif=AGGAG
22:59:20.601 - INFO - CDS - seq=contig_9, start=37968, stop=39161, strand=-, frame=2, truncated=no, start-type=ATG, RBS-motif=GGAG/GAGG
22:59:20.601 - INFO - CDS - seq=contig_9, start=39165, stop=40628, strand=-, frame=2, truncated=no, start-type=ATG, RBS-motif=GGAG/GAGG
22:59:20.601 - INFO - CDS - seq=contig_9, start=41158, stop=41859, strand=-, frame=1, truncated=no, start-type=ATG, RBS-motif=GGAGG
22:59:20.601 - INFO - CDS - seq=contig_9, start=41884, stop=43029, strand=-, frame=1, truncated=no, start-type=GTG, RBS-motif=AGGAG
22:59:20.601 - INFO - CDS - seq=contig_9, start=43136, stop=43933, strand=-, frame=3, truncated=no, start-type=ATG, RBS-motif=AGGAGG
22:59:20.601 - INFO - CDS - seq=contig_9, start=43946, stop=45922, strand=-, frame=3, truncated=no, start-type=ATG, RBS-motif=GGA/GAG/AGG
22:59:20.601 - INFO - CDS - seq=contig_9, start=46186, stop=46296, strand=-, frame=1, truncated=no, start-type=ATG, RBS-motif=GGxGG
22:59:20.601 - INFO - CDS - seq=contig_9, start=46251, stop=47078, strand=-, frame=2, truncated=no, start-type=ATG, RBS-motif=GGAGG
22:59:20.601 - INFO - CDS - seq=contig_9, start=47140, stop=48579, strand=-, frame=1, truncated=no, start-type=ATG, RBS-motif=AGGA
22:59:20.601 - INFO - CDS - seq=contig_9, start=48991, stop=51309, strand=-, frame=1, truncated=no, start-type=TTG, RBS-motif=GGAG/GAGG
22:59:20.601 - INFO - CDS - seq=contig_9, start=51735, stop=52109, strand=-, frame=2, truncated=no, start-type=ATG, RBS-motif=AGxAGG/AGGxGG
22:59:20.601 - INFO - CDS - seq=contig_9, start=52249, stop=52671, strand=-, frame=1, truncated=no, start-type=ATG, RBS-motif=AGxAGG/AGGxGG
22:59:20.601 - INFO - CDS - seq=contig_9, start=53234, stop=54664, strand=+, frame=2, truncated=no, start-type=ATG, RBS-motif=GGAGG
22:59:20.601 - INFO - CDS - seq=contig_9, start=54759, stop=55895, strand=+, frame=3, truncated=no, start-type=ATG, RBS-motif=AGGAG
22:59:20.601 - INFO - CDS - seq=contig_9, start=56004, stop=56321, strand=-, frame=2, truncated=no, start-type=ATG, RBS-motif=AGGAG
22:59:20.602 - INFO - CDS - seq=contig_9, start=56492, stop=58159, strand=-, frame=3, truncated=no, start-type=ATG, RBS-motif=AGxAGG/AGGxGG
22:59:20.602 - INFO - CDS - seq=contig_9, start=58374, stop=58541, strand=-, frame=2, truncated=no, start-type=ATG, RBS-motif=GGAG/GAGG
22:59:20.602 - INFO - CDS - seq=contig_9, start=58577, stop=60688, strand=-, frame=3, truncated=no, start-type=ATG, RBS-motif=GGAGG
22:59:20.602 - INFO - CDS - seq=contig_9, start=60675, stop=61166, strand=-, frame=2, truncated=no, start-type=ATG, RBS-motif=GGA/GAG/AGG
22:59:20.602 - INFO - CDS - seq=contig_9, start=61366, stop=62118, strand=-, frame=1, truncated=no, start-type=ATG, RBS-motif=GGA/GAG/AGG
22:59:20.602 - INFO - CDS - seq=contig_9, start=62729, stop=63367, strand=+, frame=2, truncated=no, start-type=ATG, RBS-motif=AGGA/GGAG/GAGG
22:59:20.602 - INFO - CDS - seq=contig_9, start=63406, stop=63918, strand=+, frame=1, truncated=no, start-type=TTG, RBS-motif=GGAG/GAGG
22:59:20.602 - INFO - CDS - seq=contig_9, start=64071, stop=64595, strand=-, frame=2, truncated=no, start-type=ATG, RBS-motif=AGxAG
22:59:20.602 - INFO - CDS - seq=contig_9, start=185, stop=1759, strand=-, nt=[ATGAAACCAC..CAAAATGTAA]
22:59:20.602 - INFO - CDS - seq=contig_9, start=1825, stop=3171, strand=-, nt=[ATGGGCAGTG..CGATAGCTAG]
22:59:20.602 - INFO - CDS - seq=contig_9, start=3247, stop=4425, strand=-, nt=[ATGTTTGATA..AAATAAATAA]
22:59:20.602 - INFO - CDS - seq=contig_9, start=4502, stop=4936, strand=+, nt=[TTGGAAGTCA..GCTGGCTTGA]
22:59:20.602 - INFO - CDS - seq=contig_9, start=5075, stop=5593, strand=-, nt=[ATGAAACAAA..GTATGAGTAA]
22:59:20.602 - INFO - CDS - seq=contig_9, start=5621, stop=6157, strand=-, nt=[ATGCGGATCC..CCGGATCTAG]
22:59:20.602 - INFO - CDS - seq=contig_9, start=6407, stop=7201, strand=-, nt=[ATGAGTGAAA..GGAAAGTTGA]
22:59:20.602 - INFO - CDS - seq=contig_9, start=7275, stop=8810, strand=+, nt=[ATGTTTGAAG..TCGTCAGTGA]
22:59:20.602 - INFO - CDS - seq=contig_9, start=8804, stop=9178, strand=-, nt=[GTGAAAATCA..GATTCACTGA]
22:59:20.602 - INFO - CDS - seq=contig_9, start=9256, stop=10623, strand=+, nt=[ATGGCAGTCA..AAGGGCGTGA]
22:59:20.602 - INFO - CDS - seq=contig_9, start=10908, stop=11381, strand=+, nt=[ATGAAAATTT..CCGTGCTTAA]
22:59:20.602 - INFO - CDS - seq=contig_9, start=11465, stop=12202, strand=-, nt=[TTGTCTCAGC..AATGCATTAA]
22:59:20.602 - INFO - CDS - seq=contig_9, start=12346, stop=13782, strand=-, nt=[TTGACAGCAT..TCTCACCTAG]
22:59:20.602 - INFO - CDS - seq=contig_9, start=13835, stop=15199, strand=-, nt=[ATGGATTCAA..GGCGGCTTAA]
22:59:20.602 - INFO - CDS - seq=contig_9, start=15222, stop=15716, strand=-, nt=[ATGTCAGACC..CATACAATGA]
22:59:20.602 - INFO - CDS - seq=contig_9, start=15743, stop=16060, strand=-, nt=[ATGAACGAGC..TACGAAATAA]
22:59:20.602 - INFO - CDS - seq=contig_9, start=16070, stop=16384, strand=-, nt=[ATGGGTAAGA..CGAGCAGTAG]
22:59:20.602 - INFO - CDS - seq=contig_9, start=16705, stop=18459, strand=-, nt=[ATGACAGAAA..AAATGCTTAA]
22:59:20.602 - INFO - CDS - seq=contig_9, start=18783, stop=19949, strand=-, nt=[ATGAAAATCG..GCAGCGGTAA]
22:59:20.602 - INFO - CDS - seq=contig_9, start=19933, stop=21213, strand=-, nt=[ATGAAATTTT..TCGGGATTGA]
22:59:20.602 - INFO - CDS - seq=contig_9, start=21225, stop=22406, strand=-, nt=[ATGGAAGAAG..GCGTGTCTGA]
22:59:20.602 - INFO - CDS - seq=contig_9, start=22751, stop=23050, strand=+, nt=[ATGCGTGTCA..GCTCAATTGA]
22:59:20.602 - INFO - CDS - seq=contig_9, start=23051, stop=23881, strand=-, nt=[ATGCTATTAG..TCCAGCGTAA]
22:59:20.602 - INFO - CDS - seq=contig_9, start=24029, stop=24592, strand=-, nt=[ATGAGAACGT..GCCAAGTTAA]
22:59:20.602 - INFO - CDS - seq=contig_9, start=24705, stop=25523, strand=+, nt=[ATGCAACTAA..CGCAAACTAA]
22:59:20.602 - INFO - CDS - seq=contig_9, start=25583, stop=26722, strand=-, nt=[TTGACAGAAG..GAACTATTAA]
22:59:20.602 - INFO - CDS - seq=contig_9, start=26801, stop=27406, strand=-, nt=[ATGACGCAAC..ACGGAAATAA]
22:59:20.602 - INFO - CDS - seq=contig_9, start=28046, stop=28510, strand=+, nt=[ATGCTTCGCG..GCTTAACTAG]
22:59:20.602 - INFO - CDS - seq=contig_9, start=28503, stop=28955, strand=-, nt=[ATGACAGATC..GGCTAGTTAA]
22:59:20.602 - INFO - CDS - seq=contig_9, start=29097, stop=29849, strand=-, nt=[ATGGCTGAGC..TTTCAGTTAA]
22:59:20.602 - INFO - CDS - seq=contig_9, start=29842, stop=30741, strand=-, nt=[ATGAGTATCG..ACATGGCTGA]
22:59:20.602 - INFO - CDS - seq=contig_9, start=30738, stop=31733, strand=-, nt=[ATGAAACGAA..GATCAAATGA]
22:59:20.602 - INFO - CDS - seq=contig_9, start=31847, stop=32068, strand=+, nt=[ATGGCCAAAG..ACCTACCTAA]
22:59:20.602 - INFO - CDS - seq=contig_9, start=32219, stop=32656, strand=-, nt=[ATGAATAAAC..GTTGTCTTAA]
22:59:20.603 - INFO - CDS - seq=contig_9, start=32793, stop=35453, strand=-, nt=[TTGGCAAACA..ACGCGCATAA]
22:59:20.603 - INFO - CDS - seq=contig_9, start=35762, stop=36919, strand=-, nt=[ATGTCGGGTA..GTTGGGCTGA]
22:59:20.603 - INFO - CDS - seq=contig_9, start=36986, stop=37228, strand=+, nt=[ATGGCCGCTC..AGCAGCTTGA]
22:59:20.603 - INFO - CDS - seq=contig_9, start=37138, stop=37965, strand=-, nt=[ATGCGTCCAT..TTGGAAATAA]
22:59:20.603 - INFO - CDS - seq=contig_9, start=37968, stop=39161, strand=-, nt=[ATGAGGGCAT..AGGAGTTTGA]
22:59:20.603 - INFO - CDS - seq=contig_9, start=39165, stop=40628, strand=-, nt=[ATGACCACAC..CGAGGAATAA]
22:59:20.603 - INFO - CDS - seq=contig_9, start=41158, stop=41859, strand=-, nt=[ATGGATGCAC..AGAACGGTAA]
22:59:20.603 - INFO - CDS - seq=contig_9, start=41884, stop=43029, strand=-, nt=[GTGACGGTTA..CGAAGACTGA]
22:59:20.603 - INFO - CDS - seq=contig_9, start=43136, stop=43933, strand=-, nt=[ATGACAATTG..TCAAGGATAA]
22:59:20.603 - INFO - CDS - seq=contig_9, start=43946, stop=45922, strand=-, nt=[ATGGCAATTA..TCAAGCATAA]
22:59:20.603 - INFO - CDS - seq=contig_9, start=46186, stop=46296, strand=-, nt=[ATGGCGGCAG..TGATTTTTGA]
22:59:20.603 - INFO - CDS - seq=contig_9, start=46251, stop=47078, strand=-, nt=[ATGGTGAAAA..GTTGTCTTGA]
22:59:20.603 - INFO - CDS - seq=contig_9, start=47140, stop=48579, strand=-, nt=[ATGGGGCATC..TGTTAATTAG]
22:59:20.603 - INFO - CDS - seq=contig_9, start=48991, stop=51309, strand=-, nt=[TTGCTAGACT..CGCGGATTAA]
22:59:20.603 - INFO - CDS - seq=contig_9, start=51735, stop=52109, strand=-, nt=[ATGGCAGTTT..GCCCACTTAA]
22:59:20.603 - INFO - CDS - seq=contig_9, start=52249, stop=52671, strand=-, nt=[ATGCATACAC..AATTTTTTAA]
22:59:20.603 - INFO - CDS - seq=contig_9, start=53234, stop=54664, strand=+, nt=[ATGAAAGGTT..ATCTAAATGA]
22:59:20.603 - INFO - CDS - seq=contig_9, start=54759, stop=55895, strand=+, nt=[ATGACCAAAC..CGATAGGTAG]
22:59:20.603 - INFO - CDS - seq=contig_9, start=56004, stop=56321, strand=-, nt=[ATGGCGATTC..ACTTGGGTAA]
22:59:20.603 - INFO - CDS - seq=contig_9, start=56492, stop=58159, strand=-, nt=[ATGACAAGTA..CGCAATGTGA]
22:59:20.603 - INFO - CDS - seq=contig_9, start=58374, stop=58541, strand=-, nt=[ATGGCAACAT..GAAGGCTTAA]
22:59:20.603 - INFO - CDS - seq=contig_9, start=58577, stop=60688, strand=-, nt=[ATGGCGATTC..AAGTTTTTAA]
22:59:20.603 - INFO - CDS - seq=contig_9, start=60675, stop=61166, strand=-, nt=[ATGCAGGCCT..CGATTCGTGA]
22:59:20.603 - INFO - CDS - seq=contig_9, start=61366, stop=62118, strand=-, nt=[ATGCATAGAC..AGTTAAATAA]
22:59:20.603 - INFO - CDS - seq=contig_9, start=62729, stop=63367, strand=+, nt=[ATGAAGATTG..CAATGCTTAA]
22:59:20.603 - INFO - CDS - seq=contig_9, start=63406, stop=63918, strand=+, nt=[TTGGCACAAG..CAAGATTTAA]
22:59:20.603 - INFO - CDS - seq=contig_9, start=64071, stop=64595, strand=-, nt=[ATGGACAATC..AGGACAATGA]
22:59:20.603 - INFO - CDS - seq=contig_10, start=146, stop=352, strand=-, frame=2, truncated=no, start-type=ATG, RBS-motif=GGAG/GAGG
22:59:20.603 - INFO - CDS - seq=contig_10, start=622, stop=1188, strand=+, frame=1, truncated=no, start-type=ATG, RBS-motif=GGxGG
22:59:20.603 - INFO - CDS - seq=contig_10, start=1195, stop=2538, strand=+, frame=1, truncated=no, start-type=ATG, RBS-motif=AGxAGG/AGGxGG
22:59:20.603 - INFO - CDS - seq=contig_10, start=2543, stop=3190, strand=+, frame=2, truncated=no, start-type=ATG, RBS-motif=GGA/GAG/AGG
22:59:20.603 - INFO - CDS - seq=contig_10, start=3278, stop=3970, strand=+, frame=2, truncated=no, start-type=ATG, RBS-motif=AGGAG
22:59:20.603 - INFO - CDS - seq=contig_10, start=3951, stop=4451, strand=+, frame=3, truncated=no, start-type=ATG, RBS-motif=AGGAG
22:59:20.603 - INFO - CDS - seq=contig_10, start=4464, stop=5306, strand=+, frame=3, truncated=no, start-type=ATG, RBS-motif=AGGAGG
22:59:20.603 - INFO - CDS - seq=contig_10, start=5303, stop=5944, strand=+, frame=2, truncated=no, start-type=ATG, RBS-motif=GGA/GAG/AGG
22:59:20.603 - INFO - CDS - seq=contig_10, start=5934, stop=6761, strand=+, frame=3, truncated=no, start-type=ATG, RBS-motif=AGxAGG/AGGxGG
22:59:20.603 - INFO - CDS - seq=contig_10, start=7146, stop=8594, strand=+, frame=3, truncated=no, start-type=GTG, RBS-motif=GGAGG
22:59:20.604 - INFO - CDS - seq=contig_10, start=8899, stop=9147, strand=+, frame=1, truncated=no, start-type=ATG, RBS-motif=GGA/GAG/AGG
22:59:20.604 - INFO - CDS - seq=contig_10, start=9528, stop=10535, strand=+, frame=3, truncated=no, start-type=ATG, RBS-motif=GGA/GAG/AGG
22:59:20.604 - INFO - CDS - seq=contig_10, start=10595, stop=10987, strand=+, frame=2, truncated=no, start-type=TTG, RBS-motif=AGGAGG
22:59:20.604 - INFO - CDS - seq=contig_10, start=11056, stop=12558, strand=+, frame=1, truncated=no, start-type=ATG, RBS-motif=GGxGG
22:59:20.604 - INFO - CDS - seq=contig_10, start=12542, stop=13522, strand=+, frame=2, truncated=no, start-type=ATG, RBS-motif=GGAG/GAGG
22:59:20.604 - INFO - CDS - seq=contig_10, start=13579, stop=14538, strand=+, frame=1, truncated=no, start-type=ATG, RBS-motif=AGxAGG/AGGxGG
22:59:20.604 - INFO - CDS - seq=contig_10, start=14678, stop=15607, strand=+, frame=2, truncated=no, start-type=ATG, RBS-motif=GGAGG
22:59:20.604 - INFO - CDS - seq=contig_10, start=15741, stop=15989, strand=-, frame=1, truncated=no, start-type=ATG, RBS-motif=None
22:59:20.604 - INFO - CDS - seq=contig_10, start=16026, stop=18017, strand=-, frame=1, truncated=no, start-type=ATG, RBS-motif=GGA/GAG/AGG
22:59:20.604 - INFO - CDS - seq=contig_10, start=18192, stop=19574, strand=+, frame=3, truncated=no, start-type=TTG, RBS-motif=GGAGG
22:59:20.604 - INFO - CDS - seq=contig_10, start=19555, stop=19989, strand=+, frame=1, truncated=no, start-type=ATG, RBS-motif=AGxAGG/AGGxGG
22:59:20.604 - INFO - CDS - seq=contig_10, start=19986, stop=20549, strand=+, frame=3, truncated=no, start-type=TTG, RBS-motif=GGA/GAG/AGG
22:59:20.604 - INFO - CDS - seq=contig_10, start=20562, stop=20777, strand=+, frame=3, truncated=no, start-type=ATG, RBS-motif=GGAG/GAGG
22:59:20.604 - INFO - CDS - seq=contig_10, start=21583, stop=22281, strand=+, frame=1, truncated=no, start-type=GTG, RBS-motif=GGA/GAG/AGG
22:59:20.604 - INFO - CDS - seq=contig_10, start=22315, stop=23031, strand=+, frame=1, truncated=no, start-type=ATG, RBS-motif=None
22:59:20.604 - INFO - CDS - seq=contig_10, start=23114, stop=23503, strand=-, frame=2, truncated=no, start-type=ATG, RBS-motif=AGxAG
22:59:20.604 - INFO - CDS - seq=contig_10, start=23535, stop=24059, strand=-, frame=1, truncated=no, start-type=ATG, RBS-motif=AGxAGG/AGGxGG
22:59:20.604 - INFO - CDS - seq=contig_10, start=24049, stop=24684, strand=-, frame=3, truncated=no, start-type=ATG, RBS-motif=AGGAG
22:59:20.604 - INFO - CDS - seq=contig_10, start=24698, stop=25426, strand=-, frame=2, truncated=no, start-type=ATG, RBS-motif=AGGAGG
22:59:20.604 - INFO - CDS - seq=contig_10, start=25423, stop=26103, strand=-, frame=3, truncated=no, start-type=TTG, RBS-motif=GGAG/GAGG
22:59:20.604 - INFO - CDS - seq=contig_10, start=26093, stop=26881, strand=-, frame=2, truncated=no, start-type=ATG, RBS-motif=GGAG/GAGG
22:59:20.604 - INFO - CDS - seq=contig_10, start=27332, stop=28858, strand=+, frame=2, truncated=no, start-type=TTG, RBS-motif=GGAGG
22:59:20.604 - INFO - CDS - seq=contig_10, start=29129, stop=31225, strand=+, frame=2, truncated=no, start-type=ATG, RBS-motif=AGGAGG
22:59:20.604 - INFO - CDS - seq=contig_10, start=31226, stop=31537, strand=+, frame=2, truncated=no, start-type=ATG, RBS-motif=AGGAG
22:59:20.604 - INFO - CDS - seq=contig_10, start=31679, stop=32965, strand=+, frame=2, truncated=no, start-type=ATG, RBS-motif=AGxAGG/AGGxGG
22:59:20.604 - INFO - CDS - seq=contig_10, start=32982, stop=33404, strand=+, frame=3, truncated=no, start-type=ATG, RBS-motif=GGA/GAG/AGG
22:59:20.604 - INFO - CDS - seq=contig_10, start=33426, stop=34286, strand=+, frame=3, truncated=no, start-type=ATG, RBS-motif=GGAGG
22:59:20.605 - INFO - CDS - seq=contig_10, start=34399, stop=35040, strand=+, frame=1, truncated=no, start-type=ATG, RBS-motif=AGGAG
22:59:20.605 - INFO - CDS - seq=contig_10, start=35327, stop=36157, strand=+, frame=2, truncated=no, start-type=GTG, RBS-motif=GGAG/GAGG
22:59:20.605 - INFO - CDS - seq=contig_10, start=36150, stop=37019, strand=+, frame=3, truncated=no, start-type=ATG, RBS-motif=GGA/GAG/AGG
22:59:20.605 - INFO - CDS - seq=contig_10, start=37059, stop=38054, strand=+, frame=3, truncated=no, start-type=ATG, RBS-motif=AGGAGG
22:59:20.605 - INFO - CDS - seq=contig_10, start=38609, stop=39388, strand=+, frame=2, truncated=no, start-type=ATG, RBS-motif=AGGAGG
22:59:20.605 - INFO - CDS - seq=contig_10, start=39659, stop=39913, strand=+, frame=2, truncated=no, start-type=ATG, RBS-motif=AGxAGG/AGGxGG
22:59:20.605 - INFO - CDS - seq=contig_10, start=40844, stop=41128, strand=-, frame=2, truncated=no, start-type=GTG, RBS-motif=GGA/GAG/AGG
22:59:20.605 - INFO - CDS - seq=contig_10, start=41503, stop=41631, strand=+, frame=1, truncated=no, start-type=ATG, RBS-motif=GGAGG
22:59:20.605 - INFO - CDS - seq=contig_10, start=42676, stop=43293, strand=+, frame=1, truncated=no, start-type=GTG, RBS-motif=GGxGG
22:59:20.605 - INFO - CDS - seq=contig_10, start=44723, stop=44899, strand=+, frame=2, truncated=no, start-type=ATG, RBS-motif=AGGA/GGAG/GAGG
22:59:20.605 - INFO - CDS - seq=contig_10, start=44905, stop=45303, strand=-, frame=3, truncated=no, start-type=ATG, RBS-motif=AGGAG
22:59:20.605 - INFO - CDS - seq=contig_10, start=45416, stop=45787, strand=-, frame=2, truncated=no, start-type=GTG, RBS-motif=AGGA
22:59:20.605 - INFO - CDS - seq=contig_10, start=47714, stop=48643, strand=+, frame=2, truncated=no, start-type=ATG, RBS-motif=GGAG/GAGG
22:59:20.605 - INFO - CDS - seq=contig_10, start=48740, stop=49450, strand=-, frame=2, truncated=no, start-type=ATG, RBS-motif=AGGAGG
22:59:20.605 - INFO - CDS - seq=contig_10, start=49534, stop=50517, strand=-, frame=3, truncated=no, start-type=TTG, RBS-motif=GGAG/GAGG
22:59:20.605 - INFO - CDS - seq=contig_10, start=50876, stop=51700, strand=+, frame=2, truncated=no, start-type=ATG, RBS-motif=AGGAGG
22:59:20.605 - INFO - CDS - seq=contig_10, start=51687, stop=52523, strand=+, frame=3, truncated=no, start-type=ATG, RBS-motif=AGxAGG/AGGxGG
22:59:20.605 - INFO - CDS - seq=contig_10, start=52548, stop=54035, strand=+, frame=3, truncated=no, start-type=ATG, RBS-motif=AGGAGG
22:59:20.605 - INFO - CDS - seq=contig_10, start=54061, stop=54879, strand=+, frame=1, truncated=no, start-type=ATG, RBS-motif=AGxAGG/AGGxGG
22:59:20.605 - INFO - CDS - seq=contig_10, start=54882, stop=55661, strand=+, frame=3, truncated=no, start-type=ATG, RBS-motif=AGxAG
22:59:20.605 - INFO - CDS - seq=contig_10, start=55674, stop=56798, strand=+, frame=3, truncated=no, start-type=ATG, RBS-motif=AGxAGG/AGGxGG
22:59:20.605 - INFO - CDS - seq=contig_10, start=57146, stop=58081, strand=+, frame=2, truncated=no, start-type=ATG, RBS-motif=AGGAGG
22:59:20.605 - INFO - CDS - seq=contig_10, start=58093, stop=59487, strand=+, frame=1, truncated=no, start-type=ATG, RBS-motif=AGGAGG
22:59:20.605 - INFO - CDS - seq=contig_10, start=59503, stop=60000, strand=+, frame=1, truncated=no, start-type=ATG, RBS-motif=GGAG/GAGG
22:59:20.605 - INFO - CDS - seq=contig_10, start=60043, stop=60783, strand=+, frame=1, truncated=no, start-type=ATG, RBS-motif=GGAG/GAGG
22:59:20.605 - INFO - CDS - seq=contig_10, start=60928, stop=61725, strand=-, frame=3, truncated=no, start-type=ATG, RBS-motif=GGAG/GAGG
22:59:20.605 - INFO - CDS - seq=contig_10, start=61736, stop=62578, strand=-, frame=2, truncated=no, start-type=ATG, RBS-motif=GGAGG
22:59:20.605 - INFO - CDS - seq=contig_10, start=62582, stop=63349, strand=-, frame=2, truncated=no, start-type=ATG, RBS-motif=AGGAGG
22:59:20.606 - INFO - CDS - seq=contig_10, start=63375, stop=63884, strand=-, frame=1, truncated=no, start-type=ATG, RBS-motif=GGAGG
22:59:20.606 - INFO - CDS - seq=contig_10, start=63912, stop=64319, strand=-, frame=1, truncated=no, start-type=ATG, RBS-motif=AGGAGG
22:59:20.606 - INFO - CDS - seq=contig_10, start=146, stop=352, strand=-, nt=[ATGTTTTATT..AACCATCTAA]
22:59:20.606 - INFO - CDS - seq=contig_10, start=622, stop=1188, strand=+, nt=[ATGGATAAAT..TAGCAGGTAG]
22:59:20.606 - INFO - CDS - seq=contig_10, start=1195, stop=2538, strand=+, nt=[ATGAGTATTG..GCAGGGGTGA]
22:59:20.606 - INFO - CDS - seq=contig_10, start=2543, stop=3190, strand=+, nt=[ATGGCACAGA..TGGCCATTAA]
22:59:20.606 - INFO - CDS - seq=contig_10, start=3278, stop=3970, strand=+, nt=[ATGAAATTTT..GCAGGGTTAA]
22:59:20.606 - INFO - CDS - seq=contig_10, start=3951, stop=4451, strand=+, nt=[ATGACACAAA..AATTTTCTAG]
22:59:20.606 - INFO - CDS - seq=contig_10, start=4464, stop=5306, strand=+, nt=[ATGTCAAAAG..AGCGTTATGA]
22:59:20.606 - INFO - CDS - seq=contig_10, start=5303, stop=5944, strand=+, nt=[ATGAACGCAA..TGACCGTTAA]
22:59:20.606 - INFO - CDS - seq=contig_10, start=5934, stop=6761, strand=+, nt=[ATGACCGTTA..TCAAGGTTAA]
22:59:20.606 - INFO - CDS - seq=contig_10, start=7146, stop=8594, strand=+, nt=[GTGCAAGAAG..GCTCATGTAA]
22:59:20.606 - INFO - CDS - seq=contig_10, start=8899, stop=9147, strand=+, nt=[ATGATGTCTA..GGATATGTGA]
22:59:20.606 - INFO - CDS - seq=contig_10, start=9528, stop=10535, strand=+, nt=[ATGAAAAAGA..ACGGATTTAA]
22:59:20.606 - INFO - CDS - seq=contig_10, start=10595, stop=10987, strand=+, nt=[TTGAAAAAAG..TACGTTCTGA]
22:59:20.606 - INFO - CDS - seq=contig_10, start=11056, stop=12558, strand=+, nt=[ATGAAGATCG..AGCAATCTAA]
22:59:20.606 - INFO - CDS - seq=contig_10, start=12542, stop=13522, strand=+, nt=[ATGCAGGAGC..TAATGGGTAA]
22:59:20.606 - INFO - CDS - seq=contig_10, start=13579, stop=14538, strand=+, nt=[ATGAAACAAT..GAACAAGTAA]
22:59:20.606 - INFO - CDS - seq=contig_10, start=14678, stop=15607, strand=+, nt=[ATGCCTAATC..AATCAAGTGA]
22:59:20.606 - INFO - CDS - seq=contig_10, start=15741, stop=15989, strand=-, nt=[ATGAGCTACC..AAACGTATAA]
22:59:20.606 - INFO - CDS - seq=contig_10, start=16026, stop=18017, strand=-, nt=[ATGAAGAAAT..TCTTTATTAG]
22:59:20.606 - INFO - CDS - seq=contig_10, start=18192, stop=19574, strand=+, nt=[TTGATCAAAC..AACCGGATGA]
22:59:20.606 - INFO - CDS - seq=contig_10, start=19555, stop=19989, strand=+, nt=[ATGCCAAAAG..GGAATTTTGA]
22:59:20.606 - INFO - CDS - seq=contig_10, start=19986, stop=20549, strand=+, nt=[TTGAAAAACG..CTTAGCGTAA]
22:59:20.606 - INFO - CDS - seq=contig_10, start=20562, stop=20777, strand=+, nt=[ATGGCAAAAG..TGAATCATAG]
22:59:20.606 - INFO - CDS - seq=contig_10, start=21583, stop=22281, strand=+, nt=[GTGACTTTTA..GAGCAACTGA]
22:59:20.606 - INFO - CDS - seq=contig_10, start=22315, stop=23031, strand=+, nt=[ATGCTAATGA..ATCAAAATGA]
22:59:20.606 - INFO - CDS - seq=contig_10, start=23114, stop=23503, strand=-, nt=[ATGCTTAGCG..GAGGCATTAA]
22:59:20.606 - INFO - CDS - seq=contig_10, start=23535, stop=24059, strand=-, nt=[ATGAAATCTA..GCTAGAATGA]
22:59:20.606 - INFO - CDS - seq=contig_10, start=24049, stop=24684, strand=-, nt=[ATGGCTTTTA..TGAAATCTAA]
22:59:20.606 - INFO - CDS - seq=contig_10, start=24698, stop=25426, strand=-, nt=[ATGATGTGGC..CTTAAACTGA]
22:59:20.606 - INFO - CDS - seq=contig_10, start=25423, stop=26103, strand=-, nt=[TTGTCTCATA..GGATATATGA]
22:59:20.606 - INFO - CDS - seq=contig_10, start=26093, stop=26881, strand=-, nt=[ATGTTGTCAT..TGTCTCATAG]
22:59:20.606 - INFO - CDS - seq=contig_10, start=27332, stop=28858, strand=+, nt=[TTGAAAAAGT..ACAGCAGTAA]
22:59:20.606 - INFO - CDS - seq=contig_10, start=29129, stop=31225, strand=+, nt=[ATGCGAGAAA..GACGATTTAA]
22:59:20.606 - INFO - CDS - seq=contig_10, start=31226, stop=31537, strand=+, nt=[ATGACCAGGA..ATCGGCTTGA]
22:59:20.606 - INFO - CDS - seq=contig_10, start=31679, stop=32965, strand=+, nt=[ATGGTTGTGG..AGCAGTTTAA]
22:59:20.606 - INFO - CDS - seq=contig_10, start=32982, stop=33404, strand=+, nt=[ATGTTTGGCA..TGGTTATTAA]
22:59:20.606 - INFO - CDS - seq=contig_10, start=33426, stop=34286, strand=+, nt=[ATGTACAAGA..TAACGCGTAA]
22:59:20.606 - INFO - CDS - seq=contig_10, start=34399, stop=35040, strand=+, nt=[ATGATGAGCG..AACCCGATAG]
22:59:20.606 - INFO - CDS - seq=contig_10, start=35327, stop=36157, strand=+, nt=[GTGGATCCTG..TCATGATTAA]
22:59:20.606 - INFO - CDS - seq=contig_10, start=36150, stop=37019, strand=+, nt=[ATGATTAAGA..AGAAGCATAG]
22:59:20.606 - INFO - CDS - seq=contig_10, start=37059, stop=38054, strand=+, nt=[ATGCGCGTTT..TGATCTGTAG]
22:59:20.606 - INFO - CDS - seq=contig_10, start=38609, stop=39388, strand=+, nt=[ATGTCTGAGT..CGCTCGCTAA]
22:59:20.606 - INFO - CDS - seq=contig_10, start=39659, stop=39913, strand=+, nt=[ATGGCCTTAG..AATGCATTAA]
22:59:20.606 - INFO - CDS - seq=contig_10, start=40844, stop=41128, strand=-, nt=[GTGACAGAAT..AGACCCCTGA]
22:59:20.606 - INFO - CDS - seq=contig_10, start=41503, stop=41631, strand=+, nt=[ATGTCTTGGG..AATGCAATGA]
22:59:20.606 - INFO - CDS - seq=contig_10, start=42676, stop=43293, strand=+, nt=[GTGAGCGCCA..GCAAAACTAA]
22:59:20.606 - INFO - CDS - seq=contig_10, start=44723, stop=44899, strand=+, nt=[ATGATAAATT..TTTGGTTTGA]
22:59:20.606 - INFO - CDS - seq=contig_10, start=44905, stop=45303, strand=-, nt=[ATGGTAAATC..AATTGCATAA]
22:59:20.606 - INFO - CDS - seq=contig_10, start=45416, stop=45787, strand=-, nt=[GTGCGTTTAT..CCTTCCGTGA]
22:59:20.606 - INFO - CDS - seq=contig_10, start=47714, stop=48643, strand=+, nt=[ATGCGAAAGC..TAAACAGTAA]
22:59:20.607 - INFO - CDS - seq=contig_10, start=48740, stop=49450, strand=-, nt=[ATGAAAAGAA..GTATCAATAA]
22:59:20.607 - INFO - CDS - seq=contig_10, start=49534, stop=50517, strand=-, nt=[TTGGCGACAA..CTTTAAGTGA]
22:59:20.607 - INFO - CDS - seq=contig_10, start=50876, stop=51700, strand=+, nt=[ATGGCGGCGG..TGAACTCTAG]
22:59:20.607 - INFO - CDS - seq=contig_10, start=51687, stop=52523, strand=+, nt=[ATGATGAACT..CGTTGGGTAA]
22:59:20.607 - INFO - CDS - seq=contig_10, start=52548, stop=54035, strand=+, nt=[ATGGCACAAG..TGAGATTTAA]
22:59:20.607 - INFO - CDS - seq=contig_10, start=54061, stop=54879, strand=+, nt=[ATGGGAACCA..TAGCAGTTGA]
22:59:20.607 - INFO - CDS - seq=contig_10, start=54882, stop=55661, strand=+, nt=[ATGAAAGTGA..CGTGAAGTGA]
22:59:20.607 - INFO - CDS - seq=contig_10, start=55674, stop=56798, strand=+, nt=[ATGCGAAAAA..TGTCAATTGA]
22:59:20.607 - INFO - CDS - seq=contig_10, start=57146, stop=58081, strand=+, nt=[ATGACTAACA..TAATCTATAG]
22:59:20.607 - INFO - CDS - seq=contig_10, start=58093, stop=59487, strand=+, nt=[ATGGACGCTA..GCTCTTTTGA]
22:59:20.607 - INFO - CDS - seq=contig_10, start=59503, stop=60000, strand=+, nt=[ATGATTGAAA..TCCATGGTAA]
22:59:20.607 - INFO - CDS - seq=contig_10, start=60043, stop=60783, strand=+, nt=[ATGCATCGTT..TGTAGATTAA]
22:59:20.607 - INFO - CDS - seq=contig_10, start=60928, stop=61725, strand=-, nt=[ATGTCATTAC..AAGAAAGTAG]
22:59:20.607 - INFO - CDS - seq=contig_10, start=61736, stop=62578, strand=-, nt=[ATGACAACAT..TCTGAAATAA]
22:59:20.607 - INFO - CDS - seq=contig_10, start=62582, stop=63349, strand=-, nt=[ATGGGTAAGA..GGAGGAATAA]
22:59:20.607 - INFO - CDS - seq=contig_10, start=63375, stop=63884, strand=-, nt=[ATGTCATACA..CTTAGCCTGA]
22:59:20.607 - INFO - CDS - seq=contig_10, start=63912, stop=64319, strand=-, nt=[ATGATTTATA..TGTTGAATAA]
22:59:20.607 - INFO - CDS - seq=contig_11, start=399, stop=758, strand=-, frame=2, truncated=no, start-type=TTG, RBS-motif=AGGAG
22:59:20.607 - INFO - CDS - seq=contig_11, start=846, stop=1430, strand=-, frame=2, truncated=no, start-type=ATG, RBS-motif=AGGAG
22:59:20.607 - INFO - CDS - seq=contig_11, start=1654, stop=2640, strand=+, frame=1, truncated=no, start-type=ATG, RBS-motif=GGAG/GAGG
22:59:20.607 - INFO - CDS - seq=contig_11, start=2679, stop=3182, strand=+, frame=3, truncated=no, start-type=ATG, RBS-motif=AGGAG
22:59:20.607 - INFO - CDS - seq=contig_11, start=3268, stop=3921, strand=+, frame=1, truncated=no, start-type=ATG, RBS-motif=AGGAG
22:59:20.607 - INFO - CDS - seq=contig_11, start=4009, stop=4632, strand=-, frame=1, truncated=no, start-type=ATG, RBS-motif=GGAGG
22:59:20.607 - INFO - CDS - seq=contig_11, start=4638, stop=5414, strand=-, frame=2, truncated=no, start-type=TTG, RBS-motif=AGxAGG/AGGxGG
22:59:20.607 - INFO - CDS - seq=contig_11, start=5423, stop=6067, strand=-, frame=3, truncated=no, start-type=ATG, RBS-motif=AGGAGG
22:59:20.607 - INFO - CDS - seq=contig_11, start=6117, stop=7493, strand=-, frame=2, truncated=no, start-type=GTG, RBS-motif=GGAGG
22:59:20.607 - INFO - CDS - seq=contig_11, start=7605, stop=8207, strand=-, frame=2, truncated=no, start-type=ATG, RBS-motif=AGGA
22:59:20.607 - INFO - CDS - seq=contig_11, start=8209, stop=8946, strand=-, frame=1, truncated=no, start-type=ATG, RBS-motif=AGxAGG/AGGxGG
22:59:20.607 - INFO - CDS - seq=contig_11, start=8943, stop=10010, strand=-, frame=2, truncated=no, start-type=GTG, RBS-motif=AGGAGG
22:59:20.607 - INFO - CDS - seq=contig_11, start=10314, stop=10628, strand=-, frame=2, truncated=no, start-type=ATG, RBS-motif=AGGAG
22:59:20.607 - INFO - CDS - seq=contig_11, start=10747, stop=12087, strand=+, frame=1, truncated=no, start-type=ATG, RBS-motif=AGGAG
22:59:20.607 - INFO - CDS - seq=contig_11, start=12226, stop=13629, strand=+, frame=1, truncated=no, start-type=ATG, RBS-motif=AGxAGG/AGGxGG
22:59:20.607 - INFO - CDS - seq=contig_11, start=13742, stop=14494, strand=+, frame=2, truncated=no, start-type=ATG, RBS-motif=AGGA
22:59:20.607 - INFO - CDS - seq=contig_11, start=14501, stop=15184, strand=-, frame=3, truncated=no, start-type=ATG, RBS-motif=AGGAG
22:59:20.608 - INFO - CDS - seq=contig_11, start=15486, stop=18269, strand=+, frame=3, truncated=no, start-type=TTG, RBS-motif=AGxAGG/AGGxGG
22:59:20.608 - INFO - CDS - seq=contig_11, start=18394, stop=19395, strand=-, frame=1, truncated=no, start-type=TTG, RBS-motif=AGGAG
22:59:20.608 - INFO - CDS - seq=contig_11, start=19703, stop=20806, strand=+, frame=2, truncated=no, start-type=ATG, RBS-motif=AGGAGG
22:59:20.608 - INFO - CDS - seq=contig_11, start=20900, stop=21421, strand=-, frame=3, truncated=no, start-type=ATG, RBS-motif=AGGAG
22:59:20.608 - INFO - CDS - seq=contig_11, start=21647, stop=22174, strand=-, frame=3, truncated=no, start-type=ATG, RBS-motif=AGxAGG/AGGxGG
22:59:20.608 - INFO - CDS - seq=contig_11, start=22189, stop=22617, strand=-, frame=1, truncated=no, start-type=ATG, RBS-motif=AGGAGG
22:59:20.608 - INFO - CDS - seq=contig_11, start=22901, stop=23785, strand=+, frame=2, truncated=no, start-type=GTG, RBS-motif=AGGAGG
22:59:20.608 - INFO - CDS - seq=contig_11, start=23846, stop=24748, strand=+, frame=2, truncated=no, start-type=ATG, RBS-motif=AGGAG
22:59:20.608 - INFO - CDS - seq=contig_11, start=24834, stop=25319, strand=-, frame=2, truncated=no, start-type=ATG, RBS-motif=AGGAG
22:59:20.608 - INFO - CDS - seq=contig_11, start=25643, stop=26380, strand=+, frame=2, truncated=no, start-type=ATG, RBS-motif=GGAGG
22:59:20.608 - INFO - CDS - seq=contig_11, start=26443, stop=26967, strand=-, frame=1, truncated=no, start-type=ATG, RBS-motif=GGAGG
22:59:20.608 - INFO - CDS - seq=contig_11, start=26964, stop=28418, strand=-, frame=2, truncated=no, start-type=ATG, RBS-motif=AGGAG
22:59:20.608 - INFO - CDS - seq=contig_11, start=28862, stop=29356, strand=+, frame=2, truncated=no, start-type=ATG, RBS-motif=AGGAGG
22:59:20.608 - INFO - CDS - seq=contig_11, start=29498, stop=30769, strand=-, frame=3, truncated=no, start-type=ATG, RBS-motif=3Base/5BMM
22:59:20.608 - INFO - CDS - seq=contig_11, start=30766, stop=31011, strand=-, frame=1, truncated=no, start-type=ATG, RBS-motif=GGAG/GAGG
22:59:20.608 - INFO - CDS - seq=contig_11, start=31080, stop=32297, strand=-, frame=2, truncated=no, start-type=ATG, RBS-motif=GGAG/GAGG
22:59:20.608 - INFO - CDS - seq=contig_11, start=32297, stop=33817, strand=-, frame=3, truncated=no, start-type=ATG, RBS-motif=AGGAGG
22:59:20.608 - INFO - CDS - seq=contig_11, start=33885, stop=34034, strand=-, frame=2, truncated=no, start-type=ATG, RBS-motif=GGxGG
22:59:20.608 - INFO - CDS - seq=contig_11, start=34532, stop=34843, strand=-, frame=3, truncated=no, start-type=ATG, RBS-motif=AGGAGG
22:59:20.608 - INFO - CDS - seq=contig_11, start=34910, stop=37270, strand=-, frame=3, truncated=no, start-type=ATG, RBS-motif=AGGAG
22:59:20.608 - INFO - CDS - seq=contig_11, start=37339, stop=37872, strand=-, frame=1, truncated=no, start-type=TTG, RBS-motif=GGxGG
22:59:20.608 - INFO - CDS - seq=contig_11, start=37885, stop=38130, strand=-, frame=1, truncated=no, start-type=ATG, RBS-motif=GGAGG
22:59:20.608 - INFO - CDS - seq=contig_11, start=38492, stop=38812, strand=-, frame=3, truncated=no, start-type=ATG, RBS-motif=AGGAG
22:59:20.608 - INFO - CDS - seq=contig_11, start=38862, stop=39296, strand=-, frame=2, truncated=no, start-type=ATG, RBS-motif=AGGAG
22:59:20.608 - INFO - CDS - seq=contig_11, start=39296, stop=39556, strand=-, frame=3, truncated=no, start-type=ATG, RBS-motif=GGAG/GAGG
22:59:20.608 - INFO - CDS - seq=contig_11, start=39692, stop=39853, strand=-, frame=3, truncated=no, start-type=ATG, RBS-motif=AGxAGG/AGGxGG
22:59:20.609 - INFO - CDS - seq=contig_11, start=40020, stop=42665, strand=-, frame=2, truncated=no, start-type=ATG, RBS-motif=AGGAGG
22:59:20.609 - INFO - CDS - seq=contig_11, start=43108, stop=44043, strand=-, frame=1, truncated=no, start-type=ATG, RBS-motif=GGAG/GAGG
22:59:20.609 - INFO - CDS - seq=contig_11, start=44048, stop=45394, strand=-, frame=3, truncated=no, start-type=ATG, RBS-motif=AGGA/GGAG/GAGG
22:59:20.609 - INFO - CDS - seq=contig_11, start=45400, stop=46356, strand=-, frame=1, truncated=no, start-type=ATG, RBS-motif=AGGA/GGAG/GAGG
22:59:20.609 - INFO - CDS - seq=contig_11, start=46363, stop=47676, strand=-, frame=1, truncated=no, start-type=ATG, RBS-motif=None
22:59:20.609 - INFO - CDS - seq=contig_11, start=47951, stop=49054, strand=-, frame=3, truncated=no, start-type=ATG, RBS-motif=GGA/GAG/AGG
22:59:20.609 - INFO - CDS - seq=contig_11, start=49258, stop=50745, strand=-, frame=1, truncated=no, start-type=ATG, RBS-motif=AGxAGG/AGGxGG
22:59:20.609 - INFO - CDS - seq=contig_11, start=50775, stop=51419, strand=-, frame=2, truncated=no, start-type=ATG, RBS-motif=AGGA
22:59:20.609 - INFO - CDS - seq=contig_11, start=51582, stop=54188, strand=-, frame=2, truncated=no, start-type=ATG, RBS-motif=GGAGG
22:59:20.609 - INFO - CDS - seq=contig_11, start=54554, stop=54973, strand=-, frame=3, truncated=no, start-type=TTG, RBS-motif=GGAG/GAGG
22:59:20.609 - INFO - CDS - seq=contig_11, start=55044, stop=56186, strand=-, frame=2, truncated=no, start-type=ATG, RBS-motif=AGGAG
22:59:20.609 - INFO - CDS - seq=contig_11, start=56707, stop=57780, strand=-, frame=1, truncated=no, start-type=ATG, RBS-motif=GGA/GAG/AGG
22:59:20.609 - INFO - CDS - seq=contig_11, start=58087, stop=59103, strand=-, frame=1, truncated=no, start-type=TTG, RBS-motif=GGAG/GAGG
22:59:20.609 - INFO - CDS - seq=contig_11, start=59214, stop=59810, strand=-, frame=2, truncated=no, start-type=ATG, RBS-motif=GGAG/GAGG
22:59:20.609 - INFO - CDS - seq=contig_11, start=59903, stop=60499, strand=+, frame=2, truncated=no, start-type=ATG, RBS-motif=GGAG/GAGG
22:59:20.609 - INFO - CDS - seq=contig_11, start=399, stop=758, strand=-, nt=[TTGACTGGCA..TCACAAATGA]
22:59:20.609 - INFO - CDS - seq=contig_11, start=846, stop=1430, strand=-, nt=[ATGGATTACC..TGAAGACTAA]
22:59:20.609 - INFO - CDS - seq=contig_11, start=1654, stop=2640, strand=+, nt=[ATGTCAGTGC..GTATCATTAA]
22:59:20.609 - INFO - CDS - seq=contig_11, start=2679, stop=3182, strand=+, nt=[ATGACGAATG..CATTTATTGA]
22:59:20.609 - INFO - CDS - seq=contig_11, start=3268, stop=3921, strand=+, nt=[ATGACCCAAC..TGAGCGCTGA]
22:59:20.609 - INFO - CDS - seq=contig_11, start=4009, stop=4632, strand=-, nt=[ATGAAGCGTA..GGTGGCATGA]
22:59:20.609 - INFO - CDS - seq=contig_11, start=4638, stop=5414, strand=-, nt=[TTGAAGTATA..GGAGGTTTAA]
22:59:20.609 - INFO - CDS - seq=contig_11, start=5423, stop=6067, strand=-, nt=[ATGGGCGAAC..TAAGAAGTAG]
22:59:20.609 - INFO - CDS - seq=contig_11, start=6117, stop=7493, strand=-, nt=[GTGGAAAAGT..TCCATTATGA]
22:59:20.609 - INFO - CDS - seq=contig_11, start=7605, stop=8207, strand=-, nt=[ATGCAGTATT..AAATCGATGA]
22:59:20.609 - INFO - CDS - seq=contig_11, start=8209, stop=8946, strand=-, nt=[ATGAATGCAA..AAAGGAATAA]
22:59:20.609 - INFO - CDS - seq=contig_11, start=8943, stop=10010, strand=-, nt=[GTGAAGTATT..GGCAGCATGA]
22:59:20.609 - INFO - CDS - seq=contig_11, start=10314, stop=10628, strand=-, nt=[ATGGCTGATA..TGTTGGATGA]
22:59:20.609 - INFO - CDS - seq=contig_11, start=10747, stop=12087, strand=+, nt=[ATGGGCAAGC..CATCGGTTAA]
22:59:20.609 - INFO - CDS - seq=contig_11, start=12226, stop=13629, strand=+, nt=[ATGACGATTA..GGTCAAGTAA]
22:59:20.609 - INFO - CDS - seq=contig_11, start=13742, stop=14494, strand=+, nt=[ATGTTTGAAC..AACAGTCTAA]
22:59:20.609 - INFO - CDS - seq=contig_11, start=14501, stop=15184, strand=-, nt=[ATGTATCGGA..GCTTAACTGA]
22:59:20.609 - INFO - CDS - seq=contig_11, start=15486, stop=18269, strand=+, nt=[TTGAAGAAGT..CGGTCAGTAA]
22:59:20.610 - INFO - CDS - seq=contig_11, start=18394, stop=19395, strand=-, nt=[TTGGAAAAGC..AACGAAATAA]
22:59:20.610 - INFO - CDS - seq=contig_11, start=19703, stop=20806, strand=+, nt=[ATGAATGAAC..TAACGGCTAG]
22:59:20.610 - INFO - CDS - seq=contig_11, start=20900, stop=21421, strand=-, nt=[ATGCTGAACA..GCAGAGGTAG]
22:59:20.610 - INFO - CDS - seq=contig_11, start=21647, stop=22174, strand=-, nt=[ATGGCTAAAA..TGATAAGTAA]
22:59:20.610 - INFO - CDS - seq=contig_11, start=22189, stop=22617, strand=-, nt=[ATGTCAGGTG..CGATCAATAG]
22:59:20.610 - INFO - CDS - seq=contig_11, start=22901, stop=23785, strand=+, nt=[GTGATACACA..TGGTTCATGA]
22:59:20.610 - INFO - CDS - seq=contig_11, start=23846, stop=24748, strand=+, nt=[ATGCTAAATT..GAAAAAATAA]
22:59:20.610 - INFO - CDS - seq=contig_11, start=24834, stop=25319, strand=-, nt=[ATGTTAAATC..AGAATCTTAA]
22:59:20.610 - INFO - CDS - seq=contig_11, start=25643, stop=26380, strand=+, nt=[ATGACATACG..CAAAGGCTAG]
22:59:20.610 - INFO - CDS - seq=contig_11, start=26443, stop=26967, strand=-, nt=[ATGAAAATTT..GCACGATTAA]
22:59:20.610 - INFO - CDS - seq=contig_11, start=26964, stop=28418, strand=-, nt=[ATGAACAAGC..AAACGGATGA]
22:59:20.610 - INFO - CDS - seq=contig_11, start=28862, stop=29356, strand=+, nt=[ATGGCAAAAT..CAAAAAATAG]
22:59:20.610 - INFO - CDS - seq=contig_11, start=29498, stop=30769, strand=-, nt=[ATGAAAAAAC..CTTGAACTAA]
22:59:20.610 - INFO - CDS - seq=contig_11, start=30766, stop=31011, strand=-, nt=[ATGGCTGACG..AGCACAATGA]
22:59:20.610 - INFO - CDS - seq=contig_11, start=31080, stop=32297, strand=-, nt=[ATGCTGAACT..GTTCCATTAA]
22:59:20.610 - INFO - CDS - seq=contig_11, start=32297, stop=33817, strand=-, nt=[ATGATCGATA..AAATCATTAA]
22:59:20.610 - INFO - CDS - seq=contig_11, start=33885, stop=34034, strand=-, nt=[ATGTTCGCAA..CGAGTTCTAA]
22:59:20.610 - INFO - CDS - seq=contig_11, start=34532, stop=34843, strand=-, nt=[ATGGTTCAAG..TACGGCTTAA]
22:59:20.610 - INFO - CDS - seq=contig_11, start=34910, stop=37270, strand=-, nt=[ATGAATGAAA..CTTTAAGTAG]
22:59:20.610 - INFO - CDS - seq=contig_11, start=37339, stop=37872, strand=-, nt=[TTGATTTCAT..ATGGCTATGA]
22:59:20.610 - INFO - CDS - seq=contig_11, start=37885, stop=38130, strand=-, nt=[ATGAGCGAAG..GGAAGAGTAG]
22:59:20.610 - INFO - CDS - seq=contig_11, start=38492, stop=38812, strand=-, nt=[ATGGCAAATA..GAAAGATTAA]
22:59:20.610 - INFO - CDS - seq=contig_11, start=38862, stop=39296, strand=-, nt=[ATGCGCTTGA..CAAGCAATAA]
22:59:20.610 - INFO - CDS - seq=contig_11, start=39296, stop=39556, strand=-, nt=[ATGAGCACAT..GCAAGCTTAA]
22:59:20.610 - INFO - CDS - seq=contig_11, start=39692, stop=39853, strand=-, nt=[ATGAACAGGT..AGGCCATTAA]
22:59:20.610 - INFO - CDS - seq=contig_11, start=40020, stop=42665, strand=-, nt=[ATGAAAAAAA..AAAGGCTTAG]
22:59:20.610 - INFO - CDS - seq=contig_11, start=43108, stop=44043, strand=-, nt=[ATGGCAGTCA..GATGGATTGA]
22:59:20.610 - INFO - CDS - seq=contig_11, start=44048, stop=45394, strand=-, nt=[ATGGAGAATC..ACGAGGGTGA]
22:59:20.610 - INFO - CDS - seq=contig_11, start=45400, stop=46356, strand=-, nt=[ATGATTCAAA..AGGAAAGTAG]
22:59:20.610 - INFO - CDS - seq=contig_11, start=46363, stop=47676, strand=-, nt=[ATGGCGACAA..AAGGAATTGA]
22:59:20.610 - INFO - CDS - seq=contig_11, start=47951, stop=49054, strand=-, nt=[ATGGCGTTAT..ACCGTTGTGA]
22:59:20.610 - INFO - CDS - seq=contig_11, start=49258, stop=50745, strand=-, nt=[ATGCCAGAAG..GGCGGACTAG]
22:59:20.610 - INFO - CDS - seq=contig_11, start=50775, stop=51419, strand=-, nt=[ATGACACCGA..CGAATTGTAA]
22:59:20.610 - INFO - CDS - seq=contig_11, start=51582, stop=54188, strand=-, nt=[ATGTTAAAGA..CACTTTCTAA]
22:59:20.610 - INFO - CDS - seq=contig_11, start=54554, stop=54973, strand=-, nt=[TTGAATGGTA..CGACAAATAG]
22:59:20.610 - INFO - CDS - seq=contig_11, start=55044, stop=56186, strand=-, nt=[ATGGAACCAG..GAATTTTTAG]
22:59:20.610 - INFO - CDS - seq=contig_11, start=56707, stop=57780, strand=-, nt=[ATGGTGCAAG..CATTTACTAA]
22:59:20.610 - INFO - CDS - seq=contig_11, start=58087, stop=59103, strand=-, nt=[TTGGCAGACG..GCAACATTAG]
22:59:20.610 - INFO - CDS - seq=contig_11, start=59214, stop=59810, strand=-, nt=[ATGTACGAGT..CAAGGCTTAG]
22:59:20.610 - INFO - CDS - seq=contig_11, start=59903, stop=60499, strand=+, nt=[ATGAATCCAA..ATTTCAATAA]
22:59:20.610 - INFO - CDS - seq=contig_12, start=160, stop=492, strand=+, frame=1, truncated=no, start-type=ATG, RBS-motif=GGA/GAG/AGG
22:59:20.610 - INFO - CDS - seq=contig_12, start=495, stop=1271, strand=+, frame=3, truncated=no, start-type=ATG, RBS-motif=GGAG/GAGG
22:59:20.610 - INFO - CDS - seq=contig_12, start=1293, stop=1751, strand=+, frame=3, truncated=no, start-type=TTG, RBS-motif=AGGAGG
22:59:20.610 - INFO - CDS - seq=contig_12, start=2427, stop=3620, strand=+, frame=3, truncated=no, start-type=ATG, RBS-motif=AGxAGG/AGGxGG
22:59:20.611 - INFO - CDS - seq=contig_12, start=3656, stop=4534, strand=+, frame=2, truncated=no, start-type=TTG, RBS-motif=AGGAG
22:59:20.611 - INFO - CDS - seq=contig_12, start=4539, stop=5489, strand=+, frame=3, truncated=no, start-type=ATG, RBS-motif=AGxAGG/AGGxGG
22:59:20.611 - INFO - CDS - seq=contig_12, start=5486, stop=6271, strand=+, frame=2, truncated=no, start-type=ATG, RBS-motif=AGGAG
22:59:20.611 - INFO - CDS - seq=contig_12, start=6264, stop=6977, strand=+, frame=3, truncated=no, start-type=ATG, RBS-motif=GGAGG
22:59:20.611 - INFO - CDS - seq=contig_12, start=7167, stop=8069, strand=-, frame=2, truncated=no, start-type=ATG, RBS-motif=GGxGG
22:59:20.611 - INFO - CDS - seq=contig_12, start=8062, stop=9378, strand=-, frame=1, truncated=no, start-type=ATG, RBS-motif=GGAG/GAGG
22:59:20.611 - INFO - CDS - seq=contig_12, start=9515, stop=10198, strand=-, frame=3, truncated=no, start-type=ATG, RBS-motif=GGAG/GAGG
22:59:20.611 - INFO - CDS - seq=contig_12, start=10549, stop=11214, strand=+, frame=1, truncated=no, start-type=ATG, RBS-motif=GGAGG
22:59:20.611 - INFO - CDS - seq=contig_12, start=11216, stop=12406, strand=+, frame=2, truncated=no, start-type=ATG, RBS-motif=AGxAGG/AGGxGG
22:59:20.611 - INFO - CDS - seq=contig_12, start=12435, stop=13151, strand=+, frame=3, truncated=no, start-type=ATG, RBS-motif=AGGAG
22:59:20.611 - INFO - CDS - seq=contig_12, start=13334, stop=14797, strand=+, frame=2, truncated=no, start-type=ATG, RBS-motif=GGAGG
22:59:20.611 - INFO - CDS - seq=contig_12, start=15572, stop=15736, strand=-, frame=3, truncated=no, start-type=ATG, RBS-motif=GGAGG
22:59:20.611 - INFO - CDS - seq=contig_12, start=15939, stop=16127, strand=-, frame=2, truncated=no, start-type=ATG, RBS-motif=AGGAG
22:59:20.611 - INFO - CDS - seq=contig_12, start=17029, stop=18393, strand=-, frame=1, truncated=no, start-type=ATG, RBS-motif=AGGAG
22:59:20.611 - INFO - CDS - seq=contig_12, start=18574, stop=19422, strand=-, frame=1, truncated=no, start-type=ATG, RBS-motif=GGA/GAG/AGG
22:59:20.611 - INFO - CDS - seq=contig_12, start=19419, stop=20099, strand=-, frame=2, truncated=no, start-type=ATG, RBS-motif=GGAGG
22:59:20.611 - INFO - CDS - seq=contig_12, start=20077, stop=22461, strand=-, frame=1, truncated=no, start-type=ATG, RBS-motif=AGxAGG/AGGxGG
22:59:20.611 - INFO - CDS - seq=contig_12, start=22766, stop=24055, strand=+, frame=2, truncated=no, start-type=ATG, RBS-motif=GGAG/GAGG
22:59:20.611 - INFO - CDS - seq=contig_12, start=24178, stop=24873, strand=+, frame=1, truncated=no, start-type=ATG, RBS-motif=AGGAG
22:59:20.611 - INFO - CDS - seq=contig_12, start=25130, stop=26839, strand=+, frame=2, truncated=no, start-type=TTG, RBS-motif=AGGAGG
22:59:20.611 - INFO - CDS - seq=contig_12, start=27220, stop=28239, strand=+, frame=1, truncated=no, start-type=ATG, RBS-motif=GGAG/GAGG
22:59:20.611 - INFO - CDS - seq=contig_12, start=28601, stop=29317, strand=+, frame=2, truncated=no, start-type=ATG, RBS-motif=GGAGG
22:59:20.611 - INFO - CDS - seq=contig_12, start=29386, stop=30567, strand=+, frame=1, truncated=no, start-type=TTG, RBS-motif=AGGAGG
22:59:20.611 - INFO - CDS - seq=contig_12, start=30626, stop=31786, strand=+, frame=2, truncated=no, start-type=ATG, RBS-motif=AGGAGG
22:59:20.611 - INFO - CDS - seq=contig_12, start=31886, stop=33682, strand=+, frame=2, truncated=no, start-type=ATG, RBS-motif=AGGAGG
22:59:20.612 - INFO - CDS - seq=contig_12, start=33685, stop=34167, strand=+, frame=1, truncated=no, start-type=ATG, RBS-motif=AGGAGG
22:59:20.612 - INFO - CDS - seq=contig_12, start=34180, stop=35097, strand=+, frame=1, truncated=no, start-type=ATG, RBS-motif=AGxAGG/AGGxGG
22:59:20.612 - INFO - CDS - seq=contig_12, start=35084, stop=35905, strand=+, frame=2, truncated=no, start-type=ATG, RBS-motif=AGxAGG/AGGxGG
22:59:20.612 - INFO - CDS - seq=contig_12, start=35942, stop=36322, strand=+, frame=2, truncated=no, start-type=ATG, RBS-motif=AGGAG
22:59:20.612 - INFO - CDS - seq=contig_12, start=36588, stop=37829, strand=+, frame=3, truncated=no, start-type=ATG, RBS-motif=AGxAGG/AGGxGG
22:59:20.612 - INFO - CDS - seq=contig_12, start=37949, stop=39151, strand=-, frame=3, truncated=no, start-type=ATG, RBS-motif=GGAGG
22:59:20.612 - INFO - CDS - seq=contig_12, start=39138, stop=40217, strand=-, frame=2, truncated=no, start-type=ATG, RBS-motif=AGGAGG
22:59:20.612 - INFO - CDS - seq=contig_12, start=40385, stop=41710, strand=-, frame=3, truncated=no, start-type=ATG, RBS-motif=GGAG/GAGG
22:59:20.612 - INFO - CDS - seq=contig_12, start=41747, stop=42085, strand=-, frame=3, truncated=no, start-type=ATG, RBS-motif=AGGAGG
22:59:20.612 - INFO - CDS - seq=contig_12, start=42142, stop=42474, strand=-, frame=1, truncated=no, start-type=ATG, RBS-motif=AGGAG
22:59:20.612 - INFO - CDS - seq=contig_12, start=42629, stop=43669, strand=-, frame=3, truncated=no, start-type=ATG, RBS-motif=AGGAG
22:59:20.612 - INFO - CDS - seq=contig_12, start=43654, stop=45447, strand=-, frame=1, truncated=no, start-type=TTG, RBS-motif=GGAGG
22:59:20.612 - INFO - CDS - seq=contig_12, start=45876, stop=47123, strand=-, frame=2, truncated=no, start-type=TTG, RBS-motif=GGA/GAG/AGG
22:59:20.612 - INFO - CDS - seq=contig_12, start=47239, stop=48879, strand=+, frame=1, truncated=no, start-type=ATG, RBS-motif=GGAGG
22:59:20.612 - INFO - CDS - seq=contig_12, start=49115, stop=49756, strand=-, frame=3, truncated=no, start-type=ATG, RBS-motif=AGGAGG
22:59:20.612 - INFO - CDS - seq=contig_12, start=50027, stop=50275, strand=+, frame=2, truncated=no, start-type=ATG, RBS-motif=AGxAGG/AGGxGG
22:59:20.612 - INFO - CDS - seq=contig_12, start=160, stop=492, strand=+, nt=[ATGGAAGGGG..TGAGGCGTAG]
22:59:20.612 - INFO - CDS - seq=contig_12, start=495, stop=1271, strand=+, nt=[ATGACACATT..GTTCTTCTAA]
22:59:20.612 - INFO - CDS - seq=contig_12, start=1293, stop=1751, strand=+, nt=[TTGCAGTGGT..GAAAAAGTGA]
22:59:20.612 - INFO - CDS - seq=contig_12, start=2427, stop=3620, strand=+, nt=[ATGAAGAAGC..CGTTAAGTAA]
22:59:20.612 - INFO - CDS - seq=contig_12, start=3656, stop=4534, strand=+, nt=[TTGCAAACCT..GAAGGTGTGA]
22:59:20.612 - INFO - CDS - seq=contig_12, start=4539, stop=5489, strand=+, nt=[ATGTTTAAAA..AGCATCATGA]
22:59:20.612 - INFO - CDS - seq=contig_12, start=5486, stop=6271, strand=+, nt=[ATGACGCAAC..CCATGCTTGA]
22:59:20.612 - INFO - CDS - seq=contig_12, start=6264, stop=6977, strand=+, nt=[ATGCTTGAGG..AGTGCCTTAG]
22:59:20.612 - INFO - CDS - seq=contig_12, start=7167, stop=8069, strand=-, nt=[ATGATTAAAC..GAATCCTTAA]
22:59:20.612 - INFO - CDS - seq=contig_12, start=8062, stop=9378, strand=-, nt=[ATGAGCAATC..TCATGATTAA]
22:59:20.612 - INFO - CDS - seq=contig_12, start=9515, stop=10198, strand=-, nt=[ATGACGAACA..GAAATCGTAA]
22:59:20.612 - INFO - CDS - seq=contig_12, start=10549, stop=11214, strand=+, nt=[ATGGCAAAAC..CGAAGCATAA]
22:59:20.612 - INFO - CDS - seq=contig_12, start=11216, stop=12406, strand=+, nt=[ATGGCATTTG..GCTTAAATAA]
22:59:20.612 - INFO - CDS - seq=contig_12, start=12435, stop=13151, strand=+, nt=[ATGAGCACAC..TGATCGTTAG]
22:59:20.612 - INFO - CDS - seq=contig_12, start=13334, stop=14797, strand=+, nt=[ATGGTAGATG..TTCACTATAA]
22:59:20.612 - INFO - CDS - seq=contig_12, start=15572, stop=15736, strand=-, nt=[ATGAATCAAA..GGTTAAGTAA]
22:59:20.613 - INFO - CDS - seq=contig_12, start=15939, stop=16127, strand=-, nt=[ATGTTGGAAA..AACTGTATAA]
22:59:20.613 - INFO - CDS - seq=contig_12, start=17029, stop=18393, strand=-, nt=[ATGAAAGTTC..GGTAGCTTAA]
22:59:20.613 - INFO - CDS - seq=contig_12, start=18574, stop=19422, strand=-, nt=[ATGAAGTATT..GCGACATTAA]
22:59:20.613 - INFO - CDS - seq=contig_12, start=19419, stop=20099, strand=-, nt=[ATGAAAACAC..CAACAGATGA]
22:59:20.613 - INFO - CDS - seq=contig_12, start=20077, stop=22461, strand=-, nt=[ATGGCAAACA..TCACGCTTGA]
22:59:20.613 - INFO - CDS - seq=contig_12, start=22766, stop=24055, strand=+, nt=[ATGAAAAAGA..AAATAAATAA]
22:59:20.613 - INFO - CDS - seq=contig_12, start=24178, stop=24873, strand=+, nt=[ATGGAAATCA..TAAGAAATAA]
22:59:20.613 - INFO - CDS - seq=contig_12, start=25130, stop=26839, strand=+, nt=[TTGAAGAAGC..GGCCGTCTAA]
22:59:20.613 - INFO - CDS - seq=contig_12, start=27220, stop=28239, strand=+, nt=[ATGCGGATTT..AGACGCATAA]
22:59:20.613 - INFO - CDS - seq=contig_12, start=28601, stop=29317, strand=+, nt=[ATGGAAAAGG..TAATCACTAG]
22:59:20.613 - INFO - CDS - seq=contig_12, start=29386, stop=30567, strand=+, nt=[TTGTTCGAAA..TAAAGAATAG]
22:59:20.613 - INFO - CDS - seq=contig_12, start=30626, stop=31786, strand=+, nt=[ATGAGTTACT..TGAGGCATGA]
22:59:20.613 - INFO - CDS - seq=contig_12, start=31886, stop=33682, strand=+, nt=[ATGACGACCT..GGAGGAATAA]
22:59:20.613 - INFO - CDS - seq=contig_12, start=33685, stop=34167, strand=+, nt=[ATGGCTATTA..AAAAGGATAG]
22:59:20.613 - INFO - CDS - seq=contig_12, start=34180, stop=35097, strand=+, nt=[ATGATTGCAT..TGAACTCTAA]
22:59:20.613 - INFO - CDS - seq=contig_12, start=35084, stop=35905, strand=+, nt=[ATGATGAACT..TAAGGGTTAA]
22:59:20.613 - INFO - CDS - seq=contig_12, start=35942, stop=36322, strand=+, nt=[ATGAGTAAAT..GAAGCATTAA]
22:59:20.613 - INFO - CDS - seq=contig_12, start=36588, stop=37829, strand=+, nt=[ATGGACGACA..GGCTGAATAA]
22:59:20.613 - INFO - CDS - seq=contig_12, start=37949, stop=39151, strand=-, nt=[ATGAGTCAGT..CCCAAAATAG]
22:59:20.613 - INFO - CDS - seq=contig_12, start=39138, stop=40217, strand=-, nt=[ATGACACATT..GTCAGTTTGA]
22:59:20.613 - INFO - CDS - seq=contig_12, start=40385, stop=41710, strand=-, nt=[ATGTTCAGTC..AGACTTCTAG]
22:59:20.613 - INFO - CDS - seq=contig_12, start=41747, stop=42085, strand=-, nt=[ATGCGAATTC..CGCTGGCTAA]
22:59:20.613 - INFO - CDS - seq=contig_12, start=42142, stop=42474, strand=-, nt=[ATGGCAACGA..CAATGTGTGA]
22:59:20.613 - INFO - CDS - seq=contig_12, start=42629, stop=43669, strand=-, nt=[ATGGATTTAC..TTCATTTTGA]
22:59:20.613 - INFO - CDS - seq=contig_12, start=43654, stop=45447, strand=-, nt=[TTGCGTGAAC..TTACAACTGA]
22:59:20.613 - INFO - CDS - seq=contig_12, start=45876, stop=47123, strand=-, nt=[TTGACAATAC..GGTTGGCTAA]
22:59:20.613 - INFO - CDS - seq=contig_12, start=47239, stop=48879, strand=+, nt=[ATGTTTAAGT..TATCAAGTAG]
22:59:20.613 - INFO - CDS - seq=contig_12, start=49115, stop=49756, strand=-, nt=[ATGATAACCA..AAAGTCGTGA]
22:59:20.613 - INFO - CDS - seq=contig_12, start=50027, stop=50275, strand=+, nt=[ATGGGGAAAC..CGGCTTTTAG]
22:59:20.613 - INFO - CDS - seq=contig_13, start=45, stop=275, strand=+, frame=3, truncated=no, start-type=GTG, RBS-motif=None
22:59:20.613 - INFO - CDS - seq=contig_13, start=286, stop=1470, strand=+, frame=1, truncated=no, start-type=ATG, RBS-motif=AGGAGG
22:59:20.613 - INFO - CDS - seq=contig_13, start=1976, stop=2767, strand=-, frame=3, truncated=no, start-type=ATG, RBS-motif=AGGAG
22:59:20.613 - INFO - CDS - seq=contig_13, start=2789, stop=3226, strand=-, frame=3, truncated=no, start-type=ATG, RBS-motif=AGGAGG
22:59:20.613 - INFO - CDS - seq=contig_13, start=3438, stop=3677, strand=-, frame=2, truncated=no, start-type=ATG, RBS-motif=AGxAG
22:59:20.613 - INFO - CDS - seq=contig_13, start=3930, stop=4073, strand=-, frame=2, truncated=no, start-type=ATG, RBS-motif=AGGAGG
22:59:20.613 - INFO - CDS - seq=contig_13, start=4338, stop=4625, strand=-, frame=2, truncated=no, start-type=ATG, RBS-motif=GGAGG
22:59:20.613 - INFO - CDS - seq=contig_13, start=4808, stop=5338, strand=-, frame=3, truncated=no, start-type=ATG, RBS-motif=GGAGG
22:59:20.613 - INFO - CDS - seq=contig_13, start=5419, stop=6270, strand=-, frame=1, truncated=no, start-type=ATG, RBS-motif=GGA/GAG/AGG
22:59:20.613 - INFO - CDS - seq=contig_13, start=6267, stop=7013, strand=-, frame=2, truncated=no, start-type=ATG, RBS-motif=GGAGG
22:59:20.613 - INFO - CDS - seq=contig_13, start=7149, stop=8312, strand=-, frame=2, truncated=no, start-type=GTG, RBS-motif=AGGAGG
22:59:20.614 - INFO - CDS - seq=contig_13, start=8699, stop=9616, strand=+, frame=2, truncated=no, start-type=ATG, RBS-motif=GGA/GAG/AGG
22:59:20.614 - INFO - CDS - seq=contig_13, start=9729, stop=10196, strand=+, frame=3, truncated=no, start-type=ATG, RBS-motif=GGAGG
22:59:20.614 - INFO - CDS - seq=contig_13, start=11092, stop=11574, strand=-, frame=1, truncated=no, start-type=ATG, RBS-motif=AGGAGG
22:59:20.614 - INFO - CDS - seq=contig_13, start=11775, stop=11921, strand=+, frame=3, truncated=no, start-type=ATG, RBS-motif=GGAG/GAGG
22:59:20.614 - INFO - CDS - seq=contig_13, start=12104, stop=13297, strand=-, frame=3, truncated=no, start-type=TTG, RBS-motif=AGxAGG/AGGxGG
22:59:20.614 - INFO - CDS - seq=contig_13, start=13502, stop=14104, strand=-, frame=3, truncated=no, start-type=ATG, RBS-motif=AGGAGG
22:59:20.614 - INFO - CDS - seq=contig_13, start=14223, stop=15653, strand=-, frame=2, truncated=no, start-type=ATG, RBS-motif=GGAG/GAGG
22:59:20.614 - INFO - CDS - seq=contig_13, start=16111, stop=16446, strand=-, frame=1, truncated=no, start-type=GTG, RBS-motif=GGAGG
22:59:20.614 - INFO - CDS - seq=contig_13, start=16597, stop=17319, strand=+, frame=1, truncated=no, start-type=ATG, RBS-motif=AGGAG
22:59:20.614 - INFO - CDS - seq=contig_13, start=17503, stop=18153, strand=+, frame=1, truncated=no, start-type=ATG, RBS-motif=AGGAGG
22:59:20.614 - INFO - CDS - seq=contig_13, start=18210, stop=19940, strand=+, frame=3, truncated=no, start-type=ATG, RBS-motif=AGGAGG
22:59:20.614 - INFO - CDS - seq=contig_13, start=19940, stop=21826, strand=+, frame=2, truncated=no, start-type=ATG, RBS-motif=AGGAG
22:59:20.614 - INFO - CDS - seq=contig_13, start=22230, stop=22988, strand=-, frame=2, truncated=no, start-type=ATG, RBS-motif=GGA/GAG/AGG
22:59:20.614 - INFO - CDS - seq=contig_13, start=23249, stop=24115, strand=+, frame=2, truncated=no, start-type=ATG, RBS-motif=AGGAG
22:59:20.614 - INFO - CDS - seq=contig_13, start=24154, stop=25161, strand=+, frame=1, truncated=no, start-type=ATG, RBS-motif=AGxAGG/AGGxGG
22:59:20.614 - INFO - CDS - seq=contig_13, start=25529, stop=26881, strand=-, frame=3, truncated=no, start-type=GTG, RBS-motif=GGAG/GAGG
22:59:20.614 - INFO - CDS - seq=contig_13, start=27009, stop=27599, strand=+, frame=3, truncated=no, start-type=ATG, RBS-motif=GGAGG
22:59:20.614 - INFO - CDS - seq=contig_13, start=27697, stop=28776, strand=+, frame=1, truncated=no, start-type=ATG, RBS-motif=AGGAG
22:59:20.614 - INFO - CDS - seq=contig_13, start=28769, stop=29599, strand=+, frame=2, truncated=no, start-type=ATG, RBS-motif=GGA/GAG/AGG
22:59:20.614 - INFO - CDS - seq=contig_13, start=29697, stop=30698, strand=+, frame=3, truncated=no, start-type=TTG, RBS-motif=GGAGG
22:59:20.614 - INFO - CDS - seq=contig_13, start=30968, stop=32200, strand=+, frame=2, truncated=no, start-type=ATG, RBS-motif=AGGAGG
22:59:20.614 - INFO - CDS - seq=contig_13, start=32361, stop=32990, strand=+, frame=3, truncated=no, start-type=ATG, RBS-motif=AGGAGG
22:59:20.615 - INFO - CDS - seq=contig_13, start=33293, stop=34003, strand=+, frame=2, truncated=no, start-type=GTG, RBS-motif=AGGAGG
22:59:20.615 - INFO - CDS - seq=contig_13, start=34026, stop=34238, strand=+, frame=3, truncated=no, start-type=ATG, RBS-motif=AGGAGG
22:59:20.615 - INFO - CDS - seq=contig_13, start=34273, stop=34761, strand=+, frame=1, truncated=no, start-type=ATG, RBS-motif=GGAG/GAGG
22:59:20.615 - INFO - CDS - seq=contig_13, start=34748, stop=35293, strand=+, frame=2, truncated=no, start-type=ATG, RBS-motif=GGA/GAG/AGG
22:59:20.615 - INFO - CDS - seq=contig_13, start=35319, stop=36848, strand=+, frame=3, truncated=no, start-type=ATG, RBS-motif=GGAG/GAGG
22:59:20.615 - INFO - CDS - seq=contig_13, start=36860, stop=37786, strand=+, frame=2, truncated=no, start-type=ATG, RBS-motif=AGGAGG
22:59:20.615 - INFO - CDS - seq=contig_13, start=38100, stop=39566, strand=+, frame=3, truncated=no, start-type=ATG, RBS-motif=AGGAGG
22:59:20.615 - INFO - CDS - seq=contig_13, start=39581, stop=40012, strand=+, frame=2, truncated=no, start-type=TTG, RBS-motif=AGGAGG
22:59:20.615 - INFO - CDS - seq=contig_13, start=40196, stop=40432, strand=+, frame=2, truncated=no, start-type=ATG, RBS-motif=AGGA/GGAG/GAGG
22:59:20.615 - INFO - CDS - seq=contig_13, start=40442, stop=40678, strand=+, frame=2, truncated=no, start-type=ATG, RBS-motif=GGAG/GAGG
22:59:20.615 - INFO - CDS - seq=contig_13, start=40743, stop=41732, strand=+, frame=3, truncated=no, start-type=ATG, RBS-motif=AGGAG/GGAGG
22:59:20.615 - INFO - CDS - seq=contig_13, start=41742, stop=41912, strand=+, frame=3, truncated=no, start-type=ATG, RBS-motif=AGGAG
22:59:20.615 - INFO - CDS - seq=contig_13, start=41922, stop=42227, strand=+, frame=3, truncated=no, start-type=ATG, RBS-motif=AGGAG
22:59:20.615 - INFO - CDS - seq=contig_13, start=42220, stop=42441, strand=+, frame=1, truncated=no, start-type=ATG, RBS-motif=AGGAGG
22:59:20.615 - INFO - CDS - seq=contig_13, start=42739, stop=43944, strand=+, frame=1, truncated=no, start-type=GTG, RBS-motif=AGGAGG
22:59:20.615 - INFO - CDS - seq=contig_13, start=43956, stop=44255, strand=+, frame=3, truncated=no, start-type=ATG, RBS-motif=GGAG/GAGG
22:59:20.615 - INFO - CDS - seq=contig_13, start=44330, stop=45454, strand=-, frame=3, truncated=no, start-type=ATG, RBS-motif=AGGA
22:59:20.615 - INFO - CDS - seq=contig_13, start=45, stop=275, strand=+, nt=[GTGAAAGACG..ACAACAATAA]
22:59:20.615 - INFO - CDS - seq=contig_13, start=286, stop=1470, strand=+, nt=[ATGAAATTTA..TATCAGGTAA]
22:59:20.615 - INFO - CDS - seq=contig_13, start=1976, stop=2767, strand=-, nt=[ATGCTAAATG..CTCCGAATAA]
22:59:20.615 - INFO - CDS - seq=contig_13, start=2789, stop=3226, strand=-, nt=[ATGAGTTTAG..GAACAACTGA]
22:59:20.615 - INFO - CDS - seq=contig_13, start=3438, stop=3677, strand=-, nt=[ATGAACGTTA..ATCAGCTTGA]
22:59:20.615 - INFO - CDS - seq=contig_13, start=3930, stop=4073, strand=-, nt=[ATGGAGGATT..TTGTGATTGA]
22:59:20.615 - INFO - CDS - seq=contig_13, start=4338, stop=4625, strand=-, nt=[ATGAAAATCA..TGACGTCTGA]
22:59:20.615 - INFO - CDS - seq=contig_13, start=4808, stop=5338, strand=-, nt=[ATGACAAATC..GATTTTTTAG]
22:59:20.615 - INFO - CDS - seq=contig_13, start=5419, stop=6270, strand=-, nt=[ATGAGAAAAA..TAAGAATTAA]
22:59:20.615 - INFO - CDS - seq=contig_13, start=6267, stop=7013, strand=-, nt=[ATGTCAACAC..CTTACGATGA]
22:59:20.615 - INFO - CDS - seq=contig_13, start=7149, stop=8312, strand=-, nt=[GTGAAACCTG..CAAATCCTAA]
22:59:20.615 - INFO - CDS - seq=contig_13, start=8699, stop=9616, strand=+, nt=[ATGTTAACGA..CAAGGCTTAA]
22:59:20.615 - INFO - CDS - seq=contig_13, start=9729, stop=10196, strand=+, nt=[ATGTATCGAA..ACTTTATTAG]
22:59:20.615 - INFO - CDS - seq=contig_13, start=11092, stop=11574, strand=-, nt=[ATGCAAATAA..GATGAATTAG]
22:59:20.615 - INFO - CDS - seq=contig_13, start=11775, stop=11921, strand=+, nt=[ATGATGCAAT..AGCTGCATAA]
22:59:20.616 - INFO - CDS - seq=contig_13, start=12104, stop=13297, strand=-, nt=[TTGGTGCGCG..ATATCAGTAA]
22:59:20.616 - INFO - CDS - seq=contig_13, start=13502, stop=14104, strand=-, nt=[ATGTCAAAAT..TATGCATTAA]
22:59:20.616 - INFO - CDS - seq=contig_13, start=14223, stop=15653, strand=-, nt=[ATGAAAATTG..AAATCTTTAA]
22:59:20.616 - INFO - CDS - seq=contig_13, start=16111, stop=16446, strand=-, nt=[GTGATCAACG..ATTTGAATAA]
22:59:20.616 - INFO - CDS - seq=contig_13, start=16597, stop=17319, strand=+, nt=[ATGACGATAA..GCCAAAGTGA]
22:59:20.616 - INFO - CDS - seq=contig_13, start=17503, stop=18153, strand=+, nt=[ATGCCGAAAC..ACGTCATTAA]
22:59:20.616 - INFO - CDS - seq=contig_13, start=18210, stop=19940, strand=+, nt=[ATGCTTAAGC..CGAGCAATAA]
22:59:20.616 - INFO - CDS - seq=contig_13, start=19940, stop=21826, strand=+, nt=[ATGGCAGATC..TGCTATTTAG]
22:59:20.616 - INFO - CDS - seq=contig_13, start=22230, stop=22988, strand=-, nt=[ATGAAAATTT..GCGGCGCTGA]
22:59:20.616 - INFO - CDS - seq=contig_13, start=23249, stop=24115, strand=+, nt=[ATGACAGGAA..GGTGGCGTGA]
22:59:20.616 - INFO - CDS - seq=contig_13, start=24154, stop=25161, strand=+, nt=[ATGGATTTTC..TGCTGTATAA]
22:59:20.616 - INFO - CDS - seq=contig_13, start=25529, stop=26881, strand=-, nt=[GTGGCATTTT..AGGCTTTTAG]
22:59:20.616 - INFO - CDS - seq=contig_13, start=27009, stop=27599, strand=+, nt=[ATGGCCCAGC..CGCCGATTAA]
22:59:20.616 - INFO - CDS - seq=contig_13, start=27697, stop=28776, strand=+, nt=[ATGGATAAGA..CAATGTCTAA]
22:59:20.616 - INFO - CDS - seq=contig_13, start=28769, stop=29599, strand=+, nt=[ATGTCTAAAA..GCAATTCTGA]
22:59:20.616 - INFO - CDS - seq=contig_13, start=29697, stop=30698, strand=+, nt=[TTGTCAAAAC..TCAAGGATAG]
22:59:20.616 - INFO - CDS - seq=contig_13, start=30968, stop=32200, strand=+, nt=[ATGGATTTCA..TTTATCATAG]
22:59:20.616 - INFO - CDS - seq=contig_13, start=32361, stop=32990, strand=+, nt=[ATGGGCAAAT..GACAAAATGA]
22:59:20.616 - INFO - CDS - seq=contig_13, start=33293, stop=34003, strand=+, nt=[GTGAACGAAC..GTCCGAGTAA]
22:59:20.616 - INFO - CDS - seq=contig_13, start=34026, stop=34238, strand=+, nt=[ATGCAATTCA..GAGTCGTTAA]
22:59:20.616 - INFO - CDS - seq=contig_13, start=34273, stop=34761, strand=+, nt=[ATGACTTTAG..CAGTCACTAA]
22:59:20.616 - INFO - CDS - seq=contig_13, start=34748, stop=35293, strand=+, nt=[ATGGCAGTCA..GGCAGACTAA]
22:59:20.616 - INFO - CDS - seq=contig_13, start=35319, stop=36848, strand=+, nt=[ATGAGCATCA..GAAAGACTAA]
22:59:20.616 - INFO - CDS - seq=contig_13, start=36860, stop=37786, strand=+, nt=[ATGGCTGAAT..ACTAGAATAA]
22:59:20.616 - INFO - CDS - seq=contig_13, start=38100, stop=39566, strand=+, nt=[ATGCCAAATT..AGCTAACTAA]
22:59:20.616 - INFO - CDS - seq=contig_13, start=39581, stop=40012, strand=+, nt=[TTGGCTGAAA..CAGTCATTAA]
22:59:20.616 - INFO - CDS - seq=contig_13, start=40196, stop=40432, strand=+, nt=[ATGGCCAAAA..TACCTCATGA]
22:59:20.616 - INFO - CDS - seq=contig_13, start=40442, stop=40678, strand=+, nt=[ATGTTTCAGA..TTTCCTGTAA]
22:59:20.616 - INFO - CDS - seq=contig_13, start=40743, stop=41732, strand=+, nt=[ATGGCAAAAG..CCAGTACTAG]
22:59:20.616 - INFO - CDS - seq=contig_13, start=41742, stop=41912, strand=+, nt=[ATGGACTCAC..TCTGCGTTAG]
22:59:20.616 - INFO - CDS - seq=contig_13, start=41922, stop=42227, strand=+, nt=[ATGAAACAGG..TCATGGCTAA]
22:59:20.616 - INFO - CDS - seq=contig_13, start=42220, stop=42441, strand=+, nt=[ATGGCTAAGG..TCAAGGCTGA]
22:59:20.616 - INFO - CDS - seq=contig_13, start=42739, stop=43944, strand=+, nt=[GTGGAGTCAC..TTTTGAATAG]
22:59:20.616 - INFO - CDS - seq=contig_13, start=43956, stop=44255, strand=+, nt=[ATGGCAACAA..AACCAAATAG]
22:59:20.616 - INFO - CDS - seq=contig_13, start=44330, stop=45454, strand=-, nt=[ATGACAGAAC..CTTCGAATAA]
22:59:20.616 - INFO - CDS - seq=contig_14, start=186, stop=479, strand=-, frame=1, truncated=no, start-type=ATG, RBS-motif=GGAGG
22:59:20.616 - INFO - CDS - seq=contig_14, start=600, stop=2696, strand=-, frame=1, truncated=no, start-type=ATG, RBS-motif=AGGAG
22:59:20.616 - INFO - CDS - seq=contig_14, start=3045, stop=3236, strand=+, frame=3, truncated=no, start-type=ATG, RBS-motif=GGAG/GAGG
22:59:20.616 - INFO - CDS - seq=contig_14, start=3380, stop=3646, strand=+, frame=2, truncated=no, start-type=ATG, RBS-motif=AGGAG
22:59:20.616 - INFO - CDS - seq=contig_14, start=3646, stop=5373, strand=+, frame=1, truncated=no, start-type=ATG, RBS-motif=GGA/GAG/AGG
22:59:20.616 - INFO - CDS - seq=contig_14, start=5672, stop=7084, strand=+, frame=2, truncated=no, start-type=ATG, RBS-motif=AGxAGG/AGGxGG
22:59:20.616 - INFO - CDS - seq=contig_14, start=7306, stop=7911, strand=+, frame=1, truncated=no, start-type=ATG, RBS-motif=AGGAGG
22:59:20.616 - INFO - CDS - seq=contig_14, start=8196, stop=8681, strand=+, frame=3, truncated=no, start-type=ATG, RBS-motif=GGA/GAG/AGG
22:59:20.617 - INFO - CDS - seq=contig_14, start=8678, stop=9793, strand=+, frame=2, truncated=no, start-type=ATG, RBS-motif=GGAG/GAGG
22:59:20.617 - INFO - CDS - seq=contig_14, start=9787, stop=10515, strand=+, frame=1, truncated=no, start-type=ATG, RBS-motif=GGAG/GAGG
22:59:20.617 - INFO - CDS - seq=contig_14, start=10508, stop=10768, strand=+, frame=2, truncated=no, start-type=ATG, RBS-motif=AGGAG
22:59:20.617 - INFO - CDS - seq=contig_14, start=10765, stop=11451, strand=+, frame=1, truncated=no, start-type=ATG, RBS-motif=GGAGG
22:59:20.617 - INFO - CDS - seq=contig_14, start=11438, stop=13654, strand=+, frame=2, truncated=no, start-type=GTG, RBS-motif=AGGAG
22:59:20.617 - INFO - CDS - seq=contig_14, start=13630, stop=15084, strand=+, frame=1, truncated=no, start-type=ATG, RBS-motif=AGGAGG
22:59:20.617 - INFO - CDS - seq=contig_14, start=15081, stop=16091, strand=+, frame=3, truncated=no, start-type=ATG, RBS-motif=GGAGG
22:59:20.617 - INFO - CDS - seq=contig_14, start=16088, stop=16657, strand=+, frame=2, truncated=no, start-type=ATG, RBS-motif=GGA/GAG/AGG
22:59:20.617 - INFO - CDS - seq=contig_14, start=16658, stop=18181, strand=+, frame=2, truncated=no, start-type=GTG, RBS-motif=AGGAG
22:59:20.617 - INFO - CDS - seq=contig_14, start=18390, stop=19628, strand=+, frame=3, truncated=no, start-type=ATG, RBS-motif=AGGAGG
22:59:20.617 - INFO - CDS - seq=contig_14, start=19766, stop=20206, strand=+, frame=2, truncated=no, start-type=ATG, RBS-motif=GGAGG
22:59:20.617 - INFO - CDS - seq=contig_14, start=20199, stop=22445, strand=+, frame=3, truncated=no, start-type=ATG, RBS-motif=AGGAGG
22:59:20.617 - INFO - CDS - seq=contig_14, start=22645, stop=23223, strand=+, frame=1, truncated=no, start-type=ATG, RBS-motif=AGGA
22:59:20.617 - INFO - CDS - seq=contig_14, start=23372, stop=24472, strand=-, frame=2, truncated=no, start-type=ATG, RBS-motif=AGGAGG
22:59:20.617 - INFO - CDS - seq=contig_14, start=24484, stop=25158, strand=-, frame=3, truncated=no, start-type=GTG, RBS-motif=GGAG/GAGG
22:59:20.617 - INFO - CDS - seq=contig_14, start=25412, stop=26182, strand=+, frame=2, truncated=no, start-type=ATG, RBS-motif=GGAGG
22:59:20.617 - INFO - CDS - seq=contig_14, start=26166, stop=28241, strand=+, frame=3, truncated=no, start-type=GTG, RBS-motif=AGGAGG
22:59:20.617 - INFO - CDS - seq=contig_14, start=28395, stop=28901, strand=-, frame=1, truncated=no, start-type=ATG, RBS-motif=GGAGG
22:59:20.617 - INFO - CDS - seq=contig_14, start=28969, stop=29706, strand=+, frame=1, truncated=no, start-type=ATG, RBS-motif=AGGA
22:59:20.617 - INFO - CDS - seq=contig_14, start=29959, stop=30357, strand=+, frame=1, truncated=no, start-type=ATG, RBS-motif=AGGAG
22:59:20.617 - INFO - CDS - seq=contig_14, start=30637, stop=31323, strand=+, frame=1, truncated=no, start-type=ATG, RBS-motif=GGAG/GAGG
22:59:20.617 - INFO - CDS - seq=contig_14, start=31390, stop=33204, strand=-, frame=3, truncated=no, start-type=ATG, RBS-motif=4Base/6BMM
22:59:20.617 - INFO - CDS - seq=contig_14, start=33201, stop=34139, strand=-, frame=1, truncated=no, start-type=ATG, RBS-motif=AGGAG
22:59:20.617 - INFO - CDS - seq=contig_14, start=34426, stop=34608, strand=-, frame=3, truncated=no, start-type=ATG, RBS-motif=GGA/GAG/AGG
22:59:20.617 - INFO - CDS - seq=contig_14, start=34622, stop=35008, strand=-, frame=2, truncated=no, start-type=ATG, RBS-motif=AGGAG
22:59:20.617 - INFO - CDS - seq=contig_14, start=35466, stop=37148, strand=+, frame=3, truncated=no, start-type=ATG, RBS-motif=AGGAGG
22:59:20.618 - INFO - CDS - seq=contig_14, start=37319, stop=37774, strand=+, frame=2, truncated=no, start-type=ATG, RBS-motif=GGAGG
22:59:20.618 - INFO - CDS - seq=contig_14, start=37908, stop=38741, strand=-, frame=1, truncated=no, start-type=TTG, RBS-motif=GGAG/GAGG
22:59:20.618 - INFO - CDS - seq=contig_14, start=38853, stop=40895, strand=+, frame=3, truncated=no, start-type=ATG, RBS-motif=AGGAGG
22:59:20.618 - INFO - CDS - seq=contig_14, start=40917, stop=41261, strand=+, frame=3, truncated=no, start-type=ATG, RBS-motif=GGAG/GAGG
22:59:20.618 - INFO - CDS - seq=contig_14, start=186, stop=479, strand=-, nt=[ATGCGACTGA..AGCAGAGTAA]
22:59:20.618 - INFO - CDS - seq=contig_14, start=600, stop=2696, strand=-, nt=[ATGAGACCAA..TAAAAAGTAA]
22:59:20.618 - INFO - CDS - seq=contig_14, start=3045, stop=3236, strand=+, nt=[ATGACTCAGG..TTCTCGTTAA]
22:59:20.618 - INFO - CDS - seq=contig_14, start=3380, stop=3646, strand=+, nt=[ATGGAAAAAC..GGCTGAATAA]
22:59:20.618 - INFO - CDS - seq=contig_14, start=3646, stop=5373, strand=+, nt=[ATGGCTGAAC..TCAGAAATAA]
22:59:20.618 - INFO - CDS - seq=contig_14, start=5672, stop=7084, strand=+, nt=[ATGTATCAAT..AAATCATTAA]
22:59:20.618 - INFO - CDS - seq=contig_14, start=7306, stop=7911, strand=+, nt=[ATGCAACAGC..GGCTGCCTAA]
22:59:20.618 - INFO - CDS - seq=contig_14, start=8196, stop=8681, strand=+, nt=[ATGCAAAAAG..GCTTCAATGA]
22:59:20.618 - INFO - CDS - seq=contig_14, start=8678, stop=9793, strand=+, nt=[ATGATTGATG..AGCATGGTGA]
22:59:20.618 - INFO - CDS - seq=contig_14, start=9787, stop=10515, strand=+, nt=[ATGGTGAACA..TCATGTTTAA]
22:59:20.618 - INFO - CDS - seq=contig_14, start=10508, stop=10768, strand=+, nt=[ATGTTTAAAG..TAACGCATGA]
22:59:20.618 - INFO - CDS - seq=contig_14, start=10765, stop=11451, strand=+, nt=[ATGAAAGCGG..TGCACGTTGA]
22:59:20.618 - INFO - CDS - seq=contig_14, start=11438, stop=13654, strand=+, nt=[GTGGTGCACG..AAAGGCTTAA]
22:59:20.618 - INFO - CDS - seq=contig_14, start=13630, stop=15084, strand=+, nt=[ATGCCACATG..TAGTGCATGA]
22:59:20.618 - INFO - CDS - seq=contig_14, start=15081, stop=16091, strand=+, nt=[ATGACTGATT..TCGTCGATGA]
22:59:20.618 - INFO - CDS - seq=contig_14, start=16088, stop=16657, strand=+, nt=[ATGAAAGATC..AGCGATTTAA]
22:59:20.618 - INFO - CDS - seq=contig_14, start=16658, stop=18181, strand=+, nt=[GTGAAGCGTG..TAGACATTAA]
22:59:20.618 - INFO - CDS - seq=contig_14, start=18390, stop=19628, strand=+, nt=[ATGAAACAGG..CACACTGTAA]
22:59:20.618 - INFO - CDS - seq=contig_14, start=19766, stop=20206, strand=+, nt=[ATGGAAACAC..ACATGAATGA]
22:59:20.618 - INFO - CDS - seq=contig_14, start=20199, stop=22445, strand=+, nt=[ATGAATGACG..GCGCGCTTAA]
22:59:20.618 - INFO - CDS - seq=contig_14, start=22645, stop=23223, strand=+, nt=[ATGATCGAAA..GATTCGTTAG]
22:59:20.618 - INFO - CDS - seq=contig_14, start=23372, stop=24472, strand=-, nt=[ATGCGGTTTC..AGACAGCTGA]
22:59:20.618 - INFO - CDS - seq=contig_14, start=24484, stop=25158, strand=-, nt=[GTGTTTAAAA..CGTTCCTTAG]
22:59:20.618 - INFO - CDS - seq=contig_14, start=25412, stop=26182, strand=+, nt=[ATGGCAATTC..ATCTGATTAA]
22:59:20.618 - INFO - CDS - seq=contig_14, start=26166, stop=28241, strand=+, nt=[GTGTGGCATC..GATTGATTAG]
22:59:20.618 - INFO - CDS - seq=contig_14, start=28395, stop=28901, strand=-, nt=[ATGTCCACAA..GAAAAACTAA]
22:59:20.618 - INFO - CDS - seq=contig_14, start=28969, stop=29706, strand=+, nt=[ATGAAATTGA..CTCAATCTGA]
22:59:20.618 - INFO - CDS - seq=contig_14, start=29959, stop=30357, strand=+, nt=[ATGGTTATTT..AGGTTTTTAA]
22:59:20.618 - INFO - CDS - seq=contig_14, start=30637, stop=31323, strand=+, nt=[ATGGAAATGG..CTTCAAGTAA]
22:59:20.618 - INFO - CDS - seq=contig_14, start=31390, stop=33204, strand=-, nt=[ATGACGAACG..TGAAAACTAG]
22:59:20.618 - INFO - CDS - seq=contig_14, start=33201, stop=34139, strand=-, nt=[ATGACTGACC..AACCCAATGA]
22:59:20.618 - INFO - CDS - seq=contig_14, start=34426, stop=34608, strand=-, nt=[ATGCAAACTT..GTTTACGTAA]
22:59:20.618 - INFO - CDS - seq=contig_14, start=34622, stop=35008, strand=-, nt=[ATGGCAAAAA..GGCTTTGTAA]
22:59:20.618 - INFO - CDS - seq=contig_14, start=35466, stop=37148, strand=+, nt=[ATGGATTTTA..AGAAATGTAA]
22:59:20.618 - INFO - CDS - seq=contig_14, start=37319, stop=37774, strand=+, nt=[ATGAATAAAA..CAATTCGTAA]
22:59:20.618 - INFO - CDS - seq=contig_14, start=37908, stop=38741, strand=-, nt=[TTGTTGTTTC..GCCTTTTTGA]
22:59:20.618 - INFO - CDS - seq=contig_14, start=38853, stop=40895, strand=+, nt=[ATGCAGTTCT..GTTTAAATAG]
22:59:20.618 - INFO - CDS - seq=contig_14, start=40917, stop=41261, strand=+, nt=[ATGGCAAATG..AGGCAAGTAA]
22:59:20.618 - INFO - CDS - seq=contig_15, start=47, stop=517, strand=-, frame=2, truncated=no, start-type=ATG, RBS-motif=GGAG/GAGG
22:59:20.618 - INFO - CDS - seq=contig_15, start=610, stop=1563, strand=+, frame=1, truncated=no, start-type=ATG, RBS-motif=GGA/GAG/AGG
22:59:20.618 - INFO - CDS - seq=contig_15, start=2588, stop=3166, strand=+, frame=2, truncated=no, start-type=ATG, RBS-motif=GGAGG
22:59:20.618 - INFO - CDS - seq=contig_15, start=3186, stop=4271, strand=+, frame=3, truncated=no, start-type=ATG, RBS-motif=GGxGG
22:59:20.619 - INFO - CDS - seq=contig_15, start=4283, stop=6088, strand=+, frame=2, truncated=no, start-type=ATG, RBS-motif=AGGAGG
22:59:20.619 - INFO - CDS - seq=contig_15, start=6994, stop=8127, strand=-, frame=3, truncated=no, start-type=ATG, RBS-motif=AGxAGG/AGGxGG
22:59:20.619 - INFO - CDS - seq=contig_15, start=8286, stop=9029, strand=-, frame=1, truncated=no, start-type=ATG, RBS-motif=AGGAG/GGAGG
22:59:20.619 - INFO - CDS - seq=contig_15, start=9029, stop=10006, strand=-, frame=2, truncated=no, start-type=ATG, RBS-motif=GGAGG
22:59:20.619 - INFO - CDS - seq=contig_15, start=10039, stop=10881, strand=-, frame=3, truncated=no, start-type=ATG, RBS-motif=GGAGG
22:59:20.619 - INFO - CDS - seq=contig_15, start=10894, stop=11784, strand=-, frame=3, truncated=no, start-type=ATG, RBS-motif=GGA/GAG/AGG
22:59:20.619 - INFO - CDS - seq=contig_15, start=11849, stop=13090, strand=-, frame=2, truncated=no, start-type=ATG, RBS-motif=GGAGG
22:59:20.619 - INFO - CDS - seq=contig_15, start=13218, stop=16340, strand=-, frame=1, truncated=no, start-type=ATG, RBS-motif=GGAG/GAGG
22:59:20.619 - INFO - CDS - seq=contig_15, start=16321, stop=18516, strand=-, frame=3, truncated=no, start-type=ATG, RBS-motif=GGA/GAG/AGG
22:59:20.619 - INFO - CDS - seq=contig_15, start=19243, stop=19518, strand=+, frame=1, truncated=no, start-type=ATG, RBS-motif=GGAG/GAGG
22:59:20.619 - INFO - CDS - seq=contig_15, start=19548, stop=20243, strand=+, frame=3, truncated=no, start-type=ATG, RBS-motif=GGA/GAG/AGG
22:59:20.619 - INFO - CDS - seq=contig_15, start=20572, stop=22128, strand=-, frame=3, truncated=no, start-type=ATG, RBS-motif=GGA/GAG/AGG
22:59:20.619 - INFO - CDS - seq=contig_15, start=22690, stop=24609, strand=-, frame=3, truncated=no, start-type=ATG, RBS-motif=GGxGG
22:59:20.619 - INFO - CDS - seq=contig_15, start=25540, stop=27018, strand=-, frame=3, truncated=no, start-type=ATG, RBS-motif=AGGA/GGAG/GAGG
22:59:20.619 - INFO - CDS - seq=contig_15, start=27631, stop=28530, strand=+, frame=1, truncated=no, start-type=ATG, RBS-motif=AGxAGG/AGGxGG
22:59:20.619 - INFO - CDS - seq=contig_15, start=28523, stop=28858, strand=+, frame=2, truncated=no, start-type=ATG, RBS-motif=AGGAGG
22:59:20.619 - INFO - CDS - seq=contig_15, start=47, stop=517, strand=-, nt=[ATGAACGTTT..TGAGGAATAA]
22:59:20.619 - INFO - CDS - seq=contig_15, start=610, stop=1563, strand=+, nt=[ATGAAAGAAG..TGAGTTTTAA]
22:59:20.619 - INFO - CDS - seq=contig_15, start=2588, stop=3166, strand=+, nt=[ATGCAAAACA..CATCAATTAA]
22:59:20.619 - INFO - CDS - seq=contig_15, start=3186, stop=4271, strand=+, nt=[ATGACTTTCG..GAATAACTAG]
22:59:20.619 - INFO - CDS - seq=contig_15, start=4283, stop=6088, strand=+, nt=[ATGGCCGTTC..AGTGCAATAG]
22:59:20.619 - INFO - CDS - seq=contig_15, start=6994, stop=8127, strand=-, nt=[ATGGCCGAAA..GATGAACTAG]
22:59:20.619 - INFO - CDS - seq=contig_15, start=8286, stop=9029, strand=-, nt=[ATGGCAGTAT..AATTAAATAG]
22:59:20.619 - INFO - CDS - seq=contig_15, start=9029, stop=10006, strand=-, nt=[ATGGTGGGGA..GACCAAATAA]
22:59:20.619 - INFO - CDS - seq=contig_15, start=10039, stop=10881, strand=-, nt=[ATGGAAGCAA..CGAAAAGTAA]
22:59:20.619 - INFO - CDS - seq=contig_15, start=10894, stop=11784, strand=-, nt=[ATGCAAAGGT..GGGATTATAG]
22:59:20.619 - INFO - CDS - seq=contig_15, start=11849, stop=13090, strand=-, nt=[ATGAGATTTA..GGATAAGTAG]
22:59:20.619 - INFO - CDS - seq=contig_15, start=13218, stop=16340, strand=-, nt=[ATGATCAAAT..AAAAAATTGA]
22:59:20.619 - INFO - CDS - seq=contig_15, start=16321, stop=18516, strand=-, nt=[ATGACGAATA..TAAAAAATAA]
22:59:20.619 - INFO - CDS - seq=contig_15, start=19243, stop=19518, strand=+, nt=[ATGACCAATA..AAAGCGTTGA]
22:59:20.620 - INFO - CDS - seq=contig_15, start=19548, stop=20243, strand=+, nt=[ATGATTCAAG..TCGCTATTGA]
22:59:20.620 - INFO - CDS - seq=contig_15, start=20572, stop=22128, strand=-, nt=[ATGTACTCAA..AGCTGCGTGA]
22:59:20.620 - INFO - CDS - seq=contig_15, start=22690, stop=24609, strand=-, nt=[ATGAAAAAGA..TATCTTTTAA]
22:59:20.620 - INFO - CDS - seq=contig_15, start=25540, stop=27018, strand=-, nt=[ATGGACGTAC..TGGACCATAA]
22:59:20.620 - INFO - CDS - seq=contig_15, start=27631, stop=28530, strand=+, nt=[ATGACTAAAG..TCATGACTGA]
22:59:20.620 - INFO - CDS - seq=contig_15, start=28523, stop=28858, strand=+, nt=[ATGACTGATC..ACGTATGTAG]
22:59:20.620 - INFO - CDS - seq=contig_16, start=2652, stop=8555, strand=+, frame=3, truncated=no, start-type=ATG, RBS-motif=GGAGG
22:59:20.620 - INFO - CDS - seq=contig_16, start=9108, stop=10490, strand=+, frame=3, truncated=no, start-type=ATG, RBS-motif=GGAGG
22:59:20.620 - INFO - CDS - seq=contig_16, start=10824, stop=11222, strand=-, frame=1, truncated=no, start-type=ATG, RBS-motif=GGAG/GAGG
22:59:20.620 - INFO - CDS - seq=contig_16, start=11760, stop=12269, strand=-, frame=1, truncated=no, start-type=ATG, RBS-motif=GGxGG
22:59:20.620 - INFO - CDS - seq=contig_16, start=12299, stop=12583, strand=-, frame=2, truncated=no, start-type=ATG, RBS-motif=GGAG/GAGG
22:59:20.620 - INFO - CDS - seq=contig_16, start=12589, stop=13239, strand=-, frame=3, truncated=no, start-type=TTG, RBS-motif=GGAGG
22:59:20.620 - INFO - CDS - seq=contig_16, start=13520, stop=13792, strand=+, frame=2, truncated=no, start-type=ATG, RBS-motif=AGxAGG/AGGxGG
22:59:20.620 - INFO - CDS - seq=contig_16, start=13785, stop=14042, strand=+, frame=3, truncated=no, start-type=ATG, RBS-motif=GGA/GAG/AGG
22:59:20.620 - INFO - CDS - seq=contig_16, start=14624, stop=15373, strand=-, frame=2, truncated=no, start-type=GTG, RBS-motif=GGxGG
22:59:20.620 - INFO - CDS - seq=contig_16, start=15602, stop=16447, strand=+, frame=2, truncated=no, start-type=ATG, RBS-motif=GGAG/GAGG
22:59:20.620 - INFO - CDS - seq=contig_16, start=16666, stop=17514, strand=-, frame=3, truncated=no, start-type=GTG, RBS-motif=GGA/GAG/AGG
22:59:20.620 - INFO - CDS - seq=contig_16, start=17657, stop=18469, strand=-, frame=2, truncated=no, start-type=ATG, RBS-motif=None
22:59:20.620 - INFO - CDS - seq=contig_16, start=2652, stop=8555, strand=+, nt=[ATGAACAAAA..ACGTCAATAA]
22:59:20.620 - INFO - CDS - seq=contig_16, start=9108, stop=10490, strand=+, nt=[ATGCGACAAC..AAGTGCTTAA]
22:59:20.620 - INFO - CDS - seq=contig_16, start=10824, stop=11222, strand=-, nt=[ATGGTAAATC..AATCGCCTAG]
22:59:20.620 - INFO - CDS - seq=contig_16, start=11760, stop=12269, strand=-, nt=[ATGCAAAAGC..ATTAAATTGA]
22:59:20.620 - INFO - CDS - seq=contig_16, start=12299, stop=12583, strand=-, nt=[ATGATAGATT..AACTCTTTAA]
22:59:20.620 - INFO - CDS - seq=contig_16, start=12589, stop=13239, strand=-, nt=[TTGGCTAAAA..TGAGAGGTAA]
22:59:20.620 - INFO - CDS - seq=contig_16, start=13520, stop=13792, strand=+, nt=[ATGGACGCTG..AGATGATTAA]
22:59:20.620 - INFO - CDS - seq=contig_16, start=13785, stop=14042, strand=+, nt=[ATGATTAAAA..CCACTATTGA]
22:59:20.620 - INFO - CDS - seq=contig_16, start=14624, stop=15373, strand=-, nt=[GTGAAACGAC..TAAAAATTAA]
22:59:20.620 - INFO - CDS - seq=contig_16, start=15602, stop=16447, strand=+, nt=[ATGATCACAG..TGGACACTAA]
22:59:20.620 - INFO - CDS - seq=contig_16, start=16666, stop=17514, strand=-, nt=[GTGTATTTGA..ACGAGTATGA]
22:59:20.620 - INFO - CDS - seq=contig_16, start=17657, stop=18469, strand=-, nt=[ATGGTTTTTC..CGTGAACTAA]
22:59:20.620 - INFO - CDS - seq=contig_17, start=399, stop=839, strand=-, frame=2, truncated=no, start-type=ATG, RBS-motif=AGGAGG
22:59:20.620 - INFO - CDS - seq=contig_17, start=1032, stop=3125, strand=-, frame=2, truncated=no, start-type=ATG, RBS-motif=GGAGG
22:59:20.620 - INFO - CDS - seq=contig_17, start=3356, stop=3634, strand=-, frame=3, truncated=no, start-type=ATG, RBS-motif=AGGAGG
22:59:20.621 - INFO - CDS - seq=contig_17, start=3880, stop=5055, strand=+, frame=1, truncated=no, start-type=ATG, RBS-motif=AGGAG
22:59:20.621 - INFO - CDS - seq=contig_17, start=5141, stop=5494, strand=-, frame=3, truncated=no, start-type=ATG, RBS-motif=GGAGG
22:59:20.621 - INFO - CDS - seq=contig_17, start=5530, stop=6543, strand=-, frame=1, truncated=no, start-type=ATG, RBS-motif=GGAG/GAGG
22:59:20.621 - INFO - CDS - seq=contig_17, start=6556, stop=7584, strand=-, frame=1, truncated=no, start-type=ATG, RBS-motif=GGA/GAG/AGG
22:59:20.621 - INFO - CDS - seq=contig_17, start=7587, stop=8795, strand=-, frame=2, truncated=no, start-type=GTG, RBS-motif=GGAGG
22:59:20.621 - INFO - CDS - seq=contig_17, start=9082, stop=10800, strand=-, frame=1, truncated=no, start-type=ATG, RBS-motif=None
22:59:20.621 - INFO - CDS - seq=contig_17, start=11178, stop=11726, strand=+, frame=3, truncated=no, start-type=ATG, RBS-motif=GGAGG
22:59:20.621 - INFO - CDS - seq=contig_17, start=399, stop=839, strand=-, nt=[ATGAATCAGG..TATGAAGTAA]
22:59:20.621 - INFO - CDS - seq=contig_17, start=1032, stop=3125, strand=-, nt=[ATGAACCAGC..GTCAAAGTAG]
22:59:20.621 - INFO - CDS - seq=contig_17, start=3356, stop=3634, strand=-, nt=[ATGAAACAAT..ACCAGCTTGA]
22:59:20.621 - INFO - CDS - seq=contig_17, start=3880, stop=5055, strand=+, nt=[ATGAAGTTGC..AGCCGCCTAG]
22:59:20.621 - INFO - CDS - seq=contig_17, start=5141, stop=5494, strand=-, nt=[ATGTCGTCAG..TTATCCGTAA]
22:59:20.621 - INFO - CDS - seq=contig_17, start=5530, stop=6543, strand=-, nt=[ATGACACGGA..ACGTACGTGA]
22:59:20.621 - INFO - CDS - seq=contig_17, start=6556, stop=7584, strand=-, nt=[ATGATTGTTA..GAAGCACTAG]
22:59:20.621 - INFO - CDS - seq=contig_17, start=7587, stop=8795, strand=-, nt=[GTGAATATCG..GAAAGGTTAA]
22:59:20.621 - INFO - CDS - seq=contig_17, start=9082, stop=10800, strand=-, nt=[ATGCGATACC..TCGGCAGTAG]
22:59:20.621 - INFO - CDS - seq=contig_17, start=11178, stop=11726, strand=+, nt=[ATGAAAGCCA..CGAAGAATAG]
22:59:20.621 - INFO - CDS - seq=contig_18, start=155, stop=721, strand=-, frame=1, truncated=no, start-type=ATG, RBS-motif=AGGAG
22:59:20.621 - INFO - CDS - seq=contig_18, start=1468, stop=1698, strand=-, frame=2, truncated=no, start-type=TTG, RBS-motif=AGGAGG
22:59:20.621 - INFO - CDS - seq=contig_18, start=1728, stop=1976, strand=-, frame=3, truncated=no, start-type=TTG, RBS-motif=AGGA
22:59:20.621 - INFO - CDS - seq=contig_18, start=1982, stop=2182, strand=-, frame=1, truncated=no, start-type=ATG, RBS-motif=AGGAGG
22:59:20.621 - INFO - CDS - seq=contig_18, start=2775, stop=3584, strand=-, frame=3, truncated=no, start-type=ATG, RBS-motif=GGA/GAG/AGG
22:59:20.621 - INFO - CDS - seq=contig_18, start=3767, stop=4069, strand=-, frame=1, truncated=no, start-type=ATG, RBS-motif=GGA/GAG/AGG
22:59:20.621 - INFO - CDS - seq=contig_18, start=155, stop=721, strand=-, nt=[ATGAAATATG..AAAAAAATAA]
22:59:20.621 - INFO - CDS - seq=contig_18, start=1468, stop=1698, strand=-, nt=[TTGCGAACCA..CGATAATTGA]
22:59:20.621 - INFO - CDS - seq=contig_18, start=1728, stop=1976, strand=-, nt=[TTGGCTCATA..GCTTCATTAA]
22:59:20.621 - INFO - CDS - seq=contig_18, start=1982, stop=2182, strand=-, nt=[ATGGACGAAC..AAAGGATTGA]
22:59:20.621 - INFO - CDS - seq=contig_18, start=2775, stop=3584, strand=-, nt=[ATGATGAATC..TAATCATTGA]
22:59:20.621 - INFO - CDS - seq=contig_18, start=3767, stop=4069, strand=-, nt=[ATGAAGTTAG..TTATTCATGA]
22:59:20.621 - INFO - CDS - seq=contig_19, start=110, stop=343, strand=+, frame=2, truncated=no, start-type=ATG, RBS-motif=AGxAGG/AGGxGG
22:59:20.621 - INFO - CDS - seq=contig_19, start=1636, stop=1776, strand=+, frame=1, truncated=no, start-type=ATG, RBS-motif=GGAGG
22:59:20.621 - INFO - CDS - seq=contig_19, start=2422, stop=2589, strand=+, frame=1, truncated=no, start-type=ATG, RBS-motif=AGGA
22:59:20.621 - INFO - CDS - seq=contig_19, start=110, stop=343, strand=+, nt=[ATGGACGCAA..TCTGATGTGA]
22:59:20.622 - INFO - CDS - seq=contig_19, start=1636, stop=1776, strand=+, nt=[ATGTATGTTG..TTTGAACTAG]
22:59:20.622 - INFO - CDS - seq=contig_19, start=2422, stop=2589, strand=+, nt=[ATGGGGAGCG..GACCCCGTAA]
22:59:20.622 - INFO - CDS - seq=contig_20, start=1503, stop=2330, strand=-, frame=1, truncated=no, start-type=ATG, RBS-motif=None
22:59:20.622 - INFO - CDS - seq=contig_20, start=2347, stop=3105, strand=-, frame=3, truncated=no, start-type=ATG, RBS-motif=GGAGG
22:59:20.622 - INFO - CDS - seq=contig_20, start=1503, stop=2330, strand=-, nt=[ATGGGCGTCT..AACTGCATAG]
22:59:20.622 - INFO - CDS - seq=contig_20, start=2347, stop=3105, strand=-, nt=[ATGGGCCGAA..ACGGTATTAG]
22:59:20.622 - INFO - CDS - seq=contig_21, start=16, stop=609, strand=+, frame=1, truncated=no, start-type=TTG, RBS-motif=AGGA
22:59:20.622 - INFO - CDS - seq=contig_21, start=688, stop=1614, strand=+, frame=1, truncated=no, start-type=ATG, RBS-motif=AGGAGG
22:59:20.622 - INFO - CDS - seq=contig_21, start=1662, stop=2048, strand=-, frame=1, truncated=no, start-type=ATG, RBS-motif=GGxGG
22:59:20.622 - INFO - CDS - seq=contig_21, start=16, stop=609, strand=+, nt=[TTGGAACATG..CTTTATATGA]
22:59:20.622 - INFO - CDS - seq=contig_21, start=688, stop=1614, strand=+, nt=[ATGAATTTAC..ATTGATGTAA]
22:59:20.622 - INFO - CDS - seq=contig_21, start=1662, stop=2048, strand=-, nt=[ATGCTAAGCG..TTTCATTTGA]
22:59:20.622 - INFO - CDS - seq=contig_23, start=1, stop=552, strand=+, frame=1, truncated=no, start-type=TTG, RBS-motif=None
22:59:20.622 - INFO - CDS - seq=contig_23, start=1, stop=552, strand=+, nt=[TTGGAAGCAG..ACTCGCGTAG]
22:59:20.622 - INFO - CDS - seq=contig_26, start=19, stop=417, strand=+, frame=1, truncated=no, start-type=ATG, RBS-motif=AGGA
22:59:20.622 - INFO - CDS - seq=contig_26, start=19, stop=417, strand=+, nt=[ATGCTAAATA..CAATTGTTGA]
22:59:20.623 - INFO - CDS - predicted=2878
22:59:20.624 - INFO - CDS - discarded=0
22:59:20.687 - INFO - ORF - discard spurious: seq=contig_3, start=403873, stop=404076, strand=-, homology=Spurious_ORF_10, evalue=1.3e-16, bitscore=56.974606
22:59:20.890 - INFO - ORF - discard spurious: seq=contig_13, start=40196, stop=40432, strand=+, homology=Spurious_ORF_267, evalue=2.8e-23, bitscore=78.675308
22:59:20.890 - INFO - ORF - discard spurious: seq=contig_7, start=108651, stop=108803, strand=+, homology=Spurious_ORF_267, evalue=6.9e-14, bitscore=48.669765
22:59:20.890 - INFO - ORF - discard spurious: seq=contig_7, start=59737, stop=61026, strand=+, homology=Spurious_ORF_267, evalue=5.2e-09, bitscore=33.083549
22:59:20.890 - INFO - ORF - discarded=4
22:59:22.339 - INFO - UPS - looked-up=2421
22:59:23.701 - INFO - IPS - looked-up=2421
22:59:23.703 - INFO - ORF - write internal aa seqs: # seqs=453, path=/tmp/tmp17e_x7tc/cds.psc.faa
23:05:38.509 - INFO - PSC - found: PSC=360, PSCC=51
23:05:42.110 - INFO - PSC - looked-up=2783
23:05:43.311 - INFO - PSCC - looked-up=2757
23:05:43.313 - INFO - ORF - write internal aa seqs: # seqs=2874, path=/tmp/tmp17e_x7tc/cds.expert.faa
23:05:52.753 - INFO - EXPERT-AMRFINDER - found=0
23:05:54.841 - INFO - EXPERT_AA_SEQ - found=3
23:05:54.845 - INFO - ANNOTATION - fix gene: extract symbol from protein name. symbol=ccmA
23:05:54.845 - INFO - ANNOTATION - fix product: replace putative synonyms. new=putative integral membrane protein, old=Predicted integral membrane protein
23:05:54.846 - INFO - ANNOTATION - fix gene: lowercase first char. new=glpR, old=GlpR
23:05:54.846 - INFO - ANNOTATION - fix gene: lowercase first char. new=glpR, old=GlpR
23:05:54.846 - INFO - ANNOTATION - fix gene: lowercase first char. new=znuB, old=ZnuB
23:05:54.846 - INFO - ANNOTATION - fix gene: lowercase first char. new=znuB, old=ZnuB
23:05:54.847 - INFO - ANNOTATION - fix gene: extract symbol from protein name. symbol=gntP
23:05:54.847 - INFO - ANNOTATION - fix gene: lowercase first char. new=gntT, old=GntT
23:05:54.847 - INFO - ANNOTATION - fix gene: lowercase first char. new=gntT, old=GntT
23:05:54.847 - INFO - ANNOTATION - fix gene: extract symbol from protein name. symbol=iolT
23:05:54.847 - INFO - ANNOTATION - fix gene: extract symbol from protein name. symbol=iolR
23:05:54.847 - INFO - ANNOTATION - fix gene: lowercase first char. new=aRA1, old=ARA1
23:05:54.847 - INFO - ANNOTATION - fix gene: lowercase first char. new=aRA1, old=ARA1
23:05:54.848 - INFO - ANNOTATION - fix gene: extract symbol from protein name. symbol=greA
23:05:54.848 - INFO - ANNOTATION - fix gene: lowercase first char. new=walK, old=WalK
23:05:54.848 - INFO - ANNOTATION - fix gene: lowercase first char. new=walK, old=WalK
23:05:54.848 - INFO - ANNOTATION - fix gene: extract symbol from protein name. symbol=ompR
23:05:54.848 - INFO - ANNOTATION - fix gene: lowercase first char. new=ompR, old=OmpR
23:05:54.848 - INFO - ANNOTATION - fix gene: lowercase first char. new=ompR, old=OmpR
23:05:54.848 - INFO - ANNOTATION - marked as hypothetical: seq=contig_1, start=44313, stop=44993, strand=+
23:05:54.848 - INFO - INSDC - fix product: replace putative synonyms. new=putative membrane-bound protein conserved in bacteria, old=Uncharacterized membrane-bound protein conserved in bacteria
23:05:54.848 - INFO - ANNOTATION - fix gene: extract symbol from protein name. symbol=ychF
23:05:54.848 - INFO - ANNOTATION - fix gene: lowercase first char. new=spo0J, old=Spo0J
23:05:54.848 - INFO - ANNOTATION - fix gene: lowercase first char. new=spo0J, old=Spo0J
23:05:54.848 - INFO - ANNOTATION - fix gene: lowercase first char. new=parA, old=ParA
23:05:54.848 - INFO - ANNOTATION - fix gene: lowercase first char. new=parA, old=ParA
23:05:54.848 - INFO - ANNOTATION - fix gene: extract symbol from protein name. symbol=rsmG
23:05:54.848 - INFO - ANNOTATION - marked as hypothetical: seq=contig_1, start=52793, stop=53173, strand=+
23:05:54.849 - INFO - ANNOTATION - fix gene: extract symbol from protein name. symbol=gatD
23:05:54.849 - INFO - ANNOTATION - fix product: replace putative synonyms. new=putative dinucleotide-binding enzyme, old=Predicted dinucleotide-binding enzyme
23:05:54.849 - INFO - ANNOTATION - fix product: replace Homolog. new=Stress response regulator gls24-like protein, old=Stress response regulator gls24 homolog
23:05:54.849 - INFO - ANNOTATION - fix product: replace Homolog. new=Stress response regulator gls24-like protein, old=Stress response regulator gls24 homolog
23:05:54.849 - INFO - ANNOTATION - fix gene: extract symbol from protein name. symbol=amaP
23:05:54.849 - INFO - ANNOTATION - marked as hypothetical: seq=contig_1, start=62718, stop=63023, strand=-
23:05:54.849 - INFO - ANNOTATION - fix product: replace putative synonyms. new=putative membrane protein, old=Predicted membrane protein
23:05:54.849 - INFO - ANNOTATION - fix product: replace putative synonyms. new=putative membrane transporter protein, old=Probable membrane transporter protein
23:05:54.849 - INFO - ANNOTATION - fix gene: lowercase first char. new=tauE, old=TauE
23:05:54.849 - INFO - ANNOTATION - fix gene: lowercase first char. new=tauE, old=TauE
23:05:54.849 - INFO - ANNOTATION - marked as hypothetical: seq=contig_1, start=67069, stop=67701, strand=-
23:05:54.850 - INFO - ANNOTATION - fix gene: lowercase first char. new=oppA, old=OppA
23:05:54.850 - INFO - ANNOTATION - fix gene: lowercase first char. new=oppA, old=OppA
23:05:54.850 - INFO - ANNOTATION - fix product: replace putative synonyms. new=putative phosphoketolase, old=Probable phosphoketolase
23:05:54.850 - INFO - ANNOTATION - fix gene: lowercase first char. new=xFP, old=XFP
23:05:54.850 - INFO - ANNOTATION - fix gene: lowercase first char. new=xFP, old=XFP
23:05:54.850 - INFO - ANNOTATION - fix gene: lowercase first char. new=rarA, old=RarA
23:05:54.850 - INFO - ANNOTATION - fix gene: lowercase first char. new=rarA, old=RarA
23:05:54.850 - INFO - ANNOTATION - marked as hypothetical: seq=contig_1, start=95051, stop=95380, strand=+
23:05:54.850 - INFO - ANNOTATION - marked as hypothetical: seq=contig_1, start=98037, stop=98270, strand=-
23:05:54.851 - INFO - ANNOTATION - fix gene: extract symbol from protein name. symbol=mhqA
23:05:54.851 - INFO - ANNOTATION - fix gene: lowercase first char. new=gloA, old=GloA
23:05:54.851 - INFO - ANNOTATION - fix gene: lowercase first char. new=gloA, old=GloA
23:05:54.851 - INFO - ANNOTATION - marked as hypothetical: seq=contig_1, start=106508, stop=106831, strand=-
23:05:54.851 - INFO - ANNOTATION - fix gene: lowercase first char. new=nCS2, old=NCS2
23:05:54.851 - INFO - ANNOTATION - fix gene: lowercase first char. new=nCS2, old=NCS2
23:05:54.851 - INFO - ANNOTATION - fix product: revise DUF. new=DUF1516 domain-containing protein, old=DUF1516 family protein
23:05:54.851 - INFO - ANNOTATION - marked as hypothetical: seq=contig_1, start=111344, stop=111640, strand=+
23:05:54.851 - INFO - ANNOTATION - fix gene: lowercase first char. new=ldhA, old=LdhA
23:05:54.851 - INFO - ANNOTATION - fix gene: lowercase first char. new=ldhA, old=LdhA
23:05:54.852 - INFO - ANNOTATION - marked as hypothetical: seq=contig_1, start=117897, stop=118007, strand=+
23:05:54.852 - INFO - ANNOTATION - marked as hypothetical: seq=contig_1, start=118053, stop=118175, strand=+
23:05:54.852 - INFO - ANNOTATION - marked as hypothetical: seq=contig_1, start=123630, stop=123752, strand=-
23:05:54.852 - INFO - ANNOTATION - marked as hypothetical: seq=contig_1, start=142516, stop=143679, strand=-
23:05:54.852 - INFO - ANNOTATION - fix gene: lowercase first char. new=gdpP, old=GdpP
23:05:54.853 - INFO - ANNOTATION - fix gene: lowercase first char. new=gdpP, old=GdpP
23:05:54.853 - INFO - ANNOTATION - marked as hypothetical: seq=contig_1, start=148164, stop=148463, strand=-
23:05:54.853 - INFO - ANNOTATION - fix gene: extract symbol from protein name. symbol=eamA
23:05:54.853 - INFO - ANNOTATION - marked as hypothetical: seq=contig_1, start=151031, stop=151408, strand=-
23:05:54.853 - INFO - ANNOTATION - fix gene: lowercase first char. new=asd, old=Asd
23:05:54.853 - INFO - ANNOTATION - fix gene: lowercase first char. new=asd, old=Asd
23:05:54.853 - INFO - ANNOTATION - fix gene: lowercase first char. new=metL1, old=MetL1
23:05:54.853 - INFO - ANNOTATION - fix gene: lowercase first char. new=metL1, old=MetL1
23:05:54.853 - INFO - ANNOTATION - fix product: revise DUF. new=DUF4293 domain-containing protein, old=DUF4293 family protein
23:05:54.853 - INFO - ANNOTATION - fix gene: extract symbol from protein name. symbol=trpC
23:05:54.854 - INFO - ANNOTATION - fix gene: lowercase first char. new=copZ, old=CopZ
23:05:54.854 - INFO - ANNOTATION - fix gene: lowercase first char. new=copZ, old=CopZ
23:05:54.854 - INFO - ANNOTATION - marked as hypothetical: seq=contig_1, start=177546, stop=177767, strand=+
23:05:54.854 - INFO - ANNOTATION - fix gene: lowercase first char. new=opuBA, old=OpuBA
23:05:54.854 - INFO - ANNOTATION - fix gene: lowercase first char. new=opuBA, old=OpuBA
23:05:54.854 - INFO - ANNOTATION - fix gene: lowercase first char. new=opuBB, old=OpuBB
23:05:54.854 - INFO - ANNOTATION - fix gene: lowercase first char. new=opuBB, old=OpuBB
23:05:54.854 - INFO - ANNOTATION - fix gene: lowercase first char. new=osmF, old=OsmF
23:05:54.854 - INFO - ANNOTATION - fix gene: lowercase first char. new=osmF, old=OsmF
23:05:54.854 - INFO - ANNOTATION - fix gene: lowercase first char. new=opuBB, old=OpuBB
23:05:54.854 - INFO - ANNOTATION - fix gene: lowercase first char. new=opuBB, old=OpuBB
23:05:54.854 - INFO - ANNOTATION - fix gene: extract symbol from protein name. symbol=tetR
23:05:54.854 - INFO - ANNOTATION - fix gene: extract symbol from protein name. symbol=gntR
23:05:54.854 - INFO - ANNOTATION - marked as hypothetical: seq=contig_1, start=195646, stop=196350, strand=+
23:05:54.855 - INFO - ANNOTATION - marked as hypothetical: seq=contig_1, start=196464, stop=196577, strand=-
23:05:54.855 - INFO - ANNOTATION - marked as hypothetical: seq=contig_1, start=199034, stop=199324, strand=+
23:05:54.855 - INFO - ANNOTATION - fix gene: extract symbol from protein name. symbol=azlD
23:05:54.855 - INFO - ANNOTATION - fix gene: extract symbol from protein name. symbol=azlC
23:05:54.855 - INFO - ANNOTATION - fix gene: lowercase first char. new=azlC, old=AzlC
23:05:54.855 - INFO - ANNOTATION - fix gene: lowercase first char. new=azlC, old=AzlC
23:05:54.855 - INFO - ANNOTATION - marked as hypothetical: seq=contig_1, start=200939, stop=201148, strand=+
23:05:54.855 - INFO - ANNOTATION - marked as hypothetical: seq=contig_1, start=201169, stop=201375, strand=+
23:05:54.855 - INFO - ANNOTATION - fix gene: lowercase first char. new=pepD, old=PepD
23:05:54.855 - INFO - ANNOTATION - fix gene: lowercase first char. new=pepD, old=PepD
23:05:54.855 - INFO - ANNOTATION - marked as hypothetical: seq=contig_1, start=209882, stop=210040, strand=-
23:05:54.855 - INFO - ANNOTATION - marked as hypothetical: seq=contig_1, start=212637, stop=212861, strand=-
23:05:54.855 - INFO - ANNOTATION - fix gene: lowercase first char. new=tMEM175, old=TMEM175
23:05:54.855 - INFO - ANNOTATION - fix gene: lowercase first char. new=tMEM175, old=TMEM175
23:05:54.855 - INFO - ANNOTATION - fix product: replace putative synonyms. new=putative membrane transporter protein, old=Probable membrane transporter protein
23:05:54.855 - INFO - ANNOTATION - fix gene: lowercase first char. new=tauE, old=TauE
23:05:54.855 - INFO - ANNOTATION - fix gene: lowercase first char. new=tauE, old=TauE
23:05:54.856 - INFO - ANNOTATION - marked as hypothetical: seq=contig_1, start=217708, stop=218388, strand=-
23:05:54.856 - INFO - ANNOTATION - fix gene: extract symbol from protein name. symbol=ybiV
23:05:54.856 - INFO - ANNOTATION - fix gene: extract symbol from protein name. symbol=tetR
23:05:54.856 - INFO - ANNOTATION - fix gene: lowercase first char. new=lolD, old=LolD
23:05:54.856 - INFO - ANNOTATION - fix gene: lowercase first char. new=lolD, old=LolD
23:05:54.856 - INFO - ANNOTATION - marked as hypothetical: seq=contig_1, start=226065, stop=226247, strand=+
23:05:54.856 - INFO - ANNOTATION - fix gene: lowercase first char. new=appC, old=AppC
23:05:54.856 - INFO - ANNOTATION - fix gene: lowercase first char. new=appC, old=AppC
23:05:54.856 - INFO - ANNOTATION - fix gene: lowercase first char. new=ssb, old=Ssb
23:05:54.856 - INFO - ANNOTATION - fix gene: lowercase first char. new=ssb, old=Ssb
23:05:54.857 - INFO - ANNOTATION - fix gene: extract symbol from protein name. symbol=recF
23:05:54.857 - INFO - ANNOTATION - fix gene: extract symbol from protein name. symbol=yaaA
23:05:54.857 - INFO - ANNOTATION - marked as hypothetical: seq=contig_1, start=242178, stop=242360, strand=+
23:05:54.857 - INFO - ANNOTATION - fix gene: extract symbol from protein name. symbol=dnaA
23:05:54.857 - INFO - ANNOTATION - fix gene: extract symbol from protein name. symbol=yidC
23:05:54.857 - INFO - ANNOTATION - fix gene: lowercase first char. new=yidC, old=YidC
23:05:54.857 - INFO - ANNOTATION - fix gene: lowercase first char. new=yidC, old=YidC
23:05:54.857 - INFO - ANNOTATION - fix gene: extract symbol from protein name. symbol=mnmE
23:05:54.857 - INFO - ANNOTATION - fix gene: extract symbol from protein name. symbol=mnmG
23:05:54.857 - INFO - ANNOTATION - fix gene: lowercase first char. new=yjjP, old=YjjP
23:05:54.857 - INFO - ANNOTATION - fix gene: lowercase first char. new=yjjP, old=YjjP
23:05:54.857 - INFO - ANNOTATION - fix gene: extract symbol from protein name. symbol=thrE
23:05:54.857 - INFO - ANNOTATION - fix gene: extract symbol from protein name. symbol=yxeP
23:05:54.857 - INFO - ANNOTATION - fix gene: extract symbol from protein name. symbol=macB
23:05:54.857 - INFO - ANNOTATION - marked as hypothetical: seq=contig_1, start=266629, stop=266805, strand=-
23:05:54.858 - INFO - ANNOTATION - fix gene: lowercase first char. new=mtlA, old=MtlA
23:05:54.858 - INFO - ANNOTATION - fix gene: lowercase first char. new=mtlA, old=MtlA
23:05:54.858 - INFO - ANNOTATION - fix gene: extract symbol from protein name. symbol=bglG
23:05:54.858 - INFO - ANNOTATION - fix gene: lowercase first char. new=frsA, old=FrsA
23:05:54.858 - INFO - ANNOTATION - fix gene: lowercase first char. new=frsA, old=FrsA
23:05:54.858 - INFO - ANNOTATION - fix gene: lowercase first char. new=prsA, old=PrsA
23:05:54.858 - INFO - ANNOTATION - fix gene: lowercase first char. new=prsA, old=PrsA
23:05:54.858 - INFO - ANNOTATION - fix gene: lowercase first char. new=citS, old=CitS
23:05:54.858 - INFO - ANNOTATION - fix gene: lowercase first char. new=citS, old=CitS
23:05:54.858 - INFO - ANNOTATION - fix product: revise DUF. new=DUF2992 domain-containing protein, old=DUF2992 family protein
23:05:54.859 - INFO - ANNOTATION - fix gene: extract symbol from protein name. symbol=ybjI
23:05:54.859 - INFO - ANNOTATION - fix gene: lowercase first char. new=rfaB, old=RfaB
23:05:54.859 - INFO - ANNOTATION - fix gene: lowercase first char. new=rfaB, old=RfaB
23:05:54.859 - INFO - ANNOTATION - fix gene: extract symbol from protein name. symbol=ydaF
23:05:54.859 - INFO - ANNOTATION - fix gene: lowercase first char. new=hisJ, old=HisJ
23:05:54.859 - INFO - ANNOTATION - fix gene: lowercase first char. new=hisJ, old=HisJ
23:05:54.859 - INFO - ANNOTATION - fix gene: lowercase first char. new=hisJ, old=HisJ
23:05:54.859 - INFO - ANNOTATION - fix gene: lowercase first char. new=hisJ, old=HisJ
23:05:54.859 - INFO - ANNOTATION - fix gene: lowercase first char. new=glnQ, old=GlnQ
23:05:54.859 - INFO - ANNOTATION - fix gene: lowercase first char. new=glnQ, old=GlnQ
23:05:54.859 - INFO - ANNOTATION - fix gene: extract symbol from protein name. symbol=cbiO
23:05:54.859 - INFO - ANNOTATION - marked as hypothetical: seq=contig_1, start=309519, stop=309842, strand=-
23:05:54.859 - INFO - ANNOTATION - fix product: replace putative synonyms. new=putative integral membrane protein, old=Predicted integral membrane protein
23:05:54.859 - INFO - ANNOTATION - fix gene: lowercase first char. new=ugpB, old=UgpB
23:05:54.859 - INFO - ANNOTATION - fix gene: lowercase first char. new=ugpB, old=UgpB
23:05:54.859 - INFO - ANNOTATION - fix product: revise DUF. new=DUF3923 domain-containing protein, old=DUF3923 family protein
23:05:54.860 - INFO - ANNOTATION - fix gene: lowercase first char. new=glnQ, old=GlnQ
23:05:54.860 - INFO - ANNOTATION - fix gene: lowercase first char. new=glnQ, old=GlnQ
23:05:54.860 - INFO - ANNOTATION - fix gene: lowercase first char. new=hisJ, old=HisJ
23:05:54.860 - INFO - ANNOTATION - fix gene: lowercase first char. new=hisJ, old=HisJ
23:05:54.860 - INFO - ANNOTATION - marked as hypothetical: seq=contig_1, start=315380, stop=315541, strand=-
23:05:54.860 - INFO - ANNOTATION - marked as hypothetical: seq=contig_1, start=318892, stop=319011, strand=-
23:05:54.860 - INFO - ANNOTATION - fix gene: extract symbol from protein name. symbol=upsA
23:05:54.860 - INFO - ANNOTATION - fix gene: lowercase first char. new=agaB, old=AgaB
23:05:54.860 - INFO - ANNOTATION - fix gene: lowercase first char. new=agaB, old=AgaB
23:05:54.860 - INFO - ANNOTATION - fix gene: lowercase first char. new=manY, old=ManY
23:05:54.860 - INFO - ANNOTATION - fix gene: lowercase first char. new=manY, old=ManY
23:05:54.860 - INFO - ANNOTATION - fix gene: lowercase first char. new=manZ, old=ManZ
23:05:54.860 - INFO - ANNOTATION - fix gene: lowercase first char. new=manZ, old=ManZ
23:05:54.860 - INFO - ANNOTATION - fix gene: extract symbol from protein name. symbol=manO
23:05:54.861 - INFO - ANNOTATION - fix gene: lowercase first char. new=celC, old=CelC
23:05:54.861 - INFO - ANNOTATION - fix gene: lowercase first char. new=celC, old=CelC
23:05:54.861 - INFO - ANNOTATION - fix gene: extract symbol from protein name. symbol=gntR
23:05:54.861 - INFO - ANNOTATION - fix gene: lowercase first char. new=mngR, old=MngR
23:05:54.861 - INFO - ANNOTATION - fix gene: lowercase first char. new=mngR, old=MngR
23:05:54.861 - INFO - ANNOTATION - fix gene: lowercase first char. new=celB, old=CelB
23:05:54.861 - INFO - ANNOTATION - fix gene: lowercase first char. new=celB, old=CelB
23:05:54.861 - INFO - ANNOTATION - fix gene: lowercase first char. new=hisJ, old=HisJ
23:05:54.861 - INFO - ANNOTATION - fix gene: lowercase first char. new=hisJ, old=HisJ
23:05:54.861 - INFO - ANNOTATION - fix gene: extract symbol from protein name. symbol=yycF
23:05:54.861 - INFO - ANNOTATION - fix gene: extract symbol from protein name. symbol=walK
23:05:54.861 - INFO - ANNOTATION - fix gene: extract symbol from protein name. symbol=yycH
23:05:54.861 - INFO - ANNOTATION - fix gene: extract symbol from protein name. symbol=yycJ
23:05:54.861 - INFO - ANNOTATION - fix gene: lowercase first char. new=phnP, old=PhnP
23:05:54.861 - INFO - ANNOTATION - fix gene: lowercase first char. new=phnP, old=PhnP
23:05:54.861 - INFO - ANNOTATION - fix gene: extract symbol from protein name. symbol=htrA
23:05:54.862 - INFO - ANNOTATION - fix gene: lowercase first char. new=zntA, old=ZntA
23:05:54.862 - INFO - ANNOTATION - fix gene: lowercase first char. new=zntA, old=ZntA
23:05:54.862 - INFO - ANNOTATION - fix gene: extract symbol from protein name. symbol=fliK
23:05:54.862 - INFO - ANNOTATION - fix gene: extract symbol from protein name. symbol=ybiR
23:05:54.862 - INFO - ANNOTATION - fix gene: lowercase first char. new=arsB, old=ArsB
23:05:54.862 - INFO - ANNOTATION - fix gene: lowercase first char. new=arsB, old=ArsB
23:05:54.862 - INFO - ANNOTATION - fix gene: extract symbol from protein name. symbol=rlmH
23:05:54.862 - INFO - ANNOTATION - marked as hypothetical: seq=contig_1, start=368182, stop=368436, strand=+
23:05:54.862 - INFO - ANNOTATION - fix gene: lowercase first char. new=emrE, old=EmrE
23:05:54.862 - INFO - ANNOTATION - fix gene: lowercase first char. new=emrE, old=EmrE
23:05:54.862 - INFO - ANNOTATION - fix gene: extract symbol from protein name. symbol=nrnA
23:05:54.862 - INFO - ANNOTATION - fix gene: lowercase first char. new=manZ, old=ManZ
23:05:54.862 - INFO - ANNOTATION - fix gene: lowercase first char. new=manZ, old=ManZ
23:05:54.863 - INFO - ANNOTATION - fix gene: lowercase first char. new=agaB, old=AgaB
23:05:54.863 - INFO - ANNOTATION - fix gene: lowercase first char. new=agaB, old=AgaB
23:05:54.863 - INFO - ANNOTATION - fix gene: extract symbol from protein name. symbol=rpiR
23:05:54.863 - INFO - ANNOTATION - fix gene: lowercase first char. new=pncA, old=PncA
23:05:54.863 - INFO - ANNOTATION - fix gene: lowercase first char. new=pncA, old=PncA
23:05:54.863 - INFO - ANNOTATION - fix gene: lowercase first char. new=malK, old=MalK
23:05:54.863 - INFO - ANNOTATION - fix gene: lowercase first char. new=malK, old=MalK
23:05:54.863 - INFO - ANNOTATION - fix gene: lowercase first char. new=ugpA, old=UgpA
23:05:54.863 - INFO - ANNOTATION - fix gene: lowercase first char. new=ugpA, old=UgpA
23:05:54.863 - INFO - ANNOTATION - fix gene: lowercase first char. new=ugpE, old=UgpE
23:05:54.863 - INFO - ANNOTATION - fix gene: lowercase first char. new=ugpE, old=UgpE
23:05:54.863 - INFO - ANNOTATION - fix gene: lowercase first char. new=ugpB, old=UgpB
23:05:54.863 - INFO - ANNOTATION - fix gene: lowercase first char. new=ugpB, old=UgpB
23:05:54.863 - INFO - ANNOTATION - fix gene: lowercase first char. new=ugpQ, old=UgpQ
23:05:54.863 - INFO - ANNOTATION - fix gene: lowercase first char. new=ugpQ, old=UgpQ
23:05:54.863 - INFO - ANNOTATION - marked as hypothetical: seq=contig_1, start=394471, stop=395001, strand=-
23:05:54.864 - INFO - ANNOTATION - fix product: revise DUF. new=DUF3923 domain-containing protein, old=DUF3923 family protein
23:05:54.864 - INFO - ANNOTATION - fix gene: extract symbol from protein name. symbol=padR
23:05:54.864 - INFO - ANNOTATION - fix gene: extract symbol from protein name. symbol=secA
23:05:54.864 - INFO - ANNOTATION - fix gene: lowercase first char. new=afuC, old=AfuC
23:05:54.864 - INFO - ANNOTATION - fix gene: lowercase first char. new=afuC, old=AfuC
23:05:54.864 - INFO - ANNOTATION - fix gene: extract symbol from protein name. symbol=gntR
23:05:54.864 - INFO - ANNOTATION - fix product: replace putative synonyms. new=putative phosphoketolase, old=Probable phosphoketolase
23:05:54.864 - INFO - ANNOTATION - fix gene: extract symbol from protein name. symbol=lsrF
23:05:54.864 - INFO - ANNOTATION - fix gene: extract symbol from protein name. symbol=rpiA
23:05:54.865 - INFO - ANNOTATION - fix gene: lowercase first char. new=ulaA, old=UlaA
23:05:54.865 - INFO - ANNOTATION - fix gene: lowercase first char. new=ulaA, old=UlaA
23:05:54.865 - INFO - ANNOTATION - fix gene: lowercase first char. new=sgaB, old=SgaB
23:05:54.865 - INFO - ANNOTATION - fix gene: lowercase first char. new=sgaB, old=SgaB
23:05:54.865 - INFO - ANNOTATION - fix gene: lowercase first char. new=ulaD, old=UlaD
23:05:54.865 - INFO - ANNOTATION - fix gene: lowercase first char. new=ulaD, old=UlaD
23:05:54.865 - INFO - ANNOTATION - fix gene: extract symbol from protein name. symbol=deoR
23:05:54.865 - INFO - ANNOTATION - fix gene: extract symbol from protein name. symbol=yidA
23:05:54.865 - INFO - ANNOTATION - fix gene: lowercase first char. new=araD, old=AraD
23:05:54.865 - INFO - ANNOTATION - fix gene: lowercase first char. new=araD, old=AraD
23:05:54.865 - INFO - ANNOTATION - fix gene: lowercase first char. new=fabG, old=FabG
23:05:54.865 - INFO - ANNOTATION - fix gene: lowercase first char. new=fabG, old=FabG
23:05:54.865 - INFO - ANNOTATION - fix gene: extract symbol from protein name. symbol=gutM
23:05:54.865 - INFO - ANNOTATION - fix gene: lowercase first char. new=srlA, old=SrlA
23:05:54.865 - INFO - ANNOTATION - fix gene: lowercase first char. new=srlA, old=SrlA
23:05:54.865 - INFO - ANNOTATION - fix gene: lowercase first char. new=srlE, old=SrlE
23:05:54.865 - INFO - ANNOTATION - fix gene: lowercase first char. new=srlE, old=SrlE
23:05:54.866 - INFO - ANNOTATION - fix gene: extract symbol from protein name. symbol=dgaE
23:05:54.866 - INFO - ANNOTATION - fix gene: lowercase first char. new=selA, old=SelA
23:05:54.866 - INFO - ANNOTATION - fix gene: lowercase first char. new=selA, old=SelA
23:05:54.866 - INFO - ANNOTATION - fix gene: extract symbol from protein name. symbol=kpsF
23:05:54.866 - INFO - ANNOTATION - fix gene: extract symbol from protein name. symbol=pdxA
23:05:54.867 - INFO - ANNOTATION - fix gene: extract symbol from protein name. symbol=bglG
23:05:54.867 - INFO - ANNOTATION - marked as hypothetical: seq=contig_1, start=463142, stop=463579, strand=+
23:05:54.867 - INFO - ANNOTATION - fix gene: extract symbol from protein name. symbol=bglG
23:05:54.867 - INFO - ANNOTATION - fix gene: extract symbol from protein name. symbol=rpiR
23:05:54.868 - INFO - ANNOTATION - marked as hypothetical: seq=contig_1, start=485165, stop=485365, strand=+
23:05:54.868 - INFO - ANNOTATION - fix gene: lowercase first char. new=ptsG2, old=PtsG2
23:05:54.868 - INFO - ANNOTATION - fix gene: lowercase first char. new=ptsG2, old=PtsG2
23:05:54.868 - INFO - ANNOTATION - fix gene: lowercase first char. new=celF, old=CelF
23:05:54.868 - INFO - ANNOTATION - fix gene: lowercase first char. new=celF, old=CelF
23:05:54.868 - INFO - ANNOTATION - fix gene: extract symbol from protein name. symbol=ompR
23:05:54.868 - INFO - ANNOTATION - fix gene: extract symbol from protein name. symbol=ykoT
23:05:54.868 - INFO - ANNOTATION - fix gene: extract symbol from protein name. symbol=rpiA
23:05:54.868 - INFO - ANNOTATION - marked as hypothetical: seq=contig_1, start=501117, stop=501869, strand=-
23:05:54.868 - INFO - ANNOTATION - fix gene: extract symbol from protein name. symbol=glcR
23:05:54.868 - INFO - ANNOTATION - marked as hypothetical: seq=contig_1, start=509050, stop=509310, strand=+
23:05:54.869 - INFO - ANNOTATION - fix gene: lowercase first char. new=manZ, old=ManZ
23:05:54.869 - INFO - ANNOTATION - fix gene: lowercase first char. new=manZ, old=ManZ
23:05:54.869 - INFO - ANNOTATION - fix gene: lowercase first char. new=manY, old=ManY
23:05:54.869 - INFO - ANNOTATION - fix gene: lowercase first char. new=manY, old=ManY
23:05:54.869 - INFO - ANNOTATION - fix gene: extract symbol from protein name. symbol=gntR
23:05:54.869 - INFO - ANNOTATION - fix gene: extract symbol from protein name. symbol=glpK
23:05:54.869 - INFO - ANNOTATION - fix gene: lowercase first char. new=rpiR, old=RpiR
23:05:54.869 - INFO - ANNOTATION - fix gene: lowercase first char. new=rpiR, old=RpiR
23:05:54.869 - INFO - ANNOTATION - fix gene: lowercase first char. new=ptsN, old=PtsN
23:05:54.869 - INFO - ANNOTATION - fix gene: lowercase first char. new=ptsN, old=PtsN
23:05:54.869 - INFO - ANNOTATION - marked as hypothetical: seq=contig_1, start=531745, stop=532218, strand=+
23:05:54.869 - INFO - ANNOTATION - fix product: replace putative synonyms. new=Uncharacterized membrane protein, putative Na+ channel or pump, old=Uncharacterized membrane protein, possible Na+ channel or pump
23:05:54.869 - INFO - INSDC - fix product: replace putative synonyms. new=putative membrane protein, putative Na+ channel or pump, old=Uncharacterized membrane protein, putative Na+ channel or pump
23:05:54.869 - INFO - ANNOTATION - fix gene: extract symbol from protein name. symbol=recA
23:05:54.869 - INFO - ANNOTATION - fix gene: lowercase first char. new=lysR, old=LysR
23:05:54.870 - INFO - ANNOTATION - fix gene: lowercase first char. new=lysR, old=LysR
23:05:54.870 - INFO - ANNOTATION - fix gene: lowercase first char. new=rnhA, old=RnhA
23:05:54.870 - INFO - ANNOTATION - fix gene: lowercase first char. new=rnhA, old=RnhA
23:05:54.870 - INFO - ANNOTATION - fix gene: lowercase first char. new=phoE, old=PhoE
23:05:54.870 - INFO - ANNOTATION - fix gene: lowercase first char. new=phoE, old=PhoE
23:05:54.870 - INFO - ANNOTATION - fix gene: extract symbol from protein name. symbol=cdiI
23:05:54.870 - INFO - ANNOTATION - fix gene: extract symbol from protein name. symbol=uvrA
23:05:54.870 - INFO - ANNOTATION - fix product: replace putative synonyms. new=putative HD superfamily hydrolase, old=Predicted HD superfamily hydrolase
23:05:54.870 - INFO - ANNOTATION - fix product: replace putative synonyms. new=putative metal-dependent membrane protease, old=Predicted metal-dependent membrane protease
23:05:54.870 - INFO - ANNOTATION - fix gene: extract symbol from protein name. symbol=helD
23:05:54.870 - INFO - ANNOTATION - fix gene: lowercase first char. new=opuBA, old=OpuBA
23:05:54.870 - INFO - ANNOTATION - fix gene: lowercase first char. new=opuBA, old=OpuBA
23:05:54.870 - INFO - ANNOTATION - fix gene: lowercase first char. new=lpd, old=Lpd
23:05:54.870 - INFO - ANNOTATION - fix gene: lowercase first char. new=lpd, old=Lpd
23:05:54.870 - INFO - ANNOTATION - fix gene: extract symbol from protein name. symbol=lemA
23:05:54.870 - INFO - ANNOTATION - fix gene: lowercase first char. new=lemA, old=LemA
23:05:54.870 - INFO - ANNOTATION - fix gene: lowercase first char. new=lemA, old=LemA
23:05:54.871 - INFO - ANNOTATION - fix gene: lowercase first char. new=norM, old=NorM
23:05:54.871 - INFO - ANNOTATION - fix gene: lowercase first char. new=norM, old=NorM
23:05:54.871 - INFO - ANNOTATION - fix gene: lowercase first char. new=ydhF, old=YdhF
23:05:54.871 - INFO - ANNOTATION - fix gene: lowercase first char. new=ydhF, old=YdhF
23:05:54.871 - INFO - ANNOTATION - fix gene: lowercase first char. new=gppA, old=GppA
23:05:54.871 - INFO - ANNOTATION - fix gene: lowercase first char. new=gppA, old=GppA
23:05:54.871 - INFO - ANNOTATION - fix gene: lowercase first char. new=ppk, old=Ppk
23:05:54.871 - INFO - ANNOTATION - fix gene: lowercase first char. new=ppk, old=Ppk
23:05:54.871 - INFO - ANNOTATION - fix gene: lowercase first char. new=ypuA, old=YpuA
23:05:54.871 - INFO - ANNOTATION - fix gene: lowercase first char. new=ypuA, old=YpuA
23:05:54.871 - INFO - ANNOTATION - marked as hypothetical: seq=contig_1, start=571657, stop=571935, strand=+
23:05:54.871 - INFO - ANNOTATION - marked as hypothetical: seq=contig_1, start=572585, stop=572707, strand=-
23:05:54.871 - INFO - ANNOTATION - fix gene: extract symbol from protein name. symbol=dltX
23:05:54.871 - INFO - ANNOTATION - fix product: replace putative synonyms. new=putative integral membrane protein, old=Predicted integral membrane protein
23:05:54.871 - INFO - ANNOTATION - fix gene: lowercase first char. new=mdh, old=Mdh
23:05:54.871 - INFO - ANNOTATION - fix gene: lowercase first char. new=mdh, old=Mdh
23:05:54.871 - INFO - ANNOTATION - fix gene: extract symbol from protein name. symbol=msbA
23:05:54.872 - INFO - ANNOTATION - fix gene: extract symbol from protein name. symbol=ndvA
23:05:54.872 - INFO - ANNOTATION - fix gene: extract symbol from protein name. symbol=dcuS
23:05:54.872 - INFO - ANNOTATION - fix gene: lowercase first char. new=lacD, old=LacD
23:05:54.872 - INFO - ANNOTATION - fix gene: lowercase first char. new=lacD, old=LacD
23:05:54.872 - INFO - ANNOTATION - fix gene: extract symbol from protein name. symbol=ycfH
23:05:54.872 - INFO - ANNOTATION - fix gene: extract symbol from protein name. symbol=rsmA
23:05:54.872 - INFO - ANNOTATION - fix gene: lowercase first char. new=czcD, old=CzcD
23:05:54.872 - INFO - ANNOTATION - fix gene: lowercase first char. new=czcD, old=CzcD
23:05:54.872 - INFO - ANNOTATION - fix gene: extract symbol from protein name. symbol=fetB
23:05:54.872 - INFO - INSDC - fix product: replace putative synonyms. new=ABC-type putative transport system, ATPase component, old=ABC-type uncharacterized transport system, ATPase component
23:05:54.872 - INFO - ANNOTATION - fix gene: extract symbol from protein name. symbol=glmU
23:05:54.872 - INFO - ANNOTATION - fix gene: lowercase first char. new=prsA, old=PrsA
23:05:54.872 - INFO - ANNOTATION - fix gene: lowercase first char. new=prsA, old=PrsA
23:05:54.873 - INFO - ANNOTATION - fix gene: extract symbol from protein name. symbol=mscL
23:05:54.873 - INFO - ANNOTATION - fix gene: lowercase first char. new=yjhB, old=YjhB
23:05:54.873 - INFO - ANNOTATION - fix gene: lowercase first char. new=yjhB, old=YjhB
23:05:54.873 - INFO - ANNOTATION - fix gene: lowercase first char. new=ydhJ, old=YdhJ
23:05:54.873 - INFO - ANNOTATION - fix gene: lowercase first char. new=ydhJ, old=YdhJ
23:05:54.873 - INFO - ANNOTATION - fix gene: lowercase first char. new=ywiB, old=YwiB
23:05:54.873 - INFO - ANNOTATION - fix gene: lowercase first char. new=ywiB, old=YwiB
23:05:54.873 - INFO - ANNOTATION - fix gene: lowercase first char. new=pyrG, old=PyrG
23:05:54.873 - INFO - ANNOTATION - fix gene: lowercase first char. new=pyrG, old=PyrG
23:05:54.873 - INFO - ANNOTATION - fix gene: lowercase first char. new=murA, old=MurA
23:05:54.873 - INFO - ANNOTATION - fix gene: lowercase first char. new=murA, old=MurA
23:05:54.873 - INFO - ANNOTATION - fix gene: extract symbol from protein name. symbol=cshA
23:05:54.873 - INFO - ANNOTATION - fix gene: lowercase first char. new=srmB, old=SrmB
23:05:54.873 - INFO - ANNOTATION - fix gene: lowercase first char. new=srmB, old=SrmB
23:05:54.874 - INFO - ANNOTATION - fix gene: extract symbol from protein name. symbol=ydcD
23:05:54.874 - INFO - ANNOTATION - fix gene: lowercase first char. new=mazF, old=MazF
23:05:54.874 - INFO - ANNOTATION - fix gene: lowercase first char. new=mazF, old=MazF
23:05:54.874 - INFO - ANNOTATION - fix gene: extract symbol from protein name. symbol=queT
23:05:54.874 - INFO - ANNOTATION - fix gene: extract symbol from protein name. symbol=cbpA
23:05:54.874 - INFO - ANNOTATION - fix gene: extract symbol from protein name. symbol=ytgP
23:05:54.874 - INFO - ANNOTATION - fix gene: lowercase first char. new=hslR, old=HslR
23:05:54.874 - INFO - ANNOTATION - fix gene: lowercase first char. new=hslR, old=HslR
23:05:54.874 - INFO - ANNOTATION - fix gene: lowercase first char. new=yabR, old=YabR
23:05:54.874 - INFO - ANNOTATION - fix gene: lowercase first char. new=yabR, old=YabR
23:05:54.874 - INFO - ANNOTATION - fix gene: extract symbol from protein name. symbol=ftsH
23:05:54.874 - INFO - ANNOTATION - fix gene: extract symbol from protein name. symbol=hslO
23:05:54.874 - INFO - ANNOTATION - fix gene: extract symbol from protein name. symbol=dusB
23:05:54.875 - INFO - ANNOTATION - marked as hypothetical: seq=contig_2, start=4380, stop=4673, strand=+
23:05:54.875 - INFO - ANNOTATION - fix gene: lowercase first char. new=acoB, old=AcoB
23:05:54.875 - INFO - ANNOTATION - fix gene: lowercase first char. new=acoB, old=AcoB
23:05:54.875 - INFO - INSDC - fix product: replace putative synonyms. new=putative protein family (UPF0223), old=Uncharacterised protein family (UPF0223)
23:05:54.875 - INFO - ANNOTATION - fix gene: extract symbol from protein name. symbol=typA
23:05:54.875 - INFO - ANNOTATION - fix product: replace putative synonyms. new=putative peptidoglycan glycosyltransferase FtsW, old=Probable peptidoglycan glycosyltransferase FtsW
23:05:54.875 - INFO - ANNOTATION - fix gene: extract symbol from protein name. symbol=ftsW
23:05:54.875 - INFO - ANNOTATION - fix gene: lowercase first char. new=pycA, old=PycA
23:05:54.875 - INFO - ANNOTATION - fix gene: lowercase first char. new=pycA, old=PycA
23:05:54.875 - INFO - ANNOTATION - fix gene: extract symbol from protein name. symbol=rsmD
23:05:54.875 - INFO - ANNOTATION - fix gene: extract symbol from protein name. symbol=sepM
23:05:54.875 - INFO - ANNOTATION - fix gene: extract symbol from protein name. symbol=comE
23:05:54.876 - INFO - ANNOTATION - marked as hypothetical: seq=contig_2, start=29019, stop=29714, strand=+
23:05:54.876 - INFO - ANNOTATION - fix gene: lowercase first char. new=rnjA, old=RnjA
23:05:54.876 - INFO - ANNOTATION - fix gene: lowercase first char. new=rnjA, old=RnjA
23:05:54.876 - INFO - ANNOTATION - fix gene: extract symbol from protein name. symbol=clpX
23:05:54.876 - INFO - ANNOTATION - fix gene: extract symbol from protein name. symbol=mazG
23:05:54.876 - INFO - ANNOTATION - fix gene: lowercase first char. new=hisJ, old=HisJ
23:05:54.876 - INFO - ANNOTATION - fix gene: lowercase first char. new=hisJ, old=HisJ
23:05:54.876 - INFO - ANNOTATION - fix gene: lowercase first char. new=glnQ, old=GlnQ
23:05:54.876 - INFO - ANNOTATION - fix gene: lowercase first char. new=glnQ, old=GlnQ
23:05:54.876 - INFO - ANNOTATION - fix gene: extract symbol from protein name. symbol=uvrC
23:05:54.876 - INFO - ANNOTATION - fix gene: lowercase first char. new=ptsN, old=PtsN
23:05:54.876 - INFO - ANNOTATION - fix gene: lowercase first char. new=ptsN, old=PtsN
23:05:54.877 - INFO - ANNOTATION - fix gene: extract symbol from protein name. symbol=deoR
23:05:54.877 - INFO - ANNOTATION - fix gene: extract symbol from protein name. symbol=obgE
23:05:54.877 - INFO - ANNOTATION - fix gene: extract symbol from protein name. symbol=oatA
23:05:54.877 - INFO - INSDC - fix product: replace putative synonyms. new=putative integral membrane protein, old=Uncharacterized integral membrane protein
23:05:54.877 - INFO - ANNOTATION - fix gene: extract symbol from protein name. symbol=clpB
23:05:54.877 - INFO - ANNOTATION - fix product: revise DUF. new=DUF2929 domain-containing protein, old=DUF2929 family protein
23:05:54.877 - INFO - ANNOTATION - fix gene: extract symbol from protein name. symbol=xerD
23:05:54.877 - INFO - ANNOTATION - fix gene: lowercase first char. new=scpA, old=ScpA
23:05:54.877 - INFO - ANNOTATION - fix gene: lowercase first char. new=scpA, old=ScpA
23:05:54.877 - INFO - ANNOTATION - fix gene: extract symbol from protein name. symbol=scpB
23:05:54.877 - INFO - ANNOTATION - fix gene: lowercase first char. new=fmnP, old=FmnP
23:05:54.877 - INFO - ANNOTATION - fix gene: lowercase first char. new=fmnP, old=FmnP
23:05:54.878 - INFO - ANNOTATION - fix gene: extract symbol from protein name. symbol=recQ
23:05:54.878 - INFO - ANNOTATION - fix gene: lowercase first char. new=hupA, old=HupA
23:05:54.878 - INFO - ANNOTATION - fix gene: lowercase first char. new=hupA, old=HupA
23:05:54.878 - INFO - ANNOTATION - fix gene: lowercase first char. new=bepA, old=BepA
23:05:54.878 - INFO - ANNOTATION - fix gene: lowercase first char. new=bepA, old=BepA
23:05:54.878 - INFO - ANNOTATION - fix gene: lowercase first char. new=yitT, old=YitT
23:05:54.878 - INFO - ANNOTATION - fix gene: lowercase first char. new=yitT, old=YitT
23:05:54.878 - INFO - ANNOTATION - fix product: replace putative synonyms. new=putative membrane protein, hemolysin III related protein, old=Predicted membrane protein, hemolysin III related protein
23:05:54.878 - INFO - ANNOTATION - fix gene: extract symbol from protein name. symbol=degV
23:05:54.878 - INFO - ANNOTATION - fix product: revise DUF. new=DUF2140 domain-containing protein, old=DUF2140 family protein
23:05:54.878 - INFO - ANNOTATION - fix gene: extract symbol from protein name. symbol=msrA
23:05:54.878 - INFO - ANNOTATION - fix gene: lowercase first char. new=msrA, old=MsrA
23:05:54.878 - INFO - ANNOTATION - fix gene: lowercase first char. new=msrA, old=MsrA
23:05:54.878 - INFO - ANNOTATION - fix gene: lowercase first char. new=yozE, old=YozE
23:05:54.878 - INFO - ANNOTATION - fix gene: lowercase first char. new=yozE, old=YozE
23:05:54.879 - INFO - ANNOTATION - fix gene: extract symbol from protein name. symbol=ctpA
23:05:54.879 - INFO - ANNOTATION - fix gene: extract symbol from protein name. symbol=ylqF
23:05:54.879 - INFO - ANNOTATION - fix gene: extract symbol from protein name. symbol=dprA
23:05:54.879 - INFO - ANNOTATION - fix gene: extract symbol from protein name. symbol=xerC
23:05:54.879 - INFO - ANNOTATION - fix gene: extract symbol from protein name. symbol=hslV
23:05:54.879 - INFO - ANNOTATION - fix gene: extract symbol from protein name. symbol=hslU
23:05:54.879 - INFO - ANNOTATION - fix gene: lowercase first char. new=galM, old=GalM
23:05:54.879 - INFO - ANNOTATION - fix gene: lowercase first char. new=galM, old=GalM
23:05:54.879 - INFO - ANNOTATION - fix gene: extract symbol from protein name. symbol=plsY
23:05:54.879 - INFO - ANNOTATION - fix gene: lowercase first char. new=pPX1, old=PPX1
23:05:54.879 - INFO - ANNOTATION - fix gene: lowercase first char. new=pPX1, old=PPX1
23:05:54.879 - INFO - ANNOTATION - fix gene: extract symbol from protein name. symbol=xerS
23:05:54.880 - INFO - ANNOTATION - fix gene: lowercase first char. new=lolD, old=LolD
23:05:54.880 - INFO - ANNOTATION - fix gene: lowercase first char. new=lolD, old=LolD
23:05:54.880 - INFO - ANNOTATION - fix gene: extract symbol from protein name. symbol=ompR
23:05:54.880 - INFO - ANNOTATION - fix gene: extract symbol from protein name. symbol=hisF
23:05:54.880 - INFO - ANNOTATION - fix gene: extract symbol from protein name. symbol=hisH
23:05:54.880 - INFO - ANNOTATION - fix gene: extract symbol from protein name. symbol=hisB
23:05:54.880 - INFO - ANNOTATION - fix gene: extract symbol from protein name. symbol=degV
23:05:54.880 - INFO - ANNOTATION - fix gene: lowercase first char. new=degV, old=DegV
23:05:54.880 - INFO - ANNOTATION - fix gene: lowercase first char. new=degV, old=DegV
23:05:54.880 - INFO - ANNOTATION - fix product: replace Homolog. new=Rqc2-like protein RqcH, old=Rqc2 homolog RqcH
23:05:54.880 - INFO - ANNOTATION - fix gene: extract symbol from protein name. symbol=rqcH
23:05:54.880 - INFO - ANNOTATION - fix gene: lowercase first char. new=rqcH, old=RqcH
23:05:54.880 - INFO - ANNOTATION - fix gene: lowercase first char. new=rqcH, old=RqcH
23:05:54.881 - INFO - ANNOTATION - fix gene: lowercase first char. new=pyrE, old=PyrE
23:05:54.881 - INFO - ANNOTATION - fix gene: lowercase first char. new=pyrE, old=PyrE
23:05:54.881 - INFO - ANNOTATION - fix gene: lowercase first char. new=carA, old=CarA
23:05:54.881 - INFO - ANNOTATION - fix gene: lowercase first char. new=carA, old=CarA
23:05:54.881 - INFO - ANNOTATION - fix gene: lowercase first char. new=uraA, old=UraA
23:05:54.881 - INFO - ANNOTATION - fix gene: lowercase first char. new=uraA, old=UraA
23:05:54.882 - INFO - ANNOTATION - fix gene: extract symbol from protein name. symbol=pyrR
23:05:54.882 - INFO - ANNOTATION - fix product: replace separator periods. new=14-7 kDa ribonuclease H-like protein, old=14.7 kDa ribonuclease H-like protein
23:05:54.882 - INFO - ANNOTATION - fix gene: extract symbol from protein name. symbol=nrdH
23:05:54.882 - INFO - ANNOTATION - fix gene: lowercase first char. new=grxC, old=GrxC
23:05:54.882 - INFO - ANNOTATION - fix gene: lowercase first char. new=grxC, old=GrxC
23:05:54.882 - INFO - ANNOTATION - fix gene: lowercase first char. new=lplA, old=LplA
23:05:54.882 - INFO - ANNOTATION - fix gene: lowercase first char. new=lplA, old=LplA
23:05:54.882 - INFO - ANNOTATION - fix gene: lowercase first char. new=rlmL, old=RlmL
23:05:54.882 - INFO - ANNOTATION - fix gene: lowercase first char. new=rlmL, old=RlmL
23:05:54.882 - INFO - ANNOTATION - fix gene: extract symbol from protein name. symbol=gpsB
23:05:54.882 - INFO - ANNOTATION - fix gene: extract symbol from protein name. symbol=recU
23:05:54.883 - INFO - ANNOTATION - fix gene: lowercase first char. new=comEB, old=ComEB
23:05:54.883 - INFO - ANNOTATION - fix gene: lowercase first char. new=comEB, old=ComEB
23:05:54.883 - INFO - ANNOTATION - fix gene: extract symbol from protein name. symbol=dnaD
23:05:54.883 - INFO - ANNOTATION - fix gene: lowercase first char. new=aspB, old=AspB
23:05:54.883 - INFO - ANNOTATION - fix gene: lowercase first char. new=aspB, old=AspB
23:05:54.883 - INFO - ANNOTATION - fix gene: extract symbol from protein name. symbol=dinG
23:05:54.883 - INFO - ANNOTATION - fix gene: extract symbol from protein name. symbol=addA
23:05:54.883 - INFO - ANNOTATION - fix gene: lowercase first char. new=paaD, old=PaaD
23:05:54.883 - INFO - ANNOTATION - fix gene: lowercase first char. new=paaD, old=PaaD
23:05:54.883 - INFO - ANNOTATION - fix gene: lowercase first char. new=pptA, old=PptA
23:05:54.883 - INFO - ANNOTATION - fix gene: lowercase first char. new=pptA, old=PptA
23:05:54.883 - INFO - ANNOTATION - fix gene: lowercase first char. new=nIF3, old=NIF3
23:05:54.883 - INFO - ANNOTATION - fix gene: lowercase first char. new=nIF3, old=NIF3
23:05:54.884 - INFO - ANNOTATION - fix gene: extract symbol from protein name. symbol=rpoD
23:05:54.884 - INFO - ANNOTATION - fix gene: lowercase first char. new=xerD, old=XerD
23:05:54.884 - INFO - ANNOTATION - fix gene: lowercase first char. new=xerD, old=XerD
23:05:54.884 - INFO - ANNOTATION - fix gene: extract symbol from protein name. symbol=safA
23:05:54.884 - INFO - ANNOTATION - fix gene: lowercase first char. new=acm, old=Acm
23:05:54.884 - INFO - ANNOTATION - fix gene: lowercase first char. new=acm, old=Acm
23:05:54.884 - INFO - ANNOTATION - fix product: revise DUF. new=DUF806 domain-containing protein, old=DUF806 family protein
23:05:54.885 - INFO - ANNOTATION - fix gene: lowercase first char. new=beeE, old=BeeE
23:05:54.885 - INFO - ANNOTATION - fix gene: lowercase first char. new=beeE, old=BeeE
23:05:54.885 - INFO - ANNOTATION - fix product: revise DUF. new=DUF1056 domain-containing protein, old=DUF1056 family protein
23:05:54.885 - INFO - ANNOTATION - marked as hypothetical: seq=contig_2, start=242566, stop=243564, strand=-
23:05:54.885 - INFO - ANNOTATION - marked as hypothetical: seq=contig_2, start=243561, stop=243788, strand=-
23:05:54.885 - INFO - ANNOTATION - marked as hypothetical: seq=contig_2, start=243809, stop=244096, strand=-
23:05:54.885 - INFO - ANNOTATION - fix gene: extract symbol from protein name. symbol=yajD
23:05:54.885 - INFO - ANNOTATION - marked as hypothetical: seq=contig_2, start=244989, stop=245813, strand=-
23:05:54.885 - INFO - ANNOTATION - marked as hypothetical: seq=contig_2, start=246827, stop=247972, strand=-
23:05:54.885 - INFO - ANNOTATION - marked as hypothetical: seq=contig_2, start=250250, stop=250561, strand=+
23:05:54.885 - INFO - ANNOTATION - fix gene: extract symbol from protein name. symbol=recO
23:05:54.885 - INFO - ANNOTATION - fix gene: extract symbol from protein name. symbol=ybeY
23:05:54.885 - INFO - ANNOTATION - fix gene: lowercase first char. new=phoH, old=PhoH
23:05:54.885 - INFO - ANNOTATION - fix gene: lowercase first char. new=phoH, old=PhoH
23:05:54.886 - INFO - ANNOTATION - fix gene: lowercase first char. new=ppsR, old=PpsR
23:05:54.886 - INFO - ANNOTATION - fix gene: lowercase first char. new=ppsR, old=PpsR
23:05:54.886 - INFO - ANNOTATION - fix gene: lowercase first char. new=nfo, old=Nfo
23:05:54.886 - INFO - ANNOTATION - fix gene: lowercase first char. new=nfo, old=Nfo
23:05:54.886 - INFO - ANNOTATION - fix gene: lowercase first char. new=yitT, old=YitT
23:05:54.886 - INFO - ANNOTATION - fix gene: lowercase first char. new=yitT, old=YitT
23:05:54.886 - INFO - ANNOTATION - fix gene: extract symbol from protein name. symbol=msrB
23:05:54.886 - INFO - ANNOTATION - fix gene: lowercase first char. new=spoT, old=SpoT
23:05:54.886 - INFO - ANNOTATION - fix gene: lowercase first char. new=spoT, old=SpoT
23:05:54.886 - INFO - ANNOTATION - marked as hypothetical: seq=contig_2, start=276953, stop=277201, strand=+
23:05:54.886 - INFO - ANNOTATION - marked as hypothetical: seq=contig_2, start=278120, stop=278302, strand=-
23:05:54.887 - INFO - ANNOTATION - marked as hypothetical: seq=contig_2, start=298083, stop=298331, strand=+
23:05:54.887 - INFO - ANNOTATION - marked as hypothetical: seq=contig_2, start=298539, stop=298838, strand=+
23:05:54.887 - INFO - ANNOTATION - marked as hypothetical: seq=contig_2, start=301392, stop=302405, strand=-
23:05:54.887 - INFO - ANNOTATION - fix gene: extract symbol from protein name. symbol=recJ
23:05:54.887 - INFO - ANNOTATION - marked as hypothetical: seq=contig_2, start=309270, stop=309503, strand=+
23:05:54.887 - INFO - ANNOTATION - marked as hypothetical: seq=contig_2, start=312591, stop=312782, strand=+
23:05:54.887 - INFO - ANNOTATION - fix gene: extract symbol from protein name. symbol=lagD
23:05:54.887 - INFO - ANNOTATION - fix gene: extract symbol from protein name. symbol=dnaJ
23:05:54.887 - INFO - ANNOTATION - fix gene: extract symbol from protein name. symbol=dnaK
23:05:54.888 - INFO - ANNOTATION - fix gene: extract symbol from protein name. symbol=grpE
23:05:54.888 - INFO - ANNOTATION - fix gene: extract symbol from protein name. symbol=hrcA
23:05:54.888 - INFO - ANNOTATION - fix gene: extract symbol from protein name. symbol=hemW
23:05:54.888 - INFO - ANNOTATION - fix gene: extract symbol from protein name. symbol=ribF
23:05:54.888 - INFO - ANNOTATION - fix gene: extract symbol from protein name. symbol=truB
23:05:54.888 - INFO - ANNOTATION - fix gene: extract symbol from protein name. symbol=ykoY
23:05:54.888 - INFO - ANNOTATION - fix gene: extract symbol from protein name. symbol=rbfA
23:05:54.888 - INFO - ANNOTATION - fix gene: extract symbol from protein name. symbol=rnpM
23:05:54.888 - INFO - ANNOTATION - fix gene: extract symbol from protein name. symbol=nusA
23:05:54.888 - INFO - ANNOTATION - fix gene: lowercase first char. new=nusA, old=NusA
23:05:54.888 - INFO - ANNOTATION - fix gene: lowercase first char. new=nusA, old=NusA
23:05:54.888 - INFO - ANNOTATION - fix gene: extract symbol from protein name. symbol=rimP
23:05:54.888 - INFO - ANNOTATION - fix gene: extract symbol from protein name. symbol=rseP
23:05:54.888 - INFO - ANNOTATION - fix gene: lowercase first char. new=cdsA, old=CdsA
23:05:54.889 - INFO - ANNOTATION - fix gene: lowercase first char. new=cdsA, old=CdsA
23:05:54.889 - INFO - ANNOTATION - fix gene: lowercase first char. new=uppS, old=UppS
23:05:54.889 - INFO - ANNOTATION - fix gene: lowercase first char. new=uppS, old=UppS
23:05:54.889 - INFO - ANNOTATION - marked as hypothetical: seq=contig_2, start=344706, stop=344930, strand=-
23:05:54.889 - INFO - ANNOTATION - fix gene: lowercase first char. new=acm, old=Acm
23:05:54.889 - INFO - ANNOTATION - fix gene: lowercase first char. new=acm, old=Acm
23:05:54.889 - INFO - ANNOTATION - marked as hypothetical: seq=contig_2, start=346290, stop=346499, strand=-
23:05:54.889 - INFO - ANNOTATION - fix gene: extract symbol from protein name. symbol=xkdX
23:05:54.889 - INFO - ANNOTATION - fix gene: extract symbol from protein name. symbol=yajD
23:05:54.890 - INFO - ANNOTATION - marked as hypothetical: seq=contig_2, start=367060, stop=367617, strand=-
23:05:54.890 - INFO - ANNOTATION - marked as hypothetical: seq=contig_2, start=370045, stop=370542, strand=-
23:05:54.890 - INFO - ANNOTATION - fix product: revise DUF. new=DUF6941 domain-containing protein, old=DUF6941 family protein
23:05:54.890 - INFO - ANNOTATION - fix gene: extract symbol from protein name. symbol=yopX
23:05:54.890 - INFO - ANNOTATION - marked as hypothetical: seq=contig_2, start=374460, stop=374738, strand=-
23:05:54.890 - INFO - ANNOTATION - marked as hypothetical: seq=contig_2, start=374809, stop=375294, strand=-
23:05:54.890 - INFO - ANNOTATION - fix gene: extract symbol from protein name. symbol=dnaD
23:05:54.890 - INFO - ANNOTATION - marked as hypothetical: seq=contig_2, start=377229, stop=377327, strand=-
23:05:54.890 - INFO - ANNOTATION - marked as hypothetical: seq=contig_2, start=377372, stop=377917, strand=+
23:05:54.890 - INFO - ANNOTATION - marked as hypothetical: seq=contig_2, start=378096, stop=378188, strand=-
23:05:54.890 - INFO - ANNOTATION - marked as hypothetical: seq=contig_2, start=378855, stop=379034, strand=-
23:05:54.890 - INFO - ANNOTATION - marked as hypothetical: seq=contig_2, start=379901, stop=380362, strand=+
23:05:54.891 - INFO - ANNOTATION - fix gene: lowercase first char. new=potE, old=PotE
23:05:54.891 - INFO - ANNOTATION - fix gene: lowercase first char. new=potE, old=PotE
23:05:54.891 - INFO - ANNOTATION - fix product: replace putative synonyms. new=putative membrane protein, old=Predicted membrane protein
23:05:54.891 - INFO - ANNOTATION - fix gene: extract symbol from protein name. symbol=yheH
23:05:54.891 - INFO - ANNOTATION - fix gene: lowercase first char. new=mdlB, old=MdlB
23:05:54.891 - INFO - ANNOTATION - fix gene: lowercase first char. new=mdlB, old=MdlB
23:05:54.891 - INFO - ANNOTATION - fix gene: extract symbol from protein name. symbol=yheI
23:05:54.891 - INFO - ANNOTATION - fix gene: lowercase first char. new=mdlB, old=MdlB
23:05:54.891 - INFO - ANNOTATION - fix gene: lowercase first char. new=mdlB, old=MdlB
23:05:54.891 - INFO - ANNOTATION - fix gene: lowercase first char. new=yneF, old=YneF
23:05:54.891 - INFO - ANNOTATION - fix gene: lowercase first char. new=yneF, old=YneF
23:05:54.891 - INFO - ANNOTATION - fix gene: lowercase first char. new=ynzC, old=YnzC
23:05:54.891 - INFO - ANNOTATION - fix gene: lowercase first char. new=ynzC, old=YnzC
23:05:54.891 - INFO - ANNOTATION - fix gene: extract symbol from protein name. symbol=trmD
23:05:54.891 - INFO - ANNOTATION - fix gene: extract symbol from protein name. symbol=rimM
23:05:54.892 - INFO - ANNOTATION - fix gene: extract symbol from protein name. symbol=khpA
23:05:54.892 - INFO - ANNOTATION - fix gene: lowercase first char. new=ylxM, old=YlxM
23:05:54.892 - INFO - ANNOTATION - fix gene: lowercase first char. new=ylxM, old=YlxM
23:05:54.892 - INFO - ANNOTATION - fix gene: extract symbol from protein name. symbol=ftsY
23:05:54.892 - INFO - ANNOTATION - fix gene: lowercase first char. new=dppC, old=DppC
23:05:54.892 - INFO - ANNOTATION - fix gene: lowercase first char. new=dppC, old=DppC
23:05:54.892 - INFO - ANNOTATION - fix gene: lowercase first char. new=yejF, old=YejF
23:05:54.892 - INFO - ANNOTATION - fix gene: lowercase first char. new=yejF, old=YejF
23:05:54.892 - INFO - ANNOTATION - fix gene: lowercase first char. new=dppD, old=DppD
23:05:54.892 - INFO - ANNOTATION - fix gene: lowercase first char. new=dppD, old=DppD
23:05:54.892 - INFO - ANNOTATION - fix gene: extract symbol from protein name. symbol=plsX
23:05:54.893 - INFO - ANNOTATION - fix gene: extract symbol from protein name. symbol=recG
23:05:54.893 - INFO - ANNOTATION - fix gene: extract symbol from protein name. symbol=dhaL
23:05:54.893 - INFO - ANNOTATION - fix gene: lowercase first char. new=fakA, old=FakA
23:05:54.893 - INFO - ANNOTATION - fix gene: lowercase first char. new=fakA, old=FakA
23:05:54.893 - INFO - ANNOTATION - fix gene: lowercase first char. new=pTC1, old=PTC1
23:05:54.893 - INFO - ANNOTATION - fix gene: lowercase first char. new=pTC1, old=PTC1
23:05:54.893 - INFO - ANNOTATION - fix gene: extract symbol from protein name. symbol=rsmB
23:05:54.893 - INFO - ANNOTATION - fix product: replace putative synonyms. new=putative esterase of the alpha-beta hydrolase superfamily, old=Predicted esterase of the alpha-beta hydrolase superfamily
23:05:54.893 - INFO - ANNOTATION - marked as hypothetical: seq=contig_2, start=429957, stop=430259, strand=+
23:05:54.893 - INFO - ANNOTATION - marked as hypothetical: seq=contig_2, start=430256, stop=430393, strand=+
23:05:54.893 - INFO - ANNOTATION - fix gene: extract symbol from protein name. symbol=recN
23:05:54.894 - INFO - ANNOTATION - fix gene: lowercase first char. new=argR, old=ArgR
23:05:54.894 - INFO - ANNOTATION - fix gene: lowercase first char. new=argR, old=ArgR
23:05:54.894 - INFO - ANNOTATION - fix gene: extract symbol from protein name. symbol=ftsJ
23:05:54.894 - INFO - ANNOTATION - fix gene: lowercase first char. new=yqxC, old=YqxC
23:05:54.894 - INFO - ANNOTATION - fix gene: lowercase first char. new=yqxC, old=YqxC
23:05:54.894 - INFO - ANNOTATION - fix gene: extract symbol from protein name. symbol=folD
23:05:54.894 - INFO - ANNOTATION - fix gene: extract symbol from protein name. symbol=nusB
23:05:54.894 - INFO - ANNOTATION - fix gene: extract symbol from protein name. symbol=hicB
23:05:54.894 - INFO - ANNOTATION - fix gene: lowercase first char. new=soxR, old=SoxR
23:05:54.894 - INFO - ANNOTATION - fix gene: lowercase first char. new=soxR, old=SoxR
23:05:54.894 - INFO - ANNOTATION - fix gene: lowercase first char. new=ynbB, old=YnbB
23:05:54.894 - INFO - ANNOTATION - fix gene: lowercase first char. new=ynbB, old=YnbB
23:05:54.895 - INFO - ANNOTATION - fix gene: extract symbol from protein name. symbol=miaA
23:05:54.895 - INFO - ANNOTATION - fix product: revise DUF. new=DUF3042 domain-containing protein, old=DUF3042 family protein
23:05:54.895 - INFO - ANNOTATION - fix gene: lowercase first char. new=pspE, old=PspE
23:05:54.895 - INFO - ANNOTATION - fix gene: lowercase first char. new=pspE, old=PspE
23:05:54.895 - INFO - ANNOTATION - fix gene: lowercase first char. new=nagC, old=NagC
23:05:54.895 - INFO - ANNOTATION - fix gene: lowercase first char. new=nagC, old=NagC
23:05:54.895 - INFO - ANNOTATION - fix product: revise DUF. new=DUF910 domain-containing protein, old=DUF910 family protein
23:05:54.895 - INFO - ANNOTATION - fix gene: extract symbol from protein name. symbol=ftsI
23:05:54.895 - INFO - ANNOTATION - fix gene: lowercase first char. new=ftsI, old=FtsI
23:05:54.895 - INFO - ANNOTATION - fix gene: lowercase first char. new=ftsI, old=FtsI
23:05:54.895 - INFO - ANNOTATION - fix gene: extract symbol from protein name. symbol=yfhO
23:05:54.895 - INFO - ANNOTATION - fix gene: lowercase first char. new=yneR, old=YneR
23:05:54.895 - INFO - ANNOTATION - fix gene: lowercase first char. new=yneR, old=YneR
23:05:54.895 - INFO - ANNOTATION - fix gene: extract symbol from protein name. symbol=citB
23:05:54.895 - INFO - ANNOTATION - fix gene: lowercase first char. new=citB, old=CitB
23:05:54.895 - INFO - ANNOTATION - fix gene: lowercase first char. new=citB, old=CitB
23:05:54.895 - INFO - ANNOTATION - fix gene: lowercase first char. new=comP, old=ComP
23:05:54.895 - INFO - ANNOTATION - fix gene: lowercase first char. new=comP, old=ComP
23:05:54.895 - INFO - ANNOTATION - fix gene: extract symbol from protein name. symbol=greA
23:05:54.896 - INFO - ANNOTATION - fix product: replace putative synonyms. new=putative transcriptional regulator, old=Predicted transcriptional regulator
23:05:54.896 - INFO - ANNOTATION - fix gene: lowercase first char. new=hxlR, old=HxlR
23:05:54.896 - INFO - ANNOTATION - fix gene: lowercase first char. new=hxlR, old=HxlR
23:05:54.896 - INFO - ANNOTATION - fix product: replace putative synonyms. new=putative HD superfamily hydrolase, old=Predicted HD superfamily hydrolase
23:05:54.896 - INFO - ANNOTATION - fix gene: lowercase first char. new=rnaY, old=RnaY
23:05:54.896 - INFO - ANNOTATION - fix gene: lowercase first char. new=rnaY, old=RnaY
23:05:54.896 - INFO - ANNOTATION - fix gene: lowercase first char. new=spoU, old=SpoU
23:05:54.896 - INFO - ANNOTATION - fix gene: lowercase first char. new=spoU, old=SpoU
23:05:54.896 - INFO - ANNOTATION - fix gene: extract symbol from protein name. symbol=yidC
23:05:54.896 - INFO - ANNOTATION - fix gene: extract symbol from protein name. symbol=arlS
23:05:54.896 - INFO - ANNOTATION - fix gene: lowercase first char. new=ompR, old=OmpR
23:05:54.896 - INFO - ANNOTATION - fix gene: lowercase first char. new=ompR, old=OmpR
23:05:54.896 - INFO - ANNOTATION - fix gene: lowercase first char. new=yceD, old=YceD
23:05:54.897 - INFO - ANNOTATION - fix gene: lowercase first char. new=yceD, old=YceD
23:05:54.897 - INFO - ANNOTATION - marked as hypothetical: seq=contig_2, start=478547, stop=478801, strand=+
23:05:54.897 - INFO - ANNOTATION - fix gene: extract symbol from protein name. symbol=yqeK
23:05:54.897 - INFO - ANNOTATION - fix gene: lowercase first char. new=nadD, old=NadD
23:05:54.897 - INFO - ANNOTATION - fix gene: lowercase first char. new=nadD, old=NadD
23:05:54.897 - INFO - ANNOTATION - fix gene: extract symbol from protein name. symbol=yhbY
23:05:54.897 - INFO - ANNOTATION - fix gene: extract symbol from protein name. symbol=yqeH
23:05:54.897 - INFO - ANNOTATION - fix gene: extract symbol from protein name. symbol=yqeG
23:05:54.897 - INFO - ANNOTATION - fix gene: lowercase first char. new=catE, old=CatE
23:05:54.897 - INFO - ANNOTATION - fix gene: lowercase first char. new=catE, old=CatE
23:05:54.897 - INFO - ANNOTATION - fix gene: lowercase first char. new=ypfH, old=YpfH
23:05:54.897 - INFO - ANNOTATION - fix gene: lowercase first char. new=ypfH, old=YpfH
23:05:54.897 - INFO - ANNOTATION - fix gene: extract symbol from protein name. symbol=sseB
23:05:54.898 - INFO - ANNOTATION - marked as hypothetical: seq=contig_2, start=494347, stop=494778, strand=-
23:05:54.898 - INFO - ANNOTATION - fix gene: extract symbol from protein name. symbol=dnaI
23:05:54.898 - INFO - ANNOTATION - fix gene: extract symbol from protein name. symbol=dnaB
23:05:54.898 - INFO - ANNOTATION - fix gene: extract symbol from protein name. symbol=nrdR
23:05:54.898 - INFO - ANNOTATION - fix gene: extract symbol from protein name. symbol=ftsH
23:05:54.898 - INFO - ANNOTATION - fix gene: extract symbol from protein name. symbol=ftsK
23:05:54.898 - INFO - ANNOTATION - fix gene: extract symbol from protein name. symbol=ytpR
23:05:54.898 - INFO - ANNOTATION - fix gene: lowercase first char. new=trxA, old=TrxA
23:05:54.898 - INFO - ANNOTATION - fix gene: lowercase first char. new=trxA, old=TrxA
23:05:54.898 - INFO - ANNOTATION - fix gene: extract symbol from protein name. symbol=trmB
23:05:54.898 - INFO - ANNOTATION - marked as hypothetical: seq=contig_2, start=510081, stop=510179, strand=-
23:05:54.898 - INFO - ANNOTATION - fix product: replace putative synonyms. new=putative ABC-type exoprotein transport system, permease component, old=Predicted ABC-type exoprotein transport system, permease component
23:05:54.898 - INFO - ANNOTATION - fix gene: lowercase first char. new=hinT, old=HinT
23:05:54.898 - INFO - ANNOTATION - fix gene: lowercase first char. new=hinT, old=HinT
23:05:54.898 - INFO - ANNOTATION - fix gene: extract symbol from protein name. symbol=prsA
23:05:54.899 - INFO - ANNOTATION - fix gene: lowercase first char. new=surA, old=SurA
23:05:54.899 - INFO - ANNOTATION - fix gene: lowercase first char. new=surA, old=SurA
23:05:54.899 - INFO - ANNOTATION - fix gene: extract symbol from protein name. symbol=yhaM
23:05:54.899 - INFO - ANNOTATION - fix gene: lowercase first char. new=yhaM, old=YhaM
23:05:54.899 - INFO - ANNOTATION - fix gene: lowercase first char. new=yhaM, old=YhaM
23:05:54.899 - INFO - ANNOTATION - fix gene: extract symbol from protein name. symbol=lacI
23:05:54.899 - INFO - ANNOTATION - fix gene: lowercase first char. new=cfa, old=Cfa
23:05:54.899 - INFO - ANNOTATION - fix gene: lowercase first char. new=cfa, old=Cfa
23:05:54.899 - INFO - ANNOTATION - fix gene: extract symbol from protein name. symbol=fabZ
23:05:54.899 - INFO - ANNOTATION - fix gene: lowercase first char. new=fabG, old=FabG
23:05:54.899 - INFO - ANNOTATION - fix gene: lowercase first char. new=fabG, old=FabG
23:05:54.900 - INFO - ANNOTATION - fix gene: lowercase first char. new=yrpB, old=YrpB
23:05:54.900 - INFO - ANNOTATION - fix gene: lowercase first char. new=yrpB, old=YrpB
23:05:54.900 - INFO - ANNOTATION - fix gene: extract symbol from protein name. symbol=marR
23:05:54.900 - INFO - ANNOTATION - fix gene: lowercase first char. new=marR, old=MarR
23:05:54.900 - INFO - ANNOTATION - fix gene: lowercase first char. new=marR, old=MarR
23:05:54.900 - INFO - ANNOTATION - fix gene: extract symbol from protein name. symbol=fabZ
23:05:54.900 - INFO - ANNOTATION - fix product: revise DUF. new=DUF2316 domain-containing protein, old=DUF2316 family protein
23:05:54.900 - INFO - ANNOTATION - fix gene: lowercase first char. new=gpmA, old=GpmA
23:05:54.900 - INFO - ANNOTATION - fix gene: lowercase first char. new=gpmA, old=GpmA
23:05:54.900 - INFO - ANNOTATION - fix gene: lowercase first char. new=perM, old=PerM
23:05:54.900 - INFO - ANNOTATION - fix gene: lowercase first char. new=perM, old=PerM
23:05:54.900 - INFO - ANNOTATION - fix gene: extract symbol from protein name. symbol=bmrU
23:05:54.901 - INFO - ANNOTATION - fix gene: lowercase first char. new=proW, old=ProW
23:05:54.901 - INFO - ANNOTATION - fix gene: lowercase first char. new=proW, old=ProW
23:05:54.901 - INFO - ANNOTATION - fix gene: lowercase first char. new=proV, old=ProV
23:05:54.901 - INFO - ANNOTATION - fix gene: lowercase first char. new=proV, old=ProV
23:05:54.901 - INFO - ANNOTATION - fix gene: extract symbol from protein name. symbol=sfsA
23:05:54.901 - INFO - ANNOTATION - fix gene: extract symbol from protein name. symbol=uspA
23:05:54.901 - INFO - ANNOTATION - fix gene: lowercase first char. new=uspA, old=UspA
23:05:54.901 - INFO - ANNOTATION - fix gene: lowercase first char. new=uspA, old=UspA
23:05:54.901 - INFO - ANNOTATION - fix gene: lowercase first char. new=yqiK, old=YqiK
23:05:54.901 - INFO - ANNOTATION - fix gene: lowercase first char. new=yqiK, old=YqiK
23:05:54.901 - INFO - ANNOTATION - fix gene: lowercase first char. new=aspB, old=AspB
23:05:54.901 - INFO - ANNOTATION - fix gene: lowercase first char. new=aspB, old=AspB
23:05:54.902 - INFO - ANNOTATION - fix gene: lowercase first char. new=menA, old=MenA
23:05:54.902 - INFO - ANNOTATION - fix gene: lowercase first char. new=menA, old=MenA
23:05:54.902 - INFO - INSDC - fix product: replace putative synonyms. new=ABC-type putative transport system, ATPase component, old=ABC-type uncharacterized transport system, ATPase component
23:05:54.902 - INFO - ANNOTATION - fix gene: extract symbol from protein name. symbol=gntR
23:05:54.902 - INFO - ANNOTATION - fix gene: extract symbol from protein name. symbol=tdcB
23:05:54.902 - INFO - ANNOTATION - fix gene: extract symbol from protein name. symbol=tetR
23:05:54.902 - INFO - ANNOTATION - fix gene: extract symbol from protein name. symbol=bglH
23:05:54.902 - INFO - ANNOTATION - fix gene: extract symbol from protein name. symbol=bglG
23:05:54.902 - INFO - ANNOTATION - fix gene: extract symbol from protein name. symbol=nusG
23:05:54.903 - INFO - ANNOTATION - marked as hypothetical: seq=contig_3, start=109156, stop=109950, strand=-
23:05:54.903 - INFO - ANNOTATION - fix gene: extract symbol from protein name. symbol=yxeA
23:05:54.903 - INFO - ANNOTATION - fix gene: extract symbol from protein name. symbol=cydC
23:05:54.903 - INFO - ANNOTATION - fix gene: extract symbol from protein name. symbol=cydD
23:05:54.903 - INFO - ANNOTATION - fix gene: lowercase first char. new=appC, old=AppC
23:05:54.903 - INFO - ANNOTATION - fix gene: lowercase first char. new=appC, old=AppC
23:05:54.903 - INFO - ANNOTATION - marked as hypothetical: seq=contig_3, start=118113, stop=118256, strand=-
23:05:54.903 - INFO - ANNOTATION - marked as hypothetical: seq=contig_3, start=122278, stop=122451, strand=+
23:05:54.903 - INFO - ANNOTATION - fix gene: lowercase first char. new=uspA, old=UspA
23:05:54.903 - INFO - ANNOTATION - fix gene: lowercase first char. new=uspA, old=UspA
23:05:54.903 - INFO - ANNOTATION - fix gene: extract symbol from protein name. symbol=queG
23:05:54.903 - INFO - ANNOTATION - marked as hypothetical: seq=contig_3, start=128034, stop=128399, strand=+
23:05:54.903 - INFO - ANNOTATION - fix gene: lowercase first char. new=bioY, old=BioY
23:05:54.903 - INFO - ANNOTATION - fix gene: lowercase first char. new=bioY, old=BioY
23:05:54.904 - INFO - ANNOTATION - fix gene: extract symbol from protein name. symbol=merR
23:05:54.904 - INFO - ANNOTATION - marked as hypothetical: seq=contig_3, start=130066, stop=130248, strand=-
23:05:54.904 - INFO - ANNOTATION - fix gene: lowercase first char. new=mpfA, old=MpfA
23:05:54.904 - INFO - ANNOTATION - fix gene: lowercase first char. new=mpfA, old=MpfA
23:05:54.904 - INFO - ANNOTATION - fix gene: lowercase first char. new=araJ, old=AraJ
23:05:54.904 - INFO - ANNOTATION - fix gene: lowercase first char. new=araJ, old=AraJ
23:05:54.904 - INFO - ANNOTATION - fix gene: extract symbol from protein name. symbol=mutL
23:05:54.904 - INFO - ANNOTATION - fix gene: extract symbol from protein name. symbol=mutS
23:05:54.904 - INFO - ANNOTATION - fix gene: lowercase first char. new=potE, old=PotE
23:05:54.904 - INFO - ANNOTATION - fix gene: lowercase first char. new=potE, old=PotE
23:05:54.904 - INFO - ANNOTATION - fix product: revise DUF. new=DUF1827 domain-containing protein, old=DUF1827 family protein
23:05:54.904 - INFO - ANNOTATION - fix gene: lowercase first char. new=cps2a, old=Cps2a
23:05:54.904 - INFO - ANNOTATION - fix gene: lowercase first char. new=cps2a, old=Cps2a
23:05:54.904 - INFO - ANNOTATION - fix gene: extract symbol from protein name. symbol=gntR
23:05:54.905 - INFO - ANNOTATION - fix gene: lowercase first char. new=rex, old=Rex
23:05:54.905 - INFO - ANNOTATION - fix gene: lowercase first char. new=rex, old=Rex
23:05:54.905 - INFO - ANNOTATION - fix gene: extract symbol from protein name. symbol=tsaD
23:05:54.905 - INFO - ANNOTATION - fix gene: extract symbol from protein name. symbol=tsaB
23:05:54.905 - INFO - ANNOTATION - fix gene: extract symbol from protein name. symbol=folT
23:05:54.905 - INFO - ANNOTATION - fix gene: lowercase first char. new=ansA, old=AnsA
23:05:54.905 - INFO - ANNOTATION - fix gene: lowercase first char. new=ansA, old=AnsA
23:05:54.905 - INFO - ANNOTATION - fix gene: extract symbol from protein name. symbol=yabA
23:05:54.905 - INFO - ANNOTATION - fix gene: lowercase first char. new=yabA, old=YabA
23:05:54.905 - INFO - ANNOTATION - fix gene: lowercase first char. new=yabA, old=YabA
23:05:54.905 - INFO - ANNOTATION - fix gene: lowercase first char. new=darA, old=DarA
23:05:54.905 - INFO - ANNOTATION - fix gene: lowercase first char. new=darA, old=DarA
23:05:54.905 - INFO - ANNOTATION - marked as hypothetical: seq=contig_3, start=168859, stop=169095, strand=+
23:05:54.905 - INFO - ANNOTATION - fix product: revise DUF. new=DUF2508 domain-containing protein, old=DUF2508 family protein
23:05:54.905 - INFO - ANNOTATION - fix gene: extract symbol from protein name. symbol=recR
23:05:54.905 - INFO - ANNOTATION - fix gene: lowercase first char. new=ybaB, old=YbaB
23:05:54.905 - INFO - ANNOTATION - fix gene: lowercase first char. new=ybaB, old=YbaB
23:05:54.906 - INFO - ANNOTATION - fix gene: extract symbol from protein name. symbol=mprF
23:05:54.906 - INFO - ANNOTATION - fix gene: extract symbol from protein name. symbol=lacI
23:05:54.906 - INFO - ANNOTATION - fix gene: extract symbol from protein name. symbol=prsA
23:05:54.906 - INFO - ANNOTATION - fix gene: lowercase first char. new=araJ, old=AraJ
23:05:54.906 - INFO - ANNOTATION - fix gene: lowercase first char. new=araJ, old=AraJ
23:05:54.906 - INFO - ANNOTATION - fix gene: lowercase first char. new=araJ, old=AraJ
23:05:54.906 - INFO - ANNOTATION - fix gene: lowercase first char. new=araJ, old=AraJ
23:05:54.906 - INFO - ANNOTATION - fix gene: lowercase first char. new=adhE, old=AdhE
23:05:54.906 - INFO - ANNOTATION - fix gene: lowercase first char. new=adhE, old=AdhE
23:05:54.907 - INFO - ANNOTATION - fix gene: extract symbol from protein name. symbol=nusG
23:05:54.907 - INFO - ANNOTATION - fix gene: extract symbol from protein name. symbol=secE
23:05:54.907 - INFO - ANNOTATION - fix gene: extract symbol from protein name. symbol=pplA
23:05:54.907 - INFO - ANNOTATION - fix gene: lowercase first char. new=ndh, old=Ndh
23:05:54.907 - INFO - ANNOTATION - fix gene: lowercase first char. new=ndh, old=Ndh
23:05:54.907 - INFO - ANNOTATION - fix gene: extract symbol from protein name. symbol=nusG
23:05:54.907 - INFO - ANNOTATION - marked as hypothetical: seq=contig_3, start=214999, stop=215241, strand=-
23:05:54.907 - INFO - ANNOTATION - fix gene: lowercase first char. new=ssuD, old=SsuD
23:05:54.907 - INFO - ANNOTATION - fix gene: lowercase first char. new=ssuD, old=SsuD
23:05:54.907 - INFO - ANNOTATION - fix gene: lowercase first char. new=rae1, old=Rae1
23:05:54.907 - INFO - ANNOTATION - fix gene: lowercase first char. new=rae1, old=Rae1
23:05:54.907 - INFO - ANNOTATION - fix gene: extract symbol from protein name. symbol=rlmB
23:05:54.907 - INFO - ANNOTATION - marked as hypothetical: seq=contig_3, start=223073, stop=223660, strand=-
23:05:54.908 - INFO - ANNOTATION - fix gene: extract symbol from protein name. symbol=yhfC
23:05:54.908 - INFO - ANNOTATION - fix gene: extract symbol from protein name. symbol=gntR
23:05:54.908 - INFO - ANNOTATION - fix gene: extract symbol from protein name. symbol=radA
23:05:54.908 - INFO - ANNOTATION - fix gene: lowercase first char. new=dut, old=Dut
23:05:54.908 - INFO - ANNOTATION - fix gene: lowercase first char. new=dut, old=Dut
23:05:54.908 - INFO - ANNOTATION - fix gene: lowercase first char. new=yidJ, old=YidJ
23:05:54.908 - INFO - ANNOTATION - fix gene: lowercase first char. new=yidJ, old=YidJ
23:05:54.908 - INFO - ANNOTATION - fix product: replace putative synonyms. new=putative membrane protein, old=Predicted membrane protein
23:05:54.908 - INFO - ANNOTATION - fix gene: lowercase first char. new=pepC, old=PepC
23:05:54.908 - INFO - ANNOTATION - fix gene: lowercase first char. new=pepC, old=PepC
23:05:54.908 - INFO - ANNOTATION - fix product: replace putative synonyms. new=putative potassium transport system protein Kup, old=Probable potassium transport system protein Kup
23:05:54.908 - INFO - ANNOTATION - fix gene: lowercase first char. new=gpmA, old=GpmA
23:05:54.909 - INFO - ANNOTATION - fix gene: lowercase first char. new=gpmA, old=GpmA
23:05:54.909 - INFO - ANNOTATION - fix product: replace putative synonyms. new=putative membrane protein, old=Predicted membrane protein
23:05:54.909 - INFO - ANNOTATION - fix gene: extract symbol from protein name. symbol=parB
23:05:54.909 - INFO - ANNOTATION - fix gene: lowercase first char. new=lldD, old=LldD
23:05:54.909 - INFO - ANNOTATION - fix gene: lowercase first char. new=lldD, old=LldD
23:05:54.909 - INFO - ANNOTATION - marked as hypothetical: seq=contig_3, start=257615, stop=257821, strand=-
23:05:54.909 - INFO - ANNOTATION - fix gene: lowercase first char. new=araJ, old=AraJ
23:05:54.909 - INFO - ANNOTATION - fix gene: lowercase first char. new=araJ, old=AraJ
23:05:54.909 - INFO - ANNOTATION - marked as hypothetical: seq=contig_3, start=262431, stop=262625, strand=-
23:05:54.909 - INFO - ANNOTATION - marked as hypothetical: seq=contig_3, start=262879, stop=263415, strand=-
23:05:54.909 - INFO - ANNOTATION - fix gene: extract symbol from protein name. symbol=padR
23:05:54.910 - INFO - ANNOTATION - fix product: revise DUF. new=DUF1129 domain-containing protein, old=DUF1129 family protein
23:05:54.910 - INFO - ANNOTATION - fix product: revise DUF. new=DUF1129 domain-containing protein, old=DUF1129 family protein
23:05:54.910 - INFO - ANNOTATION - fix gene: lowercase first char. new=yjjB, old=YjjB
23:05:54.910 - INFO - ANNOTATION - fix gene: lowercase first char. new=yjjB, old=YjjB
23:05:54.910 - INFO - ANNOTATION - marked as hypothetical: seq=contig_3, start=281381, stop=281641, strand=-
23:05:54.910 - INFO - ANNOTATION - marked as hypothetical: seq=contig_3, start=281765, stop=282076, strand=-
23:05:54.910 - INFO - ANNOTATION - fix gene: extract symbol from protein name. symbol=lagD
23:05:54.910 - INFO - ANNOTATION - marked as hypothetical: seq=contig_3, start=286337, stop=286477, strand=-
23:05:54.910 - INFO - ANNOTATION - marked as hypothetical: seq=contig_3, start=289139, stop=289336, strand=-
23:05:54.910 - INFO - ANNOTATION - marked as hypothetical: seq=contig_3, start=291099, stop=291323, strand=+
23:05:54.910 - INFO - ANNOTATION - marked as hypothetical: seq=contig_3, start=291355, stop=291525, strand=-
23:05:54.910 - INFO - ANNOTATION - marked as hypothetical: seq=contig_3, start=294079, stop=294270, strand=-
23:05:54.910 - INFO - ANNOTATION - marked as hypothetical: seq=contig_3, start=295904, stop=296212, strand=-
23:05:54.910 - INFO - ANNOTATION - fix product: revise DUF. new=DUF1819 domain-containing protein, old=DUF1819 family protein
23:05:54.911 - INFO - ANNOTATION - fix gene: lowercase first char. new=mntH, old=MntH
23:05:54.911 - INFO - ANNOTATION - fix gene: lowercase first char. new=mntH, old=MntH
23:05:54.911 - INFO - ANNOTATION - fix gene: lowercase first char. new=mgtA, old=MgtA
23:05:54.911 - INFO - ANNOTATION - fix gene: lowercase first char. new=mgtA, old=MgtA
23:05:54.911 - INFO - ANNOTATION - marked as hypothetical: seq=contig_3, start=307855, stop=308220, strand=+
23:05:54.911 - INFO - ANNOTATION - fix gene: lowercase first char. new=araJ, old=AraJ
23:05:54.911 - INFO - ANNOTATION - fix gene: lowercase first char. new=araJ, old=AraJ
23:05:54.911 - INFO - ANNOTATION - fix gene: lowercase first char. new=sufI, old=SufI
23:05:54.911 - INFO - ANNOTATION - fix gene: lowercase first char. new=sufI, old=SufI
23:05:54.911 - INFO - ANNOTATION - fix gene: extract symbol from protein name. symbol=arsR
23:05:54.911 - INFO - ANNOTATION - fix gene: extract symbol from protein name. symbol=mntB
23:05:54.911 - INFO - ANNOTATION - fix gene: lowercase first char. new=znuB, old=ZnuB
23:05:54.911 - INFO - ANNOTATION - fix gene: lowercase first char. new=znuB, old=ZnuB
23:05:54.911 - INFO - ANNOTATION - fix gene: lowercase first char. new=znuC, old=ZnuC
23:05:54.911 - INFO - ANNOTATION - fix gene: lowercase first char. new=znuC, old=ZnuC
23:05:54.911 - INFO - ANNOTATION - marked as hypothetical: seq=contig_3, start=324775, stop=324924, strand=+
23:05:54.912 - INFO - ANNOTATION - marked as hypothetical: seq=contig_3, start=328055, stop=329239, strand=-
23:05:54.912 - INFO - ANNOTATION - marked as hypothetical: seq=contig_3, start=329691, stop=329978, strand=-
23:05:54.912 - INFO - ANNOTATION - fix gene: extract symbol from protein name. symbol=fluC
23:05:54.912 - INFO - ANNOTATION - fix gene: extract symbol from protein name. symbol=fluC
23:05:54.912 - INFO - ANNOTATION - marked as hypothetical: seq=contig_3, start=331840, stop=331959, strand=+
23:05:54.912 - INFO - ANNOTATION - marked as hypothetical: seq=contig_3, start=332451, stop=332633, strand=-
23:05:54.912 - INFO - ANNOTATION - marked as hypothetical: seq=contig_3, start=333026, stop=333313, strand=-
23:05:54.912 - INFO - ANNOTATION - fix gene: extract symbol from protein name. symbol=phnE
23:05:54.912 - INFO - ANNOTATION - fix gene: extract symbol from protein name. symbol=phnE
23:05:54.912 - INFO - INSDC - fix product: replace putative synonyms. new=ABC-type putative transport system, permease component, old=ABC-type uncharacterized transport system, permease component
23:05:54.912 - INFO - ANNOTATION - marked as hypothetical: seq=contig_3, start=349694, stop=349942, strand=-
23:05:54.913 - INFO - ANNOTATION - fix gene: extract symbol from protein name. symbol=tetR
23:05:54.913 - INFO - ANNOTATION - fix gene: extract symbol from protein name. symbol=hrtB
23:05:54.913 - INFO - ANNOTATION - fix gene: extract symbol from protein name. symbol=hrtA
23:05:54.913 - INFO - ANNOTATION - fix gene: extract symbol from protein name. symbol=merR
23:05:54.913 - INFO - ANNOTATION - fix gene: extract symbol from protein name. symbol=truA
23:05:54.913 - INFO - ANNOTATION - fix gene: extract symbol from protein name. symbol=ecfT
23:05:54.913 - INFO - ANNOTATION - fix gene: extract symbol from protein name. symbol=secY
23:05:54.914 - INFO - ANNOTATION - fix gene: extract symbol from protein name. symbol=psiE
23:05:54.914 - INFO - ANNOTATION - fix product: replace putative synonyms. new=putative outer membrane protein, old=Predicted outer membrane protein
23:05:54.914 - INFO - ANNOTATION - fix gene: lowercase first char. new=clpA, old=ClpA
23:05:54.914 - INFO - ANNOTATION - fix gene: lowercase first char. new=clpA, old=ClpA
23:05:54.914 - INFO - ANNOTATION - fix gene: extract symbol from protein name. symbol=ctsR
23:05:54.914 - INFO - ANNOTATION - fix gene: lowercase first char. new=ctsR, old=CtsR
23:05:54.914 - INFO - ANNOTATION - fix gene: lowercase first char. new=ctsR, old=CtsR
23:05:54.915 - INFO - ANNOTATION - fix gene: lowercase first char. new=aRA1, old=ARA1
23:05:54.915 - INFO - ANNOTATION - fix gene: lowercase first char. new=aRA1, old=ARA1
23:05:54.915 - INFO - ANNOTATION - fix gene: extract symbol from protein name. symbol=nrdI
23:05:54.915 - INFO - ANNOTATION - fix gene: lowercase first char. new=kefB, old=KefB
23:05:54.915 - INFO - ANNOTATION - fix gene: lowercase first char. new=kefB, old=KefB
23:05:54.915 - INFO - ANNOTATION - marked as hypothetical: seq=contig_4, start=11773, stop=12120, strand=-
23:05:54.915 - INFO - ANNOTATION - marked as hypothetical: seq=contig_4, start=17118, stop=17468, strand=-
23:05:54.915 - INFO - ANNOTATION - fix gene: lowercase first char. new=yfdV, old=YfdV
23:05:54.915 - INFO - ANNOTATION - fix gene: lowercase first char. new=yfdV, old=YfdV
23:05:54.915 - INFO - ANNOTATION - fix gene: lowercase first char. new=sfcA, old=SfcA
23:05:54.915 - INFO - ANNOTATION - fix gene: lowercase first char. new=sfcA, old=SfcA
23:05:54.915 - INFO - ANNOTATION - fix gene: lowercase first char. new=yeaO, old=YeaO
23:05:54.915 - INFO - ANNOTATION - fix gene: lowercase first char. new=yeaO, old=YeaO
23:05:54.916 - INFO - ANNOTATION - fix gene: lowercase first char. new=fAU1, old=FAU1
23:05:54.916 - INFO - ANNOTATION - fix gene: lowercase first char. new=fAU1, old=FAU1
23:05:54.916 - INFO - ANNOTATION - fix gene: extract symbol from protein name. symbol=lexA
23:05:54.916 - INFO - ANNOTATION - marked as hypothetical: seq=contig_4, start=31634, stop=31828, strand=-
23:05:54.916 - INFO - ANNOTATION - fix product: replace putative synonyms. new=putative permease, old=Predicted permease
23:05:54.916 - INFO - ANNOTATION - fix gene: lowercase first char. new=perM, old=PerM
23:05:54.916 - INFO - ANNOTATION - fix gene: lowercase first char. new=perM, old=PerM
23:05:54.916 - INFO - ANNOTATION - marked as hypothetical: seq=contig_4, start=33492, stop=33971, strand=+
23:05:54.916 - INFO - ANNOTATION - marked as hypothetical: seq=contig_4, start=34453, stop=34611, strand=-
23:05:54.916 - INFO - ANNOTATION - fix gene: extract symbol from protein name. symbol=padR
23:05:54.916 - INFO - ANNOTATION - fix gene: lowercase first char. new=lldD, old=LldD
23:05:54.916 - INFO - ANNOTATION - fix gene: lowercase first char. new=lldD, old=LldD
23:05:54.916 - INFO - ANNOTATION - fix gene: lowercase first char. new=yqjQ, old=YqjQ
23:05:54.916 - INFO - ANNOTATION - fix gene: lowercase first char. new=yqjQ, old=YqjQ
23:05:54.916 - INFO - ANNOTATION - fix gene: lowercase first char. new=yqkB, old=YqkB
23:05:54.916 - INFO - ANNOTATION - fix gene: lowercase first char. new=yqkB, old=YqkB
23:05:54.917 - INFO - ANNOTATION - fix gene: extract symbol from protein name. symbol=ompR
23:05:54.917 - INFO - INSDC - fix product: replace putative synonyms. new=ABC-type putative transport system, ATPase component, old=ABC-type uncharacterized transport system, ATPase component
23:05:54.917 - INFO - ANNOTATION - fix gene: lowercase first char. new=phnK, old=PhnK
23:05:54.917 - INFO - ANNOTATION - fix gene: lowercase first char. new=phnK, old=PhnK
23:05:54.917 - INFO - INSDC - fix product: replace putative synonyms. new=ABC-type putative transport system, permease component, old=ABC-type uncharacterized transport system, permease component
23:05:54.917 - INFO - ANNOTATION - fix gene: extract symbol from protein name. symbol=sbcC
23:05:54.917 - INFO - ANNOTATION - marked as hypothetical: seq=contig_4, start=64236, stop=65297, strand=+
23:05:54.917 - INFO - ANNOTATION - fix gene: lowercase first char. new=thiD, old=ThiD
23:05:54.917 - INFO - ANNOTATION - fix gene: lowercase first char. new=thiD, old=ThiD
23:05:54.917 - INFO - ANNOTATION - marked as hypothetical: seq=contig_4, start=67831, stop=68010, strand=-
23:05:54.917 - INFO - ANNOTATION - marked as hypothetical: seq=contig_4, start=71120, stop=71353, strand=+
23:05:54.917 - INFO - ANNOTATION - fix gene: lowercase first char. new=ibpA, old=IbpA
23:05:54.917 - INFO - ANNOTATION - fix gene: lowercase first char. new=ibpA, old=IbpA
23:05:54.917 - INFO - ANNOTATION - marked as hypothetical: seq=contig_4, start=72402, stop=72545, strand=-
23:05:54.918 - INFO - ANNOTATION - fix product: replace putative synonyms. new=putative phosphatase, old=Predicted phosphatase
23:05:54.918 - INFO - ANNOTATION - fix gene: lowercase first char. new=glpR, old=GlpR
23:05:54.918 - INFO - ANNOTATION - fix gene: lowercase first char. new=glpR, old=GlpR
23:05:54.918 - INFO - ANNOTATION - fix gene: extract symbol from protein name. symbol=lacA
23:05:54.918 - INFO - ANNOTATION - fix gene: extract symbol from protein name. symbol=lacB
23:05:54.918 - INFO - ANNOTATION - fix gene: lowercase first char. new=lacD, old=LacD
23:05:54.918 - INFO - ANNOTATION - fix gene: lowercase first char. new=lacD, old=LacD
23:05:54.918 - INFO - ANNOTATION - fix product: revise DUF. new=DUF4867 domain-containing protein, old=DUF4867 family protein
23:05:54.918 - INFO - ANNOTATION - marked as hypothetical: seq=contig_4, start=83034, stop=83228, strand=+
23:05:54.918 - INFO - ANNOTATION - fix gene: extract symbol from protein name. symbol=galR
23:05:54.918 - INFO - ANNOTATION - fix gene: extract symbol from protein name. symbol=galE
23:05:54.918 - INFO - ANNOTATION - fix gene: extract symbol from protein name. symbol=epsJ
23:05:54.918 - INFO - ANNOTATION - fix gene: extract symbol from protein name. symbol=glpK
23:05:54.918 - INFO - ANNOTATION - fix gene: lowercase first char. new=udg4, old=Udg4
23:05:54.919 - INFO - ANNOTATION - fix gene: lowercase first char. new=udg4, old=Udg4
23:05:54.919 - INFO - ANNOTATION - fix gene: lowercase first char. new=uup, old=Uup
23:05:54.919 - INFO - ANNOTATION - fix gene: lowercase first char. new=uup, old=Uup
23:05:54.919 - INFO - ANNOTATION - marked as hypothetical: seq=contig_4, start=105950, stop=106099, strand=+
23:05:54.919 - INFO - ANNOTATION - fix gene: extract symbol from protein name. symbol=nikA
23:05:54.919 - INFO - ANNOTATION - marked as hypothetical: seq=contig_4, start=107260, stop=107418, strand=+
23:05:54.919 - INFO - ANNOTATION - marked as hypothetical: seq=contig_4, start=107880, stop=108068, strand=+
23:05:54.919 - INFO - ANNOTATION - marked as hypothetical: seq=contig_4, start=108592, stop=108780, strand=+
23:05:54.919 - INFO - ANNOTATION - marked as hypothetical: seq=contig_4, start=109538, stop=109768, strand=-
23:05:54.919 - INFO - ANNOTATION - fix gene: lowercase first char. new=sapB, old=SapB
23:05:54.919 - INFO - ANNOTATION - fix gene: lowercase first char. new=sapB, old=SapB
23:05:54.919 - INFO - ANNOTATION - fix gene: lowercase first char. new=amtB, old=AmtB
23:05:54.919 - INFO - ANNOTATION - fix gene: lowercase first char. new=amtB, old=AmtB
23:05:54.919 - INFO - ANNOTATION - fix gene: lowercase first char. new=ybjQ, old=YbjQ
23:05:54.919 - INFO - ANNOTATION - fix gene: lowercase first char. new=ybjQ, old=YbjQ
23:05:54.920 - INFO - ANNOTATION - fix gene: lowercase first char. new=ansP, old=AnsP
23:05:54.920 - INFO - ANNOTATION - fix gene: lowercase first char. new=ansP, old=AnsP
23:05:54.920 - INFO - ANNOTATION - fix gene: extract symbol from protein name. symbol=osmC
23:05:54.920 - INFO - ANNOTATION - fix gene: lowercase first char. new=osmC, old=OsmC
23:05:54.920 - INFO - ANNOTATION - fix gene: lowercase first char. new=osmC, old=OsmC
23:05:54.920 - INFO - ANNOTATION - fix gene: lowercase first char. new=cspC, old=CspC
23:05:54.920 - INFO - ANNOTATION - fix gene: lowercase first char. new=cspC, old=CspC
23:05:54.920 - INFO - ANNOTATION - fix gene: lowercase first char. new=mdh, old=Mdh
23:05:54.920 - INFO - ANNOTATION - fix gene: lowercase first char. new=mdh, old=Mdh
23:05:54.920 - INFO - ANNOTATION - fix gene: lowercase first char. new=potE, old=PotE
23:05:54.920 - INFO - ANNOTATION - fix gene: lowercase first char. new=potE, old=PotE
23:05:54.920 - INFO - ANNOTATION - fix gene: extract symbol from protein name. symbol=sstT
23:05:54.920 - INFO - ANNOTATION - fix gene: lowercase first char. new=mdlB, old=MdlB
23:05:54.920 - INFO - ANNOTATION - fix gene: lowercase first char. new=mdlB, old=MdlB
23:05:54.921 - INFO - ANNOTATION - fix gene: lowercase first char. new=mdlB, old=MdlB
23:05:54.921 - INFO - ANNOTATION - fix gene: lowercase first char. new=mdlB, old=MdlB
23:05:54.921 - INFO - ANNOTATION - fix gene: extract symbol from protein name. symbol=drrA
23:05:54.921 - INFO - ANNOTATION - fix gene: extract symbol from protein name. symbol=fliK
23:05:54.921 - INFO - ANNOTATION - fix gene: lowercase first char. new=ycjR, old=YcjR
23:05:54.921 - INFO - ANNOTATION - fix gene: lowercase first char. new=ycjR, old=YcjR
23:05:54.922 - INFO - ANNOTATION - fix gene: extract symbol from protein name. symbol=lysR
23:05:54.922 - INFO - ANNOTATION - fix gene: lowercase first char. new=yagU, old=YagU
23:05:54.922 - INFO - ANNOTATION - fix gene: lowercase first char. new=yagU, old=YagU
23:05:54.922 - INFO - ANNOTATION - fix gene: lowercase first char. new=potE, old=PotE
23:05:54.922 - INFO - ANNOTATION - fix gene: lowercase first char. new=potE, old=PotE
23:05:54.922 - INFO - ANNOTATION - fix gene: extract symbol from protein name. symbol=ompR
23:05:54.922 - INFO - INSDC - fix product: replace putative synonyms. new=ABC-type putative transport system, ATPase component, old=ABC-type uncharacterized transport system, ATPase component
23:05:54.922 - INFO - ANNOTATION - fix gene: lowercase first char. new=srtA, old=SrtA
23:05:54.922 - INFO - ANNOTATION - fix gene: lowercase first char. new=srtA, old=SrtA
23:05:54.922 - INFO - ANNOTATION - fix gene: lowercase first char. new=clfA, old=ClfA
23:05:54.922 - INFO - ANNOTATION - fix gene: lowercase first char. new=clfA, old=ClfA
23:05:54.922 - INFO - ANNOTATION - fix gene: extract symbol from protein name. symbol=bglG
23:05:54.922 - INFO - ANNOTATION - fix gene: extract symbol from protein name. symbol=yitT
23:05:54.923 - INFO - ANNOTATION - fix gene: lowercase first char. new=hxlR, old=HxlR
23:05:54.923 - INFO - ANNOTATION - fix gene: lowercase first char. new=hxlR, old=HxlR
23:05:54.923 - INFO - ANNOTATION - fix gene: lowercase first char. new=qor, old=Qor
23:05:54.923 - INFO - ANNOTATION - fix gene: lowercase first char. new=qor, old=Qor
23:05:54.923 - INFO - ANNOTATION - fix product: replace putative synonyms. new=putative transcriptional regulator, old=Predicted transcriptional regulator
23:05:54.923 - INFO - ANNOTATION - fix gene: lowercase first char. new=potE, old=PotE
23:05:54.923 - INFO - ANNOTATION - fix gene: lowercase first char. new=potE, old=PotE
23:05:54.923 - INFO - ANNOTATION - fix gene: lowercase first char. new=ilvB, old=IlvB
23:05:54.923 - INFO - ANNOTATION - fix gene: lowercase first char. new=ilvB, old=IlvB
23:05:54.923 - INFO - ANNOTATION - fix gene: extract symbol from protein name. symbol=arsR
23:05:54.923 - INFO - ANNOTATION - fix gene: extract symbol from protein name. symbol=arsR
23:05:54.923 - INFO - ANNOTATION - fix gene: lowercase first char. new=osmC, old=OsmC
23:05:54.923 - INFO - ANNOTATION - fix gene: lowercase first char. new=osmC, old=OsmC
23:05:54.923 - INFO - ANNOTATION - fix gene: extract symbol from protein name. symbol=dhaK
23:05:54.923 - INFO - ANNOTATION - fix gene: extract symbol from protein name. symbol=dhaL
23:05:54.924 - INFO - ANNOTATION - fix gene: extract symbol from protein name. symbol=tetR
23:05:54.924 - INFO - ANNOTATION - fix gene: lowercase first char. new=uhpC, old=UhpC
23:05:54.924 - INFO - ANNOTATION - fix gene: lowercase first char. new=uhpC, old=UhpC
23:05:54.924 - INFO - ANNOTATION - fix gene: extract symbol from protein name. symbol=lacI
23:05:54.924 - INFO - ANNOTATION - fix gene: extract symbol from protein name. symbol=yidA
23:05:54.924 - INFO - ANNOTATION - fix gene: lowercase first char. new=fadH2, old=FadH2
23:05:54.924 - INFO - ANNOTATION - fix gene: lowercase first char. new=fadH2, old=FadH2
23:05:54.925 - INFO - ANNOTATION - fix gene: extract symbol from protein name. symbol=hrtA
23:05:54.925 - INFO - ANNOTATION - fix gene: extract symbol from protein name. symbol=hrtB
23:05:54.925 - INFO - ANNOTATION - fix gene: extract symbol from protein name. symbol=yvrJ
23:05:54.925 - INFO - ANNOTATION - fix gene: extract symbol from protein name. symbol=hxlR
23:05:54.925 - INFO - ANNOTATION - marked as hypothetical: seq=contig_4, start=292781, stop=293041, strand=+
23:05:54.925 - INFO - ANNOTATION - fix gene: extract symbol from protein name. symbol=levX
23:05:54.925 - INFO - ANNOTATION - fix gene: lowercase first char. new=manZ, old=ManZ
23:05:54.925 - INFO - ANNOTATION - fix gene: lowercase first char. new=manZ, old=ManZ
23:05:54.925 - INFO - ANNOTATION - marked as hypothetical: seq=contig_4, start=294696, stop=295049, strand=-
23:05:54.925 - INFO - ANNOTATION - marked as hypothetical: seq=contig_4, start=299809, stop=299913, strand=-
23:05:54.926 - INFO - ANNOTATION - fix gene: lowercase first char. new=ecfT, old=EcfT
23:05:54.926 - INFO - ANNOTATION - fix gene: lowercase first char. new=ecfT, old=EcfT
23:05:54.926 - INFO - ANNOTATION - fix gene: lowercase first char. new=eCF-S, old=ECF-S
23:05:54.926 - INFO - ANNOTATION - fix gene: lowercase first char. new=eCF-S, old=ECF-S
23:05:54.926 - INFO - ANNOTATION - fix gene: extract symbol from protein name. symbol=sdcS
23:05:54.926 - INFO - ANNOTATION - fix gene: extract symbol from protein name. symbol=dhaK
23:05:54.926 - INFO - ANNOTATION - fix gene: extract symbol from protein name. symbol=dhaL
23:05:54.927 - INFO - ANNOTATION - fix gene: extract symbol from protein name. symbol=fabG
23:05:54.927 - INFO - ANNOTATION - fix product: revise DUF. new=DUF4432 domain-containing protein, old=DUF4432 family protein
23:05:54.927 - INFO - ANNOTATION - fix gene: extract symbol from protein name. symbol=esuR
23:05:54.928 - INFO - ANNOTATION - marked as hypothetical: seq=contig_5, start=17574, stop=17867, strand=-
23:05:54.928 - INFO - ANNOTATION - fix gene: extract symbol from protein name. symbol=gcrA
23:05:54.928 - INFO - ANNOTATION - marked as hypothetical: seq=contig_5, start=21970, stop=22098, strand=-
23:05:54.928 - INFO - ANNOTATION - marked as hypothetical: seq=contig_5, start=23586, stop=23696, strand=-
23:05:54.928 - INFO - ANNOTATION - fix gene: extract symbol from protein name. symbol=dnaD
23:05:54.928 - INFO - ANNOTATION - fix gene: lowercase first char. new=dnaD, old=DnaD
23:05:54.928 - INFO - ANNOTATION - fix gene: lowercase first char. new=dnaD, old=DnaD
23:05:54.928 - INFO - ANNOTATION - fix gene: extract symbol from protein name. symbol=recT
23:05:54.928 - INFO - ANNOTATION - marked as hypothetical: seq=contig_5, start=30798, stop=30917, strand=-
23:05:54.928 - INFO - ANNOTATION - marked as hypothetical: seq=contig_5, start=30905, stop=31033, strand=-
23:05:54.928 - INFO - ANNOTATION - marked as hypothetical: seq=contig_5, start=31860, stop=32006, strand=-
23:05:54.929 - INFO - ANNOTATION - fix gene: extract symbol from protein name. symbol=irrE
23:05:54.929 - INFO - ANNOTATION - marked as hypothetical: seq=contig_5, start=36243, stop=36446, strand=+
23:05:54.929 - INFO - ANNOTATION - fix gene: lowercase first char. new=xerD, old=XerD
23:05:54.929 - INFO - ANNOTATION - fix gene: lowercase first char. new=xerD, old=XerD
23:05:54.929 - INFO - ANNOTATION - fix gene: lowercase first char. new=glcU, old=GlcU
23:05:54.929 - INFO - ANNOTATION - fix gene: lowercase first char. new=glcU, old=GlcU
23:05:54.929 - INFO - ANNOTATION - fix gene: lowercase first char. new=uraA, old=UraA
23:05:54.929 - INFO - ANNOTATION - fix gene: lowercase first char. new=uraA, old=UraA
23:05:54.929 - INFO - ANNOTATION - fix gene: lowercase first char. new=ygaE, old=YgaE
23:05:54.929 - INFO - ANNOTATION - fix gene: lowercase first char. new=ygaE, old=YgaE
23:05:54.930 - INFO - ANNOTATION - fix gene: extract symbol from protein name. symbol=yfhO
23:05:54.930 - INFO - ANNOTATION - fix gene: extract symbol from protein name. symbol=bglG
23:05:54.930 - INFO - ANNOTATION - fix gene: extract symbol from protein name. symbol=bglH
23:05:54.930 - INFO - ANNOTATION - marked as hypothetical: seq=contig_5, start=65593, stop=66333, strand=-
23:05:54.930 - INFO - ANNOTATION - fix gene: extract symbol from protein name. symbol=secA2
23:05:54.930 - INFO - ANNOTATION - marked as hypothetical: seq=contig_5, start=71585, stop=72322, strand=-
23:05:54.930 - INFO - ANNOTATION - marked as hypothetical: seq=contig_5, start=72941, stop=76105, strand=-
23:05:54.930 - INFO - ANNOTATION - marked as hypothetical: seq=contig_5, start=76102, stop=83319, strand=-
23:05:54.930 - INFO - ANNOTATION - marked as hypothetical: seq=contig_5, start=83919, stop=84785, strand=-
23:05:54.930 - INFO - ANNOTATION - fix gene: extract symbol from protein name. symbol=secY
23:05:54.930 - INFO - ANNOTATION - fix gene: extract symbol from protein name. symbol=secA2
23:05:54.930 - INFO - ANNOTATION - fix gene: extract symbol from protein name. symbol=galU
23:05:54.930 - INFO - ANNOTATION - fix gene: lowercase first char. new=eRG12, old=ERG12
23:05:54.930 - INFO - ANNOTATION - fix gene: lowercase first char. new=eRG12, old=ERG12
23:05:54.931 - INFO - ANNOTATION - fix gene: lowercase first char. new=fldA, old=FldA
23:05:54.931 - INFO - ANNOTATION - fix gene: lowercase first char. new=fldA, old=FldA
23:05:54.931 - INFO - ANNOTATION - fix gene: extract symbol from protein name. symbol=tetR
23:05:54.931 - INFO - ANNOTATION - fix gene: lowercase first char. new=acrR, old=AcrR
23:05:54.931 - INFO - ANNOTATION - fix gene: lowercase first char. new=acrR, old=AcrR
23:05:54.931 - INFO - ANNOTATION - fix gene: extract symbol from protein name. symbol=recQ
23:05:54.931 - INFO - ANNOTATION - marked as hypothetical: seq=contig_5, start=112735, stop=113457, strand=-
23:05:54.931 - INFO - ANNOTATION - fix gene: extract symbol from protein name. symbol=cshA
23:05:54.931 - INFO - ANNOTATION - fix gene: lowercase first char. new=mviM, old=MviM
23:05:54.931 - INFO - ANNOTATION - fix gene: lowercase first char. new=mviM, old=MviM
23:05:54.931 - INFO - ANNOTATION - fix gene: extract symbol from protein name. symbol=yxeA
23:05:54.931 - INFO - ANNOTATION - fix gene: lowercase first char. new=hflC, old=HflC
23:05:54.931 - INFO - ANNOTATION - fix gene: lowercase first char. new=hflC, old=HflC
23:05:54.931 - INFO - ANNOTATION - fix gene: extract symbol from protein name. symbol=degV
23:05:54.932 - INFO - ANNOTATION - fix gene: extract symbol from protein name. symbol=rlmD
23:05:54.932 - INFO - ANNOTATION - fix gene: lowercase first char. new=lCB5, old=LCB5
23:05:54.932 - INFO - ANNOTATION - fix gene: lowercase first char. new=lCB5, old=LCB5
23:05:54.932 - INFO - ANNOTATION - fix gene: extract symbol from protein name. symbol=gatB
23:05:54.932 - INFO - ANNOTATION - fix gene: extract symbol from protein name. symbol=gatA
23:05:54.932 - INFO - ANNOTATION - fix gene: extract symbol from protein name. symbol=gatC
23:05:54.932 - INFO - ANNOTATION - fix gene: extract symbol from protein name. symbol=camS
23:05:54.932 - INFO - ANNOTATION - fix gene: extract symbol from protein name. symbol=ligA
23:05:54.932 - INFO - ANNOTATION - fix gene: extract symbol from protein name. symbol=pcrA
23:05:54.932 - INFO - ANNOTATION - marked as hypothetical: seq=contig_5, start=141447, stop=141635, strand=-
23:05:54.932 - INFO - ANNOTATION - marked as hypothetical: seq=contig_5, start=144282, stop=144458, strand=+
23:05:54.932 - INFO - ANNOTATION - marked as hypothetical: seq=contig_5, start=146294, stop=146797, strand=-
23:05:54.932 - INFO - ANNOTATION - fix gene: lowercase first char. new=pheB, old=PheB
23:05:54.932 - INFO - ANNOTATION - fix gene: lowercase first char. new=pheB, old=PheB
23:05:54.932 - INFO - ANNOTATION - fix gene: extract symbol from protein name. symbol=ompR
23:05:54.933 - INFO - ANNOTATION - fix gene: lowercase first char. new=ompR, old=OmpR
23:05:54.933 - INFO - ANNOTATION - fix gene: lowercase first char. new=ompR, old=OmpR
23:05:54.933 - INFO - ANNOTATION - marked as hypothetical: seq=contig_5, start=152048, stop=152356, strand=+
23:05:54.933 - INFO - ANNOTATION - fix gene: extract symbol from protein name. symbol=laaL
23:05:54.933 - INFO - ANNOTATION - fix gene: lowercase first char. new=tACO1, old=TACO1
23:05:54.933 - INFO - ANNOTATION - fix gene: lowercase first char. new=tACO1, old=TACO1
23:05:54.933 - INFO - ANNOTATION - fix product: replace putative synonyms. new=putative integral membrane protein, old=Predicted integral membrane protein
23:05:54.933 - INFO - ANNOTATION - marked as hypothetical: seq=contig_5, start=169121, stop=169261, strand=+
23:05:54.933 - INFO - ANNOTATION - fix gene: extract symbol from protein name. symbol=cdaA
23:05:54.934 - INFO - ANNOTATION - fix gene: lowercase first char. new=mgtA, old=MgtA
23:05:54.934 - INFO - ANNOTATION - fix gene: lowercase first char. new=mgtA, old=MgtA
23:05:54.934 - INFO - ANNOTATION - marked as hypothetical: seq=contig_5, start=180627, stop=180821, strand=+
23:05:54.934 - INFO - ANNOTATION - fix gene: lowercase first char. new=potD, old=PotD
23:05:54.934 - INFO - ANNOTATION - fix gene: lowercase first char. new=potD, old=PotD
23:05:54.934 - INFO - ANNOTATION - fix gene: lowercase first char. new=potC, old=PotC
23:05:54.934 - INFO - ANNOTATION - fix gene: lowercase first char. new=potC, old=PotC
23:05:54.934 - INFO - ANNOTATION - fix gene: extract symbol from protein name. symbol=potA
23:05:54.934 - INFO - ANNOTATION - fix gene: lowercase first char. new=potB, old=PotB
23:05:54.934 - INFO - ANNOTATION - fix gene: lowercase first char. new=potB, old=PotB
23:05:54.934 - INFO - ANNOTATION - fix gene: extract symbol from protein name. symbol=potA
23:05:54.934 - INFO - ANNOTATION - fix gene: lowercase first char. new=hipB, old=HipB
23:05:54.934 - INFO - ANNOTATION - fix gene: lowercase first char. new=hipB, old=HipB
23:05:54.934 - INFO - ANNOTATION - fix gene: lowercase first char. new=xthA, old=XthA
23:05:54.934 - INFO - ANNOTATION - fix gene: lowercase first char. new=xthA, old=XthA
23:05:54.934 - INFO - ANNOTATION - fix gene: lowercase first char. new=dnaQ, old=DnaQ
23:05:54.934 - INFO - ANNOTATION - fix gene: lowercase first char. new=dnaQ, old=DnaQ
23:05:54.934 - INFO - INSDC - fix product: replace putative synonyms. new=ABC-type putative transport system, ATPase component, old=ABC-type uncharacterized transport system, ATPase component
23:05:54.934 - INFO - ANNOTATION - marked as hypothetical: seq=contig_5, start=193336, stop=193440, strand=-
23:05:54.934 - INFO - ANNOTATION - fix gene: extract symbol from protein name. symbol=tsaE
23:05:54.935 - INFO - ANNOTATION - fix product: replace putative synonyms. new=putative hydrolase of the HAD superfamily, old=Predicted hydrolase of the HAD superfamily
23:05:54.935 - INFO - ANNOTATION - fix gene: extract symbol from protein name. symbol=yxjI
23:05:54.935 - INFO - ANNOTATION - fix gene: lowercase first char. new=yxjI, old=YxjI
23:05:54.935 - INFO - ANNOTATION - fix gene: lowercase first char. new=yxjI, old=YxjI
23:05:54.935 - INFO - ANNOTATION - fix gene: extract symbol from protein name. symbol=malK2
23:05:54.935 - INFO - ANNOTATION - fix gene: lowercase first char. new=malK, old=MalK
23:05:54.935 - INFO - ANNOTATION - fix gene: lowercase first char. new=malK, old=MalK
23:05:54.935 - INFO - ANNOTATION - fix gene: lowercase first char. new=ugpA, old=UgpA
23:05:54.935 - INFO - ANNOTATION - fix gene: lowercase first char. new=ugpA, old=UgpA
23:05:54.935 - INFO - ANNOTATION - fix gene: extract symbol from protein name. symbol=malF2
23:05:54.935 - INFO - ANNOTATION - fix gene: lowercase first char. new=ugpE, old=UgpE
23:05:54.935 - INFO - ANNOTATION - fix gene: lowercase first char. new=ugpE, old=UgpE
23:05:54.935 - INFO - ANNOTATION - fix gene: extract symbol from protein name. symbol=malE2
23:05:54.935 - INFO - ANNOTATION - fix gene: lowercase first char. new=ugpB, old=UgpB
23:05:54.935 - INFO - ANNOTATION - fix gene: lowercase first char. new=ugpB, old=UgpB
23:05:54.935 - INFO - ANNOTATION - fix product: replace putative synonyms. new=putative transcriptional regulator, old=Predicted transcriptional regulator
23:05:54.935 - INFO - ANNOTATION - marked as hypothetical: seq=contig_5, start=204729, stop=205031, strand=-
23:05:54.935 - INFO - ANNOTATION - fix gene: extract symbol from protein name. symbol=malG1
23:05:54.935 - INFO - ANNOTATION - fix gene: extract symbol from protein name. symbol=malE1
23:05:54.935 - INFO - ANNOTATION - fix gene: extract symbol from protein name. symbol=sugC
23:05:54.936 - INFO - ANNOTATION - fix gene: extract symbol from protein name. symbol=lacI
23:05:54.936 - INFO - ANNOTATION - fix gene: extract symbol from protein name. symbol=smpB
23:05:54.936 - INFO - ANNOTATION - fix gene: lowercase first char. new=yvaK, old=YvaK
23:05:54.936 - INFO - ANNOTATION - fix gene: lowercase first char. new=yvaK, old=YvaK
23:05:54.936 - INFO - ANNOTATION - marked as hypothetical: seq=contig_5, start=223761, stop=224084, strand=-
23:05:54.936 - INFO - ANNOTATION - fix gene: lowercase first char. new=trkA, old=TrkA
23:05:54.936 - INFO - ANNOTATION - fix gene: lowercase first char. new=trkA, old=TrkA
23:05:54.936 - INFO - ANNOTATION - marked as hypothetical: seq=contig_5, start=225842, stop=226144, strand=-
23:05:54.936 - INFO - ANNOTATION - fix gene: lowercase first char. new=deoR, old=DeoR
23:05:54.936 - INFO - ANNOTATION - fix gene: lowercase first char. new=deoR, old=DeoR
23:05:54.936 - INFO - ANNOTATION - marked as hypothetical: seq=contig_5, start=233545, stop=233790, strand=+
23:05:54.936 - INFO - ANNOTATION - fix gene: extract symbol from protein name. symbol=clpP
23:05:54.936 - INFO - ANNOTATION - fix gene: extract symbol from protein name. symbol=sarZ
23:05:54.936 - INFO - ANNOTATION - fix gene: extract symbol from protein name. symbol=whiA
23:05:54.937 - INFO - ANNOTATION - fix gene: lowercase first char. new=cofD, old=CofD
23:05:54.937 - INFO - ANNOTATION - fix gene: lowercase first char. new=cofD, old=CofD
23:05:54.937 - INFO - ANNOTATION - fix gene: extract symbol from protein name. symbol=rapZ
23:05:54.937 - INFO - ANNOTATION - fix gene: extract symbol from protein name. symbol=uvrA
23:05:54.937 - INFO - ANNOTATION - fix gene: extract symbol from protein name. symbol=uvrB
23:05:54.937 - INFO - ANNOTATION - fix product: replace putative synonyms. new=putative hydrolase of HD superfamily, old=Predicted hydrolase of HD superfamily
23:05:54.937 - INFO - ANNOTATION - fix gene: lowercase first char. new=yfbR, old=YfbR
23:05:54.937 - INFO - ANNOTATION - fix gene: lowercase first char. new=yfbR, old=YfbR
23:05:54.937 - INFO - ANNOTATION - fix gene: extract symbol from protein name. symbol=ftsX
23:05:54.937 - INFO - ANNOTATION - fix gene: extract symbol from protein name. symbol=ompR
23:05:54.937 - INFO - ANNOTATION - fix gene: lowercase first char. new=manB, old=ManB
23:05:54.937 - INFO - ANNOTATION - fix gene: lowercase first char. new=manB, old=ManB
23:05:54.937 - INFO - ANNOTATION - fix gene: extract symbol from protein name. symbol=liaX
23:05:54.937 - INFO - ANNOTATION - fix gene: extract symbol from protein name. symbol=phoU
23:05:54.937 - INFO - ANNOTATION - fix gene: extract symbol from protein name. symbol=pstB
23:05:54.937 - INFO - ANNOTATION - fix gene: extract symbol from protein name. symbol=pstB
23:05:54.938 - INFO - ANNOTATION - fix gene: extract symbol from protein name. symbol=pstA
23:05:54.938 - INFO - ANNOTATION - fix gene: extract symbol from protein name. symbol=pstC
23:05:54.938 - INFO - ANNOTATION - fix gene: extract symbol from protein name. symbol=pnpS
23:05:54.938 - INFO - ANNOTATION - fix gene: extract symbol from protein name. symbol=ompR
23:05:54.938 - INFO - ANNOTATION - fix gene: lowercase first char. new=ompR, old=OmpR
23:05:54.938 - INFO - ANNOTATION - fix gene: lowercase first char. new=ompR, old=OmpR
23:05:54.938 - INFO - ANNOTATION - fix product: replace putative synonyms. new=putative cell division topological determinant MinJ, old=Probable cell division topological determinant MinJ
23:05:54.938 - INFO - ANNOTATION - fix gene: extract symbol from protein name. symbol=minJ
23:05:54.938 - INFO - ANNOTATION - fix gene: extract symbol from protein name. symbol=ftsX
23:05:54.938 - INFO - ANNOTATION - fix gene: extract symbol from protein name. symbol=ftsE
23:05:54.938 - INFO - ANNOTATION - fix gene: extract symbol from protein name. symbol=secA
23:05:54.938 - INFO - ANNOTATION - fix gene: extract symbol from protein name. symbol=comF
23:05:54.938 - INFO - ANNOTATION - fix gene: extract symbol from protein name. symbol=yigZ
23:05:54.938 - INFO - ANNOTATION - fix gene: extract symbol from protein name. symbol=recA
23:05:54.939 - INFO - ANNOTATION - fix gene: extract symbol from protein name. symbol=yfmH
23:05:54.939 - INFO - ANNOTATION - fix gene: extract symbol from protein name. symbol=yfmF
23:05:54.939 - INFO - ANNOTATION - fix gene: extract symbol from protein name. symbol=ftsK
23:05:54.939 - INFO - ANNOTATION - fix product: revise DUF. new=DUF1149 domain-containing protein, old=DUF1149 family protein
23:05:54.939 - INFO - ANNOTATION - fix gene: extract symbol from protein name. symbol=trmL
23:05:54.939 - INFO - ANNOTATION - fix gene: extract symbol from protein name. symbol=corA
23:05:54.939 - INFO - ANNOTATION - fix gene: lowercase first char. new=corA, old=CorA
23:05:54.939 - INFO - ANNOTATION - fix gene: lowercase first char. new=corA, old=CorA
23:05:54.939 - INFO - ANNOTATION - fix gene: extract symbol from protein name. symbol=cutC
23:05:54.939 - INFO - ANNOTATION - fix gene: lowercase first char. new=apbE, old=ApbE
23:05:54.939 - INFO - ANNOTATION - fix gene: lowercase first char. new=apbE, old=ApbE
23:05:54.939 - INFO - ANNOTATION - fix gene: lowercase first char. new=yjbM, old=YjbM
23:05:54.939 - INFO - ANNOTATION - fix gene: lowercase first char. new=yjbM, old=YjbM
23:05:54.940 - INFO - ANNOTATION - fix product: replace putative synonyms. new=putative phosphohydrolase, old=Predicted phosphohydrolase
23:05:54.940 - INFO - ANNOTATION - marked as hypothetical: seq=contig_5, start=309037, stop=309150, strand=-
23:05:54.940 - INFO - ANNOTATION - fix gene: lowercase first char. new=ypzJ, old=YpzJ
23:05:54.940 - INFO - ANNOTATION - fix gene: lowercase first char. new=ypzJ, old=YpzJ
23:05:54.940 - INFO - ANNOTATION - fix gene: extract symbol from protein name. symbol=ytgP
23:05:54.940 - INFO - ANNOTATION - fix gene: lowercase first char. new=spoVB, old=SpoVB
23:05:54.940 - INFO - ANNOTATION - fix gene: lowercase first char. new=spoVB, old=SpoVB
23:05:54.940 - INFO - ANNOTATION - fix gene: lowercase first char. new=araJ, old=AraJ
23:05:54.940 - INFO - ANNOTATION - fix gene: lowercase first char. new=araJ, old=AraJ
23:05:54.940 - INFO - ANNOTATION - fix gene: extract symbol from protein name. symbol=merR
23:05:54.940 - INFO - ANNOTATION - fix gene: lowercase first char. new=araJ, old=AraJ
23:05:54.940 - INFO - ANNOTATION - fix gene: lowercase first char. new=araJ, old=AraJ
23:05:54.940 - INFO - ANNOTATION - fix gene: extract symbol from protein name. symbol=frlD
23:05:54.941 - INFO - ANNOTATION - marked as hypothetical: seq=contig_6, start=6697, stop=7287, strand=+
23:05:54.941 - INFO - ANNOTATION - fix gene: extract symbol from protein name. symbol=yaaA
23:05:54.941 - INFO - ANNOTATION - fix gene: lowercase first char. new=celB, old=CelB
23:05:54.941 - INFO - ANNOTATION - fix gene: lowercase first char. new=celB, old=CelB
23:05:54.941 - INFO - ANNOTATION - marked as hypothetical: seq=contig_6, start=19037, stop=19603, strand=-
23:05:54.941 - INFO - ANNOTATION - fix gene: lowercase first char. new=glpC, old=GlpC
23:05:54.941 - INFO - ANNOTATION - fix gene: lowercase first char. new=glpC, old=GlpC
23:05:54.941 - INFO - ANNOTATION - fix gene: lowercase first char. new=lutB, old=LutB
23:05:54.941 - INFO - ANNOTATION - fix gene: lowercase first char. new=lutB, old=LutB
23:05:54.941 - INFO - ANNOTATION - fix gene: lowercase first char. new=dppC, old=DppC
23:05:54.941 - INFO - ANNOTATION - fix gene: lowercase first char. new=dppC, old=DppC
23:05:54.941 - INFO - ANNOTATION - fix gene: lowercase first char. new=dppD, old=DppD
23:05:54.941 - INFO - ANNOTATION - fix gene: lowercase first char. new=dppD, old=DppD
23:05:54.941 - INFO - ANNOTATION - fix gene: lowercase first char. new=yejF, old=YejF
23:05:54.941 - INFO - ANNOTATION - fix gene: lowercase first char. new=yejF, old=YejF
23:05:54.942 - INFO - ANNOTATION - fix gene: extract symbol from protein name. symbol=queT
23:05:54.942 - INFO - ANNOTATION - fix gene: extract symbol from protein name. symbol=yveK
23:05:54.942 - INFO - ANNOTATION - fix gene: extract symbol from protein name. symbol=cpsD
23:05:54.942 - INFO - ANNOTATION - marked as hypothetical: seq=contig_6, start=49968, stop=50378, strand=+
23:05:54.942 - INFO - ANNOTATION - fix gene: extract symbol from protein name. symbol=epsL
23:05:54.942 - INFO - ANNOTATION - fix gene: lowercase first char. new=cps2a, old=Cps2a
23:05:54.942 - INFO - ANNOTATION - fix gene: lowercase first char. new=cps2a, old=Cps2a
23:05:54.942 - INFO - ANNOTATION - fix gene: lowercase first char. new=clpA, old=ClpA
23:05:54.942 - INFO - ANNOTATION - fix gene: lowercase first char. new=clpA, old=ClpA
23:05:54.942 - INFO - ANNOTATION - fix gene: extract symbol from protein name. symbol=arsR
23:05:54.942 - INFO - ANNOTATION - fix gene: lowercase first char. new=arsC, old=ArsC
23:05:54.942 - INFO - ANNOTATION - fix gene: lowercase first char. new=arsC, old=ArsC
23:05:54.942 - INFO - ANNOTATION - marked as hypothetical: seq=contig_6, start=62574, stop=62714, strand=-
23:05:54.943 - INFO - ANNOTATION - fix gene: lowercase first char. new=ilvE, old=IlvE
23:05:54.943 - INFO - ANNOTATION - fix gene: lowercase first char. new=ilvE, old=IlvE
23:05:54.943 - INFO - ANNOTATION - fix gene: extract symbol from protein name. symbol=glgB
23:05:54.943 - INFO - ANNOTATION - fix gene: extract symbol from protein name. symbol=glgD
23:05:54.943 - INFO - ANNOTATION - fix gene: extract symbol from protein name. symbol=glgA
23:05:54.943 - INFO - ANNOTATION - fix gene: lowercase first char. new=glgP, old=GlgP
23:05:54.943 - INFO - ANNOTATION - fix gene: lowercase first char. new=glgP, old=GlgP
23:05:54.943 - INFO - ANNOTATION - fix gene: extract symbol from protein name. symbol=arsR
23:05:54.943 - INFO - ANNOTATION - fix gene: lowercase first char. new=arsR, old=ArsR
23:05:54.943 - INFO - ANNOTATION - fix gene: lowercase first char. new=arsR, old=ArsR
23:05:54.943 - INFO - ANNOTATION - fix product: replace putative synonyms. new=putative Co/Zn/Cd cation transporter, old=Predicted Co/Zn/Cd cation transporter
23:05:54.943 - INFO - ANNOTATION - fix gene: extract symbol from protein name. symbol=speE1
23:05:54.943 - INFO - ANNOTATION - fix gene: lowercase first char. new=gmk, old=Gmk
23:05:54.943 - INFO - ANNOTATION - fix gene: lowercase first char. new=gmk, old=Gmk
23:05:54.944 - INFO - ANNOTATION - fix product: revise DUF. new=DUF6681 domain-containing protein, old=Family of unknown function (DUF6681)
23:05:54.944 - INFO - ANNOTATION - fix gene: lowercase first char. new=glnQ, old=GlnQ
23:05:54.944 - INFO - ANNOTATION - fix gene: lowercase first char. new=glnQ, old=GlnQ
23:05:54.944 - INFO - ANNOTATION - fix gene: lowercase first char. new=hisJ, old=HisJ
23:05:54.944 - INFO - ANNOTATION - fix gene: lowercase first char. new=hisJ, old=HisJ
23:05:54.944 - INFO - ANNOTATION - fix gene: lowercase first char. new=hisM, old=HisM
23:05:54.944 - INFO - ANNOTATION - fix gene: lowercase first char. new=hisM, old=HisM
23:05:54.944 - INFO - ANNOTATION - fix gene: lowercase first char. new=hisM, old=HisM
23:05:54.944 - INFO - ANNOTATION - fix gene: lowercase first char. new=hisM, old=HisM
23:05:54.944 - INFO - ANNOTATION - fix gene: lowercase first char. new=wcaJ, old=WcaJ
23:05:54.944 - INFO - ANNOTATION - fix gene: lowercase first char. new=wcaJ, old=WcaJ
23:05:54.944 - INFO - ANNOTATION - fix gene: extract symbol from protein name. symbol=yfhO
23:05:54.944 - INFO - ANNOTATION - fix gene: extract symbol from protein name. symbol=cpsC
23:05:54.945 - INFO - ANNOTATION - fix gene: extract symbol from protein name. symbol=cpsD
23:05:54.945 - INFO - ANNOTATION - fix gene: extract symbol from protein name. symbol=epsG
23:05:54.945 - INFO - ANNOTATION - fix product: replace Homolog. new=NodB-like y domain-containing protein, old=NodB homology domain-containing protein
23:05:54.945 - INFO - ANNOTATION - fix gene: extract symbol from protein name. symbol=hflX
23:05:54.945 - INFO - ANNOTATION - fix gene: lowercase first char. new=potE, old=PotE
23:05:54.945 - INFO - ANNOTATION - fix gene: lowercase first char. new=potE, old=PotE
23:05:54.945 - INFO - ANNOTATION - fix gene: lowercase first char. new=lolD, old=LolD
23:05:54.945 - INFO - ANNOTATION - fix gene: lowercase first char. new=lolD, old=LolD
23:05:54.945 - INFO - ANNOTATION - fix gene: lowercase first char. new=phoE, old=PhoE
23:05:54.945 - INFO - ANNOTATION - fix gene: lowercase first char. new=phoE, old=PhoE
23:05:54.945 - INFO - ANNOTATION - fix gene: lowercase first char. new=menH, old=MenH
23:05:54.945 - INFO - ANNOTATION - fix gene: lowercase first char. new=menH, old=MenH
23:05:54.945 - INFO - ANNOTATION - fix gene: extract symbol from protein name. symbol=helD
23:05:54.945 - INFO - ANNOTATION - fix gene: lowercase first char. new=yciA, old=YciA
23:05:54.945 - INFO - ANNOTATION - fix gene: lowercase first char. new=yciA, old=YciA
23:05:54.945 - INFO - ANNOTATION - fix gene: lowercase first char. new=pepD, old=PepD
23:05:54.946 - INFO - ANNOTATION - fix gene: lowercase first char. new=pepD, old=PepD
23:05:54.946 - INFO - ANNOTATION - marked as hypothetical: seq=contig_6, start=141331, stop=142095, strand=-
23:05:54.946 - INFO - ANNOTATION - marked as hypothetical: seq=contig_6, start=142944, stop=144398, strand=-
23:05:54.946 - INFO - ANNOTATION - marked as hypothetical: seq=contig_6, start=145413, stop=145553, strand=+
23:05:54.946 - INFO - ANNOTATION - marked as hypothetical: seq=contig_6, start=149339, stop=149545, strand=-
23:05:54.946 - INFO - ANNOTATION - fix gene: extract symbol from protein name. symbol=lysM
23:05:54.946 - INFO - ANNOTATION - marked as hypothetical: seq=contig_6, start=155151, stop=155252, strand=+
23:05:54.946 - INFO - ANNOTATION - fix gene: extract symbol from protein name. symbol=cydC
23:05:54.946 - INFO - ANNOTATION - fix gene: extract symbol from protein name. symbol=madB
23:05:54.946 - INFO - ANNOTATION - marked as hypothetical: seq=contig_6, start=164563, stop=164874, strand=+
23:05:54.946 - INFO - ANNOTATION - fix gene: extract symbol from protein name. symbol=oppF
23:05:54.946 - INFO - INSDC - fix product: replace putative synonyms. new=putative ABC transporter, ATPase component, old=Uncharacterized ABC transporter, ATPase component
23:05:54.947 - INFO - ANNOTATION - fix gene: extract symbol from protein name. symbol=gntR
23:05:54.947 - INFO - ANNOTATION - fix product: replace putative synonyms. new=putative membrane transporter protein, old=Probable membrane transporter protein
23:05:54.947 - INFO - ANNOTATION - fix gene: extract symbol from protein name. symbol=tetR
23:05:54.947 - INFO - ANNOTATION - fix gene: extract symbol from protein name. symbol=padR
23:05:54.947 - INFO - ANNOTATION - fix gene: extract symbol from protein name. symbol=secA
23:05:54.947 - INFO - ANNOTATION - fix product: replace putative synonyms. new=putative RNA 2'-phosphotransferase, old=Probable RNA 2'-phosphotransferase
23:05:54.947 - INFO - ANNOTATION - fix gene: lowercase first char. new=citM, old=CitM
23:05:54.947 - INFO - ANNOTATION - fix gene: lowercase first char. new=citM, old=CitM
23:05:54.947 - INFO - ANNOTATION - fix gene: lowercase first char. new=oadB, old=OadB
23:05:54.947 - INFO - ANNOTATION - fix gene: lowercase first char. new=oadB, old=OadB
23:05:54.947 - INFO - ANNOTATION - fix gene: lowercase first char. new=oadG, old=OadG
23:05:54.947 - INFO - ANNOTATION - fix gene: lowercase first char. new=oadG, old=OadG
23:05:54.947 - INFO - ANNOTATION - fix gene: lowercase first char. new=citE, old=CitE
23:05:54.947 - INFO - ANNOTATION - fix gene: lowercase first char. new=citE, old=CitE
23:05:54.948 - INFO - ANNOTATION - fix gene: lowercase first char. new=oadA1, old=OadA1
23:05:54.948 - INFO - ANNOTATION - fix gene: lowercase first char. new=oadA1, old=OadA1
23:05:54.948 - INFO - ANNOTATION - fix gene: extract symbol from protein name. symbol=gntR
23:05:54.948 - INFO - ANNOTATION - fix gene: lowercase first char. new=gntR, old=GntR
23:05:54.948 - INFO - ANNOTATION - fix gene: lowercase first char. new=gntR, old=GntR
23:05:54.948 - INFO - ANNOTATION - fix product: replace putative synonyms. new=putative 2-(5''-triphosphoribosyl)-3'-dephosphocoenzyme-A synthase, old=Probable 2-(5''-triphosphoribosyl)-3'-dephosphocoenzyme-A synthase
23:05:54.948 - INFO - ANNOTATION - fix gene: extract symbol from protein name. symbol=alsS
23:05:54.948 - INFO - ANNOTATION - marked as hypothetical: seq=contig_6, start=204148, stop=204291, strand=+
23:05:54.948 - INFO - ANNOTATION - fix gene: lowercase first char. new=lysP, old=LysP
23:05:54.948 - INFO - ANNOTATION - fix gene: lowercase first char. new=lysP, old=LysP
23:05:54.948 - INFO - ANNOTATION - fix gene: lowercase first char. new=nlpA, old=NlpA
23:05:54.948 - INFO - ANNOTATION - fix gene: lowercase first char. new=nlpA, old=NlpA
23:05:54.948 - INFO - ANNOTATION - fix gene: lowercase first char. new=nlpA, old=NlpA
23:05:54.948 - INFO - ANNOTATION - fix gene: lowercase first char. new=nlpA, old=NlpA
23:05:54.948 - INFO - ANNOTATION - fix gene: extract symbol from protein name. symbol=metN
23:05:54.949 - INFO - ANNOTATION - fix gene: lowercase first char. new=metP, old=MetP
23:05:54.949 - INFO - ANNOTATION - fix gene: lowercase first char. new=metP, old=MetP
23:05:54.949 - INFO - ANNOTATION - fix gene: extract symbol from protein name. symbol=sufC
23:05:54.949 - INFO - ANNOTATION - fix gene: extract symbol from protein name. symbol=sufU
23:05:54.949 - INFO - ANNOTATION - fix gene: extract symbol from protein name. symbol=sufB
23:05:54.949 - INFO - ANNOTATION - fix gene: lowercase first char. new=yueI, old=YueI
23:05:54.949 - INFO - ANNOTATION - fix gene: lowercase first char. new=yueI, old=YueI
23:05:54.949 - INFO - ANNOTATION - fix gene: lowercase first char. new=uspA, old=UspA
23:05:54.949 - INFO - ANNOTATION - fix gene: lowercase first char. new=uspA, old=UspA
23:05:54.949 - INFO - ANNOTATION - fix gene: lowercase first char. new=rarA, old=RarA
23:05:54.949 - INFO - ANNOTATION - fix gene: lowercase first char. new=rarA, old=RarA
23:05:54.949 - INFO - ANNOTATION - fix gene: extract symbol from protein name. symbol=msrA
23:05:54.950 - INFO - ANNOTATION - fix gene: extract symbol from protein name. symbol=pnuC
23:05:54.950 - INFO - ANNOTATION - fix gene: lowercase first char. new=dck, old=Dck
23:05:54.950 - INFO - ANNOTATION - fix gene: lowercase first char. new=dck, old=Dck
23:05:54.950 - INFO - ANNOTATION - fix gene: lowercase first char. new=oppA, old=OppA
23:05:54.950 - INFO - ANNOTATION - fix gene: lowercase first char. new=oppA, old=OppA
23:05:54.950 - INFO - ANNOTATION - fix gene: extract symbol from protein name. symbol=cheY
23:05:54.950 - INFO - ANNOTATION - fix gene: extract symbol from protein name. symbol=degV
23:05:54.950 - INFO - ANNOTATION - fix gene: lowercase first char. new=degV, old=DegV
23:05:54.950 - INFO - ANNOTATION - fix gene: lowercase first char. new=degV, old=DegV
23:05:54.950 - INFO - ANNOTATION - fix gene: extract symbol from protein name. symbol=citB
23:05:54.951 - INFO - ANNOTATION - fix gene: extract symbol from protein name. symbol=ezrA
23:05:54.951 - INFO - ANNOTATION - fix product: replace putative synonyms. new=putative tRNA sulfurtransferase, old=Probable tRNA sulfurtransferase
23:05:54.951 - INFO - ANNOTATION - fix gene: extract symbol from protein name. symbol=radC
23:05:54.951 - INFO - ANNOTATION - fix gene: extract symbol from protein name. symbol=mreB
23:05:54.951 - INFO - ANNOTATION - fix gene: lowercase first char. new=mreB, old=MreB
23:05:54.951 - INFO - ANNOTATION - fix gene: lowercase first char. new=mreB, old=MreB
23:05:54.951 - INFO - ANNOTATION - fix gene: extract symbol from protein name. symbol=mreC
23:05:54.951 - INFO - ANNOTATION - fix gene: extract symbol from protein name. symbol=mreD
23:05:54.951 - INFO - ANNOTATION - fix product: replace putative synonyms. new=putative septum site-determining protein MinC, old=Probable septum site-determining protein MinC
23:05:54.951 - INFO - ANNOTATION - fix gene: extract symbol from protein name. symbol=minC
23:05:54.951 - INFO - ANNOTATION - fix gene: extract symbol from protein name. symbol=minD
23:05:54.951 - INFO - ANNOTATION - fix gene: lowercase first char. new=hisM, old=HisM
23:05:54.951 - INFO - ANNOTATION - fix gene: lowercase first char. new=hisM, old=HisM
23:05:54.951 - INFO - ANNOTATION - fix gene: extract symbol from protein name. symbol=mraZ
23:05:54.952 - INFO - ANNOTATION - fix gene: extract symbol from protein name. symbol=rsmH
23:05:54.952 - INFO - ANNOTATION - fix gene: extract symbol from protein name. symbol=ftsL
23:05:54.952 - INFO - ANNOTATION - fix gene: extract symbol from protein name. symbol=ftsI
23:05:54.952 - INFO - ANNOTATION - fix gene: extract symbol from protein name. symbol=ftsA
23:05:54.952 - INFO - ANNOTATION - fix gene: extract symbol from protein name. symbol=ftsZ
23:05:54.952 - INFO - ANNOTATION - fix gene: extract symbol from protein name. symbol=sepF
23:05:54.952 - INFO - ANNOTATION - fix gene: lowercase first char. new=pstS, old=PstS
23:05:54.952 - INFO - ANNOTATION - fix gene: lowercase first char. new=pstS, old=PstS
23:05:54.952 - INFO - ANNOTATION - fix gene: lowercase first char. new=araJ, old=AraJ
23:05:54.952 - INFO - ANNOTATION - fix gene: lowercase first char. new=araJ, old=AraJ
23:05:54.952 - INFO - ANNOTATION - fix gene: extract symbol from protein name. symbol=telA
23:05:54.952 - INFO - ANNOTATION - fix gene: lowercase first char. new=yaaN, old=YaaN
23:05:54.952 - INFO - ANNOTATION - fix gene: lowercase first char. new=yaaN, old=YaaN
23:05:54.952 - INFO - ANNOTATION - fix gene: lowercase first char. new=xpaC, old=XpaC
23:05:54.952 - INFO - ANNOTATION - fix gene: lowercase first char. new=xpaC, old=XpaC
23:05:54.953 - INFO - ANNOTATION - fix gene: lowercase first char. new=nifS, old=NifS
23:05:54.953 - INFO - ANNOTATION - fix gene: lowercase first char. new=nifS, old=NifS
23:05:54.953 - INFO - ANNOTATION - marked as hypothetical: seq=contig_7, start=106755, stop=106970, strand=-
23:05:54.953 - INFO - ANNOTATION - fix gene: extract symbol from protein name. symbol=mnmA
23:05:54.953 - INFO - ANNOTATION - fix gene: lowercase first char. new=phoE, old=PhoE
23:05:54.953 - INFO - ANNOTATION - fix gene: lowercase first char. new=phoE, old=PhoE
23:05:54.953 - INFO - ANNOTATION - fix gene: extract symbol from protein name. symbol=recD2
23:05:54.953 - INFO - ANNOTATION - fix gene: lowercase first char. new=eis, old=Eis
23:05:54.953 - INFO - ANNOTATION - fix gene: lowercase first char. new=eis, old=Eis
23:05:54.953 - INFO - ANNOTATION - marked as hypothetical: seq=contig_8, start=4130, stop=4726, strand=-
23:05:54.953 - INFO - ANNOTATION - marked as hypothetical: seq=contig_8, start=4710, stop=5045, strand=-
23:05:54.953 - INFO - ANNOTATION - marked as hypothetical: seq=contig_8, start=9579, stop=10157, strand=-
23:05:54.954 - INFO - ANNOTATION - fix gene: extract symbol from protein name. symbol=essB
23:05:54.954 - INFO - ANNOTATION - marked as hypothetical: seq=contig_8, start=13859, stop=14125, strand=-
23:05:54.954 - INFO - ANNOTATION - marked as hypothetical: seq=contig_8, start=14137, stop=14415, strand=-
23:05:54.954 - INFO - ANNOTATION - marked as hypothetical: seq=contig_8, start=14624, stop=14782, strand=-
23:05:54.954 - INFO - ANNOTATION - marked as hypothetical: seq=contig_8, start=15059, stop=15313, strand=-
23:05:54.954 - INFO - ANNOTATION - fix gene: extract symbol from protein name. symbol=larE
23:05:54.954 - INFO - ANNOTATION - fix gene: extract symbol from protein name. symbol=larC
23:05:54.954 - INFO - ANNOTATION - fix gene: extract symbol from protein name. symbol=larB
23:05:54.954 - INFO - ANNOTATION - marked as hypothetical: seq=contig_8, start=23377, stop=23490, strand=-
23:05:54.954 - INFO - ANNOTATION - marked as hypothetical: seq=contig_8, start=23487, stop=23579, strand=-
23:05:54.954 - INFO - ANNOTATION - fix gene: extract symbol from protein name. symbol=lysM
23:05:54.954 - INFO - ANNOTATION - marked as hypothetical: seq=contig_8, start=27759, stop=27971, strand=-
23:05:54.954 - INFO - ANNOTATION - marked as hypothetical: seq=contig_8, start=30014, stop=30172, strand=-
23:05:54.954 - INFO - ANNOTATION - marked as hypothetical: seq=contig_8, start=35434, stop=35706, strand=-
23:05:54.955 - INFO - ANNOTATION - fix gene: extract symbol from protein name. symbol=dppE
23:05:54.955 - INFO - ANNOTATION - fix gene: extract symbol from protein name. symbol=ssuB
23:05:54.955 - INFO - ANNOTATION - fix gene: lowercase first char. new=nlpA, old=NlpA
23:05:54.955 - INFO - ANNOTATION - fix gene: lowercase first char. new=nlpA, old=NlpA
23:05:54.955 - INFO - ANNOTATION - marked as hypothetical: seq=contig_8, start=50621, stop=50896, strand=+
23:05:54.955 - INFO - ANNOTATION - marked as hypothetical: seq=contig_8, start=51479, stop=51790, strand=-
23:05:54.955 - INFO - ANNOTATION - fix gene: extract symbol from protein name. symbol=mntH
23:05:54.955 - INFO - ANNOTATION - fix gene: extract symbol from protein name. symbol=yxeA
23:05:54.955 - INFO - ANNOTATION - marked as hypothetical: seq=contig_8, start=57736, stop=57855, strand=+
23:05:54.955 - INFO - ANNOTATION - fix gene: extract symbol from protein name. symbol=ybiR
23:05:54.956 - INFO - ANNOTATION - marked as hypothetical: seq=contig_8, start=68448, stop=68678, strand=-
23:05:54.956 - INFO - ANNOTATION - marked as hypothetical: seq=contig_8, start=70586, stop=71032, strand=+
23:05:54.956 - INFO - ANNOTATION - marked as hypothetical: seq=contig_8, start=72386, stop=72622, strand=-
23:05:54.956 - INFO - ANNOTATION - marked as hypothetical: seq=contig_8, start=75155, stop=75400, strand=-
23:05:54.956 - INFO - ANNOTATION - fix gene: extract symbol from protein name. symbol=copG
23:05:54.956 - INFO - ANNOTATION - fix gene: lowercase first char. new=ygaC, old=YgaC
23:05:54.956 - INFO - ANNOTATION - fix gene: lowercase first char. new=ygaC, old=YgaC
23:05:54.957 - INFO - ANNOTATION - fix gene: extract symbol from protein name. symbol=recX
23:05:54.957 - INFO - ANNOTATION - marked as hypothetical: seq=contig_9, start=8804, stop=9178, strand=-
23:05:54.957 - INFO - ANNOTATION - fix gene: extract symbol from protein name. symbol=rlmD
23:05:54.957 - INFO - ANNOTATION - fix gene: extract symbol from protein name. symbol=gntR
23:05:54.957 - INFO - ANNOTATION - marked as hypothetical: seq=contig_9, start=22751, stop=23050, strand=+
23:05:54.957 - INFO - ANNOTATION - fix product: replace putative synonyms. new=putative Mrr-like endonuclease, old=Predicted Mrr-like endonuclease
23:05:54.957 - INFO - ANNOTATION - fix product: replace putative synonyms. new=putative succinyl-diaminopimelate desuccinylase, old=Probable succinyl-diaminopimelate desuccinylase
23:05:54.957 - INFO - ANNOTATION - fix gene: extract symbol from protein name. symbol=sprT
23:05:54.957 - INFO - ANNOTATION - marked as hypothetical: seq=contig_9, start=31847, stop=32068, strand=+
23:05:54.958 - INFO - ANNOTATION - fix gene: lowercase first char. new=mgtA, old=MgtA
23:05:54.958 - INFO - ANNOTATION - fix gene: lowercase first char. new=mgtA, old=MgtA
23:05:54.958 - INFO - ANNOTATION - marked as hypothetical: seq=contig_9, start=36986, stop=37228, strand=+
23:05:54.958 - INFO - ANNOTATION - fix gene: lowercase first char. new=pncB, old=PncB
23:05:54.958 - INFO - ANNOTATION - fix gene: lowercase first char. new=pncB, old=PncB
23:05:54.958 - INFO - ANNOTATION - fix gene: extract symbol from protein name. symbol=gntR
23:05:54.958 - INFO - ANNOTATION - fix gene: lowercase first char. new=mngR, old=MngR
23:05:54.958 - INFO - ANNOTATION - fix gene: lowercase first char. new=mngR, old=MngR
23:05:54.958 - INFO - ANNOTATION - fix product: replace putative synonyms. new=putative phosphohydrolase, old=Predicted phosphohydrolase
23:05:54.958 - INFO - ANNOTATION - fix gene: lowercase first char. new=pTR2, old=PTR2
23:05:54.958 - INFO - ANNOTATION - fix gene: lowercase first char. new=pTR2, old=PTR2
23:05:54.958 - INFO - ANNOTATION - fix gene: lowercase first char. new=lolD, old=LolD
23:05:54.958 - INFO - ANNOTATION - fix gene: lowercase first char. new=lolD, old=LolD
23:05:54.958 - INFO - ANNOTATION - marked as hypothetical: seq=contig_9, start=51735, stop=52109, strand=-
23:05:54.959 - INFO - ANNOTATION - marked as hypothetical: seq=contig_9, start=64071, stop=64595, strand=-
23:05:54.959 - INFO - ANNOTATION - fix gene: lowercase first char. new=ykoE, old=YkoE
23:05:54.959 - INFO - ANNOTATION - fix gene: lowercase first char. new=ykoE, old=YkoE
23:05:54.959 - INFO - ANNOTATION - fix gene: extract symbol from protein name. symbol=ccmA
23:05:54.959 - INFO - ANNOTATION - fix gene: extract symbol from protein name. symbol=cbiQ
23:05:54.959 - INFO - ANNOTATION - fix gene: extract symbol from protein name. symbol=thiW
23:05:54.959 - INFO - ANNOTATION - fix gene: extract symbol from protein name. symbol=ycaM
23:05:54.959 - INFO - ANNOTATION - fix gene: lowercase first char. new=lysP, old=LysP
23:05:54.959 - INFO - ANNOTATION - fix gene: lowercase first char. new=lysP, old=LysP
23:05:54.959 - INFO - ANNOTATION - marked as hypothetical: seq=contig_10, start=8899, stop=9147, strand=+
23:05:54.959 - INFO - ANNOTATION - fix gene: extract symbol from protein name. symbol=rbsR
23:05:54.960 - INFO - ANNOTATION - fix gene: extract symbol from protein name. symbol=ccmA
23:05:54.960 - INFO - ANNOTATION - fix gene: extract symbol from protein name. symbol=ftsI
23:05:54.960 - INFO - ANNOTATION - fix gene: extract symbol from protein name. symbol=mgrA
23:05:54.960 - INFO - ANNOTATION - marked as hypothetical: seq=contig_10, start=19986, stop=20549, strand=+
23:05:54.960 - INFO - ANNOTATION - fix gene: extract symbol from protein name. symbol=yxeA
23:05:54.960 - INFO - ANNOTATION - fix gene: extract symbol from protein name. symbol=skfA
23:05:54.960 - INFO - ANNOTATION - fix gene: extract symbol from protein name. symbol=skfE
23:05:54.960 - INFO - ANNOTATION - fix gene: extract symbol from protein name. symbol=trmB
23:05:54.960 - INFO - ANNOTATION - fix product: replace putative synonyms. new=putative membrane transporter protein, old=Probable membrane transporter protein
23:05:54.961 - INFO - ANNOTATION - marked as hypothetical: seq=contig_10, start=39659, stop=39913, strand=+
23:05:54.961 - INFO - ANNOTATION - marked as hypothetical: seq=contig_10, start=40844, stop=41128, strand=-
23:05:54.961 - INFO - ANNOTATION - marked as hypothetical: seq=contig_10, start=41503, stop=41631, strand=+
23:05:54.961 - INFO - ANNOTATION - fix product: replace putative synonyms. new=putative membrane transporter protein, old=Probable membrane transporter protein
23:05:54.961 - INFO - ANNOTATION - fix gene: extract symbol from protein name. symbol=rihC
23:05:54.961 - INFO - ANNOTATION - fix gene: extract symbol from protein name. symbol=dcuC
23:05:54.961 - INFO - ANNOTATION - fix gene: extract symbol from protein name. symbol=gntR
23:05:54.961 - INFO - ANNOTATION - fix gene: extract symbol from protein name. symbol=esuE
23:05:54.961 - INFO - ANNOTATION - fix gene: extract symbol from protein name. symbol=esuD
23:05:54.961 - INFO - ANNOTATION - fix gene: extract symbol from protein name. symbol=esuC
23:05:54.961 - INFO - ANNOTATION - fix gene: extract symbol from protein name. symbol=esuA
23:05:54.961 - INFO - ANNOTATION - fix gene: lowercase first char. new=yabR, old=YabR
23:05:54.961 - INFO - ANNOTATION - fix gene: lowercase first char. new=yabR, old=YabR
23:05:54.961 - INFO - ANNOTATION - fix gene: lowercase first char. new=ppiB, old=PpiB
23:05:54.961 - INFO - ANNOTATION - fix gene: lowercase first char. new=ppiB, old=PpiB
23:05:54.962 - INFO - ANNOTATION - fix gene: lowercase first char. new=pgpA, old=PgpA
23:05:54.962 - INFO - ANNOTATION - fix gene: lowercase first char. new=pgpA, old=PgpA
23:05:54.962 - INFO - ANNOTATION - fix gene: lowercase first char. new=dedA, old=DedA
23:05:54.962 - INFO - ANNOTATION - fix gene: lowercase first char. new=dedA, old=DedA
23:05:54.962 - INFO - ANNOTATION - fix product: replace putative synonyms. new=putative membrane protein, old=Predicted membrane protein
23:05:54.962 - INFO - ANNOTATION - fix gene: lowercase first char. new=nagD, old=NagD
23:05:54.962 - INFO - ANNOTATION - fix gene: lowercase first char. new=nagD, old=NagD
23:05:54.962 - INFO - ANNOTATION - fix product: replace putative synonyms. new=putative multitransmembrane protein, old=Predicted multitransmembrane protein
23:05:54.962 - INFO - ANNOTATION - marked as hypothetical: seq=contig_11, start=10314, stop=10628, strand=-
23:05:54.962 - INFO - ANNOTATION - fix gene: extract symbol from protein name. symbol=pepV
23:05:54.962 - INFO - ANNOTATION - fix gene: extract symbol from protein name. symbol=yjjG
23:05:54.962 - INFO - ANNOTATION - fix gene: lowercase first char. new=yigB, old=YigB
23:05:54.962 - INFO - ANNOTATION - fix gene: lowercase first char. new=yigB, old=YigB
23:05:54.962 - INFO - ANNOTATION - fix gene: lowercase first char. new=pepP, old=PepP
23:05:54.962 - INFO - ANNOTATION - fix gene: lowercase first char. new=pepP, old=PepP
23:05:54.963 - INFO - ANNOTATION - fix gene: extract symbol from protein name. symbol=cbpB
23:05:54.963 - INFO - ANNOTATION - fix gene: lowercase first char. new=glpF, old=GlpF
23:05:54.963 - INFO - ANNOTATION - fix gene: lowercase first char. new=glpF, old=GlpF
23:05:54.963 - INFO - ANNOTATION - fix gene: extract symbol from protein name. symbol=dltD
23:05:54.963 - INFO - ANNOTATION - fix gene: extract symbol from protein name. symbol=dltB
23:05:54.963 - INFO - ANNOTATION - fix gene: extract symbol from protein name. symbol=dltA
23:05:54.963 - INFO - ANNOTATION - fix gene: extract symbol from protein name. symbol=mutS2
23:05:54.963 - INFO - ANNOTATION - fix product: replace putative synonyms. new=putative membrane ancor connecting MutS2 with cell-division Z-ring, old=Predicted membrane ancor connecting MutS2 with cell-division Z-ring
23:05:54.963 - INFO - ANNOTATION - fix gene: extract symbol from protein name. symbol=mutS2
23:05:54.963 - INFO - ANNOTATION - fix gene: extract symbol from protein name. symbol=zapA
23:05:54.963 - INFO - ANNOTATION - fix gene: lowercase first char. new=yrzB, old=YrzB
23:05:54.963 - INFO - ANNOTATION - fix gene: lowercase first char. new=yrzB, old=YrzB
23:05:54.963 - INFO - ANNOTATION - fix gene: extract symbol from protein name. symbol=ruvX
23:05:54.963 - INFO - ANNOTATION - fix gene: extract symbol from protein name. symbol=ireB
23:05:54.963 - INFO - ANNOTATION - marked as hypothetical: seq=contig_11, start=39692, stop=39853, strand=-
23:05:54.963 - INFO - ANNOTATION - marked as hypothetical: seq=contig_11, start=43108, stop=44043, strand=-
23:05:54.963 - INFO - ANNOTATION - fix gene: extract symbol from protein name. symbol=cshB
23:05:54.964 - INFO - ANNOTATION - fix gene: lowercase first char. new=srmB, old=SrmB
23:05:54.964 - INFO - ANNOTATION - fix gene: lowercase first char. new=srmB, old=SrmB
23:05:54.964 - INFO - ANNOTATION - fix gene: extract symbol from protein name. symbol=nrnA
23:05:54.964 - INFO - ANNOTATION - fix gene: lowercase first char. new=nrnA, old=NrnA
23:05:54.964 - INFO - ANNOTATION - fix gene: lowercase first char. new=nrnA, old=NrnA
23:05:54.964 - INFO - ANNOTATION - fix gene: lowercase first char. new=ytoI, old=YtoI
23:05:54.964 - INFO - ANNOTATION - fix gene: lowercase first char. new=ytoI, old=YtoI
23:05:54.964 - INFO - ANNOTATION - fix gene: lowercase first char. new=mntR, old=MntR
23:05:54.964 - INFO - ANNOTATION - fix gene: lowercase first char. new=mntR, old=MntR
23:05:54.964 - INFO - ANNOTATION - fix gene: extract symbol from protein name. symbol=yajC
23:05:54.964 - INFO - ANNOTATION - fix gene: extract symbol from protein name. symbol=queA
23:05:54.964 - INFO - ANNOTATION - fix gene: extract symbol from protein name. symbol=ruvB
23:05:54.964 - INFO - ANNOTATION - fix gene: extract symbol from protein name. symbol=ruvA
23:05:54.964 - INFO - ANNOTATION - fix gene: extract symbol from protein name. symbol=thrE
23:05:54.964 - INFO - ANNOTATION - fix gene: lowercase first char. new=livH, old=LivH
23:05:54.965 - INFO - ANNOTATION - fix gene: lowercase first char. new=livH, old=LivH
23:05:54.965 - INFO - ANNOTATION - fix gene: lowercase first char. new=livM, old=LivM
23:05:54.965 - INFO - ANNOTATION - fix gene: lowercase first char. new=livM, old=LivM
23:05:54.965 - INFO - ANNOTATION - fix gene: lowercase first char. new=deoB, old=DeoB
23:05:54.965 - INFO - ANNOTATION - fix gene: lowercase first char. new=deoB, old=DeoB
23:05:54.965 - INFO - ANNOTATION - fix gene: lowercase first char. new=ugpB, old=UgpB
23:05:54.965 - INFO - ANNOTATION - fix gene: lowercase first char. new=ugpB, old=UgpB
23:05:54.965 - INFO - ANNOTATION - fix gene: extract symbol from protein name. symbol=gntR
23:05:54.965 - INFO - ANNOTATION - fix gene: lowercase first char. new=agaS, old=AgaS
23:05:54.965 - INFO - ANNOTATION - fix gene: lowercase first char. new=agaS, old=AgaS
23:05:54.965 - INFO - ANNOTATION - fix gene: lowercase first char. new=manZ, old=ManZ
23:05:54.966 - INFO - ANNOTATION - fix gene: lowercase first char. new=manZ, old=ManZ
23:05:54.966 - INFO - ANNOTATION - fix gene: lowercase first char. new=manX, old=ManX
23:05:54.966 - INFO - ANNOTATION - fix gene: lowercase first char. new=manX, old=ManX
23:05:54.966 - INFO - ANNOTATION - fix gene: lowercase first char. new=celB, old=CelB
23:05:54.966 - INFO - ANNOTATION - fix gene: lowercase first char. new=celB, old=CelB
23:05:54.966 - INFO - ANNOTATION - fix gene: lowercase first char. new=celA, old=CelA
23:05:54.966 - INFO - ANNOTATION - fix gene: lowercase first char. new=celA, old=CelA
23:05:54.966 - INFO - ANNOTATION - fix gene: extract symbol from protein name. symbol=ypdE
23:05:54.967 - INFO - ANNOTATION - fix gene: extract symbol from protein name. symbol=dppE
23:05:54.967 - INFO - ANNOTATION - marked as hypothetical: seq=contig_12, start=50027, stop=50275, strand=+
23:05:54.967 - INFO - ANNOTATION - marked as hypothetical: seq=contig_13, start=45, stop=275, strand=+
23:05:54.967 - INFO - ANNOTATION - marked as hypothetical: seq=contig_13, start=3438, stop=3677, strand=-
23:05:54.967 - INFO - ANNOTATION - marked as hypothetical: seq=contig_13, start=3930, stop=4073, strand=-
23:05:54.967 - INFO - ANNOTATION - fix gene: lowercase first char. new=tadA, old=TadA
23:05:54.967 - INFO - ANNOTATION - fix gene: lowercase first char. new=tadA, old=TadA
23:05:54.967 - INFO - ANNOTATION - fix gene: extract symbol from protein name. symbol=hicB
23:05:54.967 - INFO - ANNOTATION - fix product: replace putative synonyms. new=putative integral membrane protein, old=Predicted integral membrane protein
23:05:54.967 - INFO - ANNOTATION - fix gene: lowercase first char. new=pepD, old=PepD
23:05:54.967 - INFO - ANNOTATION - fix gene: lowercase first char. new=pepD, old=PepD
23:05:54.967 - INFO - ANNOTATION - marked as hypothetical: seq=contig_13, start=16111, stop=16446, strand=-
23:05:54.967 - INFO - ANNOTATION - fix gene: extract symbol from protein name. symbol=tetR
23:05:54.968 - INFO - ANNOTATION - fix gene: lowercase first char. new=mdlB, old=MdlB
23:05:54.968 - INFO - ANNOTATION - fix gene: lowercase first char. new=mdlB, old=MdlB
23:05:54.968 - INFO - ANNOTATION - fix gene: lowercase first char. new=mdlB, old=MdlB
23:05:54.968 - INFO - ANNOTATION - fix gene: lowercase first char. new=mdlB, old=MdlB
23:05:54.968 - INFO - ANNOTATION - fix product: replace putative synonyms. new=putative flavoprotein, old=Predicted flavoprotein
23:05:54.968 - INFO - ANNOTATION - fix gene: extract symbol from protein name. symbol=murT
23:05:54.968 - INFO - ANNOTATION - fix gene: lowercase first char. new=tdk, old=Tdk
23:05:54.968 - INFO - ANNOTATION - fix gene: lowercase first char. new=tdk, old=Tdk
23:05:54.968 - INFO - ANNOTATION - fix gene: extract symbol from protein name. symbol=mreB
23:05:54.968 - INFO - ANNOTATION - fix gene: lowercase first char. new=mreB, old=MreB
23:05:54.968 - INFO - ANNOTATION - fix gene: lowercase first char. new=mreB, old=MreB
23:05:54.969 - INFO - ANNOTATION - fix gene: extract symbol from protein name. symbol=yidD
23:05:54.969 - INFO - ANNOTATION - fix gene: lowercase first char. new=ftsW, old=FtsW
23:05:54.969 - INFO - ANNOTATION - fix gene: lowercase first char. new=ftsW, old=FtsW
23:05:54.969 - INFO - ANNOTATION - fix product: replace putative synonyms. new=putative succinyl-diaminopimelate desuccinylase, old=Probable succinyl-diaminopimelate desuccinylase
23:05:54.969 - INFO - ANNOTATION - fix product: revise DUF. new=DUF1827 domain-containing protein, old=DUF1827 family protein
23:05:54.969 - INFO - ANNOTATION - marked as hypothetical: seq=contig_14, start=3045, stop=3236, strand=+
23:05:54.969 - INFO - ANNOTATION - fix gene: lowercase first char. new=ptsA, old=PtsA
23:05:54.969 - INFO - ANNOTATION - fix gene: lowercase first char. new=ptsA, old=PtsA
23:05:54.969 - INFO - ANNOTATION - fix gene: extract symbol from protein name. symbol=thiT
23:05:54.969 - INFO - ANNOTATION - fix gene: extract symbol from protein name. symbol=purS
23:05:54.969 - INFO - ANNOTATION - fix gene: extract symbol from protein name. symbol=purQ
23:05:54.969 - INFO - ANNOTATION - fix gene: extract symbol from protein name. symbol=purL
23:05:54.970 - INFO - ANNOTATION - fix gene: extract symbol from protein name. symbol=ompR
23:05:54.970 - INFO - ANNOTATION - fix gene: lowercase first char. new=ompR, old=OmpR
23:05:54.970 - INFO - ANNOTATION - fix gene: lowercase first char. new=ompR, old=OmpR
23:05:54.970 - INFO - ANNOTATION - fix gene: lowercase first char. new=lolD, old=LolD
23:05:54.970 - INFO - ANNOTATION - fix gene: lowercase first char. new=lolD, old=LolD
23:05:54.970 - INFO - ANNOTATION - fix gene: extract symbol from protein name. symbol=spxA
23:05:54.970 - INFO - ANNOTATION - fix gene: extract symbol from protein name. symbol=mecA
23:05:54.970 - INFO - ANNOTATION - marked as hypothetical: seq=contig_14, start=34426, stop=34608, strand=-
23:05:54.970 - INFO - ANNOTATION - fix gene: lowercase first char. new=argR, old=ArgR
23:05:54.970 - INFO - ANNOTATION - fix gene: lowercase first char. new=argR, old=ArgR
23:05:54.970 - INFO - ANNOTATION - fix gene: lowercase first char. new=mrcB, old=MrcB
23:05:54.970 - INFO - ANNOTATION - fix gene: lowercase first char. new=mrcB, old=MrcB
23:05:54.970 - INFO - ANNOTATION - fix gene: lowercase first char. new=ylbF, old=YlbF
23:05:54.970 - INFO - ANNOTATION - fix gene: lowercase first char. new=ylbF, old=YlbF
23:05:54.970 - INFO - ANNOTATION - marked as hypothetical: seq=contig_15, start=47, stop=517, strand=-
23:05:54.971 - INFO - ANNOTATION - marked as hypothetical: seq=contig_15, start=3186, stop=4271, strand=+
23:05:54.971 - INFO - ANNOTATION - fix gene: extract symbol from protein name. symbol=lacI
23:05:54.971 - INFO - ANNOTATION - marked as hypothetical: seq=contig_15, start=28523, stop=28858, strand=+
23:05:54.971 - INFO - ANNOTATION - fix gene: lowercase first char. new=lig, old=Lig
23:05:54.971 - INFO - ANNOTATION - fix gene: lowercase first char. new=lig, old=Lig
23:05:54.971 - INFO - ANNOTATION - fix gene: lowercase first char. new=spoIVCA, old=SpoIVCA
23:05:54.971 - INFO - ANNOTATION - fix gene: lowercase first char. new=spoIVCA, old=SpoIVCA
23:05:54.971 - INFO - ANNOTATION - marked as hypothetical: seq=contig_16, start=17657, stop=18469, strand=-
23:05:54.971 - INFO - ANNOTATION - fix gene: lowercase first char. new=fur, old=Fur
23:05:54.971 - INFO - ANNOTATION - fix gene: lowercase first char. new=fur, old=Fur
23:05:54.971 - INFO - ANNOTATION - fix gene: lowercase first char. new=mdoB, old=MdoB
23:05:54.971 - INFO - ANNOTATION - fix gene: lowercase first char. new=mdoB, old=MdoB
23:05:54.971 - INFO - ANNOTATION - fix product: revise DUF. new=DUF1797 domain-containing protein, old=DUF1797 family protein
23:05:54.971 - INFO - ANNOTATION - fix gene: lowercase first char. new=ykuJ, old=YkuJ
23:05:54.972 - INFO - ANNOTATION - fix gene: lowercase first char. new=ykuJ, old=YkuJ
23:05:54.972 - INFO - ANNOTATION - marked as hypothetical: seq=contig_17, start=5141, stop=5494, strand=-
23:05:54.972 - INFO - ANNOTATION - fix gene: lowercase first char. new=aglD2, old=AglD2
23:05:54.972 - INFO - ANNOTATION - fix gene: lowercase first char. new=aglD2, old=AglD2
23:05:54.972 - INFO - ANNOTATION - fix gene: lowercase first char. new=rfaB, old=RfaB
23:05:54.972 - INFO - ANNOTATION - fix gene: lowercase first char. new=rfaB, old=RfaB
23:05:54.972 - INFO - ANNOTATION - fix gene: lowercase first char. new=rfaB, old=RfaB
23:05:54.972 - INFO - ANNOTATION - fix gene: lowercase first char. new=rfaB, old=RfaB
23:05:54.972 - INFO - ANNOTATION - marked as hypothetical: seq=contig_18, start=1468, stop=1698, strand=-
23:05:54.972 - INFO - ANNOTATION - fix gene: extract symbol from protein name. symbol=copG
23:05:54.972 - INFO - ANNOTATION - marked as hypothetical: seq=contig_18, start=2775, stop=3584, strand=-
23:05:54.972 - INFO - ANNOTATION - marked as hypothetical: seq=contig_19, start=1636, stop=1776, strand=+
23:05:54.972 - INFO - ANNOTATION - marked as hypothetical: seq=contig_23, start=1, stop=552, strand=+
23:05:54.973 - INFO - ORF - write internal aa seqs: # seqs=200, path=/tmp/tmp17e_x7tc/cds.pseudo.candidates.faa
23:10:39.291 - INFO - CDS - found: pseudogene-candidates=23
23:10:40.262 - INFO - CDS - pseudogene observation: seq=contig_1, start=117897, stop=118007, strand=+, effect=stop, cause=mutation, position=118005
23:10:40.266 - INFO - CDS - pseudogene: seq=contig_1, start=117897, stop=118007, strand=+, insertions=[], deletions=[], mutations=[118005], effect=Internal stop codon at 118005
23:10:40.266 - INFO - CDS - pseudogene observation: seq=contig_1, start=118053, stop=118175, strand=+, effect=stop, cause=mutation, position=118005
23:10:40.267 - INFO - CDS - pseudogene: seq=contig_1, start=118053, stop=118175, strand=+, insertions=[], deletions=[], mutations=[118005], effect=Internal stop codon at 118005
23:10:40.267 - INFO - CDS - pseudogene observation: seq=contig_1, start=195646, stop=196350, strand=+, cause=deletion, position=195653
23:10:40.267 - INFO - CDS - pseudogene: seq=contig_1, start=195646, stop=196350, strand=+, insertions=[], deletions=[195653], mutations=[], effect=
23:10:40.267 - INFO - CDS - pseudogene observation: seq=contig_2, start=250250, stop=250561, strand=+, cause=deletion, position=250203
23:10:40.267 - INFO - CDS - pseudogene observation: seq=contig_2, start=250250, stop=250561, strand=+, effect=stop, position=250233
23:10:40.268 - INFO - CDS - pseudogene: seq=contig_2, start=250250, stop=250561, strand=+, insertions=[], deletions=[250203], mutations=[], effect=Internal stop codon at 250233
23:10:40.268 - INFO - CDS - pseudogene observation: seq=contig_2, start=374809, stop=375294, strand=-, cause=insertion, position=374883
23:10:40.268 - INFO - CDS - pseudogene: seq=contig_2, start=374809, stop=375294, strand=-, insertions=[374883], deletions=[], mutations=[], effect=
23:10:40.268 - INFO - CDS - pseudogene observation: seq=contig_3, start=130066, stop=130248, strand=-, effect=stop, cause=mutation, position=130068
23:10:40.268 - INFO - CDS - pseudogene observation: seq=contig_3, start=130066, stop=130248, strand=-, cause=insertion, position=129987
23:10:40.269 - INFO - CDS - pseudogene: seq=contig_3, start=130066, stop=130248, strand=-, insertions=[129987], deletions=[], mutations=[130068], effect=Internal stop codon at 130068
23:10:40.269 - INFO - CDS - pseudogene observation: seq=contig_3, start=332451, stop=332633, strand=-, effect=stop, cause=mutation, position=332781
23:10:40.269 - INFO - CDS - pseudogene observation: seq=contig_3, start=332451, stop=332633, strand=-, cause=insertion, position=332601
23:10:40.269 - INFO - CDS - pseudogene: seq=contig_3, start=332451, stop=332633, strand=-, insertions=[332601], deletions=[], mutations=[332781], effect=Internal stop codon at 332781
23:10:40.269 - INFO - CDS - pseudogene observation: seq=contig_5, start=17574, stop=17867, strand=-, effect=stop, cause=mutation, position=17915
23:10:40.270 - INFO - CDS - pseudogene: seq=contig_5, start=17574, stop=17867, strand=-, insertions=[], deletions=[], mutations=[17915], effect=Internal stop codon at 17915
23:10:40.270 - INFO - CDS - pseudogene observation: seq=contig_5, start=225842, stop=226144, strand=-, cause=insertion, position=225850
23:10:40.270 - INFO - CDS - pseudogene observation: seq=contig_5, start=225842, stop=226144, strand=-, cause=insertion, position=225840
23:10:40.270 - INFO - CDS - pseudogene: seq=contig_5, start=225842, stop=226144, strand=-, insertions=[225840, 225850], deletions=[], mutations=[], effect=
23:10:40.270 - INFO - CDS - pseudogene observation: seq=contig_5, start=309037, stop=309150, strand=-, effect=stop, cause=mutation, position=309204
23:10:40.270 - INFO - CDS - pseudogene observation: seq=contig_5, start=309037, stop=309150, strand=-, effect=stop, cause=mutation, position=309189
23:10:40.271 - INFO - CDS - pseudogene: seq=contig_5, start=309037, stop=309150, strand=-, insertions=[], deletions=[], mutations=[309189, 309204], effect=Internal stop codon at 309189, 309204
23:10:40.271 - INFO - CDS - pseudogene observation: seq=contig_8, start=23377, stop=23490, strand=-, cause=insertion, position=23509
23:10:40.271 - INFO - CDS - pseudogene observation: seq=contig_8, start=23377, stop=23490, strand=-, cause=deletion, position=23382
23:10:40.271 - INFO - CDS - pseudogene: seq=contig_8, start=23377, stop=23490, strand=-, insertions=[23509], deletions=[23382], mutations=[], effect=
23:10:40.271 - INFO - CDS - pseudogene observation: seq=contig_8, start=30014, stop=30172, strand=-, effect=stop, cause=mutation, position=30016
23:10:40.271 - INFO - CDS - pseudogene: seq=contig_8, start=30014, stop=30172, strand=-, insertions=[], deletions=[], mutations=[30016], effect=Internal stop codon at 30016
23:10:40.271 - INFO - CDS - pseudogene observation: seq=contig_8, start=57736, stop=57855, strand=+, cause=deletion, position=57832
23:10:40.272 - INFO - CDS - pseudogene: seq=contig_8, start=57736, stop=57855, strand=+, insertions=[], deletions=[57832], mutations=[], effect=
23:10:40.272 - INFO - CDS - found: pseudogenes=13
23:10:40.337 - INFO - PSC - looked-up=13
23:10:40.366 - INFO - PSCC - looked-up=13
23:10:40.373 - INFO - ANNOTATION - marked as hypothetical: seq=contig_1, start=118053, stop=118175, strand=+
23:10:40.374 - INFO - ANNOTATION - marked as hypothetical: seq=contig_2, start=250250, stop=250561, strand=+
23:10:40.374 - INFO - ANNOTATION - fix gene: extract symbol from protein name. symbol=relE
23:10:40.375 - INFO - ANNOTATION - marked as hypothetical: seq=contig_5, start=309037, stop=309150, strand=-
23:10:40.375 - INFO - ANNOTATION - marked as hypothetical: seq=contig_8, start=23377, stop=23490, strand=-
23:10:40.375 - INFO - ANNOTATION - marked as hypothetical: seq=contig_8, start=30014, stop=30172, strand=-
23:10:40.375 - INFO - ANNOTATION - marked as hypothetical: seq=contig_8, start=57736, stop=57855, strand=+
23:10:41.856 - INFO - CDS - pfam detected: seq=contig_5, start=76102, stop=83319, strand=-, pfam-id=PF02389.20, length=82, aa-start=2044, aa-stop=2125, aa-cov=0.0, hmm-cov=1.0, evalue=3.1e-18, bitscore=59.9, name=Cornifin
23:10:42.150 - INFO - CDS - pfam detected: seq=contig_1, start=106508, stop=106831, strand=-, pfam-id=PF02635.20, length=92, aa-start=27, aa-stop=106, aa-cov=0.7, hmm-cov=1.0, evalue=1.6e-07, bitscore=25.1, name=DsrE
23:10:42.750 - INFO - CDS - pfam detected: seq=contig_1, start=531745, stop=532218, strand=+, pfam-id=PF24727.1, length=148, aa-start=1, aa-stop=138, aa-cov=0.9, hmm-cov=1.0, evalue=1.6e-32, bitscore=106.1, name=DUF7679
23:10:44.733 - INFO - CDS - pfam detected: seq=contig_1, start=201169, stop=201375, strand=+, pfam-id=PF01471.23, length=51, aa-start=5, aa-stop=55, aa-cov=0.8, hmm-cov=1.0, evalue=6.3e-07, bitscore=23.2, name=PG_binding_1
23:10:47.308 - INFO - CDS - pfam detected: seq=contig_8, start=51479, stop=51790, strand=-, pfam-id=PF00582.32, length=96, aa-start=6, aa-stop=100, aa-cov=0.9, hmm-cov=1.0, evalue=2.4e-16, bitscore=54.1, name=Usp
23:10:47.417 - INFO - CDS - pfam detected: seq=contig_15, start=3186, stop=4271, strand=+, pfam-id=PF11797.14, length=134, aa-start=175, aa-stop=307, aa-cov=0.4, hmm-cov=1.0, evalue=4.8e-31, bitscore=101.2, name=WxLIP_HBD
23:10:47.417 - INFO - CDS - pfam detected: seq=contig_15, start=3186, stop=4271, strand=+, pfam-id=PF06030.18, length=122, aa-start=44, aa-stop=165, aa-cov=0.3, hmm-cov=1.0, evalue=5.3e-32, bitscore=104.0, name=WxLIP_PGBD
23:10:47.422 - INFO - CDS - predicted-pfams=7, CDS-w/-pfams=6
23:10:50.533 - INFO - S_ORF - predicted=48610
23:10:51.427 - INFO - S_ORF - sORF filter: # valid=9282, # discarded=39328
23:10:51.571 - INFO - ORF - discard spurious: seq=contig_3, start=364625, stop=364705, strand=+, homology=Spurious_ORF_208, evalue=2.2e-11, bitscore=42.293522
23:10:51.599 - INFO - ORF - discard spurious: seq=contig_1, start=108975, stop=109049, strand=-, homology=Spurious_ORF_267, evalue=3.0e-15, bitscore=54.649040
23:10:51.599 - INFO - ORF - discard spurious: seq=contig_4, start=148722, stop=148808, strand=-, homology=Spurious_ORF_267, evalue=7.8e-15, bitscore=53.325260
23:10:51.599 - INFO - ORF - discard spurious: seq=contig_7, start=30809, stop=30886, strand=+, homology=Spurious_ORF_267, evalue=1.4e-14, bitscore=52.540386
23:10:51.599 - INFO - ORF - discard spurious: seq=contig_11, start=57802, stop=57876, strand=-, homology=Spurious_ORF_267, evalue=2.0e-14, bitscore=52.016651
23:10:51.599 - INFO - ORF - discard spurious: seq=contig_3, start=25935, stop=26018, strand=+, homology=Spurious_ORF_267, evalue=2.1e-14, bitscore=51.927017
23:10:51.599 - INFO - ORF - discard spurious: seq=contig_1, start=168361, stop=168450, strand=-, homology=Spurious_ORF_267, evalue=5.5e-14, bitscore=50.613125
23:10:51.599 - INFO - ORF - discard spurious: seq=contig_3, start=34769, stop=34846, strand=+, homology=Spurious_ORF_267, evalue=6.0e-14, bitscore=50.486694
23:10:51.599 - INFO - ORF - discard spurious: seq=contig_1, start=60093, stop=60170, strand=-, homology=Spurious_ORF_267, evalue=1.2e-13, bitscore=49.533482
23:10:51.599 - INFO - ORF - discard spurious: seq=contig_1, start=610855, stop=610932, strand=+, homology=Spurious_ORF_267, evalue=1.9e-13, bitscore=48.864944
23:10:51.599 - INFO - ORF - discard spurious: seq=contig_1, start=610979, stop=611059, strand=+, homology=Spurious_ORF_267, evalue=2.2e-13, bitscore=48.663219
23:10:51.599 - INFO - ORF - discard spurious: seq=contig_1, start=610846, stop=610932, strand=+, homology=Spurious_ORF_267, evalue=2.6e-13, bitscore=48.437592
23:10:51.599 - INFO - ORF - discard spurious: seq=contig_3, start=97585, stop=97659, strand=-, homology=Spurious_ORF_267, evalue=2.8e-13, bitscore=48.337257
23:10:51.599 - INFO - ORF - discard spurious: seq=contig_1, start=610970, stop=611059, strand=+, homology=Spurious_ORF_267, evalue=3.0e-13, bitscore=48.264881
23:10:51.599 - INFO - ORF - discard spurious: seq=contig_3, start=161012, stop=161089, strand=-, homology=Spurious_ORF_267, evalue=3.5e-13, bitscore=48.051380
23:10:51.599 - INFO - ORF - discard spurious: seq=contig_2, start=107834, stop=107920, strand=+, homology=Spurious_ORF_267, evalue=3.6e-13, bitscore=47.996864
23:10:51.599 - INFO - ORF - discard spurious: seq=contig_7, start=108401, stop=108478, strand=+, homology=Spurious_ORF_267, evalue=4.7e-13, bitscore=47.617542
23:10:51.599 - INFO - ORF - discard spurious: seq=contig_2, start=416143, stop=416232, strand=-, homology=Spurious_ORF_267, evalue=6.1e-13, bitscore=47.257042
23:10:51.599 - INFO - ORF - discard spurious: seq=contig_7, start=1442, stop=1528, strand=+, homology=Spurious_ORF_267, evalue=9.4e-13, bitscore=46.664402
23:10:51.599 - INFO - ORF - discard spurious: seq=contig_6, start=190064, stop=190153, strand=-, homology=Spurious_ORF_267, evalue=1.4e-12, bitscore=46.063637
23:10:51.599 - INFO - ORF - discard spurious: seq=contig_3, start=148282, stop=148359, strand=-, homology=Spurious_ORF_267, evalue=1.6e-12, bitscore=45.916599
23:10:51.599 - INFO - ORF - discard spurious: seq=contig_13, start=37886, stop=37963, strand=+, homology=Spurious_ORF_267, evalue=4.1e-12, bitscore=44.618614
23:10:51.599 - INFO - ORF - discard spurious: seq=contig_1, start=328904, stop=328978, strand=-, homology=Spurious_ORF_267, evalue=5.4e-12, bitscore=44.230709
23:10:51.599 - INFO - ORF - discard spurious: seq=contig_1, start=240097, stop=240174, strand=+, homology=Spurious_ORF_267, evalue=1.1e-11, bitscore=43.252720
23:10:51.599 - INFO - ORF - discard spurious: seq=contig_3, start=119798, stop=119875, strand=-, homology=Spurious_ORF_267, evalue=1.3e-11, bitscore=42.988686
23:10:51.599 - INFO - ORF - discard spurious: seq=contig_3, start=362129, stop=362218, strand=+, homology=Spurious_ORF_267, evalue=4.7e-11, bitscore=41.221802
23:10:51.599 - INFO - ORF - discard spurious: seq=contig_3, start=119670, stop=119750, strand=-, homology=Spurious_ORF_267, evalue=1.3e-09, bitscore=36.636742
23:10:51.599 - INFO - ORF - discard spurious: seq=contig_3, start=131313, stop=131390, strand=-, homology=Spurious_ORF_267, evalue=2.3e-09, bitscore=35.818420
23:10:51.599 - INFO - ORF - discard spurious: seq=contig_6, start=198362, stop=198445, strand=+, homology=Spurious_ORF_267, evalue=3.3e-09, bitscore=35.329662
23:10:51.599 - INFO - ORF - discard spurious: seq=contig_9, start=27684, stop=27764, strand=+, homology=Spurious_ORF_267, evalue=1.4e-08, bitscore=33.284454
23:10:51.599 - INFO - ORF - discard spurious: seq=contig_4, start=295664, stop=295750, strand=-, homology=Spurious_ORF_267, evalue=1.5e-08, bitscore=33.195740
23:10:51.600 - INFO - ORF - discard spurious: seq=contig_1, start=328071, stop=328118, strand=+, homology=Spurious_ORF_267, evalue=3.6e-08, bitscore=32.001274
23:10:51.600 - INFO - ORF - discard spurious: seq=contig_3, start=382046, stop=382132, strand=+, homology=Spurious_ORF_267, evalue=1.1e-07, bitscore=30.437994
23:10:51.600 - INFO - ORF - discard spurious: seq=contig_2, start=181524, stop=181589, strand=+, homology=Spurious_ORF_267, evalue=1.2e-07, bitscore=30.398014
23:10:51.600 - INFO - ORF - discard spurious: seq=contig_1, start=558308, stop=558385, strand=+, homology=Spurious_ORF_267, evalue=2.7e-07, bitscore=29.197798
23:10:51.600 - INFO - ORF - discard spurious: seq=contig_37, start=132, stop=191, strand=+, homology=Spurious_ORF_267, evalue=4.2e-07, bitscore=28.596277
23:10:51.600 - INFO - ORF - discarded=36
23:10:53.915 - INFO - UPS - looked-up=6
23:10:53.932 - INFO - IPS - looked-up=6
23:10:53.932 - INFO - ORF - write internal aa seqs: # seqs=9240, path=/tmp/tmp17e_x7tc/sorf.faa
23:10:54.085 - INFO - S_ORF - homology: seq=contig_10, start=8832, stop=8909, strand=+, aa-length=25, query-cov=1.000, subject-cov=1.000, identity=0.920, score=51.6, evalue=5.3e-13, UniRef=Q03CA8
23:10:54.085 - INFO - S_ORF - homology: seq=contig_5, start=21899, stop=21973, strand=-, aa-length=24, query-cov=0.958, subject-cov=1.000, identity=0.957, score=51.6, evalue=5.0e-13, UniRef=A0A5R8LJA8
23:10:54.085 - INFO - S_ORF - homology: seq=contig_3, start=253726, stop=253788, strand=-, aa-length=20, query-cov=1.000, subject-cov=1.000, identity=0.950, score=42.0, evalue=2.7e-09, UniRef=A0A806F081
23:10:54.086 - INFO - S_ORF - found=3
23:10:54.105 - INFO - PSC - looked-up=9
23:10:54.120 - INFO - PSCC - looked-up=9
23:10:54.130 - INFO - GAP - seq=contig_1, start=554606, stop=554705, length=100
23:10:54.135 - INFO - GAP - seq=contig_2, start=293663, stop=293762, length=100
23:10:54.138 - INFO - GAP - seq=contig_3, start=119931, stop=120030, length=100
23:10:54.144 - INFO - GAP - seq=contig_4, start=295144, stop=295243, length=100
23:10:54.153 - INFO - GAP - seq=contig_10, start=42542, stop=42641, length=100
23:10:54.156 - INFO - GAP - seq=contig_19, start=1345, stop=1444, length=100
23:10:55.866 - INFO - ORI - type=oriC, seq=contig_1, start=243600, stop=243769, nt=[AAGAGCCTCC..TCCACATGTG]
23:10:55.884 - INFO - ORI - predicted=1
23:10:56.094 - INFO - ORI - predicted=0
23:10:56.099 - INFO - ANNOTATION - overlap: CDS (None/Spiroplasmavirus-related protein) [110, 343] overlapping rRNA (rrs) [1, 1281], [110,343], seq=contig_19
23:10:56.099 - INFO - ANNOTATION - overlap: CDS (None/hypothetical protein) [1636, 1776] overlapping rRNA (rrl) [874, 3772], [1636,1776], seq=contig_19
23:10:56.099 - INFO - ANNOTATION - overlap: CDS (None/Transposase) [2422, 2589] overlapping rRNA (rrl) [874, 3772], [2422,2589], seq=contig_19
23:10:56.103 - INFO - UTILS - generated sequence tag prefix: prefix=CJDOJIIONP, length=10, MD5=C3D8322879E9D5947F0C650909118D47
23:10:56.108 - INFO - MAIN - selected features=2971
23:10:56.108 - INFO - MAIN - locus tag prefix=LPARA
23:10:56.113 - INFO - ANNOTATION - gene product symbol selection: seq=contig_1, start=18643, stop=19995, new-gene=gntP, old-gene=gntT, genes=gntP,gntT, product=Gluconate permease GntP
23:10:56.113 - INFO - ANNOTATION - gene neighborhood symbol selection: seq=contig_1, start=346529, stop=347338, new-gene=yycJ, old-gene=phnP, genes=phnP,yycJ, product=Putative metallo-hydrolase YycJ
23:10:56.114 - INFO - ANNOTATION - gene neighborhood symbol selection: seq=contig_2, start=172176, stop=172406, new-gene=nrdH, old-gene=grxC, genes=grxC,nrdH, product=Glutaredoxin-like protein NrdH
23:10:56.114 - INFO - ANNOTATION - gene product symbol selection: seq=contig_2, start=223059, stop=224216, new-gene=safA, old-gene=acm, genes=acm,safA, product=Spore coat assembly protein SafA
23:10:56.115 - INFO - ANNOTATION - gene product symbol selection: seq=contig_5, start=183312, stop=184136, new-gene=potA, old-gene=potB, genes=potA,potB, product=Spermidine/putrescine import ATP-binding protein PotA
23:10:56.115 - INFO - ANNOTATION - gene product symbol selection: seq=contig_5, start=198757, stop=199818, new-gene=malK2, old-gene=malK, genes=malK,malK2, product=MalK2
23:10:56.115 - INFO - ANNOTATION - gene neighborhood symbol selection: seq=contig_5, start=200717, stop=201538, new-gene=malF2, old-gene=ugpE, genes=malF2,ugpE, product=MalF2
23:10:56.115 - INFO - ANNOTATION - gene neighborhood symbol selection: seq=contig_5, start=201548, stop=202861, new-gene=malE2, old-gene=ugpB, genes=malE2,ugpB, product=MalE2
23:10:56.116 - INFO - UTILS - genome-size=3063674
23:10:56.134 - INFO - UTILS - GC=0.461
23:10:56.134 - INFO - UTILS - N=0.000
23:10:56.135 - INFO - UTILS - N50=404174
23:10:56.135 - INFO - UTILS - N90=64565
23:10:56.135 - INFO - UTILS - coding-ratio=0.854
23:10:56.141 - INFO - TSV - write feature tsv: path=/home/ephraim/bakta_isolate_output/L_paracasei_isolate_mra.tsv
23:10:56.149 - INFO - GFF - write features: path=/home/ephraim/bakta_isolate_output/L_paracasei_isolate_mra.gff3
23:10:56.297 - INFO - INSDC - write GenBank: path=/home/ephraim/bakta_isolate_output/L_paracasei_isolate_mra.gbff
23:10:56.534 - INFO - INSDC - write EMBL: path=/home/ephraim/bakta_isolate_output/L_paracasei_isolate_mra.embl
23:10:56.808 - INFO - FASTA - write genome sequences: path=/home/ephraim/bakta_isolate_output/L_paracasei_isolate_mra.fna, description=True, wrap=True
23:10:56.819 - INFO - FASTA - write feature nucleotide sequences: path=/home/ephraim/bakta_isolate_output/L_paracasei_isolate_mra.ffn
23:10:56.825 - INFO - FASTA - write translated CDS/sORF: path=/home/ephraim/bakta_isolate_output/L_paracasei_isolate_mra.faa
23:10:56.828 - INFO - TSV - write tsv: path=/home/ephraim/bakta_isolate_output/L_paracasei_isolate_mra.inference.tsv
23:11:14.040 - INFO - TSV - write hypothetical tsv: path=/home/ephraim/bakta_isolate_output/L_paracasei_isolate_mra.hypotheticals.tsv
23:11:14.041 - INFO - FASTA - write translated CDS/sORF: path=/home/ephraim/bakta_isolate_output/L_paracasei_isolate_mra.hypotheticals.faa
23:11:14.042 - INFO - JSON - write JSON: path=/home/ephraim/bakta_isolate_output/L_paracasei_isolate_mra.json
23:11:14.243 - INFO - MAIN - removed tmp dir: /tmp/tmp17e_x7tc
