19:27:10.770 - INFO - UTILS - version=1.12.0
19:27:10.770 - INFO - UTILS - developer: Oliver Schwengers, github.com/oschwengers
19:27:10.770 - INFO - UTILS - command: /home/ephraim/miniconda3/envs/bakta/bin/bakta --db /home/ephraim/bakta_db/db --compliant --genus Lacticaseibacillus --species paracasei --locus-tag LPARA --prefix L_paracasei_isolate_mra --output bakta_isolate_may --threads 8 isolate_filtered_may.fasta
19:27:10.770 - INFO - UTILS - local time: 2026-05-03 19:27:10
19:27:10.774 - INFO - UTILS - machine: type=x86_64, cores=12
19:27:10.774 - INFO - UTILS - system: type=Linux, release=6.6.87.2-microsoft-standard-WSL2
19:27:10.774 - INFO - UTILS - python: version=3.11.14, implementation=CPython
19:27:10.774 - INFO - CONFIG - threads=8
19:27:10.774 - INFO - CONFIG - verbose=False
19:27:10.774 - INFO - CONFIG - debug=False
19:27:10.774 - INFO - CONFIG - database: type=parameter, path=/home/ephraim/bakta_db/db
19:27:10.775 - INFO - CONFIG - tmp-path=/tmp/tmp6h11c43s
19:27:10.776 - INFO - CONFIG - genome-path=/home/ephraim/isolate_filtered_may.fasta
19:27:10.776 - INFO - CONFIG - min_contig_length=1
19:27:10.776 - INFO - CONFIG - prefix=L_paracasei_isolate_mra
19:27:10.776 - INFO - CONFIG - output-path=/home/ephraim/bakta_isolate_may
19:27:10.776 - INFO - CONFIG - force=False
19:27:10.776 - INFO - CONFIG - genus=Lacticaseibacillus
19:27:10.776 - INFO - CONFIG - species=paracasei
19:27:10.776 - INFO - CONFIG - strain=None
19:27:10.776 - INFO - CONFIG - plasmid=None
19:27:10.776 - INFO - CONFIG - complete=False
19:27:10.776 - INFO - CONFIG - prodigal_tf=None
19:27:10.776 - INFO - CONFIG - translation_table=11
19:27:10.776 - INFO - CONFIG - gram=?
19:27:10.776 - INFO - CONFIG - compliant=True
19:27:10.776 - INFO - CONFIG - compliant mode! min_contig_length=200
19:27:10.776 - INFO - CONFIG - meta=False
19:27:10.776 - INFO - CONFIG - partial=False
19:27:10.776 - INFO - CONFIG - locus=None
19:27:10.776 - INFO - CONFIG - locus-tag=LPARA
19:27:10.776 - INFO - CONFIG - locus-tag-increment=1
19:27:10.776 - INFO - CONFIG - keep_contig_headers=False
19:27:10.776 - INFO - CONFIG - replicon-table=None
19:27:10.776 - INFO - CONFIG - regions=None
19:27:10.776 - INFO - CONFIG - skip-tRNA=False
19:27:10.776 - INFO - CONFIG - skip-tmRNA=False
19:27:10.776 - INFO - CONFIG - skip-rRNA=False
19:27:10.776 - INFO - CONFIG - skip-ncRNA=False
19:27:10.776 - INFO - CONFIG - skip-ncRNA-region=False
19:27:10.776 - INFO - CONFIG - skip-CRISPR=False
19:27:10.776 - INFO - CONFIG - skip-CDS=False
19:27:10.776 - INFO - CONFIG - skip-pseudo=False
19:27:10.776 - INFO - CONFIG - skip-sORF=False
19:27:10.776 - INFO - CONFIG - skip-gap=False
19:27:10.776 - INFO - CONFIG - skip-ori=False
19:27:10.776 - INFO - CONFIG - skip-filter=False
19:27:10.776 - INFO - CONFIG - skip-plot=False
19:27:10.778 - INFO - DB - detected: major=6, minor=0, type=full, date=2025-02-24
19:27:11.686 - INFO - UTILS - dependency: tool=tRNAscan-SE, version=v2.0.12, path=/home/ephraim/miniconda3/envs/bakta/bin/tRNAscan-SE
19:27:11.690 - INFO - UTILS - dependency: tool=Aragorn, version=v1.2.41, path=/home/ephraim/miniconda3/envs/bakta/bin/aragorn
19:27:11.696 - INFO - UTILS - dependency: tool=CMscan, version=v1.1.5, path=/home/ephraim/miniconda3/envs/bakta/bin/cmscan
19:27:11.700 - INFO - UTILS - dependency: tool=PilerCR, version=v1.6.0, path=/home/ephraim/miniconda3/envs/bakta/bin/pilercr
19:27:11.794 - INFO - UTILS - dependency: tool=Pyrodigal, version=v3.7.0, path=/home/ephraim/miniconda3/envs/bakta/bin/python3.11
19:27:11.801 - INFO - UTILS - dependency: tool=AMRFinderPlus, version=v4.2.7, path=/home/ephraim/miniconda3/envs/bakta/bin/amrfinder
19:27:11.873 - INFO - UTILS - dependency: tool=Pyhmmer, version=v0.12.0, path=/home/ephraim/miniconda3/envs/bakta/bin/python3.11
19:27:11.889 - INFO - UTILS - dependency: tool=Diamond, version=v2.1.23, path=/home/ephraim/miniconda3/envs/bakta/bin/diamond
19:27:12.137 - INFO - UTILS - dependency: tool=Blastn, version=v2.17.0, path=/home/ephraim/miniconda3/envs/bakta/bin/blastn
19:27:12.928 - INFO - UTILS - dependency: tool=pyCirclize, version=v1.10.1, path=/home/ephraim/miniconda3/envs/bakta/bin/python3.11
19:27:12.942 - INFO - FASTA - imported: id=NODE_1_length_651596_cov_115.359902, length=651596, description=, genomic=True, dna=True
19:27:12.952 - INFO - FASTA - imported: id=NODE_2_length_515833_cov_109.460731, length=515833, description=, genomic=True, dna=True
19:27:12.960 - INFO - FASTA - imported: id=NODE_3_length_404174_cov_108.718135, length=404174, description=, genomic=True, dna=True
19:27:12.967 - INFO - FASTA - imported: id=NODE_4_length_348303_cov_114.329901, length=348303, description=, genomic=True, dna=True
19:27:12.974 - INFO - FASTA - imported: id=NODE_5_length_328887_cov_107.457170, length=328887, description=, genomic=True, dna=True
19:27:12.978 - INFO - FASTA - imported: id=NODE_6_length_211744_cov_108.724426, length=211744, description=, genomic=True, dna=True
19:27:12.980 - INFO - FASTA - imported: id=NODE_7_length_113986_cov_103.583132, length=113986, description=, genomic=True, dna=True
19:27:12.982 - INFO - FASTA - imported: id=NODE_8_length_78957_cov_311.645246, length=78957, description=, genomic=True, dna=True
19:27:12.983 - INFO - FASTA - imported: id=NODE_9_length_65232_cov_107.983117, length=65232, description=, genomic=True, dna=True
19:27:12.985 - INFO - FASTA - imported: id=NODE_10_length_64565_cov_119.738261, length=64565, description=, genomic=True, dna=True
19:27:12.986 - INFO - FASTA - imported: id=NODE_11_length_60639_cov_107.161487, length=60639, description=, genomic=True, dna=True
19:27:12.987 - INFO - FASTA - imported: id=NODE_12_length_50619_cov_110.658937, length=50619, description=, genomic=True, dna=True
19:27:12.988 - INFO - FASTA - imported: id=NODE_13_length_45945_cov_104.851879, length=45945, description=, genomic=True, dna=True
19:27:12.989 - INFO - FASTA - imported: id=NODE_14_length_41384_cov_104.001985, length=41384, description=, genomic=True, dna=True
19:27:12.989 - INFO - FASTA - imported: id=NODE_15_length_29009_cov_365.507362, length=29009, description=, genomic=True, dna=True
19:27:12.990 - INFO - FASTA - imported: id=NODE_16_length_18578_cov_370.663424, length=18578, description=, genomic=True, dna=True
19:27:12.990 - INFO - FASTA - imported: id=NODE_17_length_14292_cov_110.043405, length=14292, description=, genomic=True, dna=True
19:27:12.990 - INFO - FASTA - imported: id=NODE_18_length_4093_cov_374.758217, length=4093, description=, genomic=True, dna=True
19:27:12.990 - INFO - FASTA - imported: id=NODE_19_length_3777_cov_504.508378, length=3777, description=, genomic=True, dna=True
19:27:12.990 - INFO - FASTA - imported: id=NODE_20_length_3278_cov_568.802562, length=3278, description=, genomic=True, dna=True
19:27:12.990 - INFO - FASTA - imported: id=NODE_21_length_2240_cov_118.596461, length=2240, description=, genomic=True, dna=True
19:27:12.990 - INFO - FASTA - imported: id=NODE_22_length_714_cov_558.368917, length=714, description=, genomic=True, dna=True
19:27:12.991 - INFO - FASTA - imported: id=NODE_23_length_563_cov_410.991770, length=563, description=, genomic=True, dna=True
19:27:12.991 - INFO - FASTA - imported: id=NODE_24_length_479_cov_253.303483, length=479, description=, genomic=True, dna=True
19:27:12.991 - INFO - FASTA - imported: id=NODE_25_length_431_cov_97.533898, length=431, description=, genomic=True, dna=True
19:27:12.991 - INFO - FASTA - imported: id=NODE_26_length_424_cov_660.749280, length=424, description=, genomic=True, dna=True
19:27:12.991 - INFO - FASTA - imported: id=NODE_27_length_393_cov_251.367089, length=393, description=, genomic=True, dna=True
19:27:12.991 - INFO - FASTA - imported: id=NODE_28_length_389_cov_110.282051, length=389, description=, genomic=True, dna=True
19:27:12.991 - INFO - FASTA - imported: id=NODE_29_length_340_cov_113.517110, length=340, description=, genomic=True, dna=True
19:27:12.991 - INFO - FASTA - imported: id=NODE_30_length_336_cov_819.332046, length=336, description=, genomic=True, dna=True
19:27:12.991 - INFO - FASTA - imported: id=NODE_31_length_282_cov_0.834146, length=282, description=, genomic=True, dna=True
19:27:12.991 - INFO - FASTA - imported: id=NODE_32_length_279_cov_341.371287, length=279, description=, genomic=True, dna=True
19:27:12.991 - INFO - FASTA - imported: id=NODE_33_length_277_cov_0.740000, length=277, description=, genomic=True, dna=True
19:27:12.991 - INFO - FASTA - imported: id=NODE_34_length_273_cov_0.750000, length=273, description=, genomic=True, dna=True
19:27:12.991 - INFO - FASTA - imported: id=NODE_35_length_267_cov_113.815789, length=267, description=, genomic=True, dna=True
19:27:12.991 - INFO - FASTA - imported: id=NODE_36_length_265_cov_0.776596, length=265, description=, genomic=True, dna=True
19:27:12.991 - INFO - FASTA - imported: id=NODE_37_length_261_cov_64.021739, length=261, description=, genomic=True, dna=True
19:27:12.991 - INFO - FASTA - imported: id=NODE_38_length_253_cov_0.835227, length=253, description=, genomic=True, dna=True
19:27:12.991 - INFO - FASTA - imported: id=NODE_39_length_241_cov_97.128049, length=241, description=, genomic=True, dna=True
19:27:12.991 - INFO - FASTA - imported: id=NODE_40_length_238_cov_886.366460, length=238, description=, genomic=True, dna=True
19:27:12.991 - INFO - FASTA - imported: id=NODE_41_length_201_cov_820.959677, length=201, description=, genomic=True, dna=True
19:27:12.991 - INFO - MAIN - imported sequences=41
19:27:12.991 - INFO - UTILS - qc: revised sequence: id=contig_1, orig-id=NODE_1_length_651596_cov_115.359902, type=contig, complete=False, topology=linear, name=, description='[organism=Lacticaseibacillus paracasei] [gcode=11] [topology=linear]', orig-description=''
19:27:12.991 - INFO - UTILS - qc: revised sequence: id=contig_2, orig-id=NODE_2_length_515833_cov_109.460731, type=contig, complete=False, topology=linear, name=, description='[organism=Lacticaseibacillus paracasei] [gcode=11] [topology=linear]', orig-description=''
19:27:12.991 - INFO - UTILS - qc: revised sequence: id=contig_3, orig-id=NODE_3_length_404174_cov_108.718135, type=contig, complete=False, topology=linear, name=, description='[organism=Lacticaseibacillus paracasei] [gcode=11] [topology=linear]', orig-description=''
19:27:12.991 - INFO - UTILS - qc: revised sequence: id=contig_4, orig-id=NODE_4_length_348303_cov_114.329901, type=contig, complete=False, topology=linear, name=, description='[organism=Lacticaseibacillus paracasei] [gcode=11] [topology=linear]', orig-description=''
19:27:12.991 - INFO - UTILS - qc: revised sequence: id=contig_5, orig-id=NODE_5_length_328887_cov_107.457170, type=contig, complete=False, topology=linear, name=, description='[organism=Lacticaseibacillus paracasei] [gcode=11] [topology=linear]', orig-description=''
19:27:12.991 - INFO - UTILS - qc: revised sequence: id=contig_6, orig-id=NODE_6_length_211744_cov_108.724426, type=contig, complete=False, topology=linear, name=, description='[organism=Lacticaseibacillus paracasei] [gcode=11] [topology=linear]', orig-description=''
19:27:12.992 - INFO - UTILS - qc: revised sequence: id=contig_7, orig-id=NODE_7_length_113986_cov_103.583132, type=contig, complete=False, topology=linear, name=, description='[organism=Lacticaseibacillus paracasei] [gcode=11] [topology=linear]', orig-description=''
19:27:12.992 - INFO - UTILS - qc: revised sequence: id=contig_8, orig-id=NODE_8_length_78957_cov_311.645246, type=contig, complete=False, topology=linear, name=, description='[organism=Lacticaseibacillus paracasei] [gcode=11] [topology=linear]', orig-description=''
19:27:12.992 - INFO - UTILS - qc: revised sequence: id=contig_9, orig-id=NODE_9_length_65232_cov_107.983117, type=contig, complete=False, topology=linear, name=, description='[organism=Lacticaseibacillus paracasei] [gcode=11] [topology=linear]', orig-description=''
19:27:12.992 - INFO - UTILS - qc: revised sequence: id=contig_10, orig-id=NODE_10_length_64565_cov_119.738261, type=contig, complete=False, topology=linear, name=, description='[organism=Lacticaseibacillus paracasei] [gcode=11] [topology=linear]', orig-description=''
19:27:12.992 - INFO - UTILS - qc: revised sequence: id=contig_11, orig-id=NODE_11_length_60639_cov_107.161487, type=contig, complete=False, topology=linear, name=, description='[organism=Lacticaseibacillus paracasei] [gcode=11] [topology=linear]', orig-description=''
19:27:12.992 - INFO - UTILS - qc: revised sequence: id=contig_12, orig-id=NODE_12_length_50619_cov_110.658937, type=contig, complete=False, topology=linear, name=, description='[organism=Lacticaseibacillus paracasei] [gcode=11] [topology=linear]', orig-description=''
19:27:12.992 - INFO - UTILS - qc: revised sequence: id=contig_13, orig-id=NODE_13_length_45945_cov_104.851879, type=contig, complete=False, topology=linear, name=, description='[organism=Lacticaseibacillus paracasei] [gcode=11] [topology=linear]', orig-description=''
19:27:12.992 - INFO - UTILS - qc: revised sequence: id=contig_14, orig-id=NODE_14_length_41384_cov_104.001985, type=contig, complete=False, topology=linear, name=, description='[organism=Lacticaseibacillus paracasei] [gcode=11] [topology=linear]', orig-description=''
19:27:12.992 - INFO - UTILS - qc: revised sequence: id=contig_15, orig-id=NODE_15_length_29009_cov_365.507362, type=contig, complete=False, topology=linear, name=, description='[organism=Lacticaseibacillus paracasei] [gcode=11] [topology=linear]', orig-description=''
19:27:12.992 - INFO - UTILS - qc: revised sequence: id=contig_16, orig-id=NODE_16_length_18578_cov_370.663424, type=contig, complete=False, topology=linear, name=, description='[organism=Lacticaseibacillus paracasei] [gcode=11] [topology=linear]', orig-description=''
19:27:12.992 - INFO - UTILS - qc: revised sequence: id=contig_17, orig-id=NODE_17_length_14292_cov_110.043405, type=contig, complete=False, topology=linear, name=, description='[organism=Lacticaseibacillus paracasei] [gcode=11] [topology=linear]', orig-description=''
19:27:12.992 - INFO - UTILS - qc: revised sequence: id=contig_18, orig-id=NODE_18_length_4093_cov_374.758217, type=contig, complete=False, topology=linear, name=, description='[organism=Lacticaseibacillus paracasei] [gcode=11] [topology=linear]', orig-description=''
19:27:12.992 - INFO - UTILS - qc: revised sequence: id=contig_19, orig-id=NODE_19_length_3777_cov_504.508378, type=contig, complete=False, topology=linear, name=, description='[organism=Lacticaseibacillus paracasei] [gcode=11] [topology=linear]', orig-description=''
19:27:12.992 - INFO - UTILS - qc: revised sequence: id=contig_20, orig-id=NODE_20_length_3278_cov_568.802562, type=contig, complete=False, topology=linear, name=, description='[organism=Lacticaseibacillus paracasei] [gcode=11] [topology=linear]', orig-description=''
19:27:12.992 - INFO - UTILS - qc: revised sequence: id=contig_21, orig-id=NODE_21_length_2240_cov_118.596461, type=contig, complete=False, topology=linear, name=, description='[organism=Lacticaseibacillus paracasei] [gcode=11] [topology=linear]', orig-description=''
19:27:12.992 - INFO - UTILS - qc: revised sequence: id=contig_22, orig-id=NODE_22_length_714_cov_558.368917, type=contig, complete=False, topology=linear, name=, description='[organism=Lacticaseibacillus paracasei] [gcode=11] [topology=linear]', orig-description=''
19:27:12.992 - INFO - UTILS - qc: revised sequence: id=contig_23, orig-id=NODE_23_length_563_cov_410.991770, type=contig, complete=False, topology=linear, name=, description='[organism=Lacticaseibacillus paracasei] [gcode=11] [topology=linear]', orig-description=''
19:27:12.992 - INFO - UTILS - qc: revised sequence: id=contig_24, orig-id=NODE_24_length_479_cov_253.303483, type=contig, complete=False, topology=linear, name=, description='[organism=Lacticaseibacillus paracasei] [gcode=11] [topology=linear]', orig-description=''
19:27:12.992 - INFO - UTILS - qc: revised sequence: id=contig_25, orig-id=NODE_25_length_431_cov_97.533898, type=contig, complete=False, topology=linear, name=, description='[organism=Lacticaseibacillus paracasei] [gcode=11] [topology=linear]', orig-description=''
19:27:12.992 - INFO - UTILS - qc: revised sequence: id=contig_26, orig-id=NODE_26_length_424_cov_660.749280, type=contig, complete=False, topology=linear, name=, description='[organism=Lacticaseibacillus paracasei] [gcode=11] [topology=linear]', orig-description=''
19:27:12.992 - INFO - UTILS - qc: revised sequence: id=contig_27, orig-id=NODE_27_length_393_cov_251.367089, type=contig, complete=False, topology=linear, name=, description='[organism=Lacticaseibacillus paracasei] [gcode=11] [topology=linear]', orig-description=''
19:27:12.992 - INFO - UTILS - qc: revised sequence: id=contig_28, orig-id=NODE_28_length_389_cov_110.282051, type=contig, complete=False, topology=linear, name=, description='[organism=Lacticaseibacillus paracasei] [gcode=11] [topology=linear]', orig-description=''
19:27:12.992 - INFO - UTILS - qc: revised sequence: id=contig_29, orig-id=NODE_29_length_340_cov_113.517110, type=contig, complete=False, topology=linear, name=, description='[organism=Lacticaseibacillus paracasei] [gcode=11] [topology=linear]', orig-description=''
19:27:12.992 - INFO - UTILS - qc: revised sequence: id=contig_30, orig-id=NODE_30_length_336_cov_819.332046, type=contig, complete=False, topology=linear, name=, description='[organism=Lacticaseibacillus paracasei] [gcode=11] [topology=linear]', orig-description=''
19:27:12.992 - INFO - UTILS - qc: revised sequence: id=contig_31, orig-id=NODE_31_length_282_cov_0.834146, type=contig, complete=False, topology=linear, name=, description='[organism=Lacticaseibacillus paracasei] [gcode=11] [topology=linear]', orig-description=''
19:27:12.992 - INFO - UTILS - qc: revised sequence: id=contig_32, orig-id=NODE_32_length_279_cov_341.371287, type=contig, complete=False, topology=linear, name=, description='[organism=Lacticaseibacillus paracasei] [gcode=11] [topology=linear]', orig-description=''
19:27:12.992 - INFO - UTILS - qc: revised sequence: id=contig_33, orig-id=NODE_33_length_277_cov_0.740000, type=contig, complete=False, topology=linear, name=, description='[organism=Lacticaseibacillus paracasei] [gcode=11] [topology=linear]', orig-description=''
19:27:12.992 - INFO - UTILS - qc: revised sequence: id=contig_34, orig-id=NODE_34_length_273_cov_0.750000, type=contig, complete=False, topology=linear, name=, description='[organism=Lacticaseibacillus paracasei] [gcode=11] [topology=linear]', orig-description=''
19:27:12.992 - INFO - UTILS - qc: revised sequence: id=contig_35, orig-id=NODE_35_length_267_cov_113.815789, type=contig, complete=False, topology=linear, name=, description='[organism=Lacticaseibacillus paracasei] [gcode=11] [topology=linear]', orig-description=''
19:27:12.992 - INFO - UTILS - qc: revised sequence: id=contig_36, orig-id=NODE_36_length_265_cov_0.776596, type=contig, complete=False, topology=linear, name=, description='[organism=Lacticaseibacillus paracasei] [gcode=11] [topology=linear]', orig-description=''
19:27:12.992 - INFO - UTILS - qc: revised sequence: id=contig_37, orig-id=NODE_37_length_261_cov_64.021739, type=contig, complete=False, topology=linear, name=, description='[organism=Lacticaseibacillus paracasei] [gcode=11] [topology=linear]', orig-description=''
19:27:12.992 - INFO - UTILS - qc: revised sequence: id=contig_38, orig-id=NODE_38_length_253_cov_0.835227, type=contig, complete=False, topology=linear, name=, description='[organism=Lacticaseibacillus paracasei] [gcode=11] [topology=linear]', orig-description=''
19:27:12.992 - INFO - UTILS - qc: revised sequence: id=contig_39, orig-id=NODE_39_length_241_cov_97.128049, type=contig, complete=False, topology=linear, name=, description='[organism=Lacticaseibacillus paracasei] [gcode=11] [topology=linear]', orig-description=''
19:27:12.992 - INFO - UTILS - qc: revised sequence: id=contig_40, orig-id=NODE_40_length_238_cov_886.366460, type=contig, complete=False, topology=linear, name=, description='[organism=Lacticaseibacillus paracasei] [gcode=11] [topology=linear]', orig-description=''
19:27:12.993 - INFO - UTILS - qc: revised sequence: id=contig_41, orig-id=NODE_41_length_201_cov_820.959677, type=contig, complete=False, topology=linear, name=, description='[organism=Lacticaseibacillus paracasei] [gcode=11] [topology=linear]', orig-description=''
19:27:12.993 - INFO - FASTA - write genome sequences: path=/tmp/tmp6h11c43s/sequences.fna, description=False, wrap=False
19:27:26.816 - INFO - T_RNA - seq=contig_1, start=278730, stop=278802, strand=+, gene=trnK, product=tRNA-Lys(ctt), score=78.2, nt=[GGGTGGTTAG..TGACCACCCA]
19:27:26.816 - INFO - T_RNA - seq=contig_1, start=547709, stop=547781, strand=+, gene=trnT, product=tRNA-Thr(ggt), score=74.8, nt=[GCCGTCTTAG..ATAGACGGCT]
19:27:26.816 - INFO - T_RNA - seq=contig_2, start=442816, stop=442889, strand=-, gene=trnR, product=tRNA-Arg(tct), score=77.4, nt=[GTACCAGTAG..GGCTGGTACA]
19:27:26.816 - INFO - T_RNA - seq=contig_2, start=279117, stop=279204, strand=-, gene=trnS, product=tRNA-Ser(cga), score=72.0, nt=[GGAGAGTTGG..GTACTCTCCT]
19:27:26.816 - INFO - T_RNA - seq=contig_3, start=404019, stop=404091, strand=-, gene=trnV, product=tRNA-Val(tac), score=82.4, nt=[GGAGGATTAG..GTATCCTCCA]
19:27:26.816 - INFO - T_RNA - seq=contig_3, start=403944, stop=404016, strand=-, gene=trnK, product=tRNA-Lys(ttt), score=78.3, nt=[GAGCCGTTAG..TCACGGCTCA]
19:27:26.816 - INFO - T_RNA - seq=contig_3, start=403844, stop=403926, strand=-, gene=trnL, product=tRNA-Leu(tag), score=61.9, nt=[GCGGGTGTGG..TTCACCCGCA]
19:27:26.816 - INFO - T_RNA - seq=contig_3, start=403697, stop=403768, strand=-, gene=trnG, product=tRNA-Gly(gcc), score=77.8, nt=[GCGGAAGTAG..GTCTTCCGCT]
19:27:26.816 - INFO - T_RNA - seq=contig_3, start=403600, stop=403685, strand=-, gene=trnL, product=tRNA-Leu(taa), score=66.3, nt=[GCCGGGGTGG..GTCCTCGGCA]
19:27:26.816 - INFO - T_RNA - seq=contig_3, start=403515, stop=403588, strand=-, gene=trnR, product=tRNA-Arg(acg), score=70.0, nt=[GCACCCATAG..ACTGGGTGCA]
19:27:26.816 - INFO - T_RNA - seq=contig_3, start=403394, stop=403465, strand=-, gene=trnG, product=tRNA-Gly(gcc), score=77.8, nt=[GCGGAAGTAG..GTCTTCCGCT]
19:27:26.816 - INFO - T_RNA - seq=contig_3, start=403316, stop=403389, strand=-, gene=trnP, product=tRNA-Pro(cgg), score=75.5, nt=[CGGGAAGTAG..GTCTTCCCGA]
19:27:26.816 - INFO - T_RNA - seq=contig_3, start=132661, stop=132732, strand=-, gene=trnN, product=tRNA-Asn(gtt), score=74.6, nt=[TGCCCAGTAG..GCCTGGGCAG]
19:27:26.816 - INFO - T_RNA - seq=contig_4, start=38236, stop=38308, strand=+, gene=trnA, product=tRNA-Ala(cgc), score=71.3, nt=[GGGTCCATAG..TTTGGATCCA]
19:27:26.816 - INFO - T_RNA - seq=contig_4, start=38330, stop=38402, strand=+, gene=trnA, product=tRNA-Ala(ggc), score=71.2, nt=[GGGTCTTTAG..TTAAGATCCA]
19:27:26.816 - INFO - T_RNA - seq=contig_4, start=175222, stop=175293, strand=-, gene=trnR, product=tRNA-Arg(tcg), score=48.1, nt=[GTCTCCATGG..GGTGGAGGCA]
19:27:26.816 - INFO - T_RNA - seq=contig_5, start=328811, stop=328883, strand=-, gene=trnN, product=tRNA-Asn(gtt), score=73.6, nt=[TCCGGTTTAG..ACAACCGGAG]
19:27:26.816 - INFO - T_RNA - seq=contig_5, start=328713, stop=328802, strand=-, gene=trnS, product=tRNA-Ser(gga), score=72.6, nt=[GGAGAGTTGT..TTACTCTCCG]
19:27:26.816 - INFO - T_RNA - seq=contig_5, start=328386, stop=328458, strand=-, gene=trnV, product=tRNA-Val(tac), score=82.4, nt=[GGAGGATTAG..GTATCCTCCA]
19:27:26.817 - INFO - T_RNA - seq=contig_5, start=313330, stop=313413, strand=-, gene=trnL, product=tRNA-Leu(cag), score=58.9, nt=[GCCGCGATGG..GTTCGCGGCA]
19:27:26.817 - INFO - T_RNA - seq=contig_5, start=234082, stop=234153, strand=-, gene=trnR, product=tRNA-Arg(ccg), score=40.0, nt=[GCGCGGTTAG..GGGCTGCGCA]
19:27:26.817 - INFO - T_RNA - seq=contig_5, start=113589, stop=113662, strand=-, gene=trnR, product=tRNA-Arg(cct), score=72.1, nt=[GTGCCCTTAG..ATAGGGCACA]
19:27:26.817 - INFO - T_RNA - seq=contig_5, start=20762, stop=20836, strand=-, gene=None, product=tRNA-Xxx, score=18.4, nt=[AGCTCAACGG..ATTCCCGCAT]
19:27:26.817 - INFO - T_RNA - seq=contig_9, start=27820, stop=27905, strand=+, gene=trnL, product=tRNA-Leu(aag), score=65.2, nt=[GCGGGCATGG..CTTGCCCGCA]
19:27:26.817 - INFO - T_RNA - seq=contig_9, start=64764, stop=64836, strand=-, gene=trnN, product=tRNA-Asn(gtt), score=73.6, nt=[TCCGGTTTAG..ACAACCGGAG]
19:27:26.817 - INFO - T_RNA - seq=contig_9, start=62483, stop=62554, strand=-, gene=trnE, product=tRNA-Glu(ttc), score=68.1, nt=[GGCCCGTTGG..GTACGGGTCA]
19:27:26.817 - INFO - T_RNA - seq=contig_9, start=62406, stop=62478, strand=-, gene=trnT, product=tRNA-Thr(cgt), score=73.5, nt=[GCCGGCTTAG..GCAGCCGGCA]
19:27:26.817 - INFO - T_RNA - seq=contig_9, start=46060, stop=46140, strand=-, gene=trnY, product=tRNA-Tyr(gta), score=67.3, nt=[GGAGGAGTAG..ATCTCCTCCA]
19:27:26.817 - INFO - T_RNA - seq=contig_13, start=10349, stop=10420, strand=+, gene=trnE, product=tRNA-Glu(ctc), score=57.5, nt=[TGCCCGTTGG..GTACGGGTGA]
19:27:26.817 - INFO - T_RNA - seq=contig_13, start=15780, stop=15850, strand=+, gene=trnQ, product=tRNA-Gln(ctg), score=68.3, nt=[TGGGTAGTAG..ATCTACCCAA]
19:27:26.817 - INFO - T_RNA - seq=contig_14, start=6140, stop=6210, strand=-, gene=trnG, product=tRNA-Gly(ccc), score=73.3, nt=[GCGGTCGTAG..GTCGACCGCT]
19:27:26.817 - INFO - T_RNA - seq=contig_17, start=14216, stop=14288, strand=-, gene=trnK, product=tRNA-Lys(ttt), score=78.3, nt=[GAGCCGTTAG..TCACGGCTCA]
19:27:26.817 - INFO - T_RNA - seq=contig_17, start=14102, stop=14174, strand=-, gene=trnT, product=tRNA-Thr(tgt), score=83.0, nt=[GCCGACTTAG..TTAGTCGGCA]
19:27:26.817 - INFO - T_RNA - seq=contig_17, start=13997, stop=14068, strand=-, gene=trnG, product=tRNA-Gly(gcc), score=77.8, nt=[GCGGAAGTAG..GTCTTCCGCT]
19:27:26.817 - INFO - T_RNA - seq=contig_17, start=13863, stop=13936, strand=-, gene=trnR, product=tRNA-Arg(acg), score=70.0, nt=[GCACCCATAG..ACTGGGTGCA]
19:27:26.817 - INFO - T_RNA - seq=contig_17, start=13785, stop=13858, strand=-, gene=trnP, product=tRNA-Pro(tgg), score=79.5, nt=[CGGGAAATAG..GTTTTCCCGA]
19:27:26.817 - INFO - T_RNA - seq=contig_17, start=13685, stop=13758, strand=-, gene=trnM, product=tRNA-Met(cat), score=62.2, nt=[CGCGGTGTAG..CCCGCCGCGA]
19:27:26.817 - INFO - T_RNA - seq=contig_17, start=13603, stop=13676, strand=-, gene=trnI, product=tRNA-Ile2(cat), score=76.9, nt=[GGACCTTTAG..ACAAGGTCCA]
19:27:26.817 - INFO - T_RNA - seq=contig_17, start=13481, stop=13554, strand=-, gene=trnfM, product=tRNA-fMet(cat), score=76.3, nt=[CGCGGGATGG..GCTCCCGCAA]
19:27:26.817 - INFO - T_RNA - seq=contig_17, start=13400, stop=13473, strand=-, gene=trnD, product=tRNA-Asp(gtc), score=71.7, nt=[GGTTCCATGG..GTTGGGACCG]
19:27:26.817 - INFO - T_RNA - seq=contig_17, start=13322, stop=13394, strand=-, gene=trnF, product=tRNA-Phe(gaa), score=64.9, nt=[GGCTCGGTAG..TCCCGCGCCA]
19:27:26.817 - INFO - T_RNA - seq=contig_17, start=13232, stop=13302, strand=-, gene=trnG, product=tRNA-Gly(tcc), score=75.4, nt=[GCGGGTGTAG..GTCACCCGCT]
19:27:26.817 - INFO - T_RNA - seq=contig_17, start=13144, stop=13217, strand=-, gene=trnI, product=tRNA-Ile(gat), score=80.6, nt=[GGGCCTATAG..CCTAGGCCCA]
19:27:26.817 - INFO - T_RNA - seq=contig_17, start=13027, stop=13114, strand=-, gene=trnS, product=tRNA-Ser(gct), score=74.7, nt=[GGAGAAGTAC..TCCTTCTCCG]
19:27:26.817 - INFO - T_RNA - seq=contig_17, start=12951, stop=13022, strand=-, gene=trnE, product=tRNA-Glu(ttc), score=68.1, nt=[GGCCCGTTGG..GTACGGGTCA]
19:27:26.817 - INFO - T_RNA - seq=contig_17, start=12850, stop=12941, strand=-, gene=trnS, product=tRNA-Ser(tga), score=79.2, nt=[GGAGAATTAC..TCATTCTCCT]
19:27:26.817 - INFO - T_RNA - seq=contig_17, start=12766, stop=12839, strand=-, gene=trnfM, product=tRNA-fMet(cat), score=76.3, nt=[CGCGGGATGG..GCTCCCGCAA]
19:27:26.817 - INFO - T_RNA - seq=contig_17, start=12685, stop=12758, strand=-, gene=trnD, product=tRNA-Asp(gtc), score=74.7, nt=[GGTTCCATGG..GTTGGAACCG]
19:27:26.817 - INFO - T_RNA - seq=contig_17, start=12569, stop=12641, strand=-, gene=trnF, product=tRNA-Phe(gaa), score=67.1, nt=[GGCTCGGTAG..TCCCGCGCCA]
19:27:26.817 - INFO - T_RNA - seq=contig_17, start=12484, stop=12564, strand=-, gene=trnY, product=tRNA-Tyr(gta), score=67.3, nt=[GGAGGAGTAG..ATCTCCTCCA]
19:27:26.818 - INFO - T_RNA - seq=contig_17, start=12407, stop=12477, strand=-, gene=trnW, product=tRNA-Trp(cca), score=62.4, nt=[AGGGATATAG..ACTATCCCTG]
19:27:26.818 - INFO - T_RNA - seq=contig_17, start=12323, stop=12395, strand=-, gene=trnH, product=tRNA-His(gtg), score=63.0, nt=[GCGGTATTGG..ACATACCGCC]
19:27:26.818 - INFO - T_RNA - seq=contig_17, start=12243, stop=12314, strand=-, gene=trnQ, product=tRNA-Gln(ttg), score=73.3, nt=[TGGGGTATAG..GCTACCCCAA]
19:27:26.818 - INFO - T_RNA - seq=contig_17, start=12130, stop=12200, strand=-, gene=trnC, product=tRNA-Cys(gca), score=66.5, nt=[GGCGGTGTAG..ATCACCGCCT]
19:27:26.818 - INFO - T_RNA - seq=contig_17, start=12000, stop=12083, strand=-, gene=trnL, product=tRNA-Leu(caa), score=56.7, nt=[GCCGGTGTGG..ATCACCGGTA]
19:27:26.818 - INFO - T_RNA - seq=contig_27, start=101, stop=174, strand=+, gene=trnI, product=tRNA-Ile(gat), score=80.7, nt=[GGGCCTATAG..TCTAGGCCCA]
19:27:26.818 - INFO - T_RNA - seq=contig_27, start=209, stop=281, strand=+, gene=trnA, product=tRNA-Ala(tgc), score=72.5, nt=[GGGGGATTAG..TTATCCTCCA]
19:27:26.818 - INFO - T_RNA - predicted=57
19:27:27.486 - INFO - TM_RNA - seq=contig_5, start=151498, stop=151858, strand=+, gene=ssrA, product=transfer-messenger RNA, SsrA, nt=[GGGGGTGTAA..CTCACCTCCA]
19:27:27.486 - INFO - TM_RNA - predicted=1
19:28:48.701 - INFO - R_RNA - seq=contig_9, start=64846, stop=64962, strand=-, gene=rrf, product=5S ribosomal RNA, length=117, coverage=0.983, truncated=None, score=90.5, evalue=4.1e-15, nt=[TGTGGTGGCG..GCTGCCACGC]
19:28:48.701 - INFO - R_RNA - seq=contig_19, start=1, stop=1281, strand=+, gene=rrs, product=16S ribosomal RNA, length=1281, coverage=0.836, truncated=5-prime, score=1380.4, evalue=1.9e-42, nt=[GGCTCACCAA..CACCTCCTTT]
19:28:48.701 - INFO - R_RNA - seq=contig_19, start=874, stop=3772, strand=+, gene=rrl, product=23S ribosomal RNA, length=2899, coverage=0.991, truncated=None, score=2295.1, evalue=9.4e-05, nt=[AGTTGGGCAC..ACTTAACCAA]
19:28:48.701 - INFO - R_RNA - predicted=3
19:29:32.283 - INFO - NC_RNA - seq=contig_1, start=369882, stop=370062, strand=+, gene=RefB11, product=Enterococcus sRNA B11, length=181, truncated=None, score=143.2, evalue=1.0e-22, nt=[GGCAACTGCC..GGGTGAAAAA]
19:29:32.283 - INFO - NC_RNA - seq=contig_1, start=525371, stop=525462, strand=-, gene=ratA, product=RNA anti-toxin A, length=92, truncated=None, score=52.8, evalue=1.5e-06, nt=[TAATGAAGAC..CAATCAATTA]
19:29:32.283 - INFO - NC_RNA - seq=contig_2, start=183155, stop=183520, strand=-, gene=RNaseP_bact_b, product=Bacterial RNase P class B, length=366, truncated=None, score=311.5, evalue=2.1e-36, nt=[GGTCCTGAGT..GCTTATAGGG]
19:29:32.283 - INFO - NC_RNA - seq=contig_3, start=172535, stop=172621, strand=-, gene=Bacteria_small_SRP, product=Bacterial small signal recognition particle RNA, length=87, truncated=None, score=59.7, evalue=9.0e-10, nt=[GCCTTAAGGC..TTTTGTTATT]
19:29:32.283 - INFO - NC_RNA - seq=contig_8, start=40350, stop=40540, strand=+, gene=rli28, product=Listeria sRNA rli28, length=191, truncated=None, score=79.1, evalue=1.6e-09, nt=[GATTATATGC..ATAGCATTAG]
19:29:32.283 - INFO - NC_RNA - seq=contig_8, start=40603, stop=40688, strand=-, gene=ratA, product=RNA anti-toxin A, length=86, truncated=None, score=58.9, evalue=1.1e-07, nt=[TAATGAGAAT..AGGTTAAATA]
19:29:32.283 - INFO - NC_RNA - seq=contig_8, start=44303, stop=44485, strand=+, gene=rli28, product=Listeria sRNA rli28, length=183, truncated=None, score=64.4, evalue=1.8e-07, nt=[TAAGCTATGG..TCAACGGCAA]
19:29:32.283 - INFO - NC_RNA - seq=contig_12, start=1765, stop=1870, strand=+, gene=Ref68, product=Enterococcus sRNA 68 (Lacto-3 RNA), length=106, truncated=None, score=46.5, evalue=5.4e-06, nt=[TGCGATGAGT..TGTGGAGCCA]
19:29:32.283 - INFO - NC_RNA - predicted=8
19:29:42.112 - INFO - NC_RNA_REGION - seq=contig_1, start=155492, stop=155671, strand=+, label=Lysine, product=Lysine riboswitch aptamer, length=180, truncated=None, score=110.9, evalue=2.2e-16
19:29:42.112 - INFO - NC_RNA_REGION - seq=contig_1, start=289535, stop=289632, strand=+, label=azaaromatic, product=azaaromatic riboswitch aptamer (yjdF RNA), length=98, truncated=None, score=81.5, evalue=2.1e-13
19:29:42.112 - INFO - NC_RNA_REGION - seq=contig_1, start=315388, stop=315560, strand=-, label=Lysine, product=Lysine riboswitch aptamer, length=173, truncated=None, score=74.7, evalue=8.5e-11
19:29:42.112 - INFO - NC_RNA_REGION - seq=contig_2, start=5683, stop=5846, strand=+, label=Magnesium, product=M-box riboswitch aptamer (ykoK leader), length=164, truncated=None, score=124.4, evalue=7.8e-20
19:29:42.112 - INFO - NC_RNA_REGION - seq=contig_2, start=73335, stop=73453, strand=+, label=FMN, product=FMN riboswitch aptamer (RFN element), length=119, truncated=None, score=112.2, evalue=6.7e-19
19:29:42.112 - INFO - NC_RNA_REGION - seq=contig_2, start=136495, stop=136749, strand=-, label=T-box, product=T-box leader, length=255, truncated=None, score=117.2, evalue=4.7e-16
19:29:42.112 - INFO - NC_RNA_REGION - seq=contig_2, start=441161, stop=441230, strand=-, label=L21_leader, product=Ribosomal protein L21 leader, length=70, truncated=None, score=43.9, evalue=4.0e-06
19:29:42.112 - INFO - NC_RNA_REGION - seq=contig_3, start=162960, stop=163054, strand=-, label=THF, product=THF (Tetrahydrofolate) riboswitch aptamer, length=95, truncated=None, score=72.8, evalue=3.5e-12
19:29:42.112 - INFO - NC_RNA_REGION - seq=contig_3, start=353688, stop=353744, strand=-, label=L13_leader, product=Ribosomal protein L13 leader, length=57, truncated=None, score=64.3, evalue=8.5e-10
19:29:42.112 - INFO - NC_RNA_REGION - seq=contig_3, start=187011, stop=187131, strand=-, label=L10_leader, product=Ribosomal protein L10 leader, length=121, truncated=None, score=73.8, evalue=2.6e-08
19:29:42.112 - INFO - NC_RNA_REGION - seq=contig_3, start=333366, stop=333430, strand=+, label=Fluoride, product=Fluoride riboswitch aptamer (crcB RNA motif), length=65, truncated=None, score=51.3, evalue=3.0e-07
19:29:42.112 - INFO - NC_RNA_REGION - seq=contig_3, start=362224, stop=362295, strand=-, label=L17DE, product=L17 ribosomal protein downstream element, length=72, truncated=None, score=43.7, evalue=7.7e-06
19:29:42.112 - INFO - NC_RNA_REGION - seq=contig_3, start=399991, stop=400048, strand=-, label=Lacto-rpoB, product=Lacto-rpoB RNA, length=58, truncated=None, score=43.8, evalue=2.2e-05
19:29:42.112 - INFO - NC_RNA_REGION - seq=contig_3, start=331900, stop=331954, strand=-, label=Fluoride, product=Fluoride riboswitch aptamer (crcB RNA motif), length=55, truncated=None, score=37.7, evalue=6.6e-05
19:29:42.112 - INFO - NC_RNA_REGION - seq=contig_4, start=171946, stop=172187, strand=+, label=T-box, product=T-box leader, length=242, truncated=None, score=105.6, evalue=2.3e-14
19:29:42.112 - INFO - NC_RNA_REGION - seq=contig_5, start=327398, stop=327486, strand=-, label=SAM-III, product=SAM-III riboswitch aptamer (SMK box), length=89, truncated=None, score=71.1, evalue=3.0e-11
19:29:42.112 - INFO - NC_RNA_REGION - seq=contig_5, start=290888, stop=291000, strand=-, label=23S-methyl, product=23S methyl RNA motif, length=113, truncated=None, score=67.1, evalue=2.2e-10
19:29:42.112 - INFO - NC_RNA_REGION - seq=contig_6, start=204123, stop=204298, strand=+, label=Lysine, product=Lysine riboswitch aptamer, length=176, truncated=None, score=93.2, evalue=1.2e-13
19:29:42.112 - INFO - NC_RNA_REGION - seq=contig_6, start=35424, stop=35522, strand=+, label=preQ1-II, product=PreQ1-II (pre queuosine) riboswitch aptamer, length=99, truncated=None, score=54.9, evalue=1.4e-06
19:29:42.112 - INFO - NC_RNA_REGION - seq=contig_7, start=50484, stop=50685, strand=-, label=T-box, product=T-box leader, length=202, truncated=None, score=116.9, evalue=5.2e-16
19:29:42.113 - INFO - NC_RNA_REGION - seq=contig_10, start=376, stop=465, strand=+, label=TPP, product=TPP riboswitch aptamer (THI element), length=90, truncated=None, score=71.0, evalue=1.2e-11
19:29:42.113 - INFO - NC_RNA_REGION - seq=contig_14, start=34122, stop=34219, strand=-, label=TPP, product=TPP riboswitch aptamer (THI element), length=98, truncated=None, score=64.8, evalue=2.0e-10
19:29:42.113 - INFO - NC_RNA_REGION - predicted=22
19:29:42.626 - INFO - CRISPR - predicted=0
19:29:42.626 - INFO - CDS - create prodigal training info object: meta=False, closed=True
19:35:35.272 - INFO - CDS - seq=contig_1, start=686, stop=1426, strand=+, frame=2, truncated=no, start-type=ATG, RBS-motif=AGGA/GGAG/GAGG
19:35:35.272 - INFO - CDS - seq=contig_1, start=1587, stop=3134, strand=-, frame=1, truncated=no, start-type=ATG, RBS-motif=AGGAG
19:35:35.281 - INFO - CDS - seq=contig_1, start=3513, stop=4451, strand=+, frame=3, truncated=no, start-type=ATG, RBS-motif=AGxAGG/AGGxGG
19:35:35.281 - INFO - CDS - seq=contig_1, start=4529, stop=5128, strand=+, frame=2, truncated=no, start-type=GTG, RBS-motif=GGA/GAG/AGG
19:35:35.281 - INFO - CDS - seq=contig_1, start=5414, stop=5746, strand=-, frame=2, truncated=no, start-type=ATG, RBS-motif=GGAG/GAGG
19:35:35.282 - INFO - CDS - seq=contig_1, start=5855, stop=6598, strand=-, frame=2, truncated=no, start-type=TTG, RBS-motif=GGAGG
19:35:35.282 - INFO - CDS - seq=contig_1, start=6617, stop=7399, strand=-, frame=2, truncated=no, start-type=ATG, RBS-motif=AGGAGG
19:35:35.282 - INFO - CDS - seq=contig_1, start=7484, stop=8242, strand=-, frame=2, truncated=no, start-type=GTG, RBS-motif=AGGAGG
19:35:35.282 - INFO - CDS - seq=contig_1, start=8687, stop=9373, strand=+, frame=2, truncated=no, start-type=ATG, RBS-motif=None
19:35:35.282 - INFO - CDS - seq=contig_1, start=10116, stop=11495, strand=+, frame=3, truncated=no, start-type=ATG, RBS-motif=GGAGG
19:35:35.282 - INFO - CDS - seq=contig_1, start=11646, stop=12740, strand=-, frame=1, truncated=no, start-type=ATG, RBS-motif=GGAG/GAGG
19:35:35.282 - INFO - CDS - seq=contig_1, start=12869, stop=14668, strand=+, frame=2, truncated=no, start-type=ATG, RBS-motif=GGAG/GAGG
19:35:35.283 - INFO - CDS - seq=contig_1, start=14665, stop=15546, strand=+, frame=1, truncated=no, start-type=ATG, RBS-motif=None
19:35:35.283 - INFO - CDS - seq=contig_1, start=15543, stop=16391, strand=+, frame=3, truncated=no, start-type=ATG, RBS-motif=AGxAGG/AGGxGG
19:35:35.283 - INFO - CDS - seq=contig_1, start=16463, stop=17260, strand=-, frame=2, truncated=no, start-type=ATG, RBS-motif=None
19:35:35.283 - INFO - CDS - seq=contig_1, start=17257, stop=17976, strand=-, frame=3, truncated=no, start-type=ATG, RBS-motif=GGAGG
19:35:35.283 - INFO - CDS - seq=contig_1, start=18050, stop=18394, strand=-, frame=2, truncated=no, start-type=ATG, RBS-motif=AGGA/GGAG/GAGG
19:35:35.283 - INFO - CDS - seq=contig_1, start=18643, stop=19995, strand=-, frame=3, truncated=no, start-type=ATG, RBS-motif=AGxAGG/AGGxGG
19:35:35.283 - INFO - CDS - seq=contig_1, start=20180, stop=21748, strand=-, frame=2, truncated=no, start-type=ATG, RBS-motif=AGGAG
19:35:35.284 - INFO - CDS - seq=contig_1, start=21818, stop=22723, strand=-, frame=2, truncated=no, start-type=ATG, RBS-motif=AGGAGG
19:35:35.284 - INFO - CDS - seq=contig_1, start=23026, stop=23868, strand=+, frame=1, truncated=no, start-type=ATG, RBS-motif=AGGAGG
19:35:35.284 - INFO - CDS - seq=contig_1, start=24085, stop=24474, strand=-, frame=3, truncated=no, start-type=ATG, RBS-motif=AGGAG
19:35:35.284 - INFO - CDS - seq=contig_1, start=24512, stop=25384, strand=-, frame=2, truncated=no, start-type=ATG, RBS-motif=AGGA
19:35:35.284 - INFO - CDS - seq=contig_1, start=25407, stop=26303, strand=-, frame=1, truncated=no, start-type=GTG, RBS-motif=GGA/GAG/AGG
19:35:35.284 - INFO - CDS - seq=contig_1, start=26305, stop=27357, strand=-, frame=3, truncated=no, start-type=ATG, RBS-motif=AGGA/GGAG/GAGG
19:35:35.284 - INFO - CDS - seq=contig_1, start=27395, stop=28435, strand=-, frame=2, truncated=no, start-type=ATG, RBS-motif=AGGAG
19:35:35.284 - INFO - CDS - seq=contig_1, start=28449, stop=30404, strand=-, frame=1, truncated=no, start-type=ATG, RBS-motif=AGGAGG
19:35:35.285 - INFO - CDS - seq=contig_1, start=30401, stop=31381, strand=-, frame=2, truncated=no, start-type=ATG, RBS-motif=AGGAGG
19:35:35.285 - INFO - CDS - seq=contig_1, start=31418, stop=32233, strand=-, frame=2, truncated=no, start-type=ATG, RBS-motif=AGxAGG/AGGxGG
19:35:35.285 - INFO - CDS - seq=contig_1, start=32278, stop=33756, strand=-, frame=3, truncated=no, start-type=ATG, RBS-motif=GGAG/GAGG
19:35:35.285 - INFO - CDS - seq=contig_1, start=33833, stop=35323, strand=-, frame=2, truncated=no, start-type=ATG, RBS-motif=GGAGG
19:35:35.285 - INFO - CDS - seq=contig_1, start=35867, stop=36673, strand=+, frame=2, truncated=no, start-type=ATG, RBS-motif=GGA/GAG/AGG
19:35:35.285 - INFO - CDS - seq=contig_1, start=36860, stop=37720, strand=-, frame=2, truncated=no, start-type=TTG, RBS-motif=AGGAG
19:35:35.285 - INFO - CDS - seq=contig_1, start=37917, stop=38669, strand=-, frame=1, truncated=no, start-type=ATG, RBS-motif=GGA/GAG/AGG
19:35:35.286 - INFO - CDS - seq=contig_1, start=38675, stop=40228, strand=-, frame=2, truncated=no, start-type=ATG, RBS-motif=AGGAG
19:35:35.286 - INFO - CDS - seq=contig_1, start=40370, stop=40837, strand=-, frame=2, truncated=no, start-type=ATG, RBS-motif=AGxAGG/AGGxGG
19:35:35.286 - INFO - CDS - seq=contig_1, start=40969, stop=42279, strand=-, frame=3, truncated=no, start-type=ATG, RBS-motif=AGxAGG/AGGxGG
19:35:35.286 - INFO - CDS - seq=contig_1, start=42276, stop=43466, strand=-, frame=1, truncated=no, start-type=ATG, RBS-motif=GGAG/GAGG
19:35:35.286 - INFO - CDS - seq=contig_1, start=43472, stop=44158, strand=-, frame=2, truncated=no, start-type=ATG, RBS-motif=GGAG/GAGG
19:35:35.286 - INFO - CDS - seq=contig_1, start=44313, stop=44993, strand=+, frame=3, truncated=no, start-type=TTG, RBS-motif=AGxAGG/AGGxGG
19:35:35.286 - INFO - CDS - seq=contig_1, start=45075, stop=46562, strand=-, frame=1, truncated=no, start-type=ATG, RBS-motif=GGAG/GAGG
19:35:35.286 - INFO - CDS - seq=contig_1, start=46939, stop=47760, strand=-, frame=3, truncated=no, start-type=ATG, RBS-motif=AGGAG
19:35:35.286 - INFO - CDS - seq=contig_1, start=47792, stop=48814, strand=-, frame=2, truncated=no, start-type=ATG, RBS-motif=AGxAGG/AGGxGG
19:35:35.287 - INFO - CDS - seq=contig_1, start=48930, stop=49112, strand=-, frame=1, truncated=no, start-type=ATG, RBS-motif=GGAGG
19:35:35.287 - INFO - CDS - seq=contig_1, start=49277, stop=50149, strand=-, frame=2, truncated=no, start-type=ATG, RBS-motif=AGGAGG
19:35:35.287 - INFO - CDS - seq=contig_1, start=50139, stop=50906, strand=-, frame=1, truncated=no, start-type=ATG, RBS-motif=AGGAGG
19:35:35.287 - INFO - CDS - seq=contig_1, start=50916, stop=51746, strand=-, frame=1, truncated=no, start-type=GTG, RBS-motif=GGAGG
19:35:35.287 - INFO - CDS - seq=contig_1, start=51750, stop=52481, strand=-, frame=1, truncated=no, start-type=ATG, RBS-motif=GGAGG
19:35:35.287 - INFO - CDS - seq=contig_1, start=52793, stop=53173, strand=+, frame=2, truncated=no, start-type=ATG, RBS-motif=GGAG/GAGG
19:35:35.287 - INFO - CDS - seq=contig_1, start=53306, stop=53977, strand=+, frame=2, truncated=no, start-type=ATG, RBS-motif=GGAGG
19:35:35.287 - INFO - CDS - seq=contig_1, start=54057, stop=54677, strand=-, frame=1, truncated=no, start-type=ATG, RBS-motif=GGAG/GAGG
19:35:35.287 - INFO - CDS - seq=contig_1, start=54825, stop=55472, strand=-, frame=1, truncated=no, start-type=ATG, RBS-motif=AGGA
19:35:35.287 - INFO - CDS - seq=contig_1, start=55488, stop=56402, strand=-, frame=1, truncated=no, start-type=ATG, RBS-motif=GGAGG
19:35:35.287 - INFO - CDS - seq=contig_1, start=56405, stop=57082, strand=-, frame=2, truncated=no, start-type=ATG, RBS-motif=AGxAGG/AGGxGG
19:35:35.287 - INFO - CDS - seq=contig_1, start=57390, stop=57815, strand=-, frame=1, truncated=no, start-type=ATG, RBS-motif=AGGAG
19:35:35.287 - INFO - CDS - seq=contig_1, start=57850, stop=58263, strand=-, frame=3, truncated=no, start-type=ATG, RBS-motif=AGxAGG/AGGxGG
19:35:35.287 - INFO - CDS - seq=contig_1, start=58272, stop=58469, strand=-, frame=1, truncated=no, start-type=ATG, RBS-motif=AGGAG
19:35:35.287 - INFO - CDS - seq=contig_1, start=58572, stop=59111, strand=-, frame=1, truncated=no, start-type=ATG, RBS-motif=AGGAGG
19:35:35.287 - INFO - CDS - seq=contig_1, start=59125, stop=59382, strand=-, frame=3, truncated=no, start-type=ATG, RBS-motif=GGA/GAG/AGG
19:35:35.287 - INFO - CDS - seq=contig_1, start=59615, stop=60016, strand=-, frame=2, truncated=no, start-type=ATG, RBS-motif=AGGAG/GGAGG
19:35:35.287 - INFO - CDS - seq=contig_1, start=60540, stop=61502, strand=+, frame=3, truncated=no, start-type=ATG, RBS-motif=AGxAGG/AGGxGG
19:35:35.287 - INFO - CDS - seq=contig_1, start=61602, stop=61796, strand=-, frame=1, truncated=no, start-type=ATG, RBS-motif=None
19:35:35.288 - INFO - CDS - seq=contig_1, start=61793, stop=62035, strand=-, frame=2, truncated=no, start-type=ATG, RBS-motif=GGAG/GAGG
19:35:35.288 - INFO - CDS - seq=contig_1, start=62083, stop=62550, strand=-, frame=3, truncated=no, start-type=ATG, RBS-motif=GGAG/GAGG
19:35:35.288 - INFO - CDS - seq=contig_1, start=62718, stop=63023, strand=-, frame=1, truncated=no, start-type=ATG, RBS-motif=GGA/GAG/AGG
19:35:35.288 - INFO - CDS - seq=contig_1, start=63180, stop=63686, strand=+, frame=3, truncated=no, start-type=ATG, RBS-motif=GGxGG
19:35:35.288 - INFO - CDS - seq=contig_1, start=63935, stop=64141, strand=+, frame=2, truncated=no, start-type=TTG, RBS-motif=AGGAGG
19:35:35.288 - INFO - CDS - seq=contig_1, start=64229, stop=64603, strand=-, frame=2, truncated=no, start-type=ATG, RBS-motif=None
19:35:35.288 - INFO - CDS - seq=contig_1, start=64603, stop=65445, strand=-, frame=3, truncated=no, start-type=ATG, RBS-motif=GGAG/GAGG
19:35:35.288 - INFO - CDS - seq=contig_1, start=65570, stop=66883, strand=-, frame=2, truncated=no, start-type=ATG, RBS-motif=AGGAGG
19:35:35.288 - INFO - CDS - seq=contig_1, start=67069, stop=67701, strand=-, frame=3, truncated=no, start-type=ATG, RBS-motif=AGxAGG/AGGxGG
19:35:35.288 - INFO - CDS - seq=contig_1, start=67712, stop=69073, strand=-, frame=2, truncated=no, start-type=ATG, RBS-motif=AGGA
19:35:35.288 - INFO - CDS - seq=contig_1, start=69219, stop=71060, strand=+, frame=3, truncated=no, start-type=ATG, RBS-motif=AGGAG
19:35:35.288 - INFO - CDS - seq=contig_1, start=71527, stop=72420, strand=-, frame=3, truncated=no, start-type=ATG, RBS-motif=GGA/GAG/AGG
19:35:35.288 - INFO - CDS - seq=contig_1, start=72535, stop=74115, strand=+, frame=1, truncated=no, start-type=ATG, RBS-motif=GGAG/GAGG
19:35:35.288 - INFO - CDS - seq=contig_1, start=74335, stop=75471, strand=-, frame=3, truncated=no, start-type=ATG, RBS-motif=GGAG/GAGG
19:35:35.288 - INFO - CDS - seq=contig_1, start=75628, stop=76095, strand=-, frame=3, truncated=no, start-type=GTG, RBS-motif=GGAG/GAGG
19:35:35.288 - INFO - CDS - seq=contig_1, start=76144, stop=76620, strand=-, frame=3, truncated=no, start-type=ATG, RBS-motif=3Base/5BMM
19:35:35.288 - INFO - CDS - seq=contig_1, start=76617, stop=77291, strand=-, frame=1, truncated=no, start-type=ATG, RBS-motif=AGxAGG/AGGxGG
19:35:35.288 - INFO - CDS - seq=contig_1, start=77272, stop=78006, strand=-, frame=3, truncated=no, start-type=ATG, RBS-motif=GGAG/GAGG
19:35:35.289 - INFO - CDS - seq=contig_1, start=78012, stop=78716, strand=-, frame=1, truncated=no, start-type=ATG, RBS-motif=GGAG/GAGG
19:35:35.289 - INFO - CDS - seq=contig_1, start=78720, stop=79508, strand=-, frame=1, truncated=no, start-type=GTG, RBS-motif=AGGAGG
19:35:35.289 - INFO - CDS - seq=contig_1, start=79911, stop=81536, strand=-, frame=1, truncated=no, start-type=ATG, RBS-motif=GGAG/GAGG
19:35:35.289 - INFO - CDS - seq=contig_1, start=81781, stop=84162, strand=-, frame=3, truncated=no, start-type=ATG, RBS-motif=AGxAGG/AGGxGG
19:35:35.289 - INFO - CDS - seq=contig_1, start=84422, stop=84568, strand=+, frame=2, truncated=no, start-type=ATG, RBS-motif=AGGAGG
19:35:35.289 - INFO - CDS - seq=contig_1, start=84836, stop=86284, strand=+, frame=2, truncated=no, start-type=ATG, RBS-motif=AGGAG
19:35:35.289 - INFO - CDS - seq=contig_1, start=86484, stop=87053, strand=+, frame=3, truncated=no, start-type=ATG, RBS-motif=AGGAG
19:35:35.289 - INFO - CDS - seq=contig_1, start=87060, stop=90005, strand=+, frame=3, truncated=no, start-type=ATG, RBS-motif=AGGAG
19:35:35.289 - INFO - CDS - seq=contig_1, start=90056, stop=90352, strand=-, frame=2, truncated=no, start-type=ATG, RBS-motif=GGAG/GAGG
19:35:35.289 - INFO - CDS - seq=contig_1, start=90407, stop=91135, strand=-, frame=2, truncated=no, start-type=ATG, RBS-motif=GGA/GAG/AGG
19:35:35.289 - INFO - CDS - seq=contig_1, start=91351, stop=92175, strand=+, frame=1, truncated=no, start-type=ATG, RBS-motif=AGGAGG
19:35:35.289 - INFO - CDS - seq=contig_1, start=92276, stop=93466, strand=-, frame=2, truncated=no, start-type=ATG, RBS-motif=AGGAGG
19:35:35.289 - INFO - CDS - seq=contig_1, start=93524, stop=94870, strand=-, frame=2, truncated=no, start-type=ATG, RBS-motif=GGAGG
19:35:35.289 - INFO - CDS - seq=contig_1, start=95051, stop=95380, strand=+, frame=2, truncated=no, start-type=ATG, RBS-motif=AGGAGG
19:35:35.289 - INFO - CDS - seq=contig_1, start=95453, stop=96439, strand=-, frame=2, truncated=no, start-type=ATG, RBS-motif=GGAGG
19:35:35.289 - INFO - CDS - seq=contig_1, start=96580, stop=98040, strand=-, frame=3, truncated=no, start-type=GTG, RBS-motif=AGxAGG/AGGxGG
19:35:35.289 - INFO - CDS - seq=contig_1, start=98037, stop=98270, strand=-, frame=1, truncated=no, start-type=GTG, RBS-motif=GGA/GAG/AGG
19:35:35.289 - INFO - CDS - seq=contig_1, start=98495, stop=99574, strand=-, frame=2, truncated=no, start-type=GTG, RBS-motif=AGGAG
19:35:35.290 - INFO - CDS - seq=contig_1, start=99699, stop=100442, strand=-, frame=1, truncated=no, start-type=ATG, RBS-motif=GGAG/GAGG
19:35:35.290 - INFO - CDS - seq=contig_1, start=100594, stop=101367, strand=-, frame=3, truncated=no, start-type=ATG, RBS-motif=AGGA
19:35:35.290 - INFO - CDS - seq=contig_1, start=101371, stop=101730, strand=-, frame=3, truncated=no, start-type=ATG, RBS-motif=AGGAGG
19:35:35.290 - INFO - CDS - seq=contig_1, start=101746, stop=103788, strand=-, frame=3, truncated=no, start-type=ATG, RBS-motif=None
19:35:35.290 - INFO - CDS - seq=contig_1, start=104144, stop=104719, strand=+, frame=2, truncated=no, start-type=ATG, RBS-motif=GGAGG
19:35:35.290 - INFO - CDS - seq=contig_1, start=104973, stop=105269, strand=-, frame=1, truncated=no, start-type=ATG, RBS-motif=AGGAG/GGAGG
19:35:35.290 - INFO - CDS - seq=contig_1, start=105462, stop=106436, strand=+, frame=3, truncated=no, start-type=ATG, RBS-motif=AGGAG
19:35:35.290 - INFO - CDS - seq=contig_1, start=106508, stop=106831, strand=-, frame=2, truncated=no, start-type=ATG, RBS-motif=GGAG/GAGG
19:35:35.290 - INFO - CDS - seq=contig_1, start=106972, stop=108429, strand=-, frame=3, truncated=no, start-type=ATG, RBS-motif=GGAG/GAGG
19:35:35.290 - INFO - CDS - seq=contig_1, start=108624, stop=108974, strand=+, frame=3, truncated=no, start-type=ATG, RBS-motif=AGxAGG/AGGxGG
19:35:35.290 - INFO - CDS - seq=contig_1, start=109146, stop=109508, strand=+, frame=3, truncated=no, start-type=GTG, RBS-motif=GGAGG
19:35:35.290 - INFO - CDS - seq=contig_1, start=109633, stop=110565, strand=-, frame=3, truncated=no, start-type=TTG, RBS-motif=GGxGG
19:35:35.290 - INFO - CDS - seq=contig_1, start=110676, stop=111182, strand=+, frame=3, truncated=no, start-type=ATG, RBS-motif=AGGAG
19:35:35.290 - INFO - CDS - seq=contig_1, start=111344, stop=111640, strand=+, frame=2, truncated=no, start-type=ATG, RBS-motif=AGGAGG
19:35:35.290 - INFO - CDS - seq=contig_1, start=111723, stop=112724, strand=-, frame=1, truncated=no, start-type=ATG, RBS-motif=AGGA
19:35:35.290 - INFO - CDS - seq=contig_1, start=112791, stop=113282, strand=-, frame=1, truncated=no, start-type=ATG, RBS-motif=AGGAG
19:35:35.290 - INFO - CDS - seq=contig_1, start=113456, stop=114529, strand=+, frame=2, truncated=no, start-type=ATG, RBS-motif=GGAGG
19:35:35.290 - INFO - CDS - seq=contig_1, start=114683, stop=114934, strand=-, frame=2, truncated=no, start-type=ATG, RBS-motif=AGxAGG/AGGxGG
19:35:35.291 - INFO - CDS - seq=contig_1, start=115156, stop=116232, strand=+, frame=1, truncated=no, start-type=ATG, RBS-motif=AGxAGG/AGGxGG
19:35:35.291 - INFO - CDS - seq=contig_1, start=116450, stop=117430, strand=+, frame=2, truncated=no, start-type=ATG, RBS-motif=AGGAGG
19:35:35.291 - INFO - CDS - seq=contig_1, start=117620, stop=117904, strand=+, frame=2, truncated=no, start-type=GTG, RBS-motif=GGAGG
19:35:35.291 - INFO - CDS - seq=contig_1, start=117897, stop=118007, strand=+, frame=3, truncated=no, start-type=ATG, RBS-motif=AGGAG
19:35:35.291 - INFO - CDS - seq=contig_1, start=118053, stop=118175, strand=+, frame=3, truncated=no, start-type=ATG, RBS-motif=GGAG/GAGG
19:35:35.291 - INFO - CDS - seq=contig_1, start=118863, stop=120224, strand=+, frame=3, truncated=no, start-type=ATG, RBS-motif=AGGAGG
19:35:35.291 - INFO - CDS - seq=contig_1, start=120458, stop=121222, strand=-, frame=2, truncated=no, start-type=ATG, RBS-motif=GGA/GAG/AGG
19:35:35.291 - INFO - CDS - seq=contig_1, start=121382, stop=122731, strand=-, frame=2, truncated=no, start-type=ATG, RBS-motif=AGGAG
19:35:35.291 - INFO - CDS - seq=contig_1, start=123059, stop=123667, strand=+, frame=2, truncated=no, start-type=ATG, RBS-motif=GGAG/GAGG
19:35:35.291 - INFO - CDS - seq=contig_1, start=123630, stop=123752, strand=-, frame=1, truncated=no, start-type=ATG, RBS-motif=GGAGG
19:35:35.291 - INFO - CDS - seq=contig_1, start=123979, stop=126162, strand=-, frame=3, truncated=no, start-type=ATG, RBS-motif=GGxGG
19:35:35.291 - INFO - CDS - seq=contig_1, start=126476, stop=127237, strand=-, frame=2, truncated=no, start-type=ATG, RBS-motif=GGAGG
19:35:35.291 - INFO - CDS - seq=contig_1, start=127234, stop=128163, strand=-, frame=3, truncated=no, start-type=TTG, RBS-motif=GGAGG
19:35:35.291 - INFO - CDS - seq=contig_1, start=128160, stop=128375, strand=-, frame=1, truncated=no, start-type=ATG, RBS-motif=GGAGG
19:35:35.291 - INFO - CDS - seq=contig_1, start=128442, stop=129563, strand=-, frame=1, truncated=no, start-type=ATG, RBS-motif=GGAG/GAGG
19:35:35.291 - INFO - CDS - seq=contig_1, start=130011, stop=130889, strand=-, frame=1, truncated=no, start-type=ATG, RBS-motif=GGA/GAG/AGG
19:35:35.291 - INFO - CDS - seq=contig_1, start=131134, stop=133554, strand=+, frame=1, truncated=no, start-type=ATG, RBS-motif=GGA/GAG/AGG
19:35:35.291 - INFO - CDS - seq=contig_1, start=133641, stop=133991, strand=-, frame=1, truncated=no, start-type=ATG, RBS-motif=AGGAG
19:35:35.292 - INFO - CDS - seq=contig_1, start=134086, stop=135945, strand=-, frame=3, truncated=no, start-type=ATG, RBS-motif=GGxGG
19:35:35.292 - INFO - CDS - seq=contig_1, start=136254, stop=137549, strand=-, frame=1, truncated=no, start-type=ATG, RBS-motif=AGGAG
19:35:35.292 - INFO - CDS - seq=contig_1, start=138034, stop=138903, strand=+, frame=1, truncated=no, start-type=ATG, RBS-motif=AGGAGG
19:35:35.292 - INFO - CDS - seq=contig_1, start=139141, stop=140070, strand=+, frame=1, truncated=no, start-type=ATG, RBS-motif=GGAG/GAGG
19:35:35.292 - INFO - CDS - seq=contig_1, start=140057, stop=142048, strand=+, frame=2, truncated=no, start-type=ATG, RBS-motif=GGAGG
19:35:35.292 - INFO - CDS - seq=contig_1, start=142516, stop=143679, strand=-, frame=3, truncated=no, start-type=ATG, RBS-motif=GGAG/GAGG
19:35:35.292 - INFO - CDS - seq=contig_1, start=143745, stop=145133, strand=-, frame=1, truncated=no, start-type=ATG, RBS-motif=AGGAGG
19:35:35.292 - INFO - CDS - seq=contig_1, start=145375, stop=145830, strand=-, frame=3, truncated=no, start-type=ATG, RBS-motif=AGxAGG/AGGxGG
19:35:35.292 - INFO - CDS - seq=contig_1, start=145846, stop=147852, strand=-, frame=3, truncated=no, start-type=ATG, RBS-motif=GGA/GAG/AGG
19:35:35.292 - INFO - CDS - seq=contig_1, start=148164, stop=148463, strand=-, frame=1, truncated=no, start-type=ATG, RBS-motif=GGAG/GAGG
19:35:35.292 - INFO - CDS - seq=contig_1, start=148549, stop=149136, strand=-, frame=3, truncated=no, start-type=ATG, RBS-motif=AGGAGG
19:35:35.292 - INFO - CDS - seq=contig_1, start=149472, stop=150338, strand=-, frame=1, truncated=no, start-type=ATG, RBS-motif=GGxGG
19:35:35.292 - INFO - CDS - seq=contig_1, start=150331, stop=150744, strand=-, frame=3, truncated=no, start-type=GTG, RBS-motif=AGxAGG/AGGxGG
19:35:35.292 - INFO - CDS - seq=contig_1, start=151031, stop=151408, strand=-, frame=2, truncated=no, start-type=ATG, RBS-motif=AGGAG
19:35:35.292 - INFO - CDS - seq=contig_1, start=151604, stop=152662, strand=-, frame=2, truncated=no, start-type=ATG, RBS-motif=AGGAG
19:35:35.292 - INFO - CDS - seq=contig_1, start=152666, stop=153673, strand=-, frame=2, truncated=no, start-type=ATG, RBS-motif=GGAGG
19:35:35.292 - INFO - CDS - seq=contig_1, start=153675, stop=155054, strand=-, frame=1, truncated=no, start-type=GTG, RBS-motif=AGGAGG
19:35:35.292 - INFO - CDS - seq=contig_1, start=155770, stop=157116, strand=+, frame=1, truncated=no, start-type=ATG, RBS-motif=GGAGG
19:35:35.292 - INFO - CDS - seq=contig_1, start=157127, stop=157831, strand=+, frame=2, truncated=no, start-type=ATG, RBS-motif=AGGAGG
19:35:35.293 - INFO - CDS - seq=contig_1, start=157839, stop=158990, strand=+, frame=3, truncated=no, start-type=ATG, RBS-motif=None
19:35:35.293 - INFO - CDS - seq=contig_1, start=159134, stop=160039, strand=+, frame=2, truncated=no, start-type=ATG, RBS-motif=AGGAGG
19:35:35.293 - INFO - CDS - seq=contig_1, start=160036, stop=160803, strand=+, frame=1, truncated=no, start-type=ATG, RBS-motif=GGAGG
19:35:35.293 - INFO - CDS - seq=contig_1, start=161229, stop=161735, strand=-, frame=1, truncated=no, start-type=ATG, RBS-motif=GGAG/GAGG
19:35:35.293 - INFO - CDS - seq=contig_1, start=162024, stop=162533, strand=-, frame=1, truncated=no, start-type=ATG, RBS-motif=GGA/GAG/AGG
19:35:35.293 - INFO - CDS - seq=contig_1, start=162752, stop=163474, strand=+, frame=2, truncated=no, start-type=GTG, RBS-motif=AGGAGG
19:35:35.293 - INFO - CDS - seq=contig_1, start=163458, stop=163832, strand=-, frame=1, truncated=no, start-type=ATG, RBS-motif=AGGAG/GGAGG
19:35:35.293 - INFO - CDS - seq=contig_1, start=163954, stop=164532, strand=-, frame=3, truncated=no, start-type=ATG, RBS-motif=GGA/GAG/AGG
19:35:35.293 - INFO - CDS - seq=contig_1, start=164691, stop=166517, strand=+, frame=3, truncated=no, start-type=ATG, RBS-motif=AGGA
19:35:35.293 - INFO - CDS - seq=contig_1, start=166649, stop=167791, strand=-, frame=2, truncated=no, start-type=ATG, RBS-motif=AGGAG
19:35:35.293 - INFO - CDS - seq=contig_1, start=168622, stop=169647, strand=+, frame=1, truncated=no, start-type=ATG, RBS-motif=GGAGG
19:35:35.293 - INFO - CDS - seq=contig_1, start=169644, stop=170426, strand=+, frame=3, truncated=no, start-type=ATG, RBS-motif=AGGA
19:35:35.293 - INFO - CDS - seq=contig_1, start=170454, stop=171053, strand=+, frame=3, truncated=no, start-type=ATG, RBS-motif=AGGAGG
19:35:35.293 - INFO - CDS - seq=contig_1, start=171037, stop=172257, strand=+, frame=1, truncated=no, start-type=ATG, RBS-motif=GGAG/GAGG
19:35:35.293 - INFO - CDS - seq=contig_1, start=172250, stop=173044, strand=+, frame=2, truncated=no, start-type=ATG, RBS-motif=AGGAG
19:35:35.293 - INFO - CDS - seq=contig_1, start=173658, stop=174317, strand=-, frame=1, truncated=no, start-type=ATG, RBS-motif=AGGAGG
19:35:35.294 - INFO - CDS - seq=contig_1, start=174366, stop=174950, strand=-, frame=1, truncated=no, start-type=ATG, RBS-motif=AGGAG
19:35:35.294 - INFO - CDS - seq=contig_1, start=175098, stop=175325, strand=-, frame=1, truncated=no, start-type=ATG, RBS-motif=AGGA
19:35:35.294 - INFO - CDS - seq=contig_1, start=175345, stop=177201, strand=-, frame=3, truncated=no, start-type=ATG, RBS-motif=GGAGG
19:35:35.294 - INFO - CDS - seq=contig_1, start=177546, stop=177767, strand=+, frame=3, truncated=no, start-type=ATG, RBS-motif=AGGAG/GGAGG
19:35:35.294 - INFO - CDS - seq=contig_1, start=177833, stop=178486, strand=+, frame=2, truncated=no, start-type=TTG, RBS-motif=GGAG/GAGG
19:35:35.294 - INFO - CDS - seq=contig_1, start=179110, stop=180363, strand=+, frame=1, truncated=no, start-type=ATG, RBS-motif=AGGAGG
19:35:35.294 - INFO - CDS - seq=contig_1, start=180366, stop=180995, strand=+, frame=3, truncated=no, start-type=ATG, RBS-motif=AGGAGG
19:35:35.294 - INFO - CDS - seq=contig_1, start=181007, stop=181936, strand=+, frame=2, truncated=no, start-type=ATG, RBS-motif=AGGAGG
19:35:35.294 - INFO - CDS - seq=contig_1, start=181936, stop=182598, strand=+, frame=1, truncated=no, start-type=ATG, RBS-motif=AGGA/GGAG/GAGG
19:35:35.294 - INFO - CDS - seq=contig_1, start=182812, stop=183072, strand=+, frame=1, truncated=no, start-type=ATG, RBS-motif=GGAG/GAGG
19:35:35.294 - INFO - CDS - seq=contig_1, start=183323, stop=183925, strand=+, frame=2, truncated=no, start-type=ATG, RBS-motif=GGAGG
19:35:35.294 - INFO - CDS - seq=contig_1, start=183922, stop=187233, strand=+, frame=1, truncated=no, start-type=ATG, RBS-motif=AGGAG
19:35:35.294 - INFO - CDS - seq=contig_1, start=187398, stop=187538, strand=-, frame=1, truncated=no, start-type=ATG, RBS-motif=GGAG/GAGG
19:35:35.294 - INFO - CDS - seq=contig_1, start=187915, stop=189288, strand=+, frame=1, truncated=no, start-type=ATG, RBS-motif=GGA/GAG/AGG
19:35:35.294 - INFO - CDS - seq=contig_1, start=189626, stop=191218, strand=-, frame=2, truncated=no, start-type=ATG, RBS-motif=AGGAG/GGAGG
19:35:35.294 - INFO - CDS - seq=contig_1, start=191287, stop=192186, strand=+, frame=1, truncated=no, start-type=ATG, RBS-motif=GGA/GAG/AGG
19:35:35.295 - INFO - CDS - seq=contig_1, start=192375, stop=192695, strand=-, frame=1, truncated=no, start-type=ATG, RBS-motif=GGAG/GAGG
19:35:35.295 - INFO - CDS - seq=contig_1, start=192760, stop=193113, strand=-, frame=3, truncated=no, start-type=ATG, RBS-motif=GGAG/GAGG
19:35:35.295 - INFO - CDS - seq=contig_1, start=193390, stop=194082, strand=-, frame=3, truncated=no, start-type=ATG, RBS-motif=AGGA/GGAG/GAGG
19:35:35.295 - INFO - CDS - seq=contig_1, start=194480, stop=195130, strand=+, frame=2, truncated=no, start-type=ATG, RBS-motif=AGGAG
19:35:35.295 - INFO - CDS - seq=contig_1, start=195646, stop=196350, strand=+, frame=1, truncated=no, start-type=TTG, RBS-motif=None
19:35:35.295 - INFO - CDS - seq=contig_1, start=196464, stop=196577, strand=-, frame=1, truncated=no, start-type=ATG, RBS-motif=AGxAGG/AGGxGG
19:35:35.295 - INFO - CDS - seq=contig_1, start=196677, stop=196892, strand=+, frame=3, truncated=no, start-type=ATG, RBS-motif=GGAG/GAGG
19:35:35.295 - INFO - CDS - seq=contig_1, start=197326, stop=198114, strand=+, frame=1, truncated=no, start-type=ATG, RBS-motif=GGA/GAG/AGG
19:35:35.295 - INFO - CDS - seq=contig_1, start=198466, stop=198681, strand=+, frame=1, truncated=no, start-type=ATG, RBS-motif=AGxAGG/AGGxGG
19:35:35.295 - INFO - CDS - seq=contig_1, start=199034, stop=199324, strand=+, frame=2, truncated=no, start-type=ATG, RBS-motif=GGAG/GAGG
19:35:35.295 - INFO - CDS - seq=contig_1, start=199562, stop=199891, strand=-, frame=2, truncated=no, start-type=ATG, RBS-motif=GGxGG
19:35:35.295 - INFO - CDS - seq=contig_1, start=199878, stop=200588, strand=-, frame=1, truncated=no, start-type=ATG, RBS-motif=GGAGG
19:35:35.295 - INFO - CDS - seq=contig_1, start=200939, stop=201148, strand=+, frame=2, truncated=no, start-type=ATG, RBS-motif=AGGAGG
19:35:35.295 - INFO - CDS - seq=contig_1, start=201169, stop=201375, strand=+, frame=1, truncated=no, start-type=ATG, RBS-motif=GGA/GAG/AGG
19:35:35.295 - INFO - CDS - seq=contig_1, start=201344, stop=203083, strand=+, frame=2, truncated=no, start-type=GTG, RBS-motif=None
19:35:35.295 - INFO - CDS - seq=contig_1, start=203328, stop=203801, strand=-, frame=1, truncated=no, start-type=ATG, RBS-motif=AGGA
19:35:35.295 - INFO - CDS - seq=contig_1, start=204158, stop=204769, strand=+, frame=2, truncated=no, start-type=ATG, RBS-motif=AGGA
19:35:35.296 - INFO - CDS - seq=contig_1, start=204942, stop=205574, strand=-, frame=1, truncated=no, start-type=ATG, RBS-motif=GGA/GAG/AGG
19:35:35.296 - INFO - CDS - seq=contig_1, start=205769, stop=207211, strand=-, frame=2, truncated=no, start-type=ATG, RBS-motif=AGGA
19:35:35.296 - INFO - CDS - seq=contig_1, start=207452, stop=207811, strand=+, frame=2, truncated=no, start-type=ATG, RBS-motif=AGxAGG/AGGxGG
19:35:35.296 - INFO - CDS - seq=contig_1, start=208454, stop=209830, strand=-, frame=2, truncated=no, start-type=ATG, RBS-motif=GGAG/GAGG
19:35:35.296 - INFO - CDS - seq=contig_1, start=209882, stop=210040, strand=-, frame=2, truncated=no, start-type=ATG, RBS-motif=AGGA
19:35:35.296 - INFO - CDS - seq=contig_1, start=210059, stop=210697, strand=+, frame=2, truncated=no, start-type=ATG, RBS-motif=AGxAGG/AGGxGG
19:35:35.296 - INFO - CDS - seq=contig_1, start=210746, stop=211639, strand=+, frame=2, truncated=no, start-type=ATG, RBS-motif=AGGA
19:35:35.296 - INFO - CDS - seq=contig_1, start=211804, stop=212481, strand=-, frame=3, truncated=no, start-type=ATG, RBS-motif=GGAG/GAGG
19:35:35.296 - INFO - CDS - seq=contig_1, start=212637, stop=212861, strand=-, frame=1, truncated=no, start-type=ATG, RBS-motif=GGAGG
19:35:35.296 - INFO - CDS - seq=contig_1, start=213201, stop=213806, strand=-, frame=1, truncated=no, start-type=ATG, RBS-motif=AGxAGG/AGGxGG
19:35:35.296 - INFO - CDS - seq=contig_1, start=213984, stop=214757, strand=+, frame=3, truncated=no, start-type=ATG, RBS-motif=GGAGG
19:35:35.296 - INFO - CDS - seq=contig_1, start=215102, stop=217252, strand=+, frame=2, truncated=no, start-type=ATG, RBS-motif=AGGAG
19:35:35.296 - INFO - CDS - seq=contig_1, start=217272, stop=217775, strand=+, frame=3, truncated=no, start-type=TTG, RBS-motif=AGGAGG
19:35:35.296 - INFO - CDS - seq=contig_1, start=217708, stop=218388, strand=-, frame=3, truncated=no, start-type=GTG, RBS-motif=GGA/GAG/AGG
19:35:35.296 - INFO - CDS - seq=contig_1, start=218614, stop=218934, strand=-, frame=3, truncated=no, start-type=ATG, RBS-motif=GGAG/GAGG
19:35:35.296 - INFO - CDS - seq=contig_1, start=218939, stop=219745, strand=-, frame=2, truncated=no, start-type=ATG, RBS-motif=GGA/GAG/AGG
19:35:35.296 - INFO - CDS - seq=contig_1, start=219789, stop=220340, strand=-, frame=1, truncated=no, start-type=ATG, RBS-motif=GGAGG
19:35:35.296 - INFO - CDS - seq=contig_1, start=220620, stop=221321, strand=+, frame=3, truncated=no, start-type=ATG, RBS-motif=AGGAGG
19:35:35.297 - INFO - CDS - seq=contig_1, start=221334, stop=223907, strand=+, frame=3, truncated=no, start-type=ATG, RBS-motif=GGA/GAG/AGG
19:35:35.297 - INFO - CDS - seq=contig_1, start=224111, stop=225346, strand=+, frame=2, truncated=no, start-type=ATG, RBS-motif=GGAG/GAGG
19:35:35.297 - INFO - CDS - seq=contig_1, start=225835, stop=226014, strand=+, frame=1, truncated=no, start-type=ATG, RBS-motif=AGGAGG
19:35:35.297 - INFO - CDS - seq=contig_1, start=226065, stop=226247, strand=+, frame=3, truncated=no, start-type=ATG, RBS-motif=GGAGG
19:35:35.297 - INFO - CDS - seq=contig_1, start=226327, stop=227184, strand=+, frame=1, truncated=no, start-type=ATG, RBS-motif=None
19:35:35.297 - INFO - CDS - seq=contig_1, start=227463, stop=227765, strand=+, frame=3, truncated=no, start-type=ATG, RBS-motif=AGGAG
19:35:35.297 - INFO - CDS - seq=contig_1, start=228770, stop=229363, strand=+, frame=2, truncated=no, start-type=ATG, RBS-motif=GGAG/GAGG
19:35:35.297 - INFO - CDS - seq=contig_1, start=229436, stop=229660, strand=-, frame=2, truncated=no, start-type=ATG, RBS-motif=None
19:35:35.297 - INFO - CDS - seq=contig_1, start=229657, stop=230676, strand=-, frame=3, truncated=no, start-type=ATG, RBS-motif=AGGAGG
19:35:35.297 - INFO - CDS - seq=contig_1, start=230669, stop=232147, strand=-, frame=2, truncated=no, start-type=ATG, RBS-motif=GGAG/GAGG
19:35:35.297 - INFO - CDS - seq=contig_1, start=232589, stop=232825, strand=-, frame=2, truncated=no, start-type=ATG, RBS-motif=GGAGG
19:35:35.297 - INFO - CDS - seq=contig_1, start=232912, stop=233508, strand=-, frame=3, truncated=no, start-type=ATG, RBS-motif=GGA/GAG/AGG
19:35:35.297 - INFO - CDS - seq=contig_1, start=233539, stop=233835, strand=-, frame=3, truncated=no, start-type=ATG, RBS-motif=AGGAGG
19:35:35.297 - INFO - CDS - seq=contig_1, start=233963, stop=234394, strand=-, frame=2, truncated=no, start-type=ATG, RBS-motif=AGGAGG
19:35:35.297 - INFO - CDS - seq=contig_1, start=234577, stop=235281, strand=+, frame=1, truncated=no, start-type=ATG, RBS-motif=GGAGG
19:35:35.297 - INFO - CDS - seq=contig_1, start=235386, stop=238007, strand=-, frame=1, truncated=no, start-type=ATG, RBS-motif=AGGAG/GGAGG
19:35:35.298 - INFO - CDS - seq=contig_1, start=238069, stop=240030, strand=-, frame=3, truncated=no, start-type=GTG, RBS-motif=AGGAGG
19:35:35.298 - INFO - CDS - seq=contig_1, start=240283, stop=241398, strand=-, frame=3, truncated=no, start-type=ATG, RBS-motif=None
19:35:35.298 - INFO - CDS - seq=contig_1, start=241395, stop=241607, strand=-, frame=1, truncated=no, start-type=ATG, RBS-motif=GGAGG
19:35:35.298 - INFO - CDS - seq=contig_1, start=242178, stop=242360, strand=+, frame=3, truncated=no, start-type=ATG, RBS-motif=GGAGG
19:35:35.298 - INFO - CDS - seq=contig_1, start=242460, stop=243599, strand=-, frame=1, truncated=no, start-type=ATG, RBS-motif=AGGAGG
19:35:35.298 - INFO - CDS - seq=contig_1, start=243772, stop=245121, strand=-, frame=3, truncated=no, start-type=ATG, RBS-motif=AGGAGG
19:35:35.298 - INFO - CDS - seq=contig_1, start=245929, stop=246069, strand=+, frame=1, truncated=no, start-type=ATG, RBS-motif=AGGAGG
19:35:35.298 - INFO - CDS - seq=contig_1, start=246230, stop=246754, strand=+, frame=2, truncated=no, start-type=ATG, RBS-motif=GGxGG
19:35:35.298 - INFO - CDS - seq=contig_1, start=246899, stop=247735, strand=+, frame=2, truncated=no, start-type=GTG, RBS-motif=GGAG/GAGG
19:35:35.298 - INFO - CDS - seq=contig_1, start=247753, stop=248517, strand=+, frame=1, truncated=no, start-type=ATG, RBS-motif=GGAGG
19:35:35.298 - INFO - CDS - seq=contig_1, start=248940, stop=250328, strand=+, frame=3, truncated=no, start-type=ATG, RBS-motif=AGGAG
19:35:35.298 - INFO - CDS - seq=contig_1, start=250370, stop=252271, strand=+, frame=2, truncated=no, start-type=ATG, RBS-motif=GGAGG
19:35:35.298 - INFO - CDS - seq=contig_1, start=252534, stop=252743, strand=+, frame=3, truncated=no, start-type=ATG, RBS-motif=AGGAG
19:35:35.298 - INFO - CDS - seq=contig_1, start=252905, stop=253669, strand=+, frame=2, truncated=no, start-type=ATG, RBS-motif=AGGAG
19:35:35.298 - INFO - CDS - seq=contig_1, start=253671, stop=254159, strand=+, frame=3, truncated=no, start-type=ATG, RBS-motif=GGAGG
19:35:35.298 - INFO - CDS - seq=contig_1, start=254156, stop=255355, strand=+, frame=2, truncated=no, start-type=ATG, RBS-motif=GGAG/GAGG
19:35:35.299 - INFO - CDS - seq=contig_1, start=255499, stop=256584, strand=-, frame=3, truncated=no, start-type=ATG, RBS-motif=AGGAG
19:35:35.299 - INFO - CDS - seq=contig_1, start=257307, stop=262979, strand=+, frame=3, truncated=no, start-type=ATG, RBS-motif=AGGA
19:35:35.299 - INFO - CDS - seq=contig_1, start=263135, stop=264325, strand=-, frame=2, truncated=no, start-type=ATG, RBS-motif=GGAGG
19:35:35.299 - INFO - CDS - seq=contig_1, start=264312, stop=265001, strand=-, frame=1, truncated=no, start-type=ATG, RBS-motif=GGA/GAG/AGG
19:35:35.299 - INFO - CDS - seq=contig_1, start=264994, stop=266058, strand=-, frame=3, truncated=no, start-type=ATG, RBS-motif=AGGAGG
19:35:35.299 - INFO - CDS - seq=contig_1, start=266629, stop=266805, strand=-, frame=3, truncated=no, start-type=ATG, RBS-motif=GGAG/GAGG
19:35:35.299 - INFO - CDS - seq=contig_1, start=266816, stop=267076, strand=-, frame=2, truncated=no, start-type=ATG, RBS-motif=GGAGG
19:35:35.299 - INFO - CDS - seq=contig_1, start=267419, stop=268204, strand=-, frame=2, truncated=no, start-type=ATG, RBS-motif=GGAGG
19:35:35.299 - INFO - CDS - seq=contig_1, start=268502, stop=269212, strand=-, frame=2, truncated=no, start-type=ATG, RBS-motif=AGxAGG/AGGxGG
19:35:35.299 - INFO - CDS - seq=contig_1, start=269614, stop=271440, strand=+, frame=1, truncated=no, start-type=TTG, RBS-motif=AGGAG
19:35:35.299 - INFO - CDS - seq=contig_1, start=271477, stop=273534, strand=+, frame=1, truncated=no, start-type=ATG, RBS-motif=GGAG/GAGG
19:35:35.299 - INFO - CDS - seq=contig_1, start=273539, stop=273982, strand=+, frame=2, truncated=no, start-type=ATG, RBS-motif=GGA/GAG/AGG
19:35:35.299 - INFO - CDS - seq=contig_1, start=273986, stop=275140, strand=+, frame=2, truncated=no, start-type=ATG, RBS-motif=4Base/6BMM
19:35:35.299 - INFO - CDS - seq=contig_1, start=275258, stop=276214, strand=+, frame=2, truncated=no, start-type=ATG, RBS-motif=GGAGG
19:35:35.299 - INFO - CDS - seq=contig_1, start=276311, stop=277240, strand=-, frame=2, truncated=no, start-type=ATG, RBS-motif=GGAGG
19:35:35.299 - INFO - CDS - seq=contig_1, start=277440, stop=278360, strand=+, frame=3, truncated=no, start-type=ATG, RBS-motif=GGAG/GAGG
19:35:35.299 - INFO - CDS - seq=contig_1, start=279033, stop=279962, strand=+, frame=3, truncated=no, start-type=ATG, RBS-motif=AGxAGG/AGGxGG
19:35:35.299 - INFO - CDS - seq=contig_1, start=280042, stop=281340, strand=-, frame=3, truncated=no, start-type=ATG, RBS-motif=AGGA
19:35:35.299 - INFO - CDS - seq=contig_1, start=281531, stop=281929, strand=+, frame=2, truncated=no, start-type=ATG, RBS-motif=GGA/GAG/AGG
19:35:35.300 - INFO - CDS - seq=contig_1, start=282049, stop=282558, strand=+, frame=1, truncated=no, start-type=TTG, RBS-motif=AGGAG
19:35:35.300 - INFO - CDS - seq=contig_1, start=282816, stop=283673, strand=+, frame=3, truncated=no, start-type=ATG, RBS-motif=AGGA
19:35:35.300 - INFO - CDS - seq=contig_1, start=283928, stop=284617, strand=-, frame=2, truncated=no, start-type=ATG, RBS-motif=AGGAGG
19:35:35.300 - INFO - CDS - seq=contig_1, start=284595, stop=286139, strand=-, frame=1, truncated=no, start-type=ATG, RBS-motif=AGGAG
19:35:35.300 - INFO - CDS - seq=contig_1, start=286292, stop=287617, strand=+, frame=2, truncated=no, start-type=ATG, RBS-motif=GGxGG
19:35:35.300 - INFO - CDS - seq=contig_1, start=287810, stop=288988, strand=+, frame=2, truncated=no, start-type=ATG, RBS-motif=AGxAGG/AGGxGG
19:35:35.300 - INFO - CDS - seq=contig_1, start=289648, stop=290067, strand=+, frame=1, truncated=no, start-type=TTG, RBS-motif=AGGAGG
19:35:35.300 - INFO - CDS - seq=contig_1, start=290179, stop=290763, strand=+, frame=1, truncated=no, start-type=TTG, RBS-motif=AGGAGG
19:35:35.300 - INFO - CDS - seq=contig_1, start=290918, stop=292312, strand=+, frame=2, truncated=no, start-type=ATG, RBS-motif=AGGA
19:35:35.300 - INFO - CDS - seq=contig_1, start=292452, stop=293246, strand=-, frame=1, truncated=no, start-type=ATG, RBS-motif=GGAG/GAGG
19:35:35.300 - INFO - CDS - seq=contig_1, start=293269, stop=293916, strand=-, frame=3, truncated=no, start-type=ATG, RBS-motif=AGGAG/GGAGG
19:35:35.300 - INFO - CDS - seq=contig_1, start=294082, stop=295191, strand=-, frame=3, truncated=no, start-type=ATG, RBS-motif=None
19:35:35.300 - INFO - CDS - seq=contig_1, start=295671, stop=297833, strand=-, frame=1, truncated=no, start-type=ATG, RBS-motif=GGAGG
19:35:35.300 - INFO - CDS - seq=contig_1, start=297826, stop=298818, strand=-, frame=3, truncated=no, start-type=ATG, RBS-motif=GGxGG
19:35:35.300 - INFO - CDS - seq=contig_1, start=298823, stop=299758, strand=-, frame=2, truncated=no, start-type=ATG, RBS-motif=GGAGG
19:35:35.300 - INFO - CDS - seq=contig_1, start=300125, stop=300748, strand=+, frame=2, truncated=no, start-type=ATG, RBS-motif=GGAG/GAGG
19:35:35.301 - INFO - CDS - seq=contig_1, start=300856, stop=301404, strand=-, frame=3, truncated=no, start-type=ATG, RBS-motif=None
19:35:35.301 - INFO - CDS - seq=contig_1, start=301654, stop=303069, strand=+, frame=1, truncated=no, start-type=ATG, RBS-motif=GGA/GAG/AGG
19:35:35.301 - INFO - CDS - seq=contig_1, start=303256, stop=304722, strand=+, frame=1, truncated=no, start-type=GTG, RBS-motif=3Base/5BMM
19:35:35.301 - INFO - CDS - seq=contig_1, start=304719, stop=305459, strand=+, frame=3, truncated=no, start-type=ATG, RBS-motif=AGxAGG/AGGxGG
19:35:35.301 - INFO - CDS - seq=contig_1, start=305576, stop=306445, strand=-, frame=2, truncated=no, start-type=ATG, RBS-motif=AGGAGG
19:35:35.301 - INFO - CDS - seq=contig_1, start=306543, stop=307319, strand=-, frame=1, truncated=no, start-type=ATG, RBS-motif=AGGAG
19:35:35.301 - INFO - CDS - seq=contig_1, start=307309, stop=308874, strand=-, frame=3, truncated=no, start-type=ATG, RBS-motif=AGGAGG
19:35:35.301 - INFO - CDS - seq=contig_1, start=308864, stop=309337, strand=-, frame=2, truncated=no, start-type=ATG, RBS-motif=GGAGG
19:35:35.301 - INFO - CDS - seq=contig_1, start=309519, stop=309842, strand=-, frame=1, truncated=no, start-type=ATG, RBS-motif=GGAG/GAGG
19:35:35.301 - INFO - CDS - seq=contig_1, start=310000, stop=310338, strand=+, frame=1, truncated=no, start-type=ATG, RBS-motif=GGxGG
19:35:35.301 - INFO - CDS - seq=contig_1, start=310411, stop=311121, strand=+, frame=1, truncated=no, start-type=ATG, RBS-motif=AGxAGG/AGGxGG
19:35:35.301 - INFO - CDS - seq=contig_1, start=311304, stop=312575, strand=+, frame=3, truncated=no, start-type=ATG, RBS-motif=GGAGG
19:35:35.301 - INFO - CDS - seq=contig_1, start=312601, stop=312855, strand=+, frame=1, truncated=no, start-type=ATG, RBS-motif=AGxAGG/AGGxGG
19:35:35.301 - INFO - CDS - seq=contig_1, start=312927, stop=313673, strand=-, frame=1, truncated=no, start-type=ATG, RBS-motif=AGGAGG
19:35:35.301 - INFO - CDS - seq=contig_1, start=313677, stop=315284, strand=-, frame=1, truncated=no, start-type=ATG, RBS-motif=AGxAGG/AGGxGG
19:35:35.301 - INFO - CDS - seq=contig_1, start=315380, stop=315541, strand=-, frame=2, truncated=no, start-type=GTG, RBS-motif=GGAG/GAGG
19:35:35.301 - INFO - CDS - seq=contig_1, start=315987, stop=316862, strand=+, frame=3, truncated=no, start-type=ATG, RBS-motif=GGA/GAG/AGG
19:35:35.301 - INFO - CDS - seq=contig_1, start=316859, stop=317707, strand=+, frame=2, truncated=no, start-type=ATG, RBS-motif=AGGAGG
19:35:35.301 - INFO - CDS - seq=contig_1, start=317863, stop=318882, strand=-, frame=3, truncated=no, start-type=ATG, RBS-motif=AGGA/GGAG/GAGG
19:35:35.301 - INFO - CDS - seq=contig_1, start=318892, stop=319011, strand=-, frame=3, truncated=no, start-type=ATG, RBS-motif=AGGA/GGAG/GAGG
19:35:35.302 - INFO - CDS - seq=contig_1, start=319117, stop=320388, strand=+, frame=1, truncated=no, start-type=ATG, RBS-motif=AGGAGG
19:35:35.302 - INFO - CDS - seq=contig_1, start=320623, stop=321597, strand=+, frame=1, truncated=no, start-type=ATG, RBS-motif=AGGAGG
19:35:35.302 - INFO - CDS - seq=contig_1, start=321625, stop=322440, strand=+, frame=1, truncated=no, start-type=ATG, RBS-motif=GGAGG
19:35:35.302 - INFO - CDS - seq=contig_1, start=322458, stop=323369, strand=+, frame=3, truncated=no, start-type=ATG, RBS-motif=AGGAGG
19:35:35.302 - INFO - CDS - seq=contig_1, start=323631, stop=323996, strand=+, frame=3, truncated=no, start-type=ATG, RBS-motif=AGGA
19:35:35.302 - INFO - CDS - seq=contig_1, start=324122, stop=325051, strand=-, frame=2, truncated=no, start-type=ATG, RBS-motif=AGGAGG
19:35:35.302 - INFO - CDS - seq=contig_1, start=325112, stop=326305, strand=-, frame=2, truncated=no, start-type=ATG, RBS-motif=GGAGG
19:35:35.302 - INFO - CDS - seq=contig_1, start=326583, stop=328004, strand=-, frame=1, truncated=no, start-type=ATG, RBS-motif=AGxAGG/AGGxGG
19:35:35.302 - INFO - CDS - seq=contig_1, start=328265, stop=328888, strand=-, frame=2, truncated=no, start-type=ATG, RBS-motif=AGGAG
19:35:35.302 - INFO - CDS - seq=contig_1, start=329321, stop=329842, strand=-, frame=2, truncated=no, start-type=TTG, RBS-motif=None
19:35:35.302 - INFO - CDS - seq=contig_1, start=329839, stop=330303, strand=-, frame=3, truncated=no, start-type=GTG, RBS-motif=AGGAG/GGAGG
19:35:35.302 - INFO - CDS - seq=contig_1, start=330441, stop=330992, strand=+, frame=3, truncated=no, start-type=ATG, RBS-motif=AGGAG
19:35:35.302 - INFO - CDS - seq=contig_1, start=331136, stop=331465, strand=-, frame=2, truncated=no, start-type=ATG, RBS-motif=AGGAG
19:35:35.302 - INFO - CDS - seq=contig_1, start=331465, stop=331797, strand=-, frame=3, truncated=no, start-type=ATG, RBS-motif=AGGAG
19:35:35.302 - INFO - CDS - seq=contig_1, start=331914, stop=332624, strand=+, frame=3, truncated=no, start-type=ATG, RBS-motif=GGAGG
19:35:35.302 - INFO - CDS - seq=contig_1, start=332793, stop=334151, strand=+, frame=3, truncated=no, start-type=ATG, RBS-motif=AGGAG
19:35:35.302 - INFO - CDS - seq=contig_1, start=334207, stop=334626, strand=+, frame=1, truncated=no, start-type=TTG, RBS-motif=AGxAGG/AGGxGG
19:35:35.302 - INFO - CDS - seq=contig_1, start=334639, stop=335739, strand=+, frame=1, truncated=no, start-type=ATG, RBS-motif=AGGA
19:35:35.303 - INFO - CDS - seq=contig_1, start=336092, stop=337474, strand=-, frame=2, truncated=no, start-type=ATG, RBS-motif=GGAG/GAGG
19:35:35.303 - INFO - CDS - seq=contig_1, start=337467, stop=338687, strand=-, frame=1, truncated=no, start-type=ATG, RBS-motif=AGGAGG
19:35:35.303 - INFO - CDS - seq=contig_1, start=338740, stop=340188, strand=-, frame=3, truncated=no, start-type=ATG, RBS-motif=AGGAG
19:35:35.303 - INFO - CDS - seq=contig_1, start=340289, stop=340963, strand=-, frame=2, truncated=no, start-type=ATG, RBS-motif=GGAGG
19:35:35.303 - INFO - CDS - seq=contig_1, start=341542, stop=342255, strand=+, frame=1, truncated=no, start-type=ATG, RBS-motif=AGGAGG
19:35:35.303 - INFO - CDS - seq=contig_1, start=342271, stop=344181, strand=+, frame=1, truncated=no, start-type=TTG, RBS-motif=AGGAG
19:35:35.303 - INFO - CDS - seq=contig_1, start=344171, stop=345598, strand=+, frame=2, truncated=no, start-type=ATG, RBS-motif=AGGAG/GGAGG
19:35:35.303 - INFO - CDS - seq=contig_1, start=345653, stop=346450, strand=+, frame=2, truncated=no, start-type=GTG, RBS-motif=GGAGG
19:35:35.303 - INFO - CDS - seq=contig_1, start=346529, stop=347338, strand=+, frame=2, truncated=no, start-type=GTG, RBS-motif=GGAG/GAGG
19:35:35.303 - INFO - CDS - seq=contig_1, start=347847, stop=349175, strand=+, frame=3, truncated=no, start-type=ATG, RBS-motif=AGGAGG
19:35:35.303 - INFO - CDS - seq=contig_1, start=349787, stop=350191, strand=+, frame=2, truncated=no, start-type=ATG, RBS-motif=GGAG/GAGG
19:35:35.303 - INFO - CDS - seq=contig_1, start=350351, stop=350788, strand=+, frame=2, truncated=no, start-type=ATG, RBS-motif=AGGA/GGAG/GAGG
19:35:35.303 - INFO - CDS - seq=contig_1, start=351155, stop=353002, strand=+, frame=2, truncated=no, start-type=ATG, RBS-motif=GGAG/GAGG
19:35:35.303 - INFO - CDS - seq=contig_1, start=353163, stop=354335, strand=-, frame=1, truncated=no, start-type=ATG, RBS-motif=GGAGG
19:35:35.303 - INFO - CDS - seq=contig_1, start=355124, stop=356734, strand=+, frame=2, truncated=no, start-type=ATG, RBS-motif=GGAG/GAGG
19:35:35.303 - INFO - CDS - seq=contig_1, start=356759, stop=358102, strand=+, frame=2, truncated=no, start-type=ATG, RBS-motif=AGxAGG/AGGxGG
19:35:35.304 - INFO - CDS - seq=contig_1, start=358226, stop=359056, strand=-, frame=2, truncated=no, start-type=ATG, RBS-motif=AGGAGG
19:35:35.304 - INFO - CDS - seq=contig_1, start=359432, stop=360532, strand=-, frame=2, truncated=no, start-type=ATG, RBS-motif=GGAG/GAGG
19:35:35.304 - INFO - CDS - seq=contig_1, start=360830, stop=361309, strand=+, frame=2, truncated=no, start-type=ATG, RBS-motif=AGGA/GGAG/GAGG
19:35:35.304 - INFO - CDS - seq=contig_1, start=361501, stop=361962, strand=+, frame=1, truncated=no, start-type=TTG, RBS-motif=AGGAG
19:35:35.304 - INFO - CDS - seq=contig_1, start=362049, stop=362504, strand=+, frame=3, truncated=no, start-type=ATG, RBS-motif=GGAG/GAGG
19:35:35.304 - INFO - CDS - seq=contig_1, start=362595, stop=363116, strand=+, frame=3, truncated=no, start-type=ATG, RBS-motif=GGAG/GAGG
19:35:35.304 - INFO - CDS - seq=contig_1, start=363113, stop=363868, strand=+, frame=2, truncated=no, start-type=GTG, RBS-motif=AGGA
19:35:35.304 - INFO - CDS - seq=contig_1, start=363851, stop=364888, strand=-, frame=2, truncated=no, start-type=ATG, RBS-motif=GGAG/GAGG
19:35:35.304 - INFO - CDS - seq=contig_1, start=365119, stop=365640, strand=+, frame=1, truncated=no, start-type=TTG, RBS-motif=AGGAG
19:35:35.304 - INFO - CDS - seq=contig_1, start=365651, stop=366151, strand=+, frame=2, truncated=no, start-type=ATG, RBS-motif=GGAG/GAGG
19:35:35.304 - INFO - CDS - seq=contig_1, start=366188, stop=366919, strand=+, frame=2, truncated=no, start-type=ATG, RBS-motif=GGAGG
19:35:35.304 - INFO - CDS - seq=contig_1, start=367009, stop=367368, strand=+, frame=1, truncated=no, start-type=ATG, RBS-motif=AGxAGG/AGGxGG
19:35:35.304 - INFO - CDS - seq=contig_1, start=367419, stop=368039, strand=+, frame=3, truncated=no, start-type=ATG, RBS-motif=GGAGG
19:35:35.304 - INFO - CDS - seq=contig_1, start=368182, stop=368436, strand=+, frame=1, truncated=no, start-type=ATG, RBS-motif=GGxGG
19:35:35.304 - INFO - CDS - seq=contig_1, start=368607, stop=368927, strand=+, frame=3, truncated=no, start-type=ATG, RBS-motif=AGGAGG
19:35:35.304 - INFO - CDS - seq=contig_1, start=369007, stop=369756, strand=+, frame=1, truncated=no, start-type=ATG, RBS-motif=GGAG/GAGG
19:35:35.304 - INFO - CDS - seq=contig_1, start=370336, stop=371268, strand=-, frame=3, truncated=no, start-type=ATG, RBS-motif=GGA/GAG/AGG
19:35:35.304 - INFO - CDS - seq=contig_1, start=371371, stop=372438, strand=+, frame=1, truncated=no, start-type=GTG, RBS-motif=GGAGG
19:35:35.304 - INFO - CDS - seq=contig_1, start=372765, stop=373601, strand=+, frame=3, truncated=no, start-type=ATG, RBS-motif=GGAGG
19:35:35.305 - INFO - CDS - seq=contig_1, start=373594, stop=374430, strand=+, frame=1, truncated=no, start-type=ATG, RBS-motif=AGGAGG
19:35:35.305 - INFO - CDS - seq=contig_1, start=374497, stop=374982, strand=+, frame=1, truncated=no, start-type=ATG, RBS-motif=AGGA
19:35:35.305 - INFO - CDS - seq=contig_1, start=374979, stop=375911, strand=+, frame=3, truncated=no, start-type=ATG, RBS-motif=GGA/GAG/AGG
19:35:35.305 - INFO - CDS - seq=contig_1, start=375856, stop=376755, strand=+, frame=1, truncated=no, start-type=ATG, RBS-motif=None
19:35:35.305 - INFO - CDS - seq=contig_1, start=376742, stop=377764, strand=+, frame=2, truncated=no, start-type=ATG, RBS-motif=GGAGG
19:35:35.305 - INFO - CDS - seq=contig_1, start=377752, stop=378819, strand=+, frame=1, truncated=no, start-type=ATG, RBS-motif=AGxAGG/AGGxGG
19:35:35.305 - INFO - CDS - seq=contig_1, start=378809, stop=379594, strand=+, frame=2, truncated=no, start-type=ATG, RBS-motif=GGAG/GAGG
19:35:35.305 - INFO - CDS - seq=contig_1, start=380008, stop=385323, strand=-, frame=3, truncated=no, start-type=ATG, RBS-motif=AGGAGG
19:35:35.305 - INFO - CDS - seq=contig_1, start=385720, stop=386451, strand=+, frame=1, truncated=no, start-type=ATG, RBS-motif=None
19:35:35.305 - INFO - CDS - seq=contig_1, start=386545, stop=387105, strand=+, frame=1, truncated=no, start-type=ATG, RBS-motif=AGGA
19:35:35.305 - INFO - CDS - seq=contig_1, start=387139, stop=388575, strand=+, frame=1, truncated=no, start-type=ATG, RBS-motif=AGxAGG/AGGxGG
19:35:35.305 - INFO - CDS - seq=contig_1, start=388832, stop=389950, strand=+, frame=2, truncated=no, start-type=GTG, RBS-motif=AGGAG
19:35:35.305 - INFO - CDS - seq=contig_1, start=389940, stop=390872, strand=+, frame=3, truncated=no, start-type=ATG, RBS-motif=GGAGG
19:35:35.305 - INFO - CDS - seq=contig_1, start=390869, stop=391684, strand=+, frame=2, truncated=no, start-type=ATG, RBS-motif=GGA/GAG/AGG
19:35:35.305 - INFO - CDS - seq=contig_1, start=391681, stop=393057, strand=+, frame=1, truncated=no, start-type=GTG, RBS-motif=AGxAGG/AGGxGG
19:35:35.306 - INFO - CDS - seq=contig_1, start=393224, stop=393646, strand=+, frame=2, truncated=no, start-type=ATG, RBS-motif=GGAGG
19:35:35.306 - INFO - CDS - seq=contig_1, start=393688, stop=394386, strand=+, frame=1, truncated=no, start-type=ATG, RBS-motif=GGAGG
19:35:35.306 - INFO - CDS - seq=contig_1, start=394471, stop=395001, strand=-, frame=3, truncated=no, start-type=ATG, RBS-motif=None
19:35:35.306 - INFO - CDS - seq=contig_1, start=394991, stop=396235, strand=-, frame=2, truncated=no, start-type=ATG, RBS-motif=AGGAGG
19:35:35.306 - INFO - CDS - seq=contig_1, start=396635, stop=397192, strand=+, frame=2, truncated=no, start-type=ATG, RBS-motif=AGGAGG
19:35:35.306 - INFO - CDS - seq=contig_1, start=397215, stop=397433, strand=+, frame=3, truncated=no, start-type=ATG, RBS-motif=AGxAGG/AGGxGG
19:35:35.306 - INFO - CDS - seq=contig_1, start=397652, stop=397969, strand=-, frame=2, truncated=no, start-type=ATG, RBS-motif=AGxAGG/AGGxGG
19:35:35.306 - INFO - CDS - seq=contig_1, start=398039, stop=398356, strand=-, frame=2, truncated=no, start-type=ATG, RBS-motif=AGxAGG/AGGxGG
19:35:35.306 - INFO - CDS - seq=contig_1, start=398570, stop=399073, strand=-, frame=2, truncated=no, start-type=ATG, RBS-motif=GGAG/GAGG
19:35:35.306 - INFO - CDS - seq=contig_1, start=399187, stop=399690, strand=+, frame=1, truncated=no, start-type=ATG, RBS-motif=AGGAGG
19:35:35.306 - INFO - CDS - seq=contig_1, start=399931, stop=401505, strand=-, frame=3, truncated=no, start-type=ATG, RBS-motif=AGGAGG
19:35:35.306 - INFO - CDS - seq=contig_1, start=401498, stop=402070, strand=-, frame=2, truncated=no, start-type=ATG, RBS-motif=GGAGG
19:35:35.306 - INFO - CDS - seq=contig_1, start=402434, stop=402931, strand=+, frame=2, truncated=no, start-type=ATG, RBS-motif=GGxGG
19:35:35.306 - INFO - CDS - seq=contig_1, start=403000, stop=404034, strand=-, frame=3, truncated=no, start-type=ATG, RBS-motif=AGGAG
19:35:35.306 - INFO - CDS - seq=contig_1, start=404284, stop=405486, strand=-, frame=3, truncated=no, start-type=ATG, RBS-motif=AGGA/GGAG/GAGG
19:35:35.306 - INFO - CDS - seq=contig_1, start=405839, stop=407422, strand=+, frame=2, truncated=no, start-type=TTG, RBS-motif=AGGAG
19:35:35.306 - INFO - CDS - seq=contig_1, start=407423, stop=408142, strand=+, frame=2, truncated=no, start-type=ATG, RBS-motif=GGAGG
19:35:35.307 - INFO - CDS - seq=contig_1, start=408256, stop=409596, strand=+, frame=1, truncated=no, start-type=ATG, RBS-motif=GGAGG
19:35:35.307 - INFO - CDS - seq=contig_1, start=409694, stop=410656, strand=+, frame=2, truncated=no, start-type=ATG, RBS-motif=AGGAGG
19:35:35.307 - INFO - CDS - seq=contig_1, start=410716, stop=411615, strand=+, frame=1, truncated=no, start-type=ATG, RBS-motif=AGGAG
19:35:35.307 - INFO - CDS - seq=contig_1, start=411739, stop=414126, strand=-, frame=3, truncated=no, start-type=ATG, RBS-motif=AGGAG
19:35:35.307 - INFO - CDS - seq=contig_1, start=414387, stop=415148, strand=-, frame=1, truncated=no, start-type=ATG, RBS-motif=AGxAGG/AGGxGG
19:35:35.307 - INFO - CDS - seq=contig_1, start=415370, stop=416461, strand=+, frame=2, truncated=no, start-type=ATG, RBS-motif=GGAGG
19:35:35.307 - INFO - CDS - seq=contig_1, start=416518, stop=416943, strand=+, frame=1, truncated=no, start-type=ATG, RBS-motif=AGxAG
19:35:35.307 - INFO - CDS - seq=contig_1, start=416963, stop=417439, strand=+, frame=2, truncated=no, start-type=ATG, RBS-motif=AGxAGG/AGGxGG
19:35:35.307 - INFO - CDS - seq=contig_1, start=417458, stop=418219, strand=+, frame=2, truncated=no, start-type=ATG, RBS-motif=GGAGG
19:35:35.307 - INFO - CDS - seq=contig_1, start=418216, stop=419094, strand=+, frame=1, truncated=no, start-type=ATG, RBS-motif=GGAG/GAGG
19:35:35.307 - INFO - CDS - seq=contig_1, start=419125, stop=419784, strand=+, frame=1, truncated=no, start-type=ATG, RBS-motif=GGAGG
19:35:35.307 - INFO - CDS - seq=contig_1, start=419932, stop=420777, strand=+, frame=1, truncated=no, start-type=TTG, RBS-motif=GGA/GAG/AGG
19:35:35.307 - INFO - CDS - seq=contig_1, start=420796, stop=421848, strand=+, frame=1, truncated=no, start-type=ATG, RBS-motif=AGGAGG
19:35:35.307 - INFO - CDS - seq=contig_1, start=421982, stop=422671, strand=+, frame=2, truncated=no, start-type=ATG, RBS-motif=AGGA
19:35:35.307 - INFO - CDS - seq=contig_1, start=423099, stop=424169, strand=+, frame=3, truncated=no, start-type=ATG, RBS-motif=AGGAGG
19:35:35.307 - INFO - CDS - seq=contig_1, start=424307, stop=424765, strand=+, frame=2, truncated=no, start-type=ATG, RBS-motif=GGAG/GAGG
19:35:35.307 - INFO - CDS - seq=contig_1, start=424785, stop=426305, strand=+, frame=3, truncated=no, start-type=ATG, RBS-motif=GGA/GAG/AGG
19:35:35.307 - INFO - CDS - seq=contig_1, start=426335, stop=426628, strand=+, frame=2, truncated=no, start-type=ATG, RBS-motif=AGGAGG
19:35:35.308 - INFO - CDS - seq=contig_1, start=426745, stop=427386, strand=+, frame=1, truncated=no, start-type=TTG, RBS-motif=AGGAGG
19:35:35.308 - INFO - CDS - seq=contig_1, start=427422, stop=428195, strand=+, frame=3, truncated=no, start-type=GTG, RBS-motif=GGAG/GAGG
19:35:35.308 - INFO - CDS - seq=contig_1, start=428386, stop=429255, strand=+, frame=1, truncated=no, start-type=TTG, RBS-motif=AGGAGG
19:35:35.308 - INFO - CDS - seq=contig_1, start=429349, stop=430170, strand=-, frame=3, truncated=no, start-type=ATG, RBS-motif=AGGA
19:35:35.308 - INFO - CDS - seq=contig_1, start=430370, stop=431098, strand=+, frame=2, truncated=no, start-type=ATG, RBS-motif=AGGAG
19:35:35.308 - INFO - CDS - seq=contig_1, start=431350, stop=432150, strand=+, frame=1, truncated=no, start-type=ATG, RBS-motif=GGAG/GAGG
19:35:35.308 - INFO - CDS - seq=contig_1, start=432177, stop=434045, strand=+, frame=3, truncated=no, start-type=TTG, RBS-motif=GGAGG
19:35:35.308 - INFO - CDS - seq=contig_1, start=434046, stop=434555, strand=+, frame=3, truncated=no, start-type=ATG, RBS-motif=GGAGG
19:35:35.308 - INFO - CDS - seq=contig_1, start=434573, stop=435142, strand=+, frame=2, truncated=no, start-type=ATG, RBS-motif=AGGAG
19:35:35.308 - INFO - CDS - seq=contig_1, start=435284, stop=436402, strand=+, frame=2, truncated=no, start-type=ATG, RBS-motif=AGGAGG
19:35:35.308 - INFO - CDS - seq=contig_1, start=436429, stop=436809, strand=+, frame=1, truncated=no, start-type=GTG, RBS-motif=GGAG/GAGG
19:35:35.308 - INFO - CDS - seq=contig_1, start=436938, stop=437609, strand=+, frame=3, truncated=no, start-type=ATG, RBS-motif=AGxAGG/AGGxGG
19:35:35.308 - INFO - CDS - seq=contig_1, start=437834, stop=438469, strand=-, frame=2, truncated=no, start-type=ATG, RBS-motif=AGGA/GGAG/GAGG
19:35:35.308 - INFO - CDS - seq=contig_1, start=438453, stop=439190, strand=-, frame=1, truncated=no, start-type=ATG, RBS-motif=AGGA
19:35:35.308 - INFO - CDS - seq=contig_1, start=439183, stop=439650, strand=-, frame=3, truncated=no, start-type=ATG, RBS-motif=GGAGG
19:35:35.308 - INFO - CDS - seq=contig_1, start=440175, stop=442046, strand=+, frame=3, truncated=no, start-type=ATG, RBS-motif=AGGAG/GGAGG
19:35:35.309 - INFO - CDS - seq=contig_1, start=442021, stop=442377, strand=+, frame=1, truncated=no, start-type=ATG, RBS-motif=AGGA
19:35:35.309 - INFO - CDS - seq=contig_1, start=442557, stop=442916, strand=+, frame=3, truncated=no, start-type=ATG, RBS-motif=AGGAGG
19:35:35.309 - INFO - CDS - seq=contig_1, start=442929, stop=443297, strand=+, frame=3, truncated=no, start-type=ATG, RBS-motif=AGGAG
19:35:35.309 - INFO - CDS - seq=contig_1, start=443299, stop=444078, strand=+, frame=1, truncated=no, start-type=TTG, RBS-motif=AGGA/GGAG/GAGG
19:35:35.309 - INFO - CDS - seq=contig_1, start=444091, stop=444789, strand=+, frame=1, truncated=no, start-type=ATG, RBS-motif=GGAG/GAGG
19:35:35.309 - INFO - CDS - seq=contig_1, start=444956, stop=446077, strand=+, frame=2, truncated=no, start-type=GTG, RBS-motif=GGA/GAG/AGG
19:35:35.309 - INFO - CDS - seq=contig_1, start=446074, stop=447174, strand=+, frame=1, truncated=no, start-type=ATG, RBS-motif=GGAGG
19:35:35.309 - INFO - CDS - seq=contig_1, start=447189, stop=447953, strand=+, frame=3, truncated=no, start-type=ATG, RBS-motif=AGGA
19:35:35.309 - INFO - CDS - seq=contig_1, start=448116, stop=450185, strand=-, frame=1, truncated=no, start-type=ATG, RBS-motif=GGAG/GAGG
19:35:35.309 - INFO - CDS - seq=contig_1, start=450303, stop=450935, strand=-, frame=1, truncated=no, start-type=TTG, RBS-motif=AGGAGG
19:35:35.309 - INFO - CDS - seq=contig_1, start=451069, stop=451968, strand=-, frame=3, truncated=no, start-type=ATG, RBS-motif=AGGA
19:35:35.309 - INFO - CDS - seq=contig_1, start=452006, stop=453265, strand=-, frame=2, truncated=no, start-type=ATG, RBS-motif=GGxGG
19:35:35.309 - INFO - CDS - seq=contig_1, start=453298, stop=453594, strand=-, frame=3, truncated=no, start-type=ATG, RBS-motif=AGGAG
19:35:35.309 - INFO - CDS - seq=contig_1, start=453611, stop=454066, strand=-, frame=2, truncated=no, start-type=ATG, RBS-motif=AGxAGG/AGGxGG
19:35:35.309 - INFO - CDS - seq=contig_1, start=454346, stop=454951, strand=+, frame=2, truncated=no, start-type=ATG, RBS-motif=GGAG/GAGG
19:35:35.310 - INFO - CDS - seq=contig_1, start=455163, stop=456890, strand=-, frame=1, truncated=no, start-type=ATG, RBS-motif=AGGAGG
19:35:35.310 - INFO - CDS - seq=contig_1, start=457048, stop=458049, strand=+, frame=1, truncated=no, start-type=ATG, RBS-motif=AGGAGG
19:35:35.310 - INFO - CDS - seq=contig_1, start=458036, stop=459259, strand=+, frame=2, truncated=no, start-type=ATG, RBS-motif=GGAGG
19:35:35.310 - INFO - CDS - seq=contig_1, start=459262, stop=460242, strand=+, frame=1, truncated=no, start-type=ATG, RBS-motif=GGAG/GAGG
19:35:35.310 - INFO - CDS - seq=contig_1, start=460558, stop=462663, strand=+, frame=1, truncated=no, start-type=ATG, RBS-motif=GGAG/GAGG
19:35:35.310 - INFO - CDS - seq=contig_1, start=462641, stop=463123, strand=+, frame=2, truncated=no, start-type=ATG, RBS-motif=GGAG/GAGG
19:35:35.310 - INFO - CDS - seq=contig_1, start=463142, stop=463579, strand=+, frame=2, truncated=no, start-type=ATG, RBS-motif=GGxGG
19:35:35.310 - INFO - CDS - seq=contig_1, start=463591, stop=463896, strand=+, frame=1, truncated=no, start-type=ATG, RBS-motif=AGGAGG
19:35:35.310 - INFO - CDS - seq=contig_1, start=463925, stop=465196, strand=+, frame=2, truncated=no, start-type=ATG, RBS-motif=GGxGG
19:35:35.310 - INFO - CDS - seq=contig_1, start=465247, stop=466284, strand=+, frame=1, truncated=no, start-type=ATG, RBS-motif=GGAG/GAGG
19:35:35.310 - INFO - CDS - seq=contig_1, start=466335, stop=467063, strand=+, frame=3, truncated=no, start-type=ATG, RBS-motif=AGGAG
19:35:35.310 - INFO - CDS - seq=contig_1, start=467402, stop=468535, strand=+, frame=2, truncated=no, start-type=GTG, RBS-motif=AGxAGG/AGGxGG
19:35:35.310 - INFO - CDS - seq=contig_1, start=468882, stop=470366, strand=+, frame=3, truncated=no, start-type=GTG, RBS-motif=AGGAGG
19:35:35.310 - INFO - CDS - seq=contig_1, start=470344, stop=470757, strand=+, frame=1, truncated=no, start-type=ATG, RBS-motif=AGGAG
19:35:35.310 - INFO - CDS - seq=contig_1, start=470763, stop=471242, strand=+, frame=3, truncated=no, start-type=ATG, RBS-motif=GGAG/GAGG
19:35:35.310 - INFO - CDS - seq=contig_1, start=471355, stop=472692, strand=+, frame=1, truncated=no, start-type=ATG, RBS-motif=AGGAGG
19:35:35.310 - INFO - CDS - seq=contig_1, start=472769, stop=473071, strand=+, frame=2, truncated=no, start-type=ATG, RBS-motif=AGGAG
19:35:35.311 - INFO - CDS - seq=contig_1, start=473071, stop=473934, strand=+, frame=1, truncated=no, start-type=ATG, RBS-motif=AGGAG
19:35:35.311 - INFO - CDS - seq=contig_1, start=473968, stop=474660, strand=+, frame=1, truncated=no, start-type=ATG, RBS-motif=GGA/GAG/AGG
19:35:35.311 - INFO - CDS - seq=contig_1, start=474657, stop=475178, strand=+, frame=3, truncated=no, start-type=ATG, RBS-motif=AGGAGG
19:35:35.311 - INFO - CDS - seq=contig_1, start=476127, stop=476381, strand=+, frame=3, truncated=no, start-type=ATG, RBS-motif=GGAG/GAGG
19:35:35.311 - INFO - CDS - seq=contig_1, start=476386, stop=476586, strand=+, frame=1, truncated=no, start-type=ATG, RBS-motif=AGGAGG
19:35:35.311 - INFO - CDS - seq=contig_1, start=477102, stop=477587, strand=+, frame=3, truncated=no, start-type=ATG, RBS-motif=AGxAGG/AGGxGG
19:35:35.311 - INFO - CDS - seq=contig_1, start=477661, stop=478410, strand=+, frame=1, truncated=no, start-type=TTG, RBS-motif=AGxAGG/AGGxGG
19:35:35.311 - INFO - CDS - seq=contig_1, start=478555, stop=480042, strand=-, frame=3, truncated=no, start-type=ATG, RBS-motif=AGGAG
19:35:35.311 - INFO - CDS - seq=contig_1, start=480198, stop=480710, strand=+, frame=3, truncated=no, start-type=ATG, RBS-motif=GGA/GAG/AGG
19:35:35.311 - INFO - CDS - seq=contig_1, start=480753, stop=481379, strand=+, frame=3, truncated=no, start-type=ATG, RBS-motif=GGAGG
19:35:35.311 - INFO - CDS - seq=contig_1, start=481385, stop=481756, strand=+, frame=2, truncated=no, start-type=ATG, RBS-motif=None
19:35:35.311 - INFO - CDS - seq=contig_1, start=481831, stop=484965, strand=+, frame=1, truncated=no, start-type=ATG, RBS-motif=AGGAG
19:35:35.311 - INFO - CDS - seq=contig_1, start=485165, stop=485365, strand=+, frame=2, truncated=no, start-type=ATG, RBS-motif=AGGA
19:35:35.311 - INFO - CDS - seq=contig_1, start=485707, stop=488796, strand=+, frame=1, truncated=no, start-type=ATG, RBS-motif=AGxAGG/AGGxGG
19:35:35.311 - INFO - CDS - seq=contig_1, start=489053, stop=490657, strand=+, frame=2, truncated=no, start-type=ATG, RBS-motif=GGAG/GAGG
19:35:35.311 - INFO - CDS - seq=contig_1, start=490720, stop=492105, strand=+, frame=1, truncated=no, start-type=ATG, RBS-motif=AGxAGG/AGGxGG
19:35:35.311 - INFO - CDS - seq=contig_1, start=492389, stop=493090, strand=+, frame=2, truncated=no, start-type=TTG, RBS-motif=AGGAGG
19:35:35.311 - INFO - CDS - seq=contig_1, start=493106, stop=494497, strand=+, frame=2, truncated=no, start-type=TTG, RBS-motif=GGAG/GAGG
19:35:35.312 - INFO - CDS - seq=contig_1, start=494707, stop=495363, strand=+, frame=1, truncated=no, start-type=ATG, RBS-motif=AGxAGG/AGGxGG
19:35:35.312 - INFO - CDS - seq=contig_1, start=495353, stop=496024, strand=+, frame=2, truncated=no, start-type=ATG, RBS-motif=GGxGG
19:35:35.312 - INFO - CDS - seq=contig_1, start=496026, stop=496967, strand=+, frame=3, truncated=no, start-type=ATG, RBS-motif=GGAGG
19:35:35.312 - INFO - CDS - seq=contig_1, start=496979, stop=498943, strand=+, frame=2, truncated=no, start-type=ATG, RBS-motif=AGxAG
19:35:35.312 - INFO - CDS - seq=contig_1, start=499101, stop=499790, strand=+, frame=3, truncated=no, start-type=ATG, RBS-motif=AGGA
19:35:35.312 - INFO - CDS - seq=contig_1, start=499859, stop=500503, strand=+, frame=2, truncated=no, start-type=ATG, RBS-motif=GGAG/GAGG
19:35:35.312 - INFO - CDS - seq=contig_1, start=501117, stop=501869, strand=-, frame=1, truncated=no, start-type=TTG, RBS-motif=GGAGG
19:35:35.312 - INFO - CDS - seq=contig_1, start=502330, stop=504012, strand=-, frame=3, truncated=no, start-type=ATG, RBS-motif=AGGAGG
19:35:35.312 - INFO - CDS - seq=contig_1, start=504519, stop=505367, strand=+, frame=3, truncated=no, start-type=ATG, RBS-motif=AGGAG
19:35:35.312 - INFO - CDS - seq=contig_1, start=505623, stop=506420, strand=-, frame=1, truncated=no, start-type=GTG, RBS-motif=GGAGG
19:35:35.312 - INFO - CDS - seq=contig_1, start=506626, stop=507105, strand=+, frame=1, truncated=no, start-type=ATG, RBS-motif=GGAG/GAGG
19:35:35.312 - INFO - CDS - seq=contig_1, start=507137, stop=507457, strand=+, frame=2, truncated=no, start-type=ATG, RBS-motif=AGGAG
19:35:35.312 - INFO - CDS - seq=contig_1, start=507489, stop=509081, strand=+, frame=3, truncated=no, start-type=GTG, RBS-motif=AGGAGG
19:35:35.312 - INFO - CDS - seq=contig_1, start=509050, stop=509310, strand=+, frame=1, truncated=no, start-type=ATG, RBS-motif=None
19:35:35.312 - INFO - CDS - seq=contig_1, start=509307, stop=510035, strand=+, frame=3, truncated=no, start-type=ATG, RBS-motif=AGGA
19:35:35.312 - INFO - CDS - seq=contig_1, start=510468, stop=511193, strand=-, frame=1, truncated=no, start-type=TTG, RBS-motif=GGAG/GAGG
19:35:35.313 - INFO - CDS - seq=contig_1, start=511419, stop=512744, strand=+, frame=3, truncated=no, start-type=ATG, RBS-motif=GGxGG
19:35:35.313 - INFO - CDS - seq=contig_1, start=512793, stop=515432, strand=+, frame=3, truncated=no, start-type=ATG, RBS-motif=AGxAG
19:35:35.313 - INFO - CDS - seq=contig_1, start=515429, stop=516724, strand=+, frame=2, truncated=no, start-type=ATG, RBS-motif=AGGAG
19:35:35.313 - INFO - CDS - seq=contig_1, start=516721, stop=517596, strand=+, frame=1, truncated=no, start-type=GTG, RBS-motif=AGGA
19:35:35.313 - INFO - CDS - seq=contig_1, start=517671, stop=519101, strand=+, frame=3, truncated=no, start-type=ATG, RBS-motif=GGA/GAG/AGG
19:35:35.313 - INFO - CDS - seq=contig_1, start=519094, stop=519408, strand=+, frame=1, truncated=no, start-type=ATG, RBS-motif=GGAG/GAGG
19:35:35.313 - INFO - CDS - seq=contig_1, start=519492, stop=519809, strand=+, frame=3, truncated=no, start-type=ATG, RBS-motif=AGxAGG/AGGxGG
19:35:35.313 - INFO - CDS - seq=contig_1, start=519985, stop=520809, strand=-, frame=3, truncated=no, start-type=ATG, RBS-motif=AGGAGG
19:35:35.313 - INFO - CDS - seq=contig_1, start=520784, stop=521590, strand=-, frame=2, truncated=no, start-type=ATG, RBS-motif=AGGAG
19:35:35.313 - INFO - CDS - seq=contig_1, start=521808, stop=522746, strand=-, frame=1, truncated=no, start-type=GTG, RBS-motif=None
19:35:35.313 - INFO - CDS - seq=contig_1, start=522965, stop=524209, strand=+, frame=2, truncated=no, start-type=ATG, RBS-motif=GGAG/GAGG
19:35:35.313 - INFO - CDS - seq=contig_1, start=524270, stop=525007, strand=+, frame=2, truncated=no, start-type=ATG, RBS-motif=AGGAG
19:35:35.313 - INFO - CDS - seq=contig_1, start=525751, stop=527265, strand=+, frame=1, truncated=no, start-type=ATG, RBS-motif=AGxAGG/AGGxGG
19:35:35.313 - INFO - CDS - seq=contig_1, start=527370, stop=528122, strand=-, frame=1, truncated=no, start-type=ATG, RBS-motif=AGGAGG
19:35:35.313 - INFO - CDS - seq=contig_1, start=528248, stop=529177, strand=+, frame=2, truncated=no, start-type=TTG, RBS-motif=AGGAG
19:35:35.313 - INFO - CDS - seq=contig_1, start=529181, stop=531163, strand=+, frame=2, truncated=no, start-type=ATG, RBS-motif=GGAGG
19:35:35.313 - INFO - CDS - seq=contig_1, start=531745, stop=532218, strand=+, frame=1, truncated=no, start-type=ATG, RBS-motif=GGxGG
19:35:35.313 - INFO - CDS - seq=contig_1, start=532374, stop=533072, strand=-, frame=1, truncated=no, start-type=ATG, RBS-motif=GGAG/GAGG
19:35:35.314 - INFO - CDS - seq=contig_1, start=533473, stop=534666, strand=+, frame=1, truncated=no, start-type=ATG, RBS-motif=AGGAG
19:35:35.314 - INFO - CDS - seq=contig_1, start=534971, stop=536173, strand=-, frame=2, truncated=no, start-type=ATG, RBS-motif=AGxAGG/AGGxGG
19:35:35.314 - INFO - CDS - seq=contig_1, start=536423, stop=537325, strand=+, frame=2, truncated=no, start-type=ATG, RBS-motif=AGGAGG
19:35:35.314 - INFO - CDS - seq=contig_1, start=537331, stop=537813, strand=-, frame=3, truncated=no, start-type=ATG, RBS-motif=GGAG/GAGG
19:35:35.314 - INFO - CDS - seq=contig_1, start=537910, stop=538722, strand=+, frame=1, truncated=no, start-type=ATG, RBS-motif=GGAG/GAGG
19:35:35.314 - INFO - CDS - seq=contig_1, start=538767, stop=539453, strand=+, frame=3, truncated=no, start-type=ATG, RBS-motif=GGAG/GAGG
19:35:35.314 - INFO - CDS - seq=contig_1, start=539459, stop=540136, strand=-, frame=2, truncated=no, start-type=ATG, RBS-motif=GGAG/GAGG
19:35:35.314 - INFO - CDS - seq=contig_1, start=540425, stop=540688, strand=-, frame=2, truncated=no, start-type=ATG, RBS-motif=GGAG/GAGG
19:35:35.314 - INFO - CDS - seq=contig_1, start=540996, stop=541340, strand=+, frame=3, truncated=no, start-type=ATG, RBS-motif=AGGA/GGAG/GAGG
19:35:35.314 - INFO - CDS - seq=contig_1, start=541403, stop=542215, strand=+, frame=2, truncated=no, start-type=ATG, RBS-motif=AGGA
19:35:35.314 - INFO - CDS - seq=contig_1, start=542517, stop=543521, strand=+, frame=3, truncated=no, start-type=ATG, RBS-motif=AGxAGG/AGGxGG
19:35:35.314 - INFO - CDS - seq=contig_1, start=543585, stop=546113, strand=-, frame=1, truncated=no, start-type=ATG, RBS-motif=AGGAG
19:35:35.314 - INFO - CDS - seq=contig_1, start=546326, stop=546742, strand=-, frame=2, truncated=no, start-type=ATG, RBS-motif=AGxAGG/AGGxGG
19:35:35.314 - INFO - CDS - seq=contig_1, start=546870, stop=547544, strand=+, frame=3, truncated=no, start-type=ATG, RBS-motif=AGxAGG/AGGxGG
19:35:35.314 - INFO - CDS - seq=contig_1, start=548068, stop=548712, strand=+, frame=1, truncated=no, start-type=ATG, RBS-motif=AGGA
19:35:35.314 - INFO - CDS - seq=contig_1, start=549148, stop=550119, strand=+, frame=1, truncated=no, start-type=ATG, RBS-motif=AGGAGG
19:35:35.314 - INFO - CDS - seq=contig_1, start=550144, stop=550977, strand=-, frame=3, truncated=no, start-type=TTG, RBS-motif=GGAGG
19:35:35.314 - INFO - CDS - seq=contig_1, start=551112, stop=553400, strand=-, frame=1, truncated=no, start-type=ATG, RBS-motif=AGGAG
19:35:35.315 - INFO - CDS - seq=contig_1, start=553558, stop=553797, strand=+, frame=1, truncated=no, start-type=ATG, RBS-motif=GGAG/GAGG
19:35:35.315 - INFO - CDS - seq=contig_1, start=554757, stop=555689, strand=+, frame=3, truncated=no, start-type=ATG, RBS-motif=None
19:35:35.315 - INFO - CDS - seq=contig_1, start=555689, stop=556648, strand=+, frame=2, truncated=no, start-type=ATG, RBS-motif=AGGAGG
19:35:35.315 - INFO - CDS - seq=contig_1, start=556654, stop=557979, strand=+, frame=1, truncated=no, start-type=ATG, RBS-motif=AGGAG
19:35:35.315 - INFO - CDS - seq=contig_1, start=558399, stop=559415, strand=+, frame=3, truncated=no, start-type=ATG, RBS-motif=AGGAGG
19:35:35.315 - INFO - CDS - seq=contig_1, start=559601, stop=560209, strand=+, frame=2, truncated=no, start-type=ATG, RBS-motif=GGA/GAG/AGG
19:35:35.315 - INFO - CDS - seq=contig_1, start=560218, stop=561078, strand=+, frame=1, truncated=no, start-type=ATG, RBS-motif=AGxAGG/AGGxGG
19:35:35.315 - INFO - CDS - seq=contig_1, start=561293, stop=562648, strand=+, frame=2, truncated=no, start-type=ATG, RBS-motif=GGAGG
19:35:35.315 - INFO - CDS - seq=contig_1, start=562962, stop=563462, strand=-, frame=1, truncated=no, start-type=TTG, RBS-motif=GGAGG
19:35:35.315 - INFO - CDS - seq=contig_1, start=563485, stop=564309, strand=-, frame=3, truncated=no, start-type=ATG, RBS-motif=AGGA
19:35:35.315 - INFO - CDS - seq=contig_1, start=564476, stop=565408, strand=-, frame=2, truncated=no, start-type=ATG, RBS-motif=AGGA
19:35:35.315 - INFO - CDS - seq=contig_1, start=565795, stop=567324, strand=+, frame=1, truncated=no, start-type=ATG, RBS-motif=GGxGG
19:35:35.315 - INFO - CDS - seq=contig_1, start=567321, stop=569483, strand=+, frame=3, truncated=no, start-type=ATG, RBS-motif=AGGA/GGAG/GAGG
19:35:35.315 - INFO - CDS - seq=contig_1, start=569480, stop=570421, strand=+, frame=2, truncated=no, start-type=ATG, RBS-motif=AGGAGG
19:35:35.315 - INFO - CDS - seq=contig_1, start=570588, stop=571622, strand=+, frame=3, truncated=no, start-type=ATG, RBS-motif=GGAG/GAGG
19:35:35.315 - INFO - CDS - seq=contig_1, start=571657, stop=571935, strand=+, frame=1, truncated=no, start-type=ATG, RBS-motif=3Base/5BMM
19:35:35.315 - INFO - CDS - seq=contig_1, start=572011, stop=572520, strand=-, frame=3, truncated=no, start-type=ATG, RBS-motif=GGAGG
19:35:35.316 - INFO - CDS - seq=contig_1, start=572585, stop=572707, strand=-, frame=2, truncated=no, start-type=ATG, RBS-motif=GGA/GAG/AGG
19:35:35.316 - INFO - CDS - seq=contig_1, start=572772, stop=573698, strand=+, frame=3, truncated=no, start-type=ATG, RBS-motif=AGGAG
19:35:35.316 - INFO - CDS - seq=contig_1, start=573695, stop=573841, strand=-, frame=2, truncated=no, start-type=ATG, RBS-motif=AGGAG
19:35:35.316 - INFO - CDS - seq=contig_1, start=574125, stop=574817, strand=+, frame=3, truncated=no, start-type=ATG, RBS-motif=AGGAGG
19:35:35.316 - INFO - CDS - seq=contig_1, start=574909, stop=575517, strand=+, frame=1, truncated=no, start-type=ATG, RBS-motif=GGAG/GAGG
19:35:35.316 - INFO - CDS - seq=contig_1, start=575545, stop=576450, strand=+, frame=1, truncated=no, start-type=ATG, RBS-motif=AGGAG
19:35:35.316 - INFO - CDS - seq=contig_1, start=576596, stop=577075, strand=+, frame=2, truncated=no, start-type=ATG, RBS-motif=AGGAG
19:35:35.316 - INFO - CDS - seq=contig_1, start=577068, stop=577880, strand=+, frame=3, truncated=no, start-type=ATG, RBS-motif=GGA/GAG/AGG
19:35:35.316 - INFO - CDS - seq=contig_1, start=578089, stop=578967, strand=+, frame=1, truncated=no, start-type=ATG, RBS-motif=AGGAG/GGAGG
19:35:35.316 - INFO - CDS - seq=contig_1, start=579046, stop=581028, strand=+, frame=1, truncated=no, start-type=ATG, RBS-motif=GGAGG
19:35:35.316 - INFO - CDS - seq=contig_1, start=581146, stop=583062, strand=-, frame=3, truncated=no, start-type=ATG, RBS-motif=AGGAGG
19:35:35.316 - INFO - CDS - seq=contig_1, start=583049, stop=584875, strand=-, frame=2, truncated=no, start-type=ATG, RBS-motif=GGAG/GAGG
19:35:35.316 - INFO - CDS - seq=contig_1, start=584929, stop=585840, strand=-, frame=3, truncated=no, start-type=ATG, RBS-motif=GGxGG
19:35:35.316 - INFO - CDS - seq=contig_1, start=585827, stop=586531, strand=-, frame=2, truncated=no, start-type=ATG, RBS-motif=AGGAGG
19:35:35.316 - INFO - CDS - seq=contig_1, start=586699, stop=587580, strand=-, frame=3, truncated=no, start-type=TTG, RBS-motif=AGGAGG
19:35:35.316 - INFO - CDS - seq=contig_1, start=587772, stop=588770, strand=-, frame=1, truncated=no, start-type=ATG, RBS-motif=AGGAGG
19:35:35.316 - INFO - CDS - seq=contig_1, start=588989, stop=589471, strand=+, frame=2, truncated=no, start-type=ATG, RBS-motif=GGA/GAG/AGG
19:35:35.316 - INFO - CDS - seq=contig_1, start=589489, stop=590268, strand=+, frame=1, truncated=no, start-type=ATG, RBS-motif=GGA/GAG/AGG
19:35:35.316 - INFO - CDS - seq=contig_1, start=590265, stop=590834, strand=+, frame=3, truncated=no, start-type=ATG, RBS-motif=AGGA
19:35:35.317 - INFO - CDS - seq=contig_1, start=590821, stop=591717, strand=+, frame=1, truncated=no, start-type=ATG, RBS-motif=GGAGG
19:35:35.317 - INFO - CDS - seq=contig_1, start=591835, stop=592086, strand=+, frame=1, truncated=no, start-type=ATG, RBS-motif=GGAG/GAGG
19:35:35.317 - INFO - CDS - seq=contig_1, start=592270, stop=593220, strand=+, frame=1, truncated=no, start-type=ATG, RBS-motif=None
19:35:35.317 - INFO - CDS - seq=contig_1, start=593275, stop=594153, strand=+, frame=1, truncated=no, start-type=ATG, RBS-motif=GGAGG
19:35:35.317 - INFO - CDS - seq=contig_1, start=594243, stop=595004, strand=-, frame=1, truncated=no, start-type=ATG, RBS-motif=AGGAGG
19:35:35.317 - INFO - CDS - seq=contig_1, start=594997, stop=595647, strand=-, frame=3, truncated=no, start-type=ATG, RBS-motif=AGGAGG
19:35:35.317 - INFO - CDS - seq=contig_1, start=595881, stop=596729, strand=+, frame=3, truncated=no, start-type=ATG, RBS-motif=AGGAG
19:35:35.317 - INFO - CDS - seq=contig_1, start=596726, stop=597919, strand=+, frame=2, truncated=no, start-type=ATG, RBS-motif=AGxAGG/AGGxGG
19:35:35.317 - INFO - CDS - seq=contig_1, start=598059, stop=599447, strand=+, frame=3, truncated=no, start-type=ATG, RBS-motif=GGAG/GAGG
19:35:35.317 - INFO - CDS - seq=contig_1, start=599545, stop=600519, strand=+, frame=1, truncated=no, start-type=ATG, RBS-motif=GGAGG
19:35:35.317 - INFO - CDS - seq=contig_1, start=600815, stop=601153, strand=+, frame=2, truncated=no, start-type=ATG, RBS-motif=AGxAGG/AGGxGG
19:35:35.317 - INFO - CDS - seq=contig_1, start=601316, stop=601816, strand=-, frame=2, truncated=no, start-type=ATG, RBS-motif=None
19:35:35.317 - INFO - CDS - seq=contig_1, start=601998, stop=602369, strand=-, frame=1, truncated=no, start-type=ATG, RBS-motif=GGAG/GAGG
19:35:35.317 - INFO - CDS - seq=contig_1, start=602432, stop=603490, strand=-, frame=2, truncated=no, start-type=ATG, RBS-motif=AGGAG
19:35:35.317 - INFO - CDS - seq=contig_1, start=603562, stop=604014, strand=+, frame=1, truncated=no, start-type=ATG, RBS-motif=GGAGG
19:35:35.317 - INFO - CDS - seq=contig_1, start=604023, stop=605375, strand=-, frame=1, truncated=no, start-type=ATG, RBS-motif=GGAG/GAGG
19:35:35.317 - INFO - CDS - seq=contig_1, start=605365, stop=606213, strand=-, frame=3, truncated=no, start-type=ATG, RBS-motif=AGxAGG/AGGxGG
19:35:35.318 - INFO - CDS - seq=contig_1, start=606394, stop=606840, strand=+, frame=1, truncated=no, start-type=ATG, RBS-motif=AGGA
19:35:35.318 - INFO - CDS - seq=contig_1, start=606884, stop=607564, strand=+, frame=2, truncated=no, start-type=GTG, RBS-motif=GGA/GAG/AGG
19:35:35.318 - INFO - CDS - seq=contig_1, start=607982, stop=608863, strand=+, frame=2, truncated=no, start-type=ATG, RBS-motif=AGxAGG/AGGxGG
19:35:35.318 - INFO - CDS - seq=contig_1, start=609103, stop=610707, strand=+, frame=1, truncated=no, start-type=ATG, RBS-motif=AGGAG
19:35:35.318 - INFO - CDS - seq=contig_1, start=611220, stop=612479, strand=+, frame=3, truncated=no, start-type=ATG, RBS-motif=GGAG/GAGG
19:35:35.318 - INFO - CDS - seq=contig_1, start=612575, stop=612826, strand=+, frame=2, truncated=no, start-type=ATG, RBS-motif=AGGAG
19:35:35.318 - INFO - CDS - seq=contig_1, start=613208, stop=613636, strand=-, frame=2, truncated=no, start-type=ATG, RBS-motif=AGGAGG
19:35:35.318 - INFO - CDS - seq=contig_1, start=613736, stop=614413, strand=+, frame=2, truncated=no, start-type=ATG, RBS-motif=GGA/GAG/AGG
19:35:35.318 - INFO - CDS - seq=contig_1, start=614410, stop=615054, strand=-, frame=3, truncated=no, start-type=ATG, RBS-motif=GGA/GAG/AGG
19:35:35.318 - INFO - CDS - seq=contig_1, start=615313, stop=616077, strand=+, frame=1, truncated=no, start-type=GTG, RBS-motif=GGA/GAG/AGG
19:35:35.318 - INFO - CDS - seq=contig_1, start=616138, stop=617526, strand=+, frame=1, truncated=no, start-type=ATG, RBS-motif=AGGA/GGAG/GAGG
19:35:35.318 - INFO - CDS - seq=contig_1, start=617826, stop=619334, strand=+, frame=3, truncated=no, start-type=TTG, RBS-motif=AGGAGG
19:35:35.318 - INFO - CDS - seq=contig_1, start=619504, stop=619878, strand=+, frame=1, truncated=no, start-type=ATG, RBS-motif=AGGAGG
19:35:35.318 - INFO - CDS - seq=contig_1, start=619865, stop=621001, strand=+, frame=2, truncated=no, start-type=GTG, RBS-motif=AGxAGG/AGGxGG
19:35:35.318 - INFO - CDS - seq=contig_1, start=621069, stop=621317, strand=+, frame=3, truncated=no, start-type=ATG, RBS-motif=GGAGG
19:35:35.318 - INFO - CDS - seq=contig_1, start=621337, stop=621720, strand=+, frame=1, truncated=no, start-type=ATG, RBS-motif=AGxAGG/AGGxGG
19:35:35.318 - INFO - CDS - seq=contig_1, start=621904, stop=622425, strand=+, frame=1, truncated=no, start-type=ATG, RBS-motif=GGAGG
19:35:35.318 - INFO - CDS - seq=contig_1, start=622699, stop=627156, strand=+, frame=1, truncated=no, start-type=ATG, RBS-motif=AGxAGG/AGGxGG
19:35:35.319 - INFO - CDS - seq=contig_1, start=627292, stop=628725, strand=+, frame=1, truncated=no, start-type=ATG, RBS-motif=AGGAGG
19:35:35.319 - INFO - CDS - seq=contig_1, start=628854, stop=629558, strand=-, frame=1, truncated=no, start-type=GTG, RBS-motif=GGAGG
19:35:35.319 - INFO - CDS - seq=contig_1, start=629834, stop=630499, strand=-, frame=2, truncated=no, start-type=ATG, RBS-motif=GGAGG
19:35:35.319 - INFO - CDS - seq=contig_1, start=631001, stop=632371, strand=-, frame=2, truncated=no, start-type=GTG, RBS-motif=AGGAGG
19:35:35.319 - INFO - CDS - seq=contig_1, start=632777, stop=633757, strand=-, frame=2, truncated=no, start-type=GTG, RBS-motif=AGGA
19:35:35.319 - INFO - CDS - seq=contig_1, start=634431, stop=634988, strand=+, frame=3, truncated=no, start-type=ATG, RBS-motif=AGGAGG
19:35:35.319 - INFO - CDS - seq=contig_1, start=635061, stop=638585, strand=+, frame=3, truncated=no, start-type=ATG, RBS-motif=AGxAGG/AGGxGG
19:35:35.319 - INFO - CDS - seq=contig_1, start=638706, stop=640283, strand=+, frame=3, truncated=no, start-type=ATG, RBS-motif=AGGAGG
19:35:35.319 - INFO - CDS - seq=contig_1, start=640287, stop=640550, strand=+, frame=3, truncated=no, start-type=ATG, RBS-motif=GGAG/GAGG
19:35:35.319 - INFO - CDS - seq=contig_1, start=640620, stop=641051, strand=+, frame=3, truncated=no, start-type=ATG, RBS-motif=GGA/GAG/AGG
19:35:35.319 - INFO - CDS - seq=contig_1, start=641407, stop=641892, strand=+, frame=1, truncated=no, start-type=ATG, RBS-motif=AGGAGG
19:35:35.319 - INFO - CDS - seq=contig_1, start=641970, stop=643280, strand=+, frame=3, truncated=no, start-type=ATG, RBS-motif=GGAGG
19:35:35.319 - INFO - CDS - seq=contig_1, start=643277, stop=643822, strand=+, frame=2, truncated=no, start-type=ATG, RBS-motif=GGAG/GAGG
19:35:35.319 - INFO - CDS - seq=contig_1, start=643884, stop=646031, strand=+, frame=3, truncated=no, start-type=ATG, RBS-motif=GGAGG
19:35:35.319 - INFO - CDS - seq=contig_1, start=646439, stop=647338, strand=+, frame=2, truncated=no, start-type=ATG, RBS-motif=GGAG/GAGG
19:35:35.319 - INFO - CDS - seq=contig_1, start=647595, stop=648479, strand=+, frame=3, truncated=no, start-type=ATG, RBS-motif=GGAG/GAGG
19:35:35.319 - INFO - CDS - seq=contig_1, start=648542, stop=649543, strand=+, frame=2, truncated=no, start-type=ATG, RBS-motif=AGxAGG/AGGxGG
19:35:35.319 - INFO - CDS - seq=contig_1, start=649680, stop=651179, strand=+, frame=3, truncated=no, start-type=GTG, RBS-motif=GGAGG
19:35:35.319 - INFO - CDS - seq=contig_1, start=686, stop=1426, strand=+, nt=[ATGACAGAGG..GCATGTTTAA]
19:35:35.320 - INFO - CDS - seq=contig_1, start=1587, stop=3134, strand=-, nt=[ATGAGTGTTC..TAAAGCTTAA]
19:35:35.320 - INFO - CDS - seq=contig_1, start=3513, stop=4451, strand=+, nt=[ATGGGTATCA..ATACGACTAA]
19:35:35.320 - INFO - CDS - seq=contig_1, start=4529, stop=5128, strand=+, nt=[GTGAAAAATA..ACTTTACTAG]
19:35:35.320 - INFO - CDS - seq=contig_1, start=5414, stop=5746, strand=-, nt=[ATGGAAATTG..GTCGCAGTGA]
19:35:35.320 - INFO - CDS - seq=contig_1, start=5855, stop=6598, strand=-, nt=[TTGACAGAAC..TCAATCATGA]
19:35:35.320 - INFO - CDS - seq=contig_1, start=6617, stop=7399, strand=-, nt=[ATGGTAAAGC..TGAACATTGA]
19:35:35.320 - INFO - CDS - seq=contig_1, start=7484, stop=8242, strand=-, nt=[GTGGCAATGT..CGGCGACTAA]
19:35:35.320 - INFO - CDS - seq=contig_1, start=8687, stop=9373, strand=+, nt=[ATGGCAAGTA..CGTAGGTTAA]
19:35:35.320 - INFO - CDS - seq=contig_1, start=10116, stop=11495, strand=+, nt=[ATGTCACCAC..TCCAGATTAA]
19:35:35.320 - INFO - CDS - seq=contig_1, start=11646, stop=12740, strand=-, nt=[ATGGACAAGC..CGGACCGTGA]
19:35:35.320 - INFO - CDS - seq=contig_1, start=12869, stop=14668, strand=+, nt=[ATGCAACATT..GAAAGGATGA]
19:35:35.320 - INFO - CDS - seq=contig_1, start=14665, stop=15546, strand=+, nt=[ATGAGCAGTG..TCAAGCATGA]
19:35:35.320 - INFO - CDS - seq=contig_1, start=15543, stop=16391, strand=+, nt=[ATGACGACAA..TCAACACTAA]
19:35:35.320 - INFO - CDS - seq=contig_1, start=16463, stop=17260, strand=-, nt=[ATGAATTTAT..AACAAACTAA]
19:35:35.320 - INFO - CDS - seq=contig_1, start=17257, stop=17976, strand=-, nt=[ATGAGCGAAC..GATCGCATGA]
19:35:35.320 - INFO - CDS - seq=contig_1, start=18050, stop=18394, strand=-, nt=[ATGTACGAAC..ATCCAAATAA]
19:35:35.320 - INFO - CDS - seq=contig_1, start=18643, stop=19995, strand=-, nt=[ATGGATATAC..GGTGGTTTAA]
19:35:35.320 - INFO - CDS - seq=contig_1, start=20180, stop=21748, strand=-, nt=[ATGGCAATCA..TGAGGATTAG]
19:35:35.320 - INFO - CDS - seq=contig_1, start=21818, stop=22723, strand=-, nt=[ATGCATATTG..GTCAAAATAA]
19:35:35.320 - INFO - CDS - seq=contig_1, start=23026, stop=23868, strand=+, nt=[ATGCATGACT..GCGGCACTAA]
19:35:35.320 - INFO - CDS - seq=contig_1, start=24085, stop=24474, strand=-, nt=[ATGCCACTCA..TAGTCTGTAA]
19:35:35.320 - INFO - CDS - seq=contig_1, start=24512, stop=25384, strand=-, nt=[ATGGCATTAG..TATGAGTTGA]
19:35:35.320 - INFO - CDS - seq=contig_1, start=25407, stop=26303, strand=-, nt=[GTGACGATTG..GTCAGCATAA]
19:35:35.320 - INFO - CDS - seq=contig_1, start=26305, stop=27357, strand=-, nt=[ATGACTCAAA..AGGTGCTTAA]
19:35:35.320 - INFO - CDS - seq=contig_1, start=27395, stop=28435, strand=-, nt=[ATGGTTGTCA..TCATGCTTAG]
19:35:35.320 - INFO - CDS - seq=contig_1, start=28449, stop=30404, strand=-, nt=[ATGACTGCGA..TAAATATTAA]
19:35:35.320 - INFO - CDS - seq=contig_1, start=30401, stop=31381, strand=-, nt=[ATGCCACAAA..TCAGTCATGA]
19:35:35.320 - INFO - CDS - seq=contig_1, start=31418, stop=32233, strand=-, nt=[ATGAGCCTGT..TCGGCAATAA]
19:35:35.320 - INFO - CDS - seq=contig_1, start=32278, stop=33756, strand=-, nt=[ATGGATACAA..TTTCAAGTAG]
19:35:35.320 - INFO - CDS - seq=contig_1, start=33833, stop=35323, strand=-, nt=[ATGCGCAAAG..CAAGAACTAG]
19:35:35.320 - INFO - CDS - seq=contig_1, start=35867, stop=36673, strand=+, nt=[ATGCTTAGAA..CGATAAATAA]
19:35:35.320 - INFO - CDS - seq=contig_1, start=36860, stop=37720, strand=-, nt=[TTGGCACATT..GGATTTCTAA]
19:35:35.320 - INFO - CDS - seq=contig_1, start=37917, stop=38669, strand=-, nt=[ATGCGTCAAT..GGCGCGTTAA]
19:35:35.320 - INFO - CDS - seq=contig_1, start=38675, stop=40228, strand=-, nt=[ATGGCACTAT..GGAAGGCTGA]
19:35:35.321 - INFO - CDS - seq=contig_1, start=40370, stop=40837, strand=-, nt=[ATGGTCACCT..ATCTGCATAA]
19:35:35.321 - INFO - CDS - seq=contig_1, start=40969, stop=42279, strand=-, nt=[ATGAAGAAGT..TATTTTCTAG]
19:35:35.321 - INFO - CDS - seq=contig_1, start=42276, stop=43466, strand=-, nt=[ATGAGCGAAA..GTCAAAATGA]
19:35:35.321 - INFO - CDS - seq=contig_1, start=43472, stop=44158, strand=-, nt=[ATGAAAATTT..TGAGGCCTAA]
19:35:35.321 - INFO - CDS - seq=contig_1, start=44313, stop=44993, strand=+, nt=[TTGAAAGATT..ACGAATGTAG]
19:35:35.321 - INFO - CDS - seq=contig_1, start=45075, stop=46562, strand=-, nt=[ATGAGTCTTT..CGTTCAATAA]
19:35:35.321 - INFO - CDS - seq=contig_1, start=46939, stop=47760, strand=-, nt=[ATGGCAGAGA..CCAGAGATAA]
19:35:35.321 - INFO - CDS - seq=contig_1, start=47792, stop=48814, strand=-, nt=[ATGGCGAACT..CAATGTCTAA]
19:35:35.321 - INFO - CDS - seq=contig_1, start=48930, stop=49112, strand=-, nt=[ATGTATGATT..TGTAGAGTAG]
19:35:35.321 - INFO - CDS - seq=contig_1, start=49277, stop=50149, strand=-, nt=[ATGGCGAATA..TATTGACTAA]
19:35:35.321 - INFO - CDS - seq=contig_1, start=50139, stop=50906, strand=-, nt=[ATGGCACATA..TGGCGAATAA]
19:35:35.321 - INFO - CDS - seq=contig_1, start=50916, stop=51746, strand=-, nt=[GTGCCATTAT..AAAGAGATAG]
19:35:35.321 - INFO - CDS - seq=contig_1, start=51750, stop=52481, strand=-, nt=[ATGGATCCAG..AGGTGCATAA]
19:35:35.321 - INFO - CDS - seq=contig_1, start=52793, stop=53173, strand=+, nt=[ATGGAATTAG..CAAACGTTAA]
19:35:35.321 - INFO - CDS - seq=contig_1, start=53306, stop=53977, strand=+, nt=[ATGGCGGATA..GCCTGCATAA]
19:35:35.321 - INFO - CDS - seq=contig_1, start=54057, stop=54677, strand=-, nt=[ATGACTATCG..GCAACACTAA]
19:35:35.321 - INFO - CDS - seq=contig_1, start=54825, stop=55472, strand=-, nt=[ATGAAAATTC..GAATCACTAG]
19:35:35.321 - INFO - CDS - seq=contig_1, start=55488, stop=56402, strand=-, nt=[ATGGTCAATA..GGCATTTTAG]
19:35:35.321 - INFO - CDS - seq=contig_1, start=56405, stop=57082, strand=-, nt=[ATGGAATACT..AGGCAAATGA]
19:35:35.321 - INFO - CDS - seq=contig_1, start=57390, stop=57815, strand=-, nt=[ATGGACAACA..GCCAGCATAA]
19:35:35.321 - INFO - CDS - seq=contig_1, start=57850, stop=58263, strand=-, nt=[ATGGACGCAG..AAAAAAATGA]
19:35:35.321 - INFO - CDS - seq=contig_1, start=58272, stop=58469, strand=-, nt=[ATGCAGCGAG..AGGAAAGTAG]
19:35:35.321 - INFO - CDS - seq=contig_1, start=58572, stop=59111, strand=-, nt=[ATGAGACCCA..TGTGATTTAA]
19:35:35.321 - INFO - CDS - seq=contig_1, start=59125, stop=59382, strand=-, nt=[ATGATGCATT..CAAGGCATAG]
19:35:35.321 - INFO - CDS - seq=contig_1, start=59615, stop=60016, strand=-, nt=[ATGGCAACTT..TGAAGGTTGA]
19:35:35.321 - INFO - CDS - seq=contig_1, start=60540, stop=61502, strand=+, nt=[ATGGCAAAAG..CAATGCCTAA]
19:35:35.321 - INFO - CDS - seq=contig_1, start=61602, stop=61796, strand=-, nt=[ATGACGAAAA..TAAGCCTTGA]
19:35:35.321 - INFO - CDS - seq=contig_1, start=61793, stop=62035, strand=-, nt=[ATGAGCGAAG..TCATCTATGA]
19:35:35.321 - INFO - CDS - seq=contig_1, start=62083, stop=62550, strand=-, nt=[ATGAAGGCAA..TGATAAGTGA]
19:35:35.321 - INFO - CDS - seq=contig_1, start=62718, stop=63023, strand=-, nt=[ATGGAACACT..TGCCAGTTGA]
19:35:35.321 - INFO - CDS - seq=contig_1, start=63180, stop=63686, strand=+, nt=[ATGACGAATT..GTGGTACTAA]
19:35:35.321 - INFO - CDS - seq=contig_1, start=63935, stop=64141, strand=+, nt=[TTGGCTGAAA..CGGCAAATAA]
19:35:35.321 - INFO - CDS - seq=contig_1, start=64229, stop=64603, strand=-, nt=[ATGGACAAAA..TAATCGGTAG]
19:35:35.322 - INFO - CDS - seq=contig_1, start=64603, stop=65445, strand=-, nt=[ATGGAACAAA..GAACATCTGA]
19:35:35.322 - INFO - CDS - seq=contig_1, start=65570, stop=66883, strand=-, nt=[ATGCACAAAT..CAGTTGGTAA]
19:35:35.322 - INFO - CDS - seq=contig_1, start=67069, stop=67701, strand=-, nt=[ATGAATTCGT..CAAGGATTAA]
19:35:35.322 - INFO - CDS - seq=contig_1, start=67712, stop=69073, strand=-, nt=[ATGCTGATGA..GACGGCGTAG]
19:35:35.322 - INFO - CDS - seq=contig_1, start=69219, stop=71060, strand=+, nt=[ATGCACATCA..GGAAGTGTGA]
19:35:35.322 - INFO - CDS - seq=contig_1, start=71527, stop=72420, strand=-, nt=[ATGGAAAAAA..TAATGTTTGA]
19:35:35.322 - INFO - CDS - seq=contig_1, start=72535, stop=74115, strand=+, nt=[ATGAAATCTA..ACTAGCATAA]
19:35:35.322 - INFO - CDS - seq=contig_1, start=74335, stop=75471, strand=-, nt=[ATGATGGATA..TTACGCATAG]
19:35:35.322 - INFO - CDS - seq=contig_1, start=75628, stop=76095, strand=-, nt=[GTGTTGGTGC..TACAGAATGA]
19:35:35.322 - INFO - CDS - seq=contig_1, start=76144, stop=76620, strand=-, nt=[ATGAAAAAGT..GAGAAAATAA]
19:35:35.322 - INFO - CDS - seq=contig_1, start=76617, stop=77291, strand=-, nt=[ATGCCGCAAA..ACCACTATGA]
19:35:35.322 - INFO - CDS - seq=contig_1, start=77272, stop=78006, strand=-, nt=[ATGCAAAAAC..TCATACATGA]
19:35:35.322 - INFO - CDS - seq=contig_1, start=78012, stop=78716, strand=-, nt=[ATGCCAAAAA..AGAGGTGTGA]
19:35:35.322 - INFO - CDS - seq=contig_1, start=78720, stop=79508, strand=-, nt=[GTGTTTAGCA..AGAGGCGTGA]
19:35:35.322 - INFO - CDS - seq=contig_1, start=79911, stop=81536, strand=-, nt=[ATGAAAGTTA..GGCTAAGTAA]
19:35:35.322 - INFO - CDS - seq=contig_1, start=81781, stop=84162, strand=-, nt=[ATGGATACAA..AATTAAGTAA]
19:35:35.322 - INFO - CDS - seq=contig_1, start=84422, stop=84568, strand=+, nt=[ATGGGCAAAC..TGACTTTTAG]
19:35:35.322 - INFO - CDS - seq=contig_1, start=84836, stop=86284, strand=+, nt=[ATGTCCACAT..CATTCAATAA]
19:35:35.322 - INFO - CDS - seq=contig_1, start=86484, stop=87053, strand=+, nt=[ATGGCTATCA..AAAGGAGTAA]
19:35:35.322 - INFO - CDS - seq=contig_1, start=87060, stop=90005, strand=+, nt=[ATGATCAAAG..CGAAAAATAA]
19:35:35.322 - INFO - CDS - seq=contig_1, start=90056, stop=90352, strand=-, nt=[ATGAATGCTA..CAAGCATTGA]
19:35:35.322 - INFO - CDS - seq=contig_1, start=90407, stop=91135, strand=-, nt=[ATGGATAAAC..TCATAAATAA]
19:35:35.322 - INFO - CDS - seq=contig_1, start=91351, stop=92175, strand=+, nt=[ATGACCATGA..CGCCAATTAA]
19:35:35.322 - INFO - CDS - seq=contig_1, start=92276, stop=93466, strand=-, nt=[ATGGCAAAAA..ATTGAGCTAA]
19:35:35.322 - INFO - CDS - seq=contig_1, start=93524, stop=94870, strand=-, nt=[ATGGATCAAA..AAAGTCATGA]
19:35:35.322 - INFO - CDS - seq=contig_1, start=95051, stop=95380, strand=+, nt=[ATGACACAAA..TATCTATTAG]
19:35:35.322 - INFO - CDS - seq=contig_1, start=95453, stop=96439, strand=-, nt=[ATGAAAAGAG..TGAGGCATAA]
19:35:35.322 - INFO - CDS - seq=contig_1, start=96580, stop=98040, strand=-, nt=[GTGAAATTAC..AAAGGCATGA]
19:35:35.322 - INFO - CDS - seq=contig_1, start=98037, stop=98270, strand=-, nt=[GTGAAGGACA..GATTTTGTGA]
19:35:35.322 - INFO - CDS - seq=contig_1, start=98495, stop=99574, strand=-, nt=[GTGAAAAAAA..AGCGTCCTGA]
19:35:35.322 - INFO - CDS - seq=contig_1, start=99699, stop=100442, strand=-, nt=[ATGAAAAAAT..TAACAAGTAA]
19:35:35.322 - INFO - CDS - seq=contig_1, start=100594, stop=101367, strand=-, nt=[ATGAAAAAAA..AAAAAGCTAA]
19:35:35.322 - INFO - CDS - seq=contig_1, start=101371, stop=101730, strand=-, nt=[ATGAAAAAAA..GGAAAATTAA]
19:35:35.322 - INFO - CDS - seq=contig_1, start=101746, stop=103788, strand=-, nt=[ATGTTGTTAC..GGCTAATTAA]
19:35:35.322 - INFO - CDS - seq=contig_1, start=104144, stop=104719, strand=+, nt=[ATGCAAAGTT..TCATTTTTAA]
19:35:35.322 - INFO - CDS - seq=contig_1, start=104973, stop=105269, strand=-, nt=[ATGTTTAATT..AATGGTCTAA]
19:35:35.322 - INFO - CDS - seq=contig_1, start=105462, stop=106436, strand=+, nt=[ATGGCTAATC..GAAGGCATAA]
19:35:35.322 - INFO - CDS - seq=contig_1, start=106508, stop=106831, strand=-, nt=[ATGACACTAA..TAAACCTTAA]
19:35:35.322 - INFO - CDS - seq=contig_1, start=106972, stop=108429, strand=-, nt=[ATGGAAAACT..ATCGCTGTAA]
19:35:35.322 - INFO - CDS - seq=contig_1, start=108624, stop=108974, strand=+, nt=[ATGTGGCTCT..GTTCATCTAA]
19:35:35.323 - INFO - CDS - seq=contig_1, start=109146, stop=109508, strand=+, nt=[GTGTCACTTA..ATTCTTTTAA]
19:35:35.323 - INFO - CDS - seq=contig_1, start=109633, stop=110565, strand=-, nt=[TTGAAAGCAG..CCAACCTTAG]
19:35:35.323 - INFO - CDS - seq=contig_1, start=110676, stop=111182, strand=+, nt=[ATGGCTTCTG..CCAGTCATAA]
19:35:35.323 - INFO - CDS - seq=contig_1, start=111344, stop=111640, strand=+, nt=[ATGGTTCTCA..GATTTTTTAA]
19:35:35.323 - INFO - CDS - seq=contig_1, start=111723, stop=112724, strand=-, nt=[ATGAAGATTA..AGCAAAGTAG]
19:35:35.323 - INFO - CDS - seq=contig_1, start=112791, stop=113282, strand=-, nt=[ATGCAATACA..CATTTTTTAA]
19:35:35.323 - INFO - CDS - seq=contig_1, start=113456, stop=114529, strand=+, nt=[ATGAAAATTG..AACGAAGTAA]
19:35:35.323 - INFO - CDS - seq=contig_1, start=114683, stop=114934, strand=-, nt=[ATGTATACCA..GTGGTTGTGA]
19:35:35.323 - INFO - CDS - seq=contig_1, start=115156, stop=116232, strand=+, nt=[ATGATAAAGC..TAAGTTGTAA]
19:35:35.323 - INFO - CDS - seq=contig_1, start=116450, stop=117430, strand=+, nt=[ATGGACCAAA..AATCTCCTGA]
19:35:35.323 - INFO - CDS - seq=contig_1, start=117620, stop=117904, strand=+, nt=[GTGACATTGA..CAATGATTGA]
19:35:35.323 - INFO - CDS - seq=contig_1, start=117897, stop=118007, strand=+, nt=[ATGATTGAAA..CGACATCTAG]
19:35:35.323 - INFO - CDS - seq=contig_1, start=118053, stop=118175, strand=+, nt=[ATGCCCATCA..TCACGATTAA]
19:35:35.323 - INFO - CDS - seq=contig_1, start=118863, stop=120224, strand=+, nt=[ATGAATAACG..CTATTGGTAA]
19:35:35.323 - INFO - CDS - seq=contig_1, start=120458, stop=121222, strand=-, nt=[ATGAAAATAG..TTTAAGTTAA]
19:35:35.323 - INFO - CDS - seq=contig_1, start=121382, stop=122731, strand=-, nt=[ATGACACTTG..TCAGTTTTAA]
19:35:35.323 - INFO - CDS - seq=contig_1, start=123059, stop=123667, strand=+, nt=[ATGAATTTTT..TGCTCGCTAA]
19:35:35.323 - INFO - CDS - seq=contig_1, start=123630, stop=123752, strand=-, nt=[ATGATCGCAG..ACTGGTTTAG]
19:35:35.323 - INFO - CDS - seq=contig_1, start=123979, stop=126162, strand=-, nt=[ATGATCGAAT..AGACAAGTAA]
19:35:35.323 - INFO - CDS - seq=contig_1, start=126476, stop=127237, strand=-, nt=[ATGAACGCAG..AAAGCTTTAA]
19:35:35.323 - INFO - CDS - seq=contig_1, start=127234, stop=128163, strand=-, nt=[TTGAACATCC..GACGCGATGA]
19:35:35.323 - INFO - CDS - seq=contig_1, start=128160, stop=128375, strand=-, nt=[ATGAATACCA..TGAAAATTGA]
19:35:35.323 - INFO - CDS - seq=contig_1, start=128442, stop=129563, strand=-, nt=[ATGGAAATTA..GCATCGCTAG]
19:35:35.323 - INFO - CDS - seq=contig_1, start=130011, stop=130889, strand=-, nt=[ATGAATCTCA..TTCAAAATAA]
19:35:35.323 - INFO - CDS - seq=contig_1, start=131134, stop=133554, strand=+, nt=[ATGCTTGCAG..GATTGCATGA]
19:35:35.323 - INFO - CDS - seq=contig_1, start=133641, stop=133991, strand=-, nt=[ATGACAACTA..AGAAAATTAG]
19:35:35.323 - INFO - CDS - seq=contig_1, start=134086, stop=135945, strand=-, nt=[ATGAAAAAAA..GAGAGCTTAA]
19:35:35.323 - INFO - CDS - seq=contig_1, start=136254, stop=137549, strand=-, nt=[ATGGGAACTG..ATCGCGCTAG]
19:35:35.323 - INFO - CDS - seq=contig_1, start=138034, stop=138903, strand=+, nt=[ATGAGTGTTA..CTTTAAATGA]
19:35:35.323 - INFO - CDS - seq=contig_1, start=139141, stop=140070, strand=+, nt=[ATGGCAATTA..CACAAGATAA]
19:35:35.323 - INFO - CDS - seq=contig_1, start=140057, stop=142048, strand=+, nt=[ATGGCACAAG..AGAAAGTTAA]
19:35:35.323 - INFO - CDS - seq=contig_1, start=142516, stop=143679, strand=-, nt=[ATGGATGCCA..TGGACGCTAA]
19:35:35.323 - INFO - CDS - seq=contig_1, start=143745, stop=145133, strand=-, nt=[ATGGATAATC..GGATCAATAA]
19:35:35.323 - INFO - CDS - seq=contig_1, start=145375, stop=145830, strand=-, nt=[ATGAAAGTCA..ACAAAAATAA]
19:35:35.323 - INFO - CDS - seq=contig_1, start=145846, stop=147852, strand=-, nt=[ATGAAGAAAT..AGACGCATAG]
19:35:35.323 - INFO - CDS - seq=contig_1, start=148164, stop=148463, strand=-, nt=[ATGAAAGCTA..ATTTCCGTGA]
19:35:35.323 - INFO - CDS - seq=contig_1, start=148549, stop=149136, strand=-, nt=[ATGAAATTCT..TGGTGGTTGA]
19:35:35.323 - INFO - CDS - seq=contig_1, start=149472, stop=150338, strand=-, nt=[ATGAGTAGCC..CGTTGATTGA]
19:35:35.324 - INFO - CDS - seq=contig_1, start=150331, stop=150744, strand=-, nt=[GTGGTAAAGG..AGATGAGTAG]
19:35:35.324 - INFO - CDS - seq=contig_1, start=151031, stop=151408, strand=-, nt=[ATGAAAAAGC..GCGGGAGTGA]
19:35:35.324 - INFO - CDS - seq=contig_1, start=151604, stop=152662, strand=-, nt=[ATGAGTGGTT..ACCTAAGTAA]
19:35:35.324 - INFO - CDS - seq=contig_1, start=152666, stop=153673, strand=-, nt=[ATGGTGACTT..AGGAGTTTAG]
19:35:35.324 - INFO - CDS - seq=contig_1, start=153675, stop=155054, strand=-, nt=[GTGCGTGTCG..GGTGCACTAA]
19:35:35.324 - INFO - CDS - seq=contig_1, start=155770, stop=157116, strand=+, nt=[ATGGATTTTG..AACCAAATAG]
19:35:35.324 - INFO - CDS - seq=contig_1, start=157127, stop=157831, strand=+, nt=[ATGGCACAGT..AAAGCTGTGA]
19:35:35.324 - INFO - CDS - seq=contig_1, start=157839, stop=158990, strand=+, nt=[ATGAAGGAAG..AAAAGTGTAA]
19:35:35.324 - INFO - CDS - seq=contig_1, start=159134, stop=160039, strand=+, nt=[ATGCAAAAAG..GCTCGCATGA]
19:35:35.324 - INFO - CDS - seq=contig_1, start=160036, stop=160803, strand=+, nt=[ATGATTCAGG..TTTTTTATAA]
19:35:35.324 - INFO - CDS - seq=contig_1, start=161229, stop=161735, strand=-, nt=[ATGGACTATA..TTTCTCTTAA]
19:35:35.324 - INFO - CDS - seq=contig_1, start=162024, stop=162533, strand=-, nt=[ATGAAAAAGC..TCGGCATTGA]
19:35:35.324 - INFO - CDS - seq=contig_1, start=162752, stop=163474, strand=+, nt=[GTGAAAAAAC..TTATCTTTAA]
19:35:35.324 - INFO - CDS - seq=contig_1, start=163458, stop=163832, strand=-, nt=[ATGAAAGCTC..TAAAAATTAA]
19:35:35.324 - INFO - CDS - seq=contig_1, start=163954, stop=164532, strand=-, nt=[ATGAACGGTA..GACGAATTAA]
19:35:35.324 - INFO - CDS - seq=contig_1, start=164691, stop=166517, strand=+, nt=[ATGACGCGTT..TTCCCTTTGA]
19:35:35.324 - INFO - CDS - seq=contig_1, start=166649, stop=167791, strand=-, nt=[ATGACGATGA..TCACAATTGA]
19:35:35.324 - INFO - CDS - seq=contig_1, start=168622, stop=169647, strand=+, nt=[ATGATTAAAC..GGTGGCATGA]
19:35:35.324 - INFO - CDS - seq=contig_1, start=169644, stop=170426, strand=+, nt=[ATGATCTTAG..AAGAGCGTGA]
19:35:35.324 - INFO - CDS - seq=contig_1, start=170454, stop=171053, strand=+, nt=[ATGGTACTCG..CACTAAATGA]
19:35:35.324 - INFO - CDS - seq=contig_1, start=171037, stop=172257, strand=+, nt=[ATGAAGACAC..TGATGAGTAA]
19:35:35.324 - INFO - CDS - seq=contig_1, start=172250, stop=173044, strand=+, nt=[ATGAGTAAGT..GGTGAAATAA]
19:35:35.324 - INFO - CDS - seq=contig_1, start=173658, stop=174317, strand=-, nt=[ATGGCGCATA..TGCTTGGTGA]
19:35:35.324 - INFO - CDS - seq=contig_1, start=174366, stop=174950, strand=-, nt=[ATGAGTGTAA..TGACGATTGA]
19:35:35.324 - INFO - CDS - seq=contig_1, start=175098, stop=175325, strand=-, nt=[ATGACAAAAT..AGAAGCATAG]
19:35:35.324 - INFO - CDS - seq=contig_1, start=175345, stop=177201, strand=-, nt=[ATGCATTTTA..AGGTAAATAA]
19:35:35.324 - INFO - CDS - seq=contig_1, start=177546, stop=177767, strand=+, nt=[ATGAATCGCG..GCATCAGTAG]
19:35:35.324 - INFO - CDS - seq=contig_1, start=177833, stop=178486, strand=+, nt=[TTGAATAAAC..GCGATTGTGA]
19:35:35.324 - INFO - CDS - seq=contig_1, start=179110, stop=180363, strand=+, nt=[ATGCCAGAAG..GGAGGTGTGA]
19:35:35.324 - INFO - CDS - seq=contig_1, start=180366, stop=180995, strand=+, nt=[ATGTTCGCAT..ACAGGCCTAG]
19:35:35.324 - INFO - CDS - seq=contig_1, start=181007, stop=181936, strand=+, nt=[ATGAAGACAT..TGACGACTAA]
19:35:35.324 - INFO - CDS - seq=contig_1, start=181936, stop=182598, strand=+, nt=[ATGGCCAACA..AGAATCTTAA]
19:35:35.324 - INFO - CDS - seq=contig_1, start=182812, stop=183072, strand=+, nt=[ATGAGTATCA..TTCAAAGTGA]
19:35:35.324 - INFO - CDS - seq=contig_1, start=183323, stop=183925, strand=+, nt=[ATGAAACCCA..CTTTCAATGA]
19:35:35.324 - INFO - CDS - seq=contig_1, start=183922, stop=187233, strand=+, nt=[ATGAAAAATC..AAAAAAATAA]
19:35:35.324 - INFO - CDS - seq=contig_1, start=187398, stop=187538, strand=-, nt=[ATGAGAGGGA..CATCCCCTAG]
19:35:35.324 - INFO - CDS - seq=contig_1, start=187915, stop=189288, strand=+, nt=[ATGACAACTT..TCAGCAGTAA]
19:35:35.324 - INFO - CDS - seq=contig_1, start=189626, stop=191218, strand=-, nt=[ATGAAAACAT..AGGCGCATGA]
19:35:35.324 - INFO - CDS - seq=contig_1, start=191287, stop=192186, strand=+, nt=[ATGTTTCGAA..TCATATTTGA]
19:35:35.324 - INFO - CDS - seq=contig_1, start=192375, stop=192695, strand=-, nt=[ATGAAAGCTG..GAATGCCTAG]
19:35:35.324 - INFO - CDS - seq=contig_1, start=192760, stop=193113, strand=-, nt=[ATGTCAGTTA..AGCGCTATGA]
19:35:35.324 - INFO - CDS - seq=contig_1, start=193390, stop=194082, strand=-, nt=[ATGCAGATTT..GTTAACCTGA]
19:35:35.325 - INFO - CDS - seq=contig_1, start=194480, stop=195130, strand=+, nt=[ATGCAAAAAT..TAGCAAGTAA]
19:35:35.325 - INFO - CDS - seq=contig_1, start=195646, stop=196350, strand=+, nt=[TTGGACAGTC..CGGTTTTTAA]
19:35:35.325 - INFO - CDS - seq=contig_1, start=196464, stop=196577, strand=-, nt=[ATGCGAGACC..GTCGTTCTAG]
19:35:35.325 - INFO - CDS - seq=contig_1, start=196677, stop=196892, strand=+, nt=[ATGACAAATA..TCTTCAATAA]
19:35:35.325 - INFO - CDS - seq=contig_1, start=197326, stop=198114, strand=+, nt=[ATGACACTGT..GGACTTTTAG]
19:35:35.325 - INFO - CDS - seq=contig_1, start=198466, stop=198681, strand=+, nt=[ATGATAAACA..TCTACATTAA]
19:35:35.325 - INFO - CDS - seq=contig_1, start=199034, stop=199324, strand=+, nt=[ATGAATGAAA..TTCATTGTAA]
19:35:35.325 - INFO - CDS - seq=contig_1, start=199562, stop=199891, strand=-, nt=[ATGCAGAATC..CTGGGCGTAG]
19:35:35.325 - INFO - CDS - seq=contig_1, start=199878, stop=200588, strand=-, nt=[ATGAATGATG..AGAATCCTGA]
19:35:35.325 - INFO - CDS - seq=contig_1, start=200939, stop=201148, strand=+, nt=[ATGGCAGACG..GATCAGTTAA]
19:35:35.325 - INFO - CDS - seq=contig_1, start=201169, stop=201375, strand=+, nt=[ATGGCTCAAT..GCGGCGATAA]
19:35:35.325 - INFO - CDS - seq=contig_1, start=201344, stop=203083, strand=+, nt=[GTGCTTTTTG..CGTTGCATAA]
19:35:35.325 - INFO - CDS - seq=contig_1, start=203328, stop=203801, strand=-, nt=[ATGGATGTCT..GAGGGCATAG]
19:35:35.325 - INFO - CDS - seq=contig_1, start=204158, stop=204769, strand=+, nt=[ATGTTGCGTC..TTTCTTTTAA]
19:35:35.325 - INFO - CDS - seq=contig_1, start=204942, stop=205574, strand=-, nt=[ATGGTTGGCT..AGCGAAATGA]
19:35:35.325 - INFO - CDS - seq=contig_1, start=205769, stop=207211, strand=-, nt=[ATGGATCAGT..GGAACTTTAA]
19:35:35.325 - INFO - CDS - seq=contig_1, start=207452, stop=207811, strand=+, nt=[ATGGAATCAA..TGAGAGCTAA]
19:35:35.325 - INFO - CDS - seq=contig_1, start=208454, stop=209830, strand=-, nt=[ATGGCATCAG..TGTTAAATAA]
19:35:35.325 - INFO - CDS - seq=contig_1, start=209882, stop=210040, strand=-, nt=[ATGGGTTTGA..TGTTGAGTAA]
19:35:35.325 - INFO - CDS - seq=contig_1, start=210059, stop=210697, strand=+, nt=[ATGGCCAGCT..GCCGAACTAG]
19:35:35.325 - INFO - CDS - seq=contig_1, start=210746, stop=211639, strand=+, nt=[ATGCCAACCC..GAAAAATTGA]
19:35:35.325 - INFO - CDS - seq=contig_1, start=211804, stop=212481, strand=-, nt=[ATGCTTTTGA..CATGTCCTAG]
19:35:35.325 - INFO - CDS - seq=contig_1, start=212637, stop=212861, strand=-, nt=[ATGAAAAAAG..GACAAACTAG]
19:35:35.325 - INFO - CDS - seq=contig_1, start=213201, stop=213806, strand=-, nt=[ATGCACATGT..AGTAAAATGA]
19:35:35.325 - INFO - CDS - seq=contig_1, start=213984, stop=214757, strand=+, nt=[ATGAATTTTT..TTATCTTTAG]
19:35:35.325 - INFO - CDS - seq=contig_1, start=215102, stop=217252, strand=+, nt=[ATGGCAGATG..TGCTGCTTAG]
19:35:35.325 - INFO - CDS - seq=contig_1, start=217272, stop=217775, strand=+, nt=[TTGGAGTTGT..GGCTCAATGA]
19:35:35.325 - INFO - CDS - seq=contig_1, start=217708, stop=218388, strand=-, nt=[GTGACTTTGG..ATCTTGCTGA]
19:35:35.325 - INFO - CDS - seq=contig_1, start=218614, stop=218934, strand=-, nt=[ATGGCAGTTA..GCTGTTCTGA]
19:35:35.325 - INFO - CDS - seq=contig_1, start=218939, stop=219745, strand=-, nt=[ATGCAGAATG..AGAGGGCTAG]
19:35:35.325 - INFO - CDS - seq=contig_1, start=219789, stop=220340, strand=-, nt=[ATGTCGGGGA..ACCGCATTAA]
19:35:35.325 - INFO - CDS - seq=contig_1, start=220620, stop=221321, strand=+, nt=[ATGGCATATA..TGAGTGGTAG]
19:35:35.325 - INFO - CDS - seq=contig_1, start=221334, stop=223907, strand=+, nt=[ATGAAACCAC..AAACGAATAA]
19:35:35.325 - INFO - CDS - seq=contig_1, start=224111, stop=225346, strand=+, nt=[ATGAAATTCA..CCACCGGTAA]
19:35:35.325 - INFO - CDS - seq=contig_1, start=225835, stop=226014, strand=+, nt=[ATGGTAAAAC..TCATTGCTGA]
19:35:35.325 - INFO - CDS - seq=contig_1, start=226065, stop=226247, strand=+, nt=[ATGACATCAT..ACGTCACTAA]
19:35:35.325 - INFO - CDS - seq=contig_1, start=226327, stop=227184, strand=+, nt=[ATGGTCGATA..ATTAGGATAA]
19:35:35.325 - INFO - CDS - seq=contig_1, start=227463, stop=227765, strand=+, nt=[ATGGCTTATC..TCACCGATGA]
19:35:35.325 - INFO - CDS - seq=contig_1, start=228770, stop=229363, strand=+, nt=[ATGAATAAAG..CAGCCAATAA]
19:35:35.325 - INFO - CDS - seq=contig_1, start=229436, stop=229660, strand=-, nt=[ATGAGCGGCG..GAAGGCTTGA]
19:35:35.325 - INFO - CDS - seq=contig_1, start=229657, stop=230676, strand=-, nt=[ATGCCTAGCC..AATGATATGA]
19:35:35.326 - INFO - CDS - seq=contig_1, start=230669, stop=232147, strand=-, nt=[ATGGGGCTCA..TCATGCCTAG]
19:35:35.326 - INFO - CDS - seq=contig_1, start=232589, stop=232825, strand=-, nt=[ATGGCACAAC..AGAAGATTAA]
19:35:35.326 - INFO - CDS - seq=contig_1, start=232912, stop=233508, strand=-, nt=[ATGCTTAACA..GCCATTCTAA]
19:35:35.326 - INFO - CDS - seq=contig_1, start=233539, stop=233835, strand=-, nt=[ATGGCTGAAA..AGAAGACTAA]
19:35:35.326 - INFO - CDS - seq=contig_1, start=233963, stop=234394, strand=-, nt=[ATGTTGAATA..GCCATTTTAG]
19:35:35.326 - INFO - CDS - seq=contig_1, start=234577, stop=235281, strand=+, nt=[ATGACAGCTT..CACGATTTGA]
19:35:35.326 - INFO - CDS - seq=contig_1, start=235386, stop=238007, strand=-, nt=[ATGGATGATC..GCCTGAATAA]
19:35:35.326 - INFO - CDS - seq=contig_1, start=238069, stop=240030, strand=-, nt=[GTGACGGACA..TGATGCTTGA]
19:35:35.326 - INFO - CDS - seq=contig_1, start=240283, stop=241398, strand=-, nt=[ATGAAACTGG..AAGAGCGTAA]
19:35:35.326 - INFO - CDS - seq=contig_1, start=241395, stop=241607, strand=-, nt=[ATGACAACAA..GAGCGCATGA]
19:35:35.326 - INFO - CDS - seq=contig_1, start=242178, stop=242360, strand=+, nt=[ATGACATCTA..AAAACACTAA]
19:35:35.326 - INFO - CDS - seq=contig_1, start=242460, stop=243599, strand=-, nt=[ATGAAATTTA..AACGTTTTAA]
19:35:35.326 - INFO - CDS - seq=contig_1, start=243772, stop=245121, strand=-, nt=[ATGCCCAATT..CCGCGGGTAA]
19:35:35.326 - INFO - CDS - seq=contig_1, start=245929, stop=246069, strand=+, nt=[ATGACAACCA..ATCTGCCTAA]
19:35:35.326 - INFO - CDS - seq=contig_1, start=246230, stop=246754, strand=+, nt=[ATGACCCCAA..GGTCATCTGA]
19:35:35.326 - INFO - CDS - seq=contig_1, start=246899, stop=247735, strand=+, nt=[GTGAAAAATC..GCGTAAATAA]
19:35:35.326 - INFO - CDS - seq=contig_1, start=247753, stop=248517, strand=+, nt=[ATGCCAACCT..AAGACCGTAA]
19:35:35.326 - INFO - CDS - seq=contig_1, start=248940, stop=250328, strand=+, nt=[ATGTCTGCAT..GGGCAAGTAA]
19:35:35.326 - INFO - CDS - seq=contig_1, start=250370, stop=252271, strand=+, nt=[ATGCCTGATG..GGCCCAATAA]
19:35:35.326 - INFO - CDS - seq=contig_1, start=252534, stop=252743, strand=+, nt=[ATGTTAGGCT..CACGCCATAA]
19:35:35.326 - INFO - CDS - seq=contig_1, start=252905, stop=253669, strand=+, nt=[ATGAGTCAAC..AGGGCGCTAG]
19:35:35.326 - INFO - CDS - seq=contig_1, start=253671, stop=254159, strand=+, nt=[ATGCGCTTAT..AAGACCATGA]
19:35:35.326 - INFO - CDS - seq=contig_1, start=254156, stop=255355, strand=+, nt=[ATGACTTTAA..AACGCGATGA]
19:35:35.326 - INFO - CDS - seq=contig_1, start=255499, stop=256584, strand=-, nt=[ATGAAGTTAG..AGCAGCTTAA]
19:35:35.326 - INFO - CDS - seq=contig_1, start=257307, stop=262979, strand=+, nt=[ATGATCTTGA..CTCTGAATGA]
19:35:35.326 - INFO - CDS - seq=contig_1, start=263135, stop=264325, strand=-, nt=[ATGCGAATAA..GAAATCATAA]
19:35:35.326 - INFO - CDS - seq=contig_1, start=264312, stop=265001, strand=-, nt=[ATGATTGATT..GAATAACTGA]
19:35:35.326 - INFO - CDS - seq=contig_1, start=264994, stop=266058, strand=-, nt=[ATGAATAAAG..TGATGATTGA]
19:35:35.326 - INFO - CDS - seq=contig_1, start=266629, stop=266805, strand=-, nt=[ATGGATAGTC..AGTTAGATGA]
19:35:35.326 - INFO - CDS - seq=contig_1, start=266816, stop=267076, strand=-, nt=[ATGTTAGAAC..AGAGGTTTAG]
19:35:35.326 - INFO - CDS - seq=contig_1, start=267419, stop=268204, strand=-, nt=[ATGTACAAAG..CTTGATTTAA]
19:35:35.326 - INFO - CDS - seq=contig_1, start=268502, stop=269212, strand=-, nt=[ATGGATGTAA..CAAGAAATAA]
19:35:35.326 - INFO - CDS - seq=contig_1, start=269614, stop=271440, strand=+, nt=[TTGGGTGCAA..GATGAAATAA]
19:35:35.326 - INFO - CDS - seq=contig_1, start=271477, stop=273534, strand=+, nt=[ATGTTACTAA..TCGAAGGTGA]
19:35:35.326 - INFO - CDS - seq=contig_1, start=273539, stop=273982, strand=+, nt=[ATGAAAGGAC..AGTTGAATAA]
19:35:35.326 - INFO - CDS - seq=contig_1, start=273986, stop=275140, strand=+, nt=[ATGATGGAAG..AGATCGTTAA]
19:35:35.326 - INFO - CDS - seq=contig_1, start=275258, stop=276214, strand=+, nt=[ATGGCAGATG..CGACCTCTAG]
19:35:35.326 - INFO - CDS - seq=contig_1, start=276311, stop=277240, strand=-, nt=[ATGAAACAAA..CTTTTTCTAA]
19:35:35.326 - INFO - CDS - seq=contig_1, start=277440, stop=278360, strand=+, nt=[ATGCACGAAT..TTTGTTCTAG]
19:35:35.326 - INFO - CDS - seq=contig_1, start=279033, stop=279962, strand=+, nt=[ATGGTGAAAC..TAATCGGTAA]
19:35:35.326 - INFO - CDS - seq=contig_1, start=280042, stop=281340, strand=-, nt=[ATGCGAAAAC..AAGTGAATGA]
19:35:35.326 - INFO - CDS - seq=contig_1, start=281531, stop=281929, strand=+, nt=[ATGCAAAGAG..ACTAGAATAA]
19:35:35.326 - INFO - CDS - seq=contig_1, start=282049, stop=282558, strand=+, nt=[TTGAAAACAT..AGCACTGTAA]
19:35:35.327 - INFO - CDS - seq=contig_1, start=282816, stop=283673, strand=+, nt=[ATGAAAATAA..GAAAAAATAG]
19:35:35.327 - INFO - CDS - seq=contig_1, start=283928, stop=284617, strand=-, nt=[ATGACGAACA..GCTGTCGTAA]
19:35:35.327 - INFO - CDS - seq=contig_1, start=284595, stop=286139, strand=-, nt=[ATGAAAATAA..TAATCGTTGA]
19:35:35.327 - INFO - CDS - seq=contig_1, start=286292, stop=287617, strand=+, nt=[ATGGAGAACA..GCTTTCATAA]
19:35:35.327 - INFO - CDS - seq=contig_1, start=287810, stop=288988, strand=+, nt=[ATGGCAAAGA..AGAAGCTTAA]
19:35:35.327 - INFO - CDS - seq=contig_1, start=289648, stop=290067, strand=+, nt=[TTGACAATTC..GGGACATTGA]
19:35:35.327 - INFO - CDS - seq=contig_1, start=290179, stop=290763, strand=+, nt=[TTGACTAGAA..TGTTAAATGA]
19:35:35.327 - INFO - CDS - seq=contig_1, start=290918, stop=292312, strand=+, nt=[ATGCGTATCG..TGAAAAGTAG]
19:35:35.327 - INFO - CDS - seq=contig_1, start=292452, stop=293246, strand=-, nt=[ATGTTCAAAT..TGAACCCTGA]
19:35:35.327 - INFO - CDS - seq=contig_1, start=293269, stop=293916, strand=-, nt=[ATGGAATCAA..GCAGTCTTAA]
19:35:35.327 - INFO - CDS - seq=contig_1, start=294082, stop=295191, strand=-, nt=[ATGAAAGTTA..TACTGGTTAA]
19:35:35.327 - INFO - CDS - seq=contig_1, start=295671, stop=297833, strand=-, nt=[ATGCCTAAAT..ACAAAATTAA]
19:35:35.327 - INFO - CDS - seq=contig_1, start=297826, stop=298818, strand=-, nt=[ATGAACTGGC..CCATGCCTAA]
19:35:35.327 - INFO - CDS - seq=contig_1, start=298823, stop=299758, strand=-, nt=[ATGGAAGTCA..TCGGGGGTGA]
19:35:35.327 - INFO - CDS - seq=contig_1, start=300125, stop=300748, strand=+, nt=[ATGAAGAAAC..TGTACATTGA]
19:35:35.327 - INFO - CDS - seq=contig_1, start=300856, stop=301404, strand=-, nt=[ATGTTTAGCT..GTGGGCTTAA]
19:35:35.327 - INFO - CDS - seq=contig_1, start=301654, stop=303069, strand=+, nt=[ATGCTGGCGG..GGAGGCCTAG]
19:35:35.327 - INFO - CDS - seq=contig_1, start=303256, stop=304722, strand=+, nt=[GTGGTGTTAG..GAAGGCATGA]
19:35:35.327 - INFO - CDS - seq=contig_1, start=304719, stop=305459, strand=+, nt=[ATGAGCGATT..GAACGCTTAA]
19:35:35.327 - INFO - CDS - seq=contig_1, start=305576, stop=306445, strand=-, nt=[ATGCTGACTT..AGCTGAATAA]
19:35:35.327 - INFO - CDS - seq=contig_1, start=306543, stop=307319, strand=-, nt=[ATGCTGCTTA..AAACGACTGA]
19:35:35.327 - INFO - CDS - seq=contig_1, start=307309, stop=308874, strand=-, nt=[ATGAAGACTG..TGCTGCTTAA]
19:35:35.327 - INFO - CDS - seq=contig_1, start=308864, stop=309337, strand=-, nt=[ATGGAACAAA..TGAAGACTGA]
19:35:35.327 - INFO - CDS - seq=contig_1, start=309519, stop=309842, strand=-, nt=[ATGAATATTT..AATGGTTTAG]
19:35:35.327 - INFO - CDS - seq=contig_1, start=310000, stop=310338, strand=+, nt=[ATGGAGCTTA..GTTTGTATAA]
19:35:35.327 - INFO - CDS - seq=contig_1, start=310411, stop=311121, strand=+, nt=[ATGGATCGTA..ACAAGCCTGA]
19:35:35.327 - INFO - CDS - seq=contig_1, start=311304, stop=312575, strand=+, nt=[ATGAAGAGAC..TAATAAGTAA]
19:35:35.327 - INFO - CDS - seq=contig_1, start=312601, stop=312855, strand=+, nt=[ATGACGACAT..AAAAAAGTAA]
19:35:35.327 - INFO - CDS - seq=contig_1, start=312927, stop=313673, strand=-, nt=[ATGGCAAACG..CCGAATCTAA]
19:35:35.327 - INFO - CDS - seq=contig_1, start=313677, stop=315284, strand=-, nt=[ATGTCAGTTA..GGAGGGCTAA]
19:35:35.327 - INFO - CDS - seq=contig_1, start=315380, stop=315541, strand=-, nt=[GTGGGCAACG..TGGTTTATGA]
19:35:35.327 - INFO - CDS - seq=contig_1, start=315987, stop=316862, strand=+, nt=[ATGCCAGAAG..TGCGAGATGA]
19:35:35.327 - INFO - CDS - seq=contig_1, start=316859, stop=317707, strand=+, nt=[ATGACGATTG..AGAAGCTTAA]
19:35:35.327 - INFO - CDS - seq=contig_1, start=317863, stop=318882, strand=-, nt=[ATGGTAGAAA..CTTCCTTTAA]
19:35:35.327 - INFO - CDS - seq=contig_1, start=318892, stop=319011, strand=-, nt=[ATGGCCAAAA..ATTGAGGTGA]
19:35:35.327 - INFO - CDS - seq=contig_1, start=319117, stop=320388, strand=+, nt=[ATGCATGAAT..AAAGGCTTAA]
19:35:35.327 - INFO - CDS - seq=contig_1, start=320623, stop=321597, strand=+, nt=[ATGGTCGGAA..ACAGAAGTAA]
19:35:35.327 - INFO - CDS - seq=contig_1, start=321625, stop=322440, strand=+, nt=[ATGACTTTAA..CAACTACTAA]
19:35:35.327 - INFO - CDS - seq=contig_1, start=322458, stop=323369, strand=+, nt=[ATGGCTGAAG..CTTGATGTAA]
19:35:35.327 - INFO - CDS - seq=contig_1, start=323631, stop=323996, strand=+, nt=[ATGGTTCAAT..CAAAAAGTGA]
19:35:35.327 - INFO - CDS - seq=contig_1, start=324122, stop=325051, strand=-, nt=[ATGGCAATGA..TGCTGAATAA]
19:35:35.327 - INFO - CDS - seq=contig_1, start=325112, stop=326305, strand=-, nt=[ATGAAAAAGA..GAATAGATAG]
19:35:35.327 - INFO - CDS - seq=contig_1, start=326583, stop=328004, strand=-, nt=[ATGCAACGTT..AAAAAACTAG]
19:35:35.327 - INFO - CDS - seq=contig_1, start=328265, stop=328888, strand=-, nt=[ATGACAAGTT..AGGCGACTAG]
19:35:35.327 - INFO - CDS - seq=contig_1, start=329321, stop=329842, strand=-, nt=[TTGAATCGAT..CATTCACTGA]
19:35:35.328 - INFO - CDS - seq=contig_1, start=329839, stop=330303, strand=-, nt=[GTGGCAGATT..TTTTGATTGA]
19:35:35.328 - INFO - CDS - seq=contig_1, start=330441, stop=330992, strand=+, nt=[ATGACAGTGA..GCAAAAATAA]
19:35:35.328 - INFO - CDS - seq=contig_1, start=331136, stop=331465, strand=-, nt=[ATGAGTGAAG..AGAAGCCTAG]
19:35:35.328 - INFO - CDS - seq=contig_1, start=331465, stop=331797, strand=-, nt=[ATGACAGAGA..AGAAGCATAA]
19:35:35.328 - INFO - CDS - seq=contig_1, start=331914, stop=332624, strand=+, nt=[ATGTATCACG..GGACCAATGA]
19:35:35.328 - INFO - CDS - seq=contig_1, start=332793, stop=334151, strand=+, nt=[ATGAACGGAC..ACTCGACTAA]
19:35:35.328 - INFO - CDS - seq=contig_1, start=334207, stop=334626, strand=+, nt=[TTGGAAATCC..CACGGCTTAG]
19:35:35.328 - INFO - CDS - seq=contig_1, start=334639, stop=335739, strand=+, nt=[ATGAAACGAC..GAATGCTTAA]
19:35:35.328 - INFO - CDS - seq=contig_1, start=336092, stop=337474, strand=-, nt=[ATGACTGATA..TTCTCACTAG]
19:35:35.328 - INFO - CDS - seq=contig_1, start=337467, stop=338687, strand=-, nt=[ATGACAGAAA..ACATGACTGA]
19:35:35.328 - INFO - CDS - seq=contig_1, start=338740, stop=340188, strand=-, nt=[ATGCGGGGAA..CTTTAATTAA]
19:35:35.328 - INFO - CDS - seq=contig_1, start=340289, stop=340963, strand=-, nt=[ATGTTCTTTT..AACAGACTAA]
19:35:35.328 - INFO - CDS - seq=contig_1, start=341542, stop=342255, strand=+, nt=[ATGGCGAAAA..TGCTGAATAA]
19:35:35.328 - INFO - CDS - seq=contig_1, start=342271, stop=344181, strand=+, nt=[TTGAATAAAA..TGAAGCTTAG]
19:35:35.328 - INFO - CDS - seq=contig_1, start=344171, stop=345598, strand=+, nt=[ATGAAGCTTA..GTCGCAATAA]
19:35:35.328 - INFO - CDS - seq=contig_1, start=345653, stop=346450, strand=+, nt=[GTGGATTTTC..TGACAATTAG]
19:35:35.328 - INFO - CDS - seq=contig_1, start=346529, stop=347338, strand=+, nt=[GTGGGCGAAG..TGTGGTATAA]
19:35:35.328 - INFO - CDS - seq=contig_1, start=347847, stop=349175, strand=+, nt=[ATGGATAATG..TAAGAACTAA]
19:35:35.328 - INFO - CDS - seq=contig_1, start=349787, stop=350191, strand=+, nt=[ATGCAAATCT..AATTTGCTAA]
19:35:35.328 - INFO - CDS - seq=contig_1, start=350351, stop=350788, strand=+, nt=[ATGGCTAATG..CATTGATTGA]
19:35:35.328 - INFO - CDS - seq=contig_1, start=351155, stop=353002, strand=+, nt=[ATGAAAAAGA..GATCAACTAG]
19:35:35.328 - INFO - CDS - seq=contig_1, start=353163, stop=354335, strand=-, nt=[ATGAAGCGAA..GCAGCATTAG]
19:35:35.328 - INFO - CDS - seq=contig_1, start=355124, stop=356734, strand=+, nt=[ATGAAAAAGC..CTTCAAATAG]
19:35:35.328 - INFO - CDS - seq=contig_1, start=356759, stop=358102, strand=+, nt=[ATGACAATAC..AGCAAATTAA]
19:35:35.328 - INFO - CDS - seq=contig_1, start=358226, stop=359056, strand=-, nt=[ATGAAGCGCA..GAATCCGTAA]
19:35:35.328 - INFO - CDS - seq=contig_1, start=359432, stop=360532, strand=-, nt=[ATGATTGTTA..GGTTCGTTAA]
19:35:35.328 - INFO - CDS - seq=contig_1, start=360830, stop=361309, strand=+, nt=[ATGAACATTA..TCATAAATAG]
19:35:35.328 - INFO - CDS - seq=contig_1, start=361501, stop=361962, strand=+, nt=[TTGATAATCA..GCGAATGTGA]
19:35:35.328 - INFO - CDS - seq=contig_1, start=362049, stop=362504, strand=+, nt=[ATGACAACTT..ACCACGGTGA]
19:35:35.328 - INFO - CDS - seq=contig_1, start=362595, stop=363116, strand=+, nt=[ATGATTCAAA..GGCATCGTGA]
19:35:35.328 - INFO - CDS - seq=contig_1, start=363113, stop=363868, strand=+, nt=[GTGACGTTGA..GCAAAAGTGA]
19:35:35.328 - INFO - CDS - seq=contig_1, start=363851, stop=364888, strand=-, nt=[ATGACCAAAA..GCAGGTATAA]
19:35:35.328 - INFO - CDS - seq=contig_1, start=365119, stop=365640, strand=+, nt=[TTGGTCATCA..CGGTAAATGA]
19:35:35.328 - INFO - CDS - seq=contig_1, start=365651, stop=366151, strand=+, nt=[ATGACTGCTA..AGACCCTTGA]
19:35:35.328 - INFO - CDS - seq=contig_1, start=366188, stop=366919, strand=+, nt=[ATGTCACTTA..AGCTGTTTAA]
19:35:35.328 - INFO - CDS - seq=contig_1, start=367009, stop=367368, strand=+, nt=[ATGCTTCACA..GGGGCGTTAG]
19:35:35.328 - INFO - CDS - seq=contig_1, start=367419, stop=368039, strand=+, nt=[ATGGAAGTTG..TCAGGTTTAA]
19:35:35.328 - INFO - CDS - seq=contig_1, start=368182, stop=368436, strand=+, nt=[ATGGTACACA..GAACTTTTAG]
19:35:35.328 - INFO - CDS - seq=contig_1, start=368607, stop=368927, strand=+, nt=[ATGCAGTGGT..CGGCGATTAA]
19:35:35.328 - INFO - CDS - seq=contig_1, start=369007, stop=369756, strand=+, nt=[ATGCAGACAA..AAAGAATTAA]
19:35:35.328 - INFO - CDS - seq=contig_1, start=370336, stop=371268, strand=-, nt=[ATGTCGACTG..ATCGTTATAA]
19:35:35.328 - INFO - CDS - seq=contig_1, start=371371, stop=372438, strand=+, nt=[GTGAAACGAA..ATTACAATAA]
19:35:35.328 - INFO - CDS - seq=contig_1, start=372765, stop=373601, strand=+, nt=[ATGTCAATAT..CGATGTCTGA]
19:35:35.328 - INFO - CDS - seq=contig_1, start=373594, stop=374430, strand=+, nt=[ATGTCTGAAC..TTTAGTTTAA]
19:35:35.328 - INFO - CDS - seq=contig_1, start=374497, stop=374982, strand=+, nt=[ATGACAATTG..GGCCGAATGA]
19:35:35.328 - INFO - CDS - seq=contig_1, start=374979, stop=375911, strand=+, nt=[ATGAAGACAA..CAACACCTGA]
19:35:35.328 - INFO - CDS - seq=contig_1, start=375856, stop=376755, strand=+, nt=[ATGACCGAGC..GCACAAATAA]
19:35:35.329 - INFO - CDS - seq=contig_1, start=376742, stop=377764, strand=+, nt=[ATGGGCACAA..GCCGGATTAG]
19:35:35.329 - INFO - CDS - seq=contig_1, start=377752, stop=378819, strand=+, nt=[ATGGCCGGAT..TGACGCCTGA]
19:35:35.329 - INFO - CDS - seq=contig_1, start=378809, stop=379594, strand=+, nt=[ATGACGCCTG..GTTTTTGTGA]
19:35:35.329 - INFO - CDS - seq=contig_1, start=380008, stop=385323, strand=-, nt=[ATGCATAATG..AGACAAATAG]
19:35:35.329 - INFO - CDS - seq=contig_1, start=385720, stop=386451, strand=+, nt=[ATGGCTGACG..TCCGATGTGA]
19:35:35.329 - INFO - CDS - seq=contig_1, start=386545, stop=387105, strand=+, nt=[ATGGCACACA..TATCGATTAG]
19:35:35.329 - INFO - CDS - seq=contig_1, start=387139, stop=388575, strand=+, nt=[ATGAATATGA..TGGAAATTAA]
19:35:35.329 - INFO - CDS - seq=contig_1, start=388832, stop=389950, strand=+, nt=[GTGAGTATTC..TGGAGCTTAA]
19:35:35.329 - INFO - CDS - seq=contig_1, start=389940, stop=390872, strand=+, nt=[ATGGAGCTTA..TTACGCATGA]
19:35:35.329 - INFO - CDS - seq=contig_1, start=390869, stop=391684, strand=+, nt=[ATGACCCACA..TAAGGGGTGA]
19:35:35.329 - INFO - CDS - seq=contig_1, start=391681, stop=393057, strand=+, nt=[GTGAAAACCA..TAAGCGGTAG]
19:35:35.329 - INFO - CDS - seq=contig_1, start=393224, stop=393646, strand=+, nt=[ATGCCGCAAG..CAGACAATAG]
19:35:35.329 - INFO - CDS - seq=contig_1, start=393688, stop=394386, strand=+, nt=[ATGACAGTAG..GACAGTGTGA]
19:35:35.329 - INFO - CDS - seq=contig_1, start=394471, stop=395001, strand=-, nt=[ATGAAAATTG..ATTACGTTAA]
19:35:35.329 - INFO - CDS - seq=contig_1, start=394991, stop=396235, strand=-, nt=[ATGACGACTG..TGAAAATTGA]
19:35:35.329 - INFO - CDS - seq=contig_1, start=396635, stop=397192, strand=+, nt=[ATGCGCGATT..CCCAACTTAA]
19:35:35.329 - INFO - CDS - seq=contig_1, start=397215, stop=397433, strand=+, nt=[ATGAAACATA..AAAAGGCTGA]
19:35:35.329 - INFO - CDS - seq=contig_1, start=397652, stop=397969, strand=-, nt=[ATGAAAGCCT..GGAACCCTAA]
19:35:35.329 - INFO - CDS - seq=contig_1, start=398039, stop=398356, strand=-, nt=[ATGAAAGCCT..TGGAGTATAA]
19:35:35.329 - INFO - CDS - seq=contig_1, start=398570, stop=399073, strand=-, nt=[ATGTTAAAAG..CAAACTCTAG]
19:35:35.329 - INFO - CDS - seq=contig_1, start=399187, stop=399690, strand=+, nt=[ATGAAACTAG..GGATGAATAA]
19:35:35.329 - INFO - CDS - seq=contig_1, start=399931, stop=401505, strand=-, nt=[ATGCCTAATG..GCACGCATAG]
19:35:35.329 - INFO - CDS - seq=contig_1, start=401498, stop=402070, strand=-, nt=[ATGTACGAGT..TCATGCCTAA]
19:35:35.329 - INFO - CDS - seq=contig_1, start=402434, stop=402931, strand=+, nt=[ATGACAACAA..AATACAATAA]
19:35:35.329 - INFO - CDS - seq=contig_1, start=403000, stop=404034, strand=-, nt=[ATGAATGACA..TACCCGGTAG]
19:35:35.329 - INFO - CDS - seq=contig_1, start=404284, stop=405486, strand=-, nt=[ATGTCACCAT..GACAATCTGA]
19:35:35.329 - INFO - CDS - seq=contig_1, start=405839, stop=407422, strand=+, nt=[TTGACCATCT..GGCCAAATGA]
19:35:35.329 - INFO - CDS - seq=contig_1, start=407423, stop=408142, strand=+, nt=[ATGGCAAAAT..TACGCACTAA]
19:35:35.329 - INFO - CDS - seq=contig_1, start=408256, stop=409596, strand=+, nt=[ATGGAAAAAG..CGGGGCATAA]
19:35:35.329 - INFO - CDS - seq=contig_1, start=409694, stop=410656, strand=+, nt=[ATGAGCAACG..GATTGCCTGA]
19:35:35.329 - INFO - CDS - seq=contig_1, start=410716, stop=411615, strand=+, nt=[ATGCAGTATT..GCGCGGGTAG]
19:35:35.329 - INFO - CDS - seq=contig_1, start=411739, stop=414126, strand=-, nt=[ATGGACCAAA..GTTAAAGTAG]
19:35:35.329 - INFO - CDS - seq=contig_1, start=414387, stop=415148, strand=-, nt=[ATGAATAGCA..GATCGTCTAA]
19:35:35.329 - INFO - CDS - seq=contig_1, start=415370, stop=416461, strand=+, nt=[ATGTTAAAGA..TGAATGGTAA]
19:35:35.329 - INFO - CDS - seq=contig_1, start=416518, stop=416943, strand=+, nt=[ATGGTTGGAT..GCAATCATGA]
19:35:35.329 - INFO - CDS - seq=contig_1, start=416963, stop=417439, strand=+, nt=[ATGTCAAAAA..GCTGAAATAA]
19:35:35.329 - INFO - CDS - seq=contig_1, start=417458, stop=418219, strand=+, nt=[ATGACAATTC..AAAAGCATGA]
19:35:35.329 - INFO - CDS - seq=contig_1, start=418216, stop=419094, strand=+, nt=[ATGAGTGAAG..GATTATTTAA]
19:35:35.329 - INFO - CDS - seq=contig_1, start=419125, stop=419784, strand=+, nt=[ATGTCTATTG..TAAACAATAG]
19:35:35.329 - INFO - CDS - seq=contig_1, start=419932, stop=420777, strand=+, nt=[TTGGGCGTCT..AAATGACTAG]
19:35:35.329 - INFO - CDS - seq=contig_1, start=420796, stop=421848, strand=+, nt=[ATGACAAAGA..GAATAGATGA]
19:35:35.329 - INFO - CDS - seq=contig_1, start=421982, stop=422671, strand=+, nt=[ATGAATCAAA..TCGCGGTTAA]
19:35:35.329 - INFO - CDS - seq=contig_1, start=423099, stop=424169, strand=+, nt=[ATGGCAGACA..ATTCCTATAG]
19:35:35.330 - INFO - CDS - seq=contig_1, start=424307, stop=424765, strand=+, nt=[ATGTTACTGA..GGGGAGTTGA]
19:35:35.330 - INFO - CDS - seq=contig_1, start=424785, stop=426305, strand=+, nt=[ATGCAGCAAA..TACTAAATAA]
19:35:35.330 - INFO - CDS - seq=contig_1, start=426335, stop=426628, strand=+, nt=[ATGAAGATCT..TGTGAAATAA]
19:35:35.330 - INFO - CDS - seq=contig_1, start=426745, stop=427386, strand=+, nt=[TTGGCTAAAC..GGGCAAGTAA]
19:35:35.330 - INFO - CDS - seq=contig_1, start=427422, stop=428195, strand=+, nt=[GTGAAAAATT..ATCGAATTAA]
19:35:35.330 - INFO - CDS - seq=contig_1, start=428386, stop=429255, strand=+, nt=[TTGAACTCAC..GGTAGTTTAG]
19:35:35.330 - INFO - CDS - seq=contig_1, start=429349, stop=430170, strand=-, nt=[ATGCTTAAAG..CCACCCATAA]
19:35:35.330 - INFO - CDS - seq=contig_1, start=430370, stop=431098, strand=+, nt=[ATGCTTGAAC..TAAGGCGTGA]
19:35:35.330 - INFO - CDS - seq=contig_1, start=431350, stop=432150, strand=+, nt=[ATGTCTGATT..CAGAGGTTAA]
19:35:35.330 - INFO - CDS - seq=contig_1, start=432177, stop=434045, strand=+, nt=[TTGAATAGTT..GGGACTTTAA]
19:35:35.330 - INFO - CDS - seq=contig_1, start=434046, stop=434555, strand=+, nt=[ATGAACGTTT..TACAATTTAA]
19:35:35.330 - INFO - CDS - seq=contig_1, start=434573, stop=435142, strand=+, nt=[ATGCAATATG..AGAAGCTTAG]
19:35:35.330 - INFO - CDS - seq=contig_1, start=435284, stop=436402, strand=+, nt=[ATGGCTGATC..CGCGAAATAA]
19:35:35.330 - INFO - CDS - seq=contig_1, start=436429, stop=436809, strand=+, nt=[GTGTCGTCAT..AAGAGCGTGA]
19:35:35.330 - INFO - CDS - seq=contig_1, start=436938, stop=437609, strand=+, nt=[ATGTTTATTG..TGGGATTTAA]
19:35:35.330 - INFO - CDS - seq=contig_1, start=437834, stop=438469, strand=-, nt=[ATGCGCTATC..GGATTTGTAG]
19:35:35.330 - INFO - CDS - seq=contig_1, start=438453, stop=439190, strand=-, nt=[ATGAATAATC..ATCTGTTTAA]
19:35:35.330 - INFO - CDS - seq=contig_1, start=439183, stop=439650, strand=-, nt=[ATGTTTGAAA..TCATGAATAA]
19:35:35.330 - INFO - CDS - seq=contig_1, start=440175, stop=442046, strand=+, nt=[ATGTCATTAA..CGAACGTTGA]
19:35:35.330 - INFO - CDS - seq=contig_1, start=442021, stop=442377, strand=+, nt=[ATGACACCAC..TAAGATTTAA]
19:35:35.330 - INFO - CDS - seq=contig_1, start=442557, stop=442916, strand=+, nt=[ATGGTTAAAG..AGAAGCTTAA]
19:35:35.330 - INFO - CDS - seq=contig_1, start=442929, stop=443297, strand=+, nt=[ATGACGGTCG..TGTGAAATGA]
19:35:35.330 - INFO - CDS - seq=contig_1, start=443299, stop=444078, strand=+, nt=[TTGCCAATAC..CGGAAAGTAG]
19:35:35.330 - INFO - CDS - seq=contig_1, start=444091, stop=444789, strand=+, nt=[ATGGCTGATA..AAAATTATAG]
19:35:35.330 - INFO - CDS - seq=contig_1, start=444956, stop=446077, strand=+, nt=[GTGTTTGATG..ACACGTATGA]
19:35:35.330 - INFO - CDS - seq=contig_1, start=446074, stop=447174, strand=+, nt=[ATGAGTGACT..TCTCGCATAG]
19:35:35.330 - INFO - CDS - seq=contig_1, start=447189, stop=447953, strand=+, nt=[ATGAACTTAA..GGCTGAGTGA]
19:35:35.330 - INFO - CDS - seq=contig_1, start=448116, stop=450185, strand=-, nt=[ATGCTAGACA..TGAATCATAA]
19:35:35.330 - INFO - CDS - seq=contig_1, start=450303, stop=450935, strand=-, nt=[TTGAAAAAAT..TCACGGGTGA]
19:35:35.330 - INFO - CDS - seq=contig_1, start=451069, stop=451968, strand=-, nt=[ATGCCACTTA..AATTATCTAG]
19:35:35.330 - INFO - CDS - seq=contig_1, start=452006, stop=453265, strand=-, nt=[ATGCATTTTC..TTTCCATTAA]
19:35:35.330 - INFO - CDS - seq=contig_1, start=453298, stop=453594, strand=-, nt=[ATGATTCAGG..ACAAAAGTGA]
19:35:35.330 - INFO - CDS - seq=contig_1, start=453611, stop=454066, strand=-, nt=[ATGATCGAAA..AACTATTTAA]
19:35:35.330 - INFO - CDS - seq=contig_1, start=454346, stop=454951, strand=+, nt=[ATGACGAAAA..AGCTGTTTAA]
19:35:35.330 - INFO - CDS - seq=contig_1, start=455163, stop=456890, strand=-, nt=[ATGCTTAAAA..CTTAAAATAG]
19:35:35.330 - INFO - CDS - seq=contig_1, start=457048, stop=458049, strand=+, nt=[ATGCACATTT..ACAAGGGTAA]
19:35:35.330 - INFO - CDS - seq=contig_1, start=458036, stop=459259, strand=+, nt=[ATGAACAAGG..GGAAGGATAA]
19:35:35.330 - INFO - CDS - seq=contig_1, start=459262, stop=460242, strand=+, nt=[ATGACACATT..CAATGCGTAA]
19:35:35.330 - INFO - CDS - seq=contig_1, start=460558, stop=462663, strand=+, nt=[ATGTTTTTAG..AGTTGATTAG]
19:35:35.330 - INFO - CDS - seq=contig_1, start=462641, stop=463123, strand=+, nt=[ATGAACATTC..GTCGAATTAA]
19:35:35.331 - INFO - CDS - seq=contig_1, start=463142, stop=463579, strand=+, nt=[ATGCTTGGAC..TATACACTAG]
19:35:35.331 - INFO - CDS - seq=contig_1, start=463591, stop=463896, strand=+, nt=[ATGAAACGAA..ACTTAGTTAG]
19:35:35.331 - INFO - CDS - seq=contig_1, start=463925, stop=465196, strand=+, nt=[ATGCACATTA..GTTGTTTTGA]
19:35:35.331 - INFO - CDS - seq=contig_1, start=465247, stop=466284, strand=+, nt=[ATGAAAGCTG..ATGGATGTAA]
19:35:35.331 - INFO - CDS - seq=contig_1, start=466335, stop=467063, strand=+, nt=[ATGGATGATA..GCATGTATAA]
19:35:35.331 - INFO - CDS - seq=contig_1, start=467402, stop=468535, strand=+, nt=[GTGAGAAAAA..GCAGCGGTAA]
19:35:35.331 - INFO - CDS - seq=contig_1, start=468882, stop=470366, strand=+, nt=[GTGAATCATG..AATCGAGTAA]
19:35:35.331 - INFO - CDS - seq=contig_1, start=470344, stop=470757, strand=+, nt=[ATGCCATTAA..AATGGAGTGA]
19:35:35.331 - INFO - CDS - seq=contig_1, start=470763, stop=471242, strand=+, nt=[ATGGAGAAGA..TGTTTTGTAA]
19:35:35.331 - INFO - CDS - seq=contig_1, start=471355, stop=472692, strand=+, nt=[ATGCAAGTAC..TACAGCCTAA]
19:35:35.331 - INFO - CDS - seq=contig_1, start=472769, stop=473071, strand=+, nt=[ATGACACAAA..GAAAAAATAA]
19:35:35.331 - INFO - CDS - seq=contig_1, start=473071, stop=473934, strand=+, nt=[ATGCTCATTT..TGCGCTGTGA]
19:35:35.331 - INFO - CDS - seq=contig_1, start=473968, stop=474660, strand=+, nt=[ATGGCAAGTG..GTTAGCATGA]
19:35:35.331 - INFO - CDS - seq=contig_1, start=474657, stop=475178, strand=+, nt=[ATGACAGTTA..TGAAGCTTGA]
19:35:35.331 - INFO - CDS - seq=contig_1, start=476127, stop=476381, strand=+, nt=[ATGCAGAATA..AGGCGAATAA]
19:35:35.331 - INFO - CDS - seq=contig_1, start=476386, stop=476586, strand=+, nt=[ATGAAAATTC..GAAAAACTAA]
19:35:35.331 - INFO - CDS - seq=contig_1, start=477102, stop=477587, strand=+, nt=[ATGTTCGGGC..TGCTGGCTAA]
19:35:35.331 - INFO - CDS - seq=contig_1, start=477661, stop=478410, strand=+, nt=[TTGAGTGTAA..GCTGGATTGA]
19:35:35.331 - INFO - CDS - seq=contig_1, start=478555, stop=480042, strand=-, nt=[ATGGAAGAAC..AGCCTCTTGA]
19:35:35.331 - INFO - CDS - seq=contig_1, start=480198, stop=480710, strand=+, nt=[ATGCAAAAAA..GAATAACTAG]
19:35:35.331 - INFO - CDS - seq=contig_1, start=480753, stop=481379, strand=+, nt=[ATGAAAAAGA..AGTACAGTAA]
19:35:35.331 - INFO - CDS - seq=contig_1, start=481385, stop=481756, strand=+, nt=[ATGATGAAGA..CGAACCTTAG]
19:35:35.331 - INFO - CDS - seq=contig_1, start=481831, stop=484965, strand=+, nt=[ATGAAGAAAA..ATTACATTAA]
19:35:35.331 - INFO - CDS - seq=contig_1, start=485165, stop=485365, strand=+, nt=[ATGAACCACA..CGTTGATTAG]
19:35:35.331 - INFO - CDS - seq=contig_1, start=485707, stop=488796, strand=+, nt=[ATGAAAAAGT..TGAGCAATAG]
19:35:35.331 - INFO - CDS - seq=contig_1, start=489053, stop=490657, strand=+, nt=[ATGAAACAGA..AGTTGAGTAG]
19:35:35.331 - INFO - CDS - seq=contig_1, start=490720, stop=492105, strand=+, nt=[ATGAATCAGA..CGAAGTTTAG]
19:35:35.331 - INFO - CDS - seq=contig_1, start=492389, stop=493090, strand=+, nt=[TTGAAATCAA..ATCCATTTAG]
19:35:35.331 - INFO - CDS - seq=contig_1, start=493106, stop=494497, strand=+, nt=[TTGAAAAAGA..TGAAAGCTGA]
19:35:35.331 - INFO - CDS - seq=contig_1, start=494707, stop=495363, strand=+, nt=[ATGGCATTGC..TGAACATTAA]
19:35:35.331 - INFO - CDS - seq=contig_1, start=495353, stop=496024, strand=+, nt=[ATGAACATTA..GGATAAGTAG]
19:35:35.331 - INFO - CDS - seq=contig_1, start=496026, stop=496967, strand=+, nt=[ATGCAAAAGT..CTTAGATTAG]
19:35:35.331 - INFO - CDS - seq=contig_1, start=496979, stop=498943, strand=+, nt=[ATGACAAAAA..ACCAACGTGA]
19:35:35.331 - INFO - CDS - seq=contig_1, start=499101, stop=499790, strand=+, nt=[ATGGACCAGA..TCGTGGATAG]
19:35:35.331 - INFO - CDS - seq=contig_1, start=499859, stop=500503, strand=+, nt=[ATGCAGTCTT..GTATTTGTAG]
19:35:35.331 - INFO - CDS - seq=contig_1, start=501117, stop=501869, strand=-, nt=[TTGAAGAAAA..CCAAGAGTAA]
19:35:35.331 - INFO - CDS - seq=contig_1, start=502330, stop=504012, strand=-, nt=[ATGCATAAAA..ACGGCGTTAA]
19:35:35.331 - INFO - CDS - seq=contig_1, start=504519, stop=505367, strand=+, nt=[ATGTCAACAA..ACAAATATGA]
19:35:35.331 - INFO - CDS - seq=contig_1, start=505623, stop=506420, strand=-, nt=[GTGTCACAAA..TAAAAATTGA]
19:35:35.331 - INFO - CDS - seq=contig_1, start=506626, stop=507105, strand=+, nt=[ATGGACTATA..TAACAAATAA]
19:35:35.331 - INFO - CDS - seq=contig_1, start=507137, stop=507457, strand=+, nt=[ATGGCTAAAA..TGGGAAATAA]
19:35:35.331 - INFO - CDS - seq=contig_1, start=507489, stop=509081, strand=+, nt=[GTGACAATCT..AGGTGAGTAA]
19:35:35.331 - INFO - CDS - seq=contig_1, start=509050, stop=509310, strand=+, nt=[ATGATAAGAA..TTCAAAATGA]
19:35:35.331 - INFO - CDS - seq=contig_1, start=509307, stop=510035, strand=+, nt=[ATGACCGAAC..GAAAGCCTAG]
19:35:35.331 - INFO - CDS - seq=contig_1, start=510468, stop=511193, strand=-, nt=[TTGTATCTAT..ACCGCATTAG]
19:35:35.331 - INFO - CDS - seq=contig_1, start=511419, stop=512744, strand=+, nt=[ATGAAGTTCA..AGCAGCTTAA]
19:35:35.331 - INFO - CDS - seq=contig_1, start=512793, stop=515432, strand=+, nt=[ATGCAGAAAG..GTCGTTATGA]
19:35:35.331 - INFO - CDS - seq=contig_1, start=515429, stop=516724, strand=+, nt=[ATGACTGAAG..GGCGCTGTGA]
19:35:35.332 - INFO - CDS - seq=contig_1, start=516721, stop=517596, strand=+, nt=[GTGAGTTTAG..CAGCCGCTGA]
19:35:35.332 - INFO - CDS - seq=contig_1, start=517671, stop=519101, strand=+, nt=[ATGACCATTC..CCATGGCTGA]
19:35:35.332 - INFO - CDS - seq=contig_1, start=519094, stop=519408, strand=+, nt=[ATGGCTGAAA..GATGGCATAA]
19:35:35.332 - INFO - CDS - seq=contig_1, start=519492, stop=519809, strand=+, nt=[ATGGATAAAC..CAGTCGGTAA]
19:35:35.332 - INFO - CDS - seq=contig_1, start=519985, stop=520809, strand=-, nt=[ATGCCATCGG..CGGAAAGTAA]
19:35:35.332 - INFO - CDS - seq=contig_1, start=520784, stop=521590, strand=-, nt=[ATGGCAATTG..CGAAGACTGA]
19:35:35.332 - INFO - CDS - seq=contig_1, start=521808, stop=522746, strand=-, nt=[GTGTATGTCT..CAAAGCGTGA]
19:35:35.332 - INFO - CDS - seq=contig_1, start=522965, stop=524209, strand=+, nt=[ATGACAGAAC..TTACGAGTAA]
19:35:35.332 - INFO - CDS - seq=contig_1, start=524270, stop=525007, strand=+, nt=[ATGACCAAGC..AGAATTGTAA]
19:35:35.332 - INFO - CDS - seq=contig_1, start=525751, stop=527265, strand=+, nt=[ATGGCAGACA..AAAAGCATAG]
19:35:35.332 - INFO - CDS - seq=contig_1, start=527370, stop=528122, strand=-, nt=[ATGGCTACAC..GAAAAGTTAA]
19:35:35.332 - INFO - CDS - seq=contig_1, start=528248, stop=529177, strand=+, nt=[TTGATTTATA..GGAGGGTTAA]
19:35:35.332 - INFO - CDS - seq=contig_1, start=529181, stop=531163, strand=+, nt=[ATGGCAAAGT..TAATCGTTAA]
19:35:35.332 - INFO - CDS - seq=contig_1, start=531745, stop=532218, strand=+, nt=[ATGAAAAAAC..GAATTTCTGA]
19:35:35.332 - INFO - CDS - seq=contig_1, start=532374, stop=533072, strand=-, nt=[ATGATGTTCA..TTTTCTATGA]
19:35:35.332 - INFO - CDS - seq=contig_1, start=533473, stop=534666, strand=+, nt=[ATGGCTAAGA..GTTAGTTTAA]
19:35:35.332 - INFO - CDS - seq=contig_1, start=534971, stop=536173, strand=-, nt=[ATGAAATTCG..ACAAGCCTAG]
19:35:35.332 - INFO - CDS - seq=contig_1, start=536423, stop=537325, strand=+, nt=[ATGGCTAACT..TCAGGGGTAA]
19:35:35.332 - INFO - CDS - seq=contig_1, start=537331, stop=537813, strand=-, nt=[ATGGCTGAAT..TCATGTTTAA]
19:35:35.332 - INFO - CDS - seq=contig_1, start=537910, stop=538722, strand=+, nt=[ATGGAACGCT..ACTGGCTTAA]
19:35:35.332 - INFO - CDS - seq=contig_1, start=538767, stop=539453, strand=+, nt=[ATGACAACGC..CGCTAATTAA]
19:35:35.332 - INFO - CDS - seq=contig_1, start=539459, stop=540136, strand=-, nt=[ATGAACGAGA..GCTTCACTAA]
19:35:35.332 - INFO - CDS - seq=contig_1, start=540425, stop=540688, strand=-, nt=[ATGGAAAAAG..AAAAAAATAA]
19:35:35.332 - INFO - CDS - seq=contig_1, start=540996, stop=541340, strand=+, nt=[ATGGCAGCAA..AGGACTTTAA]
19:35:35.332 - INFO - CDS - seq=contig_1, start=541403, stop=542215, strand=+, nt=[ATGCCGCGAT..TGAAAAATAA]
19:35:35.332 - INFO - CDS - seq=contig_1, start=542517, stop=543521, strand=+, nt=[ATGTATTATG..GAACGTTTAA]
19:35:35.332 - INFO - CDS - seq=contig_1, start=543585, stop=546113, strand=-, nt=[ATGGCAATTC..CGTTAAGTAG]
19:35:35.332 - INFO - CDS - seq=contig_1, start=546326, stop=546742, strand=-, nt=[ATGAAAAAGC..CACCGAATAA]
19:35:35.332 - INFO - CDS - seq=contig_1, start=546870, stop=547544, strand=+, nt=[ATGGTGGACA..TAGACGGTAA]
19:35:35.332 - INFO - CDS - seq=contig_1, start=548068, stop=548712, strand=+, nt=[ATGAAAATTC..GCTCGTGTAG]
19:35:35.332 - INFO - CDS - seq=contig_1, start=549148, stop=550119, strand=+, nt=[ATGAGATCAT..GTCTGATTAA]
19:35:35.332 - INFO - CDS - seq=contig_1, start=550144, stop=550977, strand=-, nt=[TTGTTTAATC..AACCCGCTGA]
19:35:35.332 - INFO - CDS - seq=contig_1, start=551112, stop=553400, strand=-, nt=[ATGGAAAATG..GCGTGTCTAA]
19:35:35.332 - INFO - CDS - seq=contig_1, start=553558, stop=553797, strand=+, nt=[ATGTGCAGGT..ACTCTGCTAA]
19:35:35.332 - INFO - CDS - seq=contig_1, start=554757, stop=555689, strand=+, nt=[ATGCAAAAAG..GGTGCGCTGA]
19:35:35.332 - INFO - CDS - seq=contig_1, start=555689, stop=556648, strand=+, nt=[ATGGCATTGA..GAAGGAGTGA]
19:35:35.332 - INFO - CDS - seq=contig_1, start=556654, stop=557979, strand=+, nt=[ATGGCTTATG..TCTGCTGTAA]
19:35:35.332 - INFO - CDS - seq=contig_1, start=558399, stop=559415, strand=+, nt=[ATGGCAAAGA..CTTTAAATAG]
19:35:35.332 - INFO - CDS - seq=contig_1, start=559601, stop=560209, strand=+, nt=[ATGAAAACGA..CGGGAAGTAG]
19:35:35.332 - INFO - CDS - seq=contig_1, start=560218, stop=561078, strand=+, nt=[ATGCGCAGGC..CGATGTTTGA]
19:35:35.332 - INFO - CDS - seq=contig_1, start=561293, stop=562648, strand=+, nt=[ATGCGGAATT..CCAAGATTAA]
19:35:35.332 - INFO - CDS - seq=contig_1, start=562962, stop=563462, strand=-, nt=[TTGATTGAAT..CAGAGCGTGA]
19:35:35.332 - INFO - CDS - seq=contig_1, start=563485, stop=564309, strand=-, nt=[ATGGAAAAAC..CACATTTTAA]
19:35:35.333 - INFO - CDS - seq=contig_1, start=564476, stop=565408, strand=-, nt=[ATGAAAATGA..CCTGCCATAA]
19:35:35.333 - INFO - CDS - seq=contig_1, start=565795, stop=567324, strand=+, nt=[ATGGCAAATA..CATTTTATGA]
19:35:35.333 - INFO - CDS - seq=contig_1, start=567321, stop=569483, strand=+, nt=[ATGAAGAAAC..TGACGCATGA]
19:35:35.333 - INFO - CDS - seq=contig_1, start=569480, stop=570421, strand=+, nt=[ATGACGCATC..TGAGCATTAG]
19:35:35.333 - INFO - CDS - seq=contig_1, start=570588, stop=571622, strand=+, nt=[ATGCGGAGGT..GATCAAATAA]
19:35:35.333 - INFO - CDS - seq=contig_1, start=571657, stop=571935, strand=+, nt=[ATGATTCCGG..TGGTAGCTGA]
19:35:35.333 - INFO - CDS - seq=contig_1, start=572011, stop=572520, strand=-, nt=[ATGAAACTAT..GCGCGTTTAA]
19:35:35.333 - INFO - CDS - seq=contig_1, start=572585, stop=572707, strand=-, nt=[ATGACCCAAA..CGCTCTGTGA]
19:35:35.333 - INFO - CDS - seq=contig_1, start=572772, stop=573698, strand=+, nt=[ATGCAGGAAG..GATTCGTTAA]
19:35:35.333 - INFO - CDS - seq=contig_1, start=573695, stop=573841, strand=-, nt=[ATGAAGTCAT..CCGGCATTAA]
19:35:35.333 - INFO - CDS - seq=contig_1, start=574125, stop=574817, strand=+, nt=[ATGTTTGATC..GGTAGTCTGA]
19:35:35.333 - INFO - CDS - seq=contig_1, start=574909, stop=575517, strand=+, nt=[ATGAATAAAG..ACGCCAATGA]
19:35:35.333 - INFO - CDS - seq=contig_1, start=575545, stop=576450, strand=+, nt=[ATGGCAAGAA..AATGAAGTAG]
19:35:35.333 - INFO - CDS - seq=contig_1, start=576596, stop=577075, strand=+, nt=[ATGGTCAAAA..TGATGATTAA]
19:35:35.333 - INFO - CDS - seq=contig_1, start=577068, stop=577880, strand=+, nt=[ATGATTAATG..TCTGTTTTGA]
19:35:35.333 - INFO - CDS - seq=contig_1, start=578089, stop=578967, strand=+, nt=[ATGAAAATCC..AAATGATTAG]
19:35:35.333 - INFO - CDS - seq=contig_1, start=579046, stop=581028, strand=+, nt=[ATGGCAAGCA..GGTTGGTTAA]
19:35:35.333 - INFO - CDS - seq=contig_1, start=581146, stop=583062, strand=-, nt=[ATGACAACCT..GGCAAATTAA]
19:35:35.333 - INFO - CDS - seq=contig_1, start=583049, stop=584875, strand=-, nt=[ATGAAAAAAT..CAACCTTTAA]
19:35:35.333 - INFO - CDS - seq=contig_1, start=584929, stop=585840, strand=-, nt=[ATGACAGTGA..TCACGCATAA]
19:35:35.333 - INFO - CDS - seq=contig_1, start=585827, stop=586531, strand=-, nt=[ATGCACATTG..CAGTGAATGA]
19:35:35.333 - INFO - CDS - seq=contig_1, start=586699, stop=587580, strand=-, nt=[TTGATCACAA..GCTTCACTAA]
19:35:35.333 - INFO - CDS - seq=contig_1, start=587772, stop=588770, strand=-, nt=[ATGTCTGTTA..TGAAGGTTAA]
19:35:35.333 - INFO - CDS - seq=contig_1, start=588989, stop=589471, strand=+, nt=[ATGACTGATT..AGAAGCATAA]
19:35:35.333 - INFO - CDS - seq=contig_1, start=589489, stop=590268, strand=+, nt=[ATGGATATTT..AAAAGCATGA]
19:35:35.333 - INFO - CDS - seq=contig_1, start=590265, stop=590834, strand=+, nt=[ATGACAACTA..CAAAACCTGA]
19:35:35.333 - INFO - CDS - seq=contig_1, start=590821, stop=591717, strand=+, nt=[ATGACAAAAC..TCACGCTTAA]
19:35:35.333 - INFO - CDS - seq=contig_1, start=591835, stop=592086, strand=+, nt=[ATGCCAATCA..AGCCTCATAA]
19:35:35.333 - INFO - CDS - seq=contig_1, start=592270, stop=593220, strand=+, nt=[ATGCATACAA..TAGGGGTTGA]
19:35:35.333 - INFO - CDS - seq=contig_1, start=593275, stop=594153, strand=+, nt=[ATGGAACAAG..CCCTTATTAA]
19:35:35.333 - INFO - CDS - seq=contig_1, start=594243, stop=595004, strand=-, nt=[ATGAGTAATC..ACTGCGCTAA]
19:35:35.333 - INFO - CDS - seq=contig_1, start=594997, stop=595647, strand=-, nt=[ATGAATTGTT..TCATGAGTAA]
19:35:35.333 - INFO - CDS - seq=contig_1, start=595881, stop=596729, strand=+, nt=[ATGAAAGTAA..TGGTCAATGA]
19:35:35.333 - INFO - CDS - seq=contig_1, start=596726, stop=597919, strand=+, nt=[ATGAGTGCTT..AAAGTCATAA]
19:35:35.333 - INFO - CDS - seq=contig_1, start=598059, stop=599447, strand=+, nt=[ATGTCAAAGA..TTGGAATTAG]
19:35:35.333 - INFO - CDS - seq=contig_1, start=599545, stop=600519, strand=+, nt=[ATGTCTGAGC..TACGAAATAG]
19:35:35.333 - INFO - CDS - seq=contig_1, start=600815, stop=601153, strand=+, nt=[ATGCGAATGG..AGCATTTTAA]
19:35:35.333 - INFO - CDS - seq=contig_1, start=601316, stop=601816, strand=-, nt=[ATGGGGTTTG..ACTGCTCTGA]
19:35:35.333 - INFO - CDS - seq=contig_1, start=601998, stop=602369, strand=-, nt=[ATGTTAAAAG..ACAGGTCTAA]
19:35:35.333 - INFO - CDS - seq=contig_1, start=602432, stop=603490, strand=-, nt=[ATGTCAGCTC..TCTGGGATAA]
19:35:35.333 - INFO - CDS - seq=contig_1, start=603562, stop=604014, strand=+, nt=[ATGATCGATC..TAAGCGATAA]
19:35:35.333 - INFO - CDS - seq=contig_1, start=604023, stop=605375, strand=-, nt=[ATGCTATTTG..TAACGATTGA]
19:35:35.333 - INFO - CDS - seq=contig_1, start=605365, stop=606213, strand=-, nt=[ATGGACTTGA..TGCTATTTGA]
19:35:35.333 - INFO - CDS - seq=contig_1, start=606394, stop=606840, strand=+, nt=[ATGGATCTTT..CAACGCCTGA]
19:35:35.333 - INFO - CDS - seq=contig_1, start=606884, stop=607564, strand=+, nt=[GTGTATCGGT..CAAAAAATAA]
19:35:35.333 - INFO - CDS - seq=contig_1, start=607982, stop=608863, strand=+, nt=[ATGATTTCAA..CCATGATTAA]
19:35:35.333 - INFO - CDS - seq=contig_1, start=609103, stop=610707, strand=+, nt=[ATGACCAAGT..TAAAGCTTAA]
19:35:35.333 - INFO - CDS - seq=contig_1, start=611220, stop=612479, strand=+, nt=[ATGGAAAAAA..GATTGATTGA]
19:35:35.334 - INFO - CDS - seq=contig_1, start=612575, stop=612826, strand=+, nt=[ATGAAGCAAG..CAAGAAATAA]
19:35:35.334 - INFO - CDS - seq=contig_1, start=613208, stop=613636, strand=-, nt=[ATGCCGATCA..AGCGAAATAA]
19:35:35.334 - INFO - CDS - seq=contig_1, start=613736, stop=614413, strand=+, nt=[ATGACAAAAC..TAACCATTAG]
19:35:35.334 - INFO - CDS - seq=contig_1, start=614410, stop=615054, strand=-, nt=[ATGTTACAAC..ATTCGGCTAA]
19:35:35.334 - INFO - CDS - seq=contig_1, start=615313, stop=616077, strand=+, nt=[GTGCGAAATG..TCGCCAATAA]
19:35:35.334 - INFO - CDS - seq=contig_1, start=616138, stop=617526, strand=+, nt=[ATGAAGATGA..TCGTGCTTAA]
19:35:35.334 - INFO - CDS - seq=contig_1, start=617826, stop=619334, strand=+, nt=[TTGAAGTTTA..TGGCGAATGA]
19:35:35.334 - INFO - CDS - seq=contig_1, start=619504, stop=619878, strand=+, nt=[ATGATTTACG..CGATCGGTAA]
19:35:35.334 - INFO - CDS - seq=contig_1, start=619865, stop=621001, strand=+, nt=[GTGACGATCG..GGTCGATTGA]
19:35:35.334 - INFO - CDS - seq=contig_1, start=621069, stop=621317, strand=+, nt=[ATGAAAAAGC..TATTCGATGA]
19:35:35.334 - INFO - CDS - seq=contig_1, start=621337, stop=621720, strand=+, nt=[ATGGATGTGT..TAAGAATTAA]
19:35:35.334 - INFO - CDS - seq=contig_1, start=621904, stop=622425, strand=+, nt=[ATGACAAATC..GAGAAAATGA]
19:35:35.334 - INFO - CDS - seq=contig_1, start=622699, stop=627156, strand=+, nt=[ATGGATCACT..AATGAAATAG]
19:35:35.334 - INFO - CDS - seq=contig_1, start=627292, stop=628725, strand=+, nt=[ATGGCAGATC..GAAAATTTAA]
19:35:35.334 - INFO - CDS - seq=contig_1, start=628854, stop=629558, strand=-, nt=[GTGAAACGTA..AATTCATTAG]
19:35:35.334 - INFO - CDS - seq=contig_1, start=629834, stop=630499, strand=-, nt=[ATGTTAATTA..AGATCTCTAA]
19:35:35.334 - INFO - CDS - seq=contig_1, start=631001, stop=632371, strand=-, nt=[GTGAAGAAAA..CGTGTATTAA]
19:35:35.334 - INFO - CDS - seq=contig_1, start=632777, stop=633757, strand=-, nt=[GTGGCAAGTA..TCGTCAGTAA]
19:35:35.334 - INFO - CDS - seq=contig_1, start=634431, stop=634988, strand=+, nt=[ATGAAAATGA..GTTTAATTAA]
19:35:35.334 - INFO - CDS - seq=contig_1, start=635061, stop=638585, strand=+, nt=[ATGAATTTGA..ATCGGCATAG]
19:35:35.334 - INFO - CDS - seq=contig_1, start=638706, stop=640283, strand=+, nt=[ATGCACAACC..AGGTAATTAA]
19:35:35.334 - INFO - CDS - seq=contig_1, start=640287, stop=640550, strand=+, nt=[ATGCGATTAG..AACATTTTAA]
19:35:35.334 - INFO - CDS - seq=contig_1, start=640620, stop=641051, strand=+, nt=[ATGGCTGGTG..GAATCAGTGA]
19:35:35.334 - INFO - CDS - seq=contig_1, start=641407, stop=641892, strand=+, nt=[ATGGCAGTTG..CCGCAGTTAA]
19:35:35.334 - INFO - CDS - seq=contig_1, start=641970, stop=643280, strand=+, nt=[ATGAGCCCGA..TAAATCATGA]
19:35:35.334 - INFO - CDS - seq=contig_1, start=643277, stop=643822, strand=+, nt=[ATGAGTTCCG..AAAATCCTGA]
19:35:35.334 - INFO - CDS - seq=contig_1, start=643884, stop=646031, strand=+, nt=[ATGAAGAAAA..GCAAGCTTAG]
19:35:35.334 - INFO - CDS - seq=contig_1, start=646439, stop=647338, strand=+, nt=[ATGAAATTCA..CCTGAACTAA]
19:35:35.334 - INFO - CDS - seq=contig_1, start=647595, stop=648479, strand=+, nt=[ATGAGTGACT..ACACGAATAG]
19:35:35.334 - INFO - CDS - seq=contig_1, start=648542, stop=649543, strand=+, nt=[ATGTGGCATA..TAAAGCATAA]
19:35:35.334 - INFO - CDS - seq=contig_1, start=649680, stop=651179, strand=+, nt=[GTGTTGGCTA..GCGGCCATAA]
19:35:35.334 - INFO - CDS - seq=contig_2, start=141, stop=1091, strand=-, frame=3, truncated=no, start-type=ATG, RBS-motif=AGGAGG
19:35:35.334 - INFO - CDS - seq=contig_2, start=1381, stop=3063, strand=-, frame=2, truncated=no, start-type=ATG, RBS-motif=None
19:35:35.334 - INFO - CDS - seq=contig_2, start=3068, stop=3280, strand=-, frame=1, truncated=no, start-type=ATG, RBS-motif=AGGAG
19:35:35.334 - INFO - CDS - seq=contig_2, start=3900, stop=4349, strand=+, frame=3, truncated=no, start-type=GTG, RBS-motif=GGAG/GAGG
19:35:35.335 - INFO - CDS - seq=contig_2, start=4380, stop=4673, strand=+, frame=3, truncated=no, start-type=GTG, RBS-motif=GGAGG
19:35:35.335 - INFO - CDS - seq=contig_2, start=4737, stop=5291, strand=-, frame=3, truncated=no, start-type=GTG, RBS-motif=GGAGG
19:35:35.335 - INFO - CDS - seq=contig_2, start=6064, stop=6879, strand=+, frame=1, truncated=no, start-type=ATG, RBS-motif=AGGAG
19:35:35.335 - INFO - CDS - seq=contig_2, start=7140, stop=8252, strand=+, frame=3, truncated=no, start-type=ATG, RBS-motif=GGAG/GAGG
19:35:35.335 - INFO - CDS - seq=contig_2, start=8255, stop=9232, strand=+, frame=2, truncated=no, start-type=ATG, RBS-motif=AGGAG/GGAGG
19:35:35.335 - INFO - CDS - seq=contig_2, start=9250, stop=10914, strand=+, frame=1, truncated=no, start-type=ATG, RBS-motif=GGAG/GAGG
19:35:35.335 - INFO - CDS - seq=contig_2, start=10917, stop=12320, strand=+, frame=3, truncated=no, start-type=ATG, RBS-motif=GGAGG
19:35:35.335 - INFO - CDS - seq=contig_2, start=12557, stop=13447, strand=+, frame=2, truncated=no, start-type=ATG, RBS-motif=AGGAG/GGAGG
19:35:35.335 - INFO - CDS - seq=contig_2, start=13437, stop=13718, strand=+, frame=3, truncated=no, start-type=ATG, RBS-motif=AGGAG
19:35:35.335 - INFO - CDS - seq=contig_2, start=13721, stop=14512, strand=+, frame=2, truncated=no, start-type=ATG, RBS-motif=GGA/GAG/AGG
19:35:35.335 - INFO - CDS - seq=contig_2, start=14771, stop=16615, strand=+, frame=2, truncated=no, start-type=GTG, RBS-motif=AGGA
19:35:35.335 - INFO - CDS - seq=contig_2, start=16855, stop=18024, strand=+, frame=1, truncated=no, start-type=ATG, RBS-motif=3Base/5BMM
19:35:35.335 - INFO - CDS - seq=contig_2, start=18017, stop=21454, strand=+, frame=2, truncated=no, start-type=ATG, RBS-motif=GGA/GAG/AGG
19:35:35.335 - INFO - CDS - seq=contig_2, start=21451, stop=21828, strand=+, frame=1, truncated=no, start-type=GTG, RBS-motif=None
19:35:35.335 - INFO - CDS - seq=contig_2, start=21815, stop=22381, strand=+, frame=2, truncated=no, start-type=ATG, RBS-motif=AGxAGG/AGGxGG
19:35:35.335 - INFO - CDS - seq=contig_2, start=22374, stop=22877, strand=+, frame=3, truncated=no, start-type=ATG, RBS-motif=GGAG/GAGG
19:35:35.335 - INFO - CDS - seq=contig_2, start=22933, stop=23937, strand=+, frame=1, truncated=no, start-type=TTG, RBS-motif=AGxAG
19:35:35.335 - INFO - CDS - seq=contig_2, start=24051, stop=24734, strand=+, frame=3, truncated=no, start-type=ATG, RBS-motif=GGAG/GAGG
19:35:35.336 - INFO - CDS - seq=contig_2, start=24731, stop=26935, strand=+, frame=2, truncated=no, start-type=ATG, RBS-motif=None
19:35:35.336 - INFO - CDS - seq=contig_2, start=26922, stop=27965, strand=+, frame=3, truncated=no, start-type=ATG, RBS-motif=AGGAG
19:35:35.336 - INFO - CDS - seq=contig_2, start=28056, stop=28310, strand=-, frame=3, truncated=no, start-type=ATG, RBS-motif=GGAGG
19:35:35.336 - INFO - CDS - seq=contig_2, start=28558, stop=28827, strand=+, frame=1, truncated=no, start-type=ATG, RBS-motif=AGxAGG/AGGxGG
19:35:35.336 - INFO - CDS - seq=contig_2, start=29019, stop=29714, strand=+, frame=3, truncated=no, start-type=ATG, RBS-motif=AGGAG
19:35:35.336 - INFO - CDS - seq=contig_2, start=29890, stop=31572, strand=+, frame=1, truncated=no, start-type=ATG, RBS-motif=GGAG/GAGG
19:35:35.336 - INFO - CDS - seq=contig_2, start=31659, stop=32570, strand=+, frame=3, truncated=no, start-type=ATG, RBS-motif=AGGAGG
19:35:35.336 - INFO - CDS - seq=contig_2, start=32781, stop=33971, strand=+, frame=3, truncated=no, start-type=ATG, RBS-motif=AGGAGG
19:35:35.336 - INFO - CDS - seq=contig_2, start=34425, stop=36161, strand=+, frame=3, truncated=no, start-type=ATG, RBS-motif=AGGAGG
19:35:35.336 - INFO - CDS - seq=contig_2, start=36352, stop=37689, strand=+, frame=1, truncated=no, start-type=ATG, RBS-motif=GGAGG
19:35:35.336 - INFO - CDS - seq=contig_2, start=37884, stop=39134, strand=+, frame=3, truncated=no, start-type=ATG, RBS-motif=GGA/GAG/AGG
19:35:35.336 - INFO - CDS - seq=contig_2, start=39352, stop=39948, strand=+, frame=1, truncated=no, start-type=ATG, RBS-motif=AGGAGG
19:35:35.336 - INFO - CDS - seq=contig_2, start=39952, stop=40242, strand=+, frame=1, truncated=no, start-type=ATG, RBS-motif=AGGAG/GGAGG
19:35:35.336 - INFO - CDS - seq=contig_2, start=40286, stop=40447, strand=-, frame=1, truncated=no, start-type=ATG, RBS-motif=GGxGG
19:35:35.336 - INFO - CDS - seq=contig_2, start=40602, stop=42059, strand=+, frame=3, truncated=no, start-type=ATG, RBS-motif=AGGAGG
19:35:35.336 - INFO - CDS - seq=contig_2, start=42049, stop=42795, strand=+, frame=1, truncated=no, start-type=ATG, RBS-motif=AGGA
19:35:35.336 - INFO - CDS - seq=contig_2, start=42972, stop=44780, strand=+, frame=3, truncated=no, start-type=ATG, RBS-motif=AGGAG
19:35:35.337 - INFO - CDS - seq=contig_2, start=45155, stop=47125, strand=-, frame=1, truncated=no, start-type=ATG, RBS-motif=AGGAGG
19:35:35.337 - INFO - CDS - seq=contig_2, start=47135, stop=48049, strand=-, frame=1, truncated=no, start-type=TTG, RBS-motif=AGGAGG
19:35:35.337 - INFO - CDS - seq=contig_2, start=48046, stop=48795, strand=-, frame=2, truncated=no, start-type=GTG, RBS-motif=GGAG/GAGG
19:35:35.337 - INFO - CDS - seq=contig_2, start=49044, stop=50330, strand=+, frame=3, truncated=no, start-type=ATG, RBS-motif=AGGAG
19:35:35.337 - INFO - CDS - seq=contig_2, start=50385, stop=52364, strand=+, frame=3, truncated=no, start-type=TTG, RBS-motif=GGxGG
19:35:35.337 - INFO - CDS - seq=contig_2, start=52593, stop=53555, strand=+, frame=3, truncated=no, start-type=ATG, RBS-motif=AGGA
19:35:35.337 - INFO - CDS - seq=contig_2, start=53599, stop=54384, strand=+, frame=1, truncated=no, start-type=ATG, RBS-motif=AGGAGG
19:35:35.337 - INFO - CDS - seq=contig_2, start=54398, stop=54733, strand=+, frame=2, truncated=no, start-type=ATG, RBS-motif=GGA/GAG/AGG
19:35:35.337 - INFO - CDS - seq=contig_2, start=55090, stop=57696, strand=+, frame=1, truncated=no, start-type=ATG, RBS-motif=AGGAG/GGAGG
19:35:35.337 - INFO - CDS - seq=contig_2, start=57877, stop=58068, strand=+, frame=1, truncated=no, start-type=ATG, RBS-motif=GGA/GAG/AGG
19:35:35.337 - INFO - CDS - seq=contig_2, start=58425, stop=58976, strand=+, frame=3, truncated=no, start-type=ATG, RBS-motif=AGxAGG/AGGxGG
19:35:35.337 - INFO - CDS - seq=contig_2, start=58973, stop=60526, strand=+, frame=2, truncated=no, start-type=ATG, RBS-motif=GGA/GAG/AGG
19:35:35.337 - INFO - CDS - seq=contig_2, start=60569, stop=61480, strand=+, frame=2, truncated=no, start-type=ATG, RBS-motif=AGGA
19:35:35.337 - INFO - CDS - seq=contig_2, start=61588, stop=61782, strand=-, frame=2, truncated=no, start-type=ATG, RBS-motif=GGAG/GAGG
19:35:35.337 - INFO - CDS - seq=contig_2, start=61878, stop=65174, strand=+, frame=3, truncated=no, start-type=ATG, RBS-motif=GGAG/GAGG
19:35:35.337 - INFO - CDS - seq=contig_2, start=65286, stop=66245, strand=+, frame=3, truncated=no, start-type=ATG, RBS-motif=GGAG/GAGG
19:35:35.338 - INFO - CDS - seq=contig_2, start=66304, stop=68070, strand=+, frame=1, truncated=no, start-type=ATG, RBS-motif=AGGAG/GGAGG
19:35:35.338 - INFO - CDS - seq=contig_2, start=68295, stop=68756, strand=+, frame=3, truncated=no, start-type=GTG, RBS-motif=GGAGG
19:35:35.338 - INFO - CDS - seq=contig_2, start=68796, stop=69674, strand=+, frame=3, truncated=no, start-type=ATG, RBS-motif=AGGAG
19:35:35.338 - INFO - CDS - seq=contig_2, start=69679, stop=70560, strand=+, frame=1, truncated=no, start-type=ATG, RBS-motif=GGAG/GAGG
19:35:35.338 - INFO - CDS - seq=contig_2, start=70814, stop=71200, strand=+, frame=2, truncated=no, start-type=ATG, RBS-motif=GGAGG
19:35:35.338 - INFO - CDS - seq=contig_2, start=71175, stop=71900, strand=+, frame=3, truncated=no, start-type=ATG, RBS-motif=GGAG/GAGG
19:35:35.338 - INFO - CDS - seq=contig_2, start=71900, stop=72520, strand=+, frame=2, truncated=no, start-type=ATG, RBS-motif=AGGAGG
19:35:35.338 - INFO - CDS - seq=contig_2, start=72504, stop=73247, strand=+, frame=3, truncated=no, start-type=ATG, RBS-motif=4Base/6BMM
19:35:35.338 - INFO - CDS - seq=contig_2, start=73550, stop=74128, strand=+, frame=2, truncated=no, start-type=ATG, RBS-motif=GGAGG
19:35:35.338 - INFO - CDS - seq=contig_2, start=74275, stop=74532, strand=-, frame=2, truncated=no, start-type=ATG, RBS-motif=AGGAG
19:35:35.338 - INFO - CDS - seq=contig_2, start=74598, stop=75578, strand=+, frame=3, truncated=no, start-type=TTG, RBS-motif=GGAG/GAGG
19:35:35.338 - INFO - CDS - seq=contig_2, start=75565, stop=76974, strand=+, frame=1, truncated=no, start-type=GTG, RBS-motif=GGAGG
19:35:35.338 - INFO - CDS - seq=contig_2, start=77033, stop=77653, strand=+, frame=2, truncated=no, start-type=ATG, RBS-motif=AGxAGG/AGGxGG
19:35:35.338 - INFO - CDS - seq=contig_2, start=77719, stop=78384, strand=+, frame=1, truncated=no, start-type=ATG, RBS-motif=GGAGG
19:35:35.338 - INFO - CDS - seq=contig_2, start=78472, stop=79791, strand=+, frame=1, truncated=no, start-type=ATG, RBS-motif=AGGAGG
19:35:35.338 - INFO - CDS - seq=contig_2, start=79881, stop=81188, strand=+, frame=3, truncated=no, start-type=ATG, RBS-motif=AGGAGG
19:35:35.338 - INFO - CDS - seq=contig_2, start=81432, stop=81707, strand=+, frame=3, truncated=no, start-type=ATG, RBS-motif=GGAGG
19:35:35.339 - INFO - CDS - seq=contig_2, start=81952, stop=83220, strand=+, frame=1, truncated=no, start-type=ATG, RBS-motif=GGAGG
19:35:35.339 - INFO - CDS - seq=contig_2, start=83231, stop=84109, strand=-, frame=1, truncated=no, start-type=ATG, RBS-motif=GGAGG
19:35:35.339 - INFO - CDS - seq=contig_2, start=84213, stop=85409, strand=+, frame=3, truncated=no, start-type=ATG, RBS-motif=AGGAG
19:35:35.339 - INFO - CDS - seq=contig_2, start=85547, stop=86002, strand=+, frame=2, truncated=no, start-type=ATG, RBS-motif=AGxAGG/AGGxGG
19:35:35.339 - INFO - CDS - seq=contig_2, start=86098, stop=87990, strand=+, frame=1, truncated=no, start-type=ATG, RBS-motif=GGAG/GAGG
19:35:35.339 - INFO - CDS - seq=contig_2, start=88019, stop=88969, strand=+, frame=2, truncated=no, start-type=ATG, RBS-motif=GGAGG
19:35:35.339 - INFO - CDS - seq=contig_2, start=89097, stop=89588, strand=+, frame=3, truncated=no, start-type=ATG, RBS-motif=AGxAGG/AGGxGG
19:35:35.339 - INFO - CDS - seq=contig_2, start=89743, stop=90384, strand=-, frame=2, truncated=no, start-type=ATG, RBS-motif=AGGAGG
19:35:35.339 - INFO - CDS - seq=contig_2, start=90546, stop=91430, strand=+, frame=3, truncated=no, start-type=ATG, RBS-motif=GGA/GAG/AGG
19:35:35.339 - INFO - CDS - seq=contig_2, start=91767, stop=92612, strand=+, frame=3, truncated=no, start-type=ATG, RBS-motif=AGGAG
19:35:35.339 - INFO - CDS - seq=contig_2, start=92618, stop=93247, strand=+, frame=2, truncated=no, start-type=GTG, RBS-motif=GGAG/GAGG
19:35:35.339 - INFO - CDS - seq=contig_2, start=93318, stop=93794, strand=+, frame=3, truncated=no, start-type=ATG, RBS-motif=GGA/GAG/AGG
19:35:35.339 - INFO - CDS - seq=contig_2, start=93794, stop=94036, strand=+, frame=2, truncated=no, start-type=ATG, RBS-motif=AGGA
19:35:35.339 - INFO - CDS - seq=contig_2, start=94062, stop=95447, strand=+, frame=3, truncated=no, start-type=TTG, RBS-motif=GGxGG
19:35:35.340 - INFO - CDS - seq=contig_2, start=95542, stop=95856, strand=+, frame=1, truncated=no, start-type=ATG, RBS-motif=None
19:35:35.340 - INFO - CDS - seq=contig_2, start=96009, stop=96869, strand=+, frame=3, truncated=no, start-type=ATG, RBS-motif=AGGAG
19:35:35.340 - INFO - CDS - seq=contig_2, start=96844, stop=97611, strand=+, frame=1, truncated=no, start-type=GTG, RBS-motif=GGA/GAG/AGG
19:35:35.340 - INFO - CDS - seq=contig_2, start=97673, stop=98488, strand=+, frame=2, truncated=no, start-type=ATG, RBS-motif=GGAGG
19:35:35.340 - INFO - CDS - seq=contig_2, start=98758, stop=100842, strand=+, frame=1, truncated=no, start-type=ATG, RBS-motif=AGGAG
19:35:35.340 - INFO - CDS - seq=contig_2, start=101274, stop=102593, strand=+, frame=3, truncated=no, start-type=ATG, RBS-motif=AGGAGG
19:35:35.340 - INFO - CDS - seq=contig_2, start=102718, stop=103614, strand=+, frame=1, truncated=no, start-type=ATG, RBS-motif=GGAGG
19:35:35.340 - INFO - CDS - seq=contig_2, start=103862, stop=104386, strand=+, frame=2, truncated=no, start-type=ATG, RBS-motif=AGGAG
19:35:35.340 - INFO - CDS - seq=contig_2, start=104430, stop=105839, strand=+, frame=3, truncated=no, start-type=ATG, RBS-motif=AGGAGG
19:35:35.340 - INFO - CDS - seq=contig_2, start=105875, stop=106753, strand=+, frame=2, truncated=no, start-type=ATG, RBS-motif=AGGA
19:35:35.340 - INFO - CDS - seq=contig_2, start=106835, stop=107458, strand=-, frame=1, truncated=no, start-type=TTG, RBS-motif=AGGAGG
19:35:35.340 - INFO - CDS - seq=contig_2, start=107976, stop=109988, strand=+, frame=3, truncated=no, start-type=ATG, RBS-motif=GGAG/GAGG
19:35:35.340 - INFO - CDS - seq=contig_2, start=109995, stop=112439, strand=+, frame=3, truncated=no, start-type=TTG, RBS-motif=AGGA/GGAG/GAGG
19:35:35.340 - INFO - CDS - seq=contig_2, start=112691, stop=114952, strand=+, frame=2, truncated=no, start-type=ATG, RBS-motif=AGGAGG
19:35:35.340 - INFO - CDS - seq=contig_2, start=115084, stop=115935, strand=+, frame=1, truncated=no, start-type=ATG, RBS-motif=GGAGG
19:35:35.340 - INFO - CDS - seq=contig_2, start=116060, stop=117028, strand=+, frame=2, truncated=no, start-type=ATG, RBS-motif=GGA/GAG/AGG
19:35:35.340 - INFO - CDS - seq=contig_2, start=117058, stop=117990, strand=+, frame=1, truncated=no, start-type=ATG, RBS-motif=AGGAG/GGAGG
19:35:35.341 - INFO - CDS - seq=contig_2, start=119142, stop=120254, strand=+, frame=3, truncated=no, start-type=GTG, RBS-motif=GGAG/GAGG
19:35:35.341 - INFO - CDS - seq=contig_2, start=120361, stop=120714, strand=+, frame=1, truncated=no, start-type=GTG, RBS-motif=AGxAGG/AGGxGG
19:35:35.341 - INFO - CDS - seq=contig_2, start=120782, stop=122773, strand=-, frame=1, truncated=no, start-type=ATG, RBS-motif=GGA/GAG/AGG
19:35:35.341 - INFO - CDS - seq=contig_2, start=122770, stop=123540, strand=-, frame=2, truncated=no, start-type=ATG, RBS-motif=GGA/GAG/AGG
19:35:35.341 - INFO - CDS - seq=contig_2, start=123634, stop=124590, strand=-, frame=2, truncated=no, start-type=ATG, RBS-motif=GGAG/GAGG
19:35:35.341 - INFO - CDS - seq=contig_2, start=124587, stop=125279, strand=-, frame=3, truncated=no, start-type=ATG, RBS-motif=GGA/GAG/AGG
19:35:35.341 - INFO - CDS - seq=contig_2, start=125576, stop=126640, strand=+, frame=2, truncated=no, start-type=ATG, RBS-motif=GGA/GAG/AGG
19:35:35.341 - INFO - CDS - seq=contig_2, start=126877, stop=127272, strand=-, frame=2, truncated=no, start-type=ATG, RBS-motif=GGAGG
19:35:35.341 - INFO - CDS - seq=contig_2, start=127275, stop=127673, strand=-, frame=3, truncated=no, start-type=TTG, RBS-motif=AGGAG
19:35:35.341 - INFO - CDS - seq=contig_2, start=127894, stop=128529, strand=-, frame=2, truncated=no, start-type=ATG, RBS-motif=GGAG/GAGG
19:35:35.341 - INFO - CDS - seq=contig_2, start=128798, stop=129889, strand=-, frame=1, truncated=no, start-type=ATG, RBS-motif=AGGAGG
19:35:35.341 - INFO - CDS - seq=contig_2, start=129973, stop=130305, strand=-, frame=2, truncated=no, start-type=ATG, RBS-motif=AGGA
19:35:35.341 - INFO - CDS - seq=contig_2, start=130302, stop=130634, strand=-, frame=3, truncated=no, start-type=ATG, RBS-motif=AGxAGG/AGGxGG
19:35:35.341 - INFO - CDS - seq=contig_2, start=130631, stop=131389, strand=-, frame=1, truncated=no, start-type=ATG, RBS-motif=GGAGG
19:35:35.341 - INFO - CDS - seq=contig_2, start=131391, stop=132107, strand=-, frame=3, truncated=no, start-type=ATG, RBS-motif=AGGAG
19:35:35.341 - INFO - CDS - seq=contig_2, start=132085, stop=132711, strand=-, frame=2, truncated=no, start-type=ATG, RBS-motif=GGA/GAG/AGG
19:35:35.341 - INFO - CDS - seq=contig_2, start=132712, stop=133296, strand=-, frame=2, truncated=no, start-type=ATG, RBS-motif=AGGAGG
19:35:35.341 - INFO - CDS - seq=contig_2, start=133300, stop=134592, strand=-, frame=2, truncated=no, start-type=ATG, RBS-motif=AGGAGG
19:35:35.341 - INFO - CDS - seq=contig_2, start=134589, stop=135224, strand=-, frame=3, truncated=no, start-type=ATG, RBS-motif=AGGAGG
19:35:35.342 - INFO - CDS - seq=contig_2, start=135221, stop=136369, strand=-, frame=1, truncated=no, start-type=ATG, RBS-motif=AGGAG
19:35:35.342 - INFO - CDS - seq=contig_2, start=136940, stop=138037, strand=-, frame=1, truncated=no, start-type=ATG, RBS-motif=AGxAGG/AGGxGG
19:35:35.342 - INFO - CDS - seq=contig_2, start=138606, stop=139166, strand=-, frame=3, truncated=no, start-type=ATG, RBS-motif=AGGAG
19:35:35.342 - INFO - CDS - seq=contig_2, start=139216, stop=140082, strand=-, frame=2, truncated=no, start-type=ATG, RBS-motif=None
19:35:35.342 - INFO - CDS - seq=contig_2, start=140236, stop=141939, strand=+, frame=1, truncated=no, start-type=ATG, RBS-motif=GGA/GAG/AGG
19:35:35.342 - INFO - CDS - seq=contig_2, start=141985, stop=142296, strand=+, frame=1, truncated=no, start-type=ATG, RBS-motif=AGxAGG/AGGxGG
19:35:35.342 - INFO - CDS - seq=contig_2, start=142357, stop=143505, strand=-, frame=2, truncated=no, start-type=ATG, RBS-motif=GGA/GAG/AGG
19:35:35.342 - INFO - CDS - seq=contig_2, start=143520, stop=144464, strand=-, frame=3, truncated=no, start-type=ATG, RBS-motif=AGGAGG
19:35:35.342 - INFO - CDS - seq=contig_2, start=144558, stop=145883, strand=-, frame=3, truncated=no, start-type=ATG, RBS-motif=AGxAGG/AGGxGG
19:35:35.342 - INFO - CDS - seq=contig_2, start=145901, stop=146887, strand=-, frame=1, truncated=no, start-type=ATG, RBS-motif=AGGAGG
19:35:35.342 - INFO - CDS - seq=contig_2, start=147027, stop=148031, strand=-, frame=3, truncated=no, start-type=ATG, RBS-motif=GGA/GAG/AGG
19:35:35.342 - INFO - CDS - seq=contig_2, start=148049, stop=149464, strand=-, frame=1, truncated=no, start-type=ATG, RBS-motif=AGxAGG/AGGxGG
19:35:35.342 - INFO - CDS - seq=contig_2, start=149461, stop=150582, strand=-, frame=2, truncated=no, start-type=ATG, RBS-motif=AGxAGG/AGGxGG
19:35:35.342 - INFO - CDS - seq=contig_2, start=150579, stop=151430, strand=-, frame=3, truncated=no, start-type=ATG, RBS-motif=GGAGG
19:35:35.342 - INFO - CDS - seq=contig_2, start=151980, stop=152621, strand=-, frame=3, truncated=no, start-type=ATG, RBS-motif=GGA/GAG/AGG
19:35:35.342 - INFO - CDS - seq=contig_2, start=152614, stop=153333, strand=-, frame=2, truncated=no, start-type=ATG, RBS-motif=AGGA/GGAG/GAGG
19:35:35.342 - INFO - CDS - seq=contig_2, start=153330, stop=154205, strand=-, frame=3, truncated=no, start-type=ATG, RBS-motif=AGGAGG
19:35:35.343 - INFO - CDS - seq=contig_2, start=154366, stop=157548, strand=-, frame=2, truncated=no, start-type=ATG, RBS-motif=AGGA
19:35:35.343 - INFO - CDS - seq=contig_2, start=157551, stop=158633, strand=-, frame=3, truncated=no, start-type=ATG, RBS-motif=AGGAGG
19:35:35.343 - INFO - CDS - seq=contig_2, start=158793, stop=160058, strand=-, frame=3, truncated=no, start-type=ATG, RBS-motif=AGGAG
19:35:35.343 - INFO - CDS - seq=contig_2, start=160062, stop=161003, strand=-, frame=3, truncated=no, start-type=ATG, RBS-motif=GGAG/GAGG
19:35:35.343 - INFO - CDS - seq=contig_2, start=160990, stop=162297, strand=-, frame=2, truncated=no, start-type=ATG, RBS-motif=GGAGG
19:35:35.343 - INFO - CDS - seq=contig_2, start=162299, stop=162847, strand=-, frame=1, truncated=no, start-type=ATG, RBS-motif=GGxGG
19:35:35.343 - INFO - CDS - seq=contig_2, start=163174, stop=164094, strand=-, frame=2, truncated=no, start-type=ATG, RBS-motif=AGxAGG/AGGxGG
19:35:35.343 - INFO - CDS - seq=contig_2, start=164094, stop=164558, strand=-, frame=3, truncated=no, start-type=GTG, RBS-motif=AGxAGG/AGGxGG
19:35:35.343 - INFO - CDS - seq=contig_2, start=164669, stop=166342, strand=-, frame=1, truncated=no, start-type=ATG, RBS-motif=AGGAG
19:35:35.343 - INFO - CDS - seq=contig_2, start=166355, stop=166759, strand=-, frame=1, truncated=no, start-type=GTG, RBS-motif=AGGA
19:35:35.343 - INFO - CDS - seq=contig_2, start=166784, stop=167182, strand=+, frame=2, truncated=no, start-type=ATG, RBS-motif=AGGAG
19:35:35.343 - INFO - CDS - seq=contig_2, start=167423, stop=168025, strand=-, frame=1, truncated=no, start-type=GTG, RBS-motif=AGxAGG/AGGxGG
19:35:35.343 - INFO - CDS - seq=contig_2, start=168335, stop=169804, strand=+, frame=2, truncated=no, start-type=ATG, RBS-motif=GGAGG
19:35:35.343 - INFO - CDS - seq=contig_2, start=169873, stop=170199, strand=-, frame=2, truncated=no, start-type=ATG, RBS-motif=GGAG/GAGG
19:35:35.343 - INFO - CDS - seq=contig_2, start=170351, stop=171802, strand=-, frame=1, truncated=no, start-type=ATG, RBS-motif=AGGAGG
19:35:35.343 - INFO - CDS - seq=contig_2, start=172176, stop=172406, strand=+, frame=3, truncated=no, start-type=ATG, RBS-motif=AGGA
19:35:35.343 - INFO - CDS - seq=contig_2, start=172476, stop=174647, strand=+, frame=3, truncated=no, start-type=ATG, RBS-motif=AGxAGG/AGGxGG
19:35:35.343 - INFO - CDS - seq=contig_2, start=174700, stop=175680, strand=+, frame=1, truncated=no, start-type=ATG, RBS-motif=GGAG/GAGG
19:35:35.343 - INFO - CDS - seq=contig_2, start=175756, stop=176637, strand=-, frame=2, truncated=no, start-type=ATG, RBS-motif=AGxAGG/AGGxGG
19:35:35.344 - INFO - CDS - seq=contig_2, start=176865, stop=178769, strand=-, frame=3, truncated=no, start-type=ATG, RBS-motif=GGA/GAG/AGG
19:35:35.344 - INFO - CDS - seq=contig_2, start=179009, stop=180022, strand=+, frame=2, truncated=no, start-type=ATG, RBS-motif=AGGAGG
19:35:35.344 - INFO - CDS - seq=contig_2, start=180136, stop=180363, strand=-, frame=2, truncated=no, start-type=ATG, RBS-motif=AGGAGG
19:35:35.344 - INFO - CDS - seq=contig_2, start=180519, stop=181454, strand=-, frame=3, truncated=no, start-type=ATG, RBS-motif=AGGAG
19:35:35.344 - INFO - CDS - seq=contig_2, start=181590, stop=182732, strand=-, frame=3, truncated=no, start-type=ATG, RBS-motif=AGGA
19:35:35.344 - INFO - CDS - seq=contig_2, start=183533, stop=183928, strand=-, frame=1, truncated=no, start-type=ATG, RBS-motif=GGAG/GAGG
19:35:35.344 - INFO - CDS - seq=contig_2, start=183984, stop=184559, strand=-, frame=3, truncated=no, start-type=ATG, RBS-motif=GGAGG
19:35:35.344 - INFO - CDS - seq=contig_2, start=184626, stop=185252, strand=+, frame=3, truncated=no, start-type=ATG, RBS-motif=AGGAG
19:35:35.344 - INFO - CDS - seq=contig_2, start=185245, stop=187551, strand=+, frame=1, truncated=no, start-type=GTG, RBS-motif=AGxAGG/AGGxGG
19:35:35.344 - INFO - CDS - seq=contig_2, start=187660, stop=188121, strand=-, frame=2, truncated=no, start-type=ATG, RBS-motif=AGxAGG/AGGxGG
19:35:35.344 - INFO - CDS - seq=contig_2, start=188118, stop=188807, strand=-, frame=3, truncated=no, start-type=ATG, RBS-motif=AGGA
19:35:35.344 - INFO - CDS - seq=contig_2, start=188843, stop=189466, strand=-, frame=1, truncated=no, start-type=ATG, RBS-motif=GGAGG
19:35:35.344 - INFO - CDS - seq=contig_2, start=189521, stop=190819, strand=-, frame=1, truncated=no, start-type=ATG, RBS-motif=GGAG/GAGG
19:35:35.344 - INFO - CDS - seq=contig_2, start=190850, stop=192025, strand=-, frame=1, truncated=no, start-type=GTG, RBS-motif=AGGAGG
19:35:35.344 - INFO - CDS - seq=contig_2, start=192080, stop=192568, strand=-, frame=1, truncated=no, start-type=ATG, RBS-motif=AGGAGG
19:35:35.344 - INFO - CDS - seq=contig_2, start=192743, stop=195529, strand=-, frame=1, truncated=no, start-type=ATG, RBS-motif=GGA/GAG/AGG
19:35:35.345 - INFO - CDS - seq=contig_2, start=195568, stop=199272, strand=-, frame=2, truncated=no, start-type=ATG, RBS-motif=AGGAGG
19:35:35.345 - INFO - CDS - seq=contig_2, start=199269, stop=202808, strand=-, frame=3, truncated=no, start-type=ATG, RBS-motif=AGGAGG
19:35:35.345 - INFO - CDS - seq=contig_2, start=203159, stop=204094, strand=+, frame=2, truncated=no, start-type=ATG, RBS-motif=GGAG/GAGG
19:35:35.345 - INFO - CDS - seq=contig_2, start=204102, stop=205106, strand=+, frame=3, truncated=no, start-type=ATG, RBS-motif=GGAG/GAGG
19:35:35.345 - INFO - CDS - seq=contig_2, start=205072, stop=206106, strand=+, frame=1, truncated=no, start-type=ATG, RBS-motif=AGGAG
19:35:35.345 - INFO - CDS - seq=contig_2, start=206595, stop=207926, strand=-, frame=3, truncated=no, start-type=GTG, RBS-motif=AGGA
19:35:35.345 - INFO - CDS - seq=contig_2, start=207913, stop=208869, strand=-, frame=2, truncated=no, start-type=GTG, RBS-motif=AGGAGG
19:35:35.345 - INFO - CDS - seq=contig_2, start=208922, stop=209665, strand=-, frame=1, truncated=no, start-type=ATG, RBS-motif=GGAG/GAGG
19:35:35.345 - INFO - CDS - seq=contig_2, start=209758, stop=210108, strand=-, frame=2, truncated=no, start-type=ATG, RBS-motif=GGA/GAG/AGG
19:35:35.345 - INFO - CDS - seq=contig_2, start=210160, stop=210348, strand=-, frame=2, truncated=no, start-type=ATG, RBS-motif=AGGAG
19:35:35.345 - INFO - CDS - seq=contig_2, start=210491, stop=211285, strand=-, frame=1, truncated=no, start-type=ATG, RBS-motif=AGGAGG
19:35:35.345 - INFO - CDS - seq=contig_2, start=211272, stop=211982, strand=-, frame=3, truncated=no, start-type=ATG, RBS-motif=AGGAG/GGAGG
19:35:35.345 - INFO - CDS - seq=contig_2, start=212198, stop=213466, strand=-, frame=1, truncated=no, start-type=ATG, RBS-motif=GGAGG
19:35:35.345 - INFO - CDS - seq=contig_2, start=213480, stop=215267, strand=-, frame=3, truncated=no, start-type=ATG, RBS-motif=3Base/5BMM
19:35:35.345 - INFO - CDS - seq=contig_2, start=215460, stop=217529, strand=-, frame=3, truncated=no, start-type=ATG, RBS-motif=GGAGG
19:35:35.345 - INFO - CDS - seq=contig_2, start=217531, stop=218427, strand=-, frame=2, truncated=no, start-type=ATG, RBS-motif=GGAG/GAGG
19:35:35.346 - INFO - CDS - seq=contig_2, start=218819, stop=219988, strand=-, frame=1, truncated=no, start-type=ATG, RBS-motif=GGA/GAG/AGG
19:35:35.346 - INFO - CDS - seq=contig_2, start=220031, stop=220357, strand=-, frame=1, truncated=no, start-type=GTG, RBS-motif=GGAG/GAGG
19:35:35.346 - INFO - CDS - seq=contig_2, start=221182, stop=222852, strand=-, frame=2, truncated=no, start-type=ATG, RBS-motif=GGA/GAG/AGG
19:35:35.346 - INFO - CDS - seq=contig_2, start=223059, stop=224216, strand=-, frame=3, truncated=no, start-type=TTG, RBS-motif=AGxAGG/AGGxGG
19:35:35.346 - INFO - CDS - seq=contig_2, start=224219, stop=224551, strand=-, frame=1, truncated=no, start-type=ATG, RBS-motif=AGGAGG
19:35:35.346 - INFO - CDS - seq=contig_2, start=224564, stop=224779, strand=-, frame=1, truncated=no, start-type=ATG, RBS-motif=3Base/5BMM
19:35:35.346 - INFO - CDS - seq=contig_2, start=224822, stop=224953, strand=-, frame=1, truncated=no, start-type=GTG, RBS-motif=AGxAGG/AGGxGG
19:35:35.346 - INFO - CDS - seq=contig_2, start=224946, stop=225236, strand=-, frame=3, truncated=no, start-type=ATG, RBS-motif=AGGAGG
19:35:35.346 - INFO - CDS - seq=contig_2, start=225246, stop=227699, strand=-, frame=3, truncated=no, start-type=ATG, RBS-motif=AGGAGG
19:35:35.346 - INFO - CDS - seq=contig_2, start=227700, stop=229670, strand=-, frame=3, truncated=no, start-type=TTG, RBS-motif=AGGAGG
19:35:35.346 - INFO - CDS - seq=contig_2, start=229671, stop=233594, strand=-, frame=3, truncated=no, start-type=GTG, RBS-motif=GGA/GAG/AGG
19:35:35.346 - INFO - CDS - seq=contig_2, start=233591, stop=233746, strand=-, frame=1, truncated=no, start-type=ATG, RBS-motif=AGGA
19:35:35.346 - INFO - CDS - seq=contig_2, start=233799, stop=234149, strand=-, frame=3, truncated=no, start-type=ATG, RBS-motif=AGGA/GGAG/GAGG
19:35:35.346 - INFO - CDS - seq=contig_2, start=234313, stop=234924, strand=-, frame=2, truncated=no, start-type=ATG, RBS-motif=GGAGG
19:35:35.346 - INFO - CDS - seq=contig_2, start=234925, stop=235305, strand=-, frame=2, truncated=no, start-type=ATG, RBS-motif=GGxGG
19:35:35.346 - INFO - CDS - seq=contig_2, start=235302, stop=235721, strand=-, frame=3, truncated=no, start-type=ATG, RBS-motif=AGxAGG/AGGxGG
19:35:35.346 - INFO - CDS - seq=contig_2, start=236058, stop=236348, strand=-, frame=3, truncated=no, start-type=ATG, RBS-motif=GGAGG
19:35:35.347 - INFO - CDS - seq=contig_2, start=236419, stop=238326, strand=-, frame=2, truncated=no, start-type=GTG, RBS-motif=GGA/GAG/AGG
19:35:35.347 - INFO - CDS - seq=contig_2, start=238326, stop=239426, strand=-, frame=3, truncated=no, start-type=ATG, RBS-motif=AGxAGG/AGGxGG
19:35:35.347 - INFO - CDS - seq=contig_2, start=239423, stop=239605, strand=-, frame=1, truncated=no, start-type=GTG, RBS-motif=GGAGG
19:35:35.347 - INFO - CDS - seq=contig_2, start=239727, stop=241628, strand=-, frame=3, truncated=no, start-type=TTG, RBS-motif=AGGA/GGAG/GAGG
19:35:35.347 - INFO - CDS - seq=contig_2, start=241625, stop=242101, strand=-, frame=1, truncated=no, start-type=ATG, RBS-motif=GGAGG
19:35:35.347 - INFO - CDS - seq=contig_2, start=242566, stop=243564, strand=-, frame=2, truncated=no, start-type=GTG, RBS-motif=GGAGG
19:35:35.347 - INFO - CDS - seq=contig_2, start=243561, stop=243788, strand=-, frame=3, truncated=no, start-type=ATG, RBS-motif=GGAGG
19:35:35.347 - INFO - CDS - seq=contig_2, start=243809, stop=244096, strand=-, frame=1, truncated=no, start-type=ATG, RBS-motif=GGAG/GAGG
19:35:35.347 - INFO - CDS - seq=contig_2, start=244093, stop=244542, strand=-, frame=2, truncated=no, start-type=GTG, RBS-motif=GGA/GAG/AGG
19:35:35.347 - INFO - CDS - seq=contig_2, start=244622, stop=244996, strand=-, frame=1, truncated=no, start-type=ATG, RBS-motif=AGGAG
19:35:35.347 - INFO - CDS - seq=contig_2, start=244989, stop=245813, strand=-, frame=3, truncated=no, start-type=TTG, RBS-motif=AGxAGG/AGGxGG
19:35:35.347 - INFO - CDS - seq=contig_2, start=246057, stop=246704, strand=-, frame=3, truncated=no, start-type=ATG, RBS-motif=AGGAG
19:35:35.347 - INFO - CDS - seq=contig_2, start=246827, stop=247972, strand=-, frame=1, truncated=no, start-type=ATG, RBS-motif=AGGA/GGAG/GAGG
19:35:35.347 - INFO - CDS - seq=contig_2, start=250250, stop=250561, strand=+, frame=2, truncated=no, start-type=ATG, RBS-motif=GGAG/GAGG
19:35:35.347 - INFO - CDS - seq=contig_2, start=251549, stop=251857, strand=-, frame=1, truncated=no, start-type=ATG, RBS-motif=AGGAGG
19:35:35.347 - INFO - CDS - seq=contig_2, start=252002, stop=252313, strand=-, frame=1, truncated=no, start-type=ATG, RBS-motif=AGGAG
19:35:35.347 - INFO - CDS - seq=contig_2, start=252564, stop=253343, strand=-, frame=3, truncated=no, start-type=ATG, RBS-motif=AGGA
19:35:35.347 - INFO - CDS - seq=contig_2, start=253343, stop=254245, strand=-, frame=1, truncated=no, start-type=TTG, RBS-motif=AGGAG
19:35:35.347 - INFO - CDS - seq=contig_2, start=254242, stop=254631, strand=-, frame=2, truncated=no, start-type=TTG, RBS-motif=AGGAG
19:35:35.348 - INFO - CDS - seq=contig_2, start=254633, stop=255031, strand=-, frame=1, truncated=no, start-type=ATG, RBS-motif=None
19:35:35.348 - INFO - CDS - seq=contig_2, start=255015, stop=255473, strand=-, frame=3, truncated=no, start-type=ATG, RBS-motif=AGGAG
19:35:35.348 - INFO - CDS - seq=contig_2, start=255477, stop=256463, strand=-, frame=3, truncated=no, start-type=TTG, RBS-motif=AGxAGG/AGGxGG
19:35:35.348 - INFO - CDS - seq=contig_2, start=256676, stop=256840, strand=-, frame=1, truncated=no, start-type=ATG, RBS-motif=GGA/GAG/AGG
19:35:35.348 - INFO - CDS - seq=contig_2, start=256797, stop=257240, strand=-, frame=3, truncated=no, start-type=GTG, RBS-motif=AGGA/GGAG/GAGG
19:35:35.348 - INFO - CDS - seq=contig_2, start=257260, stop=257436, strand=-, frame=2, truncated=no, start-type=ATG, RBS-motif=GGAGG
19:35:35.348 - INFO - CDS - seq=contig_2, start=257740, stop=258570, strand=+, frame=1, truncated=no, start-type=ATG, RBS-motif=GGAG/GAGG
19:35:35.348 - INFO - CDS - seq=contig_2, start=258567, stop=259454, strand=-, frame=3, truncated=no, start-type=ATG, RBS-motif=AGGAGG
19:35:35.348 - INFO - CDS - seq=contig_2, start=259590, stop=260510, strand=-, frame=3, truncated=no, start-type=ATG, RBS-motif=GGAG/GAGG
19:35:35.348 - INFO - CDS - seq=contig_2, start=260602, stop=261054, strand=-, frame=2, truncated=no, start-type=TTG, RBS-motif=GGAGG
19:35:35.348 - INFO - CDS - seq=contig_2, start=261144, stop=262949, strand=-, frame=3, truncated=no, start-type=ATG, RBS-motif=GGAGG
19:35:35.348 - INFO - CDS - seq=contig_2, start=262951, stop=264234, strand=-, frame=2, truncated=no, start-type=ATG, RBS-motif=AGGAGG
19:35:35.348 - INFO - CDS - seq=contig_2, start=264754, stop=265080, strand=+, frame=1, truncated=no, start-type=ATG, RBS-motif=AGGAG
19:35:35.348 - INFO - CDS - seq=contig_2, start=265209, stop=266714, strand=-, frame=3, truncated=no, start-type=ATG, RBS-motif=AGxAGG/AGGxGG
19:35:35.348 - INFO - CDS - seq=contig_2, start=266711, stop=267586, strand=-, frame=1, truncated=no, start-type=ATG, RBS-motif=AGGAGG
19:35:35.348 - INFO - CDS - seq=contig_2, start=267832, stop=268272, strand=+, frame=1, truncated=no, start-type=ATG, RBS-motif=AGGA
19:35:35.348 - INFO - CDS - seq=contig_2, start=268411, stop=269733, strand=+, frame=1, truncated=no, start-type=ATG, RBS-motif=GGxGG
19:35:35.349 - INFO - CDS - seq=contig_2, start=269806, stop=270432, strand=-, frame=2, truncated=no, start-type=ATG, RBS-motif=GGAGG
19:35:35.349 - INFO - CDS - seq=contig_2, start=270432, stop=270878, strand=-, frame=3, truncated=no, start-type=ATG, RBS-motif=GGA/GAG/AGG
19:35:35.349 - INFO - CDS - seq=contig_2, start=270999, stop=273227, strand=-, frame=3, truncated=no, start-type=ATG, RBS-motif=AGGAGG
19:35:35.349 - INFO - CDS - seq=contig_2, start=273464, stop=273787, strand=-, frame=1, truncated=no, start-type=ATG, RBS-motif=AGGAG/GGAGG
19:35:35.349 - INFO - CDS - seq=contig_2, start=273814, stop=274554, strand=-, frame=2, truncated=no, start-type=ATG, RBS-motif=AGGAGG
19:35:35.349 - INFO - CDS - seq=contig_2, start=274687, stop=275634, strand=-, frame=2, truncated=no, start-type=ATG, RBS-motif=AGGAGG
19:35:35.349 - INFO - CDS - seq=contig_2, start=275751, stop=276245, strand=-, frame=3, truncated=no, start-type=ATG, RBS-motif=GGAG/GAGG
19:35:35.349 - INFO - CDS - seq=contig_2, start=276242, stop=276856, strand=-, frame=1, truncated=no, start-type=ATG, RBS-motif=GGA/GAG/AGG
19:35:35.349 - INFO - CDS - seq=contig_2, start=276953, stop=277201, strand=+, frame=2, truncated=no, start-type=ATG, RBS-motif=AGGA
19:35:35.349 - INFO - CDS - seq=contig_2, start=277271, stop=277657, strand=-, frame=1, truncated=no, start-type=ATG, RBS-motif=AGGAG
19:35:35.349 - INFO - CDS - seq=contig_2, start=278120, stop=278302, strand=-, frame=1, truncated=no, start-type=ATG, RBS-motif=GGAGG
19:35:35.349 - INFO - CDS - seq=contig_2, start=278302, stop=278688, strand=-, frame=2, truncated=no, start-type=TTG, RBS-motif=GGA/GAG/AGG
19:35:35.349 - INFO - CDS - seq=contig_2, start=279396, stop=280874, strand=-, frame=3, truncated=no, start-type=TTG, RBS-motif=AGGAGG
19:35:35.349 - INFO - CDS - seq=contig_2, start=281484, stop=282482, strand=+, frame=3, truncated=no, start-type=GTG, RBS-motif=GGAGG
19:35:35.349 - INFO - CDS - seq=contig_2, start=282633, stop=284249, strand=-, frame=3, truncated=no, start-type=ATG, RBS-motif=AGGAG
19:35:35.349 - INFO - CDS - seq=contig_2, start=284262, stop=285797, strand=-, frame=3, truncated=no, start-type=TTG, RBS-motif=GGxGG
19:35:35.349 - INFO - CDS - seq=contig_2, start=285845, stop=287194, strand=-, frame=1, truncated=no, start-type=ATG, RBS-motif=AGGAGG
19:35:35.349 - INFO - CDS - seq=contig_2, start=287372, stop=289105, strand=-, frame=1, truncated=no, start-type=ATG, RBS-motif=GGAGG
19:35:35.349 - INFO - CDS - seq=contig_2, start=289241, stop=289480, strand=-, frame=1, truncated=no, start-type=ATG, RBS-motif=GGAG/GAGG
19:35:35.350 - INFO - CDS - seq=contig_2, start=289487, stop=292198, strand=-, frame=1, truncated=no, start-type=TTG, RBS-motif=GGxGG
19:35:35.350 - INFO - CDS - seq=contig_2, start=292466, stop=293164, strand=-, frame=1, truncated=no, start-type=TTG, RBS-motif=None
19:35:35.350 - INFO - CDS - seq=contig_2, start=298083, stop=298331, strand=+, frame=3, truncated=no, start-type=TTG, RBS-motif=GGA/GAG/AGG
19:35:35.350 - INFO - CDS - seq=contig_2, start=298539, stop=298838, strand=+, frame=3, truncated=no, start-type=GTG, RBS-motif=None
19:35:35.350 - INFO - CDS - seq=contig_2, start=301392, stop=302405, strand=-, frame=3, truncated=no, start-type=ATG, RBS-motif=AGxAGG/AGGxGG
19:35:35.350 - INFO - CDS - seq=contig_2, start=302614, stop=303417, strand=-, frame=2, truncated=no, start-type=ATG, RBS-motif=AGGAGG
19:35:35.350 - INFO - CDS - seq=contig_2, start=303840, stop=304154, strand=-, frame=3, truncated=no, start-type=ATG, RBS-motif=AGGAG
19:35:35.350 - INFO - CDS - seq=contig_2, start=304173, stop=304676, strand=-, frame=3, truncated=no, start-type=ATG, RBS-motif=AGxAGG/AGGxGG
19:35:35.350 - INFO - CDS - seq=contig_2, start=305000, stop=305527, strand=-, frame=1, truncated=no, start-type=ATG, RBS-motif=GGAG/GAGG
19:35:35.350 - INFO - CDS - seq=contig_2, start=305524, stop=307818, strand=-, frame=2, truncated=no, start-type=ATG, RBS-motif=AGGA
19:35:35.350 - INFO - CDS - seq=contig_2, start=308093, stop=308464, strand=+, frame=2, truncated=no, start-type=ATG, RBS-motif=AGGAGG
19:35:35.350 - INFO - CDS - seq=contig_2, start=308788, stop=309264, strand=+, frame=1, truncated=no, start-type=ATG, RBS-motif=AGGA
19:35:35.350 - INFO - CDS - seq=contig_2, start=309270, stop=309503, strand=+, frame=3, truncated=no, start-type=ATG, RBS-motif=GGAG/GAGG
19:35:35.350 - INFO - CDS - seq=contig_2, start=309596, stop=311434, strand=-, frame=1, truncated=no, start-type=ATG, RBS-motif=AGxAGG/AGGxGG
19:35:35.350 - INFO - CDS - seq=contig_2, start=311591, stop=312499, strand=-, frame=1, truncated=no, start-type=ATG, RBS-motif=AGxAGG/AGGxGG
19:35:35.350 - INFO - CDS - seq=contig_2, start=312591, stop=312782, strand=+, frame=3, truncated=no, start-type=ATG, RBS-motif=GGAG/GAGG
19:35:35.350 - INFO - CDS - seq=contig_2, start=312798, stop=314192, strand=+, frame=3, truncated=no, start-type=TTG, RBS-motif=None
19:35:35.350 - INFO - CDS - seq=contig_2, start=314602, stop=315765, strand=-, frame=2, truncated=no, start-type=ATG, RBS-motif=AGGAG
19:35:35.351 - INFO - CDS - seq=contig_2, start=315878, stop=317752, strand=-, frame=1, truncated=no, start-type=ATG, RBS-motif=AGxAGG/AGGxGG
19:35:35.351 - INFO - CDS - seq=contig_2, start=317782, stop=318372, strand=-, frame=2, truncated=no, start-type=ATG, RBS-motif=AGGAGG
19:35:35.351 - INFO - CDS - seq=contig_2, start=318549, stop=319595, strand=-, frame=3, truncated=no, start-type=ATG, RBS-motif=GGAG/GAGG
19:35:35.351 - INFO - CDS - seq=contig_2, start=319758, stop=320903, strand=-, frame=3, truncated=no, start-type=ATG, RBS-motif=AGxAGG/AGGxGG
19:35:35.351 - INFO - CDS - seq=contig_2, start=320905, stop=321852, strand=-, frame=2, truncated=no, start-type=ATG, RBS-motif=None
19:35:35.351 - INFO - CDS - seq=contig_2, start=321859, stop=322764, strand=-, frame=2, truncated=no, start-type=ATG, RBS-motif=AGGA
19:35:35.351 - INFO - CDS - seq=contig_2, start=322776, stop=323567, strand=-, frame=3, truncated=no, start-type=ATG, RBS-motif=GGA/GAG/AGG
19:35:35.351 - INFO - CDS - seq=contig_2, start=323872, stop=324225, strand=-, frame=2, truncated=no, start-type=ATG, RBS-motif=AGGAGG
19:35:35.351 - INFO - CDS - seq=contig_2, start=324286, stop=327117, strand=-, frame=2, truncated=no, start-type=ATG, RBS-motif=GGAG/GAGG
19:35:35.351 - INFO - CDS - seq=contig_2, start=327138, stop=327443, strand=-, frame=3, truncated=no, start-type=GTG, RBS-motif=None
19:35:35.351 - INFO - CDS - seq=contig_2, start=327440, stop=327733, strand=-, frame=1, truncated=no, start-type=ATG, RBS-motif=AGGAGG
19:35:35.351 - INFO - CDS - seq=contig_2, start=327745, stop=328998, strand=-, frame=2, truncated=no, start-type=ATG, RBS-motif=GGAGG
19:35:35.351 - INFO - CDS - seq=contig_2, start=329015, stop=329494, strand=-, frame=1, truncated=no, start-type=TTG, RBS-motif=AGGAGG
19:35:35.351 - INFO - CDS - seq=contig_2, start=329749, stop=334083, strand=-, frame=2, truncated=no, start-type=TTG, RBS-motif=GGAG/GAGG
19:35:35.351 - INFO - CDS - seq=contig_2, start=334150, stop=335877, strand=-, frame=2, truncated=no, start-type=ATG, RBS-motif=GGAGG
19:35:35.351 - INFO - CDS - seq=contig_2, start=335902, stop=337143, strand=-, frame=2, truncated=no, start-type=ATG, RBS-motif=AGGAG
19:35:35.351 - INFO - CDS - seq=contig_2, start=337160, stop=337948, strand=-, frame=1, truncated=no, start-type=ATG, RBS-motif=GGAGG
19:35:35.352 - INFO - CDS - seq=contig_2, start=337984, stop=338736, strand=-, frame=2, truncated=no, start-type=TTG, RBS-motif=AGGAGG
19:35:35.352 - INFO - CDS - seq=contig_2, start=339267, stop=339824, strand=-, frame=3, truncated=no, start-type=ATG, RBS-motif=GGAG/GAGG
19:35:35.352 - INFO - CDS - seq=contig_2, start=339824, stop=340543, strand=-, frame=1, truncated=no, start-type=ATG, RBS-motif=GGAGG
19:35:35.352 - INFO - CDS - seq=contig_2, start=340767, stop=341648, strand=-, frame=3, truncated=no, start-type=ATG, RBS-motif=AGGAGG
19:35:35.352 - INFO - CDS - seq=contig_2, start=341733, stop=342521, strand=-, frame=3, truncated=no, start-type=ATG, RBS-motif=GGAGG
19:35:35.352 - INFO - CDS - seq=contig_2, start=343051, stop=343320, strand=-, frame=2, truncated=no, start-type=ATG, RBS-motif=AGGAGG
19:35:35.352 - INFO - CDS - seq=contig_2, start=343310, stop=344053, strand=-, frame=1, truncated=no, start-type=GTG, RBS-motif=GGAGG
19:35:35.352 - INFO - CDS - seq=contig_2, start=344706, stop=344930, strand=-, frame=3, truncated=no, start-type=ATG, RBS-motif=GGA/GAG/AGG
19:35:35.352 - INFO - CDS - seq=contig_2, start=344975, stop=346273, strand=-, frame=1, truncated=no, start-type=ATG, RBS-motif=GGAG/GAGG
19:35:35.352 - INFO - CDS - seq=contig_2, start=346290, stop=346499, strand=-, frame=3, truncated=no, start-type=ATG, RBS-motif=AGGAGG
19:35:35.352 - INFO - CDS - seq=contig_2, start=346512, stop=346958, strand=-, frame=3, truncated=no, start-type=ATG, RBS-motif=AGGA
19:35:35.352 - INFO - CDS - seq=contig_2, start=346951, stop=347160, strand=-, frame=2, truncated=no, start-type=GTG, RBS-motif=AGGAG
19:35:35.352 - INFO - CDS - seq=contig_2, start=347129, stop=347527, strand=-, frame=1, truncated=no, start-type=ATG, RBS-motif=AGGA
19:35:35.352 - INFO - CDS - seq=contig_2, start=347558, stop=347689, strand=-, frame=1, truncated=no, start-type=ATG, RBS-motif=AGGA/GGAG/GAGG
19:35:35.352 - INFO - CDS - seq=contig_2, start=347682, stop=347972, strand=-, frame=3, truncated=no, start-type=ATG, RBS-motif=GGxGG
19:35:35.352 - INFO - CDS - seq=contig_2, start=347974, stop=350463, strand=-, frame=2, truncated=no, start-type=ATG, RBS-motif=AGGAG/GGAGG
19:35:35.352 - INFO - CDS - seq=contig_2, start=350464, stop=352521, strand=-, frame=2, truncated=no, start-type=TTG, RBS-motif=GGA/GAG/AGG
19:35:35.352 - INFO - CDS - seq=contig_2, start=352522, stop=357387, strand=-, frame=2, truncated=no, start-type=ATG, RBS-motif=AGGAGG
19:35:35.352 - INFO - CDS - seq=contig_2, start=357510, stop=357923, strand=-, frame=3, truncated=no, start-type=ATG, RBS-motif=AGGAG
19:35:35.353 - INFO - CDS - seq=contig_2, start=358239, stop=358847, strand=-, frame=3, truncated=no, start-type=ATG, RBS-motif=AGGAGG
19:35:35.353 - INFO - CDS - seq=contig_2, start=358881, stop=359267, strand=-, frame=3, truncated=no, start-type=ATG, RBS-motif=AGxAGG/AGGxGG
19:35:35.353 - INFO - CDS - seq=contig_2, start=359267, stop=359653, strand=-, frame=1, truncated=no, start-type=ATG, RBS-motif=AGxAGG/AGGxGG
19:35:35.353 - INFO - CDS - seq=contig_2, start=359653, stop=359982, strand=-, frame=2, truncated=no, start-type=ATG, RBS-motif=AGGA/GGAG/GAGG
19:35:35.353 - INFO - CDS - seq=contig_2, start=359972, stop=360331, strand=-, frame=1, truncated=no, start-type=TTG, RBS-motif=GGA/GAG/AGG
19:35:35.353 - INFO - CDS - seq=contig_2, start=360342, stop=360581, strand=-, frame=3, truncated=no, start-type=TTG, RBS-motif=GGAG/GAGG
19:35:35.353 - INFO - CDS - seq=contig_2, start=360599, stop=361801, strand=-, frame=1, truncated=no, start-type=ATG, RBS-motif=AGGAGG
19:35:35.353 - INFO - CDS - seq=contig_2, start=361842, stop=362471, strand=-, frame=3, truncated=no, start-type=ATG, RBS-motif=GGAGG
19:35:35.353 - INFO - CDS - seq=contig_2, start=362425, stop=363678, strand=-, frame=2, truncated=no, start-type=ATG, RBS-motif=GGAGG
19:35:35.353 - INFO - CDS - seq=contig_2, start=363684, stop=363875, strand=-, frame=3, truncated=no, start-type=GTG, RBS-motif=AGGAGG
19:35:35.353 - INFO - CDS - seq=contig_2, start=363887, stop=365599, strand=-, frame=1, truncated=no, start-type=TTG, RBS-motif=GGAG/GAGG
19:35:35.353 - INFO - CDS - seq=contig_2, start=365621, stop=366076, strand=-, frame=1, truncated=no, start-type=ATG, RBS-motif=AGGAGG
19:35:35.353 - INFO - CDS - seq=contig_2, start=366276, stop=367070, strand=-, frame=3, truncated=no, start-type=ATG, RBS-motif=None
19:35:35.353 - INFO - CDS - seq=contig_2, start=367060, stop=367617, strand=-, frame=2, truncated=no, start-type=ATG, RBS-motif=GGAGG
19:35:35.354 - INFO - CDS - seq=contig_2, start=367614, stop=368006, strand=-, frame=3, truncated=no, start-type=ATG, RBS-motif=GGAG/GAGG
19:35:35.354 - INFO - CDS - seq=contig_2, start=367999, stop=369147, strand=-, frame=2, truncated=no, start-type=ATG, RBS-motif=AGGAGG
19:35:35.354 - INFO - CDS - seq=contig_2, start=369569, stop=369787, strand=+, frame=2, truncated=no, start-type=ATG, RBS-motif=AGGAGG
19:35:35.354 - INFO - CDS - seq=contig_2, start=370045, stop=370542, strand=-, frame=2, truncated=no, start-type=ATG, RBS-motif=GGA/GAG/AGG
19:35:35.354 - INFO - CDS - seq=contig_2, start=370511, stop=370951, strand=-, frame=1, truncated=no, start-type=ATG, RBS-motif=AGGAGG
19:35:35.354 - INFO - CDS - seq=contig_2, start=371717, stop=372169, strand=-, frame=1, truncated=no, start-type=GTG, RBS-motif=AGGAG
19:35:35.354 - INFO - CDS - seq=contig_2, start=372587, stop=372769, strand=-, frame=1, truncated=no, start-type=ATG, RBS-motif=GGAGG
19:35:35.354 - INFO - CDS - seq=contig_2, start=372766, stop=373164, strand=-, frame=2, truncated=no, start-type=ATG, RBS-motif=GGAGG
19:35:35.354 - INFO - CDS - seq=contig_2, start=373161, stop=373358, strand=-, frame=3, truncated=no, start-type=ATG, RBS-motif=GGAGG
19:35:35.354 - INFO - CDS - seq=contig_2, start=373355, stop=373732, strand=-, frame=1, truncated=no, start-type=ATG, RBS-motif=GGAG/GAGG
19:35:35.354 - INFO - CDS - seq=contig_2, start=373722, stop=373940, strand=-, frame=3, truncated=no, start-type=ATG, RBS-motif=GGAG/GAGG
19:35:35.354 - INFO - CDS - seq=contig_2, start=373924, stop=374463, strand=-, frame=2, truncated=no, start-type=ATG, RBS-motif=AGGAGG
19:35:35.354 - INFO - CDS - seq=contig_2, start=374460, stop=374738, strand=-, frame=3, truncated=no, start-type=ATG, RBS-motif=GGAG/GAGG
19:35:35.354 - INFO - CDS - seq=contig_2, start=374809, stop=375294, strand=-, frame=2, truncated=no, start-type=ATG, RBS-motif=GGAG/GAGG
19:35:35.354 - INFO - CDS - seq=contig_2, start=375294, stop=376118, strand=-, frame=3, truncated=no, start-type=ATG, RBS-motif=GGAG/GAGG
19:35:35.354 - INFO - CDS - seq=contig_2, start=376133, stop=376882, strand=-, frame=1, truncated=no, start-type=ATG, RBS-motif=AGxAGG/AGGxGG
19:35:35.354 - INFO - CDS - seq=contig_2, start=376875, stop=377189, strand=-, frame=3, truncated=no, start-type=ATG, RBS-motif=GGAG/GAGG
19:35:35.355 - INFO - CDS - seq=contig_2, start=377229, stop=377327, strand=-, frame=3, truncated=no, start-type=ATG, RBS-motif=AGGAG
19:35:35.355 - INFO - CDS - seq=contig_2, start=377372, stop=377917, strand=+, frame=2, truncated=no, start-type=ATG, RBS-motif=GGAG/GAGG
19:35:35.355 - INFO - CDS - seq=contig_2, start=377900, stop=378103, strand=-, frame=1, truncated=no, start-type=TTG, RBS-motif=GGAGG
19:35:35.355 - INFO - CDS - seq=contig_2, start=378096, stop=378188, strand=-, frame=3, truncated=no, start-type=ATG, RBS-motif=AGxAGG/AGGxGG
19:35:35.355 - INFO - CDS - seq=contig_2, start=378188, stop=378544, strand=-, frame=1, truncated=no, start-type=ATG, RBS-motif=AGGAGG
19:35:35.355 - INFO - CDS - seq=contig_2, start=378611, stop=378862, strand=+, frame=2, truncated=no, start-type=ATG, RBS-motif=AGGAGG
19:35:35.355 - INFO - CDS - seq=contig_2, start=378855, stop=379034, strand=-, frame=3, truncated=no, start-type=ATG, RBS-motif=AGGAGG
19:35:35.355 - INFO - CDS - seq=contig_2, start=379035, stop=379850, strand=-, frame=3, truncated=no, start-type=TTG, RBS-motif=AGxAGG/AGGxGG
19:35:35.355 - INFO - CDS - seq=contig_2, start=379901, stop=380362, strand=+, frame=2, truncated=no, start-type=ATG, RBS-motif=AGGAG
19:35:35.355 - INFO - CDS - seq=contig_2, start=380468, stop=380734, strand=-, frame=1, truncated=no, start-type=ATG, RBS-motif=AGGAGG
19:35:35.355 - INFO - CDS - seq=contig_2, start=380883, stop=381530, strand=+, frame=3, truncated=no, start-type=ATG, RBS-motif=GGAG/GAGG
19:35:35.355 - INFO - CDS - seq=contig_2, start=381592, stop=382269, strand=+, frame=1, truncated=no, start-type=ATG, RBS-motif=GGAGG
19:35:35.355 - INFO - CDS - seq=contig_2, start=382350, stop=382994, strand=+, frame=3, truncated=no, start-type=ATG, RBS-motif=GGAGG
19:35:35.355 - INFO - CDS - seq=contig_2, start=383114, stop=384001, strand=+, frame=2, truncated=no, start-type=TTG, RBS-motif=GGAG/GAGG
19:35:35.355 - INFO - CDS - seq=contig_2, start=384078, stop=384341, strand=+, frame=3, truncated=no, start-type=ATG, RBS-motif=AGGAGG
19:35:35.355 - INFO - CDS - seq=contig_2, start=384450, stop=385622, strand=+, frame=3, truncated=no, start-type=GTG, RBS-motif=AGGAGG
19:35:35.355 - INFO - CDS - seq=contig_2, start=385794, stop=386444, strand=+, frame=3, truncated=no, start-type=ATG, RBS-motif=AGGA
19:35:35.355 - INFO - CDS - seq=contig_2, start=386501, stop=387895, strand=+, frame=2, truncated=no, start-type=ATG, RBS-motif=GGA/GAG/AGG
19:35:35.356 - INFO - CDS - seq=contig_2, start=387926, stop=388717, strand=+, frame=2, truncated=no, start-type=TTG, RBS-motif=AGGA
19:35:35.356 - INFO - CDS - seq=contig_2, start=388815, stop=390608, strand=-, frame=3, truncated=no, start-type=TTG, RBS-motif=AGxAGG/AGGxGG
19:35:35.356 - INFO - CDS - seq=contig_2, start=390598, stop=392355, strand=-, frame=2, truncated=no, start-type=GTG, RBS-motif=AGGAG
19:35:35.356 - INFO - CDS - seq=contig_2, start=392497, stop=392718, strand=-, frame=2, truncated=no, start-type=TTG, RBS-motif=AGGAGG
19:35:35.356 - INFO - CDS - seq=contig_2, start=392779, stop=393024, strand=-, frame=2, truncated=no, start-type=ATG, RBS-motif=AGGAGG
19:35:35.356 - INFO - CDS - seq=contig_2, start=393057, stop=393233, strand=-, frame=3, truncated=no, start-type=ATG, RBS-motif=GGAG/GAGG
19:35:35.356 - INFO - CDS - seq=contig_2, start=393460, stop=393807, strand=-, frame=2, truncated=no, start-type=ATG, RBS-motif=AGGAG
19:35:35.356 - INFO - CDS - seq=contig_2, start=393944, stop=394711, strand=-, frame=1, truncated=no, start-type=ATG, RBS-motif=GGA/GAG/AGG
19:35:35.356 - INFO - CDS - seq=contig_2, start=394701, stop=395219, strand=-, frame=3, truncated=no, start-type=ATG, RBS-motif=AGGAGG
19:35:35.356 - INFO - CDS - seq=contig_2, start=395394, stop=395648, strand=-, frame=3, truncated=no, start-type=ATG, RBS-motif=AGxAGG/AGGxGG
19:35:35.356 - INFO - CDS - seq=contig_2, start=395661, stop=395936, strand=-, frame=3, truncated=no, start-type=GTG, RBS-motif=AGGAGG
19:35:35.356 - INFO - CDS - seq=contig_2, start=396081, stop=397517, strand=-, frame=3, truncated=no, start-type=ATG, RBS-motif=AGxAGG/AGGxGG
19:35:35.356 - INFO - CDS - seq=contig_2, start=397530, stop=397874, strand=-, frame=3, truncated=no, start-type=ATG, RBS-motif=AGGA
19:35:35.356 - INFO - CDS - seq=contig_2, start=398279, stop=398593, strand=+, frame=2, truncated=no, start-type=ATG, RBS-motif=GGAGG
19:35:35.357 - INFO - CDS - seq=contig_2, start=398661, stop=399656, strand=-, frame=3, truncated=no, start-type=ATG, RBS-motif=AGxAG
19:35:35.357 - INFO - CDS - seq=contig_2, start=399656, stop=403210, strand=-, frame=1, truncated=no, start-type=ATG, RBS-motif=3Base/5BMM
19:35:35.357 - INFO - CDS - seq=contig_2, start=403228, stop=403923, strand=-, frame=2, truncated=no, start-type=ATG, RBS-motif=AGGAGG
19:35:35.357 - INFO - CDS - seq=contig_2, start=404142, stop=405932, strand=-, frame=3, truncated=no, start-type=ATG, RBS-motif=AGxAGG/AGGxGG
19:35:35.357 - INFO - CDS - seq=contig_2, start=406126, stop=407034, strand=-, frame=2, truncated=no, start-type=ATG, RBS-motif=AGxAGG/AGGxGG
19:35:35.357 - INFO - CDS - seq=contig_2, start=407051, stop=408013, strand=-, frame=1, truncated=no, start-type=ATG, RBS-motif=GGAG/GAGG
19:35:35.357 - INFO - CDS - seq=contig_2, start=408013, stop=408966, strand=-, frame=2, truncated=no, start-type=ATG, RBS-motif=GGA/GAG/AGG
19:35:35.357 - INFO - CDS - seq=contig_2, start=408970, stop=409992, strand=-, frame=2, truncated=no, start-type=TTG, RBS-motif=AGGAGG
19:35:35.357 - INFO - CDS - seq=contig_2, start=410442, stop=410684, strand=-, frame=3, truncated=no, start-type=ATG, RBS-motif=GGAGG
19:35:35.357 - INFO - CDS - seq=contig_2, start=410738, stop=411763, strand=-, frame=1, truncated=no, start-type=ATG, RBS-motif=AGGA
19:35:35.357 - INFO - CDS - seq=contig_2, start=411785, stop=413824, strand=-, frame=1, truncated=no, start-type=ATG, RBS-motif=AGGAGG
19:35:35.357 - INFO - CDS - seq=contig_2, start=413974, stop=415650, strand=-, frame=2, truncated=no, start-type=GTG, RBS-motif=AGGAGG
19:35:35.357 - INFO - CDS - seq=contig_2, start=415710, stop=416072, strand=-, frame=3, truncated=no, start-type=ATG, RBS-motif=AGGAGG
19:35:35.357 - INFO - CDS - seq=contig_2, start=416489, stop=416674, strand=+, frame=2, truncated=no, start-type=GTG, RBS-motif=AGGAGG
19:35:35.357 - INFO - CDS - seq=contig_2, start=416994, stop=417662, strand=-, frame=3, truncated=no, start-type=ATG, RBS-motif=GGAG/GAGG
19:35:35.357 - INFO - CDS - seq=contig_2, start=417659, stop=418309, strand=-, frame=1, truncated=no, start-type=ATG, RBS-motif=GGAGG
19:35:35.357 - INFO - CDS - seq=contig_2, start=418382, stop=419287, strand=-, frame=1, truncated=no, start-type=ATG, RBS-motif=AGGA/GGAG/GAGG
19:35:35.357 - INFO - CDS - seq=contig_2, start=419284, stop=421284, strand=-, frame=2, truncated=no, start-type=ATG, RBS-motif=GGAGG
19:35:35.358 - INFO - CDS - seq=contig_2, start=421281, stop=422024, strand=-, frame=3, truncated=no, start-type=ATG, RBS-motif=GGAG/GAGG
19:35:35.358 - INFO - CDS - seq=contig_2, start=422034, stop=423374, strand=-, frame=3, truncated=no, start-type=ATG, RBS-motif=AGxAGG/AGGxGG
19:35:35.358 - INFO - CDS - seq=contig_2, start=423361, stop=424317, strand=-, frame=2, truncated=no, start-type=ATG, RBS-motif=GGAGG
19:35:35.358 - INFO - CDS - seq=contig_2, start=424386, stop=426803, strand=-, frame=3, truncated=no, start-type=TTG, RBS-motif=GGA/GAG/AGG
19:35:35.358 - INFO - CDS - seq=contig_2, start=426808, stop=428007, strand=-, frame=2, truncated=no, start-type=ATG, RBS-motif=AGGAG
19:35:35.358 - INFO - CDS - seq=contig_2, start=428154, stop=428402, strand=-, frame=3, truncated=no, start-type=ATG, RBS-motif=AGGAG
19:35:35.358 - INFO - CDS - seq=contig_2, start=428469, stop=429095, strand=-, frame=3, truncated=no, start-type=ATG, RBS-motif=GGAG/GAGG
19:35:35.358 - INFO - CDS - seq=contig_2, start=429162, stop=429848, strand=-, frame=3, truncated=no, start-type=ATG, RBS-motif=GGAG/GAGG
19:35:35.358 - INFO - CDS - seq=contig_2, start=429957, stop=430259, strand=+, frame=3, truncated=no, start-type=ATG, RBS-motif=GGAGG
19:35:35.358 - INFO - CDS - seq=contig_2, start=430256, stop=430393, strand=+, frame=2, truncated=no, start-type=ATG, RBS-motif=None
19:35:35.358 - INFO - CDS - seq=contig_2, start=430564, stop=432264, strand=-, frame=2, truncated=no, start-type=ATG, RBS-motif=GGxGG
19:35:35.359 - INFO - CDS - seq=contig_2, start=432269, stop=432721, strand=-, frame=1, truncated=no, start-type=ATG, RBS-motif=GGAG/GAGG
19:35:35.359 - INFO - CDS - seq=contig_2, start=432835, stop=433665, strand=-, frame=2, truncated=no, start-type=ATG, RBS-motif=GGxGG
19:35:35.359 - INFO - CDS - seq=contig_2, start=433662, stop=434513, strand=-, frame=3, truncated=no, start-type=ATG, RBS-motif=AGGA
19:35:35.359 - INFO - CDS - seq=contig_2, start=434510, stop=434737, strand=-, frame=1, truncated=no, start-type=ATG, RBS-motif=AGGAG
19:35:35.359 - INFO - CDS - seq=contig_2, start=434730, stop=436079, strand=-, frame=3, truncated=no, start-type=ATG, RBS-motif=GGAG/GAGG
19:35:35.359 - INFO - CDS - seq=contig_2, start=436072, stop=436923, strand=-, frame=2, truncated=no, start-type=TTG, RBS-motif=AGGAG
19:35:35.360 - INFO - CDS - seq=contig_2, start=437049, stop=437456, strand=-, frame=3, truncated=no, start-type=ATG, RBS-motif=AGGA/GGAG/GAGG
19:35:35.360 - INFO - CDS - seq=contig_2, start=437458, stop=437919, strand=-, frame=2, truncated=no, start-type=ATG, RBS-motif=AGGAGG
19:35:35.360 - INFO - CDS - seq=contig_2, start=437939, stop=438502, strand=-, frame=1, truncated=no, start-type=ATG, RBS-motif=GGAGG
19:35:35.360 - INFO - CDS - seq=contig_2, start=438692, stop=438856, strand=-, frame=1, truncated=no, start-type=ATG, RBS-motif=GGAG/GAGG
19:35:35.360 - INFO - CDS - seq=contig_2, start=439001, stop=440068, strand=-, frame=1, truncated=no, start-type=ATG, RBS-motif=AGGAG
19:35:35.360 - INFO - CDS - seq=contig_2, start=440144, stop=440434, strand=-, frame=1, truncated=no, start-type=ATG, RBS-motif=GGAGG
19:35:35.360 - INFO - CDS - seq=contig_2, start=440453, stop=440803, strand=-, frame=1, truncated=no, start-type=ATG, RBS-motif=AGGA/GGAG/GAGG
19:35:35.360 - INFO - CDS - seq=contig_2, start=440819, stop=441130, strand=-, frame=1, truncated=no, start-type=GTG, RBS-motif=AGGAGG
19:35:35.360 - INFO - CDS - seq=contig_2, start=442036, stop=442158, strand=-, frame=2, truncated=no, start-type=ATG, RBS-motif=GGAGG
19:35:35.360 - INFO - CDS - seq=contig_2, start=442322, stop=442612, strand=-, frame=1, truncated=no, start-type=GTG, RBS-motif=None
19:35:35.360 - INFO - CDS - seq=contig_2, start=443041, stop=445440, strand=+, frame=1, truncated=no, start-type=ATG, RBS-motif=AGGA
19:35:35.360 - INFO - CDS - seq=contig_2, start=445591, stop=446931, strand=-, frame=2, truncated=no, start-type=ATG, RBS-motif=AGGAG
19:35:35.360 - INFO - CDS - seq=contig_2, start=446950, stop=447312, strand=-, frame=2, truncated=no, start-type=ATG, RBS-motif=AGGAGG
19:35:35.360 - INFO - CDS - seq=contig_2, start=447663, stop=449753, strand=+, frame=3, truncated=no, start-type=ATG, RBS-motif=AGGA
19:35:35.360 - INFO - CDS - seq=contig_2, start=449808, stop=451064, strand=-, frame=3, truncated=no, start-type=ATG, RBS-motif=AGGAG
19:35:35.360 - INFO - CDS - seq=contig_2, start=451208, stop=452137, strand=-, frame=1, truncated=no, start-type=ATG, RBS-motif=GGAG/GAGG
19:35:35.360 - INFO - CDS - seq=contig_2, start=452206, stop=452385, strand=+, frame=1, truncated=no, start-type=ATG, RBS-motif=AGxAGG/AGGxGG
19:35:35.360 - INFO - CDS - seq=contig_2, start=452488, stop=452895, strand=-, frame=2, truncated=no, start-type=GTG, RBS-motif=AGGAG
19:35:35.360 - INFO - CDS - seq=contig_2, start=452917, stop=453879, strand=-, frame=2, truncated=no, start-type=ATG, RBS-motif=GGAGG
19:35:35.360 - INFO - CDS - seq=contig_2, start=453872, stop=454126, strand=-, frame=1, truncated=no, start-type=ATG, RBS-motif=GGA/GAG/AGG
19:35:35.361 - INFO - CDS - seq=contig_2, start=454128, stop=454811, strand=-, frame=3, truncated=no, start-type=ATG, RBS-motif=GGA/GAG/AGG
19:35:35.361 - INFO - CDS - seq=contig_2, start=455001, stop=457127, strand=-, frame=3, truncated=no, start-type=GTG, RBS-motif=AGGAG
19:35:35.361 - INFO - CDS - seq=contig_2, start=457279, stop=459885, strand=+, frame=1, truncated=no, start-type=GTG, RBS-motif=GGxGG
19:35:35.361 - INFO - CDS - seq=contig_2, start=460108, stop=460407, strand=-, frame=2, truncated=no, start-type=TTG, RBS-motif=AGGAG
19:35:35.361 - INFO - CDS - seq=contig_2, start=460388, stop=461053, strand=-, frame=1, truncated=no, start-type=ATG, RBS-motif=AGGA
19:35:35.361 - INFO - CDS - seq=contig_2, start=461046, stop=462110, strand=-, frame=3, truncated=no, start-type=ATG, RBS-motif=GGAGG
19:35:35.361 - INFO - CDS - seq=contig_2, start=462107, stop=462811, strand=-, frame=1, truncated=no, start-type=GTG, RBS-motif=AGxAGG/AGGxGG
19:35:35.361 - INFO - CDS - seq=contig_2, start=463061, stop=463531, strand=-, frame=1, truncated=no, start-type=ATG, RBS-motif=GGAG/GAGG
19:35:35.361 - INFO - CDS - seq=contig_2, start=463598, stop=464236, strand=-, frame=1, truncated=no, start-type=GTG, RBS-motif=AGGAGG
19:35:35.361 - INFO - CDS - seq=contig_2, start=464338, stop=465540, strand=-, frame=2, truncated=no, start-type=GTG, RBS-motif=GGAG/GAGG
19:35:35.361 - INFO - CDS - seq=contig_2, start=465704, stop=468115, strand=-, frame=1, truncated=no, start-type=ATG, RBS-motif=AGGAGG
19:35:35.361 - INFO - CDS - seq=contig_2, start=468117, stop=469163, strand=-, frame=3, truncated=no, start-type=ATG, RBS-motif=AGGAGG
19:35:35.361 - INFO - CDS - seq=contig_2, start=469680, stop=470054, strand=-, frame=3, truncated=no, start-type=GTG, RBS-motif=GGAG/GAGG
19:35:35.361 - INFO - CDS - seq=contig_2, start=470245, stop=470748, strand=-, frame=2, truncated=no, start-type=TTG, RBS-motif=AGGAG
19:35:35.361 - INFO - CDS - seq=contig_2, start=470832, stop=471593, strand=-, frame=3, truncated=no, start-type=ATG, RBS-motif=AGGAG
19:35:35.361 - INFO - CDS - seq=contig_2, start=471742, stop=472074, strand=+, frame=1, truncated=no, start-type=ATG, RBS-motif=GGAG/GAGG
19:35:35.361 - INFO - CDS - seq=contig_2, start=472133, stop=473131, strand=+, frame=2, truncated=no, start-type=ATG, RBS-motif=GGA/GAG/AGG
19:35:35.361 - INFO - CDS - seq=contig_2, start=473340, stop=474926, strand=-, frame=3, truncated=no, start-type=ATG, RBS-motif=None
19:35:35.362 - INFO - CDS - seq=contig_2, start=474926, stop=475612, strand=-, frame=1, truncated=no, start-type=ATG, RBS-motif=AGGAG
19:35:35.362 - INFO - CDS - seq=contig_2, start=475882, stop=477300, strand=-, frame=2, truncated=no, start-type=ATG, RBS-motif=AGGAGG
19:35:35.362 - INFO - CDS - seq=contig_2, start=477484, stop=477798, strand=-, frame=2, truncated=no, start-type=ATG, RBS-motif=None
19:35:35.362 - INFO - CDS - seq=contig_2, start=477933, stop=478481, strand=-, frame=3, truncated=no, start-type=ATG, RBS-motif=AGGAGG
19:35:35.362 - INFO - CDS - seq=contig_2, start=478547, stop=478801, strand=+, frame=2, truncated=no, start-type=ATG, RBS-motif=AGGA/GGAG/GAGG
19:35:35.362 - INFO - CDS - seq=contig_2, start=478745, stop=479881, strand=-, frame=1, truncated=no, start-type=ATG, RBS-motif=AGGAGG
19:35:35.362 - INFO - CDS - seq=contig_2, start=479917, stop=480654, strand=-, frame=2, truncated=no, start-type=ATG, RBS-motif=None
19:35:35.362 - INFO - CDS - seq=contig_2, start=480651, stop=481010, strand=-, frame=3, truncated=no, start-type=ATG, RBS-motif=AGGAG
19:35:35.362 - INFO - CDS - seq=contig_2, start=481014, stop=481613, strand=-, frame=3, truncated=no, start-type=GTG, RBS-motif=GGAG/GAGG
19:35:35.362 - INFO - CDS - seq=contig_2, start=481606, stop=482256, strand=-, frame=2, truncated=no, start-type=ATG, RBS-motif=GGAG/GAGG
19:35:35.362 - INFO - CDS - seq=contig_2, start=482267, stop=482578, strand=-, frame=1, truncated=no, start-type=ATG, RBS-motif=AGGAG
19:35:35.362 - INFO - CDS - seq=contig_2, start=482718, stop=483842, strand=-, frame=3, truncated=no, start-type=ATG, RBS-motif=AGGAGG
19:35:35.362 - INFO - CDS - seq=contig_2, start=483823, stop=484359, strand=-, frame=2, truncated=no, start-type=GTG, RBS-motif=GGA/GAG/AGG
19:35:35.362 - INFO - CDS - seq=contig_2, start=484766, stop=485665, strand=+, frame=2, truncated=no, start-type=ATG, RBS-motif=AGGAGG
19:35:35.362 - INFO - CDS - seq=contig_2, start=485658, stop=486626, strand=+, frame=3, truncated=no, start-type=ATG, RBS-motif=AGGAG
19:35:35.362 - INFO - CDS - seq=contig_2, start=486642, stop=487283, strand=+, frame=3, truncated=no, start-type=ATG, RBS-motif=GGAGG
19:35:35.362 - INFO - CDS - seq=contig_2, start=487290, stop=488258, strand=+, frame=3, truncated=no, start-type=ATG, RBS-motif=GGAGG
19:35:35.363 - INFO - CDS - seq=contig_2, start=488335, stop=488898, strand=+, frame=1, truncated=no, start-type=ATG, RBS-motif=AGxAGG/AGGxGG
19:35:35.363 - INFO - CDS - seq=contig_2, start=489017, stop=489373, strand=-, frame=1, truncated=no, start-type=ATG, RBS-motif=AGGAGG
19:35:35.363 - INFO - CDS - seq=contig_2, start=489408, stop=489608, strand=-, frame=3, truncated=no, start-type=ATG, RBS-motif=AGGAGG
19:35:35.363 - INFO - CDS - seq=contig_2, start=489688, stop=490152, strand=-, frame=2, truncated=no, start-type=TTG, RBS-motif=None
19:35:35.363 - INFO - CDS - seq=contig_2, start=490402, stop=491097, strand=-, frame=2, truncated=no, start-type=ATG, RBS-motif=GGA/GAG/AGG
19:35:35.363 - INFO - CDS - seq=contig_2, start=491090, stop=491575, strand=-, frame=1, truncated=no, start-type=TTG, RBS-motif=AGGA
19:35:35.363 - INFO - CDS - seq=contig_2, start=491629, stop=492198, strand=+, frame=1, truncated=no, start-type=ATG, RBS-motif=GGAG/GAGG
19:35:35.363 - INFO - CDS - seq=contig_2, start=492319, stop=494292, strand=-, frame=2, truncated=no, start-type=ATG, RBS-motif=AGGAG
19:35:35.363 - INFO - CDS - seq=contig_2, start=494347, stop=494778, strand=-, frame=2, truncated=no, start-type=ATG, RBS-motif=None
19:35:35.363 - INFO - CDS - seq=contig_2, start=494821, stop=495756, strand=-, frame=2, truncated=no, start-type=ATG, RBS-motif=AGGAGG
19:35:35.363 - INFO - CDS - seq=contig_2, start=495740, stop=497101, strand=-, frame=1, truncated=no, start-type=ATG, RBS-motif=GGAG/GAGG
19:35:35.363 - INFO - CDS - seq=contig_2, start=497181, stop=497648, strand=-, frame=3, truncated=no, start-type=GTG, RBS-motif=GGAG/GAGG
19:35:35.363 - INFO - CDS - seq=contig_2, start=497703, stop=498305, strand=-, frame=3, truncated=no, start-type=GTG, RBS-motif=AGGAGG
19:35:35.363 - INFO - CDS - seq=contig_2, start=498302, stop=499150, strand=-, frame=1, truncated=no, start-type=ATG, RBS-motif=AGGAG
19:35:35.363 - INFO - CDS - seq=contig_2, start=499161, stop=501806, strand=-, frame=3, truncated=no, start-type=ATG, RBS-motif=AGGA
19:35:35.363 - INFO - CDS - seq=contig_2, start=501969, stop=502679, strand=-, frame=3, truncated=no, start-type=ATG, RBS-motif=AGGA
19:35:35.363 - INFO - CDS - seq=contig_2, start=502840, stop=504150, strand=-, frame=2, truncated=no, start-type=ATG, RBS-motif=GGAG/GAGG
19:35:35.363 - INFO - CDS - seq=contig_2, start=504147, stop=506648, strand=-, frame=3, truncated=no, start-type=ATG, RBS-motif=AGxAGG/AGGxGG
19:35:35.364 - INFO - CDS - seq=contig_2, start=506883, stop=507524, strand=-, frame=3, truncated=no, start-type=ATG, RBS-motif=GGAGG
19:35:35.364 - INFO - CDS - seq=contig_2, start=507540, stop=507857, strand=-, frame=3, truncated=no, start-type=ATG, RBS-motif=AGGA
19:35:35.364 - INFO - CDS - seq=contig_2, start=508115, stop=508456, strand=+, frame=2, truncated=no, start-type=TTG, RBS-motif=AGxAGG/AGGxGG
19:35:35.364 - INFO - CDS - seq=contig_2, start=508446, stop=509090, strand=-, frame=3, truncated=no, start-type=ATG, RBS-motif=AGGAG
19:35:35.364 - INFO - CDS - seq=contig_2, start=509219, stop=509992, strand=-, frame=1, truncated=no, start-type=ATG, RBS-motif=AGGAG
19:35:35.364 - INFO - CDS - seq=contig_2, start=510081, stop=510179, strand=-, frame=3, truncated=no, start-type=ATG, RBS-motif=AGGA/GGAG/GAGG
19:35:35.364 - INFO - CDS - seq=contig_2, start=510382, stop=511596, strand=-, frame=2, truncated=no, start-type=ATG, RBS-motif=GGAGG
19:35:35.364 - INFO - CDS - seq=contig_2, start=511596, stop=512324, strand=-, frame=3, truncated=no, start-type=ATG, RBS-motif=GGA/GAG/AGG
19:35:35.364 - INFO - CDS - seq=contig_2, start=512421, stop=512855, strand=+, frame=3, truncated=no, start-type=ATG, RBS-motif=GGAG/GAGG
19:35:35.364 - INFO - CDS - seq=contig_2, start=512852, stop=513223, strand=+, frame=2, truncated=no, start-type=ATG, RBS-motif=GGAGG
19:35:35.364 - INFO - CDS - seq=contig_2, start=513360, stop=514262, strand=+, frame=3, truncated=no, start-type=ATG, RBS-motif=AGGA/GGAG/GAGG
19:35:35.364 - INFO - CDS - seq=contig_2, start=514457, stop=515434, strand=-, frame=1, truncated=no, start-type=GTG, RBS-motif=GGA/GAG/AGG
19:35:35.364 - INFO - CDS - seq=contig_2, start=141, stop=1091, strand=-, nt=[ATGACGGCTG..CAGTATTTAA]
19:35:35.364 - INFO - CDS - seq=contig_2, start=1381, stop=3063, strand=-, nt=[ATGAAATTAA..TTTGCTCTAA]
19:35:35.364 - INFO - CDS - seq=contig_2, start=3068, stop=3280, strand=-, nt=[ATGATCTACA..AACTTTCTAA]
19:35:35.364 - INFO - CDS - seq=contig_2, start=3900, stop=4349, strand=+, nt=[GTGGTCTGGC..CGTTGCTTAA]
19:35:35.364 - INFO - CDS - seq=contig_2, start=4380, stop=4673, strand=+, nt=[GTGAACGATG..AGAATCGTAA]
19:35:35.364 - INFO - CDS - seq=contig_2, start=4737, stop=5291, strand=-, nt=[GTGTATTTGA..TATCAAGTAA]
19:35:35.364 - INFO - CDS - seq=contig_2, start=6064, stop=6879, strand=+, nt=[ATGTTGATGA..GGTCTCGTGA]
19:35:35.364 - INFO - CDS - seq=contig_2, start=7140, stop=8252, strand=+, nt=[ATGGCAAAAC..GTCGAAGTAA]
19:35:35.364 - INFO - CDS - seq=contig_2, start=8255, stop=9232, strand=+, nt=[ATGGCACAAA..TAATTTCTAG]
19:35:35.364 - INFO - CDS - seq=contig_2, start=9250, stop=10914, strand=+, nt=[ATGGCTTTTG..GGAGGGATAA]
19:35:35.364 - INFO - CDS - seq=contig_2, start=10917, stop=12320, strand=+, nt=[ATGGTTGTAG..CAATATTTAG]
19:35:35.364 - INFO - CDS - seq=contig_2, start=12557, stop=13447, strand=+, nt=[ATGCAAAGAG..TGAAACCTAA]
19:35:35.364 - INFO - CDS - seq=contig_2, start=13437, stop=13718, strand=+, nt=[ATGAAACCTA..GGTGAGTTAA]
19:35:35.364 - INFO - CDS - seq=contig_2, start=13721, stop=14512, strand=+, nt=[ATGACACAAG..AGAGGCTTAA]
19:35:35.364 - INFO - CDS - seq=contig_2, start=14771, stop=16615, strand=+, nt=[GTGAAAACAC..ATCCAAGTAA]
19:35:35.364 - INFO - CDS - seq=contig_2, start=16855, stop=18024, strand=+, nt=[ATGAATAAAT..GCATGCATAA]
19:35:35.365 - INFO - CDS - seq=contig_2, start=18017, stop=21454, strand=+, nt=[ATGCATAAAG..CAAGCAGTGA]
19:35:35.365 - INFO - CDS - seq=contig_2, start=21451, stop=21828, strand=+, nt=[GTGAGTTTGG..GCGTCATTAG]
19:35:35.365 - INFO - CDS - seq=contig_2, start=21815, stop=22381, strand=+, nt=[ATGCGCGTCA..CAATGACTAA]
19:35:35.365 - INFO - CDS - seq=contig_2, start=22374, stop=22877, strand=+, nt=[ATGACTAAAA..AACCAAGTAA]
19:35:35.365 - INFO - CDS - seq=contig_2, start=22933, stop=23937, strand=+, nt=[TTGGCTGTCT..AGCATCATAA]
19:35:35.365 - INFO - CDS - seq=contig_2, start=24051, stop=24734, strand=+, nt=[ATGACGACAC..TGGCCCATGA]
19:35:35.365 - INFO - CDS - seq=contig_2, start=24731, stop=26935, strand=+, nt=[ATGAGTGGTC..AGGTCCGTGA]
19:35:35.365 - INFO - CDS - seq=contig_2, start=26922, stop=27965, strand=+, nt=[ATGCAGGTCC..GCGCGGTTAA]
19:35:35.365 - INFO - CDS - seq=contig_2, start=28056, stop=28310, strand=-, nt=[ATGCCACAAA..TAACAAGTAA]
19:35:35.365 - INFO - CDS - seq=contig_2, start=28558, stop=28827, strand=+, nt=[ATGGCAATTG..GCGTCGTTAA]
19:35:35.365 - INFO - CDS - seq=contig_2, start=29019, stop=29714, strand=+, nt=[ATGGGAGCGG..TCACGTTTAG]
19:35:35.365 - INFO - CDS - seq=contig_2, start=29890, stop=31572, strand=+, nt=[ATGACGAAGA..GCGCCAATAA]
19:35:35.365 - INFO - CDS - seq=contig_2, start=31659, stop=32570, strand=+, nt=[ATGGCAAAAA..ACAGGCGTAA]
19:35:35.365 - INFO - CDS - seq=contig_2, start=32781, stop=33971, strand=+, nt=[ATGGCTGAAA..CCTTGACTAA]
19:35:35.365 - INFO - CDS - seq=contig_2, start=34425, stop=36161, strand=+, nt=[ATGAAACGAT..ATTTACTTGA]
19:35:35.365 - INFO - CDS - seq=contig_2, start=36352, stop=37689, strand=+, nt=[ATGTCTGCAA..TGACAAATAG]
19:35:35.365 - INFO - CDS - seq=contig_2, start=37884, stop=39134, strand=+, nt=[ATGTTTGACA..AGCTTCTTAA]
19:35:35.365 - INFO - CDS - seq=contig_2, start=39352, stop=39948, strand=+, nt=[ATGGACGTGC..GGGAAGATAA]
19:35:35.365 - INFO - CDS - seq=contig_2, start=39952, stop=40242, strand=+, nt=[ATGAATTTCA..CAAAAAATAA]
19:35:35.365 - INFO - CDS - seq=contig_2, start=40286, stop=40447, strand=-, nt=[ATGGCACTGA..AAAGAAATAG]
19:35:35.365 - INFO - CDS - seq=contig_2, start=40602, stop=42059, strand=+, nt=[ATGAAGCATT..TGCAGCATAA]
19:35:35.365 - INFO - CDS - seq=contig_2, start=42049, stop=42795, strand=+, nt=[ATGCAGCATA..TGCCCAATAA]
19:35:35.365 - INFO - CDS - seq=contig_2, start=42972, stop=44780, strand=+, nt=[ATGGCCTCAG..GCGGGTTTAA]
19:35:35.365 - INFO - CDS - seq=contig_2, start=45155, stop=47125, strand=-, nt=[ATGGACATTC..AAATAAATAA]
19:35:35.365 - INFO - CDS - seq=contig_2, start=47135, stop=48049, strand=-, nt=[TTGATCTATT..TGAAGTTTAG]
19:35:35.365 - INFO - CDS - seq=contig_2, start=48046, stop=48795, strand=-, nt=[GTGCTTACAG..TCATTCTTGA]
19:35:35.365 - INFO - CDS - seq=contig_2, start=49044, stop=50330, strand=+, nt=[ATGTTTGTCG..CGTTGAATGA]
19:35:35.365 - INFO - CDS - seq=contig_2, start=50385, stop=52364, strand=+, nt=[TTGAAACAGA..GAAAAATTAA]
19:35:35.365 - INFO - CDS - seq=contig_2, start=52593, stop=53555, strand=+, nt=[ATGGAAATTC..TAAATCATAA]
19:35:35.365 - INFO - CDS - seq=contig_2, start=53599, stop=54384, strand=+, nt=[ATGATGAACC..TAAGAAGTAA]
19:35:35.365 - INFO - CDS - seq=contig_2, start=54398, stop=54733, strand=+, nt=[ATGAAGGGTC..CAAAAAATAG]
19:35:35.365 - INFO - CDS - seq=contig_2, start=55090, stop=57696, strand=+, nt=[ATGAACCCAG..CAAAGCTTAA]
19:35:35.365 - INFO - CDS - seq=contig_2, start=57877, stop=58068, strand=+, nt=[ATGGCAGTTC..AAATGCATAA]
19:35:35.365 - INFO - CDS - seq=contig_2, start=58425, stop=58976, strand=+, nt=[ATGGCTGATA..GAAAAAATGA]
19:35:35.365 - INFO - CDS - seq=contig_2, start=58973, stop=60526, strand=+, nt=[ATGAAACTAA..GTCAATGTGA]
19:35:35.365 - INFO - CDS - seq=contig_2, start=60569, stop=61480, strand=+, nt=[ATGCTGTTGG..GACAAAATAA]
19:35:35.365 - INFO - CDS - seq=contig_2, start=61588, stop=61782, strand=-, nt=[ATGCGTTATC..AGAACATTAA]
19:35:35.365 - INFO - CDS - seq=contig_2, start=61878, stop=65174, strand=+, nt=[ATGACGTTTA..AGAAGAATAG]
19:35:35.365 - INFO - CDS - seq=contig_2, start=65286, stop=66245, strand=+, nt=[ATGAAACGCA..AACATTTTAA]
19:35:35.365 - INFO - CDS - seq=contig_2, start=66304, stop=68070, strand=+, nt=[ATGAAAAAAA..CGCCCTTTAA]
19:35:35.365 - INFO - CDS - seq=contig_2, start=68295, stop=68756, strand=+, nt=[GTGGAGAGTT..TGGACATTAA]
19:35:35.365 - INFO - CDS - seq=contig_2, start=68796, stop=69674, strand=+, nt=[ATGAATTTTA..TCGGGAGTAA]
19:35:35.365 - INFO - CDS - seq=contig_2, start=69679, stop=70560, strand=+, nt=[ATGCATGGGT..GCGCGGGTAG]
19:35:35.365 - INFO - CDS - seq=contig_2, start=70814, stop=71200, strand=+, nt=[ATGCTGGTTA..TGCTGAATGA]
19:35:35.365 - INFO - CDS - seq=contig_2, start=71175, stop=71900, strand=+, nt=[ATGGCACTGA..GGCTGCTTAA]
19:35:35.365 - INFO - CDS - seq=contig_2, start=71900, stop=72520, strand=+, nt=[ATGGAGCCAG..CCAAAACTGA]
19:35:35.365 - INFO - CDS - seq=contig_2, start=72504, stop=73247, strand=+, nt=[ATGACAACCA..AAGTAAGTAG]
19:35:35.366 - INFO - CDS - seq=contig_2, start=73550, stop=74128, strand=+, nt=[ATGGCAAGTA..TGGTCATTAA]
19:35:35.366 - INFO - CDS - seq=contig_2, start=74275, stop=74532, strand=-, nt=[ATGGCTTTAT..GAAAGCTTAA]
19:35:35.366 - INFO - CDS - seq=contig_2, start=74598, stop=75578, strand=+, nt=[TTGCTGACCG..CACAACTTGA]
19:35:35.366 - INFO - CDS - seq=contig_2, start=75565, stop=76974, strand=+, nt=[GTGTCACAAC..CTTTAGATAA]
19:35:35.366 - INFO - CDS - seq=contig_2, start=77033, stop=77653, strand=+, nt=[ATGGCGGAAA..AGTGAAATAA]
19:35:35.366 - INFO - CDS - seq=contig_2, start=77719, stop=78384, strand=+, nt=[ATGCAAATTG..GACGAAATAG]
19:35:35.366 - INFO - CDS - seq=contig_2, start=78472, stop=79791, strand=+, nt=[ATGAGTGATA..TAACAAGTAG]
19:35:35.366 - INFO - CDS - seq=contig_2, start=79881, stop=81188, strand=+, nt=[ATGGTCTTAC..ACGCAAGTAG]
19:35:35.366 - INFO - CDS - seq=contig_2, start=81432, stop=81707, strand=+, nt=[ATGGCAAACA..CGTTAAATAA]
19:35:35.366 - INFO - CDS - seq=contig_2, start=81952, stop=83220, strand=+, nt=[ATGAGTTACG..GACGGATTAA]
19:35:35.366 - INFO - CDS - seq=contig_2, start=83231, stop=84109, strand=-, nt=[ATGTCACGCA..TGGTCATTGA]
19:35:35.366 - INFO - CDS - seq=contig_2, start=84213, stop=85409, strand=+, nt=[ATGCGACTAG..TCGTTTGTGA]
19:35:35.366 - INFO - CDS - seq=contig_2, start=85547, stop=86002, strand=+, nt=[ATGGCAGAAC..GCGGATCTAA]
19:35:35.366 - INFO - CDS - seq=contig_2, start=86098, stop=87990, strand=+, nt=[ATGCAGACGC..GTATGTTTGA]
19:35:35.366 - INFO - CDS - seq=contig_2, start=88019, stop=88969, strand=+, nt=[ATGTTAGAGC..TGCCGTTTAA]
19:35:35.366 - INFO - CDS - seq=contig_2, start=89097, stop=89588, strand=+, nt=[ATGGTAGCAT..GCAAAAATGA]
19:35:35.366 - INFO - CDS - seq=contig_2, start=89743, stop=90384, strand=-, nt=[ATGCGCGTGG..TTTCGTTTAA]
19:35:35.366 - INFO - CDS - seq=contig_2, start=90546, stop=91430, strand=+, nt=[ATGAGTTCGA..CGTTGATTAA]
19:35:35.366 - INFO - CDS - seq=contig_2, start=91767, stop=92612, strand=+, nt=[ATGGCCAAGT..TTGGGAGTGA]
19:35:35.366 - INFO - CDS - seq=contig_2, start=92618, stop=93247, strand=+, nt=[GTGACAGAAA..TAATCAGTGA]
19:35:35.366 - INFO - CDS - seq=contig_2, start=93318, stop=93794, strand=+, nt=[ATGGTTGAAC..GGATCAATAA]
19:35:35.366 - INFO - CDS - seq=contig_2, start=93794, stop=94036, strand=+, nt=[ATGCATCGGA..GTATCAATAA]
19:35:35.366 - INFO - CDS - seq=contig_2, start=94062, stop=95447, strand=+, nt=[TTGATAATTG..AGCTAAGTGA]
19:35:35.366 - INFO - CDS - seq=contig_2, start=95542, stop=95856, strand=+, nt=[ATGGTTGACT..TAGCGACTAA]
19:35:35.366 - INFO - CDS - seq=contig_2, start=96009, stop=96869, strand=+, nt=[ATGGCACAAA..CGCTGAGTGA]
19:35:35.366 - INFO - CDS - seq=contig_2, start=96844, stop=97611, strand=+, nt=[GTGAGACAGA..GCGCTCTTAG]
19:35:35.366 - INFO - CDS - seq=contig_2, start=97673, stop=98488, strand=+, nt=[ATGACACTGC..TTACCCTTGA]
19:35:35.366 - INFO - CDS - seq=contig_2, start=98758, stop=100842, strand=+, nt=[ATGGCCGACA..AAAAGCATAA]
19:35:35.366 - INFO - CDS - seq=contig_2, start=101274, stop=102593, strand=+, nt=[ATGCCAACAG..ACAAGTTTAA]
19:35:35.366 - INFO - CDS - seq=contig_2, start=102718, stop=103614, strand=+, nt=[ATGAAGCCAA..GCATAATTAA]
19:35:35.366 - INFO - CDS - seq=contig_2, start=103862, stop=104386, strand=+, nt=[ATGACAACAA..AAGCTTTTAG]
19:35:35.366 - INFO - CDS - seq=contig_2, start=104430, stop=105839, strand=+, nt=[ATGGCAGAAG..TATTTTGTAG]
19:35:35.366 - INFO - CDS - seq=contig_2, start=105875, stop=106753, strand=+, nt=[ATGGTAACGA..CATTTTCTAA]
19:35:35.366 - INFO - CDS - seq=contig_2, start=106835, stop=107458, strand=-, nt=[TTGATACTTG..CCGCTCTTAG]
19:35:35.366 - INFO - CDS - seq=contig_2, start=107976, stop=109988, strand=+, nt=[ATGGATAAAG..AGGAAAGTAA]
19:35:35.366 - INFO - CDS - seq=contig_2, start=109995, stop=112439, strand=+, nt=[TTGGCCAATC..AGTCGAATAA]
19:35:35.366 - INFO - CDS - seq=contig_2, start=112691, stop=114952, strand=+, nt=[ATGAAACAGC..AGAAATGTAA]
19:35:35.366 - INFO - CDS - seq=contig_2, start=115084, stop=115935, strand=+, nt=[ATGAAACTCA..GAGCAACTGA]
19:35:35.366 - INFO - CDS - seq=contig_2, start=116060, stop=117028, strand=+, nt=[ATGAAAACGA..TGATAAGTAA]
19:35:35.366 - INFO - CDS - seq=contig_2, start=117058, stop=117990, strand=+, nt=[ATGACGACTT..TGAAGGTTAA]
19:35:35.366 - INFO - CDS - seq=contig_2, start=119142, stop=120254, strand=+, nt=[GTGTCGACAC..ACAAGCTTAA]
19:35:35.366 - INFO - CDS - seq=contig_2, start=120361, stop=120714, strand=+, nt=[GTGTTAGATG..GCCGGCTTAA]
19:35:35.366 - INFO - CDS - seq=contig_2, start=120782, stop=122773, strand=-, nt=[ATGAAATTCT..TCGCAGCTAA]
19:35:35.366 - INFO - CDS - seq=contig_2, start=122770, stop=123540, strand=-, nt=[ATGTCAACAT..TGGACAATGA]
19:35:35.366 - INFO - CDS - seq=contig_2, start=123634, stop=124590, strand=-, nt=[ATGATGAAAG..AGTGGAGTAA]
19:35:35.366 - INFO - CDS - seq=contig_2, start=124587, stop=125279, strand=-, nt=[ATGGCACAGA..AAAGCCATGA]
19:35:35.366 - INFO - CDS - seq=contig_2, start=125576, stop=126640, strand=+, nt=[ATGACCTATG..TTCGTGGTAA]
19:35:35.366 - INFO - CDS - seq=contig_2, start=126877, stop=127272, strand=-, nt=[ATGATTAAAA..CCGGTATTAA]
19:35:35.367 - INFO - CDS - seq=contig_2, start=127275, stop=127673, strand=-, nt=[TTGCCCTATA..GGAGGGATAA]
19:35:35.367 - INFO - CDS - seq=contig_2, start=127894, stop=128529, strand=-, nt=[ATGTTGGAAA..TTTCAAATAA]
19:35:35.367 - INFO - CDS - seq=contig_2, start=128798, stop=129889, strand=-, nt=[ATGCTAAAAC..AAAAAAATAA]
19:35:35.367 - INFO - CDS - seq=contig_2, start=129973, stop=130305, strand=-, nt=[ATGACCCAAG..GAAATATTAA]
19:35:35.367 - INFO - CDS - seq=contig_2, start=130302, stop=130634, strand=-, nt=[ATGATCACAC..TCTTACATGA]
19:35:35.367 - INFO - CDS - seq=contig_2, start=130631, stop=131389, strand=-, nt=[ATGCTGACAA..GGTTCGATGA]
19:35:35.367 - INFO - CDS - seq=contig_2, start=131391, stop=132107, strand=-, nt=[ATGAAGCTCT..GGAGGGTTAA]
19:35:35.367 - INFO - CDS - seq=contig_2, start=132085, stop=132711, strand=-, nt=[ATGATTGTGA..CCGCGATTGA]
19:35:35.367 - INFO - CDS - seq=contig_2, start=132712, stop=133296, strand=-, nt=[ATGCGTACAG..TGTGATTTGA]
19:35:35.367 - INFO - CDS - seq=contig_2, start=133300, stop=134592, strand=-, nt=[ATGAAAATTT..GGAGGTTTAA]
19:35:35.367 - INFO - CDS - seq=contig_2, start=134589, stop=135224, strand=-, nt=[ATGACACTCA..ATCGTTATGA]
19:35:35.367 - INFO - CDS - seq=contig_2, start=135221, stop=136369, strand=-, nt=[ATGTCAAATC..GATCCTATGA]
19:35:35.367 - INFO - CDS - seq=contig_2, start=136940, stop=138037, strand=-, nt=[ATGTTACGCA..CCCTAATTAG]
19:35:35.367 - INFO - CDS - seq=contig_2, start=138606, stop=139166, strand=-, nt=[ATGTTTTTTG..CAAAGATTAA]
19:35:35.367 - INFO - CDS - seq=contig_2, start=139216, stop=140082, strand=-, nt=[ATGAAAATTG..GAAAGCATAA]
19:35:35.367 - INFO - CDS - seq=contig_2, start=140236, stop=141939, strand=+, nt=[ATGTCATTTG..TACCAAGTAA]
19:35:35.367 - INFO - CDS - seq=contig_2, start=141985, stop=142296, strand=+, nt=[ATGAAAGCAT..TCTTGAATAA]
19:35:35.367 - INFO - CDS - seq=contig_2, start=142357, stop=143505, strand=-, nt=[ATGATGGCTG..CCAAGGTTAA]
19:35:35.367 - INFO - CDS - seq=contig_2, start=143520, stop=144464, strand=-, nt=[ATGAAAATTA..CGCAAAATAA]
19:35:35.367 - INFO - CDS - seq=contig_2, start=144558, stop=145883, strand=-, nt=[ATGGCGATCG..TCTTTACTAA]
19:35:35.367 - INFO - CDS - seq=contig_2, start=145901, stop=146887, strand=-, nt=[ATGGCTGAAT..ATCATATTGA]
19:35:35.367 - INFO - CDS - seq=contig_2, start=147027, stop=148031, strand=-, nt=[ATGCAAAAAA..CGCAGAATAG]
19:35:35.367 - INFO - CDS - seq=contig_2, start=148049, stop=149464, strand=-, nt=[ATGACAATGA..TCACAAATAA]
19:35:35.367 - INFO - CDS - seq=contig_2, start=149461, stop=150582, strand=-, nt=[ATGACCATGC..TGGCAGATGA]
19:35:35.367 - INFO - CDS - seq=contig_2, start=150579, stop=151430, strand=-, nt=[ATGATCACAG..TGCCTCATGA]
19:35:35.367 - INFO - CDS - seq=contig_2, start=151980, stop=152621, strand=-, nt=[ATGACTAAAT..GTTTCAATAA]
19:35:35.367 - INFO - CDS - seq=contig_2, start=152614, stop=153333, strand=-, nt=[ATGACGCCTA..ACATGACTAA]
19:35:35.367 - INFO - CDS - seq=contig_2, start=153330, stop=154205, strand=-, nt=[ATGGCCATTC..AGTTTTATGA]
19:35:35.367 - INFO - CDS - seq=contig_2, start=154366, stop=157548, strand=-, nt=[ATGCCAAAAC..TAAAAGTTGA]
19:35:35.367 - INFO - CDS - seq=contig_2, start=157551, stop=158633, strand=-, nt=[ATGAAGCGCT..GAAAGGATAA]
19:35:35.367 - INFO - CDS - seq=contig_2, start=158793, stop=160058, strand=-, nt=[ATGCTCATCA..AAGAGCGTGA]
19:35:35.367 - INFO - CDS - seq=contig_2, start=160062, stop=161003, strand=-, nt=[ATGACCTTAT..AGAGGAGTAA]
19:35:35.367 - INFO - CDS - seq=contig_2, start=160990, stop=162297, strand=-, nt=[ATGGCATTTC..CCTTATCTAA]
19:35:35.367 - INFO - CDS - seq=contig_2, start=162299, stop=162847, strand=-, nt=[ATGGCACAGT..GGAGGGCTAA]
19:35:35.367 - INFO - CDS - seq=contig_2, start=163174, stop=164094, strand=-, nt=[ATGACCAGCA..CGTTCGGTAA]
19:35:35.367 - INFO - CDS - seq=contig_2, start=164094, stop=164558, strand=-, nt=[GTGCTTATTT..GGTGGCGTGA]
19:35:35.367 - INFO - CDS - seq=contig_2, start=164669, stop=166342, strand=-, nt=[ATGTCTGATA..CCTGTTCTAA]
19:35:35.368 - INFO - CDS - seq=contig_2, start=166355, stop=166759, strand=-, nt=[GTGCCAGAAT..CGCCAAATAA]
19:35:35.368 - INFO - CDS - seq=contig_2, start=166784, stop=167182, strand=+, nt=[ATGCTTAAAC..TAAAATATAA]
19:35:35.368 - INFO - CDS - seq=contig_2, start=167423, stop=168025, strand=-, nt=[GTGAATCAAG..TTTGAAATAA]
19:35:35.368 - INFO - CDS - seq=contig_2, start=168335, stop=169804, strand=+, nt=[ATGTCGCTGA..TATTCTTTAA]
19:35:35.368 - INFO - CDS - seq=contig_2, start=169873, stop=170199, strand=-, nt=[ATGAAACGAG..GCAACGTTAA]
19:35:35.368 - INFO - CDS - seq=contig_2, start=170351, stop=171802, strand=-, nt=[ATGGTCTTTG..AGCCCACTGA]
19:35:35.368 - INFO - CDS - seq=contig_2, start=172176, stop=172406, strand=+, nt=[ATGCGTAACA..GGCTGTTTGA]
19:35:35.368 - INFO - CDS - seq=contig_2, start=172476, stop=174647, strand=+, nt=[ATGTCATTAA..CTCAATCTGA]
19:35:35.368 - INFO - CDS - seq=contig_2, start=174700, stop=175680, strand=+, nt=[ATGGCAAAAC..CGACAAATAA]
19:35:35.368 - INFO - CDS - seq=contig_2, start=175756, stop=176637, strand=-, nt=[ATGGAACTGC..CAGTGAATGA]
19:35:35.368 - INFO - CDS - seq=contig_2, start=176865, stop=178769, strand=-, nt=[ATGACTAGTG..AATTTGGTAA]
19:35:35.368 - INFO - CDS - seq=contig_2, start=179009, stop=180022, strand=+, nt=[ATGTATTATG..CGTACCATAA]
19:35:35.368 - INFO - CDS - seq=contig_2, start=180136, stop=180363, strand=-, nt=[ATGGCACAAC..ATATAATTGA]
19:35:35.368 - INFO - CDS - seq=contig_2, start=180519, stop=181454, strand=-, nt=[ATGAAGATTC..CGGATACTGA]
19:35:35.368 - INFO - CDS - seq=contig_2, start=181590, stop=182732, strand=-, nt=[ATGAGATATC..TAGAGCGTGA]
19:35:35.368 - INFO - CDS - seq=contig_2, start=183533, stop=183928, strand=-, nt=[ATGGATAGTA..CCAATATTAA]
19:35:35.368 - INFO - CDS - seq=contig_2, start=183984, stop=184559, strand=-, nt=[ATGGTTGGAA..AAATGATTGA]
19:35:35.368 - INFO - CDS - seq=contig_2, start=184626, stop=185252, strand=+, nt=[ATGACCATTC..GCGTGGCTGA]
19:35:35.368 - INFO - CDS - seq=contig_2, start=185245, stop=187551, strand=+, nt=[GTGGCTGATA..CAACCCCTGA]
19:35:35.368 - INFO - CDS - seq=contig_2, start=187660, stop=188121, strand=-, nt=[ATGACAGATA..CCAACAATAA]
19:35:35.368 - INFO - CDS - seq=contig_2, start=188118, stop=188807, strand=-, nt=[ATGAAAATTC..CAAATCATGA]
19:35:35.368 - INFO - CDS - seq=contig_2, start=188843, stop=189466, strand=-, nt=[ATGACGGATT..GGAGCTGTGA]
19:35:35.368 - INFO - CDS - seq=contig_2, start=189521, stop=190819, strand=-, nt=[ATGACGGAAC..GAAACCATGA]
19:35:35.368 - INFO - CDS - seq=contig_2, start=190850, stop=192025, strand=-, nt=[GTGCATTTAG..GGGCAAGTAA]
19:35:35.368 - INFO - CDS - seq=contig_2, start=192080, stop=192568, strand=-, nt=[ATGCGTCATC..AAACTTATAA]
19:35:35.368 - INFO - CDS - seq=contig_2, start=192743, stop=195529, strand=-, nt=[ATGAATGCTG..CAGAGCGTGA]
19:35:35.368 - INFO - CDS - seq=contig_2, start=195568, stop=199272, strand=-, nt=[ATGACCCAAT..TGGTAAATAG]
19:35:35.368 - INFO - CDS - seq=contig_2, start=199269, stop=202808, strand=-, nt=[ATGGGGCTGC..GCAAGCATGA]
19:35:35.368 - INFO - CDS - seq=contig_2, start=203159, stop=204094, strand=+, nt=[ATGGAAATCG..ATCGAAATGA]
19:35:35.368 - INFO - CDS - seq=contig_2, start=204102, stop=205106, strand=+, nt=[ATGACGACTT..GCAAGGATGA]
19:35:35.368 - INFO - CDS - seq=contig_2, start=205072, stop=206106, strand=+, nt=[ATGACACAAA..GGGAATTTGA]
19:35:35.368 - INFO - CDS - seq=contig_2, start=206595, stop=207926, strand=-, nt=[GTGCAACTAC..GCGTGTTTGA]
19:35:35.368 - INFO - CDS - seq=contig_2, start=207913, stop=208869, strand=-, nt=[GTGAAAAAAT..AACTACCTGA]
19:35:35.368 - INFO - CDS - seq=contig_2, start=208922, stop=209665, strand=-, nt=[ATGGACTATT..ATTACAATAG]
19:35:35.368 - INFO - CDS - seq=contig_2, start=209758, stop=210108, strand=-, nt=[ATGGCAGACA..CATTCATTAA]
19:35:35.368 - INFO - CDS - seq=contig_2, start=210160, stop=210348, strand=-, nt=[ATGCCATTAG..TAAGGCTTAA]
19:35:35.368 - INFO - CDS - seq=contig_2, start=210491, stop=211285, strand=-, nt=[ATGACGAGCG..TTTCATGTGA]
19:35:35.368 - INFO - CDS - seq=contig_2, start=211272, stop=211982, strand=-, nt=[ATGGATCATA..CGAGCGGTAA]
19:35:35.368 - INFO - CDS - seq=contig_2, start=212198, stop=213466, strand=-, nt=[ATGGCTGATA..TCTTGAGTAA]
19:35:35.368 - INFO - CDS - seq=contig_2, start=213480, stop=215267, strand=-, nt=[ATGATTCCTG..ACAAGGCTAG]
19:35:35.369 - INFO - CDS - seq=contig_2, start=215460, stop=217529, strand=-, nt=[ATGACGCATC..TGTTAAGTAG]
19:35:35.369 - INFO - CDS - seq=contig_2, start=217531, stop=218427, strand=-, nt=[ATGACAAAAA..GGTGGAATAA]
19:35:35.369 - INFO - CDS - seq=contig_2, start=218819, stop=219988, strand=-, nt=[ATGGCTTCAA..TAAAAAATAA]
19:35:35.369 - INFO - CDS - seq=contig_2, start=220031, stop=220357, strand=-, nt=[GTGGTAATGA..GCGTAAATAG]
19:35:35.369 - INFO - CDS - seq=contig_2, start=221182, stop=222852, strand=-, nt=[ATGAAATCAA..TGAGAAGTAG]
19:35:35.369 - INFO - CDS - seq=contig_2, start=223059, stop=224216, strand=-, nt=[TTGCAATTTA..CATCAAGTAA]
19:35:35.369 - INFO - CDS - seq=contig_2, start=224219, stop=224551, strand=-, nt=[ATGAAAGATT..GGGGGCTTAA]
19:35:35.369 - INFO - CDS - seq=contig_2, start=224564, stop=224779, strand=-, nt=[ATGCTAATGG..GTTCTTGTGA]
19:35:35.369 - INFO - CDS - seq=contig_2, start=224822, stop=224953, strand=-, nt=[GTGACTAATT..CAAAAGCTAG]
19:35:35.369 - INFO - CDS - seq=contig_2, start=224946, stop=225236, strand=-, nt=[ATGAAAATCA..AAGTGACTAA]
19:35:35.369 - INFO - CDS - seq=contig_2, start=225246, stop=227699, strand=-, nt=[ATGGAATACT..ATTTTTCTAG]
19:35:35.369 - INFO - CDS - seq=contig_2, start=227700, stop=229670, strand=-, nt=[TTGAAACAAG..GTGGCTGTAA]
19:35:35.369 - INFO - CDS - seq=contig_2, start=229671, stop=233594, strand=-, nt=[GTGATTGAAG..AACCGTTTAA]
19:35:35.369 - INFO - CDS - seq=contig_2, start=233591, stop=233746, strand=-, nt=[ATGAAAAAGC..GAAAGGGTGA]
19:35:35.369 - INFO - CDS - seq=contig_2, start=233799, stop=234149, strand=-, nt=[ATGAAAATTA..CAAAGATTAA]
19:35:35.369 - INFO - CDS - seq=contig_2, start=234313, stop=234924, strand=-, nt=[ATGGCAACAG..AGGCGAATAA]
19:35:35.369 - INFO - CDS - seq=contig_2, start=234925, stop=235305, strand=-, nt=[ATGAGTGCCG..AGGAATTTAA]
19:35:35.369 - INFO - CDS - seq=contig_2, start=235302, stop=235721, strand=-, nt=[ATGGAAATGG..AGACAAATGA]
19:35:35.369 - INFO - CDS - seq=contig_2, start=236058, stop=236348, strand=-, nt=[ATGACAGAAA..TGACAGTTAA]
19:35:35.369 - INFO - CDS - seq=contig_2, start=236419, stop=238326, strand=-, nt=[GTGAAAAATG..TGGCAAATAA]
19:35:35.369 - INFO - CDS - seq=contig_2, start=238326, stop=239426, strand=-, nt=[ATGAGCGTAT..TGTGATTTAG]
19:35:35.369 - INFO - CDS - seq=contig_2, start=239423, stop=239605, strand=-, nt=[GTGAGCAAAT..TAGTAGATGA]
19:35:35.369 - INFO - CDS - seq=contig_2, start=239727, stop=241628, strand=-, nt=[TTGATAAAGC..AGGCTTTTAA]
19:35:35.369 - INFO - CDS - seq=contig_2, start=241625, stop=242101, strand=-, nt=[ATGGGTAGAA..CCAGTTTTGA]
19:35:35.369 - INFO - CDS - seq=contig_2, start=242566, stop=243564, strand=-, nt=[GTGACAGGTA..TGAACAGTAA]
19:35:35.369 - INFO - CDS - seq=contig_2, start=243561, stop=243788, strand=-, nt=[ATGAATGGCA..TGTTAAGTGA]
19:35:35.369 - INFO - CDS - seq=contig_2, start=243809, stop=244096, strand=-, nt=[ATGAATAACA..CATAAACTAG]
19:35:35.369 - INFO - CDS - seq=contig_2, start=244093, stop=244542, strand=-, nt=[GTGCATCAAA..AAATAAATGA]
19:35:35.370 - INFO - CDS - seq=contig_2, start=244622, stop=244996, strand=-, nt=[ATGAATAACT..ACCGTTCTAA]
19:35:35.370 - INFO - CDS - seq=contig_2, start=244989, stop=245813, strand=-, nt=[TTGATTAATA..GGATGAATAA]
19:35:35.370 - INFO - CDS - seq=contig_2, start=246057, stop=246704, strand=-, nt=[ATGAATACAG..CCCCAATTAA]
19:35:35.370 - INFO - CDS - seq=contig_2, start=246827, stop=247972, strand=-, nt=[ATGAGATATA..TAAGGAGTAA]
19:35:35.370 - INFO - CDS - seq=contig_2, start=250250, stop=250561, strand=+, nt=[ATGAAGACGT..TGACGACTGA]
19:35:35.370 - INFO - CDS - seq=contig_2, start=251549, stop=251857, strand=-, nt=[ATGTCAGAAA..TGGCGTTTAA]
19:35:35.370 - INFO - CDS - seq=contig_2, start=252002, stop=252313, strand=-, nt=[ATGGCAAGAA..GGTGCATTAA]
19:35:35.370 - INFO - CDS - seq=contig_2, start=252564, stop=253343, strand=-, nt=[ATGGTTAGGC..CTCGGAATGA]
19:35:35.370 - INFO - CDS - seq=contig_2, start=253343, stop=254245, strand=-, nt=[TTGAGTGAAC..TCTTCGATAA]
19:35:35.370 - INFO - CDS - seq=contig_2, start=254242, stop=254631, strand=-, nt=[TTGTCAGTTT..TAACGCTTGA]
19:35:35.370 - INFO - CDS - seq=contig_2, start=254633, stop=255031, strand=-, nt=[ATGGCCTTAC..GAGTTGGTAA]
19:35:35.370 - INFO - CDS - seq=contig_2, start=255015, stop=255473, strand=-, nt=[ATGGACTTAG..TACCAGATAA]
19:35:35.370 - INFO - CDS - seq=contig_2, start=255477, stop=256463, strand=-, nt=[TTGGCACAAG..GAAGGAGTAA]
19:35:35.370 - INFO - CDS - seq=contig_2, start=256676, stop=256840, strand=-, nt=[ATGGCAGTCT..TATCGTCTAA]
19:35:35.370 - INFO - CDS - seq=contig_2, start=256797, stop=257240, strand=-, nt=[GTGGCTTTAA..ACTTAGTTAA]
19:35:35.370 - INFO - CDS - seq=contig_2, start=257260, stop=257436, strand=-, nt=[ATGGCTAAGA..GAAGTTTTAA]
19:35:35.370 - INFO - CDS - seq=contig_2, start=257740, stop=258570, strand=+, nt=[ATGACGCAAG..AACCCATTAA]
19:35:35.370 - INFO - CDS - seq=contig_2, start=258567, stop=259454, strand=-, nt=[ATGTTAATAG..GATGGTTTAA]
19:35:35.370 - INFO - CDS - seq=contig_2, start=259590, stop=260510, strand=-, nt=[ATGGAAGAGA..AACGGATTAA]
19:35:35.370 - INFO - CDS - seq=contig_2, start=260602, stop=261054, strand=-, nt=[TTGTCAGATC..TGTTCATTAA]
19:35:35.370 - INFO - CDS - seq=contig_2, start=261144, stop=262949, strand=-, nt=[ATGAGTAAAC..AACTGAGTAA]
19:35:35.370 - INFO - CDS - seq=contig_2, start=262951, stop=264234, strand=-, nt=[ATGAATTATC..GGCAAAATAA]
19:35:35.370 - INFO - CDS - seq=contig_2, start=264754, stop=265080, strand=+, nt=[ATGGCAAGTA..GTTAGTTTAA]
19:35:35.370 - INFO - CDS - seq=contig_2, start=265209, stop=266714, strand=-, nt=[ATGATGCGAC..CGCAAGGTAA]
19:35:35.370 - INFO - CDS - seq=contig_2, start=266711, stop=267586, strand=-, nt=[ATGTCATTAT..GAAAGGATGA]
19:35:35.370 - INFO - CDS - seq=contig_2, start=267832, stop=268272, strand=+, nt=[ATGTGGCAAG..TTTGGCATAA]
19:35:35.370 - INFO - CDS - seq=contig_2, start=268411, stop=269733, strand=+, nt=[ATGAAGAAAA..TCATCAGTGA]
19:35:35.370 - INFO - CDS - seq=contig_2, start=269806, stop=270432, strand=-, nt=[ATGCTAGTCA..CCGCGTTTAA]
19:35:35.370 - INFO - CDS - seq=contig_2, start=270432, stop=270878, strand=-, nt=[ATGCGCGCAG..GGCGAAATGA]
19:35:35.370 - INFO - CDS - seq=contig_2, start=270999, stop=273227, strand=-, nt=[ATGGCCGAAG..CAATGGCTGA]
19:35:35.370 - INFO - CDS - seq=contig_2, start=273464, stop=273787, strand=-, nt=[ATGAGTCGTA..AAAGGACTAG]
19:35:35.370 - INFO - CDS - seq=contig_2, start=273814, stop=274554, strand=-, nt=[ATGCAGCGGT..ATCTATATAA]
19:35:35.370 - INFO - CDS - seq=contig_2, start=274687, stop=275634, strand=-, nt=[ATGAATGATT..AACAGCATGA]
19:35:35.370 - INFO - CDS - seq=contig_2, start=275751, stop=276245, strand=-, nt=[ATGAGCCAAA..CAAGTACTAG]
19:35:35.371 - INFO - CDS - seq=contig_2, start=276242, stop=276856, strand=-, nt=[ATGTTAAGCA..GCAATCATGA]
19:35:35.371 - INFO - CDS - seq=contig_2, start=276953, stop=277201, strand=+, nt=[ATGGCAGAAA..GCAAGCTTAG]
19:35:35.371 - INFO - CDS - seq=contig_2, start=277271, stop=277657, strand=-, nt=[ATGAAAAAAG..GCTTGAGTAA]
19:35:35.371 - INFO - CDS - seq=contig_2, start=278120, stop=278302, strand=-, nt=[ATGGCCTGGT..GCGACATTAA]
19:35:35.371 - INFO - CDS - seq=contig_2, start=278302, stop=278688, strand=-, nt=[TTGAAAATTT..GGTGTCGTGA]
19:35:35.371 - INFO - CDS - seq=contig_2, start=279396, stop=280874, strand=-, nt=[TTGTTTTATT..GGCGGGTTAG]
19:35:35.371 - INFO - CDS - seq=contig_2, start=281484, stop=282482, strand=+, nt=[GTGATACGAT..TGATCGTTAA]
19:35:35.371 - INFO - CDS - seq=contig_2, start=282633, stop=284249, strand=-, nt=[ATGATATTCT..GAAGGGGTAA]
19:35:35.371 - INFO - CDS - seq=contig_2, start=284262, stop=285797, strand=-, nt=[TTGAACTATT..TCTTAGATAG]
19:35:35.371 - INFO - CDS - seq=contig_2, start=285845, stop=287194, strand=-, nt=[ATGGGATTTT..AGAAGCATAA]
19:35:35.371 - INFO - CDS - seq=contig_2, start=287372, stop=289105, strand=-, nt=[ATGGGGAAAA..ATTAGCGTAA]
19:35:35.371 - INFO - CDS - seq=contig_2, start=289241, stop=289480, strand=-, nt=[ATGAAGGCAA..TCTTTCGTAA]
19:35:35.371 - INFO - CDS - seq=contig_2, start=289487, stop=292198, strand=-, nt=[TTGAAAAAAA..TACGAGGTAG]
19:35:35.371 - INFO - CDS - seq=contig_2, start=292466, stop=293164, strand=-, nt=[TTGGCTGCTT..TGAAAACTAA]
19:35:35.371 - INFO - CDS - seq=contig_2, start=298083, stop=298331, strand=+, nt=[TTGGCTGAAC..ACTTGTTTGA]
19:35:35.371 - INFO - CDS - seq=contig_2, start=298539, stop=298838, strand=+, nt=[GTGGCGCTTG..GGCTGCATAA]
19:35:35.371 - INFO - CDS - seq=contig_2, start=301392, stop=302405, strand=-, nt=[ATGAGTTTCT..CATGAGTTAA]
19:35:35.371 - INFO - CDS - seq=contig_2, start=302614, stop=303417, strand=-, nt=[ATGGGTGAAA..GTTAACTTAA]
19:35:35.371 - INFO - CDS - seq=contig_2, start=303840, stop=304154, strand=-, nt=[ATGTTTGAGA..CCAGAAGTAA]
19:35:35.371 - INFO - CDS - seq=contig_2, start=304173, stop=304676, strand=-, nt=[ATGGCTAAAC..GCAAGACTGA]
19:35:35.371 - INFO - CDS - seq=contig_2, start=305000, stop=305527, strand=-, nt=[ATGACCATCA..TGGCGCATGA]
19:35:35.371 - INFO - CDS - seq=contig_2, start=305524, stop=307818, strand=-, nt=[ATGACGCAGT..AGAATCATGA]
19:35:35.371 - INFO - CDS - seq=contig_2, start=308093, stop=308464, strand=+, nt=[ATGGCAAAAT..GGTCTTCTAG]
19:35:35.371 - INFO - CDS - seq=contig_2, start=308788, stop=309264, strand=+, nt=[ATGGCTGACC..AACGAGGTGA]
19:35:35.371 - INFO - CDS - seq=contig_2, start=309270, stop=309503, strand=+, nt=[ATGAATCTCA..CGAGGCATAA]
19:35:35.371 - INFO - CDS - seq=contig_2, start=309596, stop=311434, strand=-, nt=[ATGAATCAAG..AGGTAAATAG]
19:35:35.371 - INFO - CDS - seq=contig_2, start=311591, stop=312499, strand=-, nt=[ATGCAGTATG..TGGCATTTGA]
19:35:35.371 - INFO - CDS - seq=contig_2, start=312591, stop=312782, strand=+, nt=[ATGACATTTT..AATCGCCTAG]
19:35:35.371 - INFO - CDS - seq=contig_2, start=312798, stop=314192, strand=+, nt=[TTGACCAATA..TAAACTGTGA]
19:35:35.371 - INFO - CDS - seq=contig_2, start=314602, stop=315765, strand=-, nt=[ATGGCGGATC..CGGTAAGTAA]
19:35:35.371 - INFO - CDS - seq=contig_2, start=315878, stop=317752, strand=-, nt=[ATGAGTAAAG..TAAGAAGTAA]
19:35:35.371 - INFO - CDS - seq=contig_2, start=317782, stop=318372, strand=-, nt=[ATGGCAGAAC..TGCAAAATAA]
19:35:35.371 - INFO - CDS - seq=contig_2, start=318549, stop=319595, strand=-, nt=[ATGTTGACGA..TGATCAATAA]
19:35:35.371 - INFO - CDS - seq=contig_2, start=319758, stop=320903, strand=-, nt=[ATGGCAGGTG..GCTTGTTTAA]
19:35:35.372 - INFO - CDS - seq=contig_2, start=320905, stop=321852, strand=-, nt=[ATGAAAACAA..GAAGGGTTAA]
19:35:35.372 - INFO - CDS - seq=contig_2, start=321859, stop=322764, strand=-, nt=[ATGAACGGGA..GAATGTGTGA]
19:35:35.372 - INFO - CDS - seq=contig_2, start=322776, stop=323567, strand=-, nt=[ATGCACGGTA..AAAACCATGA]
19:35:35.372 - INFO - CDS - seq=contig_2, start=323872, stop=324225, strand=-, nt=[ATGAAACATC..TCTTGAATAA]
19:35:35.372 - INFO - CDS - seq=contig_2, start=324286, stop=327117, strand=-, nt=[ATGGGCAAAA..AGTGAAGTAA]
19:35:35.372 - INFO - CDS - seq=contig_2, start=327138, stop=327443, strand=-, nt=[GTGACGATGC..GCTCACCTAA]
19:35:35.372 - INFO - CDS - seq=contig_2, start=327440, stop=327733, strand=-, nt=[ATGAAAAAGC..CGGCAAGTGA]
19:35:35.372 - INFO - CDS - seq=contig_2, start=327745, stop=328998, strand=-, nt=[ATGTCAAAGG..GCAAGCTTAA]
19:35:35.372 - INFO - CDS - seq=contig_2, start=329015, stop=329494, strand=-, nt=[TTGAGTACGC..CGAGTTCTAG]
19:35:35.372 - INFO - CDS - seq=contig_2, start=329749, stop=334083, strand=-, nt=[TTGGCTTTAT..TTTATTCTAG]
19:35:35.372 - INFO - CDS - seq=contig_2, start=334150, stop=335877, strand=-, nt=[ATGAAACAAT..AGACAATTGA]
19:35:35.372 - INFO - CDS - seq=contig_2, start=335902, stop=337143, strand=-, nt=[ATGACCACTA..CTACTTTTAA]
19:35:35.372 - INFO - CDS - seq=contig_2, start=337160, stop=337948, strand=-, nt=[ATGAAACAAC..CATTGTCTAA]
19:35:35.372 - INFO - CDS - seq=contig_2, start=337984, stop=338736, strand=-, nt=[TTGGCCACAT..AAAAAAATAA]
19:35:35.372 - INFO - CDS - seq=contig_2, start=339267, stop=339824, strand=-, nt=[ATGGCAAATC..TGAAGTTTAA]
19:35:35.372 - INFO - CDS - seq=contig_2, start=339824, stop=340543, strand=-, nt=[ATGGTCAAAT..GAGAAGCTAA]
19:35:35.372 - INFO - CDS - seq=contig_2, start=340767, stop=341648, strand=-, nt=[ATGGCTCAAA..TAAGGGTTAA]
19:35:35.372 - INFO - CDS - seq=contig_2, start=341733, stop=342521, strand=-, nt=[ATGGCAGTAT..TGCAAAATAA]
19:35:35.372 - INFO - CDS - seq=contig_2, start=343051, stop=343320, strand=-, nt=[ATGGCGACTA..TTGGCGATAA]
19:35:35.372 - INFO - CDS - seq=contig_2, start=343310, stop=344053, strand=-, nt=[GTGTTCGTGA..TGGCGACTAA]
19:35:35.372 - INFO - CDS - seq=contig_2, start=344706, stop=344930, strand=-, nt=[ATGGCCGAAA..AGAATATTGA]
19:35:35.372 - INFO - CDS - seq=contig_2, start=344975, stop=346273, strand=-, nt=[ATGAAACTAA..TATCAGGTAA]
19:35:35.372 - INFO - CDS - seq=contig_2, start=346290, stop=346499, strand=-, nt=[ATGGAAGACT..AAAAAGGTGA]
19:35:35.372 - INFO - CDS - seq=contig_2, start=346512, stop=346958, strand=-, nt=[ATGAATAATT..ACAACAATAA]
19:35:35.372 - INFO - CDS - seq=contig_2, start=346951, stop=347160, strand=-, nt=[GTGACAGCAG..TCATGAATAA]
19:35:35.372 - INFO - CDS - seq=contig_2, start=347129, stop=347527, strand=-, nt=[ATGCTAAATA..CAATTGTTGA]
19:35:35.372 - INFO - CDS - seq=contig_2, start=347558, stop=347689, strand=-, nt=[ATGAGTGACT..CAAAAGCTAG]
19:35:35.372 - INFO - CDS - seq=contig_2, start=347682, stop=347972, strand=-, nt=[ATGAAGATTA..AAATGAGTGA]
19:35:35.372 - INFO - CDS - seq=contig_2, start=347974, stop=350463, strand=-, nt=[ATGGAGTATT..GGTGAATTAA]
19:35:35.372 - INFO - CDS - seq=contig_2, start=350464, stop=352521, strand=-, nt=[TTGGCGAACT..CTGGCTATAA]
19:35:35.372 - INFO - CDS - seq=contig_2, start=352522, stop=357387, strand=-, nt=[ATGTTAGGAA..TATTTATTAA]
19:35:35.372 - INFO - CDS - seq=contig_2, start=357510, stop=357923, strand=-, nt=[ATGGCATATC..TACCGATTAG]
19:35:35.372 - INFO - CDS - seq=contig_2, start=358239, stop=358847, strand=-, nt=[ATGGCAGATA..AAAAGCGTAG]
19:35:35.372 - INFO - CDS - seq=contig_2, start=358881, stop=359267, strand=-, nt=[ATGGCACCTG..GATTGGCTAG]
19:35:35.372 - INFO - CDS - seq=contig_2, start=359267, stop=359653, strand=-, nt=[ATGGGCGTAA..CGGGATGTAA]
19:35:35.372 - INFO - CDS - seq=contig_2, start=359653, stop=359982, strand=-, nt=[ATGCGAACTA..GGTGAGCTGA]
19:35:35.372 - INFO - CDS - seq=contig_2, start=359972, stop=360331, strand=-, nt=[TTGGCGGATA..TGCGAACTAA]
19:35:35.373 - INFO - CDS - seq=contig_2, start=360342, stop=360581, strand=-, nt=[TTGAGCCAGA..CGCTGGGTAG]
19:35:35.373 - INFO - CDS - seq=contig_2, start=360599, stop=361801, strand=-, nt=[ATGACTTTAG..AAAAGCGTAA]
19:35:35.373 - INFO - CDS - seq=contig_2, start=361842, stop=362471, strand=-, nt=[ATGCCAAAGG..CATCGAATAA]
19:35:35.373 - INFO - CDS - seq=contig_2, start=362425, stop=363678, strand=-, nt=[ATGAAGCTAT..AAGTTCGTGA]
19:35:35.373 - INFO - CDS - seq=contig_2, start=363684, stop=363875, strand=-, nt=[GTGAATGGAA..AGGGAGGTGA]
19:35:35.373 - INFO - CDS - seq=contig_2, start=363887, stop=365599, strand=-, nt=[TTGGCAAAAT..TGGCTTTTAG]
19:35:35.373 - INFO - CDS - seq=contig_2, start=365621, stop=366076, strand=-, nt=[ATGGCTGGAA..TTTTGGCTAA]
19:35:35.373 - INFO - CDS - seq=contig_2, start=366276, stop=367070, strand=-, nt=[ATGCCAAGTA..AAAAAATTAA]
19:35:35.373 - INFO - CDS - seq=contig_2, start=367060, stop=367617, strand=-, nt=[ATGAACGGAA..TGCCAAGTAA]
19:35:35.373 - INFO - CDS - seq=contig_2, start=367614, stop=368006, strand=-, nt=[ATGTCTAATC..AAACATATGA]
19:35:35.373 - INFO - CDS - seq=contig_2, start=367999, stop=369147, strand=-, nt=[ATGCAATGGA..TTATGTCTAA]
19:35:35.373 - INFO - CDS - seq=contig_2, start=369569, stop=369787, strand=+, nt=[ATGAGTTTAG..AAAAGACTAA]
19:35:35.373 - INFO - CDS - seq=contig_2, start=370045, stop=370542, strand=-, nt=[ATGGAACAAA..TTGGAAATAA]
19:35:35.373 - INFO - CDS - seq=contig_2, start=370511, stop=370951, strand=-, nt=[ATGACAAATA..GAGAGACTAG]
19:35:35.373 - INFO - CDS - seq=contig_2, start=371717, stop=372169, strand=-, nt=[GTGGTGCGAG..TGCGAACTAA]
19:35:35.373 - INFO - CDS - seq=contig_2, start=372587, stop=372769, strand=-, nt=[ATGAAAATAA..AAGGCAATGA]
19:35:35.373 - INFO - CDS - seq=contig_2, start=372766, stop=373164, strand=-, nt=[ATGAAACGAG..AGAGCAATGA]
19:35:35.373 - INFO - CDS - seq=contig_2, start=373161, stop=373358, strand=-, nt=[ATGAAACAAA..GGAGAAATGA]
19:35:35.373 - INFO - CDS - seq=contig_2, start=373355, stop=373732, strand=-, nt=[ATGAGCAATG..GGAGAGATGA]
19:35:35.373 - INFO - CDS - seq=contig_2, start=373722, stop=373940, strand=-, nt=[ATGGCATGGG..TGAGCAATGA]
19:35:35.373 - INFO - CDS - seq=contig_2, start=373924, stop=374463, strand=-, nt=[ATGAGCGAAG..GGGTTGTTAG]
19:35:35.373 - INFO - CDS - seq=contig_2, start=374460, stop=374738, strand=-, nt=[ATGAGTGAAG..AGAAAAATGA]
19:35:35.373 - INFO - CDS - seq=contig_2, start=374809, stop=375294, strand=-, nt=[ATGAAAGAAT..GAGTTATTAA]
19:35:35.373 - INFO - CDS - seq=contig_2, start=375294, stop=376118, strand=-, nt=[ATGAGCAATC..GTTGCCTTGA]
19:35:35.373 - INFO - CDS - seq=contig_2, start=376133, stop=376882, strand=-, nt=[ATGAATGAGA..ACCTTGGTAG]
19:35:35.373 - INFO - CDS - seq=contig_2, start=376875, stop=377189, strand=-, nt=[ATGGCCAGAG..TCATGAATGA]
19:35:35.373 - INFO - CDS - seq=contig_2, start=377229, stop=377327, strand=-, nt=[ATGCTCTATT..TACACATTGA]
19:35:35.373 - INFO - CDS - seq=contig_2, start=377372, stop=377917, strand=+, nt=[ATGGATAAAT..TCAGTTTTAA]
19:35:35.373 - INFO - CDS - seq=contig_2, start=377900, stop=378103, strand=-, nt=[TTGAATAGCC..GATTAAATAG]
19:35:35.373 - INFO - CDS - seq=contig_2, start=378096, stop=378188, strand=-, nt=[ATGATTGGTT..GATTGAATAG]
19:35:35.373 - INFO - CDS - seq=contig_2, start=378188, stop=378544, strand=-, nt=[ATGCCGTTGT..GGGCAAATAA]
19:35:35.373 - INFO - CDS - seq=contig_2, start=378611, stop=378862, strand=+, nt=[ATGGTGCAAG..GTCTAAATAG]
19:35:35.373 - INFO - CDS - seq=contig_2, start=378855, stop=379034, strand=-, nt=[ATGAACGTAC..AACTATTTAG]
19:35:35.374 - INFO - CDS - seq=contig_2, start=379035, stop=379850, strand=-, nt=[TTGAACGAAT..GGCCATCTAA]
19:35:35.374 - INFO - CDS - seq=contig_2, start=379901, stop=380362, strand=+, nt=[ATGAAATGGT..AGAAATATAG]
19:35:35.374 - INFO - CDS - seq=contig_2, start=380468, stop=380734, strand=-, nt=[ATGACAGAAA..GACGGTATGA]
19:35:35.374 - INFO - CDS - seq=contig_2, start=380883, stop=381530, strand=+, nt=[ATGAATACTG..AGTTCTATAA]
19:35:35.374 - INFO - CDS - seq=contig_2, start=381592, stop=382269, strand=+, nt=[ATGGAACTAC..TGGTGATTAG]
19:35:35.374 - INFO - CDS - seq=contig_2, start=382350, stop=382994, strand=+, nt=[ATGGATAAGG..CGACAATTAG]
19:35:35.374 - INFO - CDS - seq=contig_2, start=383114, stop=384001, strand=+, nt=[TTGGCAAAAA..AGATAATTAA]
19:35:35.374 - INFO - CDS - seq=contig_2, start=384078, stop=384341, strand=+, nt=[ATGAATTTAA..GAAAAAGTGA]
19:35:35.374 - INFO - CDS - seq=contig_2, start=384450, stop=385622, strand=+, nt=[GTGGCCAGTA..TAATTTGTAA]
19:35:35.374 - INFO - CDS - seq=contig_2, start=385794, stop=386444, strand=+, nt=[ATGTTTTATA..AGAAGTTTAA]
19:35:35.374 - INFO - CDS - seq=contig_2, start=386501, stop=387895, strand=+, nt=[ATGAATCTTT..AATTGAATGA]
19:35:35.374 - INFO - CDS - seq=contig_2, start=387926, stop=388717, strand=+, nt=[TTGATCAATC..CAATGAGTAA]
19:35:35.374 - INFO - CDS - seq=contig_2, start=388815, stop=390608, strand=-, nt=[TTGGCAAGTA..TGCCGAATAA]
19:35:35.374 - INFO - CDS - seq=contig_2, start=390598, stop=392355, strand=-, nt=[GTGGGAATCT..TGGCAAGTAA]
19:35:35.374 - INFO - CDS - seq=contig_2, start=392497, stop=392718, strand=-, nt=[TTGTTAATCA..CGCTAAGTAA]
19:35:35.374 - INFO - CDS - seq=contig_2, start=392779, stop=393024, strand=-, nt=[ATGGCAGAAC..AAAAGATTAG]
19:35:35.374 - INFO - CDS - seq=contig_2, start=393057, stop=393233, strand=-, nt=[ATGGATGATC..ACTCAACTGA]
19:35:35.374 - INFO - CDS - seq=contig_2, start=393460, stop=393807, strand=-, nt=[ATGAACCCAT..GCGTCGTTAA]
19:35:35.374 - INFO - CDS - seq=contig_2, start=393944, stop=394711, strand=-, nt=[ATGCAGATTG..TCAATCCTGA]
19:35:35.374 - INFO - CDS - seq=contig_2, start=394701, stop=395219, strand=-, nt=[ATGCCAGATT..TGCAGATTGA]
19:35:35.374 - INFO - CDS - seq=contig_2, start=395394, stop=395648, strand=-, nt=[ATGGTGGATA..TGCAGAATAA]
19:35:35.374 - INFO - CDS - seq=contig_2, start=395661, stop=395936, strand=-, nt=[GTGGCAGTTA..CAAGAAATAA]
19:35:35.374 - INFO - CDS - seq=contig_2, start=396081, stop=397517, strand=-, nt=[ATGGCATTTG..CCATTCCTAA]
19:35:35.374 - INFO - CDS - seq=contig_2, start=397530, stop=397874, strand=-, nt=[ATGATGGAAA..CGCGAAATAG]
19:35:35.374 - INFO - CDS - seq=contig_2, start=398279, stop=398593, strand=+, nt=[ATGGTCTCAA..AGCGGCTTAA]
19:35:35.374 - INFO - CDS - seq=contig_2, start=398661, stop=399656, strand=-, nt=[ATGGGACTTT..CGAAGCTTAA]
19:35:35.374 - INFO - CDS - seq=contig_2, start=399656, stop=403210, strand=-, nt=[ATGCAATTAA..GATCAATTAA]
19:35:35.374 - INFO - CDS - seq=contig_2, start=403228, stop=403923, strand=-, nt=[ATGGTTGCCT..GAAACGGTAA]
19:35:35.374 - INFO - CDS - seq=contig_2, start=404142, stop=405932, strand=-, nt=[ATGAAAAAGC..TAAAGATTAA]
19:35:35.374 - INFO - CDS - seq=contig_2, start=406126, stop=407034, strand=-, nt=[ATGCAAAATA..TCGCGGGTGA]
19:35:35.374 - INFO - CDS - seq=contig_2, start=407051, stop=408013, strand=-, nt=[ATGTGGAAAA..GATCGAGTAG]
19:35:35.374 - INFO - CDS - seq=contig_2, start=408013, stop=408966, strand=-, nt=[ATGGCAATGA..GCATGATTAA]
19:35:35.374 - INFO - CDS - seq=contig_2, start=408970, stop=409992, strand=-, nt=[TTGGATAAAC..AGGTGAGTAA]
19:35:35.374 - INFO - CDS - seq=contig_2, start=410442, stop=410684, strand=-, nt=[ATGAGTGAAG..TCAGAAGTGA]
19:35:35.374 - INFO - CDS - seq=contig_2, start=410738, stop=411763, strand=-, nt=[ATGAAAATTG..GAAAGCGTAG]
19:35:35.374 - INFO - CDS - seq=contig_2, start=411785, stop=413824, strand=-, nt=[ATGGCTTTGA..TTTGGATTAA]
19:35:35.374 - INFO - CDS - seq=contig_2, start=413974, stop=415650, strand=-, nt=[GTGGCAGTAA..AGTTGAGTAG]
19:35:35.374 - INFO - CDS - seq=contig_2, start=415710, stop=416072, strand=-, nt=[ATGGCGGTCA..AGGCGACTGA]
19:35:35.375 - INFO - CDS - seq=contig_2, start=416489, stop=416674, strand=+, nt=[GTGGCTAAAG..CCGGGTTTGA]
19:35:35.375 - INFO - CDS - seq=contig_2, start=416994, stop=417662, strand=-, nt=[ATGACGCACG..GGATAATTAG]
19:35:35.375 - INFO - CDS - seq=contig_2, start=417659, stop=418309, strand=-, nt=[ATGAAAATTG..AGTTAAATGA]
19:35:35.375 - INFO - CDS - seq=contig_2, start=418382, stop=419287, strand=-, nt=[ATGAGTGAAG..GAAGAAGTAA]
19:35:35.375 - INFO - CDS - seq=contig_2, start=419284, stop=421284, strand=-, nt=[ATGATTGAGC..TACTCAATGA]
19:35:35.375 - INFO - CDS - seq=contig_2, start=421281, stop=422024, strand=-, nt=[ATGGAGTTCG..GCCGCAATGA]
19:35:35.375 - INFO - CDS - seq=contig_2, start=422034, stop=423374, strand=-, nt=[ATGACCCCGA..TCGCAAATGA]
19:35:35.375 - INFO - CDS - seq=contig_2, start=423361, stop=424317, strand=-, nt=[ATGACTTCAG..CCCCGAATAA]
19:35:35.375 - INFO - CDS - seq=contig_2, start=424386, stop=426803, strand=-, nt=[TTGGCAATTG..ATTCGTTTAA]
19:35:35.375 - INFO - CDS - seq=contig_2, start=426808, stop=428007, strand=-, nt=[ATGAAGAAGC..AAAGGGGTGA]
19:35:35.375 - INFO - CDS - seq=contig_2, start=428154, stop=428402, strand=-, nt=[ATGATTATTT..TCAGGAATAA]
19:35:35.375 - INFO - CDS - seq=contig_2, start=428469, stop=429095, strand=-, nt=[ATGCACGAGC..GGCAAGATAG]
19:35:35.375 - INFO - CDS - seq=contig_2, start=429162, stop=429848, strand=-, nt=[ATGGCAACAA..TCAACGGTGA]
19:35:35.375 - INFO - CDS - seq=contig_2, start=429957, stop=430259, strand=+, nt=[ATGGAAAACA..ATTTAAATGA]
19:35:35.375 - INFO - CDS - seq=contig_2, start=430256, stop=430393, strand=+, nt=[ATGATCGGTG..CACCAACTAA]
19:35:35.375 - INFO - CDS - seq=contig_2, start=430564, stop=432264, strand=-, nt=[ATGTTACAAG..CATGGGTTAA]
19:35:35.375 - INFO - CDS - seq=contig_2, start=432269, stop=432721, strand=-, nt=[ATGCGCAAGC..GGTGGGGTGA]
19:35:35.375 - INFO - CDS - seq=contig_2, start=432835, stop=433665, strand=-, nt=[ATGACAAAAA..TCGGCCATAA]
19:35:35.375 - INFO - CDS - seq=contig_2, start=433662, stop=434513, strand=-, nt=[ATGAGCCCTA..GAAAGCATGA]
19:35:35.375 - INFO - CDS - seq=contig_2, start=434510, stop=434737, strand=-, nt=[ATGGCTGAAC..TCAGCAATGA]
19:35:35.375 - INFO - CDS - seq=contig_2, start=434730, stop=436079, strand=-, nt=[ATGGTTGATG..ACATGGCTGA]
19:35:35.375 - INFO - CDS - seq=contig_2, start=436072, stop=436923, strand=-, nt=[TTGGCAACCC..AAATGGTTGA]
19:35:35.375 - INFO - CDS - seq=contig_2, start=437049, stop=437456, strand=-, nt=[ATGGAATCAC..GCAAGCATAA]
19:35:35.375 - INFO - CDS - seq=contig_2, start=437458, stop=437919, strand=-, nt=[ATGGCTGAAG..TGACGAATAA]
19:35:35.375 - INFO - CDS - seq=contig_2, start=437939, stop=438502, strand=-, nt=[ATGATATCTG..CAACAACTAG]
19:35:35.375 - INFO - CDS - seq=contig_2, start=438692, stop=438856, strand=-, nt=[ATGTTCCGGT..TTTTTGCTGA]
19:35:35.375 - INFO - CDS - seq=contig_2, start=439001, stop=440068, strand=-, nt=[ATGGATCGAA..GGTGCTGTAA]
19:35:35.375 - INFO - CDS - seq=contig_2, start=440144, stop=440434, strand=-, nt=[ATGTTAAAGA..TGCTGAATAA]
19:35:35.375 - INFO - CDS - seq=contig_2, start=440453, stop=440803, strand=-, nt=[ATGATCAAGG..ACAAAATTAA]
19:35:35.375 - INFO - CDS - seq=contig_2, start=440819, stop=441130, strand=-, nt=[GTGTACGCAA..CAACGCTTAA]
19:35:35.375 - INFO - CDS - seq=contig_2, start=442036, stop=442158, strand=-, nt=[ATGTCATATC..GAAGAAGTAA]
19:35:35.375 - INFO - CDS - seq=contig_2, start=442322, stop=442612, strand=-, nt=[GTGTTGCCTT..GATTAGTTAA]
19:35:35.375 - INFO - CDS - seq=contig_2, start=443041, stop=445440, strand=+, nt=[ATGCTGATGA..CCGCATTTAA]
19:35:35.375 - INFO - CDS - seq=contig_2, start=445591, stop=446931, strand=-, nt=[ATGGCAAGAA..GCTTTACTAA]
19:35:35.375 - INFO - CDS - seq=contig_2, start=446950, stop=447312, strand=-, nt=[ATGGCTGAGA..ATCACACTAA]
19:35:35.375 - INFO - CDS - seq=contig_2, start=447663, stop=449753, strand=+, nt=[ATGCACTTAT..ACTTTCATAG]
19:35:35.375 - INFO - CDS - seq=contig_2, start=449808, stop=451064, strand=-, nt=[ATGAGTTGGA..TGATAACTAG]
19:35:35.376 - INFO - CDS - seq=contig_2, start=451208, stop=452137, strand=-, nt=[ATGGATAAAC..ACAACGTTAA]
19:35:35.376 - INFO - CDS - seq=contig_2, start=452206, stop=452385, strand=+, nt=[ATGAAACATA..TCAAGGTTAA]
19:35:35.376 - INFO - CDS - seq=contig_2, start=452488, stop=452895, strand=-, nt=[GTGTTAACTT..TAACTATTAG]
19:35:35.376 - INFO - CDS - seq=contig_2, start=452917, stop=453879, strand=-, nt=[ATGAATGACA..ACTTAAGTAA]
19:35:35.376 - INFO - CDS - seq=contig_2, start=453872, stop=454126, strand=-, nt=[ATGAAAACTT..AGATGAATGA]
19:35:35.376 - INFO - CDS - seq=contig_2, start=454128, stop=454811, strand=-, nt=[ATGAATTATT..CGCAGGCTAG]
19:35:35.376 - INFO - CDS - seq=contig_2, start=455001, stop=457127, strand=-, nt=[GTGAAGTACA..TAACGGCTGA]
19:35:35.376 - INFO - CDS - seq=contig_2, start=457279, stop=459885, strand=+, nt=[GTGCGACAAC..GCGACGGTGA]
19:35:35.376 - INFO - CDS - seq=contig_2, start=460108, stop=460407, strand=-, nt=[TTGCAACTCG..AGAAGAATAA]
19:35:35.376 - INFO - CDS - seq=contig_2, start=460388, stop=461053, strand=-, nt=[ATGATTAAAG..CGATCACTGA]
19:35:35.376 - INFO - CDS - seq=contig_2, start=461046, stop=462110, strand=-, nt=[ATGAGAAGAC..GCATGATTAA]
19:35:35.376 - INFO - CDS - seq=contig_2, start=462107, stop=462811, strand=-, nt=[GTGCGCCGCT..GGCTGTATGA]
19:35:35.376 - INFO - CDS - seq=contig_2, start=463061, stop=463531, strand=-, nt=[ATGGCAGACA..CGAAGGCTGA]
19:35:35.376 - INFO - CDS - seq=contig_2, start=463598, stop=464236, strand=-, nt=[GTGCAGCAGA..GCAAGAGTAA]
19:35:35.376 - INFO - CDS - seq=contig_2, start=464338, stop=465540, strand=-, nt=[GTGCAGATTT..AGATAAGTAA]
19:35:35.376 - INFO - CDS - seq=contig_2, start=465704, stop=468115, strand=-, nt=[ATGGACGTCT..CATTCGCTAG]
19:35:35.376 - INFO - CDS - seq=contig_2, start=468117, stop=469163, strand=-, nt=[ATGGATCTTC..GGAGGGTTAA]
19:35:35.376 - INFO - CDS - seq=contig_2, start=469680, stop=470054, strand=-, nt=[GTGGATGCAA..CGAGAAGTGA]
19:35:35.376 - INFO - CDS - seq=contig_2, start=470245, stop=470748, strand=-, nt=[TTGAGCAAAA..TTTAAATTAG]
19:35:35.376 - INFO - CDS - seq=contig_2, start=470832, stop=471593, strand=-, nt=[ATGGAATATA..CGGGGATTAA]
19:35:35.376 - INFO - CDS - seq=contig_2, start=471742, stop=472074, strand=+, nt=[ATGAGCAAAT..TACCGGTTGA]
19:35:35.376 - INFO - CDS - seq=contig_2, start=472133, stop=473131, strand=+, nt=[ATGCACAAGT..CCGGAAATAA]
19:35:35.376 - INFO - CDS - seq=contig_2, start=473340, stop=474926, strand=-, nt=[ATGATTCCGA..TAATCTTTAA]
19:35:35.376 - INFO - CDS - seq=contig_2, start=474926, stop=475612, strand=-, nt=[ATGAGTAAAA..GCGTTCGTAA]
19:35:35.376 - INFO - CDS - seq=contig_2, start=475882, stop=477300, strand=-, nt=[ATGGATAAAC..CGAAGCTTAA]
19:35:35.376 - INFO - CDS - seq=contig_2, start=477484, stop=477798, strand=-, nt=[ATGACTCAAA..AGAGAAATAG]
19:35:35.376 - INFO - CDS - seq=contig_2, start=477933, stop=478481, strand=-, nt=[ATGTTGAAAT..TCAATCGTGA]
19:35:35.376 - INFO - CDS - seq=contig_2, start=478547, stop=478801, strand=+, nt=[ATGGCCAAGG..TTGTGATTAA]
19:35:35.376 - INFO - CDS - seq=contig_2, start=478745, stop=479881, strand=-, nt=[ATGCAGACAG..ACTGATGTGA]
19:35:35.376 - INFO - CDS - seq=contig_2, start=479917, stop=480654, strand=-, nt=[ATGATTTATC..GAAAAAATGA]
19:35:35.376 - INFO - CDS - seq=contig_2, start=480651, stop=481010, strand=-, nt=[ATGATTGATT..TGAAGCATGA]
19:35:35.376 - INFO - CDS - seq=contig_2, start=481014, stop=481613, strand=-, nt=[GTGAGTGAAC..AAAGGAGTAA]
19:35:35.376 - INFO - CDS - seq=contig_2, start=481606, stop=482256, strand=-, nt=[ATGGAGAAGA..TCGTGAGTGA]
19:35:35.376 - INFO - CDS - seq=contig_2, start=482267, stop=482578, strand=-, nt=[ATGTTAACAG..CGCACGCTAA]
19:35:35.376 - INFO - CDS - seq=contig_2, start=482718, stop=483842, strand=-, nt=[ATGGATACCA..GTTCATTTAG]
19:35:35.376 - INFO - CDS - seq=contig_2, start=483823, stop=484359, strand=-, nt=[GTGGCAGTTT..CGAACACTGA]
19:35:35.376 - INFO - CDS - seq=contig_2, start=484766, stop=485665, strand=+, nt=[ATGACCCGTT..CCATGATTGA]
19:35:35.376 - INFO - CDS - seq=contig_2, start=485658, stop=486626, strand=+, nt=[ATGATTGAAC..CGGACGTTAA]
19:35:35.376 - INFO - CDS - seq=contig_2, start=486642, stop=487283, strand=+, nt=[ATGGCAGAAG..ACGGAGGTGA]
19:35:35.376 - INFO - CDS - seq=contig_2, start=487290, stop=488258, strand=+, nt=[ATGCAACGTT..TCAACTTTAA]
19:35:35.376 - INFO - CDS - seq=contig_2, start=488335, stop=488898, strand=+, nt=[ATGAAAATTG..ATATCATTAA]
19:35:35.376 - INFO - CDS - seq=contig_2, start=489017, stop=489373, strand=-, nt=[ATGCCACGTG..TTTGGCTTAA]
19:35:35.376 - INFO - CDS - seq=contig_2, start=489408, stop=489608, strand=-, nt=[ATGCCAAAAT..GATGAAATAA]
19:35:35.377 - INFO - CDS - seq=contig_2, start=489688, stop=490152, strand=-, nt=[TTGATCTCCC..CGAGAAGTAG]
19:35:35.377 - INFO - CDS - seq=contig_2, start=490402, stop=491097, strand=-, nt=[ATGACTGATG..TCAGCGGTAA]
19:35:35.377 - INFO - CDS - seq=contig_2, start=491090, stop=491575, strand=-, nt=[TTGTTCTCGC..TGATGACTGA]
19:35:35.377 - INFO - CDS - seq=contig_2, start=491629, stop=492198, strand=+, nt=[ATGGCAACAA..TCTAAAATAG]
19:35:35.377 - INFO - CDS - seq=contig_2, start=492319, stop=494292, strand=-, nt=[ATGGCATTAG..AGGTGATTAG]
19:35:35.377 - INFO - CDS - seq=contig_2, start=494347, stop=494778, strand=-, nt=[ATGTTATTTC..TGTCTCTTAA]
19:35:35.377 - INFO - CDS - seq=contig_2, start=494821, stop=495756, strand=-, nt=[ATGGAGGACA..GGCAGATTGA]
19:35:35.377 - INFO - CDS - seq=contig_2, start=495740, stop=497101, strand=-, nt=[ATGCAACGTC..ACATGCGTAA]
19:35:35.377 - INFO - CDS - seq=contig_2, start=497181, stop=497648, strand=-, nt=[GTGCAATGTC..CAAGAAGTAA]
19:35:35.377 - INFO - CDS - seq=contig_2, start=497703, stop=498305, strand=-, nt=[GTGACTTATC..GCTATCATAA]
19:35:35.377 - INFO - CDS - seq=contig_2, start=498302, stop=499150, strand=-, nt=[ATGCCTGAAT..GCCAGCGTGA]
19:35:35.377 - INFO - CDS - seq=contig_2, start=499161, stop=501806, strand=-, nt=[ATGGCGAGCA..CGCTAAATAA]
19:35:35.377 - INFO - CDS - seq=contig_2, start=501969, stop=502679, strand=-, nt=[ATGCAAGAAC..CAATAATTAA]
19:35:35.377 - INFO - CDS - seq=contig_2, start=502840, stop=504150, strand=-, nt=[ATGACAGAGG..TCAAGAATAG]
19:35:35.377 - INFO - CDS - seq=contig_2, start=504147, stop=506648, strand=-, nt=[ATGGCGCATT..AACGTCATGA]
19:35:35.377 - INFO - CDS - seq=contig_2, start=506883, stop=507524, strand=-, nt=[ATGCTCATTA..AGCATCATAA]
19:35:35.377 - INFO - CDS - seq=contig_2, start=507540, stop=507857, strand=-, nt=[ATGAAAGAAT..CTTGCATTAA]
19:35:35.377 - INFO - CDS - seq=contig_2, start=508115, stop=508456, strand=+, nt=[TTGGCAATTT..TAATGCTTAA]
19:35:35.377 - INFO - CDS - seq=contig_2, start=508446, stop=509090, strand=-, nt=[ATGCGATTAC..TAAGCATTAA]
19:35:35.377 - INFO - CDS - seq=contig_2, start=509219, stop=509992, strand=-, nt=[ATGGAGTTTG..GAGTCGGTAA]
19:35:35.377 - INFO - CDS - seq=contig_2, start=510081, stop=510179, strand=-, nt=[ATGGCCAAAG..CGCAAGTTAG]
19:35:35.377 - INFO - CDS - seq=contig_2, start=510382, stop=511596, strand=-, nt=[ATGGTCGCGT..GATGCGTTGA]
19:35:35.377 - INFO - CDS - seq=contig_2, start=511596, stop=512324, strand=-, nt=[ATGACTTTAA..GGAACAGTAA]
19:35:35.377 - INFO - CDS - seq=contig_2, start=512421, stop=512855, strand=+, nt=[ATGAATGATT..CCAAGCATGA]
19:35:35.377 - INFO - CDS - seq=contig_2, start=512852, stop=513223, strand=+, nt=[ATGAAATTTA..AAAACATTGA]
19:35:35.377 - INFO - CDS - seq=contig_2, start=513360, stop=514262, strand=+, nt=[ATGAAAAAAT..TTCAAACTAA]
19:35:35.377 - INFO - CDS - seq=contig_2, start=514457, stop=515434, strand=-, nt=[GTGACGACCT..TCCGCACTAG]
19:35:35.377 - INFO - CDS - seq=contig_3, start=122, stop=1720, strand=-, frame=2, truncated=no, start-type=ATG, RBS-motif=GGAGG
19:35:35.377 - INFO - CDS - seq=contig_3, start=1738, stop=4788, strand=-, frame=3, truncated=no, start-type=ATG, RBS-motif=AGGAGG
19:35:35.377 - INFO - CDS - seq=contig_3, start=5259, stop=5825, strand=-, frame=1, truncated=no, start-type=ATG, RBS-motif=AGGAGG
19:35:35.377 - INFO - CDS - seq=contig_3, start=8266, stop=10059, strand=-, frame=3, truncated=no, start-type=ATG, RBS-motif=GGAGG
19:35:35.378 - INFO - CDS - seq=contig_3, start=10075, stop=13020, strand=-, frame=3, truncated=no, start-type=GTG, RBS-motif=GGAG/GAGG
19:35:35.378 - INFO - CDS - seq=contig_3, start=13238, stop=14422, strand=+, frame=2, truncated=no, start-type=TTG, RBS-motif=AGGA/GGAG/GAGG
19:35:35.378 - INFO - CDS - seq=contig_3, start=14964, stop=16925, strand=-, frame=1, truncated=no, start-type=ATG, RBS-motif=GGAG/GAGG
19:35:35.378 - INFO - CDS - seq=contig_3, start=16928, stop=18595, strand=-, frame=2, truncated=no, start-type=ATG, RBS-motif=GGAGG
19:35:35.378 - INFO - CDS - seq=contig_3, start=18670, stop=19671, strand=-, frame=3, truncated=no, start-type=ATG, RBS-motif=AGGAG
19:35:35.378 - INFO - CDS - seq=contig_3, start=19816, stop=21294, strand=-, frame=3, truncated=no, start-type=ATG, RBS-motif=AGxAGG/AGGxGG
19:35:35.378 - INFO - CDS - seq=contig_3, start=21891, stop=22766, strand=-, frame=1, truncated=no, start-type=TTG, RBS-motif=AGGAG
19:35:35.378 - INFO - CDS - seq=contig_3, start=22847, stop=24028, strand=-, frame=2, truncated=no, start-type=ATG, RBS-motif=GGAGG
19:35:35.378 - INFO - CDS - seq=contig_3, start=24128, stop=24901, strand=-, frame=2, truncated=no, start-type=ATG, RBS-motif=AGGAGG
19:35:35.378 - INFO - CDS - seq=contig_3, start=25053, stop=25868, strand=-, frame=1, truncated=no, start-type=ATG, RBS-motif=AGGA
19:35:35.378 - INFO - CDS - seq=contig_3, start=25983, stop=27347, strand=-, frame=1, truncated=no, start-type=TTG, RBS-motif=GGAG/GAGG
19:35:35.378 - INFO - CDS - seq=contig_3, start=27388, stop=27828, strand=-, frame=3, truncated=no, start-type=ATG, RBS-motif=AGGAGG
19:35:35.378 - INFO - CDS - seq=contig_3, start=27941, stop=28390, strand=-, frame=2, truncated=no, start-type=ATG, RBS-motif=AGxAGG/AGGxGG
19:35:35.378 - INFO - CDS - seq=contig_3, start=28396, stop=29616, strand=-, frame=3, truncated=no, start-type=TTG, RBS-motif=GGAGG
19:35:35.378 - INFO - CDS - seq=contig_3, start=29639, stop=30367, strand=-, frame=2, truncated=no, start-type=TTG, RBS-motif=GGAG/GAGG
19:35:35.378 - INFO - CDS - seq=contig_3, start=30364, stop=31287, strand=-, frame=3, truncated=no, start-type=TTG, RBS-motif=AGGAGG
19:35:35.378 - INFO - CDS - seq=contig_3, start=31324, stop=32310, strand=-, frame=3, truncated=no, start-type=ATG, RBS-motif=GGAG/GAGG
19:35:35.378 - INFO - CDS - seq=contig_3, start=32334, stop=32573, strand=-, frame=1, truncated=no, start-type=ATG, RBS-motif=AGGAG
19:35:35.379 - INFO - CDS - seq=contig_3, start=32677, stop=33639, strand=-, frame=3, truncated=no, start-type=TTG, RBS-motif=AGxAGG/AGGxGG
19:35:35.379 - INFO - CDS - seq=contig_3, start=33655, stop=34104, strand=-, frame=3, truncated=no, start-type=ATG, RBS-motif=GGAGG
19:35:35.379 - INFO - CDS - seq=contig_3, start=34175, stop=34612, strand=-, frame=2, truncated=no, start-type=ATG, RBS-motif=AGGAGG
19:35:35.379 - INFO - CDS - seq=contig_3, start=35108, stop=36091, strand=-, frame=2, truncated=no, start-type=TTG, RBS-motif=AGxAGG/AGGxGG
19:35:35.379 - INFO - CDS - seq=contig_3, start=36155, stop=37348, strand=-, frame=2, truncated=no, start-type=TTG, RBS-motif=AGGAG
19:35:35.379 - INFO - CDS - seq=contig_3, start=37901, stop=38200, strand=-, frame=2, truncated=no, start-type=ATG, RBS-motif=GGAG/GAGG
19:35:35.379 - INFO - CDS - seq=contig_3, start=38240, stop=38656, strand=-, frame=2, truncated=no, start-type=ATG, RBS-motif=GGAGG
19:35:35.379 - INFO - CDS - seq=contig_3, start=38944, stop=39732, strand=-, frame=3, truncated=no, start-type=ATG, RBS-motif=AGxAGG/AGGxGG
19:35:35.379 - INFO - CDS - seq=contig_3, start=39788, stop=40795, strand=-, frame=2, truncated=no, start-type=GTG, RBS-motif=GGxGG
19:35:35.379 - INFO - CDS - seq=contig_3, start=40962, stop=42059, strand=-, frame=1, truncated=no, start-type=TTG, RBS-motif=GGAGG
19:35:35.379 - INFO - CDS - seq=contig_3, start=42476, stop=43063, strand=-, frame=2, truncated=no, start-type=ATG, RBS-motif=AGGAG
19:35:35.379 - INFO - CDS - seq=contig_3, start=43165, stop=44940, strand=-, frame=3, truncated=no, start-type=ATG, RBS-motif=GGAGG
19:35:35.379 - INFO - CDS - seq=contig_3, start=45110, stop=45577, strand=-, frame=2, truncated=no, start-type=GTG, RBS-motif=GGAG/GAGG
19:35:35.379 - INFO - CDS - seq=contig_3, start=45827, stop=46516, strand=-, frame=2, truncated=no, start-type=ATG, RBS-motif=AGGA/GGAG/GAGG
19:35:35.379 - INFO - CDS - seq=contig_3, start=46750, stop=46956, strand=+, frame=1, truncated=no, start-type=GTG, RBS-motif=GGAGG
19:35:35.379 - INFO - CDS - seq=contig_3, start=47049, stop=48128, strand=+, frame=3, truncated=no, start-type=ATG, RBS-motif=GGAGG
19:35:35.379 - INFO - CDS - seq=contig_3, start=48235, stop=49329, strand=-, frame=3, truncated=no, start-type=ATG, RBS-motif=AGGAG
19:35:35.379 - INFO - CDS - seq=contig_3, start=49322, stop=50395, strand=-, frame=2, truncated=no, start-type=ATG, RBS-motif=GGA/GAG/AGG
19:35:35.379 - INFO - CDS - seq=contig_3, start=50480, stop=51181, strand=-, frame=2, truncated=no, start-type=ATG, RBS-motif=AGGAGG
19:35:35.379 - INFO - CDS - seq=contig_3, start=51624, stop=52034, strand=+, frame=3, truncated=no, start-type=TTG, RBS-motif=AGGAGG
19:35:35.379 - INFO - CDS - seq=contig_3, start=52088, stop=53020, strand=-, frame=2, truncated=no, start-type=ATG, RBS-motif=GGAG/GAGG
19:35:35.380 - INFO - CDS - seq=contig_3, start=53232, stop=54992, strand=-, frame=1, truncated=no, start-type=ATG, RBS-motif=GGAGG
19:35:35.380 - INFO - CDS - seq=contig_3, start=55569, stop=56471, strand=-, frame=1, truncated=no, start-type=TTG, RBS-motif=AGGAGG
19:35:35.380 - INFO - CDS - seq=contig_3, start=56483, stop=57334, strand=-, frame=2, truncated=no, start-type=ATG, RBS-motif=AGGAGG
19:35:35.380 - INFO - CDS - seq=contig_3, start=57327, stop=58550, strand=-, frame=1, truncated=no, start-type=ATG, RBS-motif=AGGAG
19:35:35.380 - INFO - CDS - seq=contig_3, start=58819, stop=59550, strand=-, frame=3, truncated=no, start-type=ATG, RBS-motif=GGAGG
19:35:35.380 - INFO - CDS - seq=contig_3, start=59657, stop=60118, strand=-, frame=2, truncated=no, start-type=TTG, RBS-motif=AGxAGG/AGGxGG
19:35:35.380 - INFO - CDS - seq=contig_3, start=60167, stop=61426, strand=-, frame=2, truncated=no, start-type=ATG, RBS-motif=AGGAG/GGAGG
19:35:35.380 - INFO - CDS - seq=contig_3, start=61711, stop=62592, strand=-, frame=3, truncated=no, start-type=ATG, RBS-motif=AGGAGG
19:35:35.380 - INFO - CDS - seq=contig_3, start=62558, stop=64072, strand=-, frame=2, truncated=no, start-type=ATG, RBS-motif=AGGAG
19:35:35.380 - INFO - CDS - seq=contig_3, start=64181, stop=65380, strand=+, frame=2, truncated=no, start-type=ATG, RBS-motif=AGGAG
19:35:35.380 - INFO - CDS - seq=contig_3, start=65377, stop=66723, strand=+, frame=1, truncated=no, start-type=ATG, RBS-motif=AGGAGG
19:35:35.380 - INFO - CDS - seq=contig_3, start=66843, stop=68360, strand=-, frame=1, truncated=no, start-type=ATG, RBS-motif=AGGAGG
19:35:35.380 - INFO - CDS - seq=contig_3, start=68400, stop=68780, strand=-, frame=1, truncated=no, start-type=ATG, RBS-motif=GGAG/GAGG
19:35:35.380 - INFO - CDS - seq=contig_3, start=69069, stop=70112, strand=-, frame=1, truncated=no, start-type=ATG, RBS-motif=GGAGG
19:35:35.380 - INFO - CDS - seq=contig_3, start=70129, stop=71121, strand=-, frame=3, truncated=no, start-type=ATG, RBS-motif=GGAGG
19:35:35.380 - INFO - CDS - seq=contig_3, start=71165, stop=72328, strand=-, frame=2, truncated=no, start-type=ATG, RBS-motif=GGAGG
19:35:35.380 - INFO - CDS - seq=contig_3, start=72783, stop=73103, strand=-, frame=1, truncated=no, start-type=ATG, RBS-motif=AGGAG
19:35:35.380 - INFO - CDS - seq=contig_3, start=73434, stop=74138, strand=+, frame=3, truncated=no, start-type=ATG, RBS-motif=AGGAG
19:35:35.380 - INFO - CDS - seq=contig_3, start=74291, stop=74671, strand=-, frame=2, truncated=no, start-type=ATG, RBS-motif=AGGA
19:35:35.380 - INFO - CDS - seq=contig_3, start=74774, stop=76678, strand=-, frame=2, truncated=no, start-type=ATG, RBS-motif=GGA/GAG/AGG
19:35:35.380 - INFO - CDS - seq=contig_3, start=77659, stop=78729, strand=-, frame=3, truncated=no, start-type=ATG, RBS-motif=GGAGG
19:35:35.381 - INFO - CDS - seq=contig_3, start=78755, stop=79669, strand=-, frame=2, truncated=no, start-type=ATG, RBS-motif=GGAGG
19:35:35.381 - INFO - CDS - seq=contig_3, start=79745, stop=80713, strand=+, frame=2, truncated=no, start-type=ATG, RBS-motif=GGA/GAG/AGG
19:35:35.381 - INFO - CDS - seq=contig_3, start=81004, stop=82209, strand=+, frame=1, truncated=no, start-type=ATG, RBS-motif=GGA/GAG/AGG
19:35:35.381 - INFO - CDS - seq=contig_3, start=82800, stop=83687, strand=+, frame=3, truncated=no, start-type=ATG, RBS-motif=AGGAG
19:35:35.381 - INFO - CDS - seq=contig_3, start=83690, stop=84961, strand=+, frame=2, truncated=no, start-type=ATG, RBS-motif=GGAG/GAGG
19:35:35.381 - INFO - CDS - seq=contig_3, start=84975, stop=85370, strand=+, frame=3, truncated=no, start-type=ATG, RBS-motif=GGAG/GAGG
19:35:35.381 - INFO - CDS - seq=contig_3, start=85360, stop=86226, strand=+, frame=1, truncated=no, start-type=ATG, RBS-motif=AGGAG/GGAGG
19:35:35.381 - INFO - CDS - seq=contig_3, start=86219, stop=86863, strand=+, frame=2, truncated=no, start-type=ATG, RBS-motif=AGGAGG
19:35:35.381 - INFO - CDS - seq=contig_3, start=86971, stop=87756, strand=-, frame=3, truncated=no, start-type=ATG, RBS-motif=GGAG/GAGG
19:35:35.381 - INFO - CDS - seq=contig_3, start=88386, stop=89507, strand=+, frame=3, truncated=no, start-type=GTG, RBS-motif=AGGA
19:35:35.381 - INFO - CDS - seq=contig_3, start=89520, stop=90539, strand=+, frame=3, truncated=no, start-type=ATG, RBS-motif=AGGAGG
19:35:35.381 - INFO - CDS - seq=contig_3, start=90655, stop=92580, strand=+, frame=1, truncated=no, start-type=ATG, RBS-motif=AGxAGG/AGGxGG
19:35:35.381 - INFO - CDS - seq=contig_3, start=92594, stop=92950, strand=+, frame=2, truncated=no, start-type=ATG, RBS-motif=GGAG/GAGG
19:35:35.381 - INFO - CDS - seq=contig_3, start=93087, stop=94514, strand=+, frame=3, truncated=no, start-type=ATG, RBS-motif=GGAGG
19:35:35.381 - INFO - CDS - seq=contig_3, start=94616, stop=95947, strand=-, frame=2, truncated=no, start-type=ATG, RBS-motif=AGGAGG
19:35:35.381 - INFO - CDS - seq=contig_3, start=96153, stop=97571, strand=-, frame=1, truncated=no, start-type=ATG, RBS-motif=AGGA
19:35:35.382 - INFO - CDS - seq=contig_3, start=97985, stop=98551, strand=-, frame=2, truncated=no, start-type=ATG, RBS-motif=GGAGG
19:35:35.382 - INFO - CDS - seq=contig_3, start=98678, stop=100126, strand=-, frame=2, truncated=no, start-type=ATG, RBS-motif=AGGAG
19:35:35.382 - INFO - CDS - seq=contig_3, start=100297, stop=102135, strand=-, frame=3, truncated=no, start-type=ATG, RBS-motif=AGxAGG/AGGxGG
19:35:35.382 - INFO - CDS - seq=contig_3, start=102587, stop=103444, strand=-, frame=2, truncated=no, start-type=ATG, RBS-motif=GGAGG
19:35:35.382 - INFO - CDS - seq=contig_3, start=103582, stop=105213, strand=-, frame=3, truncated=no, start-type=ATG, RBS-motif=AGxAGG/AGGxGG
19:35:35.382 - INFO - CDS - seq=contig_3, start=105210, stop=106901, strand=-, frame=1, truncated=no, start-type=TTG, RBS-motif=GGAG/GAGG
19:35:35.382 - INFO - CDS - seq=contig_3, start=107098, stop=107523, strand=-, frame=3, truncated=no, start-type=GTG, RBS-motif=AGxAGG/AGGxGG
19:35:35.382 - INFO - CDS - seq=contig_3, start=107674, stop=108774, strand=-, frame=3, truncated=no, start-type=ATG, RBS-motif=AGGAGG
19:35:35.382 - INFO - CDS - seq=contig_3, start=109156, stop=109950, strand=-, frame=3, truncated=no, start-type=TTG, RBS-motif=AGGAGG
19:35:35.382 - INFO - CDS - seq=contig_3, start=109951, stop=111141, strand=-, frame=3, truncated=no, start-type=TTG, RBS-motif=GGA/GAG/AGG
19:35:35.382 - INFO - CDS - seq=contig_3, start=111347, stop=111715, strand=+, frame=2, truncated=no, start-type=ATG, RBS-motif=GGAGG
19:35:35.382 - INFO - CDS - seq=contig_3, start=111784, stop=112107, strand=+, frame=1, truncated=no, start-type=ATG, RBS-motif=AGGAG
19:35:35.382 - INFO - CDS - seq=contig_3, start=112179, stop=113906, strand=-, frame=1, truncated=no, start-type=ATG, RBS-motif=GGAG/GAGG
19:35:35.382 - INFO - CDS - seq=contig_3, start=113887, stop=115629, strand=-, frame=3, truncated=no, start-type=ATG, RBS-motif=AGGAG
19:35:35.382 - INFO - CDS - seq=contig_3, start=115626, stop=116639, strand=-, frame=1, truncated=no, start-type=ATG, RBS-motif=AGGAGG
19:35:35.382 - INFO - CDS - seq=contig_3, start=116636, stop=118060, strand=-, frame=2, truncated=no, start-type=ATG, RBS-motif=GGAGG
19:35:35.382 - INFO - CDS - seq=contig_3, start=118113, stop=118256, strand=-, frame=1, truncated=no, start-type=ATG, RBS-motif=GGA/GAG/AGG
19:35:35.383 - INFO - CDS - seq=contig_3, start=118299, stop=119603, strand=-, frame=1, truncated=no, start-type=ATG, RBS-motif=GGA/GAG/AGG
19:35:35.383 - INFO - CDS - seq=contig_3, start=120186, stop=121205, strand=+, frame=3, truncated=no, start-type=ATG, RBS-motif=AGGAGG
19:35:35.383 - INFO - CDS - seq=contig_3, start=121424, stop=121666, strand=+, frame=2, truncated=no, start-type=ATG, RBS-motif=AGxAGG/AGGxGG
19:35:35.383 - INFO - CDS - seq=contig_3, start=121667, stop=122155, strand=-, frame=2, truncated=no, start-type=ATG, RBS-motif=GGAGG
19:35:35.383 - INFO - CDS - seq=contig_3, start=122278, stop=122451, strand=+, frame=1, truncated=no, start-type=ATG, RBS-motif=GGAG/GAGG
19:35:35.383 - INFO - CDS - seq=contig_3, start=122555, stop=123475, strand=-, frame=2, truncated=no, start-type=GTG, RBS-motif=GGAG/GAGG
19:35:35.383 - INFO - CDS - seq=contig_3, start=123506, stop=124120, strand=-, frame=2, truncated=no, start-type=ATG, RBS-motif=GGAGG
19:35:35.383 - INFO - CDS - seq=contig_3, start=124405, stop=124851, strand=-, frame=3, truncated=no, start-type=ATG, RBS-motif=AGGA
19:35:35.383 - INFO - CDS - seq=contig_3, start=125161, stop=125550, strand=+, frame=1, truncated=no, start-type=ATG, RBS-motif=GGxGG
19:35:35.383 - INFO - CDS - seq=contig_3, start=125778, stop=126566, strand=+, frame=3, truncated=no, start-type=TTG, RBS-motif=GGAGG
19:35:35.383 - INFO - CDS - seq=contig_3, start=126852, stop=127994, strand=+, frame=3, truncated=no, start-type=ATG, RBS-motif=GGAG/GAGG
19:35:35.383 - INFO - CDS - seq=contig_3, start=128034, stop=128399, strand=+, frame=3, truncated=no, start-type=TTG, RBS-motif=GGAG/GAGG
19:35:35.383 - INFO - CDS - seq=contig_3, start=128481, stop=129017, strand=-, frame=1, truncated=no, start-type=ATG, RBS-motif=GGA/GAG/AGG
19:35:35.383 - INFO - CDS - seq=contig_3, start=129156, stop=129560, strand=-, frame=1, truncated=no, start-type=GTG, RBS-motif=AGGAG
19:35:35.383 - INFO - CDS - seq=contig_3, start=130066, stop=130248, strand=-, frame=3, truncated=no, start-type=ATG, RBS-motif=AGGAG
19:35:35.383 - INFO - CDS - seq=contig_3, start=130260, stop=131300, strand=-, frame=1, truncated=no, start-type=ATG, RBS-motif=AGGAGG
19:35:35.383 - INFO - CDS - seq=contig_3, start=131459, stop=132112, strand=-, frame=2, truncated=no, start-type=TTG, RBS-motif=GGAGG
19:35:35.383 - INFO - CDS - seq=contig_3, start=132963, stop=133523, strand=+, frame=3, truncated=no, start-type=ATG, RBS-motif=GGA/GAG/AGG
19:35:35.383 - INFO - CDS - seq=contig_3, start=133621, stop=134664, strand=-, frame=3, truncated=no, start-type=ATG, RBS-motif=AGGAGG
19:35:35.384 - INFO - CDS - seq=contig_3, start=134875, stop=135495, strand=-, frame=3, truncated=no, start-type=ATG, RBS-motif=AGGAG
19:35:35.384 - INFO - CDS - seq=contig_3, start=135521, stop=136264, strand=-, frame=2, truncated=no, start-type=ATG, RBS-motif=AGxAGG/AGGxGG
19:35:35.384 - INFO - CDS - seq=contig_3, start=136400, stop=137791, strand=+, frame=2, truncated=no, start-type=ATG, RBS-motif=GGAG/GAGG
19:35:35.384 - INFO - CDS - seq=contig_3, start=138000, stop=139454, strand=+, frame=3, truncated=no, start-type=TTG, RBS-motif=AGGA
19:35:35.384 - INFO - CDS - seq=contig_3, start=139451, stop=139945, strand=+, frame=2, truncated=no, start-type=ATG, RBS-motif=GGAGG
19:35:35.384 - INFO - CDS - seq=contig_3, start=140387, stop=140944, strand=-, frame=2, truncated=no, start-type=ATG, RBS-motif=GGA/GAG/AGG
19:35:35.384 - INFO - CDS - seq=contig_3, start=140941, stop=142896, strand=-, frame=3, truncated=no, start-type=ATG, RBS-motif=AGxAG
19:35:35.384 - INFO - CDS - seq=contig_3, start=142901, stop=145483, strand=-, frame=2, truncated=no, start-type=GTG, RBS-motif=AGGA
19:35:35.384 - INFO - CDS - seq=contig_3, start=145741, stop=147570, strand=-, frame=3, truncated=no, start-type=ATG, RBS-motif=AGGAG
19:35:35.384 - INFO - CDS - seq=contig_3, start=147800, stop=148144, strand=-, frame=2, truncated=no, start-type=ATG, RBS-motif=GGA/GAG/AGG
19:35:35.384 - INFO - CDS - seq=contig_3, start=148638, stop=150272, strand=-, frame=1, truncated=no, start-type=ATG, RBS-motif=AGGA/GGAG/GAGG
19:35:35.384 - INFO - CDS - seq=contig_3, start=150309, stop=150590, strand=-, frame=1, truncated=no, start-type=TTG, RBS-motif=GGAGG
19:35:35.384 - INFO - CDS - seq=contig_3, start=150742, stop=151386, strand=+, frame=1, truncated=no, start-type=ATG, RBS-motif=AGGAG
19:35:35.384 - INFO - CDS - seq=contig_3, start=151467, stop=152525, strand=+, frame=3, truncated=no, start-type=ATG, RBS-motif=AGGAG
19:35:35.384 - INFO - CDS - seq=contig_3, start=152587, stop=153615, strand=-, frame=3, truncated=no, start-type=ATG, RBS-motif=GGAGG
19:35:35.384 - INFO - CDS - seq=contig_3, start=153616, stop=154503, strand=-, frame=3, truncated=no, start-type=ATG, RBS-motif=AGGAGG
19:35:35.384 - INFO - CDS - seq=contig_3, start=154500, stop=154865, strand=-, frame=1, truncated=no, start-type=ATG, RBS-motif=AGxAGG/AGGxGG
19:35:35.385 - INFO - CDS - seq=contig_3, start=155007, stop=155660, strand=-, frame=1, truncated=no, start-type=ATG, RBS-motif=AGGAGG
19:35:35.385 - INFO - CDS - seq=contig_3, start=155878, stop=157830, strand=+, frame=1, truncated=no, start-type=GTG, RBS-motif=AGxAGG/AGGxGG
19:35:35.385 - INFO - CDS - seq=contig_3, start=158104, stop=158439, strand=-, frame=3, truncated=no, start-type=ATG, RBS-motif=AGGA
19:35:35.385 - INFO - CDS - seq=contig_3, start=158535, stop=159560, strand=-, frame=1, truncated=no, start-type=GTG, RBS-motif=AGGAG
19:35:35.385 - INFO - CDS - seq=contig_3, start=159594, stop=160133, strand=-, frame=1, truncated=no, start-type=ATG, RBS-motif=GGAG/GAGG
19:35:35.385 - INFO - CDS - seq=contig_3, start=160111, stop=160833, strand=-, frame=3, truncated=no, start-type=ATG, RBS-motif=GGAGG
19:35:35.385 - INFO - CDS - seq=contig_3, start=161569, stop=162174, strand=-, frame=3, truncated=no, start-type=ATG, RBS-motif=AGxAGG/AGGxGG
19:35:35.385 - INFO - CDS - seq=contig_3, start=162405, stop=162923, strand=-, frame=1, truncated=no, start-type=ATG, RBS-motif=AGGAG
19:35:35.385 - INFO - CDS - seq=contig_3, start=163401, stop=164375, strand=+, frame=3, truncated=no, start-type=GTG, RBS-motif=AGGA
19:35:35.385 - INFO - CDS - seq=contig_3, start=164471, stop=165214, strand=-, frame=2, truncated=no, start-type=ATG, RBS-motif=AGGAGG
19:35:35.385 - INFO - CDS - seq=contig_3, start=165309, stop=166166, strand=-, frame=1, truncated=no, start-type=TTG, RBS-motif=GGAG/GAGG
19:35:35.385 - INFO - CDS - seq=contig_3, start=166168, stop=166506, strand=-, frame=3, truncated=no, start-type=GTG, RBS-motif=AGxAGG/AGGxGG
19:35:35.385 - INFO - CDS - seq=contig_3, start=166511, stop=167488, strand=-, frame=2, truncated=no, start-type=ATG, RBS-motif=None
19:35:35.385 - INFO - CDS - seq=contig_3, start=167488, stop=167817, strand=-, frame=3, truncated=no, start-type=ATG, RBS-motif=AGGAGG
19:35:35.385 - INFO - CDS - seq=contig_3, start=167852, stop=168496, strand=-, frame=2, truncated=no, start-type=GTG, RBS-motif=AGGAG
19:35:35.385 - INFO - CDS - seq=contig_3, start=168859, stop=169095, strand=+, frame=1, truncated=no, start-type=ATG, RBS-motif=GGAG/GAGG
19:35:35.385 - INFO - CDS - seq=contig_3, start=169090, stop=169353, strand=-, frame=3, truncated=no, start-type=ATG, RBS-motif=AGGA
19:35:35.385 - INFO - CDS - seq=contig_3, start=169353, stop=169952, strand=-, frame=1, truncated=no, start-type=ATG, RBS-motif=GGAG/GAGG
19:35:35.385 - INFO - CDS - seq=contig_3, start=170267, stop=170575, strand=-, frame=2, truncated=no, start-type=ATG, RBS-motif=AGGA
19:35:35.385 - INFO - CDS - seq=contig_3, start=170592, stop=172289, strand=-, frame=1, truncated=no, start-type=GTG, RBS-motif=AGGAGG
19:35:35.386 - INFO - CDS - seq=contig_3, start=172638, stop=173144, strand=-, frame=1, truncated=no, start-type=ATG, RBS-motif=AGGAG/GGAGG
19:35:35.386 - INFO - CDS - seq=contig_3, start=173286, stop=173615, strand=-, frame=1, truncated=no, start-type=ATG, RBS-motif=AGGAG
19:35:35.386 - INFO - CDS - seq=contig_3, start=173672, stop=174268, strand=-, frame=2, truncated=no, start-type=TTG, RBS-motif=AGGAGG
19:35:35.386 - INFO - CDS - seq=contig_3, start=174373, stop=176982, strand=-, frame=3, truncated=no, start-type=ATG, RBS-motif=GGAGG
19:35:35.386 - INFO - CDS - seq=contig_3, start=177386, stop=177799, strand=+, frame=2, truncated=no, start-type=ATG, RBS-motif=AGGAGG
19:35:35.386 - INFO - CDS - seq=contig_3, start=177949, stop=178881, strand=+, frame=1, truncated=no, start-type=ATG, RBS-motif=GGAGG
19:35:35.386 - INFO - CDS - seq=contig_3, start=178990, stop=184698, strand=-, frame=3, truncated=no, start-type=ATG, RBS-motif=GGAGG
19:35:35.386 - INFO - CDS - seq=contig_3, start=184988, stop=185887, strand=+, frame=2, truncated=no, start-type=ATG, RBS-motif=AGGAG
19:35:35.386 - INFO - CDS - seq=contig_3, start=186061, stop=186429, strand=-, frame=3, truncated=no, start-type=ATG, RBS-motif=GGAGG
19:35:35.386 - INFO - CDS - seq=contig_3, start=186470, stop=186976, strand=-, frame=2, truncated=no, start-type=ATG, RBS-motif=GGAGG
19:35:35.386 - INFO - CDS - seq=contig_3, start=187401, stop=188633, strand=+, frame=3, truncated=no, start-type=TTG, RBS-motif=AGGA/GGAG/GAGG
19:35:35.386 - INFO - CDS - seq=contig_3, start=188690, stop=189523, strand=-, frame=2, truncated=no, start-type=ATG, RBS-motif=AGGA/GGAG/GAGG
19:35:35.386 - INFO - CDS - seq=contig_3, start=189516, stop=190046, strand=-, frame=1, truncated=no, start-type=ATG, RBS-motif=GGAG/GAGG
19:35:35.386 - INFO - CDS - seq=contig_3, start=190303, stop=191508, strand=+, frame=1, truncated=no, start-type=ATG, RBS-motif=AGGAGG
19:35:35.386 - INFO - CDS - seq=contig_3, start=191580, stop=192953, strand=-, frame=1, truncated=no, start-type=ATG, RBS-motif=AGGA/GGAG/GAGG
19:35:35.386 - INFO - CDS - seq=contig_3, start=193141, stop=193830, strand=-, frame=3, truncated=no, start-type=ATG, RBS-motif=AGGAGG
19:35:35.386 - INFO - CDS - seq=contig_3, start=193930, stop=194355, strand=-, frame=3, truncated=no, start-type=GTG, RBS-motif=AGGAGG
19:35:35.386 - INFO - CDS - seq=contig_3, start=194648, stop=197278, strand=-, frame=2, truncated=no, start-type=ATG, RBS-motif=AGGAG
19:35:35.386 - INFO - CDS - seq=contig_3, start=197541, stop=199004, strand=+, frame=3, truncated=no, start-type=ATG, RBS-motif=GGAGG
19:35:35.386 - INFO - CDS - seq=contig_3, start=199004, stop=199372, strand=+, frame=2, truncated=no, start-type=ATG, RBS-motif=AGGAG
19:35:35.386 - INFO - CDS - seq=contig_3, start=199463, stop=199999, strand=-, frame=2, truncated=no, start-type=TTG, RBS-motif=AGGAGG
19:35:35.386 - INFO - CDS - seq=contig_3, start=199974, stop=200546, strand=-, frame=1, truncated=no, start-type=ATG, RBS-motif=GGA/GAG/AGG
19:35:35.386 - INFO - CDS - seq=contig_3, start=200543, stop=200929, strand=-, frame=2, truncated=no, start-type=TTG, RBS-motif=GGAGG
19:35:35.387 - INFO - CDS - seq=contig_3, start=200951, stop=203197, strand=-, frame=2, truncated=no, start-type=ATG, RBS-motif=GGAGG
19:35:35.387 - INFO - CDS - seq=contig_3, start=203389, stop=203832, strand=-, frame=3, truncated=no, start-type=ATG, RBS-motif=GGAGG
19:35:35.387 - INFO - CDS - seq=contig_3, start=203870, stop=204715, strand=-, frame=2, truncated=no, start-type=ATG, RBS-motif=GGA/GAG/AGG
19:35:35.387 - INFO - CDS - seq=contig_3, start=204725, stop=205279, strand=-, frame=2, truncated=no, start-type=ATG, RBS-motif=AGGAG
19:35:35.387 - INFO - CDS - seq=contig_3, start=205383, stop=205553, strand=-, frame=1, truncated=no, start-type=ATG, RBS-motif=AGGAG
19:35:35.387 - INFO - CDS - seq=contig_3, start=205906, stop=206865, strand=-, frame=3, truncated=no, start-type=ATG, RBS-motif=GGxGG
19:35:35.387 - INFO - CDS - seq=contig_3, start=206862, stop=207800, strand=-, frame=1, truncated=no, start-type=ATG, RBS-motif=AGxAGG/AGGxGG
19:35:35.387 - INFO - CDS - seq=contig_3, start=207812, stop=208879, strand=-, frame=2, truncated=no, start-type=ATG, RBS-motif=GGAGG
19:35:35.387 - INFO - CDS - seq=contig_3, start=209055, stop=209969, strand=-, frame=1, truncated=no, start-type=ATG, RBS-motif=GGA/GAG/AGG
19:35:35.387 - INFO - CDS - seq=contig_3, start=210256, stop=212154, strand=+, frame=1, truncated=no, start-type=ATG, RBS-motif=AGGAG
19:35:35.387 - INFO - CDS - seq=contig_3, start=212329, stop=212772, strand=+, frame=1, truncated=no, start-type=ATG, RBS-motif=GGAG/GAGG
19:35:35.387 - INFO - CDS - seq=contig_3, start=212769, stop=213356, strand=+, frame=3, truncated=no, start-type=ATG, RBS-motif=AGxAGG/AGGxGG
19:35:35.387 - INFO - CDS - seq=contig_3, start=213331, stop=214308, strand=+, frame=1, truncated=no, start-type=ATG, RBS-motif=AGGAG
19:35:35.387 - INFO - CDS - seq=contig_3, start=214999, stop=215241, strand=-, frame=3, truncated=no, start-type=GTG, RBS-motif=GGAG/GAGG
19:35:35.387 - INFO - CDS - seq=contig_3, start=215415, stop=216098, strand=-, frame=1, truncated=no, start-type=ATG, RBS-motif=AGxAGG/AGGxGG
19:35:35.387 - INFO - CDS - seq=contig_3, start=216095, stop=217150, strand=-, frame=2, truncated=no, start-type=ATG, RBS-motif=GGAGG
19:35:35.387 - INFO - CDS - seq=contig_3, start=217646, stop=217987, strand=+, frame=2, truncated=no, start-type=ATG, RBS-motif=AGGAG
19:35:35.387 - INFO - CDS - seq=contig_3, start=218190, stop=218729, strand=-, frame=1, truncated=no, start-type=ATG, RBS-motif=GGAG/GAGG
19:35:35.387 - INFO - CDS - seq=contig_3, start=218730, stop=219509, strand=-, frame=1, truncated=no, start-type=ATG, RBS-motif=AGxAGG/AGGxGG
19:35:35.387 - INFO - CDS - seq=contig_3, start=219481, stop=219909, strand=-, frame=3, truncated=no, start-type=ATG, RBS-motif=GGxGG
19:35:35.387 - INFO - CDS - seq=contig_3, start=219906, stop=221312, strand=-, frame=1, truncated=no, start-type=ATG, RBS-motif=AGGA
19:35:35.387 - INFO - CDS - seq=contig_3, start=221553, stop=222947, strand=-, frame=1, truncated=no, start-type=ATG, RBS-motif=AGGAGG
19:35:35.387 - INFO - CDS - seq=contig_3, start=223073, stop=223660, strand=-, frame=2, truncated=no, start-type=ATG, RBS-motif=AGGAG
19:35:35.388 - INFO - CDS - seq=contig_3, start=223986, stop=224093, strand=-, frame=1, truncated=no, start-type=ATG, RBS-motif=AGGA
19:35:35.388 - INFO - CDS - seq=contig_3, start=224327, stop=225820, strand=-, frame=2, truncated=no, start-type=TTG, RBS-motif=GGAGG
19:35:35.388 - INFO - CDS - seq=contig_3, start=225968, stop=226948, strand=-, frame=2, truncated=no, start-type=ATG, RBS-motif=AGGA
19:35:35.388 - INFO - CDS - seq=contig_3, start=227064, stop=227735, strand=-, frame=1, truncated=no, start-type=ATG, RBS-motif=AGGA
19:35:35.388 - INFO - CDS - seq=contig_3, start=227919, stop=228749, strand=+, frame=3, truncated=no, start-type=ATG, RBS-motif=AGGAG
19:35:35.388 - INFO - CDS - seq=contig_3, start=228895, stop=229734, strand=-, frame=3, truncated=no, start-type=ATG, RBS-motif=GGAG/GAGG
19:35:35.388 - INFO - CDS - seq=contig_3, start=229747, stop=230763, strand=-, frame=3, truncated=no, start-type=ATG, RBS-motif=AGGAG
19:35:35.388 - INFO - CDS - seq=contig_3, start=230770, stop=231144, strand=-, frame=3, truncated=no, start-type=GTG, RBS-motif=AGxAGG/AGGxGG
19:35:35.388 - INFO - CDS - seq=contig_3, start=231308, stop=232579, strand=-, frame=2, truncated=no, start-type=TTG, RBS-motif=AGxAGG/AGGxGG
19:35:35.388 - INFO - CDS - seq=contig_3, start=232897, stop=233673, strand=-, frame=3, truncated=no, start-type=TTG, RBS-motif=AGGAGG
19:35:35.388 - INFO - CDS - seq=contig_3, start=233691, stop=234578, strand=-, frame=1, truncated=no, start-type=ATG, RBS-motif=None
19:35:35.388 - INFO - CDS - seq=contig_3, start=234762, stop=235658, strand=+, frame=3, truncated=no, start-type=ATG, RBS-motif=GGAG/GAGG
19:35:35.388 - INFO - CDS - seq=contig_3, start=235771, stop=236886, strand=-, frame=3, truncated=no, start-type=ATG, RBS-motif=AGxAGG/AGGxGG
19:35:35.388 - INFO - CDS - seq=contig_3, start=236908, stop=238272, strand=-, frame=3, truncated=no, start-type=ATG, RBS-motif=GGA/GAG/AGG
19:35:35.388 - INFO - CDS - seq=contig_3, start=238289, stop=238831, strand=-, frame=2, truncated=no, start-type=ATG, RBS-motif=GGAGG
19:35:35.388 - INFO - CDS - seq=contig_3, start=239052, stop=239342, strand=+, frame=3, truncated=no, start-type=ATG, RBS-motif=AGGAGG
19:35:35.388 - INFO - CDS - seq=contig_3, start=239458, stop=239835, strand=-, frame=3, truncated=no, start-type=ATG, RBS-motif=AGxAGG/AGGxGG
19:35:35.388 - INFO - CDS - seq=contig_3, start=240080, stop=241399, strand=+, frame=2, truncated=no, start-type=ATG, RBS-motif=AGGAG
19:35:35.388 - INFO - CDS - seq=contig_3, start=241633, stop=242979, strand=+, frame=1, truncated=no, start-type=ATG, RBS-motif=AGGAG
19:35:35.388 - INFO - CDS - seq=contig_3, start=243207, stop=244307, strand=+, frame=3, truncated=no, start-type=ATG, RBS-motif=GGAGG
19:35:35.388 - INFO - CDS - seq=contig_3, start=244307, stop=245500, strand=+, frame=2, truncated=no, start-type=ATG, RBS-motif=AGGAGG
19:35:35.388 - INFO - CDS - seq=contig_3, start=245686, stop=246564, strand=+, frame=1, truncated=no, start-type=ATG, RBS-motif=AGGAGG
19:35:35.388 - INFO - CDS - seq=contig_3, start=246726, stop=248780, strand=+, frame=3, truncated=no, start-type=ATG, RBS-motif=AGGAGG
19:35:35.388 - INFO - CDS - seq=contig_3, start=248937, stop=251567, strand=-, frame=1, truncated=no, start-type=ATG, RBS-motif=AGGA
19:35:35.388 - INFO - CDS - seq=contig_3, start=251729, stop=252286, strand=-, frame=2, truncated=no, start-type=ATG, RBS-motif=GGA/GAG/AGG
19:35:35.389 - INFO - CDS - seq=contig_3, start=252851, stop=253522, strand=-, frame=2, truncated=no, start-type=GTG, RBS-motif=AGGAGG
19:35:35.389 - INFO - CDS - seq=contig_3, start=254035, stop=255156, strand=+, frame=1, truncated=no, start-type=ATG, RBS-motif=AGxAGG/AGGxGG
19:35:35.389 - INFO - CDS - seq=contig_3, start=255170, stop=255454, strand=+, frame=2, truncated=no, start-type=ATG, RBS-motif=GGAG/GAGG
19:35:35.389 - INFO - CDS - seq=contig_3, start=255645, stop=256760, strand=-, frame=1, truncated=no, start-type=ATG, RBS-motif=GGAGG
19:35:35.389 - INFO - CDS - seq=contig_3, start=256948, stop=257154, strand=-, frame=3, truncated=no, start-type=ATG, RBS-motif=AGGAGG
19:35:35.389 - INFO - CDS - seq=contig_3, start=257287, stop=257544, strand=-, frame=3, truncated=no, start-type=GTG, RBS-motif=AGGAGG
19:35:35.389 - INFO - CDS - seq=contig_3, start=257615, stop=257821, strand=-, frame=2, truncated=no, start-type=ATG, RBS-motif=AGxAGG/AGGxGG
19:35:35.389 - INFO - CDS - seq=contig_3, start=258046, stop=258297, strand=-, frame=3, truncated=no, start-type=ATG, RBS-motif=AGxAGG/AGGxGG
19:35:35.389 - INFO - CDS - seq=contig_3, start=258625, stop=259857, strand=+, frame=1, truncated=no, start-type=GTG, RBS-motif=GGA/GAG/AGG
19:35:35.389 - INFO - CDS - seq=contig_3, start=259936, stop=261192, strand=-, frame=3, truncated=no, start-type=ATG, RBS-motif=AGGAG
19:35:35.389 - INFO - CDS - seq=contig_3, start=261281, stop=262114, strand=-, frame=2, truncated=no, start-type=ATG, RBS-motif=GGAGG
19:35:35.389 - INFO - CDS - seq=contig_3, start=262431, stop=262625, strand=-, frame=1, truncated=no, start-type=ATG, RBS-motif=GGAGG
19:35:35.389 - INFO - CDS - seq=contig_3, start=262879, stop=263415, strand=-, frame=3, truncated=no, start-type=ATG, RBS-motif=GGxGG
19:35:35.389 - INFO - CDS - seq=contig_3, start=263604, stop=264827, strand=-, frame=1, truncated=no, start-type=ATG, RBS-motif=AGGAG
19:35:35.389 - INFO - CDS - seq=contig_3, start=265417, stop=266244, strand=-, frame=3, truncated=no, start-type=ATG, RBS-motif=None
19:35:35.389 - INFO - CDS - seq=contig_3, start=266251, stop=267810, strand=-, frame=3, truncated=no, start-type=ATG, RBS-motif=GGAG/GAGG
19:35:35.389 - INFO - CDS - seq=contig_3, start=267807, stop=269129, strand=-, frame=1, truncated=no, start-type=ATG, RBS-motif=AGGAGG
19:35:35.389 - INFO - CDS - seq=contig_3, start=269131, stop=272136, strand=-, frame=3, truncated=no, start-type=ATG, RBS-motif=AGGAGG
19:35:35.389 - INFO - CDS - seq=contig_3, start=272414, stop=272971, strand=-, frame=2, truncated=no, start-type=ATG, RBS-motif=AGGAG
19:35:35.389 - INFO - CDS - seq=contig_3, start=273066, stop=274262, strand=-, frame=1, truncated=no, start-type=ATG, RBS-motif=GGAGG
19:35:35.389 - INFO - CDS - seq=contig_3, start=274471, stop=275526, strand=+, frame=1, truncated=no, start-type=ATG, RBS-motif=AGGAG
19:35:35.389 - INFO - CDS - seq=contig_3, start=275777, stop=276406, strand=+, frame=2, truncated=no, start-type=ATG, RBS-motif=AGxAGG/AGGxGG
19:35:35.389 - INFO - CDS - seq=contig_3, start=276542, stop=276871, strand=+, frame=2, truncated=no, start-type=ATG, RBS-motif=AGGAGG
19:35:35.389 - INFO - CDS - seq=contig_3, start=276868, stop=277656, strand=+, frame=1, truncated=no, start-type=ATG, RBS-motif=AGGAGG
19:35:35.389 - INFO - CDS - seq=contig_3, start=277709, stop=278497, strand=+, frame=2, truncated=no, start-type=ATG, RBS-motif=GGAGG
19:35:35.390 - INFO - CDS - seq=contig_3, start=278542, stop=278820, strand=-, frame=3, truncated=no, start-type=ATG, RBS-motif=AGGAGG
19:35:35.390 - INFO - CDS - seq=contig_3, start=278844, stop=279128, strand=-, frame=1, truncated=no, start-type=TTG, RBS-motif=AGGAG
19:35:35.390 - INFO - CDS - seq=contig_3, start=279322, stop=279618, strand=-, frame=3, truncated=no, start-type=ATG, RBS-motif=GGAG/GAGG
19:35:35.390 - INFO - CDS - seq=contig_3, start=279720, stop=281075, strand=-, frame=1, truncated=no, start-type=ATG, RBS-motif=AGGA/GGAG/GAGG
19:35:35.390 - INFO - CDS - seq=contig_3, start=281381, stop=281641, strand=-, frame=2, truncated=no, start-type=ATG, RBS-motif=GGA/GAG/AGG
19:35:35.390 - INFO - CDS - seq=contig_3, start=281765, stop=282076, strand=-, frame=2, truncated=no, start-type=ATG, RBS-motif=AGGA
19:35:35.390 - INFO - CDS - seq=contig_3, start=282289, stop=283668, strand=-, frame=3, truncated=no, start-type=ATG, RBS-motif=AGGAGG
19:35:35.390 - INFO - CDS - seq=contig_3, start=283679, stop=285871, strand=-, frame=2, truncated=no, start-type=ATG, RBS-motif=AGGAGG
19:35:35.390 - INFO - CDS - seq=contig_3, start=286337, stop=286477, strand=-, frame=2, truncated=no, start-type=ATG, RBS-motif=AGxAGG/AGGxGG
19:35:35.390 - INFO - CDS - seq=contig_3, start=286668, stop=287966, strand=+, frame=3, truncated=no, start-type=ATG, RBS-motif=GGAG/GAGG
19:35:35.390 - INFO - CDS - seq=contig_3, start=287971, stop=288777, strand=+, frame=1, truncated=no, start-type=ATG, RBS-motif=GGAG/GAGG
19:35:35.390 - INFO - CDS - seq=contig_3, start=289139, stop=289336, strand=-, frame=2, truncated=no, start-type=ATG, RBS-motif=AGGAGG
19:35:35.390 - INFO - CDS - seq=contig_3, start=289882, stop=290121, strand=+, frame=1, truncated=no, start-type=TTG, RBS-motif=GGAGG
19:35:35.390 - INFO - CDS - seq=contig_3, start=290381, stop=290563, strand=-, frame=2, truncated=no, start-type=ATG, RBS-motif=AGGA
19:35:35.390 - INFO - CDS - seq=contig_3, start=290589, stop=290777, strand=-, frame=1, truncated=no, start-type=ATG, RBS-motif=GGAGG
19:35:35.390 - INFO - CDS - seq=contig_3, start=291099, stop=291323, strand=+, frame=3, truncated=no, start-type=ATG, RBS-motif=GGAG/GAGG
19:35:35.390 - INFO - CDS - seq=contig_3, start=291355, stop=291525, strand=-, frame=3, truncated=no, start-type=ATG, RBS-motif=GGA/GAG/AGG
19:35:35.390 - INFO - CDS - seq=contig_3, start=292124, stop=292936, strand=-, frame=2, truncated=no, start-type=ATG, RBS-motif=GGA/GAG/AGG
19:35:35.390 - INFO - CDS - seq=contig_3, start=293221, stop=293379, strand=-, frame=3, truncated=no, start-type=ATG, RBS-motif=AGxAGG/AGGxGG
19:35:35.390 - INFO - CDS - seq=contig_3, start=293495, stop=293827, strand=-, frame=2, truncated=no, start-type=ATG, RBS-motif=4Base/6BMM
19:35:35.390 - INFO - CDS - seq=contig_3, start=294079, stop=294270, strand=-, frame=3, truncated=no, start-type=TTG, RBS-motif=GGxGG
19:35:35.390 - INFO - CDS - seq=contig_3, start=294583, stop=294918, strand=-, frame=3, truncated=no, start-type=ATG, RBS-motif=AGGA
19:35:35.391 - INFO - CDS - seq=contig_3, start=295037, stop=295633, strand=-, frame=2, truncated=no, start-type=ATG, RBS-motif=GGAG/GAGG
19:35:35.391 - INFO - CDS - seq=contig_3, start=295904, stop=296212, strand=-, frame=2, truncated=no, start-type=ATG, RBS-motif=GGAG/GAGG
19:35:35.391 - INFO - CDS - seq=contig_3, start=296348, stop=296563, strand=-, frame=2, truncated=no, start-type=ATG, RBS-motif=AGGAG
19:35:35.391 - INFO - CDS - seq=contig_3, start=296560, stop=296793, strand=-, frame=3, truncated=no, start-type=ATG, RBS-motif=AGGA
19:35:35.391 - INFO - CDS - seq=contig_3, start=297027, stop=297980, strand=-, frame=1, truncated=no, start-type=ATG, RBS-motif=GGAG/GAGG
19:35:35.391 - INFO - CDS - seq=contig_3, start=298185, stop=298919, strand=+, frame=3, truncated=no, start-type=TTG, RBS-motif=AGGAGG
19:35:35.391 - INFO - CDS - seq=contig_3, start=298945, stop=300108, strand=+, frame=1, truncated=no, start-type=ATG, RBS-motif=AGGAG
19:35:35.391 - INFO - CDS - seq=contig_3, start=300284, stop=301660, strand=-, frame=2, truncated=no, start-type=ATG, RBS-motif=GGAGG
19:35:35.391 - INFO - CDS - seq=contig_3, start=301793, stop=302551, strand=-, frame=2, truncated=no, start-type=ATG, RBS-motif=GGA/GAG/AGG
19:35:35.391 - INFO - CDS - seq=contig_3, start=302716, stop=302859, strand=-, frame=3, truncated=no, start-type=ATG, RBS-motif=GGAG/GAGG
19:35:35.391 - INFO - CDS - seq=contig_3, start=302843, stop=304450, strand=-, frame=2, truncated=no, start-type=GTG, RBS-motif=GGAG/GAGG
19:35:35.391 - INFO - CDS - seq=contig_3, start=304838, stop=307555, strand=+, frame=2, truncated=no, start-type=ATG, RBS-motif=GGAG/GAGG
19:35:35.391 - INFO - CDS - seq=contig_3, start=307855, stop=308220, strand=+, frame=1, truncated=no, start-type=TTG, RBS-motif=AGGAG
19:35:35.391 - INFO - CDS - seq=contig_3, start=308374, stop=309747, strand=-, frame=3, truncated=no, start-type=ATG, RBS-motif=None
19:35:35.391 - INFO - CDS - seq=contig_3, start=309787, stop=311316, strand=-, frame=3, truncated=no, start-type=ATG, RBS-motif=AGxAGG/AGGxGG
19:35:35.391 - INFO - CDS - seq=contig_3, start=311562, stop=311753, strand=+, frame=3, truncated=no, start-type=ATG, RBS-motif=AGGAGG
19:35:35.391 - INFO - CDS - seq=contig_3, start=311882, stop=312520, strand=+, frame=2, truncated=no, start-type=ATG, RBS-motif=GGAG/GAGG
19:35:35.391 - INFO - CDS - seq=contig_3, start=312541, stop=312873, strand=+, frame=1, truncated=no, start-type=ATG, RBS-motif=GGAGG
19:35:35.391 - INFO - CDS - seq=contig_3, start=312994, stop=313935, strand=-, frame=3, truncated=no, start-type=ATG, RBS-motif=AGGAGG
19:35:35.392 - INFO - CDS - seq=contig_3, start=313932, stop=314828, strand=-, frame=1, truncated=no, start-type=ATG, RBS-motif=AGGAGG
19:35:35.392 - INFO - CDS - seq=contig_3, start=314825, stop=315568, strand=-, frame=2, truncated=no, start-type=ATG, RBS-motif=GGAGG
19:35:35.392 - INFO - CDS - seq=contig_3, start=315845, stop=317311, strand=-, frame=2, truncated=no, start-type=ATG, RBS-motif=AGGAGG
19:35:35.392 - INFO - CDS - seq=contig_3, start=317512, stop=317781, strand=-, frame=3, truncated=no, start-type=TTG, RBS-motif=GGAG/GAGG
19:35:35.392 - INFO - CDS - seq=contig_3, start=318190, stop=319107, strand=+, frame=1, truncated=no, start-type=ATG, RBS-motif=AGGA/GGAG/GAGG
19:35:35.392 - INFO - CDS - seq=contig_3, start=319347, stop=319988, strand=+, frame=3, truncated=no, start-type=ATG, RBS-motif=AGGA
19:35:35.392 - INFO - CDS - seq=contig_3, start=320106, stop=320738, strand=-, frame=1, truncated=no, start-type=TTG, RBS-motif=AGGAGG
19:35:35.392 - INFO - CDS - seq=contig_3, start=320895, stop=321419, strand=-, frame=1, truncated=no, start-type=TTG, RBS-motif=GGAGG
19:35:35.392 - INFO - CDS - seq=contig_3, start=321682, stop=323478, strand=+, frame=1, truncated=no, start-type=ATG, RBS-motif=AGGA
19:35:35.392 - INFO - CDS - seq=contig_3, start=323629, stop=324531, strand=+, frame=1, truncated=no, start-type=ATG, RBS-motif=AGGAG
19:35:35.392 - INFO - CDS - seq=contig_3, start=324775, stop=324924, strand=+, frame=1, truncated=no, start-type=ATG, RBS-motif=GGAG/GAGG
19:35:35.392 - INFO - CDS - seq=contig_3, start=325532, stop=327880, strand=-, frame=2, truncated=no, start-type=ATG, RBS-motif=GGAGG
19:35:35.392 - INFO - CDS - seq=contig_3, start=328055, stop=329239, strand=-, frame=2, truncated=no, start-type=ATG, RBS-motif=GGAGG
19:35:35.392 - INFO - CDS - seq=contig_3, start=329691, stop=329978, strand=-, frame=1, truncated=no, start-type=GTG, RBS-motif=GGAG/GAGG
19:35:35.392 - INFO - CDS - seq=contig_3, start=330985, stop=331341, strand=-, frame=3, truncated=no, start-type=ATG, RBS-motif=AGxAGG/AGGxGG
19:35:35.392 - INFO - CDS - seq=contig_3, start=331335, stop=331745, strand=-, frame=1, truncated=no, start-type=ATG, RBS-motif=AGGAG
19:35:35.392 - INFO - CDS - seq=contig_3, start=331840, stop=331959, strand=+, frame=1, truncated=no, start-type=ATG, RBS-motif=GGAG/GAGG
19:35:35.392 - INFO - CDS - seq=contig_3, start=332171, stop=332473, strand=-, frame=2, truncated=no, start-type=ATG, RBS-motif=GGA/GAG/AGG
19:35:35.392 - INFO - CDS - seq=contig_3, start=332451, stop=332633, strand=-, frame=1, truncated=no, start-type=ATG, RBS-motif=GGA/GAG/AGG
19:35:35.392 - INFO - CDS - seq=contig_3, start=333026, stop=333313, strand=-, frame=2, truncated=no, start-type=TTG, RBS-motif=GGAG/GAGG
19:35:35.392 - INFO - CDS - seq=contig_3, start=333490, stop=334776, strand=+, frame=1, truncated=no, start-type=ATG, RBS-motif=AGGAG
19:35:35.393 - INFO - CDS - seq=contig_3, start=334852, stop=337107, strand=+, frame=1, truncated=no, start-type=ATG, RBS-motif=AGGA
19:35:35.393 - INFO - CDS - seq=contig_3, start=337488, stop=338435, strand=+, frame=3, truncated=no, start-type=ATG, RBS-motif=GGAGG
19:35:35.393 - INFO - CDS - seq=contig_3, start=338495, stop=339268, strand=+, frame=2, truncated=no, start-type=ATG, RBS-motif=GGAGG
19:35:35.393 - INFO - CDS - seq=contig_3, start=339268, stop=340050, strand=+, frame=1, truncated=no, start-type=ATG, RBS-motif=AGGAGG
19:35:35.393 - INFO - CDS - seq=contig_3, start=340047, stop=340850, strand=+, frame=3, truncated=no, start-type=ATG, RBS-motif=GGAGG
19:35:35.393 - INFO - CDS - seq=contig_3, start=341229, stop=342203, strand=-, frame=1, truncated=no, start-type=ATG, RBS-motif=AGxAGG/AGGxGG
19:35:35.393 - INFO - CDS - seq=contig_3, start=342193, stop=343725, strand=-, frame=3, truncated=no, start-type=ATG, RBS-motif=AGGAG
19:35:35.393 - INFO - CDS - seq=contig_3, start=343682, stop=344914, strand=-, frame=2, truncated=no, start-type=ATG, RBS-motif=GGA/GAG/AGG
19:35:35.393 - INFO - CDS - seq=contig_3, start=344911, stop=345612, strand=-, frame=3, truncated=no, start-type=ATG, RBS-motif=AGGAGG
19:35:35.393 - INFO - CDS - seq=contig_3, start=345609, stop=346424, strand=-, frame=1, truncated=no, start-type=ATG, RBS-motif=AGGAG
19:35:35.393 - INFO - CDS - seq=contig_3, start=346719, stop=347498, strand=-, frame=1, truncated=no, start-type=ATG, RBS-motif=GGAGG
19:35:35.393 - INFO - CDS - seq=contig_3, start=347502, stop=348272, strand=-, frame=1, truncated=no, start-type=ATG, RBS-motif=AGxAGG/AGGxGG
19:35:35.393 - INFO - CDS - seq=contig_3, start=348269, stop=349219, strand=-, frame=2, truncated=no, start-type=ATG, RBS-motif=AGxAGG/AGGxGG
19:35:35.393 - INFO - CDS - seq=contig_3, start=349694, stop=349942, strand=-, frame=2, truncated=no, start-type=ATG, RBS-motif=AGxAGG/AGGxGG
19:35:35.393 - INFO - CDS - seq=contig_3, start=350190, stop=350630, strand=+, frame=3, truncated=no, start-type=ATG, RBS-motif=GGA/GAG/AGG
19:35:35.393 - INFO - CDS - seq=contig_3, start=350609, stop=350995, strand=+, frame=2, truncated=no, start-type=ATG, RBS-motif=GGA/GAG/AGG
19:35:35.393 - INFO - CDS - seq=contig_3, start=350997, stop=351956, strand=-, frame=1, truncated=no, start-type=ATG, RBS-motif=None
19:35:35.393 - INFO - CDS - seq=contig_3, start=352326, stop=352649, strand=+, frame=3, truncated=no, start-type=ATG, RBS-motif=GGAG/GAGG
19:35:35.393 - INFO - CDS - seq=contig_3, start=352816, stop=353208, strand=-, frame=3, truncated=no, start-type=GTG, RBS-motif=AGGAGG
19:35:35.393 - INFO - CDS - seq=contig_3, start=353222, stop=353668, strand=-, frame=2, truncated=no, start-type=GTG, RBS-motif=GGAGG
19:35:35.393 - INFO - CDS - seq=contig_3, start=353912, stop=354523, strand=-, frame=2, truncated=no, start-type=ATG, RBS-motif=GGA/GAG/AGG
19:35:35.394 - INFO - CDS - seq=contig_3, start=354604, stop=355662, strand=+, frame=1, truncated=no, start-type=ATG, RBS-motif=GGAG/GAGG
19:35:35.394 - INFO - CDS - seq=contig_3, start=355664, stop=356374, strand=+, frame=2, truncated=no, start-type=ATG, RBS-motif=GGAGG
19:35:35.394 - INFO - CDS - seq=contig_3, start=356548, stop=356769, strand=+, frame=1, truncated=no, start-type=ATG, RBS-motif=GGAGG
19:35:35.394 - INFO - CDS - seq=contig_3, start=357042, stop=357803, strand=+, frame=3, truncated=no, start-type=ATG, RBS-motif=AGGAGG
19:35:35.394 - INFO - CDS - seq=contig_3, start=357898, stop=358641, strand=-, frame=3, truncated=no, start-type=ATG, RBS-motif=AGxAGG/AGGxGG
19:35:35.394 - INFO - CDS - seq=contig_3, start=358655, stop=359449, strand=-, frame=2, truncated=no, start-type=GTG, RBS-motif=GGAGG
19:35:35.394 - INFO - CDS - seq=contig_3, start=359442, stop=360287, strand=-, frame=1, truncated=no, start-type=GTG, RBS-motif=None
19:35:35.394 - INFO - CDS - seq=contig_3, start=360284, stop=361120, strand=-, frame=2, truncated=no, start-type=GTG, RBS-motif=AGxAGG/AGGxGG
19:35:35.394 - INFO - CDS - seq=contig_3, start=361264, stop=361935, strand=-, frame=3, truncated=no, start-type=ATG, RBS-motif=GGAGG
19:35:35.394 - INFO - CDS - seq=contig_3, start=362352, stop=362735, strand=-, frame=1, truncated=no, start-type=ATG, RBS-motif=AGGAGG
19:35:35.394 - INFO - CDS - seq=contig_3, start=362757, stop=363695, strand=-, frame=1, truncated=no, start-type=ATG, RBS-motif=GGA/GAG/AGG
19:35:35.394 - INFO - CDS - seq=contig_3, start=363770, stop=364159, strand=-, frame=2, truncated=no, start-type=ATG, RBS-motif=AGGAGG
19:35:35.394 - INFO - CDS - seq=contig_3, start=364180, stop=364545, strand=-, frame=3, truncated=no, start-type=ATG, RBS-motif=AGGAGG
19:35:35.394 - INFO - CDS - seq=contig_3, start=364579, stop=364695, strand=-, frame=3, truncated=no, start-type=ATG, RBS-motif=AGGAGG
19:35:35.394 - INFO - CDS - seq=contig_3, start=364723, stop=364941, strand=-, frame=3, truncated=no, start-type=GTG, RBS-motif=AGGAGG
19:35:35.394 - INFO - CDS - seq=contig_3, start=365085, stop=365741, strand=-, frame=1, truncated=no, start-type=GTG, RBS-motif=AGGAGG
19:35:35.394 - INFO - CDS - seq=contig_3, start=365889, stop=367214, strand=-, frame=1, truncated=no, start-type=ATG, RBS-motif=GGAG/GAGG
19:35:35.394 - INFO - CDS - seq=contig_3, start=367214, stop=367654, strand=-, frame=2, truncated=no, start-type=ATG, RBS-motif=AGGAGG
19:35:35.394 - INFO - CDS - seq=contig_3, start=367688, stop=367873, strand=-, frame=2, truncated=no, start-type=ATG, RBS-motif=AGGAGG
19:35:35.395 - INFO - CDS - seq=contig_3, start=367885, stop=368388, strand=-, frame=3, truncated=no, start-type=ATG, RBS-motif=AGGAGG
19:35:35.395 - INFO - CDS - seq=contig_3, start=368411, stop=368770, strand=-, frame=2, truncated=no, start-type=GTG, RBS-motif=GGAG/GAGG
19:35:35.395 - INFO - CDS - seq=contig_3, start=368808, stop=369338, strand=-, frame=1, truncated=no, start-type=GTG, RBS-motif=AGGAGG
19:35:35.395 - INFO - CDS - seq=contig_3, start=369369, stop=369767, strand=-, frame=1, truncated=no, start-type=ATG, RBS-motif=AGGAGG
19:35:35.395 - INFO - CDS - seq=contig_3, start=369993, stop=370535, strand=-, frame=1, truncated=no, start-type=ATG, RBS-motif=AGGAGG
19:35:35.395 - INFO - CDS - seq=contig_3, start=370560, stop=370871, strand=-, frame=1, truncated=no, start-type=ATG, RBS-motif=AGGAGG
19:35:35.395 - INFO - CDS - seq=contig_3, start=370901, stop=371269, strand=-, frame=2, truncated=no, start-type=GTG, RBS-motif=AGGAGG
19:35:35.395 - INFO - CDS - seq=contig_3, start=371301, stop=371564, strand=-, frame=1, truncated=no, start-type=TTG, RBS-motif=AGGAG
19:35:35.395 - INFO - CDS - seq=contig_3, start=371585, stop=371779, strand=-, frame=2, truncated=no, start-type=ATG, RBS-motif=AGxAGG/AGGxGG
19:35:35.395 - INFO - CDS - seq=contig_3, start=371769, stop=372203, strand=-, frame=1, truncated=no, start-type=ATG, RBS-motif=AGGAGG
19:35:35.395 - INFO - CDS - seq=contig_3, start=372207, stop=372869, strand=-, frame=1, truncated=no, start-type=GTG, RBS-motif=AGGAGG
19:35:35.395 - INFO - CDS - seq=contig_3, start=372883, stop=373236, strand=-, frame=3, truncated=no, start-type=ATG, RBS-motif=AGGAG
19:35:35.395 - INFO - CDS - seq=contig_3, start=373254, stop=373535, strand=-, frame=1, truncated=no, start-type=ATG, RBS-motif=AGGAGG
19:35:35.395 - INFO - CDS - seq=contig_3, start=373575, stop=374411, strand=-, frame=1, truncated=no, start-type=GTG, RBS-motif=AGGAGG
19:35:35.395 - INFO - CDS - seq=contig_3, start=374440, stop=374742, strand=-, frame=3, truncated=no, start-type=ATG, RBS-motif=AGGAGG
19:35:35.395 - INFO - CDS - seq=contig_3, start=374742, stop=375365, strand=-, frame=1, truncated=no, start-type=ATG, RBS-motif=GGAGG
19:35:35.395 - INFO - CDS - seq=contig_3, start=375388, stop=376020, strand=-, frame=3, truncated=no, start-type=ATG, RBS-motif=AGGAGG
19:35:35.395 - INFO - CDS - seq=contig_3, start=376046, stop=376354, strand=-, frame=2, truncated=no, start-type=ATG, RBS-motif=AGGAGG
19:35:35.395 - INFO - CDS - seq=contig_3, start=376679, stop=377116, strand=+, frame=2, truncated=no, start-type=ATG, RBS-motif=GGAGG
19:35:35.395 - INFO - CDS - seq=contig_3, start=377259, stop=377822, strand=-, frame=1, truncated=no, start-type=ATG, RBS-motif=GGAGG
19:35:35.395 - INFO - CDS - seq=contig_3, start=378102, stop=379136, strand=-, frame=1, truncated=no, start-type=GTG, RBS-motif=AGxAGG/AGGxGG
19:35:35.395 - INFO - CDS - seq=contig_3, start=379318, stop=381420, strand=-, frame=3, truncated=no, start-type=ATG, RBS-motif=AGGAG/GGAGG
19:35:35.395 - INFO - CDS - seq=contig_3, start=381510, stop=381980, strand=-, frame=1, truncated=no, start-type=ATG, RBS-motif=AGGAGG
19:35:35.395 - INFO - CDS - seq=contig_3, start=382178, stop=382594, strand=-, frame=2, truncated=no, start-type=ATG, RBS-motif=AGGAG
19:35:35.396 - INFO - CDS - seq=contig_3, start=383325, stop=391499, strand=-, frame=1, truncated=no, start-type=ATG, RBS-motif=AGGAGG
19:35:35.396 - INFO - CDS - seq=contig_3, start=391887, stop=392381, strand=+, frame=3, truncated=no, start-type=ATG, RBS-motif=GGAG/GAGG
19:35:35.396 - INFO - CDS - seq=contig_3, start=392572, stop=396234, strand=-, frame=3, truncated=no, start-type=TTG, RBS-motif=AGGAGG
19:35:35.396 - INFO - CDS - seq=contig_3, start=396247, stop=399831, strand=-, frame=3, truncated=no, start-type=GTG, RBS-motif=AGGA
19:35:35.396 - INFO - CDS - seq=contig_3, start=400176, stop=402683, strand=-, frame=1, truncated=no, start-type=ATG, RBS-motif=GGAG/GAGG
19:35:35.396 - INFO - CDS - seq=contig_3, start=402723, stop=403190, strand=-, frame=1, truncated=no, start-type=ATG, RBS-motif=AGGA
19:35:35.396 - INFO - CDS - seq=contig_3, start=403873, stop=404076, strand=-, frame=3, truncated=no, start-type=TTG, RBS-motif=GGAGG
19:35:35.396 - INFO - CDS - seq=contig_3, start=122, stop=1720, strand=-, nt=[ATGGCTCAAA..AAATGAGTAA]
19:35:35.396 - INFO - CDS - seq=contig_3, start=1738, stop=4788, strand=-, nt=[ATGGGTGCAA..TCAGGACTAA]
19:35:35.396 - INFO - CDS - seq=contig_3, start=5259, stop=5825, strand=-, nt=[ATGACAGAAG..CAGAATCTGA]
19:35:35.396 - INFO - CDS - seq=contig_3, start=8266, stop=10059, strand=-, nt=[ATGGAAAATT..CGAATCTTGA]
19:35:35.396 - INFO - CDS - seq=contig_3, start=10075, stop=13020, strand=-, nt=[GTGAAATTAG..AACTTCGTGA]
19:35:35.396 - INFO - CDS - seq=contig_3, start=13238, stop=14422, strand=+, nt=[TTGGCTAAAG..CACTGACTAG]
19:35:35.396 - INFO - CDS - seq=contig_3, start=14964, stop=16925, strand=-, nt=[ATGGCTAAAA..ACCGGCTTGA]
19:35:35.396 - INFO - CDS - seq=contig_3, start=16928, stop=18595, strand=-, nt=[ATGACGAACG..GGTGAAATGA]
19:35:35.396 - INFO - CDS - seq=contig_3, start=18670, stop=19671, strand=-, nt=[ATGGCAACGA..AAGCGCCTGA]
19:35:35.396 - INFO - CDS - seq=contig_3, start=19816, stop=21294, strand=-, nt=[ATGAAAGAAG..CGGTCTTTGA]
19:35:35.396 - INFO - CDS - seq=contig_3, start=21891, stop=22766, strand=-, nt=[TTGACAAATC..GCTGTCGTGA]
19:35:35.396 - INFO - CDS - seq=contig_3, start=22847, stop=24028, strand=-, nt=[ATGCTTGAAA..GTATGAATAA]
19:35:35.396 - INFO - CDS - seq=contig_3, start=24128, stop=24901, strand=-, nt=[ATGACGGATA..AAAATTTTAA]
19:35:35.396 - INFO - CDS - seq=contig_3, start=25053, stop=25868, strand=-, nt=[ATGTCACAAC..CACAGCCTGA]
19:35:35.396 - INFO - CDS - seq=contig_3, start=25983, stop=27347, strand=-, nt=[TTGTTCAAAA..GCCCGGTTAG]
19:35:35.396 - INFO - CDS - seq=contig_3, start=27388, stop=27828, strand=-, nt=[ATGCTCGAAA..TATTGGCTGA]
19:35:35.396 - INFO - CDS - seq=contig_3, start=27941, stop=28390, strand=-, nt=[ATGGACACCG..CAGAGCGTGA]
19:35:35.396 - INFO - CDS - seq=contig_3, start=28396, stop=29616, strand=-, nt=[TTGCAACGAG..AAGGTGGTGA]
19:35:35.396 - INFO - CDS - seq=contig_3, start=29639, stop=30367, strand=-, nt=[TTGAAATTAA..ATTAGGCTAA]
19:35:35.396 - INFO - CDS - seq=contig_3, start=30364, stop=31287, strand=-, nt=[TTGCGTTTTG..GGCAGATTGA]
19:35:35.396 - INFO - CDS - seq=contig_3, start=31324, stop=32310, strand=-, nt=[ATGAGTCCAT..ACAGGCTTAA]
19:35:35.396 - INFO - CDS - seq=contig_3, start=32334, stop=32573, strand=-, nt=[ATGACAAACG..TGAAGCTTAA]
19:35:35.397 - INFO - CDS - seq=contig_3, start=32677, stop=33639, strand=-, nt=[TTGGAGATTC..CACTTATTAA]
19:35:35.397 - INFO - CDS - seq=contig_3, start=33655, stop=34104, strand=-, nt=[ATGTCCCAAA..TCGTCATTAG]
19:35:35.397 - INFO - CDS - seq=contig_3, start=34175, stop=34612, strand=-, nt=[ATGACAACTT..CAATGCTTAG]
19:35:35.397 - INFO - CDS - seq=contig_3, start=35108, stop=36091, strand=-, nt=[TTGACGCAAC..TGAGTGGTAA]
19:35:35.397 - INFO - CDS - seq=contig_3, start=36155, stop=37348, strand=-, nt=[TTGAAGAATT..GCTGGCATAA]
19:35:35.397 - INFO - CDS - seq=contig_3, start=37901, stop=38200, strand=-, nt=[ATGTCTTTAA..ATTAAATTAA]
19:35:35.397 - INFO - CDS - seq=contig_3, start=38240, stop=38656, strand=-, nt=[ATGATGCAAA..CTTGCAATAA]
19:35:35.397 - INFO - CDS - seq=contig_3, start=38944, stop=39732, strand=-, nt=[ATGGAATATT..TGATGACTAG]
19:35:35.397 - INFO - CDS - seq=contig_3, start=39788, stop=40795, strand=-, nt=[GTGCATCGCG..AACCAACTAA]
19:35:35.397 - INFO - CDS - seq=contig_3, start=40962, stop=42059, strand=-, nt=[TTGGCAGAGA..CAGAGACTGA]
19:35:35.397 - INFO - CDS - seq=contig_3, start=42476, stop=43063, strand=-, nt=[ATGACAAAAA..TCGATTCTAA]
19:35:35.397 - INFO - CDS - seq=contig_3, start=43165, stop=44940, strand=-, nt=[ATGCAACGTT..GGCCGCGTAA]
19:35:35.397 - INFO - CDS - seq=contig_3, start=45110, stop=45577, strand=-, nt=[GTGGCAAATT..AGCACACTAG]
19:35:35.397 - INFO - CDS - seq=contig_3, start=45827, stop=46516, strand=-, nt=[ATGGCGAAAT..GTTGGACTAA]
19:35:35.397 - INFO - CDS - seq=contig_3, start=46750, stop=46956, strand=+, nt=[GTGAAAAAAA..TCGTCGTTAA]
19:35:35.397 - INFO - CDS - seq=contig_3, start=47049, stop=48128, strand=+, nt=[ATGTTTAAGA..TAACTTTTAG]
19:35:35.397 - INFO - CDS - seq=contig_3, start=48235, stop=49329, strand=-, nt=[ATGCATAAAC..GGTCAATTGA]
19:35:35.397 - INFO - CDS - seq=contig_3, start=49322, stop=50395, strand=-, nt=[ATGTCAGGTT..CGATGCATAA]
19:35:35.397 - INFO - CDS - seq=contig_3, start=50480, stop=51181, strand=-, nt=[ATGACACAAT..TTTCTTATAA]
19:35:35.397 - INFO - CDS - seq=contig_3, start=51624, stop=52034, strand=+, nt=[TTGAAGAAGC..CAAAAAATAA]
19:35:35.397 - INFO - CDS - seq=contig_3, start=52088, stop=53020, strand=-, nt=[ATGCCTTTTG..GCCAACTTAA]
19:35:35.397 - INFO - CDS - seq=contig_3, start=53232, stop=54992, strand=-, nt=[ATGGTAAAGA..TGTGGCGTAA]
19:35:35.397 - INFO - CDS - seq=contig_3, start=55569, stop=56471, strand=-, nt=[TTGACTTTTT..TTTGAAATAA]
19:35:35.397 - INFO - CDS - seq=contig_3, start=56483, stop=57334, strand=-, nt=[ATGTCTAACA..AAGTCGTTAG]
19:35:35.397 - INFO - CDS - seq=contig_3, start=57327, stop=58550, strand=-, nt=[ATGCAACACA..CAATGTCTAA]
19:35:35.397 - INFO - CDS - seq=contig_3, start=58819, stop=59550, strand=-, nt=[ATGTACTACC..CAGCTTGTGA]
19:35:35.397 - INFO - CDS - seq=contig_3, start=59657, stop=60118, strand=-, nt=[TTGGTTACTG..CGTTCGCTGA]
19:35:35.397 - INFO - CDS - seq=contig_3, start=60167, stop=61426, strand=-, nt=[ATGAAAGATG..CGACATGTGA]
19:35:35.397 - INFO - CDS - seq=contig_3, start=61711, stop=62592, strand=-, nt=[ATGATCAGCG..GTTTGAGTGA]
19:35:35.397 - INFO - CDS - seq=contig_3, start=62558, stop=64072, strand=-, nt=[ATGCGATATA..CGAGCGCTAA]
19:35:35.397 - INFO - CDS - seq=contig_3, start=64181, stop=65380, strand=+, nt=[ATGAAAATTG..GATCGGATGA]
19:35:35.397 - INFO - CDS - seq=contig_3, start=65377, stop=66723, strand=+, nt=[ATGAAGGTCG..GATTGCCTAG]
19:35:35.397 - INFO - CDS - seq=contig_3, start=66843, stop=68360, strand=-, nt=[ATGGAAATTC..GAATAAGTAA]
19:35:35.397 - INFO - CDS - seq=contig_3, start=68400, stop=68780, strand=-, nt=[ATGGTGTCAT..GAGAGCGTGA]
19:35:35.397 - INFO - CDS - seq=contig_3, start=69069, stop=70112, strand=-, nt=[ATGAAACAAG..TTACAACTGA]
19:35:35.397 - INFO - CDS - seq=contig_3, start=70129, stop=71121, strand=-, nt=[ATGACAAAAA..AGTCAACTAA]
19:35:35.397 - INFO - CDS - seq=contig_3, start=71165, stop=72328, strand=-, nt=[ATGGCATTAG..AACGCATTAA]
19:35:35.397 - INFO - CDS - seq=contig_3, start=72783, stop=73103, strand=-, nt=[ATGGATGAAA..CCTTTTTTAA]
19:35:35.397 - INFO - CDS - seq=contig_3, start=73434, stop=74138, strand=+, nt=[ATGAATTATT..CAAAGACTGA]
19:35:35.397 - INFO - CDS - seq=contig_3, start=74291, stop=74671, strand=-, nt=[ATGCCACAAG..ATTTGCCTAA]
19:35:35.397 - INFO - CDS - seq=contig_3, start=74774, stop=76678, strand=-, nt=[ATGTGCGGAA..TGAAGCATAA]
19:35:35.397 - INFO - CDS - seq=contig_3, start=77659, stop=78729, strand=-, nt=[ATGAGCATTG..TCAGTATTGA]
19:35:35.397 - INFO - CDS - seq=contig_3, start=78755, stop=79669, strand=-, nt=[ATGTCTTTAT..GAATATCTGA]
19:35:35.398 - INFO - CDS - seq=contig_3, start=79745, stop=80713, strand=+, nt=[ATGATTCATC..AGATCATTGA]
19:35:35.398 - INFO - CDS - seq=contig_3, start=81004, stop=82209, strand=+, nt=[ATGGCAAAAG..AGCGGAATAG]
19:35:35.398 - INFO - CDS - seq=contig_3, start=82800, stop=83687, strand=+, nt=[ATGCTCACTG..TGAGGCCTAG]
19:35:35.398 - INFO - CDS - seq=contig_3, start=83690, stop=84961, strand=+, nt=[ATGAAAAAAA..TAAATCATGA]
19:35:35.398 - INFO - CDS - seq=contig_3, start=84975, stop=85370, strand=+, nt=[ATGCGGATCG..TGACAACTGA]
19:35:35.398 - INFO - CDS - seq=contig_3, start=85360, stop=86226, strand=+, nt=[ATGACAACTG..CCATGCGTAA]
19:35:35.398 - INFO - CDS - seq=contig_3, start=86219, stop=86863, strand=+, nt=[ATGCGTAATG..CGAATTTTAA]
19:35:35.398 - INFO - CDS - seq=contig_3, start=86971, stop=87756, strand=-, nt=[ATGTATCAAG..TCAAGGTTGA]
19:35:35.398 - INFO - CDS - seq=contig_3, start=88386, stop=89507, strand=+, nt=[GTGAAAGTTG..GCAACATTAG]
19:35:35.398 - INFO - CDS - seq=contig_3, start=89520, stop=90539, strand=+, nt=[ATGATGACCG..CATCGGATAA]
19:35:35.398 - INFO - CDS - seq=contig_3, start=90655, stop=92580, strand=+, nt=[ATGGAAAAGA..AAAGCAATAA]
19:35:35.398 - INFO - CDS - seq=contig_3, start=92594, stop=92950, strand=+, nt=[ATGACTGCGA..TACACGATAA]
19:35:35.398 - INFO - CDS - seq=contig_3, start=93087, stop=94514, strand=+, nt=[ATGATTGATC..AAATCTATAG]
19:35:35.398 - INFO - CDS - seq=contig_3, start=94616, stop=95947, strand=-, nt=[ATGAGTGAAT..AATTCGGTGA]
19:35:35.398 - INFO - CDS - seq=contig_3, start=96153, stop=97571, strand=-, nt=[ATGCAATTAT..CGACCTTTAA]
19:35:35.398 - INFO - CDS - seq=contig_3, start=97985, stop=98551, strand=-, nt=[ATGGATACAC..GGCCGCATAA]
19:35:35.398 - INFO - CDS - seq=contig_3, start=98678, stop=100126, strand=-, nt=[ATGACATACC..TTTAGGTTAA]
19:35:35.398 - INFO - CDS - seq=contig_3, start=100297, stop=102135, strand=-, nt=[ATGAATGAAT..ATTAGCGTAA]
19:35:35.398 - INFO - CDS - seq=contig_3, start=102587, stop=103444, strand=-, nt=[ATGATTATTC..GACGGAGTGA]
19:35:35.398 - INFO - CDS - seq=contig_3, start=103582, stop=105213, strand=-, nt=[ATGATCAGAA..GCCTAAATAA]
19:35:35.398 - INFO - CDS - seq=contig_3, start=105210, stop=106901, strand=-, nt=[TTGTTAGGAT..GCCATCATGA]
19:35:35.398 - INFO - CDS - seq=contig_3, start=107098, stop=107523, strand=-, nt=[GTGCGCTGGT..TCACCCATAA]
19:35:35.398 - INFO - CDS - seq=contig_3, start=107674, stop=108774, strand=-, nt=[ATGAAAAAAC..CGCTAAGTAA]
19:35:35.398 - INFO - CDS - seq=contig_3, start=109156, stop=109950, strand=-, nt=[TTGGAAGCAA..GTTAGGGTAG]
19:35:35.398 - INFO - CDS - seq=contig_3, start=109951, stop=111141, strand=-, nt=[TTGAATAGGG..GGAGAAATAA]
19:35:35.398 - INFO - CDS - seq=contig_3, start=111347, stop=111715, strand=+, nt=[ATGAAAAAAA..AAATCGCTAA]
19:35:35.398 - INFO - CDS - seq=contig_3, start=111784, stop=112107, strand=+, nt=[ATGACGAATG..CACCTCCTGA]
19:35:35.398 - INFO - CDS - seq=contig_3, start=112179, stop=113906, strand=-, nt=[ATGCATTGGT..GCTACGGTGA]
19:35:35.398 - INFO - CDS - seq=contig_3, start=113887, stop=115629, strand=-, nt=[ATGATCGATA..TGAAAAATGA]
19:35:35.398 - INFO - CDS - seq=contig_3, start=115626, stop=116639, strand=-, nt=[ATGAGCTGGT..TAGTGAATGA]
19:35:35.398 - INFO - CDS - seq=contig_3, start=116636, stop=118060, strand=-, nt=[ATGCTATTGG..CGCAAAATGA]
19:35:35.398 - INFO - CDS - seq=contig_3, start=118113, stop=118256, strand=-, nt=[ATGGTTTTAG..TAAAAAATAA]
19:35:35.398 - INFO - CDS - seq=contig_3, start=118299, stop=119603, strand=-, nt=[ATGCGCATGG..TCGCCCCTAA]
19:35:35.398 - INFO - CDS - seq=contig_3, start=120186, stop=121205, strand=+, nt=[ATGGACTTTC..TTATTGTTAA]
19:35:35.398 - INFO - CDS - seq=contig_3, start=121424, stop=121666, strand=+, nt=[ATGTTGATTA..AATGCCCTAA]
19:35:35.398 - INFO - CDS - seq=contig_3, start=121667, stop=122155, strand=-, nt=[ATGGATCAAT..TCAAGCTTAG]
19:35:35.398 - INFO - CDS - seq=contig_3, start=122278, stop=122451, strand=+, nt=[ATGATGCTGA..TGCGAGCTGA]
19:35:35.398 - INFO - CDS - seq=contig_3, start=122555, stop=123475, strand=-, nt=[GTGAAGCGCG..CCCGGACTGA]
19:35:35.398 - INFO - CDS - seq=contig_3, start=123506, stop=124120, strand=-, nt=[ATGGTAAAAC..GCAGGACTGA]
19:35:35.399 - INFO - CDS - seq=contig_3, start=124405, stop=124851, strand=-, nt=[ATGGATCAAG..AACTAAATAG]
19:35:35.399 - INFO - CDS - seq=contig_3, start=125161, stop=125550, strand=+, nt=[ATGATTACAA..GCCTGAGTAA]
19:35:35.399 - INFO - CDS - seq=contig_3, start=125778, stop=126566, strand=+, nt=[TTGGAACCCA..TCTACAGTAA]
19:35:35.399 - INFO - CDS - seq=contig_3, start=126852, stop=127994, strand=+, nt=[ATGGATTTAA..CCAACATTGA]
19:35:35.399 - INFO - CDS - seq=contig_3, start=128034, stop=128399, strand=+, nt=[TTGAAACTAT..CGTTGATTAA]
19:35:35.399 - INFO - CDS - seq=contig_3, start=128481, stop=129017, strand=-, nt=[ATGCAAACAA..CTTGCGCTAG]
19:35:35.399 - INFO - CDS - seq=contig_3, start=129156, stop=129560, strand=-, nt=[GTGACAATTG..AGAAAAGTAA]
19:35:35.399 - INFO - CDS - seq=contig_3, start=130066, stop=130248, strand=-, nt=[ATGGCAAGTA..CGGAAATTGA]
19:35:35.399 - INFO - CDS - seq=contig_3, start=130260, stop=131300, strand=-, nt=[ATGAAAGCAG..TGAAGGTTAA]
19:35:35.399 - INFO - CDS - seq=contig_3, start=131459, stop=132112, strand=-, nt=[TTGATAAAGA..GGTTTATTAA]
19:35:35.399 - INFO - CDS - seq=contig_3, start=132963, stop=133523, strand=+, nt=[ATGGATGCTC..TTCGCACTGA]
19:35:35.399 - INFO - CDS - seq=contig_3, start=133621, stop=134664, strand=-, nt=[ATGAAAAAGC..ACTTCAGTAA]
19:35:35.399 - INFO - CDS - seq=contig_3, start=134875, stop=135495, strand=-, nt=[ATGAAGCTGA..CTTCCTATAG]
19:35:35.399 - INFO - CDS - seq=contig_3, start=135521, stop=136264, strand=-, nt=[ATGGAACAAG..CCAAGATTAA]
19:35:35.399 - INFO - CDS - seq=contig_3, start=136400, stop=137791, strand=+, nt=[ATGGAAAGTG..CAAGCATTAA]
19:35:35.399 - INFO - CDS - seq=contig_3, start=138000, stop=139454, strand=+, nt=[TTGACAACAA..CGCCTCATGA]
19:35:35.399 - INFO - CDS - seq=contig_3, start=139451, stop=139945, strand=+, nt=[ATGATTATCT..TGATCAGTAA]
19:35:35.399 - INFO - CDS - seq=contig_3, start=140387, stop=140944, strand=-, nt=[ATGATCATTT..ACCGCAATAA]
19:35:35.399 - INFO - CDS - seq=contig_3, start=140941, stop=142896, strand=-, nt=[ATGCCAAAGA..TCAAGCATGA]
19:35:35.399 - INFO - CDS - seq=contig_3, start=142901, stop=145483, strand=-, nt=[GTGAATTTCG..GAAGAAGTGA]
19:35:35.399 - INFO - CDS - seq=contig_3, start=145741, stop=147570, strand=-, nt=[ATGATGCATT..GAAGAAGTAG]
19:35:35.399 - INFO - CDS - seq=contig_3, start=147800, stop=148144, strand=-, nt=[ATGAAGCTGA..AAAGGCGTAA]
19:35:35.399 - INFO - CDS - seq=contig_3, start=148638, stop=150272, strand=-, nt=[ATGGCAAAAG..TATGATGTAA]
19:35:35.399 - INFO - CDS - seq=contig_3, start=150309, stop=150590, strand=-, nt=[TTGTTAAAAC..AATTGCGTAA]
19:35:35.399 - INFO - CDS - seq=contig_3, start=150742, stop=151386, strand=+, nt=[ATGTCACTAC..CACCCTATAA]
19:35:35.399 - INFO - CDS - seq=contig_3, start=151467, stop=152525, strand=+, nt=[ATGGAGACAC..GTATGATTGA]
19:35:35.399 - INFO - CDS - seq=contig_3, start=152587, stop=153615, strand=-, nt=[ATGGGTGAAG..ACTTGCTTGA]
19:35:35.399 - INFO - CDS - seq=contig_3, start=153616, stop=154503, strand=-, nt=[ATGAGTTTAA..GGTGAAATAA]
19:35:35.399 - INFO - CDS - seq=contig_3, start=154500, stop=154865, strand=-, nt=[ATGGCGACCG..ACAAGCATGA]
19:35:35.399 - INFO - CDS - seq=contig_3, start=155007, stop=155660, strand=-, nt=[ATGGCGGAAA..AGAAGCATAA]
19:35:35.399 - INFO - CDS - seq=contig_3, start=155878, stop=157830, strand=+, nt=[GTGATCATTT..TAACAATTAA]
19:35:35.399 - INFO - CDS - seq=contig_3, start=158104, stop=158439, strand=-, nt=[ATGGCTGAAA..GAGTAAGTAG]
19:35:35.399 - INFO - CDS - seq=contig_3, start=158535, stop=159560, strand=-, nt=[GTGGCAGCAA..CGCTTCATAA]
19:35:35.399 - INFO - CDS - seq=contig_3, start=159594, stop=160133, strand=-, nt=[ATGTTTATGT..ATTGCCGTAA]
19:35:35.399 - INFO - CDS - seq=contig_3, start=160111, stop=160833, strand=-, nt=[ATGCGATTAT..GAAAGTTTAA]
19:35:35.399 - INFO - CDS - seq=contig_3, start=161569, stop=162174, strand=-, nt=[ATGTTTGCTG..TTGGTTTTAG]
19:35:35.399 - INFO - CDS - seq=contig_3, start=162405, stop=162923, strand=-, nt=[ATGCAAGTAT..CCACCTTTGA]
19:35:35.399 - INFO - CDS - seq=contig_3, start=163401, stop=164375, strand=+, nt=[GTGACTAAAC..TGTTAGCTGA]
19:35:35.399 - INFO - CDS - seq=contig_3, start=164471, stop=165214, strand=-, nt=[ATGGGAAAGG..TAAAGCATAG]
19:35:35.399 - INFO - CDS - seq=contig_3, start=165309, stop=166166, strand=-, nt=[TTGGAGCAAC..GGAAAAATAA]
19:35:35.399 - INFO - CDS - seq=contig_3, start=166168, stop=166506, strand=-, nt=[GTGGAAAAGA..GGAGAATTGA]
19:35:35.399 - INFO - CDS - seq=contig_3, start=166511, stop=167488, strand=-, nt=[ATGACCAAGT..AGAAGGGTGA]
19:35:35.399 - INFO - CDS - seq=contig_3, start=167488, stop=167817, strand=-, nt=[ATGAAATTAA..TCGCTTCTGA]
19:35:35.399 - INFO - CDS - seq=contig_3, start=167852, stop=168496, strand=-, nt=[GTGACAGGCA..ATTTAACTAA]
19:35:35.399 - INFO - CDS - seq=contig_3, start=168859, stop=169095, strand=+, nt=[ATGCCTCCTA..CGCTCTATAA]
19:35:35.400 - INFO - CDS - seq=contig_3, start=169090, stop=169353, strand=-, nt=[ATGTTTGGAC..AGATTTATAG]
19:35:35.400 - INFO - CDS - seq=contig_3, start=169353, stop=169952, strand=-, nt=[ATGCAATATC..TGAGCTGTAA]
19:35:35.400 - INFO - CDS - seq=contig_3, start=170267, stop=170575, strand=-, nt=[ATGCGTGGAA..GCCAATGTAA]
19:35:35.400 - INFO - CDS - seq=contig_3, start=170592, stop=172289, strand=-, nt=[GTGAGTTATC..AAATGACTAG]
19:35:35.400 - INFO - CDS - seq=contig_3, start=172638, stop=173144, strand=-, nt=[ATGGACGAAC..TCAGTTATAA]
19:35:35.400 - INFO - CDS - seq=contig_3, start=173286, stop=173615, strand=-, nt=[ATGACAAAAT..GAGTCACTAG]
19:35:35.400 - INFO - CDS - seq=contig_3, start=173672, stop=174268, strand=-, nt=[TTGAATCACT..GACAAAATAA]
19:35:35.400 - INFO - CDS - seq=contig_3, start=174373, stop=176982, strand=-, nt=[ATGAAAAAAC..TGACAAATAA]
19:35:35.400 - INFO - CDS - seq=contig_3, start=177386, stop=177799, strand=+, nt=[ATGTTAATGC..AATCGCTTAG]
19:35:35.400 - INFO - CDS - seq=contig_3, start=177949, stop=178881, strand=+, nt=[ATGGCGAATA..TTTACGGTAA]
19:35:35.400 - INFO - CDS - seq=contig_3, start=178990, stop=184698, strand=-, nt=[ATGCAAAGGA..TGAAGAATAG]
19:35:35.400 - INFO - CDS - seq=contig_3, start=184988, stop=185887, strand=+, nt=[ATGAAGAAAA..AACGAATTAA]
19:35:35.400 - INFO - CDS - seq=contig_3, start=186061, stop=186429, strand=-, nt=[ATGGCTTTAG..CCTCAAATAA]
19:35:35.400 - INFO - CDS - seq=contig_3, start=186470, stop=186976, strand=-, nt=[ATGAGTGAAC..TGCTGCATAA]
19:35:35.400 - INFO - CDS - seq=contig_3, start=187401, stop=188633, strand=+, nt=[TTGCCAAGTA..ACAAGCATAG]
19:35:35.400 - INFO - CDS - seq=contig_3, start=188690, stop=189523, strand=-, nt=[ATGGGTGAGG..GACGCAGTGA]
19:35:35.400 - INFO - CDS - seq=contig_3, start=189516, stop=190046, strand=-, nt=[ATGAAGAAAA..GGATGGGTGA]
19:35:35.400 - INFO - CDS - seq=contig_3, start=190303, stop=191508, strand=+, nt=[ATGTCAAAAA..GCTTGAATAG]
19:35:35.400 - INFO - CDS - seq=contig_3, start=191580, stop=192953, strand=-, nt=[ATGGCTTATC..ACGGCGTTAA]
19:35:35.400 - INFO - CDS - seq=contig_3, start=193141, stop=193830, strand=-, nt=[ATGGCTAAAA..AGACTTCTAA]
19:35:35.400 - INFO - CDS - seq=contig_3, start=193930, stop=194355, strand=-, nt=[GTGGCTAAAA..CGAAGGCTAA]
19:35:35.400 - INFO - CDS - seq=contig_3, start=194648, stop=197278, strand=-, nt=[ATGCTAAAGA..ATGGCTGTGA]
19:35:35.400 - INFO - CDS - seq=contig_3, start=197541, stop=199004, strand=+, nt=[ATGCAAAAAT..GAAGATCTAA]
19:35:35.400 - INFO - CDS - seq=contig_3, start=199004, stop=199372, strand=+, nt=[ATGGGCTCAC..GCAACGATAG]
19:35:35.400 - INFO - CDS - seq=contig_3, start=199463, stop=199999, strand=-, nt=[TTGAAACTTT..AAGCAAGTGA]
19:35:35.400 - INFO - CDS - seq=contig_3, start=199974, stop=200546, strand=-, nt=[ATGAAGCCGC..AAGTCGGTGA]
19:35:35.400 - INFO - CDS - seq=contig_3, start=200543, stop=200929, strand=-, nt=[TTGAAAAAAG..CACCAAATGA]
19:35:35.400 - INFO - CDS - seq=contig_3, start=200951, stop=203197, strand=-, nt=[ATGCAAGTTA..AATTAAATAA]
19:35:35.400 - INFO - CDS - seq=contig_3, start=203389, stop=203832, strand=-, nt=[ATGGCACAAA..GGTTTTCTAA]
19:35:35.400 - INFO - CDS - seq=contig_3, start=203870, stop=204715, strand=-, nt=[ATGAGCGGCT..TGATTTTTAG]
19:35:35.400 - INFO - CDS - seq=contig_3, start=204725, stop=205279, strand=-, nt=[ATGGCTGAAA..CAAGCTGTAG]
19:35:35.400 - INFO - CDS - seq=contig_3, start=205383, stop=205553, strand=-, nt=[ATGAAATTTA..CCTATACTGA]
19:35:35.400 - INFO - CDS - seq=contig_3, start=205906, stop=206865, strand=-, nt=[ATGAGCGAAC..TCTTTTTTGA]
19:35:35.400 - INFO - CDS - seq=contig_3, start=206862, stop=207800, strand=-, nt=[ATGCCGTTGT..GATCCTATGA]
19:35:35.400 - INFO - CDS - seq=contig_3, start=207812, stop=208879, strand=-, nt=[ATGAAGAAAC..AAAAAAATAA]
19:35:35.400 - INFO - CDS - seq=contig_3, start=209055, stop=209969, strand=-, nt=[ATGAAGTTAA..TAACAACTAA]
19:35:35.400 - INFO - CDS - seq=contig_3, start=210256, stop=212154, strand=+, nt=[ATGGCGAAAA..GCTTAAATAA]
19:35:35.401 - INFO - CDS - seq=contig_3, start=212329, stop=212772, strand=+, nt=[ATGAAACAGC..GACTGAATGA]
19:35:35.401 - INFO - CDS - seq=contig_3, start=212769, stop=213356, strand=+, nt=[ATGAGCACGT..TGTGGCATGA]
19:35:35.401 - INFO - CDS - seq=contig_3, start=213331, stop=214308, strand=+, nt=[ATGAAAATTC..GAAAGCTTAA]
19:35:35.401 - INFO - CDS - seq=contig_3, start=214999, stop=215241, strand=-, nt=[GTGGAAAATA..CAATCAATAA]
19:35:35.401 - INFO - CDS - seq=contig_3, start=215415, stop=216098, strand=-, nt=[ATGATGGCTA..CCATAAGTGA]
19:35:35.401 - INFO - CDS - seq=contig_3, start=216095, stop=217150, strand=-, nt=[ATGGTAGACA..GGTGAAATGA]
19:35:35.401 - INFO - CDS - seq=contig_3, start=217646, stop=217987, strand=+, nt=[ATGAATCTAC..TAGCCAATGA]
19:35:35.401 - INFO - CDS - seq=contig_3, start=218190, stop=218729, strand=-, nt=[ATGCGCGAAC..GAAAGAGTAG]
19:35:35.401 - INFO - CDS - seq=contig_3, start=218730, stop=219509, strand=-, nt=[ATGGCAAAAA..GGGAAAATAA]
19:35:35.401 - INFO - CDS - seq=contig_3, start=219481, stop=219909, strand=-, nt=[ATGACATTTG..CAACAACTGA]
19:35:35.401 - INFO - CDS - seq=contig_3, start=219906, stop=221312, strand=-, nt=[ATGTTAACGT..CAGACAATGA]
19:35:35.401 - INFO - CDS - seq=contig_3, start=221553, stop=222947, strand=-, nt=[ATGGCAATTT..AATTGATTAA]
19:35:35.401 - INFO - CDS - seq=contig_3, start=223073, stop=223660, strand=-, nt=[ATGCGTGACA..TGCGTCTTAA]
19:35:35.401 - INFO - CDS - seq=contig_3, start=223986, stop=224093, strand=-, nt=[ATGAAAGGTA..TTTTCATTGA]
19:35:35.401 - INFO - CDS - seq=contig_3, start=224327, stop=225820, strand=-, nt=[TTGGCAGATC..CCAACTTTAA]
19:35:35.401 - INFO - CDS - seq=contig_3, start=225968, stop=226948, strand=-, nt=[ATGACAAACT..GTTTGATTAA]
19:35:35.401 - INFO - CDS - seq=contig_3, start=227064, stop=227735, strand=-, nt=[ATGACAGAAC..GCCCGGTTAG]
19:35:35.401 - INFO - CDS - seq=contig_3, start=227919, stop=228749, strand=+, nt=[ATGAGTATTA..TAAGATTTAG]
19:35:35.401 - INFO - CDS - seq=contig_3, start=228895, stop=229734, strand=-, nt=[ATGGATAAAG..GACGGCATAG]
19:35:35.401 - INFO - CDS - seq=contig_3, start=229747, stop=230763, strand=-, nt=[ATGCAAGCAG..ACTTGATTGA]
19:35:35.401 - INFO - CDS - seq=contig_3, start=230770, stop=231144, strand=-, nt=[GTGCAACTGA..GAAGGAGTGA]
19:35:35.401 - INFO - CDS - seq=contig_3, start=231308, stop=232579, strand=-, nt=[TTGCAGGCAT..GGAAAAGTAG]
19:35:35.401 - INFO - CDS - seq=contig_3, start=232897, stop=233673, strand=-, nt=[TTGGTCACCT..TGAACGCTAA]
19:35:35.401 - INFO - CDS - seq=contig_3, start=233691, stop=234578, strand=-, nt=[ATGTTGAAAA..AACAAAATAA]
19:35:35.401 - INFO - CDS - seq=contig_3, start=234762, stop=235658, strand=+, nt=[ATGTCTGAGA..TAGTTTCTAG]
19:35:35.401 - INFO - CDS - seq=contig_3, start=235771, stop=236886, strand=-, nt=[ATGAAGAAAC..AGAGAGATAA]
19:35:35.401 - INFO - CDS - seq=contig_3, start=236908, stop=238272, strand=-, nt=[ATGGCGAAAG..CTTTAATTAA]
19:35:35.401 - INFO - CDS - seq=contig_3, start=238289, stop=238831, strand=-, nt=[ATGAAGACCC..TAAAGCGTAA]
19:35:35.401 - INFO - CDS - seq=contig_3, start=239052, stop=239342, strand=+, nt=[ATGGAATTCC..AGAAGCTTAA]
19:35:35.401 - INFO - CDS - seq=contig_3, start=239458, stop=239835, strand=-, nt=[ATGGTTAAGG..GCTAGCATAG]
19:35:35.401 - INFO - CDS - seq=contig_3, start=240080, stop=241399, strand=+, nt=[ATGTCAGAAA..CCTGAATTAA]
19:35:35.401 - INFO - CDS - seq=contig_3, start=241633, stop=242979, strand=+, nt=[ATGTCTGCAG..TTCCAAATAA]
19:35:35.401 - INFO - CDS - seq=contig_3, start=243207, stop=244307, strand=+, nt=[ATGGGGACAC..GGCAGCATGA]
19:35:35.401 - INFO - CDS - seq=contig_3, start=244307, stop=245500, strand=+, nt=[ATGGCTTATT..GGTTAAATAG]
19:35:35.401 - INFO - CDS - seq=contig_3, start=245686, stop=246564, strand=+, nt=[ATGGAATTGC..TGATCAATGA]
19:35:35.401 - INFO - CDS - seq=contig_3, start=246726, stop=248780, strand=+, nt=[ATGGCGTCAG..AGACGATTAA]
19:35:35.401 - INFO - CDS - seq=contig_3, start=248937, stop=251567, strand=-, nt=[ATGAAACAGA..GCCTTCATAA]
19:35:35.401 - INFO - CDS - seq=contig_3, start=251729, stop=252286, strand=-, nt=[ATGACGGGGG..TGTCCCATAA]
19:35:35.401 - INFO - CDS - seq=contig_3, start=252851, stop=253522, strand=-, nt=[GTGGTTAAAT..AACTTTATAA]
19:35:35.401 - INFO - CDS - seq=contig_3, start=254035, stop=255156, strand=+, nt=[ATGACCCAGT..TGATCAATGA]
19:35:35.401 - INFO - CDS - seq=contig_3, start=255170, stop=255454, strand=+, nt=[ATGACAACAT..CGGGCTGTGA]
19:35:35.401 - INFO - CDS - seq=contig_3, start=255645, stop=256760, strand=-, nt=[ATGACAGTTG..TGCTGACTAA]
19:35:35.401 - INFO - CDS - seq=contig_3, start=256948, stop=257154, strand=-, nt=[ATGACAGATT..AGAGGACTAA]
19:35:35.401 - INFO - CDS - seq=contig_3, start=257287, stop=257544, strand=-, nt=[GTGTCACAAG..ACGTCACTAG]
19:35:35.401 - INFO - CDS - seq=contig_3, start=257615, stop=257821, strand=-, nt=[ATGTTATTTG..CACCAAGTAA]
19:35:35.401 - INFO - CDS - seq=contig_3, start=258046, stop=258297, strand=-, nt=[ATGAAGCAGG..TGTCGGGTAG]
19:35:35.401 - INFO - CDS - seq=contig_3, start=258625, stop=259857, strand=+, nt=[GTGGATAGGC..CCATGCTTAG]
19:35:35.402 - INFO - CDS - seq=contig_3, start=259936, stop=261192, strand=-, nt=[ATGGACGCAA..AAAAAATTGA]
19:35:35.402 - INFO - CDS - seq=contig_3, start=261281, stop=262114, strand=-, nt=[ATGGCAAAAC..TTTTCAATAG]
19:35:35.402 - INFO - CDS - seq=contig_3, start=262431, stop=262625, strand=-, nt=[ATGCGCGCGA..TCGGAGTTGA]
19:35:35.402 - INFO - CDS - seq=contig_3, start=262879, stop=263415, strand=-, nt=[ATGCGTCAAT..GCGGCAGTGA]
19:35:35.402 - INFO - CDS - seq=contig_3, start=263604, stop=264827, strand=-, nt=[ATGTTGAAAA..AGTCCAGTAA]
19:35:35.402 - INFO - CDS - seq=contig_3, start=265417, stop=266244, strand=-, nt=[ATGGCTAAGC..CAGGTCATGA]
19:35:35.402 - INFO - CDS - seq=contig_3, start=266251, stop=267810, strand=-, nt=[ATGAATGCCA..GAAAGCCTGA]
19:35:35.402 - INFO - CDS - seq=contig_3, start=267807, stop=269129, strand=-, nt=[ATGCGACTAC..CCACCCATGA]
19:35:35.402 - INFO - CDS - seq=contig_3, start=269131, stop=272136, strand=-, nt=[ATGCCTAAGA..GGCGCGTTAA]
19:35:35.402 - INFO - CDS - seq=contig_3, start=272414, stop=272971, strand=-, nt=[ATGGCTGAAA..CAAAGCTTAA]
19:35:35.402 - INFO - CDS - seq=contig_3, start=273066, stop=274262, strand=-, nt=[ATGCCAGATT..GGCCAAATAA]
19:35:35.402 - INFO - CDS - seq=contig_3, start=274471, stop=275526, strand=+, nt=[ATGCCTTCAA..AACGCATTAA]
19:35:35.402 - INFO - CDS - seq=contig_3, start=275777, stop=276406, strand=+, nt=[ATGCAATTCA..AACTAAGTAA]
19:35:35.402 - INFO - CDS - seq=contig_3, start=276542, stop=276871, strand=+, nt=[ATGCAACCTT..CACAACATGA]
19:35:35.402 - INFO - CDS - seq=contig_3, start=276868, stop=277656, strand=+, nt=[ATGAAAAAGT..AGTATCCTGA]
19:35:35.402 - INFO - CDS - seq=contig_3, start=277709, stop=278497, strand=+, nt=[ATGAAAAAGT..GGCAAATTAA]
19:35:35.402 - INFO - CDS - seq=contig_3, start=278542, stop=278820, strand=-, nt=[ATGAAAAAGC..TTTTAGATGA]
19:35:35.402 - INFO - CDS - seq=contig_3, start=278844, stop=279128, strand=-, nt=[TTGGGTGGAA..TTGGCTTTGA]
19:35:35.402 - INFO - CDS - seq=contig_3, start=279322, stop=279618, strand=-, nt=[ATGAGTATTT..TGGTTACTAA]
19:35:35.402 - INFO - CDS - seq=contig_3, start=279720, stop=281075, strand=-, nt=[ATGACGGCAA..AAGTGATTGA]
19:35:35.402 - INFO - CDS - seq=contig_3, start=281381, stop=281641, strand=-, nt=[ATGGGCGGTG..TAGGGTTTGA]
19:35:35.402 - INFO - CDS - seq=contig_3, start=281765, stop=282076, strand=-, nt=[ATGATTCTCC..CTGTAACTAA]
19:35:35.402 - INFO - CDS - seq=contig_3, start=282289, stop=283668, strand=-, nt=[ATGATTGATC..TCACCAGTAA]
19:35:35.402 - INFO - CDS - seq=contig_3, start=283679, stop=285871, strand=-, nt=[ATGATCAAAT..AAGTGAGTGA]
19:35:35.402 - INFO - CDS - seq=contig_3, start=286337, stop=286477, strand=-, nt=[ATGAAACATC..GTTTAAATAA]
19:35:35.402 - INFO - CDS - seq=contig_3, start=286668, stop=287966, strand=+, nt=[ATGGAAACTT..AGGGAGATGA]
19:35:35.402 - INFO - CDS - seq=contig_3, start=287971, stop=288777, strand=+, nt=[ATGACCAACC..TGATGCTTGA]
19:35:35.402 - INFO - CDS - seq=contig_3, start=289139, stop=289336, strand=-, nt=[ATGATCATAA..AAAGAAATAG]
19:35:35.402 - INFO - CDS - seq=contig_3, start=289882, stop=290121, strand=+, nt=[TTGAAAATGG..AATCTTGTGA]
19:35:35.402 - INFO - CDS - seq=contig_3, start=290381, stop=290563, strand=-, nt=[ATGTACACCA..CAGTTTGTGA]
19:35:35.402 - INFO - CDS - seq=contig_3, start=290589, stop=290777, strand=-, nt=[ATGCAACAAT..TAAAAACTAA]
19:35:35.402 - INFO - CDS - seq=contig_3, start=291099, stop=291323, strand=+, nt=[ATGAATGCAT..ATCAAAATAA]
19:35:35.402 - INFO - CDS - seq=contig_3, start=291355, stop=291525, strand=-, nt=[ATGAGCAACT..TACAAATTAA]
19:35:35.402 - INFO - CDS - seq=contig_3, start=292124, stop=292936, strand=-, nt=[ATGGAAAAGA..AATCAAATAA]
19:35:35.402 - INFO - CDS - seq=contig_3, start=293221, stop=293379, strand=-, nt=[ATGCATCGAA..GGGCATGTAG]
19:35:35.402 - INFO - CDS - seq=contig_3, start=293495, stop=293827, strand=-, nt=[ATGAACATGA..CATTACTTGA]
19:35:35.402 - INFO - CDS - seq=contig_3, start=294079, stop=294270, strand=-, nt=[TTGGCGCTGA..GAGACACTGA]
19:35:35.402 - INFO - CDS - seq=contig_3, start=294583, stop=294918, strand=-, nt=[ATGACAGATA..GGGGCATTAG]
19:35:35.402 - INFO - CDS - seq=contig_3, start=295037, stop=295633, strand=-, nt=[ATGAATCTAG..CATGATCTAA]
19:35:35.402 - INFO - CDS - seq=contig_3, start=295904, stop=296212, strand=-, nt=[ATGGATAAGA..TATGGATTAA]
19:35:35.402 - INFO - CDS - seq=contig_3, start=296348, stop=296563, strand=-, nt=[ATGATAAGTA..CCCAGCCTAA]
19:35:35.403 - INFO - CDS - seq=contig_3, start=296560, stop=296793, strand=-, nt=[ATGTCTTATA..GATGCAATGA]
19:35:35.403 - INFO - CDS - seq=contig_3, start=297027, stop=297980, strand=-, nt=[ATGAAACAAG..TTTGCCGTAA]
19:35:35.403 - INFO - CDS - seq=contig_3, start=298185, stop=298919, strand=+, nt=[TTGACAGTTA..AGAACGTTAA]
19:35:35.403 - INFO - CDS - seq=contig_3, start=298945, stop=300108, strand=+, nt=[ATGTCGGGTT..TCAAGATTAA]
19:35:35.403 - INFO - CDS - seq=contig_3, start=300284, stop=301660, strand=-, nt=[ATGAGCAAAT..AAGAGCGTGA]
19:35:35.403 - INFO - CDS - seq=contig_3, start=301793, stop=302551, strand=-, nt=[ATGGCACAGG..ATTGCACTAA]
19:35:35.403 - INFO - CDS - seq=contig_3, start=302716, stop=302859, strand=-, nt=[ATGTTGACGA..AACCAAATAA]
19:35:35.403 - INFO - CDS - seq=contig_3, start=302843, stop=304450, strand=-, nt=[GTGAGTGATG..CGAACAATGA]
19:35:35.403 - INFO - CDS - seq=contig_3, start=304838, stop=307555, strand=+, nt=[ATGGAAGAAG..ACAAGGATAA]
19:35:35.403 - INFO - CDS - seq=contig_3, start=307855, stop=308220, strand=+, nt=[TTGAAATTGT..TGTTGACTAA]
19:35:35.403 - INFO - CDS - seq=contig_3, start=308374, stop=309747, strand=-, nt=[ATGCACTCTC..AGCGGTATAG]
19:35:35.403 - INFO - CDS - seq=contig_3, start=309787, stop=311316, strand=-, nt=[ATGAAAACCT..GAAAATGTAA]
19:35:35.403 - INFO - CDS - seq=contig_3, start=311562, stop=311753, strand=+, nt=[ATGCAACAAA..CCAGCACTAG]
19:35:35.403 - INFO - CDS - seq=contig_3, start=311882, stop=312520, strand=+, nt=[ATGCAGCAAC..TGACGCTTAA]
19:35:35.403 - INFO - CDS - seq=contig_3, start=312541, stop=312873, strand=+, nt=[ATGGACACAG..CGGCGAATAA]
19:35:35.403 - INFO - CDS - seq=contig_3, start=312994, stop=313935, strand=-, nt=[ATGAAAAAGA..GGCGGAATAA]
19:35:35.403 - INFO - CDS - seq=contig_3, start=313932, stop=314828, strand=-, nt=[ATGACATCAA..TGTTCGATGA]
19:35:35.403 - INFO - CDS - seq=contig_3, start=314825, stop=315568, strand=-, nt=[ATGTTAACAG..GCGCGTATGA]
19:35:35.403 - INFO - CDS - seq=contig_3, start=315845, stop=317311, strand=-, nt=[ATGGCTGAAT..CTTAAAATAA]
19:35:35.403 - INFO - CDS - seq=contig_3, start=317512, stop=317781, strand=-, nt=[TTGGCAAAAA..CAGTTGGTGA]
19:35:35.403 - INFO - CDS - seq=contig_3, start=318190, stop=319107, strand=+, nt=[ATGATGAAGC..CGCAAAATAG]
19:35:35.403 - INFO - CDS - seq=contig_3, start=319347, stop=319988, strand=+, nt=[ATGGCAAATG..CTTCTATTAA]
19:35:35.403 - INFO - CDS - seq=contig_3, start=320106, stop=320738, strand=-, nt=[TTGGCACCCT..GTTTGATTGA]
19:35:35.403 - INFO - CDS - seq=contig_3, start=320895, stop=321419, strand=-, nt=[TTGCGAAGGT..CTCGAAGTAA]
19:35:35.403 - INFO - CDS - seq=contig_3, start=321682, stop=323478, strand=+, nt=[ATGCAAAAGC..TTATCAATAA]
19:35:35.403 - INFO - CDS - seq=contig_3, start=323629, stop=324531, strand=+, nt=[ATGTTCACAC..AACAAACTAG]
19:35:35.403 - INFO - CDS - seq=contig_3, start=324775, stop=324924, strand=+, nt=[ATGTCACTGA..TAAGTTTTGA]
19:35:35.403 - INFO - CDS - seq=contig_3, start=325532, stop=327880, strand=-, nt=[ATGTTATATA..CGCAAAGTAA]
19:35:35.403 - INFO - CDS - seq=contig_3, start=328055, stop=329239, strand=-, nt=[ATGACAAAAC..TAGAGAATAA]
19:35:35.403 - INFO - CDS - seq=contig_3, start=329691, stop=329978, strand=-, nt=[GTGACCGGTA..TATCAACTAG]
19:35:35.403 - INFO - CDS - seq=contig_3, start=330985, stop=331341, strand=-, nt=[ATGGTGATCT..TTTTGCCTAA]
19:35:35.403 - INFO - CDS - seq=contig_3, start=331335, stop=331745, strand=-, nt=[ATGCATCATC..ACAATGGTGA]
19:35:35.403 - INFO - CDS - seq=contig_3, start=331840, stop=331959, strand=+, nt=[ATGCTGCAAT..AATTTATTGA]
19:35:35.403 - INFO - CDS - seq=contig_3, start=332171, stop=332473, strand=-, nt=[ATGATCATGA..GTTGAGGTGA]
19:35:35.403 - INFO - CDS - seq=contig_3, start=332451, stop=332633, strand=-, nt=[ATGCCAGTAA..GCACATTTGA]
19:35:35.403 - INFO - CDS - seq=contig_3, start=333026, stop=333313, strand=-, nt=[TTGAGTGCGA..CAAGGATTAG]
19:35:35.403 - INFO - CDS - seq=contig_3, start=333490, stop=334776, strand=+, nt=[ATGGCACTTT..ATTCGACTAA]
19:35:35.403 - INFO - CDS - seq=contig_3, start=334852, stop=337107, strand=+, nt=[ATGACACAAT..ACTTCTCTAA]
19:35:35.403 - INFO - CDS - seq=contig_3, start=337488, stop=338435, strand=+, nt=[ATGAAGTTCT..AAGCAAGTAA]
19:35:35.403 - INFO - CDS - seq=contig_3, start=338495, stop=339268, strand=+, nt=[ATGTCAGAAA..GGTGTCATAA]
19:35:35.403 - INFO - CDS - seq=contig_3, start=339268, stop=340050, strand=+, nt=[ATGACAGCTC..GCTTCTATGA]
19:35:35.403 - INFO - CDS - seq=contig_3, start=340047, stop=340850, strand=+, nt=[ATGAATCGCT..GTTAGTATAA]
19:35:35.403 - INFO - CDS - seq=contig_3, start=341229, stop=342203, strand=-, nt=[ATGAAGCATA..TAGCGACTGA]
19:35:35.403 - INFO - CDS - seq=contig_3, start=342193, stop=343725, strand=-, nt=[ATGAGCAAAC..TGAAGCATAA]
19:35:35.403 - INFO - CDS - seq=contig_3, start=343682, stop=344914, strand=-, nt=[ATGAAGCAGG..TAATAAATGA]
19:35:35.403 - INFO - CDS - seq=contig_3, start=344911, stop=345612, strand=-, nt=[ATGACTGATC..GACAACATGA]
19:35:35.404 - INFO - CDS - seq=contig_3, start=345609, stop=346424, strand=-, nt=[ATGCAAGAAG..CGAGGCATGA]
19:35:35.404 - INFO - CDS - seq=contig_3, start=346719, stop=347498, strand=-, nt=[ATGACGAGAT..AGGCACGTAA]
19:35:35.404 - INFO - CDS - seq=contig_3, start=347502, stop=348272, strand=-, nt=[ATGACGTTAA..GGGAGGTTAG]
19:35:35.404 - INFO - CDS - seq=contig_3, start=348269, stop=349219, strand=-, nt=[ATGGCGCTTA..CGGCCAATGA]
19:35:35.404 - INFO - CDS - seq=contig_3, start=349694, stop=349942, strand=-, nt=[ATGGGGAAAC..CGGCTTTTAG]
19:35:35.404 - INFO - CDS - seq=contig_3, start=350190, stop=350630, strand=+, nt=[ATGGAAAATG..ATGGCAGTGA]
19:35:35.404 - INFO - CDS - seq=contig_3, start=350609, stop=350995, strand=+, nt=[ATGGCATTGC..TCTCGATTAG]
19:35:35.404 - INFO - CDS - seq=contig_3, start=350997, stop=351956, strand=-, nt=[ATGAAAAGGA..AAACCCATAA]
19:35:35.404 - INFO - CDS - seq=contig_3, start=352326, stop=352649, strand=+, nt=[ATGAAAGCGA..AGGTAACTAA]
19:35:35.404 - INFO - CDS - seq=contig_3, start=352816, stop=353208, strand=-, nt=[GTGGCACAAG..CAAGCGTTAA]
19:35:35.404 - INFO - CDS - seq=contig_3, start=353222, stop=353668, strand=-, nt=[GTGCGTACAA..CTTAATCTAA]
19:35:35.404 - INFO - CDS - seq=contig_3, start=353912, stop=354523, strand=-, nt=[ATGAATCAAC..GCAAGACTGA]
19:35:35.404 - INFO - CDS - seq=contig_3, start=354604, stop=355662, strand=+, nt=[ATGTTTCTTG..AGGCGAATGA]
19:35:35.404 - INFO - CDS - seq=contig_3, start=355664, stop=356374, strand=+, nt=[ATGGCAATTC..TGCCATCTAA]
19:35:35.404 - INFO - CDS - seq=contig_3, start=356548, stop=356769, strand=+, nt=[ATGGCATCAG..CAAGAAGTAA]
19:35:35.404 - INFO - CDS - seq=contig_3, start=357042, stop=357803, strand=+, nt=[ATGACCTATT..TACGCGGTAA]
19:35:35.404 - INFO - CDS - seq=contig_3, start=357898, stop=358641, strand=-, nt=[ATGACGCATT..TTATTATTAG]
19:35:35.404 - INFO - CDS - seq=contig_3, start=358655, stop=359449, strand=-, nt=[GTGGATAAAT..GCGTGCTTAA]
19:35:35.404 - INFO - CDS - seq=contig_3, start=359442, stop=360287, strand=-, nt=[GTGAGCTTTA..GCGTGGATAA]
19:35:35.404 - INFO - CDS - seq=contig_3, start=360284, stop=361120, strand=-, nt=[GTGGGCAACG..GACCATGTGA]
19:35:35.404 - INFO - CDS - seq=contig_3, start=361264, stop=361935, strand=-, nt=[ATGCACAATT..AAGTTTCTAA]
19:35:35.404 - INFO - CDS - seq=contig_3, start=362352, stop=362735, strand=-, nt=[ATGAGTTACC..GCTCGTCTAA]
19:35:35.404 - INFO - CDS - seq=contig_3, start=362757, stop=363695, strand=-, nt=[ATGATCGAAT..AGAAGACTAA]
19:35:35.404 - INFO - CDS - seq=contig_3, start=363770, stop=364159, strand=-, nt=[ATGGCAGGTA..TCGTGTTTAA]
19:35:35.404 - INFO - CDS - seq=contig_3, start=364180, stop=364545, strand=-, nt=[ATGGCTCGTA..GAAAAAATAA]
19:35:35.404 - INFO - CDS - seq=contig_3, start=364579, stop=364695, strand=-, nt=[ATGAAAGTAC..TCAGGGATAA]
19:35:35.404 - INFO - CDS - seq=contig_3, start=364723, stop=364941, strand=-, nt=[GTGGCAAAAG..TTTCAAGTAG]
19:35:35.404 - INFO - CDS - seq=contig_3, start=365085, stop=365741, strand=-, nt=[GTGAATCTCA..GGCAAAGTAA]
19:35:35.404 - INFO - CDS - seq=contig_3, start=365889, stop=367214, strand=-, nt=[ATGCTGAGGA..TAAAAAATAA]
19:35:35.404 - INFO - CDS - seq=contig_3, start=367214, stop=367654, strand=-, nt=[ATGCAATTGC..GGTGATCTAA]
19:35:35.404 - INFO - CDS - seq=contig_3, start=367688, stop=367873, strand=-, nt=[ATGGCTCAAT..CAAGGATTAA]
19:35:35.404 - INFO - CDS - seq=contig_3, start=367885, stop=368388, strand=-, nt=[ATGGCATCAT..AGAAGACTAG]
19:35:35.404 - INFO - CDS - seq=contig_3, start=368411, stop=368770, strand=-, nt=[GTGATTTCTA..CGAATTCTAG]
19:35:35.404 - INFO - CDS - seq=contig_3, start=368808, stop=369338, strand=-, nt=[GTGAGTCGTA..TGGTAAGTAG]
19:35:35.404 - INFO - CDS - seq=contig_3, start=369369, stop=369767, strand=-, nt=[ATGGTCTTGA..CGTTTGGTAA]
19:35:35.404 - INFO - CDS - seq=contig_3, start=369993, stop=370535, strand=-, nt=[ATGGAGAATC..CGCCAAATAA]
19:35:35.404 - INFO - CDS - seq=contig_3, start=370560, stop=370871, strand=-, nt=[ATGAAGTTCA..CGATAAATAA]
19:35:35.404 - INFO - CDS - seq=contig_3, start=370901, stop=371269, strand=-, nt=[GTGATACAAC..AGTACTTTAA]
19:35:35.404 - INFO - CDS - seq=contig_3, start=371301, stop=371564, strand=-, nt=[TTGGCAGAAC..TATCATCTAA]
19:35:35.404 - INFO - CDS - seq=contig_3, start=371585, stop=371779, strand=-, nt=[ATGAAGGCTA..CAATAAATAA]
19:35:35.404 - INFO - CDS - seq=contig_3, start=371769, stop=372203, strand=-, nt=[ATGTTAGTAC..TGAAGGCTAA]
19:35:35.404 - INFO - CDS - seq=contig_3, start=372207, stop=372869, strand=-, nt=[GTGGGTCAAA..AGGGAAATAA]
19:35:35.404 - INFO - CDS - seq=contig_3, start=372883, stop=373236, strand=-, nt=[ATGGCTGATC..AGAAGCATAA]
19:35:35.404 - INFO - CDS - seq=contig_3, start=373254, stop=373535, strand=-, nt=[ATGGGTCGCA..AGCACGCTAG]
19:35:35.405 - INFO - CDS - seq=contig_3, start=373575, stop=374411, strand=-, nt=[GTGGCGATTA..AGCGAAGTAA]
19:35:35.405 - INFO - CDS - seq=contig_3, start=374440, stop=374742, strand=-, nt=[ATGGAAGCAC..TAAAAAGTAA]
19:35:35.405 - INFO - CDS - seq=contig_3, start=374742, stop=375365, strand=-, nt=[ATGGCTAACG..GCTTGCATAA]
19:35:35.405 - INFO - CDS - seq=contig_3, start=375388, stop=376020, strand=-, nt=[ATGGCACGTA..AGCTAAATAA]
19:35:35.405 - INFO - CDS - seq=contig_3, start=376046, stop=376354, strand=-, nt=[ATGGCAAAAC..TAAATTATAA]
19:35:35.405 - INFO - CDS - seq=contig_3, start=376679, stop=377116, strand=+, nt=[ATGAAATTTG..ACACTTTTAA]
19:35:35.405 - INFO - CDS - seq=contig_3, start=377259, stop=377822, strand=-, nt=[ATGAGCTATA..CAAGATTTAA]
19:35:35.405 - INFO - CDS - seq=contig_3, start=378102, stop=379136, strand=-, nt=[GTGTCGAGTC..GTATTTATAG]
19:35:35.405 - INFO - CDS - seq=contig_3, start=379318, stop=381420, strand=-, nt=[ATGGCCAACA..CAAAGACTAG]
19:35:35.405 - INFO - CDS - seq=contig_3, start=381510, stop=381980, strand=-, nt=[ATGCCACGTA..TCGTTGGTAA]
19:35:35.405 - INFO - CDS - seq=contig_3, start=382178, stop=382594, strand=-, nt=[ATGCCTACTA..GAAGAAGTAA]
19:35:35.405 - INFO - CDS - seq=contig_3, start=383325, stop=391499, strand=-, nt=[ATGAGGGAGT..GCGATCATAA]
19:35:35.405 - INFO - CDS - seq=contig_3, start=391887, stop=392381, strand=+, nt=[ATGCTAATAA..CGGACTATAA]
19:35:35.405 - INFO - CDS - seq=contig_3, start=392572, stop=396234, strand=-, nt=[TTGATTGATG..CAAAAAGTAA]
19:35:35.405 - INFO - CDS - seq=contig_3, start=396247, stop=399831, strand=-, nt=[GTGAATTATG..TAAGAAATAG]
19:35:35.405 - INFO - CDS - seq=contig_3, start=400176, stop=402683, strand=-, nt=[ATGGACAACT..TAAAGCCTAG]
19:35:35.405 - INFO - CDS - seq=contig_3, start=402723, stop=403190, strand=-, nt=[ATGCAGCGTG..TGAAAGATGA]
19:35:35.405 - INFO - CDS - seq=contig_3, start=403873, stop=404076, strand=-, nt=[TTGGGAGAGC..TGGTTTTTGA]
19:35:35.405 - INFO - CDS - seq=contig_4, start=597, stop=1070, strand=-, frame=2, truncated=no, start-type=ATG, RBS-motif=AGGA/GGAG/GAGG
19:35:35.405 - INFO - CDS - seq=contig_4, start=1196, stop=2329, strand=-, frame=3, truncated=no, start-type=ATG, RBS-motif=AGGAGG
19:35:35.405 - INFO - CDS - seq=contig_4, start=2821, stop=3282, strand=+, frame=1, truncated=no, start-type=ATG, RBS-motif=GGAGG
19:35:35.405 - INFO - CDS - seq=contig_4, start=3292, stop=3945, strand=+, frame=1, truncated=no, start-type=ATG, RBS-motif=AGGAGG
19:35:35.405 - INFO - CDS - seq=contig_4, start=3955, stop=4800, strand=-, frame=1, truncated=no, start-type=ATG, RBS-motif=AGGAG
19:35:35.405 - INFO - CDS - seq=contig_4, start=4797, stop=5774, strand=-, frame=2, truncated=no, start-type=ATG, RBS-motif=None
19:35:35.405 - INFO - CDS - seq=contig_4, start=5963, stop=6787, strand=+, frame=2, truncated=no, start-type=ATG, RBS-motif=AGGAGG
19:35:35.405 - INFO - CDS - seq=contig_4, start=6931, stop=7404, strand=+, frame=1, truncated=no, start-type=ATG, RBS-motif=GGAG/GAGG
19:35:35.405 - INFO - CDS - seq=contig_4, start=7414, stop=8346, strand=-, frame=1, truncated=no, start-type=GTG, RBS-motif=GGAGG
19:35:35.405 - INFO - CDS - seq=contig_4, start=8468, stop=8926, strand=+, frame=2, truncated=no, start-type=ATG, RBS-motif=GGAGG
19:35:35.405 - INFO - CDS - seq=contig_4, start=9014, stop=9682, strand=-, frame=3, truncated=no, start-type=ATG, RBS-motif=AGxAGG/AGGxGG
19:35:35.405 - INFO - CDS - seq=contig_4, start=9800, stop=10954, strand=-, frame=3, truncated=no, start-type=ATG, RBS-motif=GGAGG
19:35:35.405 - INFO - CDS - seq=contig_4, start=10984, stop=11505, strand=-, frame=1, truncated=no, start-type=ATG, RBS-motif=AGGAG
19:35:35.406 - INFO - CDS - seq=contig_4, start=11773, stop=12120, strand=-, frame=1, truncated=no, start-type=ATG, RBS-motif=GGAGG
19:35:35.406 - INFO - CDS - seq=contig_4, start=12172, stop=13095, strand=-, frame=1, truncated=no, start-type=ATG, RBS-motif=AGxAG
19:35:35.406 - INFO - CDS - seq=contig_4, start=13273, stop=15621, strand=+, frame=1, truncated=no, start-type=ATG, RBS-motif=GGAGG
19:35:35.406 - INFO - CDS - seq=contig_4, start=15724, stop=16173, strand=+, frame=1, truncated=no, start-type=ATG, RBS-motif=GGAG/GAGG
19:35:35.406 - INFO - CDS - seq=contig_4, start=16201, stop=16935, strand=+, frame=1, truncated=no, start-type=ATG, RBS-motif=AGxAG
19:35:35.406 - INFO - CDS - seq=contig_4, start=17118, stop=17468, strand=-, frame=2, truncated=no, start-type=ATG, RBS-motif=AGGA/GGAG/GAGG
19:35:35.406 - INFO - CDS - seq=contig_4, start=17613, stop=19424, strand=+, frame=3, truncated=no, start-type=ATG, RBS-motif=AGGAGG
19:35:35.406 - INFO - CDS - seq=contig_4, start=19830, stop=20321, strand=-, frame=2, truncated=no, start-type=ATG, RBS-motif=AGGAGG
19:35:35.406 - INFO - CDS - seq=contig_4, start=20595, stop=21092, strand=+, frame=3, truncated=no, start-type=TTG, RBS-motif=AGGAG
19:35:35.406 - INFO - CDS - seq=contig_4, start=21137, stop=22123, strand=-, frame=3, truncated=no, start-type=TTG, RBS-motif=GGxGG
19:35:35.406 - INFO - CDS - seq=contig_4, start=22127, stop=23794, strand=-, frame=3, truncated=no, start-type=TTG, RBS-motif=AGGAG
19:35:35.406 - INFO - CDS - seq=contig_4, start=24246, stop=25121, strand=+, frame=3, truncated=no, start-type=TTG, RBS-motif=GGAGG
19:35:35.406 - INFO - CDS - seq=contig_4, start=25346, stop=26281, strand=-, frame=3, truncated=no, start-type=ATG, RBS-motif=GGAG/GAGG
19:35:35.406 - INFO - CDS - seq=contig_4, start=26491, stop=26841, strand=+, frame=1, truncated=no, start-type=TTG, RBS-motif=GGAG/GAGG
19:35:35.406 - INFO - CDS - seq=contig_4, start=26849, stop=27409, strand=+, frame=2, truncated=no, start-type=ATG, RBS-motif=GGAG/GAGG
19:35:35.406 - INFO - CDS - seq=contig_4, start=27504, stop=28412, strand=+, frame=3, truncated=no, start-type=ATG, RBS-motif=AGGAGG
19:35:35.406 - INFO - CDS - seq=contig_4, start=28674, stop=29291, strand=+, frame=3, truncated=no, start-type=ATG, RBS-motif=GGAGG
19:35:35.406 - INFO - CDS - seq=contig_4, start=29314, stop=30261, strand=+, frame=1, truncated=no, start-type=TTG, RBS-motif=AGGAG
19:35:35.406 - INFO - CDS - seq=contig_4, start=30275, stop=30748, strand=+, frame=2, truncated=no, start-type=ATG, RBS-motif=AGGAG
19:35:35.406 - INFO - CDS - seq=contig_4, start=30879, stop=31505, strand=-, frame=2, truncated=no, start-type=ATG, RBS-motif=AGxAGG/AGGxGG
19:35:35.406 - INFO - CDS - seq=contig_4, start=31634, stop=31828, strand=-, frame=3, truncated=no, start-type=ATG, RBS-motif=AGGAG
19:35:35.406 - INFO - CDS - seq=contig_4, start=32333, stop=33499, strand=+, frame=2, truncated=no, start-type=TTG, RBS-motif=AGGAGG
19:35:35.406 - INFO - CDS - seq=contig_4, start=33492, stop=33971, strand=+, frame=3, truncated=no, start-type=ATG, RBS-motif=AGGAG
19:35:35.406 - INFO - CDS - seq=contig_4, start=34110, stop=34472, strand=-, frame=2, truncated=no, start-type=GTG, RBS-motif=AGGAGG
19:35:35.406 - INFO - CDS - seq=contig_4, start=34453, stop=34611, strand=-, frame=1, truncated=no, start-type=ATG, RBS-motif=AGGA
19:35:35.407 - INFO - CDS - seq=contig_4, start=34725, stop=35747, strand=+, frame=3, truncated=no, start-type=ATG, RBS-motif=GGA/GAG/AGG
19:35:35.407 - INFO - CDS - seq=contig_4, start=35807, stop=36106, strand=-, frame=3, truncated=no, start-type=ATG, RBS-motif=AGGAGG
19:35:35.407 - INFO - CDS - seq=contig_4, start=36262, stop=36567, strand=+, frame=1, truncated=no, start-type=ATG, RBS-motif=AGGAGG
19:35:35.407 - INFO - CDS - seq=contig_4, start=36728, stop=37066, strand=+, frame=2, truncated=no, start-type=GTG, RBS-motif=GGAGG
19:35:35.407 - INFO - CDS - seq=contig_4, start=37084, stop=38124, strand=+, frame=1, truncated=no, start-type=ATG, RBS-motif=GGAGG
19:35:35.407 - INFO - CDS - seq=contig_4, start=38646, stop=39752, strand=-, frame=2, truncated=no, start-type=ATG, RBS-motif=GGAG/GAGG
19:35:35.407 - INFO - CDS - seq=contig_4, start=39822, stop=40481, strand=-, frame=2, truncated=no, start-type=ATG, RBS-motif=GGAG/GAGG
19:35:35.407 - INFO - CDS - seq=contig_4, start=40526, stop=41371, strand=-, frame=3, truncated=no, start-type=ATG, RBS-motif=AGGAG
19:35:35.407 - INFO - CDS - seq=contig_4, start=41447, stop=42307, strand=-, frame=3, truncated=no, start-type=ATG, RBS-motif=AGGAGG
19:35:35.407 - INFO - CDS - seq=contig_4, start=42508, stop=43992, strand=+, frame=1, truncated=no, start-type=ATG, RBS-motif=GGAG/GAGG
19:35:35.407 - INFO - CDS - seq=contig_4, start=44085, stop=44465, strand=+, frame=3, truncated=no, start-type=ATG, RBS-motif=AGGAG
19:35:35.407 - INFO - CDS - seq=contig_4, start=44581, stop=45876, strand=-, frame=1, truncated=no, start-type=ATG, RBS-motif=GGAGG
19:35:35.407 - INFO - CDS - seq=contig_4, start=45873, stop=46544, strand=-, frame=2, truncated=no, start-type=GTG, RBS-motif=GGA/GAG/AGG
19:35:35.407 - INFO - CDS - seq=contig_4, start=46726, stop=47133, strand=+, frame=1, truncated=no, start-type=ATG, RBS-motif=AGxAGG/AGGxGG
19:35:35.407 - INFO - CDS - seq=contig_4, start=47120, stop=49270, strand=+, frame=2, truncated=no, start-type=ATG, RBS-motif=GGAG/GAGG
19:35:35.407 - INFO - CDS - seq=contig_4, start=49306, stop=50283, strand=+, frame=1, truncated=no, start-type=ATG, RBS-motif=AGGAG
19:35:35.407 - INFO - CDS - seq=contig_4, start=50522, stop=53185, strand=+, frame=2, truncated=no, start-type=ATG, RBS-motif=AGGA
19:35:35.407 - INFO - CDS - seq=contig_4, start=53295, stop=54254, strand=+, frame=3, truncated=no, start-type=ATG, RBS-motif=AGGAGG
19:35:35.407 - INFO - CDS - seq=contig_4, start=54482, stop=55285, strand=-, frame=3, truncated=no, start-type=ATG, RBS-motif=AGGAGG
19:35:35.407 - INFO - CDS - seq=contig_4, start=55288, stop=56259, strand=-, frame=1, truncated=no, start-type=ATG, RBS-motif=AGGAG
19:35:35.407 - INFO - CDS - seq=contig_4, start=56462, stop=57430, strand=-, frame=3, truncated=no, start-type=ATG, RBS-motif=AGGAGG
19:35:35.407 - INFO - CDS - seq=contig_4, start=57989, stop=58945, strand=-, frame=3, truncated=no, start-type=ATG, RBS-motif=AGGAGG
19:35:35.407 - INFO - CDS - seq=contig_4, start=59428, stop=61815, strand=-, frame=1, truncated=no, start-type=ATG, RBS-motif=GGAG/GAGG
19:35:35.407 - INFO - CDS - seq=contig_4, start=62533, stop=63183, strand=-, frame=1, truncated=no, start-type=ATG, RBS-motif=GGAG/GAGG
19:35:35.407 - INFO - CDS - seq=contig_4, start=63413, stop=64243, strand=+, frame=2, truncated=no, start-type=ATG, RBS-motif=GGAG/GAGG
19:35:35.407 - INFO - CDS - seq=contig_4, start=64236, stop=65297, strand=+, frame=3, truncated=no, start-type=ATG, RBS-motif=AGGAGG
19:35:35.408 - INFO - CDS - seq=contig_4, start=65471, stop=66292, strand=+, frame=2, truncated=no, start-type=GTG, RBS-motif=AGGAGG
19:35:35.408 - INFO - CDS - seq=contig_4, start=66364, stop=66996, strand=-, frame=1, truncated=no, start-type=ATG, RBS-motif=AGGAGG
19:35:35.408 - INFO - CDS - seq=contig_4, start=67229, stop=67753, strand=-, frame=3, truncated=no, start-type=ATG, RBS-motif=AGGAG
19:35:35.408 - INFO - CDS - seq=contig_4, start=67831, stop=68010, strand=-, frame=1, truncated=no, start-type=ATG, RBS-motif=GGA/GAG/AGG
19:35:35.408 - INFO - CDS - seq=contig_4, start=68007, stop=68675, strand=-, frame=2, truncated=no, start-type=GTG, RBS-motif=AGGA
19:35:35.408 - INFO - CDS - seq=contig_4, start=68678, stop=69463, strand=-, frame=3, truncated=no, start-type=TTG, RBS-motif=GGAG/GAGG
19:35:35.408 - INFO - CDS - seq=contig_4, start=69674, stop=70762, strand=-, frame=3, truncated=no, start-type=ATG, RBS-motif=None
19:35:35.408 - INFO - CDS - seq=contig_4, start=71120, stop=71353, strand=+, frame=2, truncated=no, start-type=ATG, RBS-motif=GGAG/GAGG
19:35:35.408 - INFO - CDS - seq=contig_4, start=71347, stop=71823, strand=-, frame=1, truncated=no, start-type=ATG, RBS-motif=AGGA/GGAG/GAGG
19:35:35.408 - INFO - CDS - seq=contig_4, start=72402, stop=72545, strand=-, frame=2, truncated=no, start-type=ATG, RBS-motif=GGAG/GAGG
19:35:35.408 - INFO - CDS - seq=contig_4, start=72644, stop=75769, strand=-, frame=3, truncated=no, start-type=ATG, RBS-motif=AGGAG
19:35:35.408 - INFO - CDS - seq=contig_4, start=75769, stop=76890, strand=-, frame=1, truncated=no, start-type=ATG, RBS-motif=GGA/GAG/AGG
19:35:35.408 - INFO - CDS - seq=contig_4, start=76951, stop=77577, strand=+, frame=1, truncated=no, start-type=ATG, RBS-motif=GGAGG
19:35:35.408 - INFO - CDS - seq=contig_4, start=78023, stop=78799, strand=+, frame=2, truncated=no, start-type=ATG, RBS-motif=GGAG/GAGG
19:35:35.408 - INFO - CDS - seq=contig_4, start=78804, stop=79232, strand=+, frame=3, truncated=no, start-type=ATG, RBS-motif=AGGAG
19:35:35.408 - INFO - CDS - seq=contig_4, start=79277, stop=79795, strand=+, frame=2, truncated=no, start-type=ATG, RBS-motif=AGGA/GGAG/GAGG
19:35:35.408 - INFO - CDS - seq=contig_4, start=79834, stop=80835, strand=+, frame=1, truncated=no, start-type=ATG, RBS-motif=AGGAGG
19:35:35.408 - INFO - CDS - seq=contig_4, start=80950, stop=81888, strand=+, frame=1, truncated=no, start-type=ATG, RBS-motif=GGAGG
19:35:35.408 - INFO - CDS - seq=contig_4, start=81910, stop=82590, strand=+, frame=1, truncated=no, start-type=ATG, RBS-motif=AGxAG
19:35:35.408 - INFO - CDS - seq=contig_4, start=83034, stop=83228, strand=+, frame=3, truncated=no, start-type=ATG, RBS-motif=GGAGG
19:35:35.408 - INFO - CDS - seq=contig_4, start=83439, stop=84890, strand=-, frame=2, truncated=no, start-type=ATG, RBS-motif=AGGAG/GGAGG
19:35:35.408 - INFO - CDS - seq=contig_4, start=84946, stop=85254, strand=-, frame=1, truncated=no, start-type=ATG, RBS-motif=AGGAGG
19:35:35.408 - INFO - CDS - seq=contig_4, start=85269, stop=85763, strand=-, frame=2, truncated=no, start-type=ATG, RBS-motif=AGGAG
19:35:35.408 - INFO - CDS - seq=contig_4, start=86068, stop=86787, strand=-, frame=1, truncated=no, start-type=ATG, RBS-motif=AGGAG
19:35:35.408 - INFO - CDS - seq=contig_4, start=87014, stop=88024, strand=-, frame=3, truncated=no, start-type=ATG, RBS-motif=AGGAGG
19:35:35.408 - INFO - CDS - seq=contig_4, start=88173, stop=89168, strand=-, frame=2, truncated=no, start-type=ATG, RBS-motif=GGAG/GAGG
19:35:35.409 - INFO - CDS - seq=contig_4, start=89222, stop=90682, strand=-, frame=3, truncated=no, start-type=TTG, RBS-motif=4Base/6BMM
19:35:35.409 - INFO - CDS - seq=contig_4, start=90679, stop=91674, strand=-, frame=1, truncated=no, start-type=ATG, RBS-motif=GGAG/GAGG
19:35:35.409 - INFO - CDS - seq=contig_4, start=91769, stop=92935, strand=-, frame=3, truncated=no, start-type=GTG, RBS-motif=AGGAGG
19:35:35.409 - INFO - CDS - seq=contig_4, start=93258, stop=93980, strand=+, frame=3, truncated=no, start-type=ATG, RBS-motif=AGGAGG
19:35:35.409 - INFO - CDS - seq=contig_4, start=94242, stop=95759, strand=+, frame=3, truncated=no, start-type=GTG, RBS-motif=AGxAGG/AGGxGG
19:35:35.409 - INFO - CDS - seq=contig_4, start=95815, stop=97668, strand=+, frame=1, truncated=no, start-type=ATG, RBS-motif=AGGAG
19:35:35.409 - INFO - CDS - seq=contig_4, start=97683, stop=98390, strand=+, frame=3, truncated=no, start-type=ATG, RBS-motif=GGAG/GAGG
19:35:35.409 - INFO - CDS - seq=contig_4, start=98501, stop=99082, strand=-, frame=3, truncated=no, start-type=GTG, RBS-motif=AGGAGG
19:35:35.409 - INFO - CDS - seq=contig_4, start=99079, stop=100755, strand=-, frame=1, truncated=no, start-type=ATG, RBS-motif=AGxAG
19:35:35.409 - INFO - CDS - seq=contig_4, start=101226, stop=102875, strand=-, frame=2, truncated=no, start-type=TTG, RBS-motif=GGAG/GAGG
19:35:35.409 - INFO - CDS - seq=contig_4, start=103863, stop=104552, strand=+, frame=3, truncated=no, start-type=ATG, RBS-motif=GGAGG
19:35:35.409 - INFO - CDS - seq=contig_4, start=105077, stop=105781, strand=+, frame=2, truncated=no, start-type=ATG, RBS-motif=GGAGG
19:35:35.409 - INFO - CDS - seq=contig_4, start=105950, stop=106099, strand=+, frame=2, truncated=no, start-type=ATG, RBS-motif=GGAGG
19:35:35.409 - INFO - CDS - seq=contig_4, start=106528, stop=106737, strand=+, frame=1, truncated=no, start-type=ATG, RBS-motif=AGxAG
19:35:35.409 - INFO - CDS - seq=contig_4, start=106762, stop=107037, strand=+, frame=1, truncated=no, start-type=ATG, RBS-motif=None
19:35:35.409 - INFO - CDS - seq=contig_4, start=107260, stop=107418, strand=+, frame=1, truncated=no, start-type=ATG, RBS-motif=AGGAG
19:35:35.409 - INFO - CDS - seq=contig_4, start=107545, stop=107745, strand=+, frame=1, truncated=no, start-type=ATG, RBS-motif=AGxAG
19:35:35.409 - INFO - CDS - seq=contig_4, start=107880, stop=108068, strand=+, frame=3, truncated=no, start-type=ATG, RBS-motif=GGAG/GAGG
19:35:35.409 - INFO - CDS - seq=contig_4, start=108592, stop=108780, strand=+, frame=1, truncated=no, start-type=ATG, RBS-motif=AGxAGG/AGGxGG
19:35:35.409 - INFO - CDS - seq=contig_4, start=108953, stop=109474, strand=-, frame=3, truncated=no, start-type=GTG, RBS-motif=GGA/GAG/AGG
19:35:35.409 - INFO - CDS - seq=contig_4, start=109538, stop=109768, strand=-, frame=3, truncated=no, start-type=ATG, RBS-motif=GGA/GAG/AGG
19:35:35.409 - INFO - CDS - seq=contig_4, start=110157, stop=110975, strand=+, frame=3, truncated=no, start-type=TTG, RBS-motif=GGAGG
19:35:35.409 - INFO - CDS - seq=contig_4, start=110983, stop=111654, strand=-, frame=1, truncated=no, start-type=TTG, RBS-motif=GGA/GAG/AGG
19:35:35.409 - INFO - CDS - seq=contig_4, start=111784, stop=112725, strand=+, frame=1, truncated=no, start-type=ATG, RBS-motif=GGAGG
19:35:35.409 - INFO - CDS - seq=contig_4, start=113128, stop=114444, strand=+, frame=1, truncated=no, start-type=ATG, RBS-motif=AGxAGG/AGGxGG
19:35:35.409 - INFO - CDS - seq=contig_4, start=114682, stop=115590, strand=+, frame=1, truncated=no, start-type=ATG, RBS-motif=AGGAGG
19:35:35.409 - INFO - CDS - seq=contig_4, start=115815, stop=116141, strand=+, frame=3, truncated=no, start-type=ATG, RBS-motif=AGGAG
19:35:35.410 - INFO - CDS - seq=contig_4, start=116352, stop=117020, strand=+, frame=3, truncated=no, start-type=ATG, RBS-motif=AGGA
19:35:35.410 - INFO - CDS - seq=contig_4, start=117013, stop=117792, strand=+, frame=1, truncated=no, start-type=ATG, RBS-motif=AGGAG/GGAGG
19:35:35.410 - INFO - CDS - seq=contig_4, start=118023, stop=118916, strand=+, frame=3, truncated=no, start-type=ATG, RBS-motif=AGxAGG/AGGxGG
19:35:35.410 - INFO - CDS - seq=contig_4, start=118916, stop=119782, strand=+, frame=2, truncated=no, start-type=ATG, RBS-motif=AGGAG
19:35:35.410 - INFO - CDS - seq=contig_4, start=119834, stop=120286, strand=+, frame=2, truncated=no, start-type=ATG, RBS-motif=AGGAG
19:35:35.410 - INFO - CDS - seq=contig_4, start=120297, stop=120704, strand=+, frame=3, truncated=no, start-type=ATG, RBS-motif=AGxAGG/AGGxGG
19:35:35.410 - INFO - CDS - seq=contig_4, start=121126, stop=123108, strand=+, frame=1, truncated=no, start-type=TTG, RBS-motif=AGGA/GGAG/GAGG
19:35:35.410 - INFO - CDS - seq=contig_4, start=123201, stop=125432, strand=-, frame=2, truncated=no, start-type=TTG, RBS-motif=GGAG/GAGG
19:35:35.410 - INFO - CDS - seq=contig_4, start=125670, stop=127025, strand=+, frame=3, truncated=no, start-type=ATG, RBS-motif=AGxAG
19:35:35.410 - INFO - CDS - seq=contig_4, start=127204, stop=128049, strand=+, frame=1, truncated=no, start-type=ATG, RBS-motif=AGGAG
19:35:35.410 - INFO - CDS - seq=contig_4, start=128541, stop=129164, strand=+, frame=3, truncated=no, start-type=TTG, RBS-motif=AGGA
19:35:35.410 - INFO - CDS - seq=contig_4, start=129515, stop=130996, strand=+, frame=2, truncated=no, start-type=ATG, RBS-motif=AGGA
19:35:35.410 - INFO - CDS - seq=contig_4, start=131196, stop=131636, strand=+, frame=3, truncated=no, start-type=ATG, RBS-motif=AGGA
19:35:35.410 - INFO - CDS - seq=contig_4, start=131788, stop=132225, strand=+, frame=1, truncated=no, start-type=ATG, RBS-motif=GGAGG
19:35:35.410 - INFO - CDS - seq=contig_4, start=132389, stop=132589, strand=-, frame=3, truncated=no, start-type=ATG, RBS-motif=AGGAG
19:35:35.410 - INFO - CDS - seq=contig_4, start=132762, stop=134102, strand=-, frame=2, truncated=no, start-type=ATG, RBS-motif=AGxAGG/AGGxGG
19:35:35.410 - INFO - CDS - seq=contig_4, start=134384, stop=135322, strand=+, frame=2, truncated=no, start-type=ATG, RBS-motif=AGGAGG
19:35:35.410 - INFO - CDS - seq=contig_4, start=135448, stop=136923, strand=-, frame=1, truncated=no, start-type=ATG, RBS-motif=GGAGG
19:35:35.410 - INFO - CDS - seq=contig_4, start=137144, stop=138448, strand=-, frame=3, truncated=no, start-type=ATG, RBS-motif=AGGAGG
19:35:35.410 - INFO - CDS - seq=contig_4, start=138788, stop=140791, strand=-, frame=3, truncated=no, start-type=ATG, RBS-motif=AGxAGG/AGGxGG
19:35:35.410 - INFO - CDS - seq=contig_4, start=140882, stop=142528, strand=-, frame=3, truncated=no, start-type=ATG, RBS-motif=GGA/GAG/AGG
19:35:35.411 - INFO - CDS - seq=contig_4, start=142752, stop=143468, strand=-, frame=2, truncated=no, start-type=ATG, RBS-motif=GGAGG
19:35:35.411 - INFO - CDS - seq=contig_4, start=143754, stop=144998, strand=-, frame=2, truncated=no, start-type=ATG, RBS-motif=GGAGG
19:35:35.411 - INFO - CDS - seq=contig_4, start=145160, stop=146941, strand=-, frame=3, truncated=no, start-type=ATG, RBS-motif=AGxAGG/AGGxGG
19:35:35.411 - INFO - CDS - seq=contig_4, start=146946, stop=148664, strand=-, frame=2, truncated=no, start-type=ATG, RBS-motif=AGGAG
19:35:35.411 - INFO - CDS - seq=contig_4, start=149799, stop=152084, strand=+, frame=3, truncated=no, start-type=ATG, RBS-motif=AGGAGG
19:35:35.411 - INFO - CDS - seq=contig_4, start=152062, stop=152934, strand=+, frame=1, truncated=no, start-type=ATG, RBS-motif=AGGA
19:35:35.411 - INFO - CDS - seq=contig_4, start=153317, stop=154141, strand=+, frame=2, truncated=no, start-type=GTG, RBS-motif=AGGA
19:35:35.411 - INFO - CDS - seq=contig_4, start=154189, stop=154737, strand=+, frame=1, truncated=no, start-type=ATG, RBS-motif=GGAGG
19:35:35.411 - INFO - CDS - seq=contig_4, start=154989, stop=155783, strand=+, frame=3, truncated=no, start-type=ATG, RBS-motif=AGGAGG
19:35:35.411 - INFO - CDS - seq=contig_4, start=155770, stop=157497, strand=+, frame=1, truncated=no, start-type=ATG, RBS-motif=GGxGG
19:35:35.411 - INFO - CDS - seq=contig_4, start=157665, stop=158639, strand=+, frame=3, truncated=no, start-type=ATG, RBS-motif=AGGA
19:35:35.411 - INFO - CDS - seq=contig_4, start=158715, stop=160736, strand=-, frame=2, truncated=no, start-type=ATG, RBS-motif=AGGAGG
19:35:35.411 - INFO - CDS - seq=contig_4, start=160901, stop=161602, strand=-, frame=3, truncated=no, start-type=ATG, RBS-motif=AGxAGG/AGGxGG
19:35:35.411 - INFO - CDS - seq=contig_4, start=161586, stop=161945, strand=-, frame=2, truncated=no, start-type=ATG, RBS-motif=AGxAGG/AGGxGG
19:35:35.411 - INFO - CDS - seq=contig_4, start=162099, stop=162800, strand=-, frame=2, truncated=no, start-type=ATG, RBS-motif=AGGAGG
19:35:35.411 - INFO - CDS - seq=contig_4, start=163639, stop=165636, strand=-, frame=1, truncated=no, start-type=ATG, RBS-motif=GGAGG
19:35:35.411 - INFO - CDS - seq=contig_4, start=165633, stop=166010, strand=-, frame=2, truncated=no, start-type=ATG, RBS-motif=AGGAGG
19:35:35.411 - INFO - CDS - seq=contig_4, start=165991, stop=167010, strand=-, frame=1, truncated=no, start-type=ATG, RBS-motif=GGxGG
19:35:35.411 - INFO - CDS - seq=contig_4, start=167078, stop=167743, strand=-, frame=3, truncated=no, start-type=ATG, RBS-motif=GGAGG
19:35:35.411 - INFO - CDS - seq=contig_4, start=168834, stop=170222, strand=+, frame=3, truncated=no, start-type=ATG, RBS-motif=GGAGG
19:35:35.411 - INFO - CDS - seq=contig_4, start=170496, stop=171407, strand=-, frame=2, truncated=no, start-type=ATG, RBS-motif=AGGAGG
19:35:35.411 - INFO - CDS - seq=contig_4, start=172355, stop=173068, strand=+, frame=2, truncated=no, start-type=ATG, RBS-motif=AGGAGG
19:35:35.411 - INFO - CDS - seq=contig_4, start=173100, stop=173912, strand=+, frame=3, truncated=no, start-type=ATG, RBS-motif=AGGA
19:35:35.411 - INFO - CDS - seq=contig_4, start=174014, stop=175150, strand=+, frame=2, truncated=no, start-type=ATG, RBS-motif=AGGAGG
19:35:35.411 - INFO - CDS - seq=contig_4, start=175415, stop=175960, strand=+, frame=2, truncated=no, start-type=ATG, RBS-motif=GGAG/GAGG
19:35:35.411 - INFO - CDS - seq=contig_4, start=176150, stop=177079, strand=-, frame=3, truncated=no, start-type=ATG, RBS-motif=GGAGG
19:35:35.412 - INFO - CDS - seq=contig_4, start=177113, stop=177928, strand=-, frame=3, truncated=no, start-type=TTG, RBS-motif=AGGAGG
19:35:35.412 - INFO - CDS - seq=contig_4, start=178369, stop=179268, strand=-, frame=1, truncated=no, start-type=ATG, RBS-motif=AGGAG
19:35:35.412 - INFO - CDS - seq=contig_4, start=179287, stop=180504, strand=-, frame=1, truncated=no, start-type=ATG, RBS-motif=AGGAG/GGAGG
19:35:35.412 - INFO - CDS - seq=contig_4, start=180781, stop=181677, strand=-, frame=1, truncated=no, start-type=ATG, RBS-motif=GGAGG
19:35:35.412 - INFO - CDS - seq=contig_4, start=181774, stop=182607, strand=-, frame=1, truncated=no, start-type=ATG, RBS-motif=AGGAG
19:35:35.412 - INFO - CDS - seq=contig_4, start=182624, stop=183490, strand=-, frame=3, truncated=no, start-type=ATG, RBS-motif=GGAGG
19:35:35.412 - INFO - CDS - seq=contig_4, start=183645, stop=184538, strand=+, frame=3, truncated=no, start-type=ATG, RBS-motif=AGGAGG
19:35:35.412 - INFO - CDS - seq=contig_4, start=184717, stop=185244, strand=+, frame=1, truncated=no, start-type=ATG, RBS-motif=AGGAGG
19:35:35.412 - INFO - CDS - seq=contig_4, start=185330, stop=186772, strand=-, frame=3, truncated=no, start-type=GTG, RBS-motif=GGAGG
19:35:35.412 - INFO - CDS - seq=contig_4, start=187379, stop=189913, strand=-, frame=3, truncated=no, start-type=ATG, RBS-motif=AGGAGG
19:35:35.412 - INFO - CDS - seq=contig_4, start=190338, stop=195839, strand=+, frame=3, truncated=no, start-type=ATG, RBS-motif=GGA/GAG/AGG
19:35:35.412 - INFO - CDS - seq=contig_4, start=196381, stop=203076, strand=+, frame=1, truncated=no, start-type=ATG, RBS-motif=GGAGG
19:35:35.412 - INFO - CDS - seq=contig_4, start=203266, stop=203895, strand=-, frame=1, truncated=no, start-type=ATG, RBS-motif=AGGAGG
19:35:35.412 - INFO - CDS - seq=contig_4, start=203834, stop=204982, strand=-, frame=3, truncated=no, start-type=ATG, RBS-motif=AGGAGG
19:35:35.412 - INFO - CDS - seq=contig_4, start=204979, stop=205860, strand=-, frame=1, truncated=no, start-type=ATG, RBS-motif=AGGAGG
19:35:35.412 - INFO - CDS - seq=contig_4, start=205963, stop=207078, strand=-, frame=1, truncated=no, start-type=ATG, RBS-motif=GGAG/GAGG
19:35:35.412 - INFO - CDS - seq=contig_4, start=207066, stop=207764, strand=-, frame=2, truncated=no, start-type=ATG, RBS-motif=GGAGG
19:35:35.412 - INFO - CDS - seq=contig_4, start=208060, stop=209676, strand=-, frame=1, truncated=no, start-type=ATG, RBS-motif=GGAG/GAGG
19:35:35.412 - INFO - CDS - seq=contig_4, start=209669, stop=210403, strand=-, frame=3, truncated=no, start-type=ATG, RBS-motif=AGxAGG/AGGxGG
19:35:35.412 - INFO - CDS - seq=contig_4, start=210594, stop=211670, strand=-, frame=2, truncated=no, start-type=GTG, RBS-motif=GGAG/GAGG
19:35:35.412 - INFO - CDS - seq=contig_4, start=211744, stop=212748, strand=-, frame=1, truncated=no, start-type=ATG, RBS-motif=GGAG/GAGG
19:35:35.413 - INFO - CDS - seq=contig_4, start=212759, stop=213475, strand=-, frame=3, truncated=no, start-type=ATG, RBS-motif=GGxGG
19:35:35.413 - INFO - CDS - seq=contig_4, start=213468, stop=216197, strand=-, frame=2, truncated=no, start-type=GTG, RBS-motif=AGGAGG
19:35:35.413 - INFO - CDS - seq=contig_4, start=216456, stop=217040, strand=+, frame=3, truncated=no, start-type=ATG, RBS-motif=AGGAG
19:35:35.413 - INFO - CDS - seq=contig_4, start=217166, stop=219076, strand=-, frame=3, truncated=no, start-type=ATG, RBS-motif=GGA/GAG/AGG
19:35:35.413 - INFO - CDS - seq=contig_4, start=219251, stop=219562, strand=+, frame=2, truncated=no, start-type=ATG, RBS-motif=AGGAG
19:35:35.413 - INFO - CDS - seq=contig_4, start=219586, stop=220824, strand=+, frame=1, truncated=no, start-type=ATG, RBS-motif=GGAGG
19:35:35.413 - INFO - CDS - seq=contig_4, start=220861, stop=221226, strand=+, frame=1, truncated=no, start-type=ATG, RBS-motif=AGGAG
19:35:35.413 - INFO - CDS - seq=contig_4, start=221245, stop=222675, strand=+, frame=1, truncated=no, start-type=ATG, RBS-motif=AGGAG
19:35:35.413 - INFO - CDS - seq=contig_4, start=222675, stop=223277, strand=+, frame=3, truncated=no, start-type=ATG, RBS-motif=None
19:35:35.413 - INFO - CDS - seq=contig_4, start=223341, stop=223685, strand=-, frame=2, truncated=no, start-type=ATG, RBS-motif=GGA/GAG/AGG
19:35:35.413 - INFO - CDS - seq=contig_4, start=223831, stop=224853, strand=+, frame=1, truncated=no, start-type=ATG, RBS-motif=AGGA
19:35:35.413 - INFO - CDS - seq=contig_4, start=224975, stop=225841, strand=-, frame=3, truncated=no, start-type=ATG, RBS-motif=AGGAGG
19:35:35.413 - INFO - CDS - seq=contig_4, start=226013, stop=226441, strand=+, frame=2, truncated=no, start-type=ATG, RBS-motif=GGAGG
19:35:35.413 - INFO - CDS - seq=contig_4, start=226505, stop=227860, strand=-, frame=3, truncated=no, start-type=ATG, RBS-motif=AGGAG(G)/GGAGG
19:35:35.413 - INFO - CDS - seq=contig_4, start=227982, stop=229109, strand=-, frame=2, truncated=no, start-type=TTG, RBS-motif=AGGAGG
19:35:35.413 - INFO - CDS - seq=contig_4, start=229238, stop=230581, strand=-, frame=3, truncated=no, start-type=ATG, RBS-motif=AGGAGG
19:35:35.413 - INFO - CDS - seq=contig_4, start=230909, stop=231661, strand=-, frame=3, truncated=no, start-type=GTG, RBS-motif=AGxAGG/AGGxGG
19:35:35.413 - INFO - CDS - seq=contig_4, start=231691, stop=232440, strand=-, frame=1, truncated=no, start-type=ATG, RBS-motif=AGGAG
19:35:35.413 - INFO - CDS - seq=contig_4, start=232653, stop=233720, strand=+, frame=3, truncated=no, start-type=ATG, RBS-motif=AGGAG
19:35:35.413 - INFO - CDS - seq=contig_4, start=233876, stop=234889, strand=+, frame=2, truncated=no, start-type=TTG, RBS-motif=AGGAGG
19:35:35.413 - INFO - CDS - seq=contig_4, start=234975, stop=236708, strand=-, frame=2, truncated=no, start-type=ATG, RBS-motif=AGGAG
19:35:35.413 - INFO - CDS - seq=contig_4, start=237295, stop=238176, strand=+, frame=1, truncated=no, start-type=ATG, RBS-motif=AGGAGG
19:35:35.413 - INFO - CDS - seq=contig_4, start=238248, stop=238823, strand=-, frame=2, truncated=no, start-type=ATG, RBS-motif=GGAGG
19:35:35.413 - INFO - CDS - seq=contig_4, start=238813, stop=239424, strand=-, frame=1, truncated=no, start-type=ATG, RBS-motif=AGxAGG/AGGxGG
19:35:35.414 - INFO - CDS - seq=contig_4, start=239607, stop=240770, strand=-, frame=2, truncated=no, start-type=ATG, RBS-motif=GGAG/GAGG
19:35:35.414 - INFO - CDS - seq=contig_4, start=240849, stop=241142, strand=-, frame=2, truncated=no, start-type=ATG, RBS-motif=None
19:35:35.414 - INFO - CDS - seq=contig_4, start=241375, stop=242811, strand=+, frame=1, truncated=no, start-type=ATG, RBS-motif=AGGAGG
19:35:35.414 - INFO - CDS - seq=contig_4, start=242846, stop=243274, strand=+, frame=2, truncated=no, start-type=ATG, RBS-motif=AGGAGG
19:35:35.414 - INFO - CDS - seq=contig_4, start=243665, stop=244684, strand=+, frame=2, truncated=no, start-type=ATG, RBS-motif=GGAG/GAGG
19:35:35.414 - INFO - CDS - seq=contig_4, start=244671, stop=245252, strand=+, frame=3, truncated=no, start-type=ATG, RBS-motif=GGxGG
19:35:35.414 - INFO - CDS - seq=contig_4, start=245302, stop=245670, strand=+, frame=1, truncated=no, start-type=ATG, RBS-motif=AGGAG
19:35:35.414 - INFO - CDS - seq=contig_4, start=245755, stop=246318, strand=+, frame=1, truncated=no, start-type=ATG, RBS-motif=AGGAG
19:35:35.414 - INFO - CDS - seq=contig_4, start=246414, stop=246542, strand=+, frame=3, truncated=no, start-type=ATG, RBS-motif=AGGA/GGAG/GAGG
19:35:35.414 - INFO - CDS - seq=contig_4, start=246554, stop=248248, strand=+, frame=2, truncated=no, start-type=ATG, RBS-motif=AGGAGG
19:35:35.414 - INFO - CDS - seq=contig_4, start=248395, stop=249375, strand=+, frame=1, truncated=no, start-type=ATG, RBS-motif=GGAGG
19:35:35.414 - INFO - CDS - seq=contig_4, start=249495, stop=250511, strand=-, frame=2, truncated=no, start-type=ATG, RBS-motif=GGA/GAG/AGG
19:35:35.414 - INFO - CDS - seq=contig_4, start=250668, stop=251534, strand=-, frame=2, truncated=no, start-type=ATG, RBS-motif=AGGAGG
19:35:35.414 - INFO - CDS - seq=contig_4, start=252069, stop=253499, strand=-, frame=2, truncated=no, start-type=ATG, RBS-motif=AGGAGG
19:35:35.414 - INFO - CDS - seq=contig_4, start=253521, stop=254720, strand=-, frame=2, truncated=no, start-type=ATG, RBS-motif=AGxAGG/AGGxGG
19:35:35.414 - INFO - CDS - seq=contig_4, start=254945, stop=257170, strand=-, frame=3, truncated=no, start-type=ATG, RBS-motif=GGAGG
19:35:35.414 - INFO - CDS - seq=contig_4, start=257519, stop=260251, strand=+, frame=2, truncated=no, start-type=ATG, RBS-motif=GGAGG
19:35:35.414 - INFO - CDS - seq=contig_4, start=261216, stop=262925, strand=+, frame=3, truncated=no, start-type=ATG, RBS-motif=GGAGG
19:35:35.414 - INFO - CDS - seq=contig_4, start=262918, stop=264729, strand=+, frame=1, truncated=no, start-type=TTG, RBS-motif=GGAGG
19:35:35.414 - INFO - CDS - seq=contig_4, start=264912, stop=266600, strand=-, frame=2, truncated=no, start-type=ATG, RBS-motif=GGAG/GAGG
19:35:35.414 - INFO - CDS - seq=contig_4, start=266590, stop=267006, strand=-, frame=1, truncated=no, start-type=ATG, RBS-motif=AGGAGG
19:35:35.414 - INFO - CDS - seq=contig_4, start=267096, stop=269339, strand=-, frame=2, truncated=no, start-type=TTG, RBS-motif=GGAG/GAGG
19:35:35.414 - INFO - CDS - seq=contig_4, start=269369, stop=270220, strand=-, frame=3, truncated=no, start-type=ATG, RBS-motif=AGGAG
19:35:35.415 - INFO - CDS - seq=contig_4, start=270213, stop=271022, strand=-, frame=2, truncated=no, start-type=ATG, RBS-motif=AGGAGG
19:35:35.415 - INFO - CDS - seq=contig_4, start=271065, stop=271556, strand=-, frame=2, truncated=no, start-type=ATG, RBS-motif=GGAGG
19:35:35.415 - INFO - CDS - seq=contig_4, start=271608, stop=272615, strand=-, frame=2, truncated=no, start-type=ATG, RBS-motif=AGGAG
19:35:35.415 - INFO - CDS - seq=contig_4, start=272856, stop=273125, strand=+, frame=3, truncated=no, start-type=ATG, RBS-motif=GGA/GAG/AGG
19:35:35.415 - INFO - CDS - seq=contig_4, start=273432, stop=274259, strand=+, frame=3, truncated=no, start-type=GTG, RBS-motif=GGAG/GAGG
19:35:35.415 - INFO - CDS - seq=contig_4, start=274623, stop=275993, strand=+, frame=3, truncated=no, start-type=GTG, RBS-motif=AGGAGG
19:35:35.415 - INFO - CDS - seq=contig_4, start=276284, stop=276652, strand=+, frame=2, truncated=no, start-type=ATG, RBS-motif=GGxGG
19:35:35.415 - INFO - CDS - seq=contig_4, start=276652, stop=276912, strand=+, frame=1, truncated=no, start-type=ATG, RBS-motif=AGGA
19:35:35.415 - INFO - CDS - seq=contig_4, start=277025, stop=277714, strand=-, frame=3, truncated=no, start-type=ATG, RBS-motif=GGAGG
19:35:35.415 - INFO - CDS - seq=contig_4, start=277719, stop=278780, strand=-, frame=2, truncated=no, start-type=ATG, RBS-motif=AGGAG
19:35:35.415 - INFO - CDS - seq=contig_4, start=278785, stop=279288, strand=-, frame=1, truncated=no, start-type=ATG, RBS-motif=AGxAGG/AGGxGG
19:35:35.415 - INFO - CDS - seq=contig_4, start=279498, stop=280262, strand=-, frame=2, truncated=no, start-type=ATG, RBS-motif=AGGAGG
19:35:35.415 - INFO - CDS - seq=contig_4, start=280273, stop=280425, strand=-, frame=1, truncated=no, start-type=ATG, RBS-motif=AGGAGG
19:35:35.415 - INFO - CDS - seq=contig_4, start=280593, stop=281123, strand=-, frame=2, truncated=no, start-type=ATG, RBS-motif=GGA/GAG/AGG
19:35:35.415 - INFO - CDS - seq=contig_4, start=281525, stop=282793, strand=+, frame=2, truncated=no, start-type=ATG, RBS-motif=AGxAGG/AGGxGG
19:35:35.415 - INFO - CDS - seq=contig_4, start=282918, stop=283562, strand=-, frame=2, truncated=no, start-type=TTG, RBS-motif=AGGA
19:35:35.415 - INFO - CDS - seq=contig_4, start=283731, stop=284054, strand=+, frame=3, truncated=no, start-type=ATG, RBS-motif=AGGAG
19:35:35.415 - INFO - CDS - seq=contig_4, start=284398, stop=285573, strand=-, frame=1, truncated=no, start-type=ATG, RBS-motif=GGAGG
19:35:35.415 - INFO - CDS - seq=contig_4, start=285655, stop=287580, strand=-, frame=1, truncated=no, start-type=ATG, RBS-motif=AGGAGG
19:35:35.415 - INFO - CDS - seq=contig_4, start=287643, stop=288446, strand=-, frame=2, truncated=no, start-type=ATG, RBS-motif=AGGAG
19:35:35.415 - INFO - CDS - seq=contig_4, start=288662, stop=289435, strand=+, frame=2, truncated=no, start-type=GTG, RBS-motif=GGA/GAG/AGG
19:35:35.415 - INFO - CDS - seq=contig_4, start=289556, stop=290119, strand=-, frame=3, truncated=no, start-type=ATG, RBS-motif=AGGAG
19:35:35.415 - INFO - CDS - seq=contig_4, start=290135, stop=290782, strand=-, frame=3, truncated=no, start-type=ATG, RBS-motif=AGGAGG
19:35:35.416 - INFO - CDS - seq=contig_4, start=290956, stop=291717, strand=+, frame=1, truncated=no, start-type=ATG, RBS-motif=AGxAGG/AGGxGG
19:35:35.416 - INFO - CDS - seq=contig_4, start=291755, stop=292417, strand=+, frame=2, truncated=no, start-type=GTG, RBS-motif=AGGAGG
19:35:35.416 - INFO - CDS - seq=contig_4, start=292781, stop=293041, strand=+, frame=2, truncated=no, start-type=ATG, RBS-motif=AGxAGG/AGGxGG
19:35:35.416 - INFO - CDS - seq=contig_4, start=293497, stop=293814, strand=-, frame=1, truncated=no, start-type=ATG, RBS-motif=AGxAGG/AGGxGG
19:35:35.416 - INFO - CDS - seq=contig_4, start=293848, stop=294693, strand=-, frame=1, truncated=no, start-type=ATG, RBS-motif=AGGAGG
19:35:35.416 - INFO - CDS - seq=contig_4, start=294696, stop=295049, strand=-, frame=2, truncated=no, start-type=ATG, RBS-motif=None
19:35:35.416 - INFO - CDS - seq=contig_4, start=295810, stop=296304, strand=-, frame=1, truncated=no, start-type=ATG, RBS-motif=AGGAG
19:35:35.416 - INFO - CDS - seq=contig_4, start=296317, stop=296754, strand=-, frame=1, truncated=no, start-type=ATG, RBS-motif=GGA/GAG/AGG
19:35:35.416 - INFO - CDS - seq=contig_4, start=297038, stop=299572, strand=+, frame=2, truncated=no, start-type=TTG, RBS-motif=GGxGG
19:35:35.416 - INFO - CDS - seq=contig_4, start=299809, stop=299913, strand=-, frame=1, truncated=no, start-type=ATG, RBS-motif=AGxAGG/AGGxGG
19:35:35.416 - INFO - CDS - seq=contig_4, start=299867, stop=300178, strand=-, frame=3, truncated=no, start-type=ATG, RBS-motif=AGGAG
19:35:35.416 - INFO - CDS - seq=contig_4, start=300962, stop=301177, strand=-, frame=3, truncated=no, start-type=ATG, RBS-motif=GGA/GAG/AGG
19:35:35.416 - INFO - CDS - seq=contig_4, start=301355, stop=302182, strand=-, frame=3, truncated=no, start-type=ATG, RBS-motif=GGAGG
19:35:35.416 - INFO - CDS - seq=contig_4, start=302179, stop=303879, strand=-, frame=1, truncated=no, start-type=ATG, RBS-motif=GGA/GAG/AGG
19:35:35.416 - INFO - CDS - seq=contig_4, start=303881, stop=304441, strand=-, frame=3, truncated=no, start-type=ATG, RBS-motif=AGGAGG
19:35:35.416 - INFO - CDS - seq=contig_4, start=304533, stop=305375, strand=-, frame=2, truncated=no, start-type=ATG, RBS-motif=AGxAGG/AGGxGG
19:35:35.416 - INFO - CDS - seq=contig_4, start=305649, stop=306536, strand=-, frame=2, truncated=no, start-type=ATG, RBS-motif=AGxAGG/AGGxGG
19:35:35.416 - INFO - CDS - seq=contig_4, start=306690, stop=307967, strand=+, frame=3, truncated=no, start-type=ATG, RBS-motif=AGGAGG
19:35:35.416 - INFO - CDS - seq=contig_4, start=307969, stop=309453, strand=+, frame=1, truncated=no, start-type=ATG, RBS-motif=GGAG/GAGG
19:35:35.416 - INFO - CDS - seq=contig_4, start=309620, stop=310513, strand=-, frame=3, truncated=no, start-type=ATG, RBS-motif=AGGAG/GGAGG
19:35:35.416 - INFO - CDS - seq=contig_4, start=310702, stop=311550, strand=-, frame=1, truncated=no, start-type=ATG, RBS-motif=AGGA/GGAG/GAGG
19:35:35.416 - INFO - CDS - seq=contig_4, start=311569, stop=312402, strand=-, frame=1, truncated=no, start-type=ATG, RBS-motif=AGxAGG/AGGxGG
19:35:35.416 - INFO - CDS - seq=contig_4, start=312416, stop=312910, strand=-, frame=3, truncated=no, start-type=ATG, RBS-motif=AGGAGG
19:35:35.416 - INFO - CDS - seq=contig_4, start=312910, stop=313326, strand=-, frame=1, truncated=no, start-type=ATG, RBS-motif=AGGA/GGAG/GAGG
19:35:35.417 - INFO - CDS - seq=contig_4, start=313357, stop=314157, strand=-, frame=1, truncated=no, start-type=ATG, RBS-motif=AGGAG
19:35:35.417 - INFO - CDS - seq=contig_4, start=314294, stop=315250, strand=+, frame=2, truncated=no, start-type=ATG, RBS-motif=GGAG/GAGG
19:35:35.417 - INFO - CDS - seq=contig_4, start=315381, stop=316619, strand=+, frame=3, truncated=no, start-type=ATG, RBS-motif=GGAGG
19:35:35.417 - INFO - CDS - seq=contig_4, start=316787, stop=317527, strand=-, frame=3, truncated=no, start-type=ATG, RBS-motif=GGA/GAG/AGG
19:35:35.417 - INFO - CDS - seq=contig_4, start=317624, stop=318187, strand=-, frame=3, truncated=no, start-type=ATG, RBS-motif=GGAGG
19:35:35.417 - INFO - CDS - seq=contig_4, start=318184, stop=318846, strand=-, frame=1, truncated=no, start-type=TTG, RBS-motif=GGAG/GAGG
19:35:35.417 - INFO - CDS - seq=contig_4, start=318859, stop=319869, strand=-, frame=1, truncated=no, start-type=ATG, RBS-motif=AGxAGG/AGGxGG
19:35:35.417 - INFO - CDS - seq=contig_4, start=319890, stop=320534, strand=-, frame=2, truncated=no, start-type=TTG, RBS-motif=AGGAGG
19:35:35.417 - INFO - CDS - seq=contig_4, start=320549, stop=321724, strand=-, frame=3, truncated=no, start-type=ATG, RBS-motif=AGGA
19:35:35.417 - INFO - CDS - seq=contig_4, start=321743, stop=322618, strand=-, frame=3, truncated=no, start-type=ATG, RBS-motif=AGGAGG
19:35:35.417 - INFO - CDS - seq=contig_4, start=322618, stop=323367, strand=-, frame=1, truncated=no, start-type=ATG, RBS-motif=GGAGG
19:35:35.417 - INFO - CDS - seq=contig_4, start=323369, stop=323872, strand=-, frame=3, truncated=no, start-type=ATG, RBS-motif=AGGAGG
19:35:35.417 - INFO - CDS - seq=contig_4, start=323872, stop=324318, strand=-, frame=1, truncated=no, start-type=ATG, RBS-motif=GGAGG
19:35:35.417 - INFO - CDS - seq=contig_4, start=324311, stop=325111, strand=-, frame=3, truncated=no, start-type=ATG, RBS-motif=GGAGG
19:35:35.417 - INFO - CDS - seq=contig_4, start=325318, stop=327261, strand=-, frame=1, truncated=no, start-type=ATG, RBS-motif=GGAGG
19:35:35.417 - INFO - CDS - seq=contig_4, start=327301, stop=328167, strand=-, frame=1, truncated=no, start-type=ATG, RBS-motif=AGGAG
19:35:35.417 - INFO - CDS - seq=contig_4, start=328157, stop=330022, strand=-, frame=3, truncated=no, start-type=ATG, RBS-motif=AGxAGG/AGGxGG
19:35:35.417 - INFO - CDS - seq=contig_4, start=330377, stop=332101, strand=-, frame=3, truncated=no, start-type=ATG, RBS-motif=AGGAG/GGAGG
19:35:35.417 - INFO - CDS - seq=contig_4, start=332103, stop=333305, strand=-, frame=2, truncated=no, start-type=ATG, RBS-motif=GGA/GAG/AGG
19:35:35.417 - INFO - CDS - seq=contig_4, start=333334, stop=334881, strand=-, frame=1, truncated=no, start-type=ATG, RBS-motif=AGGAGG
19:35:35.417 - INFO - CDS - seq=contig_4, start=334918, stop=335361, strand=-, frame=1, truncated=no, start-type=ATG, RBS-motif=AGGAG
19:35:35.417 - INFO - CDS - seq=contig_4, start=335544, stop=337010, strand=-, frame=2, truncated=no, start-type=ATG, RBS-motif=GGAGG
19:35:35.417 - INFO - CDS - seq=contig_4, start=337129, stop=337815, strand=-, frame=1, truncated=no, start-type=ATG, RBS-motif=AGGAG/GGAGG
19:35:35.417 - INFO - CDS - seq=contig_4, start=337822, stop=338796, strand=-, frame=1, truncated=no, start-type=ATG, RBS-motif=AGGAG
19:35:35.418 - INFO - CDS - seq=contig_4, start=338819, stop=339904, strand=-, frame=3, truncated=no, start-type=ATG, RBS-motif=AGxAGG/AGGxGG
19:35:35.418 - INFO - CDS - seq=contig_4, start=339920, stop=340237, strand=-, frame=3, truncated=no, start-type=ATG, RBS-motif=GGA/GAG/AGG
19:35:35.418 - INFO - CDS - seq=contig_4, start=340234, stop=340707, strand=-, frame=1, truncated=no, start-type=ATG, RBS-motif=AGxAGG/AGGxGG
19:35:35.418 - INFO - CDS - seq=contig_4, start=340737, stop=341678, strand=-, frame=2, truncated=no, start-type=ATG, RBS-motif=GGAGG
19:35:35.418 - INFO - CDS - seq=contig_4, start=341680, stop=342150, strand=-, frame=1, truncated=no, start-type=ATG, RBS-motif=AGxAGG/AGGxGG
19:35:35.418 - INFO - CDS - seq=contig_4, start=342152, stop=343609, strand=-, frame=3, truncated=no, start-type=ATG, RBS-motif=AGGAG
19:35:35.418 - INFO - CDS - seq=contig_4, start=344019, stop=345314, strand=-, frame=2, truncated=no, start-type=ATG, RBS-motif=GGA/GAG/AGG
19:35:35.418 - INFO - CDS - seq=contig_4, start=345356, stop=348094, strand=-, frame=3, truncated=no, start-type=ATG, RBS-motif=GGAG/GAGG
19:35:35.418 - INFO - CDS - seq=contig_4, start=597, stop=1070, strand=-, nt=[ATGGCAAAAG..GGTTGTCTGA]
19:35:35.418 - INFO - CDS - seq=contig_4, start=1196, stop=2329, strand=-, nt=[ATGACAGAAA..GGATGCTTAG]
19:35:35.418 - INFO - CDS - seq=contig_4, start=2821, stop=3282, strand=+, nt=[ATGGGAACAA..GACTAAGTAG]
19:35:35.418 - INFO - CDS - seq=contig_4, start=3292, stop=3945, strand=+, nt=[ATGCAACTTT..CAAAAACTAG]
19:35:35.418 - INFO - CDS - seq=contig_4, start=3955, stop=4800, strand=-, nt=[ATGAAACTAA..TATTTGGTGA]
19:35:35.418 - INFO - CDS - seq=contig_4, start=4797, stop=5774, strand=-, nt=[ATGCATACAA..TGCTTTATGA]
19:35:35.418 - INFO - CDS - seq=contig_4, start=5963, stop=6787, strand=+, nt=[ATGAATTACA..AGAATTCTAA]
19:35:35.418 - INFO - CDS - seq=contig_4, start=6931, stop=7404, strand=+, nt=[ATGACTGAAC..CGCCCAGTAA]
19:35:35.418 - INFO - CDS - seq=contig_4, start=7414, stop=8346, strand=-, nt=[GTGCGAAAAC..AAACTGGTGA]
19:35:35.418 - INFO - CDS - seq=contig_4, start=8468, stop=8926, strand=+, nt=[ATGACTGATG..CGATCAATAA]
19:35:35.418 - INFO - CDS - seq=contig_4, start=9014, stop=9682, strand=-, nt=[ATGGCTAATT..CGCAAAATAG]
19:35:35.418 - INFO - CDS - seq=contig_4, start=9800, stop=10954, strand=-, nt=[ATGCAGGACA..ACCTGTATAA]
19:35:35.418 - INFO - CDS - seq=contig_4, start=10984, stop=11505, strand=-, nt=[ATGCCAGTTA..GGCACACTAA]
19:35:35.418 - INFO - CDS - seq=contig_4, start=11773, stop=12120, strand=-, nt=[ATGTCTGAAT..TCGGCATTAG]
19:35:35.418 - INFO - CDS - seq=contig_4, start=12172, stop=13095, strand=-, nt=[ATGCCAAAAC..TTCTAAATAA]
19:35:35.418 - INFO - CDS - seq=contig_4, start=13273, stop=15621, strand=+, nt=[ATGGCTGAGC..TTGGCGATGA]
19:35:35.418 - INFO - CDS - seq=contig_4, start=15724, stop=16173, strand=+, nt=[ATGGCAGAAG..AGAAAAATAG]
19:35:35.418 - INFO - CDS - seq=contig_4, start=16201, stop=16935, strand=+, nt=[ATGGTTAAAC..GCCATGGTGA]
19:35:35.418 - INFO - CDS - seq=contig_4, start=17118, stop=17468, strand=-, nt=[ATGGGAATCG..TTACTATTAA]
19:35:35.418 - INFO - CDS - seq=contig_4, start=17613, stop=19424, strand=+, nt=[ATGAGTGAAA..CAATGGCTAA]
19:35:35.418 - INFO - CDS - seq=contig_4, start=19830, stop=20321, strand=-, nt=[ATGGAACAAG..AAAGTTATGA]
19:35:35.418 - INFO - CDS - seq=contig_4, start=20595, stop=21092, strand=+, nt=[TTGGAAATAA..TCAACATTAA]
19:35:35.418 - INFO - CDS - seq=contig_4, start=21137, stop=22123, strand=-, nt=[TTGACTGCAT..CTTAGCTTAA]
19:35:35.418 - INFO - CDS - seq=contig_4, start=22127, stop=23794, strand=-, nt=[TTGAAATATA..GGGGGAATAA]
19:35:35.418 - INFO - CDS - seq=contig_4, start=24246, stop=25121, strand=+, nt=[TTGAACACAC..GGCAAACTAA]
19:35:35.418 - INFO - CDS - seq=contig_4, start=25346, stop=26281, strand=-, nt=[ATGATTACGC..TTACTTTTAG]
19:35:35.418 - INFO - CDS - seq=contig_4, start=26491, stop=26841, strand=+, nt=[TTGAAAGTAA..AACAAAGTGA]
19:35:35.418 - INFO - CDS - seq=contig_4, start=26849, stop=27409, strand=+, nt=[ATGCCAAGCA..CATTGTGTAA]
19:35:35.418 - INFO - CDS - seq=contig_4, start=27504, stop=28412, strand=+, nt=[ATGCGACGTG..TCCCAGTTAA]
19:35:35.419 - INFO - CDS - seq=contig_4, start=28674, stop=29291, strand=+, nt=[ATGTTCAACC..GCCAAAATAA]
19:35:35.419 - INFO - CDS - seq=contig_4, start=29314, stop=30261, strand=+, nt=[TTGACCGCAT..CATTCACTAG]
19:35:35.419 - INFO - CDS - seq=contig_4, start=30275, stop=30748, strand=+, nt=[ATGAAAAAGC..AAACCAATAA]
19:35:35.419 - INFO - CDS - seq=contig_4, start=30879, stop=31505, strand=-, nt=[ATGCCAACAC..ATTAGTTTAA]
19:35:35.419 - INFO - CDS - seq=contig_4, start=31634, stop=31828, strand=-, nt=[ATGACAATCC..GCATAATTAA]
19:35:35.419 - INFO - CDS - seq=contig_4, start=32333, stop=33499, strand=+, nt=[TTGAAACATA..TCATGAATAA]
19:35:35.419 - INFO - CDS - seq=contig_4, start=33492, stop=33971, strand=+, nt=[ATGAATAATT..CATGAACTAG]
19:35:35.419 - INFO - CDS - seq=contig_4, start=34110, stop=34472, strand=-, nt=[GTGAAAAAAC..CGATGAGTAA]
19:35:35.419 - INFO - CDS - seq=contig_4, start=34453, stop=34611, strand=-, nt=[ATGGTGTTGG..TTGGTACTAA]
19:35:35.419 - INFO - CDS - seq=contig_4, start=34725, stop=35747, strand=+, nt=[ATGACACAAA..GTTTGCTTAA]
19:35:35.419 - INFO - CDS - seq=contig_4, start=35807, stop=36106, strand=-, nt=[ATGGCAGAAC..CCGCAAATAA]
19:35:35.419 - INFO - CDS - seq=contig_4, start=36262, stop=36567, strand=+, nt=[ATGCGCGTTG..CATCCACTAA]
19:35:35.419 - INFO - CDS - seq=contig_4, start=36728, stop=37066, strand=+, nt=[GTGATTAGCA..GAATCTTTAA]
19:35:35.419 - INFO - CDS - seq=contig_4, start=37084, stop=38124, strand=+, nt=[ATGGATACCA..TTCAGAATAA]
19:35:35.419 - INFO - CDS - seq=contig_4, start=38646, stop=39752, strand=-, nt=[ATGGTCGATG..TTTTGCATAA]
19:35:35.419 - INFO - CDS - seq=contig_4, start=39822, stop=40481, strand=-, nt=[ATGACAGAAA..TTTGGACTAA]
19:35:35.419 - INFO - CDS - seq=contig_4, start=40526, stop=41371, strand=-, nt=[ATGTCGAGTT..TATTATTTGA]
19:35:35.419 - INFO - CDS - seq=contig_4, start=41447, stop=42307, strand=-, nt=[ATGAAGGATT..GATTATGTAG]
19:35:35.419 - INFO - CDS - seq=contig_4, start=42508, stop=43992, strand=+, nt=[ATGAAATTAA..TACTCGATAA]
19:35:35.419 - INFO - CDS - seq=contig_4, start=44085, stop=44465, strand=+, nt=[ATGCAAATTC..TGCTCGCTAA]
19:35:35.419 - INFO - CDS - seq=contig_4, start=44581, stop=45876, strand=-, nt=[ATGAACGCAG..TATGCGTTGA]
19:35:35.419 - INFO - CDS - seq=contig_4, start=45873, stop=46544, strand=-, nt=[GTGATCGAAG..CAGTGAATGA]
19:35:35.419 - INFO - CDS - seq=contig_4, start=46726, stop=47133, strand=+, nt=[ATGCGTCAAA..AAAAAATTAA]
19:35:35.419 - INFO - CDS - seq=contig_4, start=47120, stop=49270, strand=+, nt=[ATGAAAAAAA..GGTGAAATAA]
19:35:35.419 - INFO - CDS - seq=contig_4, start=49306, stop=50283, strand=+, nt=[ATGCGACAAG..ACAAAACTAG]
19:35:35.419 - INFO - CDS - seq=contig_4, start=50522, stop=53185, strand=+, nt=[ATGACAACAA..GGCAGAATAA]
19:35:35.419 - INFO - CDS - seq=contig_4, start=53295, stop=54254, strand=+, nt=[ATGCAAACAT..CATGGGCTAA]
19:35:35.419 - INFO - CDS - seq=contig_4, start=54482, stop=55285, strand=-, nt=[ATGGCCGTAC..GTTGAGTTAA]
19:35:35.419 - INFO - CDS - seq=contig_4, start=55288, stop=56259, strand=-, nt=[ATGGACATCG..GGAGGTTTAG]
19:35:35.419 - INFO - CDS - seq=contig_4, start=56462, stop=57430, strand=-, nt=[ATGAAGATCA..AGCTGAATAA]
19:35:35.419 - INFO - CDS - seq=contig_4, start=57989, stop=58945, strand=-, nt=[ATGAAAAAGC..ACCAGAATAA]
19:35:35.419 - INFO - CDS - seq=contig_4, start=59428, stop=61815, strand=-, nt=[ATGGGGGTGG..TTTTAGATAA]
19:35:35.419 - INFO - CDS - seq=contig_4, start=62533, stop=63183, strand=-, nt=[ATGAAAATTG..TGCGGATTAG]
19:35:35.419 - INFO - CDS - seq=contig_4, start=63413, stop=64243, strand=+, nt=[ATGTCAATTG..GCATGCTTAA]
19:35:35.419 - INFO - CDS - seq=contig_4, start=64236, stop=65297, strand=+, nt=[ATGCTTAATC..GTTTAATTAG]
19:35:35.419 - INFO - CDS - seq=contig_4, start=65471, stop=66292, strand=+, nt=[GTGGCTAATG..ACAATTCTAA]
19:35:35.419 - INFO - CDS - seq=contig_4, start=66364, stop=66996, strand=-, nt=[ATGCACAAGT..ATATAATTAA]
19:35:35.419 - INFO - CDS - seq=contig_4, start=67229, stop=67753, strand=-, nt=[ATGCAAACAA..ACGTGCCTAA]
19:35:35.419 - INFO - CDS - seq=contig_4, start=67831, stop=68010, strand=-, nt=[ATGACAACAG..ACAATGGTGA]
19:35:35.419 - INFO - CDS - seq=contig_4, start=68007, stop=68675, strand=-, nt=[GTGGAAACAT..GTCGGAATGA]
19:35:35.419 - INFO - CDS - seq=contig_4, start=68678, stop=69463, strand=-, nt=[TTGACAGTTA..GAAAGGATAA]
19:35:35.419 - INFO - CDS - seq=contig_4, start=69674, stop=70762, strand=-, nt=[ATGAACTGGC..GATGAATTAG]
19:35:35.419 - INFO - CDS - seq=contig_4, start=71120, stop=71353, strand=+, nt=[ATGCTCCGGT..ACATTATTGA]
19:35:35.419 - INFO - CDS - seq=contig_4, start=71347, stop=71823, strand=-, nt=[ATGGCTAATG..AATTCAATAA]
19:35:35.419 - INFO - CDS - seq=contig_4, start=72402, stop=72545, strand=-, nt=[ATGGCATCAT..CGAAAATTAA]
19:35:35.420 - INFO - CDS - seq=contig_4, start=72644, stop=75769, strand=-, nt=[ATGCAACTTA..CTCGGCTTAG]
19:35:35.420 - INFO - CDS - seq=contig_4, start=75769, stop=76890, strand=-, nt=[ATGAGATTCT..GCAGAAATAA]
19:35:35.420 - INFO - CDS - seq=contig_4, start=76951, stop=77577, strand=+, nt=[ATGAACACTT..CTTAGCTTGA]
19:35:35.420 - INFO - CDS - seq=contig_4, start=78023, stop=78799, strand=+, nt=[ATGTTAAAAG..AGGAGAATAA]
19:35:35.420 - INFO - CDS - seq=contig_4, start=78804, stop=79232, strand=+, nt=[ATGGATGTCA..AATGATTTAG]
19:35:35.420 - INFO - CDS - seq=contig_4, start=79277, stop=79795, strand=+, nt=[ATGATTATTG..CCACGACTAA]
19:35:35.420 - INFO - CDS - seq=contig_4, start=79834, stop=80835, strand=+, nt=[ATGACTGTCA..ACACGCCTAA]
19:35:35.420 - INFO - CDS - seq=contig_4, start=80950, stop=81888, strand=+, nt=[ATGATTTTAA..ATCCTATTAA]
19:35:35.420 - INFO - CDS - seq=contig_4, start=81910, stop=82590, strand=+, nt=[ATGTCAACCA..TTTAAACTAA]
19:35:35.420 - INFO - CDS - seq=contig_4, start=83034, stop=83228, strand=+, nt=[ATGACGGCAC..AAGCCGGTAA]
19:35:35.420 - INFO - CDS - seq=contig_4, start=83439, stop=84890, strand=-, nt=[ATGCAAACCA..CGCGGACTAA]
19:35:35.420 - INFO - CDS - seq=contig_4, start=84946, stop=85254, strand=-, nt=[ATGACAGTCA..TCTGAAATAG]
19:35:35.420 - INFO - CDS - seq=contig_4, start=85269, stop=85763, strand=-, nt=[ATGGCTAAGA..TAAAAAATAA]
19:35:35.420 - INFO - CDS - seq=contig_4, start=86068, stop=86787, strand=-, nt=[ATGAAGACAA..AACAATGTAG]
19:35:35.420 - INFO - CDS - seq=contig_4, start=87014, stop=88024, strand=-, nt=[ATGGACGTTT..GTTTGAATAG]
19:35:35.420 - INFO - CDS - seq=contig_4, start=88173, stop=89168, strand=-, nt=[ATGACCACGA..CAGCTTGTAG]
19:35:35.420 - INFO - CDS - seq=contig_4, start=89222, stop=90682, strand=-, nt=[TTGACCGCGA..GGAACTGTAG]
19:35:35.420 - INFO - CDS - seq=contig_4, start=90679, stop=91674, strand=-, nt=[ATGACAATTG..CCGGAATTGA]
19:35:35.420 - INFO - CDS - seq=contig_4, start=91769, stop=92935, strand=-, nt=[GTGAATAGTA..ACTGAACTAA]
19:35:35.420 - INFO - CDS - seq=contig_4, start=93258, stop=93980, strand=+, nt=[ATGTCGAACT..CATCCAATAG]
19:35:35.420 - INFO - CDS - seq=contig_4, start=94242, stop=95759, strand=+, nt=[GTGACAAGTG..GAAAGCCTGA]
19:35:35.420 - INFO - CDS - seq=contig_4, start=95815, stop=97668, strand=+, nt=[ATGGTATTTT..TCCTGAATAG]
19:35:35.420 - INFO - CDS - seq=contig_4, start=97683, stop=98390, strand=+, nt=[ATGTGGACAC..ATTACCATAA]
19:35:35.420 - INFO - CDS - seq=contig_4, start=98501, stop=99082, strand=-, nt=[GTGACAGATG..GATGAAGTAA]
19:35:35.420 - INFO - CDS - seq=contig_4, start=99079, stop=100755, strand=-, nt=[ATGTCACAAC..TCAAGCGTGA]
19:35:35.420 - INFO - CDS - seq=contig_4, start=101226, stop=102875, strand=-, nt=[TTGCTCACAG..AAAGGCGTAA]
19:35:35.420 - INFO - CDS - seq=contig_4, start=103863, stop=104552, strand=+, nt=[ATGAGAAAGT..CAGAGAATAA]
19:35:35.420 - INFO - CDS - seq=contig_4, start=105077, stop=105781, strand=+, nt=[ATGAATCAAG..ACTTAAGTAA]
19:35:35.420 - INFO - CDS - seq=contig_4, start=105950, stop=106099, strand=+, nt=[ATGCTCCTAA..AGATAGTTAA]
19:35:35.420 - INFO - CDS - seq=contig_4, start=106528, stop=106737, strand=+, nt=[ATGGTTGCGC..AAGAAGGTAG]
19:35:35.420 - INFO - CDS - seq=contig_4, start=106762, stop=107037, strand=+, nt=[ATGACATTTC..TAAATCGTAA]
19:35:35.420 - INFO - CDS - seq=contig_4, start=107260, stop=107418, strand=+, nt=[ATGATGCTGT..CAATACGTAG]
19:35:35.420 - INFO - CDS - seq=contig_4, start=107545, stop=107745, strand=+, nt=[ATGATGATGT..AAAAAAATAA]
19:35:35.420 - INFO - CDS - seq=contig_4, start=107880, stop=108068, strand=+, nt=[ATGGATGAAT..TACATGTTAA]
19:35:35.420 - INFO - CDS - seq=contig_4, start=108592, stop=108780, strand=+, nt=[ATGACTAAGA..GCTAATATAA]
19:35:35.420 - INFO - CDS - seq=contig_4, start=108953, stop=109474, strand=-, nt=[GTGAATCTGA..TAAAAAGTAA]
19:35:35.420 - INFO - CDS - seq=contig_4, start=109538, stop=109768, strand=-, nt=[ATGAACCGTT..AGAAAACTGA]
19:35:35.420 - INFO - CDS - seq=contig_4, start=110157, stop=110975, strand=+, nt=[TTGAATAACC..ACTTAATTAG]
19:35:35.420 - INFO - CDS - seq=contig_4, start=110983, stop=111654, strand=-, nt=[TTGATAATTT..TGAATTCTAG]
19:35:35.420 - INFO - CDS - seq=contig_4, start=111784, stop=112725, strand=+, nt=[ATGACCATAA..CGAACTTTAA]
19:35:35.420 - INFO - CDS - seq=contig_4, start=113128, stop=114444, strand=+, nt=[ATGAATTTAG..AAATCGGTAA]
19:35:35.420 - INFO - CDS - seq=contig_4, start=114682, stop=115590, strand=+, nt=[ATGCTTGGAT..AACGTCCTGA]
19:35:35.420 - INFO - CDS - seq=contig_4, start=115815, stop=116141, strand=+, nt=[ATGGCACAAG..TCTCAACTAA]
19:35:35.420 - INFO - CDS - seq=contig_4, start=116352, stop=117020, strand=+, nt=[ATGTCAATTT..TCATGGCTAA]
19:35:35.420 - INFO - CDS - seq=contig_4, start=117013, stop=117792, strand=+, nt=[ATGGCTAAAT..ATTTACCTGA]
19:35:35.420 - INFO - CDS - seq=contig_4, start=118023, stop=118916, strand=+, nt=[ATGGCTATTC..GATTCGCTAA]
19:35:35.420 - INFO - CDS - seq=contig_4, start=118916, stop=119782, strand=+, nt=[ATGCTAGCTT..CCGCGTATAA]
19:35:35.421 - INFO - CDS - seq=contig_4, start=119834, stop=120286, strand=+, nt=[ATGAAAGTTT..AGGATTGTGA]
19:35:35.421 - INFO - CDS - seq=contig_4, start=120297, stop=120704, strand=+, nt=[ATGAGAATCG..GAAGAAGTGA]
19:35:35.421 - INFO - CDS - seq=contig_4, start=121126, stop=123108, strand=+, nt=[TTGAACCAGG..CATTGCTTAA]
19:35:35.421 - INFO - CDS - seq=contig_4, start=123201, stop=125432, strand=-, nt=[TTGGATAACA..CAAGCATTAA]
19:35:35.421 - INFO - CDS - seq=contig_4, start=125670, stop=127025, strand=+, nt=[ATGCAAATGA..TCGGCAATAG]
19:35:35.421 - INFO - CDS - seq=contig_4, start=127204, stop=128049, strand=+, nt=[ATGAAAACAA..AATGATTTAA]
19:35:35.421 - INFO - CDS - seq=contig_4, start=128541, stop=129164, strand=+, nt=[TTGAAAATCT..ACATGTTTGA]
19:35:35.421 - INFO - CDS - seq=contig_4, start=129515, stop=130996, strand=+, nt=[ATGTCTACGA..GCAACCATGA]
19:35:35.421 - INFO - CDS - seq=contig_4, start=131196, stop=131636, strand=+, nt=[ATGGCAGAAC..AGGCGAGTAA]
19:35:35.421 - INFO - CDS - seq=contig_4, start=131788, stop=132225, strand=+, nt=[ATGTCAAAAT..GCAAGCGTGA]
19:35:35.421 - INFO - CDS - seq=contig_4, start=132389, stop=132589, strand=-, nt=[ATGCAAAAAG..CAAGCTTTAA]
19:35:35.421 - INFO - CDS - seq=contig_4, start=132762, stop=134102, strand=-, nt=[ATGTCAGCAG..AGGCATGTAG]
19:35:35.421 - INFO - CDS - seq=contig_4, start=134384, stop=135322, strand=+, nt=[ATGCGGAACA..AGAAGCTTAG]
19:35:35.421 - INFO - CDS - seq=contig_4, start=135448, stop=136923, strand=-, nt=[ATGGGGCAAG..AAAAGATTAA]
19:35:35.421 - INFO - CDS - seq=contig_4, start=137144, stop=138448, strand=-, nt=[ATGTATAAAC..ACAAGTTTAG]
19:35:35.421 - INFO - CDS - seq=contig_4, start=138788, stop=140791, strand=-, nt=[ATGGCAGATA..AGTTGAATAA]
19:35:35.421 - INFO - CDS - seq=contig_4, start=140882, stop=142528, strand=-, nt=[ATGGGATTTC..GAAAGCGTGA]
19:35:35.421 - INFO - CDS - seq=contig_4, start=142752, stop=143468, strand=-, nt=[ATGCGGAAGT..ACGACCATAG]
19:35:35.421 - INFO - CDS - seq=contig_4, start=143754, stop=144998, strand=-, nt=[ATGAGTAAGC..GCAACATTGA]
19:35:35.421 - INFO - CDS - seq=contig_4, start=145160, stop=146941, strand=-, nt=[ATGAAAGACT..GTTTGAATAA]
19:35:35.421 - INFO - CDS - seq=contig_4, start=146946, stop=148664, strand=-, nt=[ATGAGGGTAT..GGGGGTGTGA]
19:35:35.421 - INFO - CDS - seq=contig_4, start=149799, stop=152084, strand=+, nt=[ATGACAACAA..AGTGCTTTAA]
19:35:35.421 - INFO - CDS - seq=contig_4, start=152062, stop=152934, strand=+, nt=[ATGAAAATCA..GAATGCTTAA]
19:35:35.421 - INFO - CDS - seq=contig_4, start=153317, stop=154141, strand=+, nt=[GTGAACACAA..ACTGCCATAA]
19:35:35.421 - INFO - CDS - seq=contig_4, start=154189, stop=154737, strand=+, nt=[ATGCAAACAT..CACAAGCTGA]
19:35:35.421 - INFO - CDS - seq=contig_4, start=154989, stop=155783, strand=+, nt=[ATGGCAGAAC..AACTATTTAA]
19:35:35.421 - INFO - CDS - seq=contig_4, start=155770, stop=157497, strand=+, nt=[ATGAAACTAT..TCAGGAATGA]
19:35:35.421 - INFO - CDS - seq=contig_4, start=157665, stop=158639, strand=+, nt=[ATGCCACGCA..TAAATCATAG]
19:35:35.421 - INFO - CDS - seq=contig_4, start=158715, stop=160736, strand=-, nt=[ATGAAAAAAC..GCCGAAATAG]
19:35:35.421 - INFO - CDS - seq=contig_4, start=160901, stop=161602, strand=-, nt=[ATGAAAATCG..AAAGGGTTAG]
19:35:35.421 - INFO - CDS - seq=contig_4, start=161586, stop=161945, strand=-, nt=[ATGACACGAA..TCGTGACTAA]
19:35:35.421 - INFO - CDS - seq=contig_4, start=162099, stop=162800, strand=-, nt=[ATGAAAAGAG..ACCAGCTTAA]
19:35:35.421 - INFO - CDS - seq=contig_4, start=163639, stop=165636, strand=-, nt=[ATGAAAAAGA..CCCGCAGTAA]
19:35:35.421 - INFO - CDS - seq=contig_4, start=165633, stop=166010, strand=-, nt=[ATGAGACGAA..TAAAAAATGA]
19:35:35.421 - INFO - CDS - seq=contig_4, start=165991, stop=167010, strand=-, nt=[ATGAAAAAGA..ACAAGCCTAG]
19:35:35.421 - INFO - CDS - seq=contig_4, start=167078, stop=167743, strand=-, nt=[ATGAAAAAAG..ACCTAAGTAA]
19:35:35.421 - INFO - CDS - seq=contig_4, start=168834, stop=170222, strand=+, nt=[ATGGAATTAT..AGAAAATTAA]
19:35:35.421 - INFO - CDS - seq=contig_4, start=170496, stop=171407, strand=-, nt=[ATGAAAAAAG..CCCAGATTAA]
19:35:35.421 - INFO - CDS - seq=contig_4, start=172355, stop=173068, strand=+, nt=[ATGTGGAAAA..GCAGCTGTAA]
19:35:35.421 - INFO - CDS - seq=contig_4, start=173100, stop=173912, strand=+, nt=[ATGTTAAAGA..CACTAAATAA]
19:35:35.421 - INFO - CDS - seq=contig_4, start=174014, stop=175150, strand=+, nt=[ATGACCCAAT..GGAGAAATAA]
19:35:35.421 - INFO - CDS - seq=contig_4, start=175415, stop=175960, strand=+, nt=[ATGTCACAAA..TCATGACTAA]
19:35:35.421 - INFO - CDS - seq=contig_4, start=176150, stop=177079, strand=-, nt=[ATGGTGACAG..CGAAGATTAA]
19:35:35.421 - INFO - CDS - seq=contig_4, start=177113, stop=177928, strand=-, nt=[TTGGAAAAAT..CAATCATTAG]
19:35:35.421 - INFO - CDS - seq=contig_4, start=178369, stop=179268, strand=-, nt=[ATGTCATTAA..GCACTCGTAA]
19:35:35.421 - INFO - CDS - seq=contig_4, start=179287, stop=180504, strand=-, nt=[ATGAAAACCA..AGTCCATTAG]
19:35:35.422 - INFO - CDS - seq=contig_4, start=180781, stop=181677, strand=-, nt=[ATGGAGACGT..CGGAGTGTAA]
19:35:35.422 - INFO - CDS - seq=contig_4, start=181774, stop=182607, strand=-, nt=[ATGGCTGATT..TGCCAAGTAA]
19:35:35.422 - INFO - CDS - seq=contig_4, start=182624, stop=183490, strand=-, nt=[ATGACACTTA..GACACACTAA]
19:35:35.422 - INFO - CDS - seq=contig_4, start=183645, stop=184538, strand=+, nt=[ATGAACCTTT..TCGCCAGTAA]
19:35:35.422 - INFO - CDS - seq=contig_4, start=184717, stop=185244, strand=+, nt=[ATGCGTACAC..TTTAATATAA]
19:35:35.422 - INFO - CDS - seq=contig_4, start=185330, stop=186772, strand=-, nt=[GTGGCAGATA..GTTACTTTAG]
19:35:35.422 - INFO - CDS - seq=contig_4, start=187379, stop=189913, strand=-, nt=[ATGACTGAAG..TGTTAAGTAA]
19:35:35.422 - INFO - CDS - seq=contig_4, start=190338, stop=195839, strand=+, nt=[ATGAGCAAGA..CAATTCTTAA]
19:35:35.422 - INFO - CDS - seq=contig_4, start=196381, stop=203076, strand=+, nt=[ATGAACAGAG..AAAAAACTAA]
19:35:35.422 - INFO - CDS - seq=contig_4, start=203266, stop=203895, strand=-, nt=[ATGCCATCAA..TCGGGGATGA]
19:35:35.422 - INFO - CDS - seq=contig_4, start=203834, stop=204982, strand=-, nt=[ATGAAACTAT..GCAACACTAG]
19:35:35.422 - INFO - CDS - seq=contig_4, start=204979, stop=205860, strand=-, nt=[ATGGAAAAGA..CTTCTTATGA]
19:35:35.422 - INFO - CDS - seq=contig_4, start=205963, stop=207078, strand=-, nt=[ATGGACAAGT..CAAAAGCTAA]
19:35:35.422 - INFO - CDS - seq=contig_4, start=207066, stop=207764, strand=-, nt=[ATGCTAAGTG..GACAAGTTAA]
19:35:35.422 - INFO - CDS - seq=contig_4, start=208060, stop=209676, strand=-, nt=[ATGGTTGAAG..TCGCTATTAA]
19:35:35.422 - INFO - CDS - seq=contig_4, start=209669, stop=210403, strand=-, nt=[ATGAAACAAC..CGATGGTTGA]
19:35:35.422 - INFO - CDS - seq=contig_4, start=210594, stop=211670, strand=-, nt=[GTGACAAAAC..ACGATCTTGA]
19:35:35.422 - INFO - CDS - seq=contig_4, start=211744, stop=212748, strand=-, nt=[ATGAAAAAGA..TGGTTTCTAA]
19:35:35.422 - INFO - CDS - seq=contig_4, start=212759, stop=213475, strand=-, nt=[ATGACTAAAT..TGATAATTAG]
19:35:35.422 - INFO - CDS - seq=contig_4, start=213468, stop=216197, strand=-, nt=[GTGACGAAGA..ACATGACTAA]
19:35:35.422 - INFO - CDS - seq=contig_4, start=216456, stop=217040, strand=+, nt=[ATGAGATATG..CGAAATGTGA]
19:35:35.422 - INFO - CDS - seq=contig_4, start=217166, stop=219076, strand=-, nt=[ATGCTAAATA..AAACATGTGA]
19:35:35.422 - INFO - CDS - seq=contig_4, start=219251, stop=219562, strand=+, nt=[ATGAAAGCGG..GGCAGAGTAA]
19:35:35.422 - INFO - CDS - seq=contig_4, start=219586, stop=220824, strand=+, nt=[ATGAAAATAT..GGCAGTTTAA]
19:35:35.422 - INFO - CDS - seq=contig_4, start=220861, stop=221226, strand=+, nt=[ATGACGCAAA..ATCTATCTGA]
19:35:35.422 - INFO - CDS - seq=contig_4, start=221245, stop=222675, strand=+, nt=[ATGAAACAGC..TCTCAGTTGA]
19:35:35.422 - INFO - CDS - seq=contig_4, start=222675, stop=223277, strand=+, nt=[ATGACAGCAA..TAATGAGTGA]
19:35:35.422 - INFO - CDS - seq=contig_4, start=223341, stop=223685, strand=-, nt=[ATGTCACGAG..ATTAGTTTAA]
19:35:35.422 - INFO - CDS - seq=contig_4, start=223831, stop=224853, strand=+, nt=[ATGAAAGCAA..TTGGGCTTAA]
19:35:35.422 - INFO - CDS - seq=contig_4, start=224975, stop=225841, strand=-, nt=[ATGTTAGAAG..TTTGAGTTAG]
19:35:35.422 - INFO - CDS - seq=contig_4, start=226013, stop=226441, strand=+, nt=[ATGTCCAAAT..CGACCGATAG]
19:35:35.422 - INFO - CDS - seq=contig_4, start=226505, stop=227860, strand=-, nt=[ATGCAAAAAC..AGATTTTTAA]
19:35:35.422 - INFO - CDS - seq=contig_4, start=227982, stop=229109, strand=-, nt=[TTGGACGACT..GAGCGTCTAG]
19:35:35.422 - INFO - CDS - seq=contig_4, start=229238, stop=230581, strand=-, nt=[ATGGGCGATG..ATTGTATTAA]
19:35:35.422 - INFO - CDS - seq=contig_4, start=230909, stop=231661, strand=-, nt=[GTGAAGCCAA..TCAAAAATAA]
19:35:35.422 - INFO - CDS - seq=contig_4, start=231691, stop=232440, strand=-, nt=[ATGTCAGATA..TGAAAAATAA]
19:35:35.422 - INFO - CDS - seq=contig_4, start=232653, stop=233720, strand=+, nt=[ATGGAAATCA..CCGACTTTAA]
19:35:35.422 - INFO - CDS - seq=contig_4, start=233876, stop=234889, strand=+, nt=[TTGACTGATT..GACCCTCTAA]
19:35:35.422 - INFO - CDS - seq=contig_4, start=234975, stop=236708, strand=-, nt=[ATGGCAACAA..ATTCTTCTAA]
19:35:35.422 - INFO - CDS - seq=contig_4, start=237295, stop=238176, strand=+, nt=[ATGCCATTAG..AGCACTTTAA]
19:35:35.422 - INFO - CDS - seq=contig_4, start=238248, stop=238823, strand=-, nt=[ATGCTGGCTG..TGATGAGTAA]
19:35:35.423 - INFO - CDS - seq=contig_4, start=238813, stop=239424, strand=-, nt=[ATGCAAGAAA..TGCTGGCTGA]
19:35:35.423 - INFO - CDS - seq=contig_4, start=239607, stop=240770, strand=-, nt=[ATGAAAGAAC..GAGTCGTTAA]
19:35:35.423 - INFO - CDS - seq=contig_4, start=240849, stop=241142, strand=-, nt=[ATGGATATCA..GAAGCTATAA]
19:35:35.423 - INFO - CDS - seq=contig_4, start=241375, stop=242811, strand=+, nt=[ATGGCTCGTA..CAAAACTTGA]
19:35:35.423 - INFO - CDS - seq=contig_4, start=242846, stop=243274, strand=+, nt=[ATGCAAGATG..TAAAGACTAA]
19:35:35.423 - INFO - CDS - seq=contig_4, start=243665, stop=244684, strand=+, nt=[ATGAAGAAAA..TAAACGCTGA]
19:35:35.423 - INFO - CDS - seq=contig_4, start=244671, stop=245252, strand=+, nt=[ATGTTAAACG..GACCGCTTGA]
19:35:35.423 - INFO - CDS - seq=contig_4, start=245302, stop=245670, strand=+, nt=[ATGGCACTAG..AGTAAAGTAA]
19:35:35.423 - INFO - CDS - seq=contig_4, start=245755, stop=246318, strand=+, nt=[ATGTCCACAT..CCCACAATAA]
19:35:35.423 - INFO - CDS - seq=contig_4, start=246414, stop=246542, strand=+, nt=[ATGAAGAAAT..AAGTCGCTAG]
19:35:35.423 - INFO - CDS - seq=contig_4, start=246554, stop=248248, strand=+, nt=[ATGATCAAGC..GTTTGAATAA]
19:35:35.423 - INFO - CDS - seq=contig_4, start=248395, stop=249375, strand=+, nt=[ATGGACTACG..CGACAAATAA]
19:35:35.423 - INFO - CDS - seq=contig_4, start=249495, stop=250511, strand=-, nt=[ATGTGTTCTT..TCAACTGTAG]
19:35:35.423 - INFO - CDS - seq=contig_4, start=250668, stop=251534, strand=-, nt=[ATGAGTCGTT..ACAAAAATAA]
19:35:35.423 - INFO - CDS - seq=contig_4, start=252069, stop=253499, strand=-, nt=[ATGGATGCAA..GCCTCGGTGA]
19:35:35.423 - INFO - CDS - seq=contig_4, start=253521, stop=254720, strand=-, nt=[ATGGCAACGG..AAAGGCTTAA]
19:35:35.423 - INFO - CDS - seq=contig_4, start=254945, stop=257170, strand=-, nt=[ATGAACCGAA..GAATGATTAA]
19:35:35.423 - INFO - CDS - seq=contig_4, start=257519, stop=260251, strand=+, nt=[ATGCGAAACA..TATTGAATAA]
19:35:35.423 - INFO - CDS - seq=contig_4, start=261216, stop=262925, strand=+, nt=[ATGCTGAAAA..CATTGATTAA]
19:35:35.423 - INFO - CDS - seq=contig_4, start=262918, stop=264729, strand=+, nt=[TTGATTAATC..GAAACGATAA]
19:35:35.423 - INFO - CDS - seq=contig_4, start=264912, stop=266600, strand=-, nt=[ATGATGAATG..GCTTCAATAG]
19:35:35.423 - INFO - CDS - seq=contig_4, start=266590, stop=267006, strand=-, nt=[ATGAAACGCA..TGATGAATGA]
19:35:35.423 - INFO - CDS - seq=contig_4, start=267096, stop=269339, strand=-, nt=[TTGAATCAGA..GAATGATTAG]
19:35:35.423 - INFO - CDS - seq=contig_4, start=269369, stop=270220, strand=-, nt=[ATGAGTGATG..AACAAAGTAA]
19:35:35.423 - INFO - CDS - seq=contig_4, start=270213, stop=271022, strand=-, nt=[ATGCCACATA..CGATGAGTGA]
19:35:35.423 - INFO - CDS - seq=contig_4, start=271065, stop=271556, strand=-, nt=[ATGACAGTCG..CATTAAATAA]
19:35:35.423 - INFO - CDS - seq=contig_4, start=271608, stop=272615, strand=-, nt=[ATGGCAACGA..GTCGGTTTAA]
19:35:35.423 - INFO - CDS - seq=contig_4, start=272856, stop=273125, strand=+, nt=[ATGCCCCACT..GGACATTTAA]
19:35:35.423 - INFO - CDS - seq=contig_4, start=273432, stop=274259, strand=+, nt=[GTGACTGCCA..GATTATCTAA]
19:35:35.423 - INFO - CDS - seq=contig_4, start=274623, stop=275993, strand=+, nt=[GTGGACAAGC..GCGATTCTAA]
19:35:35.423 - INFO - CDS - seq=contig_4, start=276284, stop=276652, strand=+, nt=[ATGTATAAAA..AGAAAATTGA]
19:35:35.423 - INFO - CDS - seq=contig_4, start=276652, stop=276912, strand=+, nt=[ATGACGACAT..TACTCAGTGA]
19:35:35.423 - INFO - CDS - seq=contig_4, start=277025, stop=277714, strand=-, nt=[ATGTCAGCTA..CGCAGCATAG]
19:35:35.423 - INFO - CDS - seq=contig_4, start=277719, stop=278780, strand=-, nt=[ATGTATCTTT..TGGAGGTTGA]
19:35:35.423 - INFO - CDS - seq=contig_4, start=278785, stop=279288, strand=-, nt=[ATGGCATCTA..TAAGGAGTGA]
19:35:35.423 - INFO - CDS - seq=contig_4, start=279498, stop=280262, strand=-, nt=[ATGGCGATAT..GGTGAATTGA]
19:35:35.423 - INFO - CDS - seq=contig_4, start=280273, stop=280425, strand=-, nt=[ATGGATAAGG..CAGGTTGTAG]
19:35:35.423 - INFO - CDS - seq=contig_4, start=280593, stop=281123, strand=-, nt=[ATGGCACAGG..GGTCGGATAA]
19:35:35.423 - INFO - CDS - seq=contig_4, start=281525, stop=282793, strand=+, nt=[ATGCAGCCTT..GTGGGATTAA]
19:35:35.423 - INFO - CDS - seq=contig_4, start=282918, stop=283562, strand=-, nt=[TTGAATCAGT..CAAGGATTGA]
19:35:35.423 - INFO - CDS - seq=contig_4, start=283731, stop=284054, strand=+, nt=[ATGCCTTCTT..CTCAATATAG]
19:35:35.423 - INFO - CDS - seq=contig_4, start=284398, stop=285573, strand=-, nt=[ATGAAAAATG..GGGAGCTTAA]
19:35:35.423 - INFO - CDS - seq=contig_4, start=285655, stop=287580, strand=-, nt=[ATGGAGGCCT..CATTTCCTGA]
19:35:35.423 - INFO - CDS - seq=contig_4, start=287643, stop=288446, strand=-, nt=[ATGACAGAAT..GACCAGATAA]
19:35:35.423 - INFO - CDS - seq=contig_4, start=288662, stop=289435, strand=+, nt=[GTGTTAAAAA..AAAAGAGTAA]
19:35:35.423 - INFO - CDS - seq=contig_4, start=289556, stop=290119, strand=-, nt=[ATGGAAGCAA..TTTGGAATAG]
19:35:35.423 - INFO - CDS - seq=contig_4, start=290135, stop=290782, strand=-, nt=[ATGAAGTTGC..AAGCGCTTAA]
19:35:35.424 - INFO - CDS - seq=contig_4, start=290956, stop=291717, strand=+, nt=[ATGGCAAAAT..CACGGTCTGA]
19:35:35.424 - INFO - CDS - seq=contig_4, start=291755, stop=292417, strand=+, nt=[GTGCGCTGTA..GTTGCAATAA]
19:35:35.424 - INFO - CDS - seq=contig_4, start=292781, stop=293041, strand=+, nt=[ATGGGACTAG..GGTTGCCTAA]
19:35:35.424 - INFO - CDS - seq=contig_4, start=293497, stop=293814, strand=-, nt=[ATGACAATTG..TAAAAAGTGA]
19:35:35.424 - INFO - CDS - seq=contig_4, start=293848, stop=294693, strand=-, nt=[ATGGAAACGA..GTCTTACTAA]
19:35:35.424 - INFO - CDS - seq=contig_4, start=294696, stop=295049, strand=-, nt=[ATGTTACTCA..GGATATTTGA]
19:35:35.424 - INFO - CDS - seq=contig_4, start=295810, stop=296304, strand=-, nt=[ATGGCAATTT..TGGGTATTAA]
19:35:35.424 - INFO - CDS - seq=contig_4, start=296317, stop=296754, strand=-, nt=[ATGAAATATT..CGATATTTAA]
19:35:35.424 - INFO - CDS - seq=contig_4, start=297038, stop=299572, strand=+, nt=[TTGAACGCAG..TGTGGCGTGA]
19:35:35.424 - INFO - CDS - seq=contig_4, start=299809, stop=299913, strand=-, nt=[ATGTTGAAAA..GCAGATATAG]
19:35:35.424 - INFO - CDS - seq=contig_4, start=299867, stop=300178, strand=-, nt=[ATGAACGAAA..CCTTTTTTAG]
19:35:35.424 - INFO - CDS - seq=contig_4, start=300962, stop=301177, strand=-, nt=[ATGGCGATTT..AATTGATTAA]
19:35:35.424 - INFO - CDS - seq=contig_4, start=301355, stop=302182, strand=-, nt=[ATGAACTCAC..CCGAGGATGA]
19:35:35.424 - INFO - CDS - seq=contig_4, start=302179, stop=303879, strand=-, nt=[ATGGCAGCAC..GCGCCAATGA]
19:35:35.424 - INFO - CDS - seq=contig_4, start=303881, stop=304441, strand=-, nt=[ATGCGTGATC..AGAGTCTTAA]
19:35:35.424 - INFO - CDS - seq=contig_4, start=304533, stop=305375, strand=-, nt=[ATGGCAAAGT..TTCGGTATAA]
19:35:35.424 - INFO - CDS - seq=contig_4, start=305649, stop=306536, strand=-, nt=[ATGAATCTTA..TACTTTGTAG]
19:35:35.424 - INFO - CDS - seq=contig_4, start=306690, stop=307967, strand=+, nt=[ATGAACTTTG..GGTAAACTAA]
19:35:35.424 - INFO - CDS - seq=contig_4, start=307969, stop=309453, strand=+, nt=[ATGCAAACCA..CTTTAAATAA]
19:35:35.424 - INFO - CDS - seq=contig_4, start=309620, stop=310513, strand=-, nt=[ATGCCACTTG..GTATTTCTGA]
19:35:35.424 - INFO - CDS - seq=contig_4, start=310702, stop=311550, strand=-, nt=[ATGGCTGATC..TTTGAAGTAA]
19:35:35.424 - INFO - CDS - seq=contig_4, start=311569, stop=312402, strand=-, nt=[ATGGCAATTT..GGACGACTGA]
19:35:35.424 - INFO - CDS - seq=contig_4, start=312416, stop=312910, strand=-, nt=[ATGATTATCA..AAAGGAATAG]
19:35:35.424 - INFO - CDS - seq=contig_4, start=312910, stop=313326, strand=-, nt=[ATGGAAATAA..CGATTTCTGA]
19:35:35.424 - INFO - CDS - seq=contig_4, start=313357, stop=314157, strand=-, nt=[ATGTCAGATT..GCGTGGTTAA]
19:35:35.424 - INFO - CDS - seq=contig_4, start=314294, stop=315250, strand=+, nt=[ATGTCAAATT..CTTGTCCTAA]
19:35:35.424 - INFO - CDS - seq=contig_4, start=315381, stop=316619, strand=+, nt=[ATGCAAAGCA..CGATGCTTAG]
19:35:35.424 - INFO - CDS - seq=contig_4, start=316787, stop=317527, strand=-, nt=[ATGAAGGGAG..AGTTAAATGA]
19:35:35.424 - INFO - CDS - seq=contig_4, start=317624, stop=318187, strand=-, nt=[ATGACAGATC..TTTGGAGTAA]
19:35:35.424 - INFO - CDS - seq=contig_4, start=318184, stop=318846, strand=-, nt=[TTGACCAAAA..CAGACAATGA]
19:35:35.424 - INFO - CDS - seq=contig_4, start=318859, stop=319869, strand=-, nt=[ATGAGTGACT..AACCTTTTAG]
19:35:35.424 - INFO - CDS - seq=contig_4, start=319890, stop=320534, strand=-, nt=[TTGTCGCTAT..AGTTGCTTAA]
19:35:35.424 - INFO - CDS - seq=contig_4, start=320549, stop=321724, strand=-, nt=[ATGAAAAAAA..AACGAACTGA]
19:35:35.424 - INFO - CDS - seq=contig_4, start=321743, stop=322618, strand=-, nt=[ATGGCTGAAT..ACTAAGTTAA]
19:35:35.424 - INFO - CDS - seq=contig_4, start=322618, stop=323367, strand=-, nt=[ATGTTGGGTG..GACTTTATAA]
19:35:35.424 - INFO - CDS - seq=contig_4, start=323369, stop=323872, strand=-, nt=[ATGCTGGATG..AGGGGAATAA]
19:35:35.424 - INFO - CDS - seq=contig_4, start=323872, stop=324318, strand=-, nt=[ATGGGTAATT..GGAATTGTAA]
19:35:35.424 - INFO - CDS - seq=contig_4, start=324311, stop=325111, strand=-, nt=[ATGACAAATT..CCATGGGTAA]
19:35:35.424 - INFO - CDS - seq=contig_4, start=325318, stop=327261, strand=-, nt=[ATGCGTATTG..TATTATCTAA]
19:35:35.424 - INFO - CDS - seq=contig_4, start=327301, stop=328167, strand=-, nt=[ATGCTCTATA..CCTGTACTAG]
19:35:35.424 - INFO - CDS - seq=contig_4, start=328157, stop=330022, strand=-, nt=[ATGAACGAGA..TGCTCTATAA]
19:35:35.425 - INFO - CDS - seq=contig_4, start=330377, stop=332101, strand=-, nt=[ATGTTACCCC..TGACGGCTGA]
19:35:35.425 - INFO - CDS - seq=contig_4, start=332103, stop=333305, strand=-, nt=[ATGTCTCTGC..TAAAGGATAA]
19:35:35.425 - INFO - CDS - seq=contig_4, start=333334, stop=334881, strand=-, nt=[ATGATGGCTG..AAAGAAATAG]
19:35:35.425 - INFO - CDS - seq=contig_4, start=334918, stop=335361, strand=-, nt=[ATGGCAATGT..GATCCAATAA]
19:35:35.425 - INFO - CDS - seq=contig_4, start=335544, stop=337010, strand=-, nt=[ATGACAAACG..ACTTGCATAA]
19:35:35.425 - INFO - CDS - seq=contig_4, start=337129, stop=337815, strand=-, nt=[ATGAAACGAT..GTTGTCATAA]
19:35:35.425 - INFO - CDS - seq=contig_4, start=337822, stop=338796, strand=-, nt=[ATGACGAGTG..GGAGGTGTAG]
19:35:35.425 - INFO - CDS - seq=contig_4, start=338819, stop=339904, strand=-, nt=[ATGAAAAAGA..TTCGGATTGA]
19:35:35.425 - INFO - CDS - seq=contig_4, start=339920, stop=340237, strand=-, nt=[ATGAAGATCG..GTCCAGTTAA]
19:35:35.425 - INFO - CDS - seq=contig_4, start=340234, stop=340707, strand=-, nt=[ATGGAACAGA..AGGACAATGA]
19:35:35.425 - INFO - CDS - seq=contig_4, start=340737, stop=341678, strand=-, nt=[ATGTTAGTAT..TAGTGCTTGA]
19:35:35.425 - INFO - CDS - seq=contig_4, start=341680, stop=342150, strand=-, nt=[ATGGGTAAGA..GGAAGAATAA]
19:35:35.425 - INFO - CDS - seq=contig_4, start=342152, stop=343609, strand=-, nt=[ATGACCACCG..GGGGCGATGA]
19:35:35.425 - INFO - CDS - seq=contig_4, start=344019, stop=345314, strand=-, nt=[ATGGATCAAT..ATCGAGATGA]
19:35:35.425 - INFO - CDS - seq=contig_4, start=345356, stop=348094, strand=-, nt=[ATGAGTTTTG..TCAGCTATAG]
19:35:35.425 - INFO - CDS - seq=contig_5, start=206, stop=496, strand=-, frame=3, truncated=no, start-type=ATG, RBS-motif=GGxGG
19:35:35.425 - INFO - CDS - seq=contig_5, start=498, stop=2933, strand=-, frame=2, truncated=no, start-type=ATG, RBS-motif=AGGAG/GGAGG
19:35:35.425 - INFO - CDS - seq=contig_5, start=2934, stop=4958, strand=-, frame=2, truncated=no, start-type=TTG, RBS-motif=3Base/5BMM
19:35:35.425 - INFO - CDS - seq=contig_5, start=4961, stop=8050, strand=-, frame=3, truncated=no, start-type=ATG, RBS-motif=AGGAGG
19:35:35.425 - INFO - CDS - seq=contig_5, start=8043, stop=8450, strand=-, frame=2, truncated=no, start-type=TTG, RBS-motif=None
19:35:35.425 - INFO - CDS - seq=contig_5, start=8501, stop=8833, strand=-, frame=3, truncated=no, start-type=ATG, RBS-motif=AGGA
19:35:35.425 - INFO - CDS - seq=contig_5, start=8919, stop=9521, strand=-, frame=2, truncated=no, start-type=ATG, RBS-motif=AGGAGG
19:35:35.425 - INFO - CDS - seq=contig_5, start=9533, stop=9937, strand=-, frame=3, truncated=no, start-type=GTG, RBS-motif=AGxAG
19:35:35.425 - INFO - CDS - seq=contig_5, start=9938, stop=10303, strand=-, frame=3, truncated=no, start-type=ATG, RBS-motif=GGA/GAG/AGG
19:35:35.425 - INFO - CDS - seq=contig_5, start=10300, stop=10602, strand=-, frame=1, truncated=no, start-type=ATG, RBS-motif=GGAG/GAGG
19:35:35.425 - INFO - CDS - seq=contig_5, start=10607, stop=10981, strand=-, frame=3, truncated=no, start-type=ATG, RBS-motif=AGGAGG
19:35:35.425 - INFO - CDS - seq=contig_5, start=11209, stop=12222, strand=-, frame=1, truncated=no, start-type=ATG, RBS-motif=GGAG/GAGG
19:35:35.425 - INFO - CDS - seq=contig_5, start=12238, stop=12891, strand=-, frame=1, truncated=no, start-type=ATG, RBS-motif=AGGAG
19:35:35.425 - INFO - CDS - seq=contig_5, start=13016, stop=14008, strand=-, frame=3, truncated=no, start-type=ATG, RBS-motif=GGxGG
19:35:35.425 - INFO - CDS - seq=contig_5, start=13974, stop=15401, strand=-, frame=2, truncated=no, start-type=GTG, RBS-motif=None
19:35:35.425 - INFO - CDS - seq=contig_5, start=15406, stop=16665, strand=-, frame=1, truncated=no, start-type=ATG, RBS-motif=AGGA
19:35:35.426 - INFO - CDS - seq=contig_5, start=16643, stop=17224, strand=-, frame=3, truncated=no, start-type=GTG, RBS-motif=AGGAG/GGAGG
19:35:35.426 - INFO - CDS - seq=contig_5, start=17258, stop=17581, strand=-, frame=3, truncated=no, start-type=ATG, RBS-motif=GGAG/GAGG
19:35:35.426 - INFO - CDS - seq=contig_5, start=17574, stop=17867, strand=-, frame=2, truncated=no, start-type=ATG, RBS-motif=GGA/GAG/AGG
19:35:35.426 - INFO - CDS - seq=contig_5, start=17913, stop=18722, strand=-, frame=2, truncated=no, start-type=ATG, RBS-motif=GGAGG
19:35:35.426 - INFO - CDS - seq=contig_5, start=19129, stop=19500, strand=-, frame=1, truncated=no, start-type=ATG, RBS-motif=AGGA/GGAG/GAGG
19:35:35.426 - INFO - CDS - seq=contig_5, start=19478, stop=20545, strand=-, frame=3, truncated=no, start-type=ATG, RBS-motif=GGAG/GAGG
19:35:35.426 - INFO - CDS - seq=contig_5, start=21169, stop=21603, strand=-, frame=1, truncated=no, start-type=GTG, RBS-motif=AGGAG
19:35:35.426 - INFO - CDS - seq=contig_5, start=21677, stop=21898, strand=-, frame=3, truncated=no, start-type=ATG, RBS-motif=GGAG/GAGG
19:35:35.426 - INFO - CDS - seq=contig_5, start=21970, stop=22098, strand=-, frame=1, truncated=no, start-type=ATG, RBS-motif=GGAGG
19:35:35.426 - INFO - CDS - seq=contig_5, start=22095, stop=22451, strand=-, frame=2, truncated=no, start-type=ATG, RBS-motif=GGAG/GAGG
19:35:35.426 - INFO - CDS - seq=contig_5, start=22441, stop=22659, strand=-, frame=1, truncated=no, start-type=ATG, RBS-motif=AGxAGG/AGGxGG
19:35:35.426 - INFO - CDS - seq=contig_5, start=22662, stop=23039, strand=-, frame=2, truncated=no, start-type=ATG, RBS-motif=GGAG/GAGG
19:35:35.426 - INFO - CDS - seq=contig_5, start=23026, stop=23589, strand=-, frame=1, truncated=no, start-type=ATG, RBS-motif=GGAG/GAGG
19:35:35.426 - INFO - CDS - seq=contig_5, start=23586, stop=23696, strand=-, frame=2, truncated=no, start-type=ATG, RBS-motif=GGAGG
19:35:35.426 - INFO - CDS - seq=contig_5, start=23720, stop=24298, strand=-, frame=3, truncated=no, start-type=ATG, RBS-motif=GGAG/GAGG
19:35:35.426 - INFO - CDS - seq=contig_5, start=24309, stop=25232, strand=-, frame=2, truncated=no, start-type=TTG, RBS-motif=AGGAGG
19:35:35.426 - INFO - CDS - seq=contig_5, start=25219, stop=25929, strand=-, frame=1, truncated=no, start-type=ATG, RBS-motif=GGAG/GAGG
19:35:35.426 - INFO - CDS - seq=contig_5, start=25941, stop=26324, strand=-, frame=2, truncated=no, start-type=ATG, RBS-motif=GGA/GAG/AGG
19:35:35.426 - INFO - CDS - seq=contig_5, start=26327, stop=26776, strand=-, frame=3, truncated=no, start-type=ATG, RBS-motif=AGGAGG
19:35:35.426 - INFO - CDS - seq=contig_5, start=26773, stop=27105, strand=-, frame=1, truncated=no, start-type=GTG, RBS-motif=AGxAGG/AGGxGG
19:35:35.426 - INFO - CDS - seq=contig_5, start=27102, stop=27884, strand=-, frame=2, truncated=no, start-type=ATG, RBS-motif=AGGAG
19:35:35.426 - INFO - CDS - seq=contig_5, start=27871, stop=28722, strand=-, frame=1, truncated=no, start-type=ATG, RBS-motif=AGGAGG
19:35:35.426 - INFO - CDS - seq=contig_5, start=28738, stop=29562, strand=-, frame=1, truncated=no, start-type=ATG, RBS-motif=None
19:35:35.426 - INFO - CDS - seq=contig_5, start=29519, stop=30385, strand=-, frame=3, truncated=no, start-type=ATG, RBS-motif=AGGAGG
19:35:35.426 - INFO - CDS - seq=contig_5, start=30398, stop=30805, strand=-, frame=3, truncated=no, start-type=ATG, RBS-motif=AGxAGG/AGGxGG
19:35:35.426 - INFO - CDS - seq=contig_5, start=30798, stop=30917, strand=-, frame=2, truncated=no, start-type=ATG, RBS-motif=AGGAGG
19:35:35.426 - INFO - CDS - seq=contig_5, start=30905, stop=31033, strand=-, frame=3, truncated=no, start-type=ATG, RBS-motif=AGGAGG
19:35:35.427 - INFO - CDS - seq=contig_5, start=31046, stop=31267, strand=-, frame=3, truncated=no, start-type=ATG, RBS-motif=AGGA
19:35:35.427 - INFO - CDS - seq=contig_5, start=31246, stop=31794, strand=-, frame=1, truncated=no, start-type=ATG, RBS-motif=AGGA
19:35:35.427 - INFO - CDS - seq=contig_5, start=31860, stop=32006, strand=-, frame=2, truncated=no, start-type=ATG, RBS-motif=AGGAGG
19:35:35.427 - INFO - CDS - seq=contig_5, start=32094, stop=32303, strand=+, frame=3, truncated=no, start-type=ATG, RBS-motif=GGAGG
19:35:35.427 - INFO - CDS - seq=contig_5, start=32300, stop=32611, strand=-, frame=3, truncated=no, start-type=ATG, RBS-motif=AGGAGG
19:35:35.427 - INFO - CDS - seq=contig_5, start=32608, stop=32871, strand=-, frame=1, truncated=no, start-type=ATG, RBS-motif=AGGA
19:35:35.427 - INFO - CDS - seq=contig_5, start=33035, stop=33493, strand=+, frame=2, truncated=no, start-type=ATG, RBS-motif=GGAG/GAGG
19:35:35.427 - INFO - CDS - seq=contig_5, start=33512, stop=33958, strand=+, frame=2, truncated=no, start-type=TTG, RBS-motif=AGxAGG/AGGxGG
19:35:35.427 - INFO - CDS - seq=contig_5, start=33982, stop=34845, strand=+, frame=1, truncated=no, start-type=ATG, RBS-motif=GGAG/GAGG
19:35:35.427 - INFO - CDS - seq=contig_5, start=34869, stop=35459, strand=+, frame=3, truncated=no, start-type=ATG, RBS-motif=GGAGG
19:35:35.427 - INFO - CDS - seq=contig_5, start=35794, stop=36219, strand=+, frame=1, truncated=no, start-type=ATG, RBS-motif=AGGAG
19:35:35.427 - INFO - CDS - seq=contig_5, start=36243, stop=36446, strand=+, frame=3, truncated=no, start-type=ATG, RBS-motif=GGAG/GAGG
19:35:35.427 - INFO - CDS - seq=contig_5, start=36536, stop=37720, strand=+, frame=2, truncated=no, start-type=ATG, RBS-motif=AGGAG
19:35:35.427 - INFO - CDS - seq=contig_5, start=37846, stop=39186, strand=-, frame=1, truncated=no, start-type=ATG, RBS-motif=AGGAGG
19:35:35.427 - INFO - CDS - seq=contig_5, start=39400, stop=40257, strand=-, frame=1, truncated=no, start-type=ATG, RBS-motif=GGAG/GAGG
19:35:35.427 - INFO - CDS - seq=contig_5, start=40429, stop=41034, strand=-, frame=1, truncated=no, start-type=ATG, RBS-motif=GGAGG
19:35:35.427 - INFO - CDS - seq=contig_5, start=41500, stop=43755, strand=+, frame=1, truncated=no, start-type=TTG, RBS-motif=AGGAG
19:35:35.427 - INFO - CDS - seq=contig_5, start=43841, stop=44587, strand=+, frame=2, truncated=no, start-type=ATG, RBS-motif=AGGA/GGAG/GAGG
19:35:35.427 - INFO - CDS - seq=contig_5, start=44597, stop=45166, strand=+, frame=2, truncated=no, start-type=ATG, RBS-motif=AGGAG
19:35:35.427 - INFO - CDS - seq=contig_5, start=45288, stop=46583, strand=-, frame=2, truncated=no, start-type=GTG, RBS-motif=AGGAGG
19:35:35.427 - INFO - CDS - seq=contig_5, start=46653, stop=47762, strand=-, frame=2, truncated=no, start-type=GTG, RBS-motif=GGAG/GAGG
19:35:35.427 - INFO - CDS - seq=contig_5, start=47783, stop=49111, strand=-, frame=3, truncated=no, start-type=ATG, RBS-motif=AGGAG/GGAGG
19:35:35.427 - INFO - CDS - seq=contig_5, start=49118, stop=49696, strand=-, frame=3, truncated=no, start-type=GTG, RBS-motif=AGGAG
19:35:35.427 - INFO - CDS - seq=contig_5, start=49887, stop=50522, strand=-, frame=2, truncated=no, start-type=TTG, RBS-motif=AGGAG
19:35:35.427 - INFO - CDS - seq=contig_5, start=50528, stop=51010, strand=-, frame=3, truncated=no, start-type=ATG, RBS-motif=AGxAGG/AGGxGG
19:35:35.428 - INFO - CDS - seq=contig_5, start=51252, stop=51452, strand=-, frame=2, truncated=no, start-type=ATG, RBS-motif=AGGAGG
19:35:35.428 - INFO - CDS - seq=contig_5, start=52136, stop=52363, strand=-, frame=3, truncated=no, start-type=GTG, RBS-motif=GGA/GAG/AGG
19:35:35.428 - INFO - CDS - seq=contig_5, start=52412, stop=53377, strand=-, frame=3, truncated=no, start-type=ATG, RBS-motif=GGAGG
19:35:35.428 - INFO - CDS - seq=contig_5, start=53505, stop=54143, strand=+, frame=3, truncated=no, start-type=ATG, RBS-motif=AGGAG
19:35:35.428 - INFO - CDS - seq=contig_5, start=54230, stop=55159, strand=+, frame=2, truncated=no, start-type=ATG, RBS-motif=AGGAGG
19:35:35.428 - INFO - CDS - seq=contig_5, start=55511, stop=57250, strand=-, frame=3, truncated=no, start-type=ATG, RBS-motif=GGAGG
19:35:35.428 - INFO - CDS - seq=contig_5, start=57561, stop=60224, strand=+, frame=3, truncated=no, start-type=ATG, RBS-motif=AGGAG/GGAGG
19:35:35.428 - INFO - CDS - seq=contig_5, start=60889, stop=61719, strand=+, frame=1, truncated=no, start-type=ATG, RBS-motif=GGA/GAG/AGG
19:35:35.428 - INFO - CDS - seq=contig_5, start=61807, stop=63660, strand=+, frame=1, truncated=no, start-type=ATG, RBS-motif=AGGAGG
19:35:35.428 - INFO - CDS - seq=contig_5, start=63741, stop=65189, strand=+, frame=3, truncated=no, start-type=ATG, RBS-motif=AGGAG
19:35:35.428 - INFO - CDS - seq=contig_5, start=65593, stop=66333, strand=-, frame=1, truncated=no, start-type=ATG, RBS-motif=AGGAGG
19:35:35.428 - INFO - CDS - seq=contig_5, start=67097, stop=68719, strand=-, frame=3, truncated=no, start-type=ATG, RBS-motif=GGAG/GAGG
19:35:35.428 - INFO - CDS - seq=contig_5, start=68733, stop=69053, strand=-, frame=2, truncated=no, start-type=ATG, RBS-motif=AGGAGG
19:35:35.428 - INFO - CDS - seq=contig_5, start=69028, stop=70071, strand=-, frame=1, truncated=no, start-type=ATG, RBS-motif=3Base/5BMM
19:35:35.428 - INFO - CDS - seq=contig_5, start=70168, stop=70905, strand=-, frame=1, truncated=no, start-type=ATG, RBS-motif=GGAG/GAGG
19:35:35.428 - INFO - CDS - seq=contig_5, start=71585, stop=72322, strand=-, frame=3, truncated=no, start-type=ATG, RBS-motif=None
19:35:35.428 - INFO - CDS - seq=contig_5, start=72941, stop=76105, strand=-, frame=3, truncated=no, start-type=GTG, RBS-motif=3Base/5BMM
19:35:35.428 - INFO - CDS - seq=contig_5, start=76102, stop=82740, strand=-, frame=1, truncated=no, start-type=ATG, RBS-motif=3Base/5BMM
19:35:35.428 - INFO - CDS - seq=contig_5, start=83226, stop=83405, strand=-, frame=2, truncated=no, start-type=ATG, RBS-motif=AGGAG(G)/GGAGG
19:35:35.428 - INFO - CDS - seq=contig_5, start=83919, stop=84785, strand=-, frame=2, truncated=no, start-type=ATG, RBS-motif=GGAGG
19:35:35.428 - INFO - CDS - seq=contig_5, start=84775, stop=86217, strand=-, frame=1, truncated=no, start-type=ATG, RBS-motif=AGGAG
19:35:35.428 - INFO - CDS - seq=contig_5, start=86245, stop=86994, strand=-, frame=1, truncated=no, start-type=ATG, RBS-motif=GGAG/GAGG
19:35:35.428 - INFO - CDS - seq=contig_5, start=87015, stop=88628, strand=-, frame=2, truncated=no, start-type=GTG, RBS-motif=AGxAGG/AGGxGG
19:35:35.429 - INFO - CDS - seq=contig_5, start=88621, stop=90234, strand=-, frame=1, truncated=no, start-type=ATG, RBS-motif=GGAGG
19:35:35.429 - INFO - CDS - seq=contig_5, start=90249, stop=91472, strand=-, frame=2, truncated=no, start-type=GTG, RBS-motif=AGxAGG/AGGxGG
19:35:35.429 - INFO - CDS - seq=contig_5, start=91532, stop=93919, strand=-, frame=3, truncated=no, start-type=TTG, RBS-motif=AGGAG
19:35:35.429 - INFO - CDS - seq=contig_5, start=94006, stop=94194, strand=+, frame=1, truncated=no, start-type=ATG, RBS-motif=None
19:35:35.429 - INFO - CDS - seq=contig_5, start=94298, stop=95227, strand=+, frame=2, truncated=no, start-type=ATG, RBS-motif=AGGAG(G)/GGAGG
19:35:35.429 - INFO - CDS - seq=contig_5, start=95273, stop=96181, strand=+, frame=2, truncated=no, start-type=TTG, RBS-motif=AGxAGG/AGGxGG
19:35:35.429 - INFO - CDS - seq=contig_5, start=96217, stop=97119, strand=+, frame=1, truncated=no, start-type=ATG, RBS-motif=GGAGG
19:35:35.429 - INFO - CDS - seq=contig_5, start=97285, stop=98187, strand=+, frame=1, truncated=no, start-type=ATG, RBS-motif=GGAGG
19:35:35.429 - INFO - CDS - seq=contig_5, start=98292, stop=99206, strand=-, frame=2, truncated=no, start-type=GTG, RBS-motif=GGA/GAG/AGG
19:35:35.429 - INFO - CDS - seq=contig_5, start=99364, stop=100437, strand=-, frame=1, truncated=no, start-type=GTG, RBS-motif=GGA/GAG/AGG
19:35:35.429 - INFO - CDS - seq=contig_5, start=100816, stop=101025, strand=+, frame=1, truncated=no, start-type=ATG, RBS-motif=AGGAGG
19:35:35.429 - INFO - CDS - seq=contig_5, start=101041, stop=101298, strand=+, frame=1, truncated=no, start-type=ATG, RBS-motif=GGAGG
19:35:35.429 - INFO - CDS - seq=contig_5, start=101517, stop=102578, strand=-, frame=2, truncated=no, start-type=ATG, RBS-motif=GGAG/GAGG
19:35:35.429 - INFO - CDS - seq=contig_5, start=102857, stop=103681, strand=-, frame=3, truncated=no, start-type=TTG, RBS-motif=GGAGG
19:35:35.429 - INFO - CDS - seq=contig_5, start=103914, stop=104837, strand=+, frame=3, truncated=no, start-type=ATG, RBS-motif=GGAG/GAGG
19:35:35.429 - INFO - CDS - seq=contig_5, start=105090, stop=105551, strand=+, frame=3, truncated=no, start-type=ATG, RBS-motif=AGGA/GGAG/GAGG
19:35:35.429 - INFO - CDS - seq=contig_5, start=105637, stop=106644, strand=-, frame=1, truncated=no, start-type=ATG, RBS-motif=AGGAGG
19:35:35.429 - INFO - CDS - seq=contig_5, start=106785, stop=108158, strand=-, frame=2, truncated=no, start-type=ATG, RBS-motif=GGAG/GAGG
19:35:35.429 - INFO - CDS - seq=contig_5, start=108548, stop=109156, strand=-, frame=3, truncated=no, start-type=ATG, RBS-motif=GGA/GAG/AGG
19:35:35.429 - INFO - CDS - seq=contig_5, start=109481, stop=110716, strand=+, frame=2, truncated=no, start-type=ATG, RBS-motif=GGAGG
19:35:35.429 - INFO - CDS - seq=contig_5, start=110871, stop=112649, strand=-, frame=2, truncated=no, start-type=ATG, RBS-motif=AGxAGG/AGGxGG
19:35:35.429 - INFO - CDS - seq=contig_5, start=112735, stop=113457, strand=-, frame=1, truncated=no, start-type=ATG, RBS-motif=AGGAG
19:35:35.429 - INFO - CDS - seq=contig_5, start=113755, stop=114177, strand=-, frame=1, truncated=no, start-type=ATG, RBS-motif=GGAG/GAGG
19:35:35.429 - INFO - CDS - seq=contig_5, start=114251, stop=114619, strand=-, frame=3, truncated=no, start-type=ATG, RBS-motif=AGGA
19:35:35.430 - INFO - CDS - seq=contig_5, start=114619, stop=115905, strand=-, frame=1, truncated=no, start-type=GTG, RBS-motif=GGAG/GAGG
19:35:35.430 - INFO - CDS - seq=contig_5, start=115919, stop=116872, strand=-, frame=3, truncated=no, start-type=ATG, RBS-motif=AGxAGG/AGGxGG
19:35:35.430 - INFO - CDS - seq=contig_5, start=117219, stop=117575, strand=+, frame=3, truncated=no, start-type=ATG, RBS-motif=GGAGG
19:35:35.430 - INFO - CDS - seq=contig_5, start=117787, stop=118143, strand=-, frame=1, truncated=no, start-type=ATG, RBS-motif=GGAG/GAGG
19:35:35.430 - INFO - CDS - seq=contig_5, start=118276, stop=119013, strand=-, frame=1, truncated=no, start-type=GTG, RBS-motif=AGGAGG
19:35:35.430 - INFO - CDS - seq=contig_5, start=119520, stop=119714, strand=+, frame=3, truncated=no, start-type=ATG, RBS-motif=AGGAG
19:35:35.430 - INFO - CDS - seq=contig_5, start=119799, stop=120725, strand=+, frame=3, truncated=no, start-type=ATG, RBS-motif=AGGAG
19:35:35.430 - INFO - CDS - seq=contig_5, start=120983, stop=121855, strand=+, frame=2, truncated=no, start-type=ATG, RBS-motif=GGAG/GAGG
19:35:35.430 - INFO - CDS - seq=contig_5, start=122153, stop=122605, strand=+, frame=2, truncated=no, start-type=ATG, RBS-motif=AGGAGG
19:35:35.430 - INFO - CDS - seq=contig_5, start=122690, stop=124105, strand=-, frame=3, truncated=no, start-type=ATG, RBS-motif=GGA/GAG/AGG
19:35:35.430 - INFO - CDS - seq=contig_5, start=124234, stop=126138, strand=-, frame=1, truncated=no, start-type=ATG, RBS-motif=AGGAGG
19:35:35.430 - INFO - CDS - seq=contig_5, start=126307, stop=127182, strand=+, frame=1, truncated=no, start-type=ATG, RBS-motif=GGAG/GAGG
19:35:35.430 - INFO - CDS - seq=contig_5, start=127262, stop=128074, strand=-, frame=3, truncated=no, start-type=TTG, RBS-motif=GGAG/GAGG
19:35:35.430 - INFO - CDS - seq=contig_5, start=128127, stop=129371, strand=-, frame=2, truncated=no, start-type=ATG, RBS-motif=GGA/GAG/AGG
19:35:35.430 - INFO - CDS - seq=contig_5, start=129932, stop=131296, strand=-, frame=3, truncated=no, start-type=TTG, RBS-motif=AGGA
19:35:35.430 - INFO - CDS - seq=contig_5, start=131298, stop=132332, strand=-, frame=2, truncated=no, start-type=ATG, RBS-motif=AGGAG
19:35:35.430 - INFO - CDS - seq=contig_5, start=132605, stop=134035, strand=-, frame=3, truncated=no, start-type=ATG, RBS-motif=GGxGG
19:35:35.430 - INFO - CDS - seq=contig_5, start=134037, stop=135491, strand=-, frame=2, truncated=no, start-type=GTG, RBS-motif=AGGAGG
19:35:35.430 - INFO - CDS - seq=contig_5, start=135495, stop=135791, strand=-, frame=2, truncated=no, start-type=ATG, RBS-motif=GGA/GAG/AGG
19:35:35.430 - INFO - CDS - seq=contig_5, start=135843, stop=136994, strand=-, frame=2, truncated=no, start-type=ATG, RBS-motif=GGAG/GAGG
19:35:35.430 - INFO - CDS - seq=contig_5, start=137004, stop=139028, strand=-, frame=2, truncated=no, start-type=GTG, RBS-motif=AGGAGG
19:35:35.430 - INFO - CDS - seq=contig_5, start=139085, stop=141340, strand=-, frame=3, truncated=no, start-type=ATG, RBS-motif=AGGA/GGAG/GAGG
19:35:35.430 - INFO - CDS - seq=contig_5, start=141447, stop=141635, strand=-, frame=2, truncated=no, start-type=ATG, RBS-motif=GGAG/GAGG
19:35:35.430 - INFO - CDS - seq=contig_5, start=141806, stop=142126, strand=+, frame=2, truncated=no, start-type=ATG, RBS-motif=AGGAG/GGAGG
19:35:35.431 - INFO - CDS - seq=contig_5, start=142158, stop=142949, strand=+, frame=3, truncated=no, start-type=ATG, RBS-motif=AGxAGG/AGGxGG
19:35:35.431 - INFO - CDS - seq=contig_5, start=142953, stop=144146, strand=+, frame=3, truncated=no, start-type=ATG, RBS-motif=GGAGG
19:35:35.431 - INFO - CDS - seq=contig_5, start=144282, stop=144458, strand=+, frame=3, truncated=no, start-type=ATG, RBS-motif=AGGAGG
19:35:35.431 - INFO - CDS - seq=contig_5, start=144593, stop=145900, strand=+, frame=2, truncated=no, start-type=ATG, RBS-motif=GGAG/GAGG
19:35:35.431 - INFO - CDS - seq=contig_5, start=145878, stop=146213, strand=+, frame=3, truncated=no, start-type=ATG, RBS-motif=AGGAGG
19:35:35.431 - INFO - CDS - seq=contig_5, start=146294, stop=146797, strand=-, frame=3, truncated=no, start-type=ATG, RBS-motif=GGAG/GAGG
19:35:35.431 - INFO - CDS - seq=contig_5, start=146822, stop=147256, strand=-, frame=3, truncated=no, start-type=GTG, RBS-motif=GGAGG
19:35:35.431 - INFO - CDS - seq=contig_5, start=147704, stop=147913, strand=+, frame=2, truncated=no, start-type=ATG, RBS-motif=AGxAGG/AGGxGG
19:35:35.431 - INFO - CDS - seq=contig_5, start=147975, stop=148508, strand=-, frame=2, truncated=no, start-type=ATG, RBS-motif=AGGAG
19:35:35.431 - INFO - CDS - seq=contig_5, start=148777, stop=150252, strand=-, frame=1, truncated=no, start-type=ATG, RBS-motif=None
19:35:35.431 - INFO - CDS - seq=contig_5, start=150249, stop=150977, strand=-, frame=2, truncated=no, start-type=ATG, RBS-motif=GGAG/GAGG
19:35:35.431 - INFO - CDS - seq=contig_5, start=150993, stop=151388, strand=-, frame=2, truncated=no, start-type=ATG, RBS-motif=GGAGG
19:35:35.431 - INFO - CDS - seq=contig_5, start=152048, stop=152356, strand=+, frame=2, truncated=no, start-type=ATG, RBS-motif=AGGAGG
19:35:35.431 - INFO - CDS - seq=contig_5, start=152626, stop=154917, strand=-, frame=1, truncated=no, start-type=TTG, RBS-motif=AGGAGG
19:35:35.431 - INFO - CDS - seq=contig_5, start=155195, stop=156064, strand=-, frame=3, truncated=no, start-type=ATG, RBS-motif=GGxGG
19:35:35.431 - INFO - CDS - seq=contig_5, start=156061, stop=157017, strand=-, frame=1, truncated=no, start-type=ATG, RBS-motif=AGxAG
19:35:35.431 - INFO - CDS - seq=contig_5, start=157018, stop=157857, strand=-, frame=1, truncated=no, start-type=ATG, RBS-motif=AGGAGG
19:35:35.431 - INFO - CDS - seq=contig_5, start=157854, stop=158618, strand=-, frame=2, truncated=no, start-type=ATG, RBS-motif=GGAG/GAGG
19:35:35.431 - INFO - CDS - seq=contig_5, start=158818, stop=160206, strand=-, frame=1, truncated=no, start-type=ATG, RBS-motif=AGGAGG
19:35:35.431 - INFO - CDS - seq=contig_5, start=160345, stop=160803, strand=-, frame=1, truncated=no, start-type=ATG, RBS-motif=AGGAG
19:35:35.431 - INFO - CDS - seq=contig_5, start=161022, stop=162032, strand=-, frame=2, truncated=no, start-type=TTG, RBS-motif=AGxAGG/AGGxGG
19:35:35.431 - INFO - CDS - seq=contig_5, start=162135, stop=162467, strand=-, frame=2, truncated=no, start-type=ATG, RBS-motif=GGxGG
19:35:35.431 - INFO - CDS - seq=contig_5, start=162451, stop=162912, strand=-, frame=1, truncated=no, start-type=ATG, RBS-motif=AGGAGG
19:35:35.431 - INFO - CDS - seq=contig_5, start=162872, stop=163192, strand=-, frame=3, truncated=no, start-type=ATG, RBS-motif=None
19:35:35.431 - INFO - CDS - seq=contig_5, start=163153, stop=163593, strand=-, frame=1, truncated=no, start-type=ATG, RBS-motif=None
19:35:35.431 - INFO - CDS - seq=contig_5, start=163590, stop=163913, strand=-, frame=2, truncated=no, start-type=ATG, RBS-motif=GGAGG
19:35:35.432 - INFO - CDS - seq=contig_5, start=163916, stop=164863, strand=-, frame=3, truncated=no, start-type=ATG, RBS-motif=AGxAGG/AGGxGG
19:35:35.432 - INFO - CDS - seq=contig_5, start=164866, stop=165771, strand=-, frame=1, truncated=no, start-type=ATG, RBS-motif=AGGA/GGAG/GAGG
19:35:35.432 - INFO - CDS - seq=contig_5, start=165858, stop=166589, strand=-, frame=2, truncated=no, start-type=ATG, RBS-motif=GGAG/GAGG
19:35:35.432 - INFO - CDS - seq=contig_5, start=166660, stop=167151, strand=-, frame=1, truncated=no, start-type=GTG, RBS-motif=AGxAGG/AGGxGG
19:35:35.432 - INFO - CDS - seq=contig_5, start=167226, stop=169031, strand=+, frame=3, truncated=no, start-type=ATG, RBS-motif=AGGA
19:35:35.432 - INFO - CDS - seq=contig_5, start=169121, stop=169261, strand=+, frame=2, truncated=no, start-type=ATG, RBS-motif=GGAG/GAGG
19:35:35.432 - INFO - CDS - seq=contig_5, start=169239, stop=171050, strand=-, frame=2, truncated=no, start-type=ATG, RBS-motif=AGGA
19:35:35.432 - INFO - CDS - seq=contig_5, start=171366, stop=172730, strand=-, frame=2, truncated=no, start-type=ATG, RBS-motif=GGAG/GAGG
19:35:35.432 - INFO - CDS - seq=contig_5, start=172752, stop=173837, strand=-, frame=2, truncated=no, start-type=ATG, RBS-motif=AGGAGG
19:35:35.432 - INFO - CDS - seq=contig_5, start=173834, stop=174691, strand=-, frame=3, truncated=no, start-type=ATG, RBS-motif=GGAGG
19:35:35.432 - INFO - CDS - seq=contig_5, start=174955, stop=175689, strand=+, frame=1, truncated=no, start-type=ATG, RBS-motif=None
19:35:35.432 - INFO - CDS - seq=contig_5, start=175679, stop=176818, strand=+, frame=2, truncated=no, start-type=ATG, RBS-motif=GGAGG
19:35:35.432 - INFO - CDS - seq=contig_5, start=176836, stop=177501, strand=+, frame=1, truncated=no, start-type=ATG, RBS-motif=GGA/GAG/AGG
19:35:35.432 - INFO - CDS - seq=contig_5, start=177616, stop=180408, strand=+, frame=1, truncated=no, start-type=ATG, RBS-motif=AGGAG(G)/GGAGG
19:35:35.432 - INFO - CDS - seq=contig_5, start=180627, stop=180821, strand=+, frame=3, truncated=no, start-type=ATG, RBS-motif=GGAGG
19:35:35.432 - INFO - CDS - seq=contig_5, start=181426, stop=182499, strand=-, frame=1, truncated=no, start-type=ATG, RBS-motif=GGAG/GAGG
19:35:35.432 - INFO - CDS - seq=contig_5, start=182483, stop=183322, strand=-, frame=3, truncated=no, start-type=ATG, RBS-motif=AGxAGG/AGGxGG
19:35:35.432 - INFO - CDS - seq=contig_5, start=183312, stop=184136, strand=-, frame=2, truncated=no, start-type=GTG, RBS-motif=AGGAGG
19:35:35.432 - INFO - CDS - seq=contig_5, start=184236, stop=185324, strand=-, frame=2, truncated=no, start-type=TTG, RBS-motif=AGGAG
19:35:35.432 - INFO - CDS - seq=contig_5, start=185338, stop=185877, strand=-, frame=1, truncated=no, start-type=ATG, RBS-motif=AGxAGG/AGGxGG
19:35:35.432 - INFO - CDS - seq=contig_5, start=186183, stop=188291, strand=-, frame=2, truncated=no, start-type=ATG, RBS-motif=GGA/GAG/AGG
19:35:35.432 - INFO - CDS - seq=contig_5, start=188313, stop=189218, strand=-, frame=2, truncated=no, start-type=GTG, RBS-motif=AGGA
19:35:35.432 - INFO - CDS - seq=contig_5, start=189478, stop=190236, strand=+, frame=1, truncated=no, start-type=ATG, RBS-motif=AGGAG/GGAGG
19:35:35.432 - INFO - CDS - seq=contig_5, start=190248, stop=190790, strand=+, frame=3, truncated=no, start-type=ATG, RBS-motif=AGGAG
19:35:35.432 - INFO - CDS - seq=contig_5, start=190925, stop=192184, strand=-, frame=3, truncated=no, start-type=ATG, RBS-motif=AGxAGG/AGGxGG
19:35:35.433 - INFO - CDS - seq=contig_5, start=192177, stop=193073, strand=-, frame=2, truncated=no, start-type=ATG, RBS-motif=AGGAG
19:35:35.433 - INFO - CDS - seq=contig_5, start=193336, stop=193440, strand=-, frame=1, truncated=no, start-type=ATG, RBS-motif=AGxAGG/AGGxGG
19:35:35.433 - INFO - CDS - seq=contig_5, start=193523, stop=193984, strand=-, frame=3, truncated=no, start-type=ATG, RBS-motif=None
19:35:35.433 - INFO - CDS - seq=contig_5, start=193981, stop=194958, strand=-, frame=1, truncated=no, start-type=TTG, RBS-motif=GGAGG
19:35:35.433 - INFO - CDS - seq=contig_5, start=195080, stop=195766, strand=-, frame=3, truncated=no, start-type=TTG, RBS-motif=GGAGG
19:35:35.433 - INFO - CDS - seq=contig_5, start=195886, stop=196779, strand=+, frame=1, truncated=no, start-type=ATG, RBS-motif=AGGAG/GGAGG
19:35:35.433 - INFO - CDS - seq=contig_5, start=196992, stop=197498, strand=+, frame=3, truncated=no, start-type=ATG, RBS-motif=GGAGG
19:35:35.433 - INFO - CDS - seq=contig_5, start=197806, stop=198387, strand=-, frame=1, truncated=no, start-type=TTG, RBS-motif=AGGAG
19:35:35.433 - INFO - CDS - seq=contig_5, start=198757, stop=199818, strand=+, frame=1, truncated=no, start-type=TTG, RBS-motif=AGGAG
19:35:35.433 - INFO - CDS - seq=contig_5, start=199808, stop=200701, strand=+, frame=2, truncated=no, start-type=ATG, RBS-motif=GGxGG
19:35:35.433 - INFO - CDS - seq=contig_5, start=200717, stop=201538, strand=+, frame=2, truncated=no, start-type=ATG, RBS-motif=AGGAGG
19:35:35.433 - INFO - CDS - seq=contig_5, start=201548, stop=202861, strand=+, frame=2, truncated=no, start-type=ATG, RBS-motif=AGGA/GGAG/GAGG
19:35:35.433 - INFO - CDS - seq=contig_5, start=202990, stop=204231, strand=+, frame=1, truncated=no, start-type=GTG, RBS-motif=GGAGG
19:35:35.433 - INFO - CDS - seq=contig_5, start=204551, stop=204739, strand=-, frame=3, truncated=no, start-type=ATG, RBS-motif=GGA/GAG/AGG
19:35:35.433 - INFO - CDS - seq=contig_5, start=204729, stop=205031, strand=-, frame=2, truncated=no, start-type=ATG, RBS-motif=GGA/GAG/AGG
19:35:35.433 - INFO - CDS - seq=contig_5, start=205506, stop=206363, strand=-, frame=2, truncated=no, start-type=ATG, RBS-motif=AGGAGG
19:35:35.433 - INFO - CDS - seq=contig_5, start=206369, stop=207727, strand=-, frame=3, truncated=no, start-type=ATG, RBS-motif=AGGAG
19:35:35.433 - INFO - CDS - seq=contig_5, start=207798, stop=209030, strand=-, frame=2, truncated=no, start-type=ATG, RBS-motif=AGxAGG/AGGxGG
19:35:35.433 - INFO - CDS - seq=contig_5, start=209070, stop=210695, strand=-, frame=2, truncated=no, start-type=ATG, RBS-motif=GGAGG
19:35:35.433 - INFO - CDS - seq=contig_5, start=210723, stop=211853, strand=-, frame=2, truncated=no, start-type=ATG, RBS-motif=AGGAG/GGAGG
19:35:35.433 - INFO - CDS - seq=contig_5, start=211858, stop=212550, strand=-, frame=1, truncated=no, start-type=ATG, RBS-motif=AGxAGG/AGGxGG
19:35:35.433 - INFO - CDS - seq=contig_5, start=212543, stop=214804, strand=-, frame=3, truncated=no, start-type=ATG, RBS-motif=AGGA/GGAG/GAGG
19:35:35.433 - INFO - CDS - seq=contig_5, start=214934, stop=216679, strand=-, frame=3, truncated=no, start-type=ATG, RBS-motif=AGGAG/GGAGG
19:35:35.434 - INFO - CDS - seq=contig_5, start=216676, stop=218352, strand=-, frame=1, truncated=no, start-type=ATG, RBS-motif=AGxAGG/AGGxGG
19:35:35.434 - INFO - CDS - seq=contig_5, start=218557, stop=219510, strand=-, frame=1, truncated=no, start-type=GTG, RBS-motif=GGAGG
19:35:35.434 - INFO - CDS - seq=contig_5, start=219908, stop=220381, strand=-, frame=3, truncated=no, start-type=ATG, RBS-motif=AGxAGG/AGGxGG
19:35:35.434 - INFO - CDS - seq=contig_5, start=220413, stop=222782, strand=-, frame=2, truncated=no, start-type=ATG, RBS-motif=GGAG/GAGG
19:35:35.434 - INFO - CDS - seq=contig_5, start=222784, stop=223518, strand=-, frame=1, truncated=no, start-type=ATG, RBS-motif=AGGA/GGAG/GAGG
19:35:35.434 - INFO - CDS - seq=contig_5, start=223761, stop=224084, strand=-, frame=2, truncated=no, start-type=ATG, RBS-motif=AGxAGG/AGGxGG
19:35:35.434 - INFO - CDS - seq=contig_5, start=224182, stop=225753, strand=-, frame=1, truncated=no, start-type=TTG, RBS-motif=GGAGG
19:35:35.434 - INFO - CDS - seq=contig_5, start=225842, stop=226144, strand=-, frame=3, truncated=no, start-type=ATG, RBS-motif=AGGA
19:35:35.434 - INFO - CDS - seq=contig_5, start=226204, stop=227466, strand=-, frame=1, truncated=no, start-type=ATG, RBS-motif=AGGA
19:35:35.434 - INFO - CDS - seq=contig_5, start=227796, stop=229100, strand=-, frame=2, truncated=no, start-type=ATG, RBS-motif=AGGAG
19:35:35.434 - INFO - CDS - seq=contig_5, start=229149, stop=229904, strand=-, frame=2, truncated=no, start-type=ATG, RBS-motif=AGGA
19:35:35.434 - INFO - CDS - seq=contig_5, start=229979, stop=231169, strand=-, frame=3, truncated=no, start-type=TTG, RBS-motif=AGGAGG
19:35:35.434 - INFO - CDS - seq=contig_5, start=231360, stop=232382, strand=-, frame=2, truncated=no, start-type=ATG, RBS-motif=AGGAGG
19:35:35.434 - INFO - CDS - seq=contig_5, start=232419, stop=233456, strand=-, frame=2, truncated=no, start-type=ATG, RBS-motif=AGxAGG/AGGxGG
19:35:35.434 - INFO - CDS - seq=contig_5, start=233545, stop=233790, strand=+, frame=1, truncated=no, start-type=ATG, RBS-motif=AGGA
19:35:35.434 - INFO - CDS - seq=contig_5, start=234257, stop=234847, strand=-, frame=3, truncated=no, start-type=ATG, RBS-motif=AGGAGG
19:35:35.434 - INFO - CDS - seq=contig_5, start=234964, stop=235419, strand=-, frame=1, truncated=no, start-type=ATG, RBS-motif=AGGAGG
19:35:35.434 - INFO - CDS - seq=contig_5, start=235805, stop=236752, strand=-, frame=3, truncated=no, start-type=ATG, RBS-motif=GGAGG
19:35:35.434 - INFO - CDS - seq=contig_5, start=236757, stop=237785, strand=-, frame=2, truncated=no, start-type=ATG, RBS-motif=AGGAG(G)/GGAGG
19:35:35.434 - INFO - CDS - seq=contig_5, start=237782, stop=238669, strand=-, frame=3, truncated=no, start-type=ATG, RBS-motif=AGGAG
19:35:35.434 - INFO - CDS - seq=contig_5, start=238832, stop=239371, strand=-, frame=3, truncated=no, start-type=ATG, RBS-motif=AGxAGG/AGGxGG
19:35:35.434 - INFO - CDS - seq=contig_5, start=239723, stop=242614, strand=-, frame=3, truncated=no, start-type=ATG, RBS-motif=AGGAG/GGAGG
19:35:35.434 - INFO - CDS - seq=contig_5, start=242882, stop=244897, strand=-, frame=3, truncated=no, start-type=ATG, RBS-motif=AGGAGG
19:35:35.435 - INFO - CDS - seq=contig_5, start=245103, stop=245750, strand=-, frame=2, truncated=no, start-type=ATG, RBS-motif=AGGAGG
19:35:35.435 - INFO - CDS - seq=contig_5, start=246180, stop=248546, strand=-, frame=2, truncated=no, start-type=ATG, RBS-motif=GGxGG
19:35:35.435 - INFO - CDS - seq=contig_5, start=248552, stop=249217, strand=-, frame=3, truncated=no, start-type=GTG, RBS-motif=AGGAGG
19:35:35.435 - INFO - CDS - seq=contig_5, start=249317, stop=250327, strand=-, frame=3, truncated=no, start-type=ATG, RBS-motif=None
19:35:35.435 - INFO - CDS - seq=contig_5, start=250320, stop=250967, strand=-, frame=2, truncated=no, start-type=ATG, RBS-motif=GGxGG
19:35:35.435 - INFO - CDS - seq=contig_5, start=251202, stop=252929, strand=-, frame=2, truncated=no, start-type=GTG, RBS-motif=GGAG/GAGG
19:35:35.435 - INFO - CDS - seq=contig_5, start=253161, stop=254108, strand=-, frame=2, truncated=no, start-type=ATG, RBS-motif=AGGAG
19:35:35.435 - INFO - CDS - seq=contig_5, start=254174, stop=255229, strand=-, frame=3, truncated=no, start-type=GTG, RBS-motif=AGGAG
19:35:35.435 - INFO - CDS - seq=contig_5, start=255240, stop=256067, strand=-, frame=2, truncated=no, start-type=TTG, RBS-motif=GGxGG
19:35:35.435 - INFO - CDS - seq=contig_5, start=256069, stop=257028, strand=-, frame=1, truncated=no, start-type=ATG, RBS-motif=AGxAGG/AGGxGG
19:35:35.435 - INFO - CDS - seq=contig_5, start=257220, stop=257555, strand=-, frame=2, truncated=no, start-type=ATG, RBS-motif=GGAG/GAGG
19:35:35.435 - INFO - CDS - seq=contig_5, start=257555, stop=257824, strand=-, frame=3, truncated=no, start-type=ATG, RBS-motif=GGAG/GAGG
19:35:35.435 - INFO - CDS - seq=contig_5, start=257836, stop=259317, strand=-, frame=1, truncated=no, start-type=ATG, RBS-motif=GGAGG
19:35:35.435 - INFO - CDS - seq=contig_5, start=259735, stop=260412, strand=-, frame=1, truncated=no, start-type=ATG, RBS-motif=AGGAGG
19:35:35.435 - INFO - CDS - seq=contig_5, start=260423, stop=261187, strand=-, frame=3, truncated=no, start-type=ATG, RBS-motif=AGGAGG
19:35:35.435 - INFO - CDS - seq=contig_5, start=261197, stop=262015, strand=-, frame=3, truncated=no, start-type=ATG, RBS-motif=GGAGG
19:35:35.435 - INFO - CDS - seq=contig_5, start=262095, stop=262979, strand=-, frame=2, truncated=no, start-type=ATG, RBS-motif=GGAG/GAGG
19:35:35.435 - INFO - CDS - seq=contig_5, start=262976, stop=263899, strand=-, frame=3, truncated=no, start-type=ATG, RBS-motif=AGGAGG
19:35:35.435 - INFO - CDS - seq=contig_5, start=264040, stop=264900, strand=-, frame=1, truncated=no, start-type=GTG, RBS-motif=GGAGG
19:35:35.435 - INFO - CDS - seq=contig_5, start=265003, stop=266670, strand=-, frame=1, truncated=no, start-type=ATG, RBS-motif=GGAGG
19:35:35.435 - INFO - CDS - seq=contig_5, start=266663, stop=267370, strand=-, frame=3, truncated=no, start-type=ATG, RBS-motif=GGAGG
19:35:35.435 - INFO - CDS - seq=contig_5, start=267367, stop=268470, strand=-, frame=1, truncated=no, start-type=ATG, RBS-motif=GGAGG
19:35:35.435 - INFO - CDS - seq=contig_5, start=268794, stop=269681, strand=-, frame=2, truncated=no, start-type=ATG, RBS-motif=AGGAGG
19:35:35.435 - INFO - CDS - seq=contig_5, start=269671, stop=270357, strand=-, frame=1, truncated=no, start-type=ATG, RBS-motif=AGGAG
19:35:35.435 - INFO - CDS - seq=contig_5, start=270434, stop=271540, strand=-, frame=3, truncated=no, start-type=GTG, RBS-motif=GGA/GAG/AGG
19:35:35.436 - INFO - CDS - seq=contig_5, start=271674, stop=274037, strand=-, frame=2, truncated=no, start-type=ATG, RBS-motif=GGAG/GAGG
19:35:35.436 - INFO - CDS - seq=contig_5, start=274371, stop=274928, strand=-, frame=2, truncated=no, start-type=ATG, RBS-motif=GGAG/GAGG
19:35:35.436 - INFO - CDS - seq=contig_5, start=275052, stop=275726, strand=-, frame=2, truncated=no, start-type=ATG, RBS-motif=GGA/GAG/AGG
19:35:35.436 - INFO - CDS - seq=contig_5, start=275726, stop=276991, strand=-, frame=3, truncated=no, start-type=ATG, RBS-motif=GGAG/GAGG
19:35:35.436 - INFO - CDS - seq=contig_5, start=277016, stop=277666, strand=+, frame=2, truncated=no, start-type=ATG, RBS-motif=AGGAG
19:35:35.436 - INFO - CDS - seq=contig_5, start=277760, stop=279331, strand=-, frame=3, truncated=no, start-type=ATG, RBS-motif=GGAGG
19:35:35.436 - INFO - CDS - seq=contig_5, start=279626, stop=280687, strand=-, frame=3, truncated=no, start-type=ATG, RBS-motif=AGGAGG
19:35:35.436 - INFO - CDS - seq=contig_5, start=280744, stop=281985, strand=-, frame=1, truncated=no, start-type=ATG, RBS-motif=AGxAGG/AGGxGG
19:35:35.436 - INFO - CDS - seq=contig_5, start=282359, stop=282952, strand=-, frame=3, truncated=no, start-type=ATG, RBS-motif=GGAG/GAGG
19:35:35.436 - INFO - CDS - seq=contig_5, start=282949, stop=283878, strand=-, frame=1, truncated=no, start-type=ATG, RBS-motif=None
19:35:35.436 - INFO - CDS - seq=contig_5, start=283965, stop=284693, strand=-, frame=2, truncated=no, start-type=ATG, RBS-motif=GGAGG
19:35:35.436 - INFO - CDS - seq=contig_5, start=284693, stop=285985, strand=-, frame=3, truncated=no, start-type=ATG, RBS-motif=GGAGG
19:35:35.436 - INFO - CDS - seq=contig_5, start=285982, stop=287244, strand=-, frame=1, truncated=no, start-type=ATG, RBS-motif=AGGA
19:35:35.436 - INFO - CDS - seq=contig_5, start=287253, stop=289574, strand=-, frame=2, truncated=no, start-type=ATG, RBS-motif=AGGAG
19:35:35.436 - INFO - CDS - seq=contig_5, start=289747, stop=290157, strand=-, frame=1, truncated=no, start-type=ATG, RBS-motif=AGGAGG
19:35:35.436 - INFO - CDS - seq=contig_5, start=290284, stop=290793, strand=-, frame=1, truncated=no, start-type=ATG, RBS-motif=GGA/GAG/AGG
19:35:35.436 - INFO - CDS - seq=contig_5, start=291048, stop=291890, strand=-, frame=2, truncated=no, start-type=ATG, RBS-motif=AGGAGG
19:35:35.436 - INFO - CDS - seq=contig_5, start=291956, stop=292903, strand=+, frame=2, truncated=no, start-type=ATG, RBS-motif=AGGAG
19:35:35.436 - INFO - CDS - seq=contig_5, start=293131, stop=294120, strand=+, frame=1, truncated=no, start-type=ATG, RBS-motif=AGGA
19:35:35.436 - INFO - CDS - seq=contig_5, start=294248, stop=294517, strand=+, frame=2, truncated=no, start-type=ATG, RBS-motif=AGGAG/GGAGG
19:35:35.436 - INFO - CDS - seq=contig_5, start=294630, stop=295007, strand=-, frame=2, truncated=no, start-type=ATG, RBS-motif=GGAGG
19:35:35.436 - INFO - CDS - seq=contig_5, start=295279, stop=296319, strand=+, frame=1, truncated=no, start-type=ATG, RBS-motif=AGGAG
19:35:35.436 - INFO - CDS - seq=contig_5, start=296522, stop=297340, strand=+, frame=2, truncated=no, start-type=ATG, RBS-motif=GGAGG
19:35:35.436 - INFO - CDS - seq=contig_5, start=297362, stop=297997, strand=+, frame=2, truncated=no, start-type=ATG, RBS-motif=GGAGG
19:35:35.436 - INFO - CDS - seq=contig_5, start=298154, stop=299212, strand=+, frame=2, truncated=no, start-type=ATG, RBS-motif=GGAG/GAGG
19:35:35.437 - INFO - CDS - seq=contig_5, start=299321, stop=300223, strand=-, frame=3, truncated=no, start-type=ATG, RBS-motif=GGAG/GAGG
19:35:35.437 - INFO - CDS - seq=contig_5, start=300223, stop=301020, strand=-, frame=1, truncated=no, start-type=ATG, RBS-motif=AGGA
19:35:35.437 - INFO - CDS - seq=contig_5, start=301022, stop=301693, strand=-, frame=3, truncated=no, start-type=ATG, RBS-motif=GGAGG
19:35:35.437 - INFO - CDS - seq=contig_5, start=301887, stop=302480, strand=+, frame=3, truncated=no, start-type=ATG, RBS-motif=GGAGG
19:35:35.437 - INFO - CDS - seq=contig_5, start=302550, stop=303185, strand=+, frame=3, truncated=no, start-type=GTG, RBS-motif=GGAGG
19:35:35.437 - INFO - CDS - seq=contig_5, start=303375, stop=304430, strand=-, frame=2, truncated=no, start-type=ATG, RBS-motif=GGAG/GAGG
19:35:35.437 - INFO - CDS - seq=contig_5, start=304540, stop=305883, strand=-, frame=1, truncated=no, start-type=ATG, RBS-motif=AGGAG
19:35:35.437 - INFO - CDS - seq=contig_5, start=305932, stop=306198, strand=-, frame=1, truncated=no, start-type=ATG, RBS-motif=AGGA/GGAG/GAGG
19:35:35.437 - INFO - CDS - seq=contig_5, start=306389, stop=307717, strand=+, frame=2, truncated=no, start-type=ATG, RBS-motif=GGAGG
19:35:35.437 - INFO - CDS - seq=contig_5, start=307851, stop=309056, strand=-, frame=2, truncated=no, start-type=ATG, RBS-motif=AGxAGG/AGGxGG
19:35:35.437 - INFO - CDS - seq=contig_5, start=309037, stop=309150, strand=-, frame=1, truncated=no, start-type=ATG, RBS-motif=GGAG/GAGG
19:35:35.437 - INFO - CDS - seq=contig_5, start=309399, stop=309872, strand=-, frame=2, truncated=no, start-type=ATG, RBS-motif=GGAGG
19:35:35.437 - INFO - CDS - seq=contig_5, start=309969, stop=311528, strand=-, frame=2, truncated=no, start-type=ATG, RBS-motif=AGGAGG
19:35:35.437 - INFO - CDS - seq=contig_5, start=311556, stop=313067, strand=-, frame=2, truncated=no, start-type=ATG, RBS-motif=GGA/GAG/AGG
19:35:35.437 - INFO - CDS - seq=contig_5, start=313531, stop=314034, strand=+, frame=1, truncated=no, start-type=ATG, RBS-motif=GGAGG
19:35:35.437 - INFO - CDS - seq=contig_5, start=314031, stop=314852, strand=+, frame=3, truncated=no, start-type=ATG, RBS-motif=AGxAGG/AGGxGG
19:35:35.437 - INFO - CDS - seq=contig_5, start=314969, stop=315184, strand=-, frame=3, truncated=no, start-type=ATG, RBS-motif=GGA/GAG/AGG
19:35:35.437 - INFO - CDS - seq=contig_5, start=315327, stop=316037, strand=-, frame=2, truncated=no, start-type=ATG, RBS-motif=None
19:35:35.437 - INFO - CDS - seq=contig_5, start=316042, stop=317685, strand=-, frame=1, truncated=no, start-type=ATG, RBS-motif=AGGAG
19:35:35.437 - INFO - CDS - seq=contig_5, start=317952, stop=320363, strand=-, frame=2, truncated=no, start-type=ATG, RBS-motif=GGAGG
19:35:35.437 - INFO - CDS - seq=contig_5, start=320817, stop=321500, strand=+, frame=3, truncated=no, start-type=GTG, RBS-motif=AGGAGG
19:35:35.437 - INFO - CDS - seq=contig_5, start=321601, stop=322326, strand=-, frame=1, truncated=no, start-type=ATG, RBS-motif=AGxAGG/AGGxGG
19:35:35.438 - INFO - CDS - seq=contig_5, start=322323, stop=323801, strand=-, frame=2, truncated=no, start-type=ATG, RBS-motif=GGA/GAG/AGG
19:35:35.438 - INFO - CDS - seq=contig_5, start=324043, stop=324513, strand=+, frame=1, truncated=no, start-type=ATG, RBS-motif=GGAG/GAGG
19:35:35.438 - INFO - CDS - seq=contig_5, start=324609, stop=326102, strand=-, frame=2, truncated=no, start-type=ATG, RBS-motif=AGxAGG/AGGxGG
19:35:35.438 - INFO - CDS - seq=contig_5, start=326216, stop=327400, strand=-, frame=3, truncated=no, start-type=ATG, RBS-motif=AGxAGG/AGGxGG
19:35:35.438 - INFO - CDS - seq=contig_5, start=327581, stop=328228, strand=+, frame=2, truncated=no, start-type=TTG, RBS-motif=AGGA
19:35:35.438 - INFO - CDS - seq=contig_5, start=206, stop=496, strand=-, nt=[ATGAAGATTA..AAATGAGTGA]
19:35:35.438 - INFO - CDS - seq=contig_5, start=498, stop=2933, strand=-, nt=[ATGGAGTATT..GGTGAATTAA]
19:35:35.438 - INFO - CDS - seq=contig_5, start=2934, stop=4958, strand=-, nt=[TTGTATGATT..CTGGCTATAA]
19:35:35.438 - INFO - CDS - seq=contig_5, start=4961, stop=8050, strand=-, nt=[ATGGCTGACA..GCTATTTTAA]
19:35:35.438 - INFO - CDS - seq=contig_5, start=8043, stop=8450, strand=-, nt=[TTGTTAAACG..ACATGGCTGA]
19:35:35.438 - INFO - CDS - seq=contig_5, start=8501, stop=8833, strand=-, nt=[ATGCAATTAA..GAAGGCCTAG]
19:35:35.438 - INFO - CDS - seq=contig_5, start=8919, stop=9521, strand=-, nt=[ATGGCAAATG..TGGAGCATAA]
19:35:35.438 - INFO - CDS - seq=contig_5, start=9533, stop=9937, strand=-, nt=[GTGATTCAAA..TATTTTATAG]
19:35:35.438 - INFO - CDS - seq=contig_5, start=9938, stop=10303, strand=-, nt=[ATGAGCAAGG..AGCAAAGTAG]
19:35:35.438 - INFO - CDS - seq=contig_5, start=10300, stop=10602, strand=-, nt=[ATGCGGTTAG..GACGAAATGA]
19:35:35.438 - INFO - CDS - seq=contig_5, start=10607, stop=10981, strand=-, nt=[ATGGCTGATA..AAAGAGGTGA]
19:35:35.438 - INFO - CDS - seq=contig_5, start=11209, stop=12222, strand=-, nt=[ATGCCAGAAT..AAAAGCATAG]
19:35:35.438 - INFO - CDS - seq=contig_5, start=12238, stop=12891, strand=-, nt=[ATGATTTCCA..CACAAAATGA]
19:35:35.438 - INFO - CDS - seq=contig_5, start=13016, stop=14008, strand=-, nt=[ATGACAACAA..AGCTGAATAA]
19:35:35.438 - INFO - CDS - seq=contig_5, start=13974, stop=15401, strand=-, nt=[GTGGCCACCA..TAACGAGTAA]
19:35:35.438 - INFO - CDS - seq=contig_5, start=15406, stop=16665, strand=-, nt=[ATGTCAATGA..ATACTTCTAA]
19:35:35.438 - INFO - CDS - seq=contig_5, start=16643, stop=17224, strand=-, nt=[GTGATGAAAC..CCCCGATTGA]
19:35:35.438 - INFO - CDS - seq=contig_5, start=17258, stop=17581, strand=-, nt=[ATGTCTAATG..GGAGGACTAA]
19:35:35.438 - INFO - CDS - seq=contig_5, start=17574, stop=17867, strand=-, nt=[ATGCTTGGTC..CTATGTCTAA]
19:35:35.438 - INFO - CDS - seq=contig_5, start=17913, stop=18722, strand=-, nt=[ATGCAATGGA..CAGCAACTAG]
19:35:35.438 - INFO - CDS - seq=contig_5, start=19129, stop=19500, strand=-, nt=[ATGGACGCTT..TTATGTTTAA]
19:35:35.438 - INFO - CDS - seq=contig_5, start=19478, stop=20545, strand=-, nt=[ATGAATGGCG..TATCAATTAA]
19:35:35.438 - INFO - CDS - seq=contig_5, start=21169, stop=21603, strand=-, nt=[GTGGTGCGAG..CAAAACCTAG]
19:35:35.438 - INFO - CDS - seq=contig_5, start=21677, stop=21898, strand=-, nt=[ATGAAATCAA..AAGCAAATAA]
19:35:35.438 - INFO - CDS - seq=contig_5, start=21970, stop=22098, strand=-, nt=[ATGAAACAGA..GCAGAAATGA]
19:35:35.438 - INFO - CDS - seq=contig_5, start=22095, stop=22451, strand=-, nt=[ATGAACTATG..GGAGAAATGA]
19:35:35.438 - INFO - CDS - seq=contig_5, start=22441, stop=22659, strand=-, nt=[ATGGCATGGG..TGAACTATGA]
19:35:35.438 - INFO - CDS - seq=contig_5, start=22662, stop=23039, strand=-, nt=[ATGGCACCAA..AGGTGACTGA]
19:35:35.438 - INFO - CDS - seq=contig_5, start=23026, stop=23589, strand=-, nt=[ATGAGCGAAG..CACCAAGTAA]
19:35:35.438 - INFO - CDS - seq=contig_5, start=23586, stop=23696, strand=-, nt=[ATGGAGTCAG..CGAAAAATGA]
19:35:35.438 - INFO - CDS - seq=contig_5, start=23720, stop=24298, strand=-, nt=[ATGAAACAAG..ACAATACTGA]
19:35:35.439 - INFO - CDS - seq=contig_5, start=24309, stop=25232, strand=-, nt=[TTGAAGAGAA..CGCTTTGTGA]
19:35:35.439 - INFO - CDS - seq=contig_5, start=25219, stop=25929, strand=-, nt=[ATGACGACTA..AGAGAAATGA]
19:35:35.439 - INFO - CDS - seq=contig_5, start=25941, stop=26324, strand=-, nt=[ATGGTTATCC..ACAGCTATAA]
19:35:35.439 - INFO - CDS - seq=contig_5, start=26327, stop=26776, strand=-, nt=[ATGACACAAG..GAGTCGTTAG]
19:35:35.439 - INFO - CDS - seq=contig_5, start=26773, stop=27105, strand=-, nt=[GTGACAGCCG..AAAGGCATGA]
19:35:35.439 - INFO - CDS - seq=contig_5, start=27102, stop=27884, strand=-, nt=[ATGGAGTCGA..AAGATCGTGA]
19:35:35.439 - INFO - CDS - seq=contig_5, start=27871, stop=28722, strand=-, nt=[ATGGATTTAT..AGTCGACTAA]
19:35:35.439 - INFO - CDS - seq=contig_5, start=28738, stop=29562, strand=-, nt=[ATGCAGGAAA..AGTCGAGTAG]
19:35:35.439 - INFO - CDS - seq=contig_5, start=29519, stop=30385, strand=-, nt=[ATGACGACAC..ACAAGGATAA]
19:35:35.439 - INFO - CDS - seq=contig_5, start=30398, stop=30805, strand=-, nt=[ATGCTTGATT..ATGGAAATAG]
19:35:35.439 - INFO - CDS - seq=contig_5, start=30798, stop=30917, strand=-, nt=[ATGGACACGA..CCATGCTTGA]
19:35:35.439 - INFO - CDS - seq=contig_5, start=30905, stop=31033, strand=-, nt=[ATGCTAGAAG..GACACGATAA]
19:35:35.439 - INFO - CDS - seq=contig_5, start=31046, stop=31267, strand=-, nt=[ATGGAACAAG..ACGACAATAG]
19:35:35.439 - INFO - CDS - seq=contig_5, start=31246, stop=31794, strand=-, nt=[ATGAAAGCAA..TTCACACTGA]
19:35:35.439 - INFO - CDS - seq=contig_5, start=31860, stop=32006, strand=-, nt=[ATGGAACGCG..TATGGGTTAA]
19:35:35.439 - INFO - CDS - seq=contig_5, start=32094, stop=32303, strand=+, nt=[ATGCCAAAAC..CCTTGATTAA]
19:35:35.439 - INFO - CDS - seq=contig_5, start=32300, stop=32611, strand=-, nt=[ATGAACGAAG..CGATGATTAA]
19:35:35.439 - INFO - CDS - seq=contig_5, start=32608, stop=32871, strand=-, nt=[ATGCCAAAAA..AGTCAAATGA]
19:35:35.439 - INFO - CDS - seq=contig_5, start=33035, stop=33493, strand=+, nt=[ATGGTAGAAG..CGAAGAGTGA]
19:35:35.439 - INFO - CDS - seq=contig_5, start=33512, stop=33958, strand=+, nt=[TTGGGATATT..AACAAATTAG]
19:35:35.439 - INFO - CDS - seq=contig_5, start=33982, stop=34845, strand=+, nt=[ATGAGCGGAT..TAGAAGCTGA]
19:35:35.439 - INFO - CDS - seq=contig_5, start=34869, stop=35459, strand=+, nt=[ATGAAGAAAA..CGTTAATTAA]
19:35:35.439 - INFO - CDS - seq=contig_5, start=35794, stop=36219, strand=+, nt=[ATGGCAAATT..CGAAATCTAA]
19:35:35.439 - INFO - CDS - seq=contig_5, start=36243, stop=36446, strand=+, nt=[ATGAATGGTC..GATGCAATAA]
19:35:35.439 - INFO - CDS - seq=contig_5, start=36536, stop=37720, strand=+, nt=[ATGGCATCAA..AAATCAGTGA]
19:35:35.439 - INFO - CDS - seq=contig_5, start=37846, stop=39186, strand=-, nt=[ATGTCGTACA..GCGCCTTTAA]
19:35:35.439 - INFO - CDS - seq=contig_5, start=39400, stop=40257, strand=-, nt=[ATGGGATTTT..AGCAAAGTAA]
19:35:35.439 - INFO - CDS - seq=contig_5, start=40429, stop=41034, strand=-, nt=[ATGCTGTTTT..TCGTAAATAA]
19:35:35.439 - INFO - CDS - seq=contig_5, start=41500, stop=43755, strand=+, nt=[TTGAAACGGT..ATCTAAATAA]
19:35:35.439 - INFO - CDS - seq=contig_5, start=43841, stop=44587, strand=+, nt=[ATGCATTTCT..ACCGCGTTAG]
19:35:35.439 - INFO - CDS - seq=contig_5, start=44597, stop=45166, strand=+, nt=[ATGTTATTTC..GACAAAATGA]
19:35:35.439 - INFO - CDS - seq=contig_5, start=45288, stop=46583, strand=-, nt=[GTGATTCCGC..TTTAGCATAA]
19:35:35.439 - INFO - CDS - seq=contig_5, start=46653, stop=47762, strand=-, nt=[GTGACGCAAT..CATTCAATGA]
19:35:35.439 - INFO - CDS - seq=contig_5, start=47783, stop=49111, strand=-, nt=[ATGAAGAATA..AGATAAATAA]
19:35:35.439 - INFO - CDS - seq=contig_5, start=49118, stop=49696, strand=-, nt=[GTGAAATTAC..GGAGGATTAG]
19:35:35.439 - INFO - CDS - seq=contig_5, start=49887, stop=50522, strand=-, nt=[TTGGCCAAAA..TGATAGTTGA]
19:35:35.439 - INFO - CDS - seq=contig_5, start=50528, stop=51010, strand=-, nt=[ATGTTAAGAT..AAAGGAGTAA]
19:35:35.439 - INFO - CDS - seq=contig_5, start=51252, stop=51452, strand=-, nt=[ATGGAACACG..CAAAGACTAA]
19:35:35.439 - INFO - CDS - seq=contig_5, start=52136, stop=52363, strand=-, nt=[GTGGCGTTTA..TTTTCGCTGA]
19:35:35.439 - INFO - CDS - seq=contig_5, start=52412, stop=53377, strand=-, nt=[ATGCACATAG..GCAGAATTGA]
19:35:35.439 - INFO - CDS - seq=contig_5, start=53505, stop=54143, strand=+, nt=[ATGAAAAAAT..GCGAGATTAG]
19:35:35.439 - INFO - CDS - seq=contig_5, start=54230, stop=55159, strand=+, nt=[ATGCCGCAAA..GATCAAGTAA]
19:35:35.439 - INFO - CDS - seq=contig_5, start=55511, stop=57250, strand=-, nt=[ATGCACGCAC..GTCTGAATAA]
19:35:35.439 - INFO - CDS - seq=contig_5, start=57561, stop=60224, strand=+, nt=[ATGTCGCGAT..GTGGCAATAA]
19:35:35.439 - INFO - CDS - seq=contig_5, start=60889, stop=61719, strand=+, nt=[ATGTTTCGCA..AACTAACTAG]
19:35:35.439 - INFO - CDS - seq=contig_5, start=61807, stop=63660, strand=+, nt=[ATGTCTGACC..AGAAGCGTAA]
19:35:35.439 - INFO - CDS - seq=contig_5, start=63741, stop=65189, strand=+, nt=[ATGACAAACC..CGGATTGTAA]
19:35:35.440 - INFO - CDS - seq=contig_5, start=65593, stop=66333, strand=-, nt=[ATGGCTTCAT..AGTTGATTGA]
19:35:35.440 - INFO - CDS - seq=contig_5, start=67097, stop=68719, strand=-, nt=[ATGCGAAAAT..GGCACCTTAA]
19:35:35.440 - INFO - CDS - seq=contig_5, start=68733, stop=69053, strand=-, nt=[ATGAAAATGA..AAGCAAATAA]
19:35:35.440 - INFO - CDS - seq=contig_5, start=69028, stop=70071, strand=-, nt=[ATGAAAAACA..TGATCGTTAG]
19:35:35.440 - INFO - CDS - seq=contig_5, start=70168, stop=70905, strand=-, nt=[ATGAAGAAAA..AGCGCAATAA]
19:35:35.440 - INFO - CDS - seq=contig_5, start=71585, stop=72322, strand=-, nt=[ATGGTAGATG..TAGCGTCTGA]
19:35:35.440 - INFO - CDS - seq=contig_5, start=72941, stop=76105, strand=-, nt=[GTGAGTGACC..CGCACGGTGA]
19:35:35.440 - INFO - CDS - seq=contig_5, start=76102, stop=82740, strand=-, nt=[ATGGATCAAC..ACTTCCGTGA]
19:35:35.440 - INFO - CDS - seq=contig_5, start=83226, stop=83405, strand=-, nt=[ATGAGTAGAT..AACGTATTAG]
19:35:35.440 - INFO - CDS - seq=contig_5, start=83919, stop=84785, strand=-, nt=[ATGAACTATG..TGCTAAGTAA]
19:35:35.440 - INFO - CDS - seq=contig_5, start=84775, stop=86217, strand=-, nt=[ATGATTTTTT..TGAACTATGA]
19:35:35.440 - INFO - CDS - seq=contig_5, start=86245, stop=86994, strand=-, nt=[ATGGATACAG..GTTCCGGTAA]
19:35:35.440 - INFO - CDS - seq=contig_5, start=87015, stop=88628, strand=-, nt=[GTGGCTGATA..ATTTAGTTAG]
19:35:35.440 - INFO - CDS - seq=contig_5, start=88621, stop=90234, strand=-, nt=[ATGCGTTACT..TCGTGGCTGA]
19:35:35.440 - INFO - CDS - seq=contig_5, start=90249, stop=91472, strand=-, nt=[GTGAAGAATA..GGTAATCTGA]
19:35:35.440 - INFO - CDS - seq=contig_5, start=91532, stop=93919, strand=-, nt=[TTGAAACTAC..CCCTGAATAA]
19:35:35.440 - INFO - CDS - seq=contig_5, start=94006, stop=94194, strand=+, nt=[ATGTCAAAGA..GTTCCAATAA]
19:35:35.440 - INFO - CDS - seq=contig_5, start=94298, stop=95227, strand=+, nt=[ATGAGCAAAA..TATTGATTAG]
19:35:35.440 - INFO - CDS - seq=contig_5, start=95273, stop=96181, strand=+, nt=[TTGGACAATC..TAATGTATGA]
19:35:35.440 - INFO - CDS - seq=contig_5, start=96217, stop=97119, strand=+, nt=[ATGAGTGAAA..TGCCAATTAG]
19:35:35.440 - INFO - CDS - seq=contig_5, start=97285, stop=98187, strand=+, nt=[ATGAGTAAAA..AGAAAATTAA]
19:35:35.440 - INFO - CDS - seq=contig_5, start=98292, stop=99206, strand=-, nt=[GTGAAAGTTC..TAAGAAGTAG]
19:35:35.440 - INFO - CDS - seq=contig_5, start=99364, stop=100437, strand=-, nt=[GTGATAACAG..TAATGATTAA]
19:35:35.440 - INFO - CDS - seq=contig_5, start=100816, stop=101025, strand=+, nt=[ATGCCACGAA..GAACGCCTAA]
19:35:35.440 - INFO - CDS - seq=contig_5, start=101041, stop=101298, strand=+, nt=[ATGAAAACAC..ACAGGCATAA]
19:35:35.440 - INFO - CDS - seq=contig_5, start=101517, stop=102578, strand=-, nt=[ATGGCAGATC..AGAATCTTAG]
19:35:35.440 - INFO - CDS - seq=contig_5, start=102857, stop=103681, strand=-, nt=[TTGATCACGA..TCCTGAATAA]
19:35:35.440 - INFO - CDS - seq=contig_5, start=103914, stop=104837, strand=+, nt=[ATGATAAGTA..TAAACAGTGA]
19:35:35.440 - INFO - CDS - seq=contig_5, start=105090, stop=105551, strand=+, nt=[ATGGCAAGCG..ATTGCAATAA]
19:35:35.440 - INFO - CDS - seq=contig_5, start=105637, stop=106644, strand=-, nt=[ATGGCTCGCA..GAAAAGCTAG]
19:35:35.440 - INFO - CDS - seq=contig_5, start=106785, stop=108158, strand=-, nt=[ATGGGAAGTT..GCTGGCCTGA]
19:35:35.440 - INFO - CDS - seq=contig_5, start=108548, stop=109156, strand=-, nt=[ATGGCACGAA..GGGATACTAA]
19:35:35.440 - INFO - CDS - seq=contig_5, start=109481, stop=110716, strand=+, nt=[ATGACATTAC..CTGGGCTTAG]
19:35:35.440 - INFO - CDS - seq=contig_5, start=110871, stop=112649, strand=-, nt=[ATGATTGCGC..CAAGGCTTGA]
19:35:35.440 - INFO - CDS - seq=contig_5, start=112735, stop=113457, strand=-, nt=[ATGCAAGCCT..CATTTTTTGA]
19:35:35.440 - INFO - CDS - seq=contig_5, start=113755, stop=114177, strand=-, nt=[ATGAAAATCG..GACGGCTTAG]
19:35:35.440 - INFO - CDS - seq=contig_5, start=114251, stop=114619, strand=-, nt=[ATGCAGCATC..GCGTAAATAA]
19:35:35.440 - INFO - CDS - seq=contig_5, start=114619, stop=115905, strand=-, nt=[GTGACAATTG..TAACGCATAA]
19:35:35.440 - INFO - CDS - seq=contig_5, start=115919, stop=116872, strand=-, nt=[ATGTTAAAAC..GGATTTTTAG]
19:35:35.440 - INFO - CDS - seq=contig_5, start=117219, stop=117575, strand=+, nt=[ATGGCGAGTT..GAGTGTTTAA]
19:35:35.440 - INFO - CDS - seq=contig_5, start=117787, stop=118143, strand=-, nt=[ATGAAGAAAG..GTTGGACTAG]
19:35:35.441 - INFO - CDS - seq=contig_5, start=118276, stop=119013, strand=-, nt=[GTGCGCAGTC..AGTCAATTAA]
19:35:35.441 - INFO - CDS - seq=contig_5, start=119520, stop=119714, strand=+, nt=[ATGCTTGATG..GCATTATTAA]
19:35:35.441 - INFO - CDS - seq=contig_5, start=119799, stop=120725, strand=+, nt=[ATGAATAGCA..CAATAACTGA]
19:35:35.441 - INFO - CDS - seq=contig_5, start=120983, stop=121855, strand=+, nt=[ATGTACCAGC..TCGGCAATGA]
19:35:35.441 - INFO - CDS - seq=contig_5, start=122153, stop=122605, strand=+, nt=[ATGTCCATTC..CAAAGATTAA]
19:35:35.441 - INFO - CDS - seq=contig_5, start=122690, stop=124105, strand=-, nt=[ATGAGCGCCA..GTTAAGTTGA]
19:35:35.441 - INFO - CDS - seq=contig_5, start=124234, stop=126138, strand=-, nt=[ATGTCATTAC..GCGTCGGTAG]
19:35:35.441 - INFO - CDS - seq=contig_5, start=126307, stop=127182, strand=+, nt=[ATGGCATTAG..GAAAGACTAA]
19:35:35.441 - INFO - CDS - seq=contig_5, start=127262, stop=128074, strand=-, nt=[TTGCGTTATC..CAAAGCATAA]
19:35:35.441 - INFO - CDS - seq=contig_5, start=128127, stop=129371, strand=-, nt=[ATGATCAGTA..GCAGTCGTGA]
19:35:35.441 - INFO - CDS - seq=contig_5, start=129932, stop=131296, strand=-, nt=[TTGGCCCAAC..GGCGAAGTAA]
19:35:35.441 - INFO - CDS - seq=contig_5, start=131298, stop=132332, strand=-, nt=[ATGAGAAAAC..GGATGACTAA]
19:35:35.441 - INFO - CDS - seq=contig_5, start=132605, stop=134035, strand=-, nt=[ATGAACTTTG..GCAACGATAA]
19:35:35.441 - INFO - CDS - seq=contig_5, start=134037, stop=135491, strand=-, nt=[GTGGATTACT..GGGCAAGTAA]
19:35:35.441 - INFO - CDS - seq=contig_5, start=135495, stop=135791, strand=-, nt=[ATGATTTCTA..GGAGGACTAG]
19:35:35.441 - INFO - CDS - seq=contig_5, start=135843, stop=136994, strand=-, nt=[ATGAAGAAAT..GAGTTATTAG]
19:35:35.441 - INFO - CDS - seq=contig_5, start=137004, stop=139028, strand=-, nt=[GTGTTAGCAA..GAAGGATTGA]
19:35:35.441 - INFO - CDS - seq=contig_5, start=139085, stop=141340, strand=-, nt=[ATGGTAATGG..GGCATCATAA]
19:35:35.441 - INFO - CDS - seq=contig_5, start=141447, stop=141635, strand=-, nt=[ATGGGCTCAG..GTACATCTGA]
19:35:35.441 - INFO - CDS - seq=contig_5, start=141806, stop=142126, strand=+, nt=[ATGGAGACGA..TGTCAGCTGA]
19:35:35.441 - INFO - CDS - seq=contig_5, start=142158, stop=142949, strand=+, nt=[ATGAAAAAGT..GGAGGAATAA]
19:35:35.441 - INFO - CDS - seq=contig_5, start=142953, stop=144146, strand=+, nt=[ATGCAAGATG..TCGAGACTAA]
19:35:35.441 - INFO - CDS - seq=contig_5, start=144282, stop=144458, strand=+, nt=[ATGTTACATT..CATGCGCTAA]
19:35:35.441 - INFO - CDS - seq=contig_5, start=144593, stop=145900, strand=+, nt=[ATGGCCTACG..CTATGACTAA]
19:35:35.441 - INFO - CDS - seq=contig_5, start=145878, stop=146213, strand=+, nt=[ATGGCGGCAA..TGATGAATAA]
19:35:35.441 - INFO - CDS - seq=contig_5, start=146294, stop=146797, strand=-, nt=[ATGAAAATAG..TGCGTATTAA]
19:35:35.441 - INFO - CDS - seq=contig_5, start=146822, stop=147256, strand=-, nt=[GTGAAGCAGT..TGTTGAATGA]
19:35:35.441 - INFO - CDS - seq=contig_5, start=147704, stop=147913, strand=+, nt=[ATGAAGGTAC..ACAAAAATAA]
19:35:35.441 - INFO - CDS - seq=contig_5, start=147975, stop=148508, strand=-, nt=[ATGACCATTC..AGCGAATTAA]
19:35:35.441 - INFO - CDS - seq=contig_5, start=148777, stop=150252, strand=-, nt=[ATGAAAATGC..CTCATCATGA]
19:35:35.441 - INFO - CDS - seq=contig_5, start=150249, stop=150977, strand=-, nt=[ATGAAATTAT..TGATCGATGA]
19:35:35.441 - INFO - CDS - seq=contig_5, start=150993, stop=151388, strand=-, nt=[ATGATTCTAC..AGATCTGTGA]
19:35:35.441 - INFO - CDS - seq=contig_5, start=152048, stop=152356, strand=+, nt=[ATGAATGACA..CAAACAATAG]
19:35:35.441 - INFO - CDS - seq=contig_5, start=152626, stop=154917, strand=-, nt=[TTGATAGATG..TGGCCATTAA]
19:35:35.441 - INFO - CDS - seq=contig_5, start=155195, stop=156064, strand=-, nt=[ATGAAATCCG..CCCGCAGTAA]
19:35:35.441 - INFO - CDS - seq=contig_5, start=156061, stop=157017, strand=-, nt=[ATGCCTCAAC..GGCGCTATGA]
19:35:35.441 - INFO - CDS - seq=contig_5, start=157018, stop=157857, strand=-, nt=[ATGACGATGA..AGTGTCTTAA]
19:35:35.441 - INFO - CDS - seq=contig_5, start=157854, stop=158618, strand=-, nt=[ATGGCAAAAG..GGACTCATGA]
19:35:35.441 - INFO - CDS - seq=contig_5, start=158818, stop=160206, strand=-, nt=[ATGCAAGCCA..CGGTATTTAA]
19:35:35.441 - INFO - CDS - seq=contig_5, start=160345, stop=160803, strand=-, nt=[ATGTCATTAT..GACAGGGTGA]
19:35:35.441 - INFO - CDS - seq=contig_5, start=161022, stop=162032, strand=-, nt=[TTGGCCCACG..TATTGCGTGA]
19:35:35.441 - INFO - CDS - seq=contig_5, start=162135, stop=162467, strand=-, nt=[ATGAAGATAC..GCTTGAATAA]
19:35:35.441 - INFO - CDS - seq=contig_5, start=162451, stop=162912, strand=-, nt=[ATGCCCAAAA..TACGCGGTAG]
19:35:35.441 - INFO - CDS - seq=contig_5, start=162872, stop=163192, strand=-, nt=[ATGGGGGCGG..CACGCCTTAA]
19:35:35.441 - INFO - CDS - seq=contig_5, start=163153, stop=163593, strand=-, nt=[ATGAAACGGC..AAAACATTAA]
19:35:35.442 - INFO - CDS - seq=contig_5, start=163590, stop=163913, strand=-, nt=[ATGCGACGCA..AGTTCCATGA]
19:35:35.442 - INFO - CDS - seq=contig_5, start=163916, stop=164863, strand=-, nt=[ATGCCGCTGG..CGGAGGATGA]
19:35:35.442 - INFO - CDS - seq=contig_5, start=164866, stop=165771, strand=-, nt=[ATGACGCTCG..GGTTTCGTGA]
19:35:35.442 - INFO - CDS - seq=contig_5, start=165858, stop=166589, strand=-, nt=[ATGTCAGGAC..AGACGATTAA]
19:35:35.442 - INFO - CDS - seq=contig_5, start=166660, stop=167151, strand=-, nt=[GTGACGTCTT..GCGTCATTGA]
19:35:35.442 - INFO - CDS - seq=contig_5, start=167226, stop=169031, strand=+, nt=[ATGTCTTATC..CTTGAAATAA]
19:35:35.442 - INFO - CDS - seq=contig_5, start=169121, stop=169261, strand=+, nt=[ATGCAACACT..ACTGACTTAG]
19:35:35.442 - INFO - CDS - seq=contig_5, start=169239, stop=171050, strand=-, nt=[ATGTGTGGAA..CGTTGAATAA]
19:35:35.442 - INFO - CDS - seq=contig_5, start=171366, stop=172730, strand=-, nt=[ATGACAAAGT..GGAAGATTAG]
19:35:35.442 - INFO - CDS - seq=contig_5, start=172752, stop=173837, strand=-, nt=[ATGAATCGCT..TAATGGCTGA]
19:35:35.442 - INFO - CDS - seq=contig_5, start=173834, stop=174691, strand=-, nt=[ATGCGCACCT..CAAGCAATGA]
19:35:35.442 - INFO - CDS - seq=contig_5, start=174955, stop=175689, strand=+, nt=[ATGCAAACAA..TGCGCATTGA]
19:35:35.442 - INFO - CDS - seq=contig_5, start=175679, stop=176818, strand=+, nt=[ATGCGCATTG..CCAAGTGTGA]
19:35:35.442 - INFO - CDS - seq=contig_5, start=176836, stop=177501, strand=+, nt=[ATGAAGGGAA..ACACGCCTAA]
19:35:35.442 - INFO - CDS - seq=contig_5, start=177616, stop=180408, strand=+, nt=[ATGAAAAATG..TGTTGATTAG]
19:35:35.442 - INFO - CDS - seq=contig_5, start=180627, stop=180821, strand=+, nt=[ATGCAAACAA..TAATCACTGA]
19:35:35.442 - INFO - CDS - seq=contig_5, start=181426, stop=182499, strand=-, nt=[ATGAAACGAC..TCGCCGATGA]
19:35:35.442 - INFO - CDS - seq=contig_5, start=182483, stop=183322, strand=-, nt=[ATGAAGCGTA..GACTCATTAG]
19:35:35.442 - INFO - CDS - seq=contig_5, start=183312, stop=184136, strand=-, nt=[GTGAAAAAAT..TGAAGCGTAA]
19:35:35.442 - INFO - CDS - seq=contig_5, start=184236, stop=185324, strand=-, nt=[TTGAGCAACA..AGGGGAATAA]
19:35:35.442 - INFO - CDS - seq=contig_5, start=185338, stop=185877, strand=-, nt=[ATGGAGATTG..TTATTTATAA]
19:35:35.442 - INFO - CDS - seq=contig_5, start=186183, stop=188291, strand=-, nt=[ATGCATTTAG..AGAGGTTTAA]
19:35:35.442 - INFO - CDS - seq=contig_5, start=188313, stop=189218, strand=-, nt=[GTGGTGGATG..ACCAAAATAG]
19:35:35.442 - INFO - CDS - seq=contig_5, start=189478, stop=190236, strand=+, nt=[ATGAAATTAA..CTTGATTTAG]
19:35:35.442 - INFO - CDS - seq=contig_5, start=190248, stop=190790, strand=+, nt=[ATGGACTTTA..AGCGGGTTGA]
19:35:35.442 - INFO - CDS - seq=contig_5, start=190925, stop=192184, strand=-, nt=[ATGCATAAGT..TAAAAAATAA]
19:35:35.442 - INFO - CDS - seq=contig_5, start=192177, stop=193073, strand=-, nt=[ATGCTAGAAG..TGATGCATAA]
19:35:35.442 - INFO - CDS - seq=contig_5, start=193336, stop=193440, strand=-, nt=[ATGAAATTTG..GCGTGCATGA]
19:35:35.442 - INFO - CDS - seq=contig_5, start=193523, stop=193984, strand=-, nt=[ATGACAAGTT..AAGCCTATGA]
19:35:35.442 - INFO - CDS - seq=contig_5, start=193981, stop=194958, strand=-, nt=[TTGGACCTAT..CTTGCTATGA]
19:35:35.442 - INFO - CDS - seq=contig_5, start=195080, stop=195766, strand=-, nt=[TTGAAAACAT..GGCGAATTAA]
19:35:35.442 - INFO - CDS - seq=contig_5, start=195886, stop=196779, strand=+, nt=[ATGATCAAAC..TCAATTCTAA]
19:35:35.442 - INFO - CDS - seq=contig_5, start=196992, stop=197498, strand=+, nt=[ATGGCGTTAT..CCCAGATTAA]
19:35:35.442 - INFO - CDS - seq=contig_5, start=197806, stop=198387, strand=-, nt=[TTGATAATAC..GGAAGTTTAA]
19:35:35.442 - INFO - CDS - seq=contig_5, start=198757, stop=199818, strand=+, nt=[TTGAAAGTTA..TGCTGAATGA]
19:35:35.442 - INFO - CDS - seq=contig_5, start=199808, stop=200701, strand=+, nt=[ATGCTGAATG..TCATTACTAA]
19:35:35.442 - INFO - CDS - seq=contig_5, start=200717, stop=201538, strand=+, nt=[ATGGCTAAAA..GAAAGGATAA]
19:35:35.442 - INFO - CDS - seq=contig_5, start=201548, stop=202861, strand=+, nt=[ATGAAAAAGC..AAACAAGTAA]
19:35:35.442 - INFO - CDS - seq=contig_5, start=202990, stop=204231, strand=+, nt=[GTGACAACAA..AGAGGAGTAA]
19:35:35.442 - INFO - CDS - seq=contig_5, start=204551, stop=204739, strand=-, nt=[ATGGAAAATA..TCAACATTAG]
19:35:35.443 - INFO - CDS - seq=contig_5, start=204729, stop=205031, strand=-, nt=[ATGCGAAAAA..TGGAAAATAA]
19:35:35.443 - INFO - CDS - seq=contig_5, start=205506, stop=206363, strand=-, nt=[ATGACGTCAT..TAAGGGATGA]
19:35:35.443 - INFO - CDS - seq=contig_5, start=206369, stop=207727, strand=-, nt=[ATGTTTAGAA..GGAGGGCTGA]
19:35:35.443 - INFO - CDS - seq=contig_5, start=207798, stop=209030, strand=-, nt=[ATGAAGTTAT..AGCGAACTAA]
19:35:35.443 - INFO - CDS - seq=contig_5, start=209070, stop=210695, strand=-, nt=[ATGACACAGT..GCATGTGTAA]
19:35:35.443 - INFO - CDS - seq=contig_5, start=210723, stop=211853, strand=-, nt=[ATGGTTGAGA..CAAGGTATAA]
19:35:35.443 - INFO - CDS - seq=contig_5, start=211858, stop=212550, strand=-, nt=[ATGCTTAAAG..AGATGGATGA]
19:35:35.443 - INFO - CDS - seq=contig_5, start=212543, stop=214804, strand=-, nt=[ATGAAAAGAA..CCATGCTTAA]
19:35:35.443 - INFO - CDS - seq=contig_5, start=214934, stop=216679, strand=-, nt=[ATGAATTTAG..AGTAAACTAA]
19:35:35.443 - INFO - CDS - seq=contig_5, start=216676, stop=218352, strand=-, nt=[ATGAACACTT..TAAGCCATGA]
19:35:35.443 - INFO - CDS - seq=contig_5, start=218557, stop=219510, strand=-, nt=[GTGGTCACAC..ACGCACTTAG]
19:35:35.443 - INFO - CDS - seq=contig_5, start=219908, stop=220381, strand=-, nt=[ATGGCGAAGA..ACGGTATTAA]
19:35:35.443 - INFO - CDS - seq=contig_5, start=220413, stop=222782, strand=-, nt=[ATGACCACAG..CACTAAATAA]
19:35:35.443 - INFO - CDS - seq=contig_5, start=222784, stop=223518, strand=-, nt=[ATGATCTTTC..CGAGGGATAG]
19:35:35.443 - INFO - CDS - seq=contig_5, start=223761, stop=224084, strand=-, nt=[ATGCCTCTTT..AGCCCATTAA]
19:35:35.443 - INFO - CDS - seq=contig_5, start=224182, stop=225753, strand=-, nt=[TTGGCACGAC..AAACTCATGA]
19:35:35.443 - INFO - CDS - seq=contig_5, start=225842, stop=226144, strand=-, nt=[ATGTTATGGA..AAAACAATAA]
19:35:35.443 - INFO - CDS - seq=contig_5, start=226204, stop=227466, strand=-, nt=[ATGCAAACGA..AAGGGGATAG]
19:35:35.443 - INFO - CDS - seq=contig_5, start=227796, stop=229100, strand=-, nt=[ATGTCTATCA..AATCGACTAA]
19:35:35.443 - INFO - CDS - seq=contig_5, start=229149, stop=229904, strand=-, nt=[ATGCGTACAC..CCAAGATTAA]
19:35:35.443 - INFO - CDS - seq=contig_5, start=229979, stop=231169, strand=-, nt=[TTGGCTAAAT..TGACAAGTAA]
19:35:35.443 - INFO - CDS - seq=contig_5, start=231360, stop=232382, strand=-, nt=[ATGACTGTTA..TACTCTCTAA]
19:35:35.443 - INFO - CDS - seq=contig_5, start=232419, stop=233456, strand=-, nt=[ATGCATACTG..AACCCGTTAG]
19:35:35.443 - INFO - CDS - seq=contig_5, start=233545, stop=233790, strand=+, nt=[ATGCTGTTTT..TGTGTCTTAG]
19:35:35.443 - INFO - CDS - seq=contig_5, start=234257, stop=234847, strand=-, nt=[ATGCTAGTAC..GCAAAAATAA]
19:35:35.443 - INFO - CDS - seq=contig_5, start=234964, stop=235419, strand=-, nt=[ATGGTTAAAC..AGAAGCGTAA]
19:35:35.443 - INFO - CDS - seq=contig_5, start=235805, stop=236752, strand=-, nt=[ATGGCAAGTT..AGACGCTTGA]
19:35:35.443 - INFO - CDS - seq=contig_5, start=236757, stop=237785, strand=-, nt=[ATGAGTCGTG..CCGGAGGTGA]
19:35:35.443 - INFO - CDS - seq=contig_5, start=237782, stop=238669, strand=-, nt=[ATGACTGAAA..TCGCTCATGA]
19:35:35.443 - INFO - CDS - seq=contig_5, start=238832, stop=239371, strand=-, nt=[ATGTTAAATC..CAATATTTAA]
19:35:35.443 - INFO - CDS - seq=contig_5, start=239723, stop=242614, strand=-, nt=[ATGGCAAACG..CAAGAAGTAG]
19:35:35.443 - INFO - CDS - seq=contig_5, start=242882, stop=244897, strand=-, nt=[ATGATCGAAC..TATGTCTTAA]
19:35:35.443 - INFO - CDS - seq=contig_5, start=245103, stop=245750, strand=-, nt=[ATGGGCATGC..AAACAAGTAG]
19:35:35.443 - INFO - CDS - seq=contig_5, start=246180, stop=248546, strand=-, nt=[ATGGGGACGA..TGTGGGTTAA]
19:35:35.443 - INFO - CDS - seq=contig_5, start=248552, stop=249217, strand=-, nt=[GTGGCCATTT..AGGGCGGTGA]
19:35:35.443 - INFO - CDS - seq=contig_5, start=249317, stop=250327, strand=-, nt=[ATGGTTAAGC..TTTTCGTTGA]
19:35:35.443 - INFO - CDS - seq=contig_5, start=250320, stop=250967, strand=-, nt=[ATGAACTATT..TGATGGTTAA]
19:35:35.443 - INFO - CDS - seq=contig_5, start=251202, stop=252929, strand=-, nt=[GTGAGTTATC..AGAAGCTTAG]
19:35:35.443 - INFO - CDS - seq=contig_5, start=253161, stop=254108, strand=-, nt=[ATGGCAAAAA..TAAGGCGTAA]
19:35:35.443 - INFO - CDS - seq=contig_5, start=254174, stop=255229, strand=-, nt=[GTGTCAACGA..AAAACCATAA]
19:35:35.443 - INFO - CDS - seq=contig_5, start=255240, stop=256067, strand=-, nt=[TTGTTATTAG..GGTGGAATAG]
19:35:35.443 - INFO - CDS - seq=contig_5, start=256069, stop=257028, strand=-, nt=[ATGGCAGACA..GGACAAATAA]
19:35:35.444 - INFO - CDS - seq=contig_5, start=257220, stop=257555, strand=-, nt=[ATGAACTTCG..CAAAAATTAA]
19:35:35.444 - INFO - CDS - seq=contig_5, start=257555, stop=257824, strand=-, nt=[ATGCCTTTTC..CGATTTCTAA]
19:35:35.444 - INFO - CDS - seq=contig_5, start=257836, stop=259317, strand=-, nt=[ATGAATGAAC..AAATGACTGA]
19:35:35.444 - INFO - CDS - seq=contig_5, start=259735, stop=260412, strand=-, nt=[ATGCGACGAC..TAAGTTCTGA]
19:35:35.444 - INFO - CDS - seq=contig_5, start=260423, stop=261187, strand=-, nt=[ATGGCTGAAG..CTTCGGATAG]
19:35:35.444 - INFO - CDS - seq=contig_5, start=261197, stop=262015, strand=-, nt=[ATGCAAGAAC..TTTCGGCTAG]
19:35:35.444 - INFO - CDS - seq=contig_5, start=262095, stop=262979, strand=-, nt=[ATGAATCCAA..CGCATCCTAA]
19:35:35.444 - INFO - CDS - seq=contig_5, start=262976, stop=263899, strand=-, nt=[ATGGATCCAA..GAACAAATGA]
19:35:35.444 - INFO - CDS - seq=contig_5, start=264040, stop=264900, strand=-, nt=[GTGAAAAAAA..CAAGCAGTAA]
19:35:35.444 - INFO - CDS - seq=contig_5, start=265003, stop=266670, strand=-, nt=[ATGAATAAAC..CAGAGGATGA]
19:35:35.444 - INFO - CDS - seq=contig_5, start=266663, stop=267370, strand=-, nt=[ATGAAGAAGA..CCATGAATAA]
19:35:35.444 - INFO - CDS - seq=contig_5, start=267367, stop=268470, strand=-, nt=[ATGGCAGTTG..GACAGCATGA]
19:35:35.444 - INFO - CDS - seq=contig_5, start=268794, stop=269681, strand=-, nt=[ATGAAGACTA..CAAAATTTAA]
19:35:35.444 - INFO - CDS - seq=contig_5, start=269671, stop=270357, strand=-, nt=[ATGATTCAAA..TGAAGACTAA]
19:35:35.444 - INFO - CDS - seq=contig_5, start=270434, stop=271540, strand=-, nt=[GTGTTATGCG..TCCTGATTAA]
19:35:35.444 - INFO - CDS - seq=contig_5, start=271674, stop=274037, strand=-, nt=[ATGGCCAATA..TCGCCGTTAA]
19:35:35.444 - INFO - CDS - seq=contig_5, start=274371, stop=274928, strand=-, nt=[ATGCTCACAT..CGACGAATAA]
19:35:35.444 - INFO - CDS - seq=contig_5, start=275052, stop=275726, strand=-, nt=[ATGGTGATGC..AATTCGCTGA]
19:35:35.444 - INFO - CDS - seq=contig_5, start=275726, stop=276991, strand=-, nt=[ATGATGAATC..TGGACGGTGA]
19:35:35.444 - INFO - CDS - seq=contig_5, start=277016, stop=277666, strand=+, nt=[ATGTCAGAGC..TAAGCTCTAA]
19:35:35.444 - INFO - CDS - seq=contig_5, start=277760, stop=279331, strand=-, nt=[ATGAGTTCAG..CGCCAAGTAA]
19:35:35.444 - INFO - CDS - seq=contig_5, start=279626, stop=280687, strand=-, nt=[ATGGCAGGAG..TGAAGTATGA]
19:35:35.444 - INFO - CDS - seq=contig_5, start=280744, stop=281985, strand=-, nt=[ATGCAAGCAG..GCAGGCCTAA]
19:35:35.444 - INFO - CDS - seq=contig_5, start=282359, stop=282952, strand=-, nt=[ATGAATCTTC..TCATCAATAA]
19:35:35.444 - INFO - CDS - seq=contig_5, start=282949, stop=283878, strand=-, nt=[ATGGATGAAA..GCAAGAATGA]
19:35:35.444 - INFO - CDS - seq=contig_5, start=283965, stop=284693, strand=-, nt=[ATGCGAGCAG..GCGAATCTAG]
19:35:35.444 - INFO - CDS - seq=contig_5, start=284693, stop=285985, strand=-, nt=[ATGAAGACAC..GGCAGATTGA]
19:35:35.444 - INFO - CDS - seq=contig_5, start=285982, stop=287244, strand=-, nt=[ATGCGAAAAG..TAGCGAATGA]
19:35:35.444 - INFO - CDS - seq=contig_5, start=287253, stop=289574, strand=-, nt=[ATGGCACAGA..GCCATCATAA]
19:35:35.444 - INFO - CDS - seq=contig_5, start=289747, stop=290157, strand=-, nt=[ATGGAAACAA..AACAAAATAA]
19:35:35.444 - INFO - CDS - seq=contig_5, start=290284, stop=290793, strand=-, nt=[ATGGCGAATC..ATTAAAGTAA]
19:35:35.444 - INFO - CDS - seq=contig_5, start=291048, stop=291890, strand=-, nt=[ATGCGTAAGC..TGTCAAGTAA]
19:35:35.444 - INFO - CDS - seq=contig_5, start=291956, stop=292903, strand=+, nt=[ATGCTTGCAA..GTTTTTCTGA]
19:35:35.444 - INFO - CDS - seq=contig_5, start=293131, stop=294120, strand=+, nt=[ATGAACAACG..TCAATATTAA]
19:35:35.444 - INFO - CDS - seq=contig_5, start=294248, stop=294517, strand=+, nt=[ATGGCTAAAA..ATCATGGTAA]
19:35:35.444 - INFO - CDS - seq=contig_5, start=294630, stop=295007, strand=-, nt=[ATGCAATTGA..AGCCAACTAA]
19:35:35.444 - INFO - CDS - seq=contig_5, start=295279, stop=296319, strand=+, nt=[ATGAAGCAAA..GGCCAAGTAA]
19:35:35.444 - INFO - CDS - seq=contig_5, start=296522, stop=297340, strand=+, nt=[ATGTTTGACA..GTTTATCTAA]
19:35:35.444 - INFO - CDS - seq=contig_5, start=297362, stop=297997, strand=+, nt=[ATGTTAAAAG..CGCGTTCTAA]
19:35:35.444 - INFO - CDS - seq=contig_5, start=298154, stop=299212, strand=+, nt=[ATGCGAAAAT..CAACTTCTAG]
19:35:35.444 - INFO - CDS - seq=contig_5, start=299321, stop=300223, strand=-, nt=[ATGCGATTTG..GCAAGATTGA]
19:35:35.444 - INFO - CDS - seq=contig_5, start=300223, stop=301020, strand=-, nt=[ATGCGTGTGA..CAAACACTGA]
19:35:35.444 - INFO - CDS - seq=contig_5, start=301022, stop=301693, strand=-, nt=[ATGCAAAGGG..GGATGAGTAA]
19:35:35.445 - INFO - CDS - seq=contig_5, start=301887, stop=302480, strand=+, nt=[ATGTCAATTT..AGCTGATTAA]
19:35:35.445 - INFO - CDS - seq=contig_5, start=302550, stop=303185, strand=+, nt=[GTGATAGAAA..AATTTTTTAG]
19:35:35.445 - INFO - CDS - seq=contig_5, start=303375, stop=304430, strand=-, nt=[ATGTTTGTAG..CTTTGCTTAA]
19:35:35.445 - INFO - CDS - seq=contig_5, start=304540, stop=305883, strand=-, nt=[ATGGAAACTC..TAAGAACTAA]
19:35:35.445 - INFO - CDS - seq=contig_5, start=305932, stop=306198, strand=-, nt=[ATGCAAGTAA..TCGGCTTTAA]
19:35:35.445 - INFO - CDS - seq=contig_5, start=306389, stop=307717, strand=+, nt=[ATGAAAGCAG..TCACCCTTAG]
19:35:35.445 - INFO - CDS - seq=contig_5, start=307851, stop=309056, strand=-, nt=[ATGGAAGAAT..GCAACTTTAA]
19:35:35.445 - INFO - CDS - seq=contig_5, start=309037, stop=309150, strand=-, nt=[ATGCTCCGGT..TGCCAGCTGA]
19:35:35.445 - INFO - CDS - seq=contig_5, start=309399, stop=309872, strand=-, nt=[ATGTCAATTT..TCTTGGCTAA]
19:35:35.445 - INFO - CDS - seq=contig_5, start=309969, stop=311528, strand=-, nt=[ATGTATTATT..TGTTGATTAG]
19:35:35.445 - INFO - CDS - seq=contig_5, start=311556, stop=313067, strand=-, nt=[ATGATTTATT..GGAGAGTTAA]
19:35:35.445 - INFO - CDS - seq=contig_5, start=313531, stop=314034, strand=+, nt=[ATGACACATA..TCCGTCATGA]
19:35:35.445 - INFO - CDS - seq=contig_5, start=314031, stop=314852, strand=+, nt=[ATGAAACAAT..TTCAGAATGA]
19:35:35.445 - INFO - CDS - seq=contig_5, start=314969, stop=315184, strand=-, nt=[ATGGATCAAC..TGGCGGCTGA]
19:35:35.445 - INFO - CDS - seq=contig_5, start=315327, stop=316037, strand=-, nt=[ATGCGATTAG..CACTCGTTGA]
19:35:35.445 - INFO - CDS - seq=contig_5, start=316042, stop=317685, strand=-, nt=[ATGGAGAATT..CATTCGGTGA]
19:35:35.445 - INFO - CDS - seq=contig_5, start=317952, stop=320363, strand=-, nt=[ATGGCATACG..CGCAAAATAA]
19:35:35.445 - INFO - CDS - seq=contig_5, start=320817, stop=321500, strand=+, nt=[GTGCTAAAAC..TAAAAAATAG]
19:35:35.445 - INFO - CDS - seq=contig_5, start=321601, stop=322326, strand=-, nt=[ATGATTCTAT..ACAAAAATAG]
19:35:35.445 - INFO - CDS - seq=contig_5, start=322323, stop=323801, strand=-, nt=[ATGGACGTTA..GAAGGCATGA]
19:35:35.445 - INFO - CDS - seq=contig_5, start=324043, stop=324513, strand=+, nt=[ATGGGACCGT..TCCATTTTAA]
19:35:35.445 - INFO - CDS - seq=contig_5, start=324609, stop=326102, strand=-, nt=[ATGAAGCAAA..AGAAAGCTGA]
19:35:35.445 - INFO - CDS - seq=contig_5, start=326216, stop=327400, strand=-, nt=[ATGCAGGAAC..CCGAGATTAG]
19:35:35.445 - INFO - CDS - seq=contig_5, start=327581, stop=328228, strand=+, nt=[TTGAAAAATA..GCACGGCTAA]
19:35:35.445 - INFO - CDS - seq=contig_6, start=175, stop=2310, strand=+, frame=1, truncated=no, start-type=GTG, RBS-motif=None
19:35:35.445 - INFO - CDS - seq=contig_6, start=2357, stop=3163, strand=+, frame=2, truncated=no, start-type=ATG, RBS-motif=AGGAG
19:35:35.445 - INFO - CDS - seq=contig_6, start=3224, stop=3844, strand=+, frame=2, truncated=no, start-type=ATG, RBS-motif=GGA/GAG/AGG
19:35:35.445 - INFO - CDS - seq=contig_6, start=4167, stop=4979, strand=+, frame=3, truncated=no, start-type=TTG, RBS-motif=AGGAG
19:35:35.445 - INFO - CDS - seq=contig_6, start=5666, stop=6271, strand=-, frame=1, truncated=no, start-type=ATG, RBS-motif=GGxGG
19:35:35.445 - INFO - CDS - seq=contig_6, start=6697, stop=7287, strand=+, frame=1, truncated=no, start-type=ATG, RBS-motif=GGAG/GAGG
19:35:35.445 - INFO - CDS - seq=contig_6, start=7328, stop=9910, strand=+, frame=2, truncated=no, start-type=ATG, RBS-motif=AGGAGG
19:35:35.445 - INFO - CDS - seq=contig_6, start=10257, stop=11003, strand=-, frame=3, truncated=no, start-type=ATG, RBS-motif=GGA/GAG/AGG
19:35:35.445 - INFO - CDS - seq=contig_6, start=11281, stop=12024, strand=-, frame=2, truncated=no, start-type=ATG, RBS-motif=GGA/GAG/AGG
19:35:35.445 - INFO - CDS - seq=contig_6, start=12087, stop=14309, strand=-, frame=3, truncated=no, start-type=ATG, RBS-motif=GGxGG
19:35:35.445 - INFO - CDS - seq=contig_6, start=15174, stop=16598, strand=+, frame=3, truncated=no, start-type=ATG, RBS-motif=GGAG/GAGG
19:35:35.446 - INFO - CDS - seq=contig_6, start=16595, stop=16801, strand=+, frame=2, truncated=no, start-type=TTG, RBS-motif=GGA/GAG/AGG
19:35:35.446 - INFO - CDS - seq=contig_6, start=16773, stop=17183, strand=+, frame=3, truncated=no, start-type=ATG, RBS-motif=AGGAGG
19:35:35.446 - INFO - CDS - seq=contig_6, start=17293, stop=18393, strand=+, frame=1, truncated=no, start-type=ATG, RBS-motif=AGGAGG
19:35:35.446 - INFO - CDS - seq=contig_6, start=18450, stop=18785, strand=+, frame=3, truncated=no, start-type=ATG, RBS-motif=AGGAG
19:35:35.446 - INFO - CDS - seq=contig_6, start=19037, stop=19603, strand=-, frame=1, truncated=no, start-type=ATG, RBS-motif=GGAGG
19:35:35.446 - INFO - CDS - seq=contig_6, start=20074, stop=20856, strand=+, frame=1, truncated=no, start-type=ATG, RBS-motif=AGGAGG
19:35:35.446 - INFO - CDS - seq=contig_6, start=20853, stop=22337, strand=+, frame=3, truncated=no, start-type=ATG, RBS-motif=AGGAGG
19:35:35.446 - INFO - CDS - seq=contig_6, start=22330, stop=23037, strand=+, frame=1, truncated=no, start-type=ATG, RBS-motif=GGAGG
19:35:35.446 - INFO - CDS - seq=contig_6, start=24257, stop=24820, strand=+, frame=2, truncated=no, start-type=ATG, RBS-motif=AGGAG
19:35:35.446 - INFO - CDS - seq=contig_6, start=25048, stop=26478, strand=+, frame=1, truncated=no, start-type=ATG, RBS-motif=GGA/GAG/AGG
19:35:35.446 - INFO - CDS - seq=contig_6, start=26910, stop=28532, strand=+, frame=3, truncated=no, start-type=ATG, RBS-motif=AGGAGG
19:35:35.446 - INFO - CDS - seq=contig_6, start=28707, stop=29630, strand=+, frame=3, truncated=no, start-type=ATG, RBS-motif=AGGAG
19:35:35.446 - INFO - CDS - seq=contig_6, start=29630, stop=30628, strand=+, frame=2, truncated=no, start-type=ATG, RBS-motif=GGAGG
19:35:35.446 - INFO - CDS - seq=contig_6, start=30640, stop=31692, strand=+, frame=1, truncated=no, start-type=ATG, RBS-motif=AGGAGG
19:35:35.446 - INFO - CDS - seq=contig_6, start=31694, stop=32671, strand=+, frame=2, truncated=no, start-type=GTG, RBS-motif=AGxAGG/AGGxGG
19:35:35.446 - INFO - CDS - seq=contig_6, start=32980, stop=33618, strand=+, frame=1, truncated=no, start-type=ATG, RBS-motif=AGGAG
19:35:35.446 - INFO - CDS - seq=contig_6, start=33878, stop=34189, strand=+, frame=2, truncated=no, start-type=ATG, RBS-motif=AGxAGG/AGGxGG
19:35:35.446 - INFO - CDS - seq=contig_6, start=34474, stop=34698, strand=+, frame=1, truncated=no, start-type=ATG, RBS-motif=AGGAG
19:35:35.446 - INFO - CDS - seq=contig_6, start=34695, stop=35408, strand=+, frame=3, truncated=no, start-type=ATG, RBS-motif=None
19:35:35.446 - INFO - CDS - seq=contig_6, start=35520, stop=36020, strand=+, frame=3, truncated=no, start-type=ATG, RBS-motif=AGGAG
19:35:35.446 - INFO - CDS - seq=contig_6, start=36303, stop=37022, strand=-, frame=3, truncated=no, start-type=ATG, RBS-motif=GGxGG
19:35:35.446 - INFO - CDS - seq=contig_6, start=37379, stop=38359, strand=+, frame=2, truncated=no, start-type=TTG, RBS-motif=AGGAG/GGAGG
19:35:35.446 - INFO - CDS - seq=contig_6, start=38757, stop=39668, strand=+, frame=3, truncated=no, start-type=ATG, RBS-motif=AGxAGG/AGGxGG
19:35:35.447 - INFO - CDS - seq=contig_6, start=39682, stop=40434, strand=+, frame=1, truncated=no, start-type=ATG, RBS-motif=AGGAG
19:35:35.447 - INFO - CDS - seq=contig_6, start=40517, stop=41641, strand=+, frame=2, truncated=no, start-type=ATG, RBS-motif=GGxGG
19:35:35.447 - INFO - CDS - seq=contig_6, start=41729, stop=43126, strand=+, frame=2, truncated=no, start-type=ATG, RBS-motif=None
19:35:35.447 - INFO - CDS - seq=contig_6, start=43191, stop=44558, strand=+, frame=3, truncated=no, start-type=ATG, RBS-motif=AGGAG
19:35:35.447 - INFO - CDS - seq=contig_6, start=44613, stop=45677, strand=+, frame=3, truncated=no, start-type=ATG, RBS-motif=GGxGG
19:35:35.447 - INFO - CDS - seq=contig_6, start=45718, stop=46854, strand=+, frame=1, truncated=no, start-type=TTG, RBS-motif=AGGAGG
19:35:35.447 - INFO - CDS - seq=contig_6, start=46869, stop=47960, strand=+, frame=3, truncated=no, start-type=GTG, RBS-motif=AGGAG
19:35:35.447 - INFO - CDS - seq=contig_6, start=48054, stop=48851, strand=+, frame=3, truncated=no, start-type=ATG, RBS-motif=AGGAG
19:35:35.447 - INFO - CDS - seq=contig_6, start=48943, stop=49971, strand=+, frame=1, truncated=no, start-type=TTG, RBS-motif=GGA/GAG/AGG
19:35:35.447 - INFO - CDS - seq=contig_6, start=49968, stop=50378, strand=+, frame=3, truncated=no, start-type=TTG, RBS-motif=3Base/5BMM
19:35:35.447 - INFO - CDS - seq=contig_6, start=50587, stop=51255, strand=+, frame=1, truncated=no, start-type=TTG, RBS-motif=GGAGG
19:35:35.447 - INFO - CDS - seq=contig_6, start=51438, stop=52331, strand=-, frame=3, truncated=no, start-type=ATG, RBS-motif=GGAG/GAGG
19:35:35.447 - INFO - CDS - seq=contig_6, start=52509, stop=53273, strand=+, frame=3, truncated=no, start-type=ATG, RBS-motif=GGA/GAG/AGG
19:35:35.447 - INFO - CDS - seq=contig_6, start=53638, stop=55788, strand=+, frame=1, truncated=no, start-type=ATG, RBS-motif=AGGAGG
19:35:35.447 - INFO - CDS - seq=contig_6, start=56421, stop=56822, strand=+, frame=3, truncated=no, start-type=ATG, RBS-motif=GGAG/GAGG
19:35:35.447 - INFO - CDS - seq=contig_6, start=57254, stop=59185, strand=+, frame=2, truncated=no, start-type=ATG, RBS-motif=AGGA
19:35:35.447 - INFO - CDS - seq=contig_6, start=59652, stop=60482, strand=+, frame=3, truncated=no, start-type=ATG, RBS-motif=GGxGG
19:35:35.447 - INFO - CDS - seq=contig_6, start=61072, stop=62484, strand=-, frame=2, truncated=no, start-type=ATG, RBS-motif=GGAGG
19:35:35.447 - INFO - CDS - seq=contig_6, start=62574, stop=62714, strand=-, frame=3, truncated=no, start-type=ATG, RBS-motif=AGxAGG/AGGxGG
19:35:35.447 - INFO - CDS - seq=contig_6, start=63089, stop=63991, strand=+, frame=2, truncated=no, start-type=ATG, RBS-motif=GGAG/GAGG
19:35:35.447 - INFO - CDS - seq=contig_6, start=64258, stop=65289, strand=-, frame=2, truncated=no, start-type=ATG, RBS-motif=GGAGG
19:35:35.447 - INFO - CDS - seq=contig_6, start=65666, stop=67765, strand=+, frame=2, truncated=no, start-type=ATG, RBS-motif=GGAG/GAGG
19:35:35.447 - INFO - CDS - seq=contig_6, start=67762, stop=68904, strand=+, frame=1, truncated=no, start-type=ATG, RBS-motif=None
19:35:35.447 - INFO - CDS - seq=contig_6, start=68901, stop=70070, strand=+, frame=3, truncated=no, start-type=ATG, RBS-motif=AGGA
19:35:35.448 - INFO - CDS - seq=contig_6, start=70063, stop=71508, strand=+, frame=1, truncated=no, start-type=GTG, RBS-motif=AGxAGG/AGGxGG
19:35:35.448 - INFO - CDS - seq=contig_6, start=71724, stop=74132, strand=+, frame=3, truncated=no, start-type=ATG, RBS-motif=GGAG/GAGG
19:35:35.448 - INFO - CDS - seq=contig_6, start=74382, stop=76160, strand=+, frame=3, truncated=no, start-type=ATG, RBS-motif=GGAGG
19:35:35.448 - INFO - CDS - seq=contig_6, start=76608, stop=77537, strand=-, frame=3, truncated=no, start-type=ATG, RBS-motif=GGAGG
19:35:35.448 - INFO - CDS - seq=contig_6, start=77712, stop=78047, strand=+, frame=3, truncated=no, start-type=ATG, RBS-motif=AGGAGG
19:35:35.448 - INFO - CDS - seq=contig_6, start=78222, stop=79166, strand=+, frame=3, truncated=no, start-type=ATG, RBS-motif=AGGAGG
19:35:35.448 - INFO - CDS - seq=contig_6, start=79700, stop=80974, strand=+, frame=2, truncated=no, start-type=ATG, RBS-motif=GGAGG
19:35:35.448 - INFO - CDS - seq=contig_6, start=81282, stop=82499, strand=+, frame=3, truncated=no, start-type=ATG, RBS-motif=AGGAG/GGAGG
19:35:35.448 - INFO - CDS - seq=contig_6, start=82606, stop=83013, strand=+, frame=1, truncated=no, start-type=ATG, RBS-motif=AGxAGG/AGGxGG
19:35:35.448 - INFO - CDS - seq=contig_6, start=83130, stop=83732, strand=+, frame=3, truncated=no, start-type=ATG, RBS-motif=AGGAGG
19:35:35.448 - INFO - CDS - seq=contig_6, start=83802, stop=83915, strand=-, frame=3, truncated=no, start-type=ATG, RBS-motif=AGGAGG
19:35:35.448 - INFO - CDS - seq=contig_6, start=84024, stop=84470, strand=+, frame=3, truncated=no, start-type=ATG, RBS-motif=AGGAG
19:35:35.448 - INFO - CDS - seq=contig_6, start=84762, stop=85202, strand=+, frame=3, truncated=no, start-type=ATG, RBS-motif=AGGAG
19:35:35.448 - INFO - CDS - seq=contig_6, start=85223, stop=86209, strand=+, frame=2, truncated=no, start-type=ATG, RBS-motif=AGGA
19:35:35.448 - INFO - CDS - seq=contig_6, start=86626, stop=87363, strand=+, frame=1, truncated=no, start-type=ATG, RBS-motif=AGGAGG
19:35:35.448 - INFO - CDS - seq=contig_6, start=87491, stop=88315, strand=+, frame=2, truncated=no, start-type=ATG, RBS-motif=AGGAGG
19:35:35.448 - INFO - CDS - seq=contig_6, start=88317, stop=88961, strand=+, frame=3, truncated=no, start-type=ATG, RBS-motif=AGGAGG
19:35:35.448 - INFO - CDS - seq=contig_6, start=88977, stop=89639, strand=+, frame=3, truncated=no, start-type=ATG, RBS-motif=AGGAG
19:35:35.448 - INFO - CDS - seq=contig_6, start=89798, stop=90733, strand=+, frame=2, truncated=no, start-type=TTG, RBS-motif=GGAGG
19:35:35.448 - INFO - CDS - seq=contig_6, start=90818, stop=91573, strand=+, frame=2, truncated=no, start-type=TTG, RBS-motif=AGGAG
19:35:35.448 - INFO - CDS - seq=contig_6, start=91595, stop=92335, strand=+, frame=2, truncated=no, start-type=ATG, RBS-motif=GGAG/GAGG
19:35:35.448 - INFO - CDS - seq=contig_6, start=92466, stop=93866, strand=+, frame=3, truncated=no, start-type=ATG, RBS-motif=GGAG/GAGG
19:35:35.448 - INFO - CDS - seq=contig_6, start=94009, stop=94875, strand=+, frame=1, truncated=no, start-type=ATG, RBS-motif=GGAGG
19:35:35.448 - INFO - CDS - seq=contig_6, start=95137, stop=96279, strand=+, frame=1, truncated=no, start-type=TTG, RBS-motif=GGAG/GAGG
19:35:35.448 - INFO - CDS - seq=contig_6, start=96351, stop=97343, strand=+, frame=3, truncated=no, start-type=ATG, RBS-motif=AGGAGG
19:35:35.449 - INFO - CDS - seq=contig_6, start=97471, stop=98511, strand=-, frame=2, truncated=no, start-type=ATG, RBS-motif=GGAGG
19:35:35.449 - INFO - CDS - seq=contig_6, start=98762, stop=100249, strand=+, frame=2, truncated=no, start-type=ATG, RBS-motif=AGGA/GGAG/GAGG
19:35:35.449 - INFO - CDS - seq=contig_6, start=100388, stop=102469, strand=+, frame=2, truncated=no, start-type=ATG, RBS-motif=AGGAG
19:35:35.449 - INFO - CDS - seq=contig_6, start=102665, stop=104404, strand=+, frame=2, truncated=no, start-type=ATG, RBS-motif=GGAG/GAGG
19:35:35.449 - INFO - CDS - seq=contig_6, start=104559, stop=106232, strand=-, frame=3, truncated=no, start-type=ATG, RBS-motif=GGxGG
19:35:35.449 - INFO - CDS - seq=contig_6, start=106643, stop=107608, strand=+, frame=2, truncated=no, start-type=ATG, RBS-motif=AGGAG
19:35:35.449 - INFO - CDS - seq=contig_6, start=107663, stop=108799, strand=+, frame=2, truncated=no, start-type=ATG, RBS-motif=GGAG/GAGG
19:35:35.449 - INFO - CDS - seq=contig_6, start=108814, stop=110253, strand=+, frame=1, truncated=no, start-type=TTG, RBS-motif=GGAG/GAGG
19:35:35.449 - INFO - CDS - seq=contig_6, start=110497, stop=111189, strand=+, frame=1, truncated=no, start-type=ATG, RBS-motif=GGAG/GAGG
19:35:35.449 - INFO - CDS - seq=contig_6, start=111247, stop=111882, strand=+, frame=1, truncated=no, start-type=ATG, RBS-motif=AGGAG
19:35:35.449 - INFO - CDS - seq=contig_6, start=111960, stop=113009, strand=+, frame=3, truncated=no, start-type=GTG, RBS-motif=AGGAG
19:35:35.449 - INFO - CDS - seq=contig_6, start=113297, stop=115621, strand=+, frame=2, truncated=no, start-type=GTG, RBS-motif=GGAGG
19:35:35.449 - INFO - CDS - seq=contig_6, start=115931, stop=116929, strand=+, frame=2, truncated=no, start-type=ATG, RBS-motif=GGAG/GAGG
19:35:35.449 - INFO - CDS - seq=contig_6, start=117067, stop=118362, strand=-, frame=2, truncated=no, start-type=ATG, RBS-motif=GGA/GAG/AGG
19:35:35.449 - INFO - CDS - seq=contig_6, start=118500, stop=119381, strand=-, frame=3, truncated=no, start-type=ATG, RBS-motif=AGGAGG
19:35:35.449 - INFO - CDS - seq=contig_6, start=119517, stop=121172, strand=-, frame=3, truncated=no, start-type=ATG, RBS-motif=AGGAG
19:35:35.449 - INFO - CDS - seq=contig_6, start=121473, stop=122231, strand=+, frame=3, truncated=no, start-type=ATG, RBS-motif=GGAGG
19:35:35.449 - INFO - CDS - seq=contig_6, start=122244, stop=124052, strand=+, frame=3, truncated=no, start-type=ATG, RBS-motif=GGA/GAG/AGG
19:35:35.449 - INFO - CDS - seq=contig_6, start=124403, stop=125062, strand=-, frame=1, truncated=no, start-type=ATG, RBS-motif=AGGAGG
19:35:35.449 - INFO - CDS - seq=contig_6, start=125220, stop=126185, strand=+, frame=3, truncated=no, start-type=ATG, RBS-motif=GGAGG
19:35:35.449 - INFO - CDS - seq=contig_6, start=126172, stop=127524, strand=+, frame=1, truncated=no, start-type=ATG, RBS-motif=GGAGG
19:35:35.449 - INFO - CDS - seq=contig_6, start=127635, stop=128096, strand=-, frame=3, truncated=no, start-type=ATG, RBS-motif=AGGAG
19:35:35.449 - INFO - CDS - seq=contig_6, start=128154, stop=129059, strand=-, frame=3, truncated=no, start-type=ATG, RBS-motif=GGA/GAG/AGG
19:35:35.449 - INFO - CDS - seq=contig_6, start=129115, stop=130944, strand=-, frame=2, truncated=no, start-type=ATG, RBS-motif=GGAGG
19:35:35.450 - INFO - CDS - seq=contig_6, start=131016, stop=131210, strand=+, frame=3, truncated=no, start-type=ATG, RBS-motif=AGGA
19:35:35.450 - INFO - CDS - seq=contig_6, start=132171, stop=134462, strand=+, frame=3, truncated=no, start-type=GTG, RBS-motif=GGA/GAG/AGG
19:35:35.450 - INFO - CDS - seq=contig_6, start=134467, stop=134943, strand=+, frame=1, truncated=no, start-type=ATG, RBS-motif=GGAG/GAGG
19:35:35.450 - INFO - CDS - seq=contig_6, start=135118, stop=135693, strand=-, frame=2, truncated=no, start-type=ATG, RBS-motif=AGGAG
19:35:35.450 - INFO - CDS - seq=contig_6, start=136141, stop=137550, strand=+, frame=1, truncated=no, start-type=TTG, RBS-motif=AGxAGG/AGGxGG
19:35:35.450 - INFO - CDS - seq=contig_6, start=137614, stop=137904, strand=-, frame=2, truncated=no, start-type=ATG, RBS-motif=AGGAGG
19:35:35.450 - INFO - CDS - seq=contig_6, start=137951, stop=138313, strand=-, frame=1, truncated=no, start-type=ATG, RBS-motif=GGAGG
19:35:35.450 - INFO - CDS - seq=contig_6, start=138469, stop=139395, strand=+, frame=1, truncated=no, start-type=ATG, RBS-motif=AGGA/GGAG/GAGG
19:35:35.450 - INFO - CDS - seq=contig_6, start=139568, stop=141121, strand=+, frame=2, truncated=no, start-type=GTG, RBS-motif=AGGA/GGAG/GAGG
19:35:35.450 - INFO - CDS - seq=contig_6, start=141331, stop=142095, strand=-, frame=2, truncated=no, start-type=ATG, RBS-motif=GGA/GAG/AGG
19:35:35.450 - INFO - CDS - seq=contig_6, start=142944, stop=144398, strand=-, frame=3, truncated=no, start-type=ATG, RBS-motif=GGAG/GAGG
19:35:35.450 - INFO - CDS - seq=contig_6, start=145413, stop=145553, strand=+, frame=3, truncated=no, start-type=ATG, RBS-motif=AGGA
19:35:35.450 - INFO - CDS - seq=contig_6, start=145652, stop=145981, strand=-, frame=1, truncated=no, start-type=GTG, RBS-motif=AGxAGG/AGGxGG
19:35:35.450 - INFO - CDS - seq=contig_6, start=146682, stop=148277, strand=-, frame=3, truncated=no, start-type=ATG, RBS-motif=AGGA
19:35:35.450 - INFO - CDS - seq=contig_6, start=148590, stop=149357, strand=+, frame=3, truncated=no, start-type=ATG, RBS-motif=AGGAG
19:35:35.450 - INFO - CDS - seq=contig_6, start=149339, stop=149545, strand=-, frame=1, truncated=no, start-type=ATG, RBS-motif=GGA/GAG/AGG
19:35:35.450 - INFO - CDS - seq=contig_6, start=149532, stop=150293, strand=-, frame=3, truncated=no, start-type=ATG, RBS-motif=GGAG/GAGG
19:35:35.450 - INFO - CDS - seq=contig_6, start=150646, stop=154068, strand=+, frame=1, truncated=no, start-type=ATG, RBS-motif=GGAGG
19:35:35.450 - INFO - CDS - seq=contig_6, start=154217, stop=154510, strand=+, frame=2, truncated=no, start-type=GTG, RBS-motif=GGA/GAG/AGG
19:35:35.450 - INFO - CDS - seq=contig_6, start=154602, stop=155000, strand=+, frame=3, truncated=no, start-type=ATG, RBS-motif=GGA/GAG/AGG
19:35:35.450 - INFO - CDS - seq=contig_6, start=155151, stop=155252, strand=+, frame=3, truncated=no, start-type=ATG, RBS-motif=GGAGG
19:35:35.450 - INFO - CDS - seq=contig_6, start=155424, stop=157025, strand=+, frame=3, truncated=no, start-type=ATG, RBS-motif=GGA/GAG/AGG
19:35:35.450 - INFO - CDS - seq=contig_6, start=157015, stop=158670, strand=+, frame=1, truncated=no, start-type=ATG, RBS-motif=AGxAGG/AGGxGG
19:35:35.451 - INFO - CDS - seq=contig_6, start=158777, stop=159040, strand=+, frame=2, truncated=no, start-type=ATG, RBS-motif=AGxAGG/AGGxGG
19:35:35.451 - INFO - CDS - seq=contig_6, start=159252, stop=159584, strand=+, frame=3, truncated=no, start-type=ATG, RBS-motif=GGA/GAG/AGG
19:35:35.451 - INFO - CDS - seq=contig_6, start=159581, stop=160261, strand=+, frame=2, truncated=no, start-type=ATG, RBS-motif=AGGAGG
19:35:35.451 - INFO - CDS - seq=contig_6, start=160624, stop=162294, strand=+, frame=1, truncated=no, start-type=ATG, RBS-motif=AGGA/GGAG/GAGG
19:35:35.451 - INFO - CDS - seq=contig_6, start=162398, stop=163351, strand=+, frame=2, truncated=no, start-type=ATG, RBS-motif=AGxAGG/AGGxGG
19:35:35.451 - INFO - CDS - seq=contig_6, start=163476, stop=164459, strand=+, frame=3, truncated=no, start-type=ATG, RBS-motif=AGGAGG
19:35:35.451 - INFO - CDS - seq=contig_6, start=164563, stop=164874, strand=+, frame=1, truncated=no, start-type=ATG, RBS-motif=AGGAGG
19:35:35.451 - INFO - CDS - seq=contig_6, start=164924, stop=166012, strand=+, frame=2, truncated=no, start-type=ATG, RBS-motif=AGGA
19:35:35.451 - INFO - CDS - seq=contig_6, start=166009, stop=166887, strand=+, frame=1, truncated=no, start-type=TTG, RBS-motif=GGAGG
19:35:35.451 - INFO - CDS - seq=contig_6, start=166901, stop=167461, strand=+, frame=2, truncated=no, start-type=GTG, RBS-motif=GGAG/GAGG
19:35:35.451 - INFO - CDS - seq=contig_6, start=167529, stop=168269, strand=-, frame=3, truncated=no, start-type=ATG, RBS-motif=AGGA/GGAG/GAGG
19:35:35.451 - INFO - CDS - seq=contig_6, start=168266, stop=168979, strand=-, frame=1, truncated=no, start-type=ATG, RBS-motif=AGGAGG
19:35:35.451 - INFO - CDS - seq=contig_6, start=168969, stop=169346, strand=-, frame=3, truncated=no, start-type=GTG, RBS-motif=AGGAGG
19:35:35.451 - INFO - CDS - seq=contig_6, start=169528, stop=170379, strand=+, frame=1, truncated=no, start-type=ATG, RBS-motif=GGAG/GAGG
19:35:35.451 - INFO - CDS - seq=contig_6, start=170464, stop=171498, strand=-, frame=2, truncated=no, start-type=ATG, RBS-motif=GGA/GAG/AGG
19:35:35.451 - INFO - CDS - seq=contig_6, start=171618, stop=172355, strand=-, frame=3, truncated=no, start-type=ATG, RBS-motif=GGAGG
19:35:35.451 - INFO - CDS - seq=contig_6, start=172518, stop=173927, strand=+, frame=3, truncated=no, start-type=ATG, RBS-motif=GGA/GAG/AGG
19:35:35.451 - INFO - CDS - seq=contig_6, start=174015, stop=174653, strand=-, frame=3, truncated=no, start-type=ATG, RBS-motif=AGGA
19:35:35.451 - INFO - CDS - seq=contig_6, start=174650, stop=176266, strand=-, frame=1, truncated=no, start-type=ATG, RBS-motif=GGA/GAG/AGG
19:35:35.451 - INFO - CDS - seq=contig_6, start=176253, stop=177170, strand=-, frame=3, truncated=no, start-type=ATG, RBS-motif=AGGAGG
19:35:35.451 - INFO - CDS - seq=contig_6, start=177443, stop=178198, strand=-, frame=1, truncated=no, start-type=TTG, RBS-motif=AGGAG
19:35:35.451 - INFO - CDS - seq=contig_6, start=178292, stop=179149, strand=-, frame=1, truncated=no, start-type=ATG, RBS-motif=AGGAGG
19:35:35.451 - INFO - CDS - seq=contig_6, start=179146, stop=179484, strand=-, frame=2, truncated=no, start-type=ATG, RBS-motif=GGAGG
19:35:35.451 - INFO - CDS - seq=contig_6, start=179747, stop=180364, strand=+, frame=2, truncated=no, start-type=ATG, RBS-motif=GGAG/GAGG
19:35:35.451 - INFO - CDS - seq=contig_6, start=180384, stop=180878, strand=-, frame=3, truncated=no, start-type=ATG, RBS-motif=AGGAG
19:35:35.452 - INFO - CDS - seq=contig_6, start=180929, stop=181492, strand=+, frame=2, truncated=no, start-type=ATG, RBS-motif=GGA/GAG/AGG
19:35:35.452 - INFO - CDS - seq=contig_6, start=181566, stop=181823, strand=+, frame=3, truncated=no, start-type=ATG, RBS-motif=AGGAGG
19:35:35.452 - INFO - CDS - seq=contig_6, start=182108, stop=183457, strand=+, frame=2, truncated=no, start-type=ATG, RBS-motif=GGAG/GAGG
19:35:35.452 - INFO - CDS - seq=contig_6, start=183556, stop=183882, strand=+, frame=1, truncated=no, start-type=ATG, RBS-motif=AGGAGG
19:35:35.452 - INFO - CDS - seq=contig_6, start=183888, stop=184286, strand=+, frame=3, truncated=no, start-type=ATG, RBS-motif=AGxAGG/AGGxGG
19:35:35.452 - INFO - CDS - seq=contig_6, start=184301, stop=185425, strand=+, frame=2, truncated=no, start-type=ATG, RBS-motif=AGGAGG
19:35:35.452 - INFO - CDS - seq=contig_6, start=185599, stop=185742, strand=+, frame=1, truncated=no, start-type=ATG, RBS-motif=GGAGG
19:35:35.452 - INFO - CDS - seq=contig_6, start=185744, stop=186748, strand=+, frame=2, truncated=no, start-type=ATG, RBS-motif=None
19:35:35.452 - INFO - CDS - seq=contig_6, start=186738, stop=187043, strand=+, frame=3, truncated=no, start-type=ATG, RBS-motif=AGGAG
19:35:35.452 - INFO - CDS - seq=contig_6, start=187031, stop=187909, strand=+, frame=2, truncated=no, start-type=ATG, RBS-motif=GGAGG
19:35:35.452 - INFO - CDS - seq=contig_6, start=187909, stop=189441, strand=+, frame=1, truncated=no, start-type=ATG, RBS-motif=GGAGG
19:35:35.452 - INFO - CDS - seq=contig_6, start=189434, stop=189973, strand=+, frame=2, truncated=no, start-type=ATG, RBS-motif=None
19:35:35.452 - INFO - CDS - seq=contig_6, start=190219, stop=191622, strand=+, frame=1, truncated=no, start-type=ATG, RBS-motif=AGGAGG
19:35:35.452 - INFO - CDS - seq=contig_6, start=191759, stop=192454, strand=+, frame=2, truncated=no, start-type=ATG, RBS-motif=AGxAGG/AGGxGG
19:35:35.452 - INFO - CDS - seq=contig_6, start=192447, stop=193289, strand=+, frame=3, truncated=no, start-type=TTG, RBS-motif=GGA/GAG/AGG
19:35:35.452 - INFO - CDS - seq=contig_6, start=193243, stop=193668, strand=-, frame=2, truncated=no, start-type=ATG, RBS-motif=GGAG/GAGG
19:35:35.452 - INFO - CDS - seq=contig_6, start=193892, stop=194473, strand=+, frame=2, truncated=no, start-type=ATG, RBS-motif=GGAG/GAGG
19:35:35.452 - INFO - CDS - seq=contig_6, start=194625, stop=195434, strand=-, frame=3, truncated=no, start-type=ATG, RBS-motif=AGGAGG
19:35:35.452 - INFO - CDS - seq=contig_6, start=195569, stop=196450, strand=+, frame=2, truncated=no, start-type=ATG, RBS-motif=AGGA
19:35:35.452 - INFO - CDS - seq=contig_6, start=196554, stop=197171, strand=-, frame=3, truncated=no, start-type=ATG, RBS-motif=GGA/GAG/AGG
19:35:35.452 - INFO - CDS - seq=contig_6, start=197389, stop=197538, strand=-, frame=2, truncated=no, start-type=ATG, RBS-motif=GGAG/GAGG
19:35:35.452 - INFO - CDS - seq=contig_6, start=197601, stop=198176, strand=-, frame=3, truncated=no, start-type=ATG, RBS-motif=AGGAGG
19:35:35.452 - INFO - CDS - seq=contig_6, start=198474, stop=199508, strand=-, frame=3, truncated=no, start-type=ATG, RBS-motif=GGAGG
19:35:35.452 - INFO - CDS - seq=contig_6, start=200111, stop=200635, strand=+, frame=2, truncated=no, start-type=ATG, RBS-motif=AGGAG
19:35:35.452 - INFO - CDS - seq=contig_6, start=200755, stop=201306, strand=+, frame=1, truncated=no, start-type=ATG, RBS-motif=GGAGG
19:35:35.452 - INFO - CDS - seq=contig_6, start=201618, stop=203294, strand=+, frame=3, truncated=no, start-type=ATG, RBS-motif=AGGAGG
19:35:35.453 - INFO - CDS - seq=contig_6, start=203353, stop=204063, strand=+, frame=1, truncated=no, start-type=GTG, RBS-motif=AGGAGG
19:35:35.453 - INFO - CDS - seq=contig_6, start=204148, stop=204291, strand=+, frame=1, truncated=no, start-type=ATG, RBS-motif=AGGA/GGAG/GAGG
19:35:35.453 - INFO - CDS - seq=contig_6, start=204804, stop=206258, strand=+, frame=3, truncated=no, start-type=TTG, RBS-motif=AGGAG
19:35:35.453 - INFO - CDS - seq=contig_6, start=206322, stop=207851, strand=-, frame=3, truncated=no, start-type=ATG, RBS-motif=AGxAGG/AGGxGG
19:35:35.453 - INFO - CDS - seq=contig_6, start=208112, stop=209689, strand=+, frame=2, truncated=no, start-type=ATG, RBS-motif=GGxGG
19:35:35.453 - INFO - CDS - seq=contig_6, start=210061, stop=211344, strand=+, frame=1, truncated=no, start-type=ATG, RBS-motif=AGGAGG
19:35:35.453 - INFO - CDS - seq=contig_6, start=175, stop=2310, strand=+, nt=[GTGTCAATCA..CCATTCATAA]
19:35:35.453 - INFO - CDS - seq=contig_6, start=2357, stop=3163, strand=+, nt=[ATGTCCCCAA..ATTGGGCTGA]
19:35:35.453 - INFO - CDS - seq=contig_6, start=3224, stop=3844, strand=+, nt=[ATGTCAATTG..GGCGAAATGA]
19:35:35.453 - INFO - CDS - seq=contig_6, start=4167, stop=4979, strand=+, nt=[TTGAAAGTCA..GATTTCGTGA]
19:35:35.453 - INFO - CDS - seq=contig_6, start=5666, stop=6271, strand=-, nt=[ATGTCAAAGA..TGCACAGTAA]
19:35:35.453 - INFO - CDS - seq=contig_6, start=6697, stop=7287, strand=+, nt=[ATGGCAAATA..GCAACTATAA]
19:35:35.453 - INFO - CDS - seq=contig_6, start=7328, stop=9910, strand=+, nt=[ATGGCTAATC..GGATGTTTGA]
19:35:35.453 - INFO - CDS - seq=contig_6, start=10257, stop=11003, strand=-, nt=[ATGGAAACTT..GCGAATTTAA]
19:35:35.453 - INFO - CDS - seq=contig_6, start=11281, stop=12024, strand=-, nt=[ATGAAATTTA..CGCGAAGTAA]
19:35:35.453 - INFO - CDS - seq=contig_6, start=12087, stop=14309, strand=-, nt=[ATGGCAAATA..GCAAAGTTAG]
19:35:35.453 - INFO - CDS - seq=contig_6, start=15174, stop=16598, strand=+, nt=[ATGAATGCAT..TGCTGTTTGA]
19:35:35.453 - INFO - CDS - seq=contig_6, start=16595, stop=16801, strand=+, nt=[TTGAAAAATG..TGCCGGTTGA]
19:35:35.453 - INFO - CDS - seq=contig_6, start=16773, stop=17183, strand=+, nt=[ATGAAGATCA..TCAATCTTAA]
19:35:35.453 - INFO - CDS - seq=contig_6, start=17293, stop=18393, strand=+, nt=[ATGGGACAGA..TAAAAGTTAG]
19:35:35.453 - INFO - CDS - seq=contig_6, start=18450, stop=18785, strand=+, nt=[ATGACGCAAG..AACTGTTTAA]
19:35:35.453 - INFO - CDS - seq=contig_6, start=19037, stop=19603, strand=-, nt=[ATGCGTAAGC..GATGGGTTGA]
19:35:35.453 - INFO - CDS - seq=contig_6, start=20074, stop=20856, strand=+, nt=[ATGAAAGTTG..GCGCCTATGA]
19:35:35.453 - INFO - CDS - seq=contig_6, start=20853, stop=22337, strand=+, nt=[ATGAGTATCG..ACATGAGTGA]
19:35:35.453 - INFO - CDS - seq=contig_6, start=22330, stop=23037, strand=+, nt=[ATGAGTGATC..GGATATGTAA]
19:35:35.453 - INFO - CDS - seq=contig_6, start=24257, stop=24820, strand=+, nt=[ATGACTGAAG..TCAAAAATAA]
19:35:35.453 - INFO - CDS - seq=contig_6, start=25048, stop=26478, strand=+, nt=[ATGGTGATGA..AGTTCAATAA]
19:35:35.453 - INFO - CDS - seq=contig_6, start=26910, stop=28532, strand=+, nt=[ATGAAATTTA..AGTTAAGTAG]
19:35:35.453 - INFO - CDS - seq=contig_6, start=28707, stop=29630, strand=+, nt=[ATGGTCAAAT..GGCAAACTAA]
19:35:35.453 - INFO - CDS - seq=contig_6, start=29630, stop=30628, strand=+, nt=[ATGGCAACAA..TGAACATTAG]
19:35:35.453 - INFO - CDS - seq=contig_6, start=30640, stop=31692, strand=+, nt=[ATGAGTAAAA..GGTGAACTAA]
19:35:35.453 - INFO - CDS - seq=contig_6, start=31694, stop=32671, strand=+, nt=[GTGGTCGACA..TGCCCAGTAA]
19:35:35.453 - INFO - CDS - seq=contig_6, start=32980, stop=33618, strand=+, nt=[ATGACCAAGT..AAGTAAATAA]
19:35:35.453 - INFO - CDS - seq=contig_6, start=33878, stop=34189, strand=+, nt=[ATGTTAGACA..TAACCTGTAA]
19:35:35.453 - INFO - CDS - seq=contig_6, start=34474, stop=34698, strand=+, nt=[ATGACATTTG..GAACGCATGA]
19:35:35.453 - INFO - CDS - seq=contig_6, start=34695, stop=35408, strand=+, nt=[ATGACGCATT..CGAAAAGTAA]
19:35:35.453 - INFO - CDS - seq=contig_6, start=35520, stop=36020, strand=+, nt=[ATGCAAACAA..GGATAAGTAG]
19:35:35.453 - INFO - CDS - seq=contig_6, start=36303, stop=37022, strand=-, nt=[ATGAAAAAAA..GAAAAAGTAA]
19:35:35.453 - INFO - CDS - seq=contig_6, start=37379, stop=38359, strand=+, nt=[TTGAACTTGT..TCGAAAGTAG]
19:35:35.453 - INFO - CDS - seq=contig_6, start=38757, stop=39668, strand=+, nt=[ATGAATGAAC..TCGGATTTAA]
19:35:35.453 - INFO - CDS - seq=contig_6, start=39682, stop=40434, strand=+, nt=[ATGAAGTGGT..TAAAAAGTAG]
19:35:35.453 - INFO - CDS - seq=contig_6, start=40517, stop=41641, strand=+, nt=[ATGAAACTAC..GAGCAAGTAA]
19:35:35.454 - INFO - CDS - seq=contig_6, start=41729, stop=43126, strand=+, nt=[ATGGGCTATC..TTACCGCTGA]
19:35:35.454 - INFO - CDS - seq=contig_6, start=43191, stop=44558, strand=+, nt=[ATGCTTCCAT..TAATACGTAG]
19:35:35.454 - INFO - CDS - seq=contig_6, start=44613, stop=45677, strand=+, nt=[ATGAGCTGCT..ATCAGACTAA]
19:35:35.454 - INFO - CDS - seq=contig_6, start=45718, stop=46854, strand=+, nt=[TTGAAAGTTT..AGCAACATAA]
19:35:35.454 - INFO - CDS - seq=contig_6, start=46869, stop=47960, strand=+, nt=[GTGTCCAGAA..TTTTTACTGA]
19:35:35.454 - INFO - CDS - seq=contig_6, start=48054, stop=48851, strand=+, nt=[ATGGATATCA..GACTAAATAG]
19:35:35.454 - INFO - CDS - seq=contig_6, start=48943, stop=49971, strand=+, nt=[TTGTTTGAAG..TCACGATTGA]
19:35:35.454 - INFO - CDS - seq=contig_6, start=49968, stop=50378, strand=+, nt=[TTGATACTAA..TCTATCGTAA]
19:35:35.454 - INFO - CDS - seq=contig_6, start=50587, stop=51255, strand=+, nt=[TTGGAGACAG..AGCCTACTAG]
19:35:35.454 - INFO - CDS - seq=contig_6, start=51438, stop=52331, strand=-, nt=[ATGAAAAAGA..CGCAAAGTAA]
19:35:35.454 - INFO - CDS - seq=contig_6, start=52509, stop=53273, strand=+, nt=[ATGATTGATG..ACGGTATTAG]
19:35:35.454 - INFO - CDS - seq=contig_6, start=53638, stop=55788, strand=+, nt=[ATGGCAAACT..TGCGAAGTAA]
19:35:35.454 - INFO - CDS - seq=contig_6, start=56421, stop=56822, strand=+, nt=[ATGATCAAGT..AAGTGTTTAA]
19:35:35.454 - INFO - CDS - seq=contig_6, start=57254, stop=59185, strand=+, nt=[ATGGACTTGT..AGAAGAATAG]
19:35:35.454 - INFO - CDS - seq=contig_6, start=59652, stop=60482, strand=+, nt=[ATGCAGAAAA..CAGTATTTAA]
19:35:35.454 - INFO - CDS - seq=contig_6, start=61072, stop=62484, strand=-, nt=[ATGAAGACAA..GGTACAATGA]
19:35:35.454 - INFO - CDS - seq=contig_6, start=62574, stop=62714, strand=-, nt=[ATGGTACCAA..ATTCCAGTAG]
19:35:35.454 - INFO - CDS - seq=contig_6, start=63089, stop=63991, strand=+, nt=[ATGTTACGCA..TGCACGTTAA]
19:35:35.454 - INFO - CDS - seq=contig_6, start=64258, stop=65289, strand=-, nt=[ATGAGTGTCA..GTTTAATTAA]
19:35:35.454 - INFO - CDS - seq=contig_6, start=65666, stop=67765, strand=+, nt=[ATGATTCAGG..GCAATCATGA]
19:35:35.454 - INFO - CDS - seq=contig_6, start=67762, stop=68904, strand=+, nt=[ATGAGTACTG..AAAAGAATGA]
19:35:35.454 - INFO - CDS - seq=contig_6, start=68901, stop=70070, strand=+, nt=[ATGAGAAAAG..CCGTGCTTAA]
19:35:35.454 - INFO - CDS - seq=contig_6, start=70063, stop=71508, strand=+, nt=[GTGCTTAAAG..CAAAGCATGA]
19:35:35.454 - INFO - CDS - seq=contig_6, start=71724, stop=74132, strand=+, nt=[ATGTCATTAA..CGAGGCTTAA]
19:35:35.454 - INFO - CDS - seq=contig_6, start=74382, stop=76160, strand=+, nt=[ATGTTTCAAT..GCAGATTTAA]
19:35:35.454 - INFO - CDS - seq=contig_6, start=76608, stop=77537, strand=-, nt=[ATGACCACGA..CACCATGTAA]
19:35:35.454 - INFO - CDS - seq=contig_6, start=77712, stop=78047, strand=+, nt=[ATGGCGGCAT..AAACGGCTGA]
19:35:35.454 - INFO - CDS - seq=contig_6, start=78222, stop=79166, strand=+, nt=[ATGGATGCTG..GCAAAAGTGA]
19:35:35.454 - INFO - CDS - seq=contig_6, start=79700, stop=80974, strand=+, nt=[ATGACAGACA..AGCGAAGTAA]
19:35:35.454 - INFO - CDS - seq=contig_6, start=81282, stop=82499, strand=+, nt=[ATGAAATTAA..TCGTCTGTAA]
19:35:35.454 - INFO - CDS - seq=contig_6, start=82606, stop=83013, strand=+, nt=[ATGGTGACAA..TCAGCATTAG]
19:35:35.454 - INFO - CDS - seq=contig_6, start=83130, stop=83732, strand=+, nt=[ATGAAAGCTG..ACAAAAATAA]
19:35:35.454 - INFO - CDS - seq=contig_6, start=83802, stop=83915, strand=-, nt=[ATGGCAGAAA..AGTCAAGTAA]
19:35:35.454 - INFO - CDS - seq=contig_6, start=84024, stop=84470, strand=+, nt=[ATGGATAACA..AAATGCCTAA]
19:35:35.454 - INFO - CDS - seq=contig_6, start=84762, stop=85202, strand=+, nt=[ATGGCTTATC..CGGTCAGTAA]
19:35:35.454 - INFO - CDS - seq=contig_6, start=85223, stop=86209, strand=+, nt=[ATGTTAACTG..CGATGAATAA]
19:35:35.454 - INFO - CDS - seq=contig_6, start=86626, stop=87363, strand=+, nt=[ATGTCAATGA..TAACCACTAA]
19:35:35.454 - INFO - CDS - seq=contig_6, start=87491, stop=88315, strand=+, nt=[ATGGCAAAAT..GGTGGAATAG]
19:35:35.454 - INFO - CDS - seq=contig_6, start=88317, stop=88961, strand=+, nt=[ATGTGGTCAA..CACCGCCTAG]
19:35:35.454 - INFO - CDS - seq=contig_6, start=88977, stop=89639, strand=+, nt=[ATGCATAATT..GTCGAATTAG]
19:35:35.454 - INFO - CDS - seq=contig_6, start=89798, stop=90733, strand=+, nt=[TTGAGCAACT..ATTGCAGTGA]
19:35:35.454 - INFO - CDS - seq=contig_6, start=90818, stop=91573, strand=+, nt=[TTGAAAAGTG..CAAACGCTGA]
19:35:35.454 - INFO - CDS - seq=contig_6, start=91595, stop=92335, strand=+, nt=[ATGATTCCCA..CCAACGCTGA]
19:35:35.454 - INFO - CDS - seq=contig_6, start=92466, stop=93866, strand=+, nt=[ATGAAACAGA..TTTAAGTTAA]
19:35:35.454 - INFO - CDS - seq=contig_6, start=94009, stop=94875, strand=+, nt=[ATGAAGAAGA..GACACGTTAG]
19:35:35.454 - INFO - CDS - seq=contig_6, start=95137, stop=96279, strand=+, nt=[TTGGCAAAAA..ATTTAAGTAG]
19:35:35.454 - INFO - CDS - seq=contig_6, start=96351, stop=97343, strand=+, nt=[ATGGCACTGC..TTCTCAATAA]
19:35:35.454 - INFO - CDS - seq=contig_6, start=97471, stop=98511, strand=-, nt=[ATGGACATTA..AAAATCCTAA]
19:35:35.455 - INFO - CDS - seq=contig_6, start=98762, stop=100249, strand=+, nt=[ATGGAAAATC..GTTGTCATGA]
19:35:35.455 - INFO - CDS - seq=contig_6, start=100388, stop=102469, strand=+, nt=[ATGGGGAAAA..TATTAGGTAG]
19:35:35.455 - INFO - CDS - seq=contig_6, start=102665, stop=104404, strand=+, nt=[ATGCACGAAA..AAAGCAATAA]
19:35:35.455 - INFO - CDS - seq=contig_6, start=104559, stop=106232, strand=-, nt=[ATGAGCATTA..AACTGACTAA]
19:35:35.455 - INFO - CDS - seq=contig_6, start=106643, stop=107608, strand=+, nt=[ATGTATCAGC..TGTCTATTAG]
19:35:35.455 - INFO - CDS - seq=contig_6, start=107663, stop=108799, strand=+, nt=[ATGAAGATTC..AGTCAAGTGA]
19:35:35.455 - INFO - CDS - seq=contig_6, start=108814, stop=110253, strand=+, nt=[TTGCGAAATC..AAACGTATGA]
19:35:35.455 - INFO - CDS - seq=contig_6, start=110497, stop=111189, strand=+, nt=[ATGGAAAACT..GAAACTCTAA]
19:35:35.455 - INFO - CDS - seq=contig_6, start=111247, stop=111882, strand=+, nt=[ATGACAAACG..TCAAGCGTAA]
19:35:35.455 - INFO - CDS - seq=contig_6, start=111960, stop=113009, strand=+, nt=[GTGGTTTTTT..GGCTTTTTAA]
19:35:35.455 - INFO - CDS - seq=contig_6, start=113297, stop=115621, strand=+, nt=[GTGATTGATA..CTTAAAGTGA]
19:35:35.455 - INFO - CDS - seq=contig_6, start=115931, stop=116929, strand=+, nt=[ATGAAGAGCA..TCTGGAATAA]
19:35:35.455 - INFO - CDS - seq=contig_6, start=117067, stop=118362, strand=-, nt=[ATGACTGAAC..AGAAGTTTAA]
19:35:35.455 - INFO - CDS - seq=contig_6, start=118500, stop=119381, strand=-, nt=[ATGCTCAGCT..TGTTGGGTAG]
19:35:35.455 - INFO - CDS - seq=contig_6, start=119517, stop=121172, strand=-, nt=[ATGAATGAAT..CACTGACTAA]
19:35:35.455 - INFO - CDS - seq=contig_6, start=121473, stop=122231, strand=+, nt=[ATGGACAAGC..TCAAAAGTAA]
19:35:35.455 - INFO - CDS - seq=contig_6, start=122244, stop=124052, strand=+, nt=[ATGTTAACGA..AAAAGCCTAA]
19:35:35.455 - INFO - CDS - seq=contig_6, start=124403, stop=125062, strand=-, nt=[ATGAAAGGCA..TGAAGCATAG]
19:35:35.455 - INFO - CDS - seq=contig_6, start=125220, stop=126185, strand=+, nt=[ATGGCAAAAG..CAAGGCCTGA]
19:35:35.455 - INFO - CDS - seq=contig_6, start=126172, stop=127524, strand=+, nt=[ATGGCAAGGC..CTTTGTTTAA]
19:35:35.455 - INFO - CDS - seq=contig_6, start=127635, stop=128096, strand=-, nt=[ATGGCTTATA..CAGCTATTGA]
19:35:35.455 - INFO - CDS - seq=contig_6, start=128154, stop=129059, strand=-, nt=[ATGAAACAAG..TAACGACTAA]
19:35:35.455 - INFO - CDS - seq=contig_6, start=129115, stop=130944, strand=-, nt=[ATGGAATCCA..ATTGAATTAA]
19:35:35.455 - INFO - CDS - seq=contig_6, start=131016, stop=131210, strand=+, nt=[ATGTCACAAA..AAAGCTTTAA]
19:35:35.455 - INFO - CDS - seq=contig_6, start=132171, stop=134462, strand=+, nt=[GTGGCTGAGA..GCGAGGGTAA]
19:35:35.455 - INFO - CDS - seq=contig_6, start=134467, stop=134943, strand=+, nt=[ATGGTCAAAA..GTTAGATTGA]
19:35:35.455 - INFO - CDS - seq=contig_6, start=135118, stop=135693, strand=-, nt=[ATGATGACAG..CCGCGACTGA]
19:35:35.455 - INFO - CDS - seq=contig_6, start=136141, stop=137550, strand=+, nt=[TTGGCAAAAC..GCACGACTAA]
19:35:35.455 - INFO - CDS - seq=contig_6, start=137614, stop=137904, strand=-, nt=[ATGCTTAACC..TCAAAAATAG]
19:35:35.455 - INFO - CDS - seq=contig_6, start=137951, stop=138313, strand=-, nt=[ATGCTTGAAC..GGAACTTTAA]
19:35:35.455 - INFO - CDS - seq=contig_6, start=138469, stop=139395, strand=+, nt=[ATGCAATCCG..AAAATGGTAA]
19:35:35.455 - INFO - CDS - seq=contig_6, start=139568, stop=141121, strand=+, nt=[GTGGCAAATG..GTGGGAATGA]
19:35:35.455 - INFO - CDS - seq=contig_6, start=141331, stop=142095, strand=-, nt=[ATGAAAAATA..TCGAGTTTAA]
19:35:35.455 - INFO - CDS - seq=contig_6, start=142944, stop=144398, strand=-, nt=[ATGAGTCACA..GCCAAAGTAA]
19:35:35.455 - INFO - CDS - seq=contig_6, start=145413, stop=145553, strand=+, nt=[ATGTTTCGGG..CAGTCAGTAG]
19:35:35.455 - INFO - CDS - seq=contig_6, start=145652, stop=145981, strand=-, nt=[GTGTCATTAC..GAAGCGCTGA]
19:35:35.455 - INFO - CDS - seq=contig_6, start=146682, stop=148277, strand=-, nt=[ATGTCTAGCT..GCGGTTTTAA]
19:35:35.455 - INFO - CDS - seq=contig_6, start=148590, stop=149357, strand=+, nt=[ATGAAAAATT..CGTTTGGTAA]
19:35:35.455 - INFO - CDS - seq=contig_6, start=149339, stop=149545, strand=-, nt=[ATGGCAGTCG..GGTCACTTGA]
19:35:35.455 - INFO - CDS - seq=contig_6, start=149532, stop=150293, strand=-, nt=[ATGAAACATC..CAGTCGATAA]
19:35:35.455 - INFO - CDS - seq=contig_6, start=150646, stop=154068, strand=+, nt=[ATGAGAGCAA..CGGCAATTAA]
19:35:35.455 - INFO - CDS - seq=contig_6, start=154217, stop=154510, strand=+, nt=[GTGACTAACT..ACTGGTATGA]
19:35:35.455 - INFO - CDS - seq=contig_6, start=154602, stop=155000, strand=+, nt=[ATGGCAACGA..AACTTGTTAG]
19:35:35.455 - INFO - CDS - seq=contig_6, start=155151, stop=155252, strand=+, nt=[ATGCGGATCA..TGGTCGTTAA]
19:35:35.456 - INFO - CDS - seq=contig_6, start=155424, stop=157025, strand=+, nt=[ATGCAAACTA..TGATAACTGA]
19:35:35.456 - INFO - CDS - seq=contig_6, start=157015, stop=158670, strand=+, nt=[ATGATAACTG..AAAGATTTAG]
19:35:35.456 - INFO - CDS - seq=contig_6, start=158777, stop=159040, strand=+, nt=[ATGTTCAACT..GCACGCATAG]
19:35:35.456 - INFO - CDS - seq=contig_6, start=159252, stop=159584, strand=+, nt=[ATGTCAAGCC..AGCAAAATGA]
19:35:35.456 - INFO - CDS - seq=contig_6, start=159581, stop=160261, strand=+, nt=[ATGACAAAAG..CAAACATTAG]
19:35:35.456 - INFO - CDS - seq=contig_6, start=160624, stop=162294, strand=+, nt=[ATGCAGAAGA..AAAAGAATGA]
19:35:35.456 - INFO - CDS - seq=contig_6, start=162398, stop=163351, strand=+, nt=[ATGGTCAAAT..CAGAGCGTGA]
19:35:35.456 - INFO - CDS - seq=contig_6, start=163476, stop=164459, strand=+, nt=[ATGGCCGCAA..CCAAAGCTAG]
19:35:35.456 - INFO - CDS - seq=contig_6, start=164563, stop=164874, strand=+, nt=[ATGCAGAAAC..TGAAAAGTAA]
19:35:35.456 - INFO - CDS - seq=contig_6, start=164924, stop=166012, strand=+, nt=[ATGGCGGACA..GCCAGTTTGA]
19:35:35.456 - INFO - CDS - seq=contig_6, start=166009, stop=166887, strand=+, nt=[TTGACAGAAC..AGCGCAATAA]
19:35:35.456 - INFO - CDS - seq=contig_6, start=166901, stop=167461, strand=+, nt=[GTGTTTAGCA..ATCACAATAA]
19:35:35.456 - INFO - CDS - seq=contig_6, start=167529, stop=168269, strand=-, nt=[ATGACTAATA..AACTAAATAA]
19:35:35.456 - INFO - CDS - seq=contig_6, start=168266, stop=168979, strand=-, nt=[ATGACAACTA..CCAACAATGA]
19:35:35.456 - INFO - CDS - seq=contig_6, start=168969, stop=169346, strand=-, nt=[GTGGAATTTG..TGACAACTAA]
19:35:35.456 - INFO - CDS - seq=contig_6, start=169528, stop=170379, strand=+, nt=[ATGAAAAAAT..TACGAACTGA]
19:35:35.456 - INFO - CDS - seq=contig_6, start=170464, stop=171498, strand=-, nt=[ATGCATATTG..CAATCTCTAA]
19:35:35.456 - INFO - CDS - seq=contig_6, start=171618, stop=172355, strand=-, nt=[ATGACAATCA..GGTTTGGTAA]
19:35:35.456 - INFO - CDS - seq=contig_6, start=172518, stop=173927, strand=+, nt=[ATGGCGAAGA..GGTTGAATAA]
19:35:35.456 - INFO - CDS - seq=contig_6, start=174015, stop=174653, strand=-, nt=[ATGAAAAATG..TGAAAGTTGA]
19:35:35.456 - INFO - CDS - seq=contig_6, start=174650, stop=176266, strand=-, nt=[ATGCGGCACA..GAGCTTATGA]
19:35:35.456 - INFO - CDS - seq=contig_6, start=176253, stop=177170, strand=-, nt=[ATGACAACAG..GGCACAGTAA]
19:35:35.456 - INFO - CDS - seq=contig_6, start=177443, stop=178198, strand=-, nt=[TTGGATCTCA..GGAAAGCTGA]
19:35:35.456 - INFO - CDS - seq=contig_6, start=178292, stop=179149, strand=-, nt=[ATGAAACAAC..AGATAGATAA]
19:35:35.456 - INFO - CDS - seq=contig_6, start=179146, stop=179484, strand=-, nt=[ATGGCAACAG..CAAGCCATGA]
19:35:35.456 - INFO - CDS - seq=contig_6, start=179747, stop=180364, strand=+, nt=[ATGAAAATTG..TGCCGAATAA]
19:35:35.456 - INFO - CDS - seq=contig_6, start=180384, stop=180878, strand=-, nt=[ATGAAACTGC..GCTCTACTGA]
19:35:35.456 - INFO - CDS - seq=contig_6, start=180929, stop=181492, strand=+, nt=[ATGGATAAGC..AAGACCGTAA]
19:35:35.456 - INFO - CDS - seq=contig_6, start=181566, stop=181823, strand=+, nt=[ATGAAAGCCG..AGACTGGTAG]
19:35:35.456 - INFO - CDS - seq=contig_6, start=182108, stop=183457, strand=+, nt=[ATGTTACTCA..GCAAAAATAA]
19:35:35.456 - INFO - CDS - seq=contig_6, start=183556, stop=183882, strand=+, nt=[ATGTTTAATT..GGTGGAATGA]
19:35:35.456 - INFO - CDS - seq=contig_6, start=183888, stop=184286, strand=+, nt=[ATGTTGAGAA..CATTATTTAA]
19:35:35.456 - INFO - CDS - seq=contig_6, start=184301, stop=185425, strand=+, nt=[ATGGAAGCGC..TGGCGCATAA]
19:35:35.456 - INFO - CDS - seq=contig_6, start=185599, stop=185742, strand=+, nt=[ATGAAAATTG..GGCGAAGTAA]
19:35:35.456 - INFO - CDS - seq=contig_6, start=185744, stop=186748, strand=+, nt=[ATGGCAACTT..TGGAAATTAA]
19:35:35.456 - INFO - CDS - seq=contig_6, start=186738, stop=187043, strand=+, nt=[ATGGAAATTA..GATAAATTAA]
19:35:35.456 - INFO - CDS - seq=contig_6, start=187031, stop=187909, strand=+, nt=[ATGGATAAAT..GGTAGACTGA]
19:35:35.456 - INFO - CDS - seq=contig_6, start=187909, stop=189441, strand=+, nt=[ATGGTCAAGA..CAATGTTTAA]
19:35:35.456 - INFO - CDS - seq=contig_6, start=189434, stop=189973, strand=+, nt=[ATGTTTAAAT..CGCGAGCTGA]
19:35:35.456 - INFO - CDS - seq=contig_6, start=190219, stop=191622, strand=+, nt=[ATGCCTAAAC..GCATGATTGA]
19:35:35.456 - INFO - CDS - seq=contig_6, start=191759, stop=192454, strand=+, nt=[ATGAATCAAG..CATTGAATGA]
19:35:35.456 - INFO - CDS - seq=contig_6, start=192447, stop=193289, strand=+, nt=[TTGAATGAAC..AACGGGATGA]
19:35:35.456 - INFO - CDS - seq=contig_6, start=193243, stop=193668, strand=-, nt=[ATGACTTATG..GCCAGACTAA]
19:35:35.456 - INFO - CDS - seq=contig_6, start=193892, stop=194473, strand=+, nt=[ATGAAAAAGT..TCACGCATGA]
19:35:35.456 - INFO - CDS - seq=contig_6, start=194625, stop=195434, strand=-, nt=[ATGCAAGTGG..GACAGACTGA]
19:35:35.456 - INFO - CDS - seq=contig_6, start=195569, stop=196450, strand=+, nt=[ATGCGATATT..AACAATCTGA]
19:35:35.456 - INFO - CDS - seq=contig_6, start=196554, stop=197171, strand=-, nt=[ATGACATTTG..AAACGCCTGA]
19:35:35.456 - INFO - CDS - seq=contig_6, start=197389, stop=197538, strand=-, nt=[ATGCGGAATA..AGTTAAGTAA]
19:35:35.456 - INFO - CDS - seq=contig_6, start=197601, stop=198176, strand=-, nt=[ATGTCAAACA..CCAGCCTTGA]
19:35:35.456 - INFO - CDS - seq=contig_6, start=198474, stop=199508, strand=-, nt=[ATGAAAAGAA..TAACCAGTAG]
19:35:35.457 - INFO - CDS - seq=contig_6, start=200111, stop=200635, strand=+, nt=[ATGCTGAAAG..TGAAAAATGA]
19:35:35.457 - INFO - CDS - seq=contig_6, start=200755, stop=201306, strand=+, nt=[ATGACTGTGC..GATGCAATGA]
19:35:35.457 - INFO - CDS - seq=contig_6, start=201618, stop=203294, strand=+, nt=[ATGGCAGAAG..AATTTACTAA]
19:35:35.457 - INFO - CDS - seq=contig_6, start=203353, stop=204063, strand=+, nt=[GTGAATACTG..TGAGAATTGA]
19:35:35.457 - INFO - CDS - seq=contig_6, start=204148, stop=204291, strand=+, nt=[ATGAATCCCA..GGGGCGCTAA]
19:35:35.457 - INFO - CDS - seq=contig_6, start=204804, stop=206258, strand=+, nt=[TTGGCACAGT..CCGAAATTAA]
19:35:35.457 - INFO - CDS - seq=contig_6, start=206322, stop=207851, strand=-, nt=[ATGCTGTATG..TAAGTGGTGA]
19:35:35.457 - INFO - CDS - seq=contig_6, start=208112, stop=209689, strand=+, nt=[ATGGAAGCCA..CATTTATTAA]
19:35:35.457 - INFO - CDS - seq=contig_6, start=210061, stop=211344, strand=+, nt=[ATGTTAGATC..GGAAGATTAA]
19:35:35.457 - INFO - CDS - seq=contig_7, start=105, stop=1322, strand=-, frame=3, truncated=no, start-type=ATG, RBS-motif=AGGAG/GGAGG
19:35:35.457 - INFO - CDS - seq=contig_7, start=1329, stop=3797, strand=-, frame=3, truncated=no, start-type=ATG, RBS-motif=AGGAGG
19:35:35.457 - INFO - CDS - seq=contig_7, start=3784, stop=4452, strand=-, frame=2, truncated=no, start-type=ATG, RBS-motif=GGAG/GAGG
19:35:35.457 - INFO - CDS - seq=contig_7, start=4490, stop=5152, strand=-, frame=1, truncated=no, start-type=GTG, RBS-motif=GGA/GAG/AGG
19:35:35.457 - INFO - CDS - seq=contig_7, start=5184, stop=5336, strand=-, frame=3, truncated=no, start-type=ATG, RBS-motif=AGGA/GGAG/GAGG
19:35:35.457 - INFO - CDS - seq=contig_7, start=5707, stop=6960, strand=-, frame=2, truncated=no, start-type=ATG, RBS-motif=GGAG/GAGG
19:35:35.457 - INFO - CDS - seq=contig_7, start=7017, stop=7232, strand=+, frame=3, truncated=no, start-type=GTG, RBS-motif=GGAG/GAGG
19:35:35.457 - INFO - CDS - seq=contig_7, start=7410, stop=9692, strand=-, frame=3, truncated=no, start-type=ATG, RBS-motif=GGAGG
19:35:35.457 - INFO - CDS - seq=contig_7, start=9910, stop=10251, strand=-, frame=2, truncated=no, start-type=ATG, RBS-motif=GGAGG
19:35:35.457 - INFO - CDS - seq=contig_7, start=10462, stop=11625, strand=-, frame=2, truncated=no, start-type=ATG, RBS-motif=AGGAG/GGAGG
19:35:35.457 - INFO - CDS - seq=contig_7, start=11641, stop=12351, strand=-, frame=2, truncated=no, start-type=TTG, RBS-motif=GGAG/GAGG
19:35:35.457 - INFO - CDS - seq=contig_7, start=12454, stop=12714, strand=-, frame=2, truncated=no, start-type=ATG, RBS-motif=AGGAGG
19:35:35.457 - INFO - CDS - seq=contig_7, start=12826, stop=13362, strand=-, frame=2, truncated=no, start-type=GTG, RBS-motif=AGGAGG
19:35:35.457 - INFO - CDS - seq=contig_7, start=13664, stop=14326, strand=+, frame=2, truncated=no, start-type=GTG, RBS-motif=GGAG/GAGG
19:35:35.457 - INFO - CDS - seq=contig_7, start=14332, stop=15534, strand=+, frame=1, truncated=no, start-type=GTG, RBS-motif=GGAG/GAGG
19:35:35.457 - INFO - CDS - seq=contig_7, start=15629, stop=17065, strand=-, frame=1, truncated=no, start-type=GTG, RBS-motif=AGGAG
19:35:35.458 - INFO - CDS - seq=contig_7, start=17241, stop=18146, strand=+, frame=3, truncated=no, start-type=ATG, RBS-motif=GGAGG
19:35:35.458 - INFO - CDS - seq=contig_7, start=18284, stop=18505, strand=-, frame=1, truncated=no, start-type=ATG, RBS-motif=AGxAGG/AGGxGG
19:35:35.458 - INFO - CDS - seq=contig_7, start=18518, stop=21304, strand=-, frame=1, truncated=no, start-type=GTG, RBS-motif=AGGAG
19:35:35.458 - INFO - CDS - seq=contig_7, start=21551, stop=22336, strand=-, frame=1, truncated=no, start-type=ATG, RBS-motif=AGGAGG
19:35:35.458 - INFO - CDS - seq=contig_7, start=22394, stop=23173, strand=-, frame=1, truncated=no, start-type=ATG, RBS-motif=None
19:35:35.458 - INFO - CDS - seq=contig_7, start=23180, stop=23473, strand=-, frame=1, truncated=no, start-type=GTG, RBS-motif=GGAG/GAGG
19:35:35.458 - INFO - CDS - seq=contig_7, start=23485, stop=23940, strand=-, frame=2, truncated=no, start-type=ATG, RBS-motif=AGGAGG
19:35:35.458 - INFO - CDS - seq=contig_7, start=23958, stop=25217, strand=-, frame=3, truncated=no, start-type=ATG, RBS-motif=AGGAGG
19:35:35.458 - INFO - CDS - seq=contig_7, start=25242, stop=26588, strand=-, frame=3, truncated=no, start-type=ATG, RBS-motif=AGGAGG
19:35:35.458 - INFO - CDS - seq=contig_7, start=26698, stop=27561, strand=-, frame=2, truncated=no, start-type=GTG, RBS-motif=None
19:35:35.458 - INFO - CDS - seq=contig_7, start=27558, stop=28649, strand=-, frame=3, truncated=no, start-type=ATG, RBS-motif=GGA/GAG/AGG
19:35:35.458 - INFO - CDS - seq=contig_7, start=28650, stop=30029, strand=-, frame=3, truncated=no, start-type=GTG, RBS-motif=AGxAGG/AGGxGG
19:35:35.458 - INFO - CDS - seq=contig_7, start=30060, stop=31025, strand=-, frame=3, truncated=no, start-type=ATG, RBS-motif=GGA/GAG/AGG
19:35:35.458 - INFO - CDS - seq=contig_7, start=31040, stop=33187, strand=-, frame=1, truncated=no, start-type=ATG, RBS-motif=None
19:35:35.458 - INFO - CDS - seq=contig_7, start=33184, stop=33549, strand=-, frame=2, truncated=no, start-type=ATG, RBS-motif=AGxAGG/AGGxGG
19:35:35.458 - INFO - CDS - seq=contig_7, start=33562, stop=34503, strand=-, frame=2, truncated=no, start-type=ATG, RBS-motif=3Base/5BMM
19:35:35.458 - INFO - CDS - seq=contig_7, start=34506, stop=34937, strand=-, frame=3, truncated=no, start-type=ATG, RBS-motif=GGAGG
19:35:35.458 - INFO - CDS - seq=contig_7, start=35113, stop=35445, strand=-, frame=2, truncated=no, start-type=ATG, RBS-motif=GGAGG
19:35:35.458 - INFO - CDS - seq=contig_7, start=35998, stop=37431, strand=-, frame=2, truncated=no, start-type=ATG, RBS-motif=GGAGG
19:35:35.458 - INFO - CDS - seq=contig_7, start=37664, stop=38476, strand=-, frame=1, truncated=no, start-type=ATG, RBS-motif=AGxAGG/AGGxGG
19:35:35.458 - INFO - CDS - seq=contig_7, start=38473, stop=39111, strand=-, frame=2, truncated=no, start-type=ATG, RBS-motif=AGGAGG
19:35:35.458 - INFO - CDS - seq=contig_7, start=39124, stop=39780, strand=-, frame=2, truncated=no, start-type=ATG, RBS-motif=AGGAGG
19:35:35.458 - INFO - CDS - seq=contig_7, start=40446, stop=41243, strand=-, frame=3, truncated=no, start-type=ATG, RBS-motif=GGAGG
19:35:35.458 - INFO - CDS - seq=contig_7, start=41244, stop=41900, strand=-, frame=3, truncated=no, start-type=GTG, RBS-motif=None
19:35:35.458 - INFO - CDS - seq=contig_7, start=41914, stop=42444, strand=-, frame=2, truncated=no, start-type=ATG, RBS-motif=GGA/GAG/AGG
19:35:35.458 - INFO - CDS - seq=contig_7, start=42446, stop=43306, strand=-, frame=1, truncated=no, start-type=ATG, RBS-motif=GGAGG
19:35:35.459 - INFO - CDS - seq=contig_7, start=43395, stop=44396, strand=-, frame=3, truncated=no, start-type=TTG, RBS-motif=GGAG/GAGG
19:35:35.459 - INFO - CDS - seq=contig_7, start=44536, stop=45204, strand=-, frame=2, truncated=no, start-type=ATG, RBS-motif=AGxAGG/AGGxGG
19:35:35.459 - INFO - CDS - seq=contig_7, start=45266, stop=45910, strand=-, frame=1, truncated=no, start-type=ATG, RBS-motif=AGGAGG
19:35:35.459 - INFO - CDS - seq=contig_7, start=46182, stop=47459, strand=-, frame=3, truncated=no, start-type=ATG, RBS-motif=AGGA/GGAG/GAGG
19:35:35.459 - INFO - CDS - seq=contig_7, start=47751, stop=50393, strand=-, frame=3, truncated=no, start-type=ATG, RBS-motif=AGxAGG/AGGxGG
19:35:35.459 - INFO - CDS - seq=contig_7, start=50768, stop=51421, strand=-, frame=1, truncated=no, start-type=GTG, RBS-motif=GGAGG
19:35:35.459 - INFO - CDS - seq=contig_7, start=51727, stop=52944, strand=-, frame=2, truncated=no, start-type=ATG, RBS-motif=AGGA
19:35:35.459 - INFO - CDS - seq=contig_7, start=52961, stop=54250, strand=-, frame=1, truncated=no, start-type=ATG, RBS-motif=AGGA/GGAG/GAGG
19:35:35.459 - INFO - CDS - seq=contig_7, start=54427, stop=56130, strand=-, frame=2, truncated=no, start-type=ATG, RBS-motif=GGAG/GAGG
19:35:35.459 - INFO - CDS - seq=contig_7, start=56307, stop=56789, strand=+, frame=3, truncated=no, start-type=ATG, RBS-motif=AGGA
19:35:35.459 - INFO - CDS - seq=contig_7, start=56965, stop=57576, strand=+, frame=1, truncated=no, start-type=ATG, RBS-motif=GGAGG
19:35:35.459 - INFO - CDS - seq=contig_7, start=57745, stop=60156, strand=-, frame=2, truncated=no, start-type=ATG, RBS-motif=GGAG/GAGG
19:35:35.459 - INFO - CDS - seq=contig_7, start=60981, stop=63158, strand=-, frame=3, truncated=no, start-type=TTG, RBS-motif=GGAG/GAGG
19:35:35.459 - INFO - CDS - seq=contig_7, start=64038, stop=64442, strand=-, frame=3, truncated=no, start-type=ATG, RBS-motif=GGA/GAG/AGG
19:35:35.459 - INFO - CDS - seq=contig_7, start=64640, stop=65866, strand=+, frame=2, truncated=no, start-type=ATG, RBS-motif=AGGAG
19:35:35.459 - INFO - CDS - seq=contig_7, start=66064, stop=66951, strand=+, frame=1, truncated=no, start-type=ATG, RBS-motif=GGAGG
19:35:35.459 - INFO - CDS - seq=contig_7, start=66948, stop=67712, strand=+, frame=3, truncated=no, start-type=ATG, RBS-motif=AGGAG
19:35:35.459 - INFO - CDS - seq=contig_7, start=67702, stop=68817, strand=+, frame=1, truncated=no, start-type=GTG, RBS-motif=GGA/GAG/AGG
19:35:35.459 - INFO - CDS - seq=contig_7, start=68814, stop=69422, strand=+, frame=3, truncated=no, start-type=ATG, RBS-motif=AGGAG/GGAGG
19:35:35.459 - INFO - CDS - seq=contig_7, start=69540, stop=70397, strand=-, frame=3, truncated=no, start-type=ATG, RBS-motif=AGGAGG
19:35:35.459 - INFO - CDS - seq=contig_7, start=70595, stop=72259, strand=-, frame=1, truncated=no, start-type=ATG, RBS-motif=GGxGG
19:35:35.460 - INFO - CDS - seq=contig_7, start=72260, stop=73339, strand=-, frame=1, truncated=no, start-type=ATG, RBS-motif=GGAG/GAGG
19:35:35.460 - INFO - CDS - seq=contig_7, start=73352, stop=74410, strand=-, frame=1, truncated=no, start-type=ATG, RBS-motif=GGAGG
19:35:35.460 - INFO - CDS - seq=contig_7, start=74567, stop=75328, strand=-, frame=1, truncated=no, start-type=ATG, RBS-motif=AGGAG
19:35:35.460 - INFO - CDS - seq=contig_7, start=75499, stop=77127, strand=-, frame=2, truncated=no, start-type=ATG, RBS-motif=GGAG/GAGG
19:35:35.460 - INFO - CDS - seq=contig_7, start=77239, stop=77712, strand=-, frame=2, truncated=no, start-type=ATG, RBS-motif=AGGA
19:35:35.460 - INFO - CDS - seq=contig_7, start=77699, stop=78076, strand=-, frame=1, truncated=no, start-type=ATG, RBS-motif=None
19:35:35.460 - INFO - CDS - seq=contig_7, start=78104, stop=78592, strand=-, frame=1, truncated=no, start-type=ATG, RBS-motif=GGAGG
19:35:35.460 - INFO - CDS - seq=contig_7, start=78836, stop=79471, strand=-, frame=1, truncated=no, start-type=ATG, RBS-motif=AGxAG
19:35:35.460 - INFO - CDS - seq=contig_7, start=79468, stop=79785, strand=-, frame=2, truncated=no, start-type=ATG, RBS-motif=GGAGG
19:35:35.460 - INFO - CDS - seq=contig_7, start=79787, stop=80203, strand=-, frame=1, truncated=no, start-type=ATG, RBS-motif=AGxAGG/AGGxGG
19:35:35.460 - INFO - CDS - seq=contig_7, start=80318, stop=81196, strand=+, frame=2, truncated=no, start-type=ATG, RBS-motif=GGAGG
19:35:35.460 - INFO - CDS - seq=contig_7, start=81271, stop=82041, strand=-, frame=2, truncated=no, start-type=ATG, RBS-motif=AGGAGG
19:35:35.460 - INFO - CDS - seq=contig_7, start=82038, stop=82967, strand=-, frame=3, truncated=no, start-type=ATG, RBS-motif=GGAGG
19:35:35.460 - INFO - CDS - seq=contig_7, start=83364, stop=84041, strand=+, frame=3, truncated=no, start-type=ATG, RBS-motif=AGGAGG
19:35:35.460 - INFO - CDS - seq=contig_7, start=84112, stop=85008, strand=+, frame=1, truncated=no, start-type=ATG, RBS-motif=AGGAG
19:35:35.460 - INFO - CDS - seq=contig_7, start=85146, stop=86786, strand=+, frame=3, truncated=no, start-type=TTG, RBS-motif=GGAGG
19:35:35.460 - INFO - CDS - seq=contig_7, start=86974, stop=87786, strand=-, frame=2, truncated=no, start-type=GTG, RBS-motif=AGGAGG
19:35:35.460 - INFO - CDS - seq=contig_7, start=88046, stop=88774, strand=-, frame=1, truncated=no, start-type=GTG, RBS-motif=AGGAG
19:35:35.460 - INFO - CDS - seq=contig_7, start=88850, stop=89581, strand=-, frame=1, truncated=no, start-type=GTG, RBS-motif=GGAG/GAGG
19:35:35.460 - INFO - CDS - seq=contig_7, start=89843, stop=90778, strand=-, frame=1, truncated=no, start-type=ATG, RBS-motif=GGAGG
19:35:35.460 - INFO - CDS - seq=contig_7, start=90827, stop=91657, strand=-, frame=1, truncated=no, start-type=ATG, RBS-motif=AGGAG
19:35:35.460 - INFO - CDS - seq=contig_7, start=91913, stop=92596, strand=-, frame=1, truncated=no, start-type=GTG, RBS-motif=AGGAGG
19:35:35.460 - INFO - CDS - seq=contig_7, start=92699, stop=93565, strand=-, frame=1, truncated=no, start-type=ATG, RBS-motif=AGGAG
19:35:35.460 - INFO - CDS - seq=contig_7, start=93614, stop=94279, strand=-, frame=1, truncated=no, start-type=ATG, RBS-motif=AGGAG
19:35:35.461 - INFO - CDS - seq=contig_7, start=94499, stop=95101, strand=-, frame=1, truncated=no, start-type=GTG, RBS-motif=GGA/GAG/AGG
19:35:35.461 - INFO - CDS - seq=contig_7, start=95172, stop=95612, strand=+, frame=3, truncated=no, start-type=ATG, RBS-motif=AGGAGG
19:35:35.461 - INFO - CDS - seq=contig_7, start=95644, stop=97608, strand=-, frame=2, truncated=no, start-type=ATG, RBS-motif=AGGA
19:35:35.461 - INFO - CDS - seq=contig_7, start=97826, stop=99121, strand=+, frame=2, truncated=no, start-type=TTG, RBS-motif=AGGAGG
19:35:35.461 - INFO - CDS - seq=contig_7, start=99747, stop=100025, strand=+, frame=3, truncated=no, start-type=GTG, RBS-motif=AGGAGG
19:35:35.461 - INFO - CDS - seq=contig_7, start=100086, stop=100583, strand=+, frame=3, truncated=no, start-type=ATG, RBS-motif=GGAG/GAGG
19:35:35.461 - INFO - CDS - seq=contig_7, start=100728, stop=101615, strand=-, frame=3, truncated=no, start-type=ATG, RBS-motif=GGAG/GAGG
19:35:35.461 - INFO - CDS - seq=contig_7, start=101837, stop=102490, strand=-, frame=1, truncated=no, start-type=TTG, RBS-motif=AGxAGG/AGGxGG
19:35:35.461 - INFO - CDS - seq=contig_7, start=102521, stop=103489, strand=-, frame=1, truncated=no, start-type=TTG, RBS-motif=AGGAGG
19:35:35.461 - INFO - CDS - seq=contig_7, start=103590, stop=103970, strand=-, frame=3, truncated=no, start-type=ATG, RBS-motif=AGGAGG
19:35:35.461 - INFO - CDS - seq=contig_7, start=104168, stop=104350, strand=-, frame=1, truncated=no, start-type=ATG, RBS-motif=AGGAGG
19:35:35.461 - INFO - CDS - seq=contig_7, start=104536, stop=105972, strand=-, frame=2, truncated=no, start-type=ATG, RBS-motif=GGA/GAG/AGG
19:35:35.461 - INFO - CDS - seq=contig_7, start=105965, stop=106411, strand=-, frame=1, truncated=no, start-type=ATG, RBS-motif=AGGAGG
19:35:35.461 - INFO - CDS - seq=contig_7, start=106398, stop=107594, strand=-, frame=3, truncated=no, start-type=ATG, RBS-motif=GGxGG
19:35:35.461 - INFO - CDS - seq=contig_7, start=107587, stop=108618, strand=-, frame=2, truncated=no, start-type=ATG, RBS-motif=AGxAGG/AGGxGG
19:35:35.461 - INFO - CDS - seq=contig_7, start=108611, stop=109378, strand=-, frame=1, truncated=no, start-type=GTG, RBS-motif=GGxGG
19:35:35.461 - INFO - CDS - seq=contig_7, start=109510, stop=110199, strand=-, frame=2, truncated=no, start-type=ATG, RBS-motif=AGGAGG
19:35:35.461 - INFO - CDS - seq=contig_7, start=110204, stop=111256, strand=-, frame=1, truncated=no, start-type=ATG, RBS-motif=GGA/GAG/AGG
19:35:35.461 - INFO - CDS - seq=contig_7, start=111275, stop=112102, strand=-, frame=1, truncated=no, start-type=ATG, RBS-motif=AGGAGG
19:35:35.461 - INFO - CDS - seq=contig_7, start=112880, stop=113710, strand=-, frame=1, truncated=no, start-type=ATG, RBS-motif=AGGAGG
19:35:35.461 - INFO - CDS - seq=contig_7, start=105, stop=1322, strand=-, nt=[ATGGAGGACA..TTATTTTTGA]
19:35:35.461 - INFO - CDS - seq=contig_7, start=1329, stop=3797, strand=-, nt=[ATGGACACGC..GGAGAATTAA]
19:35:35.461 - INFO - CDS - seq=contig_7, start=3784, stop=4452, strand=-, nt=[ATGGATTCAA..ACACGCGTGA]
19:35:35.462 - INFO - CDS - seq=contig_7, start=4490, stop=5152, strand=-, nt=[GTGACGAAGT..TACGATTTGA]
19:35:35.462 - INFO - CDS - seq=contig_7, start=5184, stop=5336, strand=-, nt=[ATGGCCAAAC..GGACTTTTGA]
19:35:35.462 - INFO - CDS - seq=contig_7, start=5707, stop=6960, strand=-, nt=[ATGCTCCGGT..GTACGTTTAA]
19:35:35.462 - INFO - CDS - seq=contig_7, start=7017, stop=7232, strand=+, nt=[GTGCAGGTTT..GTCCAAATAG]
19:35:35.462 - INFO - CDS - seq=contig_7, start=7410, stop=9692, strand=-, nt=[ATGTTTGACC..TAGGCATTGA]
19:35:35.462 - INFO - CDS - seq=contig_7, start=9910, stop=10251, strand=-, nt=[ATGGCACTAG..AGCAAAATAG]
19:35:35.462 - INFO - CDS - seq=contig_7, start=10462, stop=11625, strand=-, nt=[ATGCAACATG..GGCGCGATAA]
19:35:35.462 - INFO - CDS - seq=contig_7, start=11641, stop=12351, strand=-, nt=[TTGATAAAAG..TCAGTCTTAG]
19:35:35.462 - INFO - CDS - seq=contig_7, start=12454, stop=12714, strand=-, nt=[ATGGCGGAAG..TTTTGGGTAA]
19:35:35.462 - INFO - CDS - seq=contig_7, start=12826, stop=13362, strand=-, nt=[GTGGACGAAG..AGGAGCGTGA]
19:35:35.462 - INFO - CDS - seq=contig_7, start=13664, stop=14326, strand=+, nt=[GTGGCCACAA..AACGGAGTGA]
19:35:35.462 - INFO - CDS - seq=contig_7, start=14332, stop=15534, strand=+, nt=[GTGAATGATG..AGACAACTGA]
19:35:35.462 - INFO - CDS - seq=contig_7, start=15629, stop=17065, strand=-, nt=[GTGAAAAATT..AGCTGTCTAA]
19:35:35.462 - INFO - CDS - seq=contig_7, start=17241, stop=18146, strand=+, nt=[ATGAAGCATT..CAACAAGTAA]
19:35:35.462 - INFO - CDS - seq=contig_7, start=18284, stop=18505, strand=-, nt=[ATGCAAGGAC..TCCGCAATAG]
19:35:35.462 - INFO - CDS - seq=contig_7, start=18518, stop=21304, strand=-, nt=[GTGAAAATTA..TGATAAGTAG]
19:35:35.462 - INFO - CDS - seq=contig_7, start=21551, stop=22336, strand=-, nt=[ATGGCTTTGA..TGCTCAATAA]
19:35:35.462 - INFO - CDS - seq=contig_7, start=22394, stop=23173, strand=-, nt=[ATGGATGCCA..TCATAAGTAG]
19:35:35.462 - INFO - CDS - seq=contig_7, start=23180, stop=23473, strand=-, nt=[GTGTTCAATT..AATCGGGTGA]
19:35:35.462 - INFO - CDS - seq=contig_7, start=23485, stop=23940, strand=-, nt=[ATGGCGTTTG..GCAACATTAA]
19:35:35.462 - INFO - CDS - seq=contig_7, start=23958, stop=25217, strand=-, nt=[ATGGATTTTC..GCGTCAATAG]
19:35:35.462 - INFO - CDS - seq=contig_7, start=25242, stop=26588, strand=-, nt=[ATGGATAATC..CTTTGAATAA]
19:35:35.462 - INFO - CDS - seq=contig_7, start=26698, stop=27561, strand=-, nt=[GTGATAACTT..AAACGACTGA]
19:35:35.462 - INFO - CDS - seq=contig_7, start=27558, stop=28649, strand=-, nt=[ATGCGGCTGG..ACGTAGGTGA]
19:35:35.462 - INFO - CDS - seq=contig_7, start=28650, stop=30029, strand=-, nt=[GTGAAGAATA..GGATAAGTAA]
19:35:35.462 - INFO - CDS - seq=contig_7, start=30060, stop=31025, strand=-, nt=[ATGCAACTTG..TTTTCTTTAA]
19:35:35.462 - INFO - CDS - seq=contig_7, start=31040, stop=33187, strand=-, nt=[ATGAAAATTT..ACAACAATAG]
19:35:35.462 - INFO - CDS - seq=contig_7, start=33184, stop=33549, strand=-, nt=[ATGCTTGAGA..TAATAAATGA]
19:35:35.462 - INFO - CDS - seq=contig_7, start=33562, stop=34503, strand=-, nt=[ATGACAGAAT..TCACGATTAG]
19:35:35.462 - INFO - CDS - seq=contig_7, start=34506, stop=34937, strand=-, nt=[ATGCTCATGG..TGGGTTATAG]
19:35:35.462 - INFO - CDS - seq=contig_7, start=35113, stop=35445, strand=-, nt=[ATGGTGTTGC..TCTGGGTTAA]
19:35:35.462 - INFO - CDS - seq=contig_7, start=35998, stop=37431, strand=-, nt=[ATGTGGATCT..AATTCTGTAA]
19:35:35.462 - INFO - CDS - seq=contig_7, start=37664, stop=38476, strand=-, nt=[ATGAAACGCC..CGAGGAGTAA]
19:35:35.462 - INFO - CDS - seq=contig_7, start=38473, stop=39111, strand=-, nt=[ATGTTAGAAC..CGGTCAATGA]
19:35:35.462 - INFO - CDS - seq=contig_7, start=39124, stop=39780, strand=-, nt=[ATGAGCTATA..TTATCGCTAG]
19:35:35.462 - INFO - CDS - seq=contig_7, start=40446, stop=41243, strand=-, nt=[ATGGGTACTG..TCACGACTGA]
19:35:35.462 - INFO - CDS - seq=contig_7, start=41244, stop=41900, strand=-, nt=[GTGGACAGTG..GGCAATGTAG]
19:35:35.463 - INFO - CDS - seq=contig_7, start=41914, stop=42444, strand=-, nt=[ATGCTGAATG..TGAAGAATAG]
19:35:35.463 - INFO - CDS - seq=contig_7, start=42446, stop=43306, strand=-, nt=[ATGCAGAAAT..AGGTGACTAA]
19:35:35.463 - INFO - CDS - seq=contig_7, start=43395, stop=44396, strand=-, nt=[TTGTTTGGAT..GAAGCGTTAA]
19:35:35.463 - INFO - CDS - seq=contig_7, start=44536, stop=45204, strand=-, nt=[ATGGCAGATG..GTTCAATTAG]
19:35:35.463 - INFO - CDS - seq=contig_7, start=45266, stop=45910, strand=-, nt=[ATGACGACTA..GTTTGCGTAA]
19:35:35.463 - INFO - CDS - seq=contig_7, start=46182, stop=47459, strand=-, nt=[ATGGACTACA..AAGAGCGTGA]
19:35:35.463 - INFO - CDS - seq=contig_7, start=47751, stop=50393, strand=-, nt=[ATGAAAGAGC..GCAGGCTTAA]
19:35:35.463 - INFO - CDS - seq=contig_7, start=50768, stop=51421, strand=-, nt=[GTGGTAGTCA..GCAAGGGTAG]
19:35:35.463 - INFO - CDS - seq=contig_7, start=51727, stop=52944, strand=-, nt=[ATGCAATATT..ATTACTTTAA]
19:35:35.463 - INFO - CDS - seq=contig_7, start=52961, stop=54250, strand=-, nt=[ATGGTCAAAG..GACCGTTTAA]
19:35:35.463 - INFO - CDS - seq=contig_7, start=54427, stop=56130, strand=-, nt=[ATGATCTGGT..ATTATATTAG]
19:35:35.463 - INFO - CDS - seq=contig_7, start=56307, stop=56789, strand=+, nt=[ATGACGACCC..GGTATACTAG]
19:35:35.463 - INFO - CDS - seq=contig_7, start=56965, stop=57576, strand=+, nt=[ATGTCTCGTT..GAAACTTTAA]
19:35:35.463 - INFO - CDS - seq=contig_7, start=57745, stop=60156, strand=-, nt=[ATGTATGTTA..ACCTTTATAA]
19:35:35.463 - INFO - CDS - seq=contig_7, start=60981, stop=63158, strand=-, nt=[TTGATTGAAG..GGTGGTCTAA]
19:35:35.463 - INFO - CDS - seq=contig_7, start=64038, stop=64442, strand=-, nt=[ATGAATATTA..TAATGATTAA]
19:35:35.463 - INFO - CDS - seq=contig_7, start=64640, stop=65866, strand=+, nt=[ATGATTTTCT..ACCGCTATAG]
19:35:35.463 - INFO - CDS - seq=contig_7, start=66064, stop=66951, strand=+, nt=[ATGACCACAG..AGAAAAATGA]
19:35:35.463 - INFO - CDS - seq=contig_7, start=66948, stop=67712, strand=+, nt=[ATGAAAACAC..TGAGGCATAG]
19:35:35.463 - INFO - CDS - seq=contig_7, start=67702, stop=68817, strand=+, nt=[GTGAGGCATA..ATCACAATGA]
19:35:35.463 - INFO - CDS - seq=contig_7, start=68814, stop=69422, strand=+, nt=[ATGATTACCT..GTTGGAGTAA]
19:35:35.463 - INFO - CDS - seq=contig_7, start=69540, stop=70397, strand=-, nt=[ATGACCAAAA..GTCGTATTAA]
19:35:35.463 - INFO - CDS - seq=contig_7, start=70595, stop=72259, strand=-, nt=[ATGAACACCA..TGCGATGTAA]
19:35:35.463 - INFO - CDS - seq=contig_7, start=72260, stop=73339, strand=-, nt=[ATGAGTGAAA..GGTGGATTAA]
19:35:35.463 - INFO - CDS - seq=contig_7, start=73352, stop=74410, strand=-, nt=[ATGAAGAAAG..ATCTAAGTAG]
19:35:35.463 - INFO - CDS - seq=contig_7, start=74567, stop=75328, strand=-, nt=[ATGTACAAAC..CCTCCAGTGA]
19:35:35.463 - INFO - CDS - seq=contig_7, start=75499, stop=77127, strand=-, nt=[ATGGGGCATT..CAGAGCGTGA]
19:35:35.463 - INFO - CDS - seq=contig_7, start=77239, stop=77712, strand=-, nt=[ATGCCAACAA..GAAGCTTTAA]
19:35:35.463 - INFO - CDS - seq=contig_7, start=77699, stop=78076, strand=-, nt=[ATGAAACCAC..CAACAAATAA]
19:35:35.463 - INFO - CDS - seq=contig_7, start=78104, stop=78592, strand=-, nt=[ATGCAAATTA..AGCCATTTAG]
19:35:35.463 - INFO - CDS - seq=contig_7, start=78836, stop=79471, strand=-, nt=[ATGACAAACG..GTTTTATTAA]
19:35:35.463 - INFO - CDS - seq=contig_7, start=79468, stop=79785, strand=-, nt=[ATGGCAAAAC..TGGCGAATGA]
19:35:35.463 - INFO - CDS - seq=contig_7, start=79787, stop=80203, strand=-, nt=[ATGAATGACA..GGCACAATAA]
19:35:35.463 - INFO - CDS - seq=contig_7, start=80318, stop=81196, strand=+, nt=[ATGGAATTAC..GACTGTTTAG]
19:35:35.463 - INFO - CDS - seq=contig_7, start=81271, stop=82041, strand=-, nt=[ATGATTAATC..GGAACTGTAA]
19:35:35.463 - INFO - CDS - seq=contig_7, start=82038, stop=82967, strand=-, nt=[ATGACACAAT..GCAAGCATGA]
19:35:35.463 - INFO - CDS - seq=contig_7, start=83364, stop=84041, strand=+, nt=[ATGGGCAAAA..GTTGATATAG]
19:35:35.463 - INFO - CDS - seq=contig_7, start=84112, stop=85008, strand=+, nt=[ATGCTTGGTA..CAACGTCTAA]
19:35:35.463 - INFO - CDS - seq=contig_7, start=85146, stop=86786, strand=+, nt=[TTGAAAACAC..TCTGAAATAA]
19:35:35.463 - INFO - CDS - seq=contig_7, start=86974, stop=87786, strand=-, nt=[GTGACAATTT..TGCTTATTAA]
19:35:35.463 - INFO - CDS - seq=contig_7, start=88046, stop=88774, strand=-, nt=[GTGATCTACA..GTTTGCATGA]
19:35:35.463 - INFO - CDS - seq=contig_7, start=88850, stop=89581, strand=-, nt=[GTGCAAACAT..AACGATCTAA]
19:35:35.463 - INFO - CDS - seq=contig_7, start=89843, stop=90778, strand=-, nt=[ATGCGGGAAC..TGGCGTATGA]
19:35:35.464 - INFO - CDS - seq=contig_7, start=90827, stop=91657, strand=-, nt=[ATGGAGCGAG..AAAGGCATAA]
19:35:35.464 - INFO - CDS - seq=contig_7, start=91913, stop=92596, strand=-, nt=[GTGATTCATT..ATTATCGTAA]
19:35:35.464 - INFO - CDS - seq=contig_7, start=92699, stop=93565, strand=-, nt=[ATGTTTTATA..CGGTAAATAA]
19:35:35.464 - INFO - CDS - seq=contig_7, start=93614, stop=94279, strand=-, nt=[ATGCCAGATG..CTTCGAATGA]
19:35:35.464 - INFO - CDS - seq=contig_7, start=94499, stop=95101, strand=-, nt=[GTGGTTCTGT..AAACGTCTAA]
19:35:35.464 - INFO - CDS - seq=contig_7, start=95172, stop=95612, strand=+, nt=[ATGTCAGACG..AAAGTTATAA]
19:35:35.464 - INFO - CDS - seq=contig_7, start=95644, stop=97608, strand=-, nt=[ATGTTGAATC..CGAAAAATAA]
19:35:35.464 - INFO - CDS - seq=contig_7, start=97826, stop=99121, strand=+, nt=[TTGCAACAAC..GAAAAGGTAA]
19:35:35.464 - INFO - CDS - seq=contig_7, start=99747, stop=100025, strand=+, nt=[GTGACTCTCT..GAAGTTGTGA]
19:35:35.464 - INFO - CDS - seq=contig_7, start=100086, stop=100583, strand=+, nt=[ATGTTACAAC..TGATAAATAA]
19:35:35.464 - INFO - CDS - seq=contig_7, start=100728, stop=101615, strand=-, nt=[ATGCGAAAGG..GACAGCTTGA]
19:35:35.464 - INFO - CDS - seq=contig_7, start=101837, stop=102490, strand=-, nt=[TTGATTAAGG..TAATCAATAA]
19:35:35.464 - INFO - CDS - seq=contig_7, start=102521, stop=103489, strand=-, nt=[TTGACGCAAC..TCTTTTTTAG]
19:35:35.464 - INFO - CDS - seq=contig_7, start=103590, stop=103970, strand=-, nt=[ATGGCTGAGG..CCTTTTATAA]
19:35:35.464 - INFO - CDS - seq=contig_7, start=104168, stop=104350, strand=-, nt=[ATGGATAACT..GCGGTATTGA]
19:35:35.464 - INFO - CDS - seq=contig_7, start=104536, stop=105972, strand=-, nt=[ATGACTGAGA..TGTAGGCTGA]
19:35:35.464 - INFO - CDS - seq=contig_7, start=105965, stop=106411, strand=-, nt=[ATGGCATTGA..CCATGACTGA]
19:35:35.464 - INFO - CDS - seq=contig_7, start=106398, stop=107594, strand=-, nt=[ATGCGTGAAC..CATTGACTAA]
19:35:35.464 - INFO - CDS - seq=contig_7, start=107587, stop=108618, strand=-, nt=[ATGGCTGAAG..AGATGCGTGA]
19:35:35.464 - INFO - CDS - seq=contig_7, start=108611, stop=109378, strand=-, nt=[GTGCACACAC..AAATGGCTGA]
19:35:35.464 - INFO - CDS - seq=contig_7, start=109510, stop=110199, strand=-, nt=[ATGGGACAGT..ACATCATTAA]
19:35:35.464 - INFO - CDS - seq=contig_7, start=110204, stop=111256, strand=-, nt=[ATGTCAGATC..GGAGGCCTAG]
19:35:35.464 - INFO - CDS - seq=contig_7, start=111275, stop=112102, strand=-, nt=[ATGAAATTTT..TAAGTTTTAG]
19:35:35.464 - INFO - CDS - seq=contig_7, start=112880, stop=113710, strand=-, nt=[ATGAAACGGT..GAAATTTTAA]
19:35:35.464 - INFO - CDS - seq=contig_8, start=430, stop=1488, strand=+, frame=1, truncated=no, start-type=ATG, RBS-motif=GGAGG
19:35:35.464 - INFO - CDS - seq=contig_8, start=1478, stop=2215, strand=+, frame=2, truncated=no, start-type=ATG, RBS-motif=GGAGG
19:35:35.464 - INFO - CDS - seq=contig_8, start=2703, stop=2930, strand=+, frame=3, truncated=no, start-type=ATG, RBS-motif=AGGAG
19:35:35.464 - INFO - CDS - seq=contig_8, start=3457, stop=3693, strand=+, frame=1, truncated=no, start-type=ATG, RBS-motif=AGGAG
19:35:35.464 - INFO - CDS - seq=contig_8, start=3701, stop=3859, strand=+, frame=2, truncated=no, start-type=ATG, RBS-motif=GGAG/GAGG
19:35:35.464 - INFO - CDS - seq=contig_8, start=3912, stop=4142, strand=+, frame=3, truncated=no, start-type=GTG, RBS-motif=AGGAG/GGAGG
19:35:35.464 - INFO - CDS - seq=contig_8, start=4129, stop=4404, strand=+, frame=1, truncated=no, start-type=ATG, RBS-motif=AGGAGG
19:35:35.464 - INFO - CDS - seq=contig_8, start=4433, stop=5830, strand=+, frame=2, truncated=no, start-type=ATG, RBS-motif=AGGAGG
19:35:35.464 - INFO - CDS - seq=contig_8, start=5902, stop=6114, strand=+, frame=1, truncated=no, start-type=GTG, RBS-motif=AGGAG
19:35:35.464 - INFO - CDS - seq=contig_8, start=6178, stop=7440, strand=+, frame=1, truncated=no, start-type=ATG, RBS-motif=GGA/GAG/AGG
19:35:35.464 - INFO - CDS - seq=contig_8, start=7588, stop=9906, strand=+, frame=1, truncated=no, start-type=ATG, RBS-motif=AGGAG
19:35:35.464 - INFO - CDS - seq=contig_8, start=10294, stop=10386, strand=+, frame=1, truncated=no, start-type=ATG, RBS-motif=AGGAGG
19:35:35.465 - INFO - CDS - seq=contig_8, start=10383, stop=10496, strand=+, frame=3, truncated=no, start-type=ATG, RBS-motif=None
19:35:35.465 - INFO - CDS - seq=contig_8, start=11065, stop=11748, strand=-, frame=1, truncated=no, start-type=ATG, RBS-motif=AGGA
19:35:35.465 - INFO - CDS - seq=contig_8, start=11933, stop=13207, strand=+, frame=2, truncated=no, start-type=TTG, RBS-motif=AGGAG
19:35:35.465 - INFO - CDS - seq=contig_8, start=13218, stop=13964, strand=+, frame=3, truncated=no, start-type=ATG, RBS-motif=None
19:35:35.465 - INFO - CDS - seq=contig_8, start=13980, stop=14771, strand=+, frame=3, truncated=no, start-type=ATG, RBS-motif=AGGAG
19:35:35.465 - INFO - CDS - seq=contig_8, start=14861, stop=15238, strand=+, frame=2, truncated=no, start-type=ATG, RBS-motif=GGA/GAG/AGG
19:35:35.465 - INFO - CDS - seq=contig_8, start=15284, stop=16114, strand=+, frame=2, truncated=no, start-type=ATG, RBS-motif=AGGA/GGAG/GAGG
19:35:35.465 - INFO - CDS - seq=contig_8, start=16122, stop=16841, strand=+, frame=3, truncated=no, start-type=ATG, RBS-motif=GGxGG
19:35:35.465 - INFO - CDS - seq=contig_8, start=17004, stop=18017, strand=+, frame=3, truncated=no, start-type=TTG, RBS-motif=GGA/GAG/AGG
19:35:35.465 - INFO - CDS - seq=contig_8, start=18560, stop=18814, strand=+, frame=2, truncated=no, start-type=ATG, RBS-motif=AGGAGG
19:35:35.465 - INFO - CDS - seq=contig_8, start=18889, stop=19077, strand=+, frame=1, truncated=no, start-type=ATG, RBS-motif=GGAG/GAGG
19:35:35.465 - INFO - CDS - seq=contig_8, start=19091, stop=19249, strand=+, frame=2, truncated=no, start-type=ATG, RBS-motif=AGGAG
19:35:35.465 - INFO - CDS - seq=contig_8, start=19458, stop=19736, strand=+, frame=3, truncated=no, start-type=ATG, RBS-motif=AGGAG
19:35:35.465 - INFO - CDS - seq=contig_8, start=19748, stop=20014, strand=+, frame=2, truncated=no, start-type=ATG, RBS-motif=AGGAGG
19:35:35.465 - INFO - CDS - seq=contig_8, start=20033, stop=20209, strand=+, frame=2, truncated=no, start-type=ATG, RBS-motif=AGGAGG
19:35:35.465 - INFO - CDS - seq=contig_8, start=20211, stop=20438, strand=+, frame=3, truncated=no, start-type=ATG, RBS-motif=AGxAGG/AGGxGG
19:35:35.465 - INFO - CDS - seq=contig_8, start=20481, stop=21722, strand=+, frame=3, truncated=no, start-type=GTG, RBS-motif=AGxAGG/AGGxGG
19:35:35.465 - INFO - CDS - seq=contig_8, start=21700, stop=23229, strand=+, frame=1, truncated=no, start-type=ATG, RBS-motif=AGGAGG
19:35:35.465 - INFO - CDS - seq=contig_8, start=23288, stop=23707, strand=+, frame=2, truncated=no, start-type=ATG, RBS-motif=AGGAGG
19:35:35.465 - INFO - CDS - seq=contig_8, start=23716, stop=24294, strand=+, frame=1, truncated=no, start-type=ATG, RBS-motif=AGGAG
19:35:35.465 - INFO - CDS - seq=contig_8, start=24321, stop=26768, strand=+, frame=3, truncated=no, start-type=ATG, RBS-motif=AGGAGG
19:35:35.465 - INFO - CDS - seq=contig_8, start=26765, stop=28822, strand=+, frame=2, truncated=no, start-type=TTG, RBS-motif=AGxAGG/AGGxGG
19:35:35.465 - INFO - CDS - seq=contig_8, start=28828, stop=29163, strand=+, frame=1, truncated=no, start-type=ATG, RBS-motif=AGGAGG
19:35:35.465 - INFO - CDS - seq=contig_8, start=29147, stop=29743, strand=+, frame=2, truncated=no, start-type=GTG, RBS-motif=GGAG/GAGG
19:35:35.465 - INFO - CDS - seq=contig_8, start=29724, stop=31652, strand=+, frame=3, truncated=no, start-type=GTG, RBS-motif=GGAGG
19:35:35.466 - INFO - CDS - seq=contig_8, start=31654, stop=32664, strand=+, frame=1, truncated=no, start-type=GTG, RBS-motif=GGxGG
19:35:35.466 - INFO - CDS - seq=contig_8, start=32680, stop=33324, strand=+, frame=1, truncated=no, start-type=ATG, RBS-motif=AGGAGG
19:35:35.466 - INFO - CDS - seq=contig_8, start=33321, stop=33728, strand=+, frame=3, truncated=no, start-type=GTG, RBS-motif=GGxGG
19:35:35.466 - INFO - CDS - seq=contig_8, start=33718, stop=34539, strand=+, frame=1, truncated=no, start-type=GTG, RBS-motif=GGxGG
19:35:35.466 - INFO - CDS - seq=contig_8, start=35132, stop=35311, strand=+, frame=2, truncated=no, start-type=ATG, RBS-motif=AGGAGG
19:35:35.466 - INFO - CDS - seq=contig_8, start=35353, stop=35598, strand=+, frame=1, truncated=no, start-type=ATG, RBS-motif=AGGAGG
19:35:35.466 - INFO - CDS - seq=contig_8, start=35637, stop=36074, strand=+, frame=3, truncated=no, start-type=TTG, RBS-motif=AGGAGG
19:35:35.466 - INFO - CDS - seq=contig_8, start=36061, stop=37311, strand=+, frame=1, truncated=no, start-type=GTG, RBS-motif=GGAG/GAGG
19:35:35.466 - INFO - CDS - seq=contig_8, start=37353, stop=37598, strand=+, frame=3, truncated=no, start-type=ATG, RBS-motif=AGGA
19:35:35.466 - INFO - CDS - seq=contig_8, start=37585, stop=40131, strand=+, frame=1, truncated=no, start-type=ATG, RBS-motif=AGGAGG
19:35:35.466 - INFO - CDS - seq=contig_8, start=40131, stop=40367, strand=+, frame=3, truncated=no, start-type=ATG, RBS-motif=GGA/GAG/AGG
19:35:35.466 - INFO - CDS - seq=contig_8, start=40731, stop=41120, strand=-, frame=2, truncated=no, start-type=GTG, RBS-motif=GGAG/GAGG
19:35:35.466 - INFO - CDS - seq=contig_8, start=41123, stop=41266, strand=-, frame=3, truncated=no, start-type=ATG, RBS-motif=AGxAGG/AGGxGG
19:35:35.466 - INFO - CDS - seq=contig_8, start=41259, stop=41708, strand=-, frame=2, truncated=no, start-type=ATG, RBS-motif=AGGAGG
19:35:35.466 - INFO - CDS - seq=contig_8, start=41721, stop=42167, strand=-, frame=2, truncated=no, start-type=ATG, RBS-motif=GGA/GAG/AGG
19:35:35.466 - INFO - CDS - seq=contig_8, start=42833, stop=43192, strand=+, frame=2, truncated=no, start-type=ATG, RBS-motif=AGGAG
19:35:35.466 - INFO - CDS - seq=contig_8, start=43271, stop=43942, strand=+, frame=2, truncated=no, start-type=ATG, RBS-motif=AGxAGG/AGGxGG
19:35:35.466 - INFO - CDS - seq=contig_8, start=44075, stop=44305, strand=+, frame=2, truncated=no, start-type=ATG, RBS-motif=AGGAG
19:35:35.466 - INFO - CDS - seq=contig_8, start=44375, stop=44560, strand=+, frame=2, truncated=no, start-type=ATG, RBS-motif=GGAG/GAGG
19:35:35.466 - INFO - CDS - seq=contig_8, start=44925, stop=46859, strand=+, frame=3, truncated=no, start-type=ATG, RBS-motif=AGGAGG
19:35:35.466 - INFO - CDS - seq=contig_8, start=46859, stop=47296, strand=+, frame=2, truncated=no, start-type=ATG, RBS-motif=GGAG/GAGG
19:35:35.466 - INFO - CDS - seq=contig_8, start=47310, stop=47630, strand=+, frame=3, truncated=no, start-type=ATG, RBS-motif=AGGAG
19:35:35.466 - INFO - CDS - seq=contig_8, start=47645, stop=48772, strand=+, frame=2, truncated=no, start-type=ATG, RBS-motif=AGGAG/GGAGG
19:35:35.466 - INFO - CDS - seq=contig_8, start=48775, stop=51369, strand=+, frame=1, truncated=no, start-type=ATG, RBS-motif=GGAG/GAGG
19:35:35.466 - INFO - CDS - seq=contig_8, start=51491, stop=52354, strand=+, frame=2, truncated=no, start-type=TTG, RBS-motif=GGAG/GAGG
19:35:35.466 - INFO - CDS - seq=contig_8, start=52880, stop=53359, strand=+, frame=2, truncated=no, start-type=TTG, RBS-motif=None
19:35:35.467 - INFO - CDS - seq=contig_8, start=53682, stop=54788, strand=-, frame=2, truncated=no, start-type=ATG, RBS-motif=AGGAG
19:35:35.467 - INFO - CDS - seq=contig_8, start=54898, stop=55017, strand=-, frame=1, truncated=no, start-type=ATG, RBS-motif=AGGAG/GGAGG
19:35:35.467 - INFO - CDS - seq=contig_8, start=55434, stop=56159, strand=-, frame=2, truncated=no, start-type=ATG, RBS-motif=AGxAGG/AGGxGG
19:35:35.467 - INFO - CDS - seq=contig_8, start=56230, stop=56790, strand=+, frame=1, truncated=no, start-type=ATG, RBS-motif=AGGA
19:35:35.467 - INFO - CDS - seq=contig_8, start=56890, stop=57258, strand=-, frame=1, truncated=no, start-type=ATG, RBS-motif=AGGAG
19:35:35.467 - INFO - CDS - seq=contig_8, start=57801, stop=58997, strand=+, frame=3, truncated=no, start-type=ATG, RBS-motif=GGA/GAG/AGG
19:35:35.467 - INFO - CDS - seq=contig_8, start=59329, stop=60966, strand=+, frame=1, truncated=no, start-type=ATG, RBS-motif=AGGAGG
19:35:35.467 - INFO - CDS - seq=contig_8, start=60963, stop=61274, strand=+, frame=3, truncated=no, start-type=TTG, RBS-motif=GGAG/GAGG
19:35:35.467 - INFO - CDS - seq=contig_8, start=61857, stop=62132, strand=-, frame=2, truncated=no, start-type=ATG, RBS-motif=AGxAG
19:35:35.467 - INFO - CDS - seq=contig_8, start=62524, stop=63354, strand=-, frame=1, truncated=no, start-type=ATG, RBS-motif=AGGAGG
19:35:35.467 - INFO - CDS - seq=contig_8, start=63421, stop=64572, strand=-, frame=1, truncated=no, start-type=ATG, RBS-motif=AGxAGG/AGGxGG
19:35:35.467 - INFO - CDS - seq=contig_8, start=65357, stop=66406, strand=-, frame=3, truncated=no, start-type=ATG, RBS-motif=AGGAG
19:35:35.467 - INFO - CDS - seq=contig_8, start=66459, stop=67226, strand=-, frame=2, truncated=no, start-type=ATG, RBS-motif=AGGA
19:35:35.467 - INFO - CDS - seq=contig_8, start=67220, stop=68212, strand=-, frame=3, truncated=no, start-type=ATG, RBS-motif=AGGAG
19:35:35.467 - INFO - CDS - seq=contig_8, start=68263, stop=69246, strand=-, frame=1, truncated=no, start-type=GTG, RBS-motif=None
19:35:35.467 - INFO - CDS - seq=contig_8, start=69231, stop=70502, strand=-, frame=2, truncated=no, start-type=ATG, RBS-motif=AGGAG
19:35:35.467 - INFO - CDS - seq=contig_8, start=70504, stop=71643, strand=-, frame=1, truncated=no, start-type=ATG, RBS-motif=GGAG/GAGG
19:35:35.467 - INFO - CDS - seq=contig_8, start=71653, stop=72504, strand=-, frame=1, truncated=no, start-type=ATG, RBS-motif=AGxAGG/AGGxGG
19:35:35.467 - INFO - CDS - seq=contig_8, start=72520, stop=73284, strand=-, frame=1, truncated=no, start-type=ATG, RBS-motif=AGGAGG
19:35:35.467 - INFO - CDS - seq=contig_8, start=73281, stop=74090, strand=-, frame=2, truncated=no, start-type=ATG, RBS-motif=GGAGG
19:35:35.467 - INFO - CDS - seq=contig_8, start=74812, stop=76452, strand=-, frame=1, truncated=no, start-type=ATG, RBS-motif=GGAGG
19:35:35.467 - INFO - CDS - seq=contig_8, start=77047, stop=77319, strand=+, frame=1, truncated=no, start-type=TTG, RBS-motif=GGA/GAG/AGG
19:35:35.467 - INFO - CDS - seq=contig_8, start=77572, stop=77946, strand=-, frame=1, truncated=no, start-type=ATG, RBS-motif=AGGAG
19:35:35.468 - INFO - CDS - seq=contig_8, start=77948, stop=78757, strand=-, frame=3, truncated=no, start-type=ATG, RBS-motif=AGGAGG
19:35:35.468 - INFO - CDS - seq=contig_8, start=430, stop=1488, strand=+, nt=[ATGTCACAGG..TGAGTTCTAA]
19:35:35.468 - INFO - CDS - seq=contig_8, start=1478, stop=2215, strand=+, nt=[ATGAGTTCTA..CAAGAATTAG]
19:35:35.468 - INFO - CDS - seq=contig_8, start=2703, stop=2930, strand=+, nt=[ATGGCTATTC..GCTGTCATAA]
19:35:35.468 - INFO - CDS - seq=contig_8, start=3457, stop=3693, strand=+, nt=[ATGAAACAGC..AATGAGGTAA]
19:35:35.468 - INFO - CDS - seq=contig_8, start=3701, stop=3859, strand=+, nt=[ATGAGAGCAA..AGATCAGTGA]
19:35:35.468 - INFO - CDS - seq=contig_8, start=3912, stop=4142, strand=+, nt=[GTGCTTAAAC..AATTCTATGA]
19:35:35.468 - INFO - CDS - seq=contig_8, start=4129, stop=4404, strand=+, nt=[ATGAAATTCT..TTTGCTATAA]
19:35:35.468 - INFO - CDS - seq=contig_8, start=4433, stop=5830, strand=+, nt=[ATGAAAATGA..TATTTCTTAA]
19:35:35.468 - INFO - CDS - seq=contig_8, start=5902, stop=6114, strand=+, nt=[GTGATACAAG..TGATCACTAA]
19:35:35.468 - INFO - CDS - seq=contig_8, start=6178, stop=7440, strand=+, nt=[ATGAAAATGA..TGTCCGGTAA]
19:35:35.468 - INFO - CDS - seq=contig_8, start=7588, stop=9906, strand=+, nt=[ATGCAACATA..TCAAGCATAA]
19:35:35.468 - INFO - CDS - seq=contig_8, start=10294, stop=10386, strand=+, nt=[ATGCTTGTAG..ACTTTTATGA]
19:35:35.468 - INFO - CDS - seq=contig_8, start=10383, stop=10496, strand=+, nt=[ATGATCATTG..ACTCTACTAA]
19:35:35.468 - INFO - CDS - seq=contig_8, start=11065, stop=11748, strand=-, nt=[ATGCTAAATA..TGCCTATTAA]
19:35:35.468 - INFO - CDS - seq=contig_8, start=11933, stop=13207, strand=+, nt=[TTGCACAAAA..TGTAAAGTGA]
19:35:35.468 - INFO - CDS - seq=contig_8, start=13218, stop=13964, strand=+, nt=[ATGACAGAAA..AGTTAAATGA]
19:35:35.468 - INFO - CDS - seq=contig_8, start=13980, stop=14771, strand=+, nt=[ATGCGGACTC..AAAAAACTAA]
19:35:35.468 - INFO - CDS - seq=contig_8, start=14861, stop=15238, strand=+, nt=[ATGGATCGGT..TAAGAAATAG]
19:35:35.468 - INFO - CDS - seq=contig_8, start=15284, stop=16114, strand=+, nt=[ATGTTAATAG..GGTGGGGTAA]
19:35:35.468 - INFO - CDS - seq=contig_8, start=16122, stop=16841, strand=+, nt=[ATGCATTATT..AATCTTTTAG]
19:35:35.468 - INFO - CDS - seq=contig_8, start=17004, stop=18017, strand=+, nt=[TTGAAAAAGA..GACTTTATAA]
19:35:35.468 - INFO - CDS - seq=contig_8, start=18560, stop=18814, strand=+, nt=[ATGCTTGTAG..AATGCGCTAA]
19:35:35.468 - INFO - CDS - seq=contig_8, start=18889, stop=19077, strand=+, nt=[ATGACGGTCA..CAAAAAATAA]
19:35:35.468 - INFO - CDS - seq=contig_8, start=19091, stop=19249, strand=+, nt=[ATGCTGTGGT..CGCGCCCTAG]
19:35:35.468 - INFO - CDS - seq=contig_8, start=19458, stop=19736, strand=+, nt=[ATGGCTGAAT..CTTGATATAG]
19:35:35.468 - INFO - CDS - seq=contig_8, start=19748, stop=20014, strand=+, nt=[ATGTTCAATT..GTCGCATTAA]
19:35:35.468 - INFO - CDS - seq=contig_8, start=20033, stop=20209, strand=+, nt=[ATGGAAATTA..AGGACATTAA]
19:35:35.468 - INFO - CDS - seq=contig_8, start=20211, stop=20438, strand=+, nt=[ATGCAAGGAA..GGCAGGTTAG]
19:35:35.468 - INFO - CDS - seq=contig_8, start=20481, stop=21722, strand=+, nt=[GTGTACGCTA..AAACGAATAA]
19:35:35.468 - INFO - CDS - seq=contig_8, start=21700, stop=23229, strand=+, nt=[ATGAAGAATC..CAGCAACTGA]
19:35:35.468 - INFO - CDS - seq=contig_8, start=23288, stop=23707, strand=+, nt=[ATGGAAGACA..CTTCAACTAG]
19:35:35.468 - INFO - CDS - seq=contig_8, start=23716, stop=24294, strand=+, nt=[ATGCGAGCGA..TCATGAATAA]
19:35:35.468 - INFO - CDS - seq=contig_8, start=24321, stop=26768, strand=+, nt=[ATGAACCACG..CAATGCTTGA]
19:35:35.468 - INFO - CDS - seq=contig_8, start=26765, stop=28822, strand=+, nt=[TTGAGTACCA..TAGGAGGTGA]
19:35:35.468 - INFO - CDS - seq=contig_8, start=28828, stop=29163, strand=+, nt=[ATGGCTCATA..CAAAGTTTGA]
19:35:35.468 - INFO - CDS - seq=contig_8, start=29147, stop=29743, strand=+, nt=[GTGGCAACAA..AGAAGCTTGA]
19:35:35.468 - INFO - CDS - seq=contig_8, start=29724, stop=31652, strand=+, nt=[GTGAAACTGA..TGGTGCCTGA]
19:35:35.468 - INFO - CDS - seq=contig_8, start=31654, stop=32664, strand=+, nt=[GTGAAGAGGC..CAGACCATAG]
19:35:35.468 - INFO - CDS - seq=contig_8, start=32680, stop=33324, strand=+, nt=[ATGAATCGTA..GACACCGTGA]
19:35:35.468 - INFO - CDS - seq=contig_8, start=33321, stop=33728, strand=+, nt=[GTGACACATC..TGAACATTAA]
19:35:35.468 - INFO - CDS - seq=contig_8, start=33718, stop=34539, strand=+, nt=[GTGAACATTA..TAATCATTGA]
19:35:35.468 - INFO - CDS - seq=contig_8, start=35132, stop=35311, strand=+, nt=[ATGGATAAAC..AAATCAGTGA]
19:35:35.468 - INFO - CDS - seq=contig_8, start=35353, stop=35598, strand=+, nt=[ATGGCAGAAT..GCTTCATTAG]
19:35:35.468 - INFO - CDS - seq=contig_8, start=35637, stop=36074, strand=+, nt=[TTGCGAACCA..TGATACCTAA]
19:35:35.468 - INFO - CDS - seq=contig_8, start=36061, stop=37311, strand=+, nt=[GTGCTGATAC..CTTTTACTAG]
19:35:35.468 - INFO - CDS - seq=contig_8, start=37353, stop=37598, strand=+, nt=[ATGCCAGCTA..CGAGGACTAA]
19:35:35.468 - INFO - CDS - seq=contig_8, start=37585, stop=40131, strand=+, nt=[ATGGCGAGGA..AAGTATGTAA]
19:35:35.468 - INFO - CDS - seq=contig_8, start=40131, stop=40367, strand=+, nt=[ATGCCCTACC..GCTACACTAG]
19:35:35.468 - INFO - CDS - seq=contig_8, start=40731, stop=41120, strand=-, nt=[GTGAAAACTA..CAAGGCTTAA]
19:35:35.468 - INFO - CDS - seq=contig_8, start=41123, stop=41266, strand=-, nt=[ATGATTGACC..AGGTCTTTAA]
19:35:35.468 - INFO - CDS - seq=contig_8, start=41259, stop=41708, strand=-, nt=[ATGAAAAAAG..CCATGATTGA]
19:35:35.469 - INFO - CDS - seq=contig_8, start=41721, stop=42167, strand=-, nt=[ATGCCAGAAT..CATCAAATAG]
19:35:35.469 - INFO - CDS - seq=contig_8, start=42833, stop=43192, strand=+, nt=[ATGGATCGTG..AGCGTCATAG]
19:35:35.469 - INFO - CDS - seq=contig_8, start=43271, stop=43942, strand=+, nt=[ATGCAAAATC..GTTTAACTAA]
19:35:35.469 - INFO - CDS - seq=contig_8, start=44075, stop=44305, strand=+, nt=[ATGATATTGA..TGATAAGTAA]
19:35:35.469 - INFO - CDS - seq=contig_8, start=44375, stop=44560, strand=+, nt=[ATGGGAACAT..GATGTTGTAA]
19:35:35.469 - INFO - CDS - seq=contig_8, start=44925, stop=46859, strand=+, nt=[ATGACCACTT..AATCGAATAA]
19:35:35.469 - INFO - CDS - seq=contig_8, start=46859, stop=47296, strand=+, nt=[ATGACAATTA..TTTTAATTGA]
19:35:35.469 - INFO - CDS - seq=contig_8, start=47310, stop=47630, strand=+, nt=[ATGGCACGAA..CAAAGGATAG]
19:35:35.469 - INFO - CDS - seq=contig_8, start=47645, stop=48772, strand=+, nt=[ATGTCCATGA..GGAGAATTAA]
19:35:35.469 - INFO - CDS - seq=contig_8, start=48775, stop=51369, strand=+, nt=[ATGTCCAAGC..AGGAGTTTAG]
19:35:35.469 - INFO - CDS - seq=contig_8, start=51491, stop=52354, strand=+, nt=[TTGAGCAGCC..AACAAAATAG]
19:35:35.469 - INFO - CDS - seq=contig_8, start=52880, stop=53359, strand=+, nt=[TTGCTTTTAA..GCTCACCTAA]
19:35:35.469 - INFO - CDS - seq=contig_8, start=53682, stop=54788, strand=-, nt=[ATGGGCTTAG..GTTAATGTGA]
19:35:35.469 - INFO - CDS - seq=contig_8, start=54898, stop=55017, strand=-, nt=[ATGAATCTTT..AAATTTGTAA]
19:35:35.469 - INFO - CDS - seq=contig_8, start=55434, stop=56159, strand=-, nt=[ATGGAATTTA..CAAATTATAA]
19:35:35.469 - INFO - CDS - seq=contig_8, start=56230, stop=56790, strand=+, nt=[ATGCTGATCC..TAAAAAATAG]
19:35:35.469 - INFO - CDS - seq=contig_8, start=56890, stop=57258, strand=-, nt=[ATGAATAAAG..GGCGCGTTAG]
19:35:35.469 - INFO - CDS - seq=contig_8, start=57801, stop=58997, strand=+, nt=[ATGAAAAAGC..GATTAATTAA]
19:35:35.469 - INFO - CDS - seq=contig_8, start=59329, stop=60966, strand=+, nt=[ATGAGGAAAG..TGGTCGTTGA]
19:35:35.469 - INFO - CDS - seq=contig_8, start=60963, stop=61274, strand=+, nt=[TTGATAGCTG..AGTAATTTGA]
19:35:35.469 - INFO - CDS - seq=contig_8, start=61857, stop=62132, strand=-, nt=[ATGGCTCGCT..TCCGATCTAA]
19:35:35.469 - INFO - CDS - seq=contig_8, start=62524, stop=63354, strand=-, nt=[ATGAAACGAT..GAAGTTTTAA]
19:35:35.469 - INFO - CDS - seq=contig_8, start=63421, stop=64572, strand=-, nt=[ATGAGTGAAG..TAAACCTTAA]
19:35:35.469 - INFO - CDS - seq=contig_8, start=65357, stop=66406, strand=-, nt=[ATGAAAAAGC..AGTTCAATAG]
19:35:35.469 - INFO - CDS - seq=contig_8, start=66459, stop=67226, strand=-, nt=[ATGGTAGATA..TAAAGCATAA]
19:35:35.469 - INFO - CDS - seq=contig_8, start=67220, stop=68212, strand=-, nt=[ATGCAAGAAA..ACAATGGTAG]
19:35:35.469 - INFO - CDS - seq=contig_8, start=68263, stop=69246, strand=-, nt=[GTGCTCGTTT..ACGTTACTAA]
19:35:35.469 - INFO - CDS - seq=contig_8, start=69231, stop=70502, strand=-, nt=[ATGACTGGAA..GTTTTCCTAA]
19:35:35.469 - INFO - CDS - seq=contig_8, start=70504, stop=71643, strand=-, nt=[ATGAGTAACT..GGAGCTGTAA]
19:35:35.469 - INFO - CDS - seq=contig_8, start=71653, stop=72504, strand=-, nt=[ATGAAATTTA..GAGAAACTAG]
19:35:35.469 - INFO - CDS - seq=contig_8, start=72520, stop=73284, strand=-, nt=[ATGACCAATA..CGCCAATTAA]
19:35:35.469 - INFO - CDS - seq=contig_8, start=73281, stop=74090, strand=-, nt=[ATGCCTAAAC..ACACGAATGA]
19:35:35.469 - INFO - CDS - seq=contig_8, start=74812, stop=76452, strand=-, nt=[ATGTTAAGGG..CTTCAAATAA]
19:35:35.469 - INFO - CDS - seq=contig_8, start=77047, stop=77319, strand=+, nt=[TTGATCGTGC..TTTGAAGTAG]
19:35:35.469 - INFO - CDS - seq=contig_8, start=77572, stop=77946, strand=-, nt=[ATGGCAGGAC..AAAACATTAA]
19:35:35.469 - INFO - CDS - seq=contig_8, start=77948, stop=78757, strand=-, nt=[ATGGCAACTG..GAATGAATAA]
19:35:35.469 - INFO - CDS - seq=contig_9, start=185, stop=1759, strand=-, frame=3, truncated=no, start-type=ATG, RBS-motif=AGGA
19:35:35.469 - INFO - CDS - seq=contig_9, start=1825, stop=3171, strand=-, frame=1, truncated=no, start-type=ATG, RBS-motif=GGA/GAG/AGG
19:35:35.470 - INFO - CDS - seq=contig_9, start=3247, stop=4425, strand=-, frame=1, truncated=no, start-type=ATG, RBS-motif=GGAGG
19:35:35.470 - INFO - CDS - seq=contig_9, start=4502, stop=4936, strand=+, frame=2, truncated=no, start-type=TTG, RBS-motif=AGxAGG/AGGxGG
19:35:35.470 - INFO - CDS - seq=contig_9, start=5075, stop=5593, strand=-, frame=3, truncated=no, start-type=ATG, RBS-motif=GGAGG
19:35:35.470 - INFO - CDS - seq=contig_9, start=5621, stop=6157, strand=-, frame=3, truncated=no, start-type=ATG, RBS-motif=None
19:35:35.470 - INFO - CDS - seq=contig_9, start=6407, stop=7201, strand=-, frame=3, truncated=no, start-type=ATG, RBS-motif=GGA/GAG/AGG
19:35:35.470 - INFO - CDS - seq=contig_9, start=7275, stop=8810, strand=+, frame=3, truncated=no, start-type=ATG, RBS-motif=GGAGG
19:35:35.470 - INFO - CDS - seq=contig_9, start=8804, stop=9178, strand=-, frame=3, truncated=no, start-type=GTG, RBS-motif=GGAGG
19:35:35.470 - INFO - CDS - seq=contig_9, start=9256, stop=10623, strand=+, frame=1, truncated=no, start-type=ATG, RBS-motif=AGGAG
19:35:35.470 - INFO - CDS - seq=contig_9, start=10908, stop=11381, strand=+, frame=3, truncated=no, start-type=ATG, RBS-motif=GGAG/GAGG
19:35:35.470 - INFO - CDS - seq=contig_9, start=11465, stop=12202, strand=-, frame=3, truncated=no, start-type=TTG, RBS-motif=AGxAGG/AGGxGG
19:35:35.470 - INFO - CDS - seq=contig_9, start=12346, stop=13782, strand=-, frame=1, truncated=no, start-type=TTG, RBS-motif=AGGAGG
19:35:35.470 - INFO - CDS - seq=contig_9, start=13835, stop=15199, strand=-, frame=3, truncated=no, start-type=ATG, RBS-motif=AGGAG
19:35:35.470 - INFO - CDS - seq=contig_9, start=15222, stop=15716, strand=-, frame=2, truncated=no, start-type=ATG, RBS-motif=AGGA/GGAG/GAGG
19:35:35.470 - INFO - CDS - seq=contig_9, start=15743, stop=16060, strand=-, frame=3, truncated=no, start-type=ATG, RBS-motif=AGGAGG
19:35:35.470 - INFO - CDS - seq=contig_9, start=16070, stop=16384, strand=-, frame=3, truncated=no, start-type=ATG, RBS-motif=GGAG/GAGG
19:35:35.470 - INFO - CDS - seq=contig_9, start=16705, stop=18459, strand=-, frame=1, truncated=no, start-type=ATG, RBS-motif=GGAGG
19:35:35.470 - INFO - CDS - seq=contig_9, start=18783, stop=19949, strand=-, frame=2, truncated=no, start-type=ATG, RBS-motif=AGxAGG/AGGxGG
19:35:35.470 - INFO - CDS - seq=contig_9, start=19933, stop=21213, strand=-, frame=1, truncated=no, start-type=ATG, RBS-motif=GGAG/GAGG
19:35:35.470 - INFO - CDS - seq=contig_9, start=21225, stop=22406, strand=-, frame=2, truncated=no, start-type=ATG, RBS-motif=AGGAGG
19:35:35.470 - INFO - CDS - seq=contig_9, start=22751, stop=23050, strand=+, frame=2, truncated=no, start-type=ATG, RBS-motif=AGxAGG/AGGxGG
19:35:35.470 - INFO - CDS - seq=contig_9, start=23051, stop=23881, strand=-, frame=3, truncated=no, start-type=ATG, RBS-motif=AGGAGG
19:35:35.470 - INFO - CDS - seq=contig_9, start=24029, stop=24592, strand=-, frame=3, truncated=no, start-type=ATG, RBS-motif=GGAG/GAGG
19:35:35.470 - INFO - CDS - seq=contig_9, start=24705, stop=25523, strand=+, frame=3, truncated=no, start-type=ATG, RBS-motif=AGGA/GGAG/GAGG
19:35:35.470 - INFO - CDS - seq=contig_9, start=25583, stop=26722, strand=-, frame=3, truncated=no, start-type=TTG, RBS-motif=GGAGG
19:35:35.470 - INFO - CDS - seq=contig_9, start=26801, stop=27406, strand=-, frame=3, truncated=no, start-type=ATG, RBS-motif=GGAGG
19:35:35.470 - INFO - CDS - seq=contig_9, start=28046, stop=28510, strand=+, frame=2, truncated=no, start-type=ATG, RBS-motif=AGGAG
19:35:35.471 - INFO - CDS - seq=contig_9, start=28503, stop=28955, strand=-, frame=2, truncated=no, start-type=ATG, RBS-motif=GGAGG
19:35:35.471 - INFO - CDS - seq=contig_9, start=29097, stop=29849, strand=-, frame=2, truncated=no, start-type=ATG, RBS-motif=GGA/GAG/AGG
19:35:35.471 - INFO - CDS - seq=contig_9, start=29842, stop=30741, strand=-, frame=1, truncated=no, start-type=ATG, RBS-motif=AGGA/GGAG/GAGG
19:35:35.471 - INFO - CDS - seq=contig_9, start=30738, stop=31733, strand=-, frame=2, truncated=no, start-type=ATG, RBS-motif=GGAGG
19:35:35.471 - INFO - CDS - seq=contig_9, start=31847, stop=32068, strand=+, frame=2, truncated=no, start-type=ATG, RBS-motif=AGGA/GGAG/GAGG
19:35:35.471 - INFO - CDS - seq=contig_9, start=32219, stop=32656, strand=-, frame=3, truncated=no, start-type=ATG, RBS-motif=AGGA
19:35:35.471 - INFO - CDS - seq=contig_9, start=32793, stop=35453, strand=-, frame=2, truncated=no, start-type=TTG, RBS-motif=AGGAGG
19:35:35.471 - INFO - CDS - seq=contig_9, start=35762, stop=36919, strand=-, frame=3, truncated=no, start-type=ATG, RBS-motif=AGGAG/GGAGG
19:35:35.471 - INFO - CDS - seq=contig_9, start=36986, stop=37228, strand=+, frame=2, truncated=no, start-type=ATG, RBS-motif=AGGA/GGAG/GAGG
19:35:35.471 - INFO - CDS - seq=contig_9, start=37138, stop=37965, strand=-, frame=1, truncated=no, start-type=ATG, RBS-motif=AGGAG
19:35:35.471 - INFO - CDS - seq=contig_9, start=37968, stop=39161, strand=-, frame=2, truncated=no, start-type=ATG, RBS-motif=GGAG/GAGG
19:35:35.471 - INFO - CDS - seq=contig_9, start=39165, stop=40628, strand=-, frame=2, truncated=no, start-type=ATG, RBS-motif=GGAG/GAGG
19:35:35.471 - INFO - CDS - seq=contig_9, start=41158, stop=41859, strand=-, frame=1, truncated=no, start-type=ATG, RBS-motif=GGAGG
19:35:35.471 - INFO - CDS - seq=contig_9, start=41884, stop=43029, strand=-, frame=1, truncated=no, start-type=GTG, RBS-motif=AGGAG
19:35:35.471 - INFO - CDS - seq=contig_9, start=43136, stop=43933, strand=-, frame=3, truncated=no, start-type=ATG, RBS-motif=AGGAGG
19:35:35.471 - INFO - CDS - seq=contig_9, start=43946, stop=45922, strand=-, frame=3, truncated=no, start-type=ATG, RBS-motif=GGA/GAG/AGG
19:35:35.471 - INFO - CDS - seq=contig_9, start=46186, stop=46296, strand=-, frame=1, truncated=no, start-type=ATG, RBS-motif=GGxGG
19:35:35.471 - INFO - CDS - seq=contig_9, start=46251, stop=47078, strand=-, frame=2, truncated=no, start-type=ATG, RBS-motif=GGAGG
19:35:35.471 - INFO - CDS - seq=contig_9, start=47140, stop=48579, strand=-, frame=1, truncated=no, start-type=ATG, RBS-motif=AGGA
19:35:35.471 - INFO - CDS - seq=contig_9, start=48991, stop=51309, strand=-, frame=1, truncated=no, start-type=TTG, RBS-motif=GGAG/GAGG
19:35:35.471 - INFO - CDS - seq=contig_9, start=51735, stop=52109, strand=-, frame=2, truncated=no, start-type=ATG, RBS-motif=AGxAGG/AGGxGG
19:35:35.471 - INFO - CDS - seq=contig_9, start=52249, stop=52671, strand=-, frame=1, truncated=no, start-type=ATG, RBS-motif=AGxAGG/AGGxGG
19:35:35.471 - INFO - CDS - seq=contig_9, start=53234, stop=54664, strand=+, frame=2, truncated=no, start-type=ATG, RBS-motif=GGAGG
19:35:35.472 - INFO - CDS - seq=contig_9, start=54759, stop=55895, strand=+, frame=3, truncated=no, start-type=ATG, RBS-motif=AGGAG
19:35:35.472 - INFO - CDS - seq=contig_9, start=56004, stop=56321, strand=-, frame=2, truncated=no, start-type=ATG, RBS-motif=AGGAG
19:35:35.472 - INFO - CDS - seq=contig_9, start=56492, stop=58159, strand=-, frame=3, truncated=no, start-type=ATG, RBS-motif=AGxAGG/AGGxGG
19:35:35.472 - INFO - CDS - seq=contig_9, start=58374, stop=58541, strand=-, frame=2, truncated=no, start-type=ATG, RBS-motif=GGAG/GAGG
19:35:35.472 - INFO - CDS - seq=contig_9, start=58577, stop=60688, strand=-, frame=3, truncated=no, start-type=ATG, RBS-motif=GGAGG
19:35:35.472 - INFO - CDS - seq=contig_9, start=60675, stop=61166, strand=-, frame=2, truncated=no, start-type=ATG, RBS-motif=GGA/GAG/AGG
19:35:35.472 - INFO - CDS - seq=contig_9, start=61366, stop=62118, strand=-, frame=1, truncated=no, start-type=ATG, RBS-motif=GGA/GAG/AGG
19:35:35.472 - INFO - CDS - seq=contig_9, start=62729, stop=63367, strand=+, frame=2, truncated=no, start-type=ATG, RBS-motif=AGGA/GGAG/GAGG
19:35:35.472 - INFO - CDS - seq=contig_9, start=63406, stop=63918, strand=+, frame=1, truncated=no, start-type=TTG, RBS-motif=GGAG/GAGG
19:35:35.472 - INFO - CDS - seq=contig_9, start=64071, stop=64595, strand=-, frame=2, truncated=no, start-type=ATG, RBS-motif=AGxAG
19:35:35.472 - INFO - CDS - seq=contig_9, start=185, stop=1759, strand=-, nt=[ATGAAACCAC..CAAAATGTAA]
19:35:35.472 - INFO - CDS - seq=contig_9, start=1825, stop=3171, strand=-, nt=[ATGGGCAGTG..CGATAGCTAG]
19:35:35.472 - INFO - CDS - seq=contig_9, start=3247, stop=4425, strand=-, nt=[ATGTTTGATA..AAATAAATAA]
19:35:35.472 - INFO - CDS - seq=contig_9, start=4502, stop=4936, strand=+, nt=[TTGGAAGTCA..GCTGGCTTGA]
19:35:35.472 - INFO - CDS - seq=contig_9, start=5075, stop=5593, strand=-, nt=[ATGAAACAAA..GTATGAGTAA]
19:35:35.472 - INFO - CDS - seq=contig_9, start=5621, stop=6157, strand=-, nt=[ATGCGGATCC..CCGGATCTAG]
19:35:35.472 - INFO - CDS - seq=contig_9, start=6407, stop=7201, strand=-, nt=[ATGAGTGAAA..GGAAAGTTGA]
19:35:35.472 - INFO - CDS - seq=contig_9, start=7275, stop=8810, strand=+, nt=[ATGTTTGAAG..TCGTCAGTGA]
19:35:35.472 - INFO - CDS - seq=contig_9, start=8804, stop=9178, strand=-, nt=[GTGAAAATCA..GATTCACTGA]
19:35:35.472 - INFO - CDS - seq=contig_9, start=9256, stop=10623, strand=+, nt=[ATGGCAGTCA..AAGGGCGTGA]
19:35:35.472 - INFO - CDS - seq=contig_9, start=10908, stop=11381, strand=+, nt=[ATGAAAATTT..CCGTGCTTAA]
19:35:35.472 - INFO - CDS - seq=contig_9, start=11465, stop=12202, strand=-, nt=[TTGTCTCAGC..AATGCATTAA]
19:35:35.472 - INFO - CDS - seq=contig_9, start=12346, stop=13782, strand=-, nt=[TTGACAGCAT..TCTCACCTAG]
19:35:35.472 - INFO - CDS - seq=contig_9, start=13835, stop=15199, strand=-, nt=[ATGGATTCAA..GGCGGCTTAA]
19:35:35.472 - INFO - CDS - seq=contig_9, start=15222, stop=15716, strand=-, nt=[ATGTCAGACC..CATACAATGA]
19:35:35.472 - INFO - CDS - seq=contig_9, start=15743, stop=16060, strand=-, nt=[ATGAACGAGC..TACGAAATAA]
19:35:35.472 - INFO - CDS - seq=contig_9, start=16070, stop=16384, strand=-, nt=[ATGGGTAAGA..CGAGCAGTAG]
19:35:35.472 - INFO - CDS - seq=contig_9, start=16705, stop=18459, strand=-, nt=[ATGACAGAAA..AAATGCTTAA]
19:35:35.472 - INFO - CDS - seq=contig_9, start=18783, stop=19949, strand=-, nt=[ATGAAAATCG..GCAGCGGTAA]
19:35:35.472 - INFO - CDS - seq=contig_9, start=19933, stop=21213, strand=-, nt=[ATGAAATTTT..TCGGGATTGA]
19:35:35.472 - INFO - CDS - seq=contig_9, start=21225, stop=22406, strand=-, nt=[ATGGAAGAAG..GCGTGTCTGA]
19:35:35.472 - INFO - CDS - seq=contig_9, start=22751, stop=23050, strand=+, nt=[ATGCGTGTCA..GCTCAATTGA]
19:35:35.472 - INFO - CDS - seq=contig_9, start=23051, stop=23881, strand=-, nt=[ATGCTATTAG..TCCAGCGTAA]
19:35:35.472 - INFO - CDS - seq=contig_9, start=24029, stop=24592, strand=-, nt=[ATGAGAACGT..GCCAAGTTAA]
19:35:35.472 - INFO - CDS - seq=contig_9, start=24705, stop=25523, strand=+, nt=[ATGCAACTAA..CGCAAACTAA]
19:35:35.472 - INFO - CDS - seq=contig_9, start=25583, stop=26722, strand=-, nt=[TTGACAGAAG..GAACTATTAA]
19:35:35.473 - INFO - CDS - seq=contig_9, start=26801, stop=27406, strand=-, nt=[ATGACGCAAC..ACGGAAATAA]
19:35:35.473 - INFO - CDS - seq=contig_9, start=28046, stop=28510, strand=+, nt=[ATGCTTCGCG..GCTTAACTAG]
19:35:35.473 - INFO - CDS - seq=contig_9, start=28503, stop=28955, strand=-, nt=[ATGACAGATC..GGCTAGTTAA]
19:35:35.473 - INFO - CDS - seq=contig_9, start=29097, stop=29849, strand=-, nt=[ATGGCTGAGC..TTTCAGTTAA]
19:35:35.473 - INFO - CDS - seq=contig_9, start=29842, stop=30741, strand=-, nt=[ATGAGTATCG..ACATGGCTGA]
19:35:35.473 - INFO - CDS - seq=contig_9, start=30738, stop=31733, strand=-, nt=[ATGAAACGAA..GATCAAATGA]
19:35:35.473 - INFO - CDS - seq=contig_9, start=31847, stop=32068, strand=+, nt=[ATGGCCAAAG..ACCTACCTAA]
19:35:35.473 - INFO - CDS - seq=contig_9, start=32219, stop=32656, strand=-, nt=[ATGAATAAAC..GTTGTCTTAA]
19:35:35.473 - INFO - CDS - seq=contig_9, start=32793, stop=35453, strand=-, nt=[TTGGCAAACA..ACGCGCATAA]
19:35:35.473 - INFO - CDS - seq=contig_9, start=35762, stop=36919, strand=-, nt=[ATGTCGGGTA..GTTGGGCTGA]
19:35:35.473 - INFO - CDS - seq=contig_9, start=36986, stop=37228, strand=+, nt=[ATGGCCGCTC..AGCAGCTTGA]
19:35:35.473 - INFO - CDS - seq=contig_9, start=37138, stop=37965, strand=-, nt=[ATGCGTCCAT..TTGGAAATAA]
19:35:35.473 - INFO - CDS - seq=contig_9, start=37968, stop=39161, strand=-, nt=[ATGAGGGCAT..AGGAGTTTGA]
19:35:35.473 - INFO - CDS - seq=contig_9, start=39165, stop=40628, strand=-, nt=[ATGACCACAC..CGAGGAATAA]
19:35:35.473 - INFO - CDS - seq=contig_9, start=41158, stop=41859, strand=-, nt=[ATGGATGCAC..AGAACGGTAA]
19:35:35.473 - INFO - CDS - seq=contig_9, start=41884, stop=43029, strand=-, nt=[GTGACGGTTA..CGAAGACTGA]
19:35:35.473 - INFO - CDS - seq=contig_9, start=43136, stop=43933, strand=-, nt=[ATGACAATTG..TCAAGGATAA]
19:35:35.473 - INFO - CDS - seq=contig_9, start=43946, stop=45922, strand=-, nt=[ATGGCAATTA..TCAAGCATAA]
19:35:35.473 - INFO - CDS - seq=contig_9, start=46186, stop=46296, strand=-, nt=[ATGGCGGCAG..TGATTTTTGA]
19:35:35.473 - INFO - CDS - seq=contig_9, start=46251, stop=47078, strand=-, nt=[ATGGTGAAAA..GTTGTCTTGA]
19:35:35.473 - INFO - CDS - seq=contig_9, start=47140, stop=48579, strand=-, nt=[ATGGGGCATC..TGTTAATTAG]
19:35:35.473 - INFO - CDS - seq=contig_9, start=48991, stop=51309, strand=-, nt=[TTGCTAGACT..CGCGGATTAA]
19:35:35.473 - INFO - CDS - seq=contig_9, start=51735, stop=52109, strand=-, nt=[ATGGCAGTTT..GCCCACTTAA]
19:35:35.473 - INFO - CDS - seq=contig_9, start=52249, stop=52671, strand=-, nt=[ATGCATACAC..AATTTTTTAA]
19:35:35.473 - INFO - CDS - seq=contig_9, start=53234, stop=54664, strand=+, nt=[ATGAAAGGTT..ATCTAAATGA]
19:35:35.473 - INFO - CDS - seq=contig_9, start=54759, stop=55895, strand=+, nt=[ATGACCAAAC..CGATAGGTAG]
19:35:35.473 - INFO - CDS - seq=contig_9, start=56004, stop=56321, strand=-, nt=[ATGGCGATTC..ACTTGGGTAA]
19:35:35.473 - INFO - CDS - seq=contig_9, start=56492, stop=58159, strand=-, nt=[ATGACAAGTA..CGCAATGTGA]
19:35:35.473 - INFO - CDS - seq=contig_9, start=58374, stop=58541, strand=-, nt=[ATGGCAACAT..GAAGGCTTAA]
19:35:35.473 - INFO - CDS - seq=contig_9, start=58577, stop=60688, strand=-, nt=[ATGGCGATTC..AAGTTTTTAA]
19:35:35.473 - INFO - CDS - seq=contig_9, start=60675, stop=61166, strand=-, nt=[ATGCAGGCCT..CGATTCGTGA]
19:35:35.473 - INFO - CDS - seq=contig_9, start=61366, stop=62118, strand=-, nt=[ATGCATAGAC..AGTTAAATAA]
19:35:35.473 - INFO - CDS - seq=contig_9, start=62729, stop=63367, strand=+, nt=[ATGAAGATTG..CAATGCTTAA]
19:35:35.473 - INFO - CDS - seq=contig_9, start=63406, stop=63918, strand=+, nt=[TTGGCACAAG..CAAGATTTAA]
19:35:35.473 - INFO - CDS - seq=contig_9, start=64071, stop=64595, strand=-, nt=[ATGGACAATC..AGGACAATGA]
19:35:35.473 - INFO - CDS - seq=contig_10, start=146, stop=352, strand=-, frame=2, truncated=no, start-type=ATG, RBS-motif=GGAG/GAGG
19:35:35.473 - INFO - CDS - seq=contig_10, start=622, stop=1188, strand=+, frame=1, truncated=no, start-type=ATG, RBS-motif=GGxGG
19:35:35.474 - INFO - CDS - seq=contig_10, start=1195, stop=2538, strand=+, frame=1, truncated=no, start-type=ATG, RBS-motif=AGxAGG/AGGxGG
19:35:35.474 - INFO - CDS - seq=contig_10, start=2543, stop=3190, strand=+, frame=2, truncated=no, start-type=ATG, RBS-motif=GGA/GAG/AGG
19:35:35.474 - INFO - CDS - seq=contig_10, start=3278, stop=3970, strand=+, frame=2, truncated=no, start-type=ATG, RBS-motif=AGGAG
19:35:35.474 - INFO - CDS - seq=contig_10, start=3951, stop=4451, strand=+, frame=3, truncated=no, start-type=ATG, RBS-motif=AGGAG
19:35:35.474 - INFO - CDS - seq=contig_10, start=4464, stop=5306, strand=+, frame=3, truncated=no, start-type=ATG, RBS-motif=AGGAGG
19:35:35.474 - INFO - CDS - seq=contig_10, start=5303, stop=5944, strand=+, frame=2, truncated=no, start-type=ATG, RBS-motif=GGA/GAG/AGG
19:35:35.474 - INFO - CDS - seq=contig_10, start=5934, stop=6761, strand=+, frame=3, truncated=no, start-type=ATG, RBS-motif=AGxAGG/AGGxGG
19:35:35.474 - INFO - CDS - seq=contig_10, start=7146, stop=8594, strand=+, frame=3, truncated=no, start-type=GTG, RBS-motif=GGAGG
19:35:35.474 - INFO - CDS - seq=contig_10, start=8899, stop=9147, strand=+, frame=1, truncated=no, start-type=ATG, RBS-motif=GGA/GAG/AGG
19:35:35.474 - INFO - CDS - seq=contig_10, start=9528, stop=10535, strand=+, frame=3, truncated=no, start-type=ATG, RBS-motif=GGA/GAG/AGG
19:35:35.474 - INFO - CDS - seq=contig_10, start=10595, stop=10987, strand=+, frame=2, truncated=no, start-type=TTG, RBS-motif=AGGAGG
19:35:35.474 - INFO - CDS - seq=contig_10, start=11056, stop=12558, strand=+, frame=1, truncated=no, start-type=ATG, RBS-motif=GGxGG
19:35:35.474 - INFO - CDS - seq=contig_10, start=12542, stop=13522, strand=+, frame=2, truncated=no, start-type=ATG, RBS-motif=GGAG/GAGG
19:35:35.474 - INFO - CDS - seq=contig_10, start=13579, stop=14538, strand=+, frame=1, truncated=no, start-type=ATG, RBS-motif=AGxAGG/AGGxGG
19:35:35.474 - INFO - CDS - seq=contig_10, start=14678, stop=15607, strand=+, frame=2, truncated=no, start-type=ATG, RBS-motif=GGAGG
19:35:35.474 - INFO - CDS - seq=contig_10, start=15741, stop=15989, strand=-, frame=1, truncated=no, start-type=ATG, RBS-motif=None
19:35:35.474 - INFO - CDS - seq=contig_10, start=16026, stop=18017, strand=-, frame=1, truncated=no, start-type=ATG, RBS-motif=GGA/GAG/AGG
19:35:35.474 - INFO - CDS - seq=contig_10, start=18192, stop=19574, strand=+, frame=3, truncated=no, start-type=TTG, RBS-motif=GGAGG
19:35:35.474 - INFO - CDS - seq=contig_10, start=19555, stop=19989, strand=+, frame=1, truncated=no, start-type=ATG, RBS-motif=AGxAGG/AGGxGG
19:35:35.474 - INFO - CDS - seq=contig_10, start=19986, stop=20549, strand=+, frame=3, truncated=no, start-type=TTG, RBS-motif=GGA/GAG/AGG
19:35:35.474 - INFO - CDS - seq=contig_10, start=20562, stop=20777, strand=+, frame=3, truncated=no, start-type=ATG, RBS-motif=GGAG/GAGG
19:35:35.474 - INFO - CDS - seq=contig_10, start=21583, stop=22281, strand=+, frame=1, truncated=no, start-type=GTG, RBS-motif=GGA/GAG/AGG
19:35:35.474 - INFO - CDS - seq=contig_10, start=22315, stop=23031, strand=+, frame=1, truncated=no, start-type=ATG, RBS-motif=None
19:35:35.474 - INFO - CDS - seq=contig_10, start=23114, stop=23503, strand=-, frame=2, truncated=no, start-type=ATG, RBS-motif=AGxAG
19:35:35.474 - INFO - CDS - seq=contig_10, start=23535, stop=24059, strand=-, frame=1, truncated=no, start-type=ATG, RBS-motif=AGxAGG/AGGxGG
19:35:35.474 - INFO - CDS - seq=contig_10, start=24049, stop=24684, strand=-, frame=3, truncated=no, start-type=ATG, RBS-motif=AGGAG
19:35:35.474 - INFO - CDS - seq=contig_10, start=24698, stop=25426, strand=-, frame=2, truncated=no, start-type=ATG, RBS-motif=AGGAGG
19:35:35.474 - INFO - CDS - seq=contig_10, start=25423, stop=26103, strand=-, frame=3, truncated=no, start-type=TTG, RBS-motif=GGAG/GAGG
19:35:35.475 - INFO - CDS - seq=contig_10, start=26093, stop=26881, strand=-, frame=2, truncated=no, start-type=ATG, RBS-motif=GGAG/GAGG
19:35:35.475 - INFO - CDS - seq=contig_10, start=27332, stop=28858, strand=+, frame=2, truncated=no, start-type=TTG, RBS-motif=GGAGG
19:35:35.475 - INFO - CDS - seq=contig_10, start=29129, stop=31225, strand=+, frame=2, truncated=no, start-type=ATG, RBS-motif=AGGAGG
19:35:35.475 - INFO - CDS - seq=contig_10, start=31226, stop=31537, strand=+, frame=2, truncated=no, start-type=ATG, RBS-motif=AGGAG
19:35:35.475 - INFO - CDS - seq=contig_10, start=31679, stop=32965, strand=+, frame=2, truncated=no, start-type=ATG, RBS-motif=AGxAGG/AGGxGG
19:35:35.475 - INFO - CDS - seq=contig_10, start=32982, stop=33404, strand=+, frame=3, truncated=no, start-type=ATG, RBS-motif=GGA/GAG/AGG
19:35:35.475 - INFO - CDS - seq=contig_10, start=33426, stop=34286, strand=+, frame=3, truncated=no, start-type=ATG, RBS-motif=GGAGG
19:35:35.475 - INFO - CDS - seq=contig_10, start=34399, stop=35040, strand=+, frame=1, truncated=no, start-type=ATG, RBS-motif=AGGAG
19:35:35.475 - INFO - CDS - seq=contig_10, start=35327, stop=36157, strand=+, frame=2, truncated=no, start-type=GTG, RBS-motif=GGAG/GAGG
19:35:35.475 - INFO - CDS - seq=contig_10, start=36150, stop=37019, strand=+, frame=3, truncated=no, start-type=ATG, RBS-motif=GGA/GAG/AGG
19:35:35.475 - INFO - CDS - seq=contig_10, start=37059, stop=38054, strand=+, frame=3, truncated=no, start-type=ATG, RBS-motif=AGGAGG
19:35:35.475 - INFO - CDS - seq=contig_10, start=38609, stop=39388, strand=+, frame=2, truncated=no, start-type=ATG, RBS-motif=AGGAGG
19:35:35.475 - INFO - CDS - seq=contig_10, start=39659, stop=39913, strand=+, frame=2, truncated=no, start-type=ATG, RBS-motif=AGxAGG/AGGxGG
19:35:35.475 - INFO - CDS - seq=contig_10, start=40844, stop=41128, strand=-, frame=2, truncated=no, start-type=GTG, RBS-motif=GGA/GAG/AGG
19:35:35.475 - INFO - CDS - seq=contig_10, start=41503, stop=41631, strand=+, frame=1, truncated=no, start-type=ATG, RBS-motif=GGAGG
19:35:35.475 - INFO - CDS - seq=contig_10, start=42676, stop=43293, strand=+, frame=1, truncated=no, start-type=GTG, RBS-motif=GGxGG
19:35:35.475 - INFO - CDS - seq=contig_10, start=44723, stop=44899, strand=+, frame=2, truncated=no, start-type=ATG, RBS-motif=AGGA/GGAG/GAGG
19:35:35.475 - INFO - CDS - seq=contig_10, start=44905, stop=45303, strand=-, frame=3, truncated=no, start-type=ATG, RBS-motif=AGGAG
19:35:35.475 - INFO - CDS - seq=contig_10, start=45416, stop=45787, strand=-, frame=2, truncated=no, start-type=GTG, RBS-motif=AGGA
19:35:35.475 - INFO - CDS - seq=contig_10, start=47714, stop=48643, strand=+, frame=2, truncated=no, start-type=ATG, RBS-motif=GGAG/GAGG
19:35:35.475 - INFO - CDS - seq=contig_10, start=48740, stop=49450, strand=-, frame=2, truncated=no, start-type=ATG, RBS-motif=AGGAGG
19:35:35.475 - INFO - CDS - seq=contig_10, start=49534, stop=50517, strand=-, frame=3, truncated=no, start-type=TTG, RBS-motif=GGAG/GAGG
19:35:35.475 - INFO - CDS - seq=contig_10, start=50876, stop=51700, strand=+, frame=2, truncated=no, start-type=ATG, RBS-motif=AGGAGG
19:35:35.475 - INFO - CDS - seq=contig_10, start=51687, stop=52523, strand=+, frame=3, truncated=no, start-type=ATG, RBS-motif=AGxAGG/AGGxGG
19:35:35.476 - INFO - CDS - seq=contig_10, start=52548, stop=54035, strand=+, frame=3, truncated=no, start-type=ATG, RBS-motif=AGGAGG
19:35:35.476 - INFO - CDS - seq=contig_10, start=54061, stop=54879, strand=+, frame=1, truncated=no, start-type=ATG, RBS-motif=AGxAGG/AGGxGG
19:35:35.476 - INFO - CDS - seq=contig_10, start=54882, stop=55661, strand=+, frame=3, truncated=no, start-type=ATG, RBS-motif=AGxAG
19:35:35.476 - INFO - CDS - seq=contig_10, start=55674, stop=56798, strand=+, frame=3, truncated=no, start-type=ATG, RBS-motif=AGxAGG/AGGxGG
19:35:35.476 - INFO - CDS - seq=contig_10, start=57146, stop=58081, strand=+, frame=2, truncated=no, start-type=ATG, RBS-motif=AGGAGG
19:35:35.476 - INFO - CDS - seq=contig_10, start=58093, stop=59487, strand=+, frame=1, truncated=no, start-type=ATG, RBS-motif=AGGAGG
19:35:35.476 - INFO - CDS - seq=contig_10, start=59503, stop=60000, strand=+, frame=1, truncated=no, start-type=ATG, RBS-motif=GGAG/GAGG
19:35:35.476 - INFO - CDS - seq=contig_10, start=60043, stop=60783, strand=+, frame=1, truncated=no, start-type=ATG, RBS-motif=GGAG/GAGG
19:35:35.476 - INFO - CDS - seq=contig_10, start=60928, stop=61725, strand=-, frame=3, truncated=no, start-type=ATG, RBS-motif=GGAG/GAGG
19:35:35.476 - INFO - CDS - seq=contig_10, start=61736, stop=62578, strand=-, frame=2, truncated=no, start-type=ATG, RBS-motif=GGAGG
19:35:35.476 - INFO - CDS - seq=contig_10, start=62582, stop=63349, strand=-, frame=2, truncated=no, start-type=ATG, RBS-motif=AGGAGG
19:35:35.476 - INFO - CDS - seq=contig_10, start=63375, stop=63884, strand=-, frame=1, truncated=no, start-type=ATG, RBS-motif=GGAGG
19:35:35.476 - INFO - CDS - seq=contig_10, start=63912, stop=64319, strand=-, frame=1, truncated=no, start-type=ATG, RBS-motif=AGGAGG
19:35:35.476 - INFO - CDS - seq=contig_10, start=146, stop=352, strand=-, nt=[ATGTTTTATT..AACCATCTAA]
19:35:35.476 - INFO - CDS - seq=contig_10, start=622, stop=1188, strand=+, nt=[ATGGATAAAT..TAGCAGGTAG]
19:35:35.476 - INFO - CDS - seq=contig_10, start=1195, stop=2538, strand=+, nt=[ATGAGTATTG..GCAGGGGTGA]
19:35:35.476 - INFO - CDS - seq=contig_10, start=2543, stop=3190, strand=+, nt=[ATGGCACAGA..TGGCCATTAA]
19:35:35.476 - INFO - CDS - seq=contig_10, start=3278, stop=3970, strand=+, nt=[ATGAAATTTT..GCAGGGTTAA]
19:35:35.476 - INFO - CDS - seq=contig_10, start=3951, stop=4451, strand=+, nt=[ATGACACAAA..AATTTTCTAG]
19:35:35.476 - INFO - CDS - seq=contig_10, start=4464, stop=5306, strand=+, nt=[ATGTCAAAAG..AGCGTTATGA]
19:35:35.476 - INFO - CDS - seq=contig_10, start=5303, stop=5944, strand=+, nt=[ATGAACGCAA..TGACCGTTAA]
19:35:35.476 - INFO - CDS - seq=contig_10, start=5934, stop=6761, strand=+, nt=[ATGACCGTTA..TCAAGGTTAA]
19:35:35.476 - INFO - CDS - seq=contig_10, start=7146, stop=8594, strand=+, nt=[GTGCAAGAAG..GCTCATGTAA]
19:35:35.476 - INFO - CDS - seq=contig_10, start=8899, stop=9147, strand=+, nt=[ATGATGTCTA..GGATATGTGA]
19:35:35.476 - INFO - CDS - seq=contig_10, start=9528, stop=10535, strand=+, nt=[ATGAAAAAGA..ACGGATTTAA]
19:35:35.476 - INFO - CDS - seq=contig_10, start=10595, stop=10987, strand=+, nt=[TTGAAAAAAG..TACGTTCTGA]
19:35:35.476 - INFO - CDS - seq=contig_10, start=11056, stop=12558, strand=+, nt=[ATGAAGATCG..AGCAATCTAA]
19:35:35.476 - INFO - CDS - seq=contig_10, start=12542, stop=13522, strand=+, nt=[ATGCAGGAGC..TAATGGGTAA]
19:35:35.476 - INFO - CDS - seq=contig_10, start=13579, stop=14538, strand=+, nt=[ATGAAACAAT..GAACAAGTAA]
19:35:35.476 - INFO - CDS - seq=contig_10, start=14678, stop=15607, strand=+, nt=[ATGCCTAATC..AATCAAGTGA]
19:35:35.476 - INFO - CDS - seq=contig_10, start=15741, stop=15989, strand=-, nt=[ATGAGCTACC..AAACGTATAA]
19:35:35.476 - INFO - CDS - seq=contig_10, start=16026, stop=18017, strand=-, nt=[ATGAAGAAAT..TCTTTATTAG]
19:35:35.476 - INFO - CDS - seq=contig_10, start=18192, stop=19574, strand=+, nt=[TTGATCAAAC..AACCGGATGA]
19:35:35.476 - INFO - CDS - seq=contig_10, start=19555, stop=19989, strand=+, nt=[ATGCCAAAAG..GGAATTTTGA]
19:35:35.477 - INFO - CDS - seq=contig_10, start=19986, stop=20549, strand=+, nt=[TTGAAAAACG..CTTAGCGTAA]
19:35:35.477 - INFO - CDS - seq=contig_10, start=20562, stop=20777, strand=+, nt=[ATGGCAAAAG..TGAATCATAG]
19:35:35.477 - INFO - CDS - seq=contig_10, start=21583, stop=22281, strand=+, nt=[GTGACTTTTA..GAGCAACTGA]
19:35:35.477 - INFO - CDS - seq=contig_10, start=22315, stop=23031, strand=+, nt=[ATGCTAATGA..ATCAAAATGA]
19:35:35.477 - INFO - CDS - seq=contig_10, start=23114, stop=23503, strand=-, nt=[ATGCTTAGCG..GAGGCATTAA]
19:35:35.477 - INFO - CDS - seq=contig_10, start=23535, stop=24059, strand=-, nt=[ATGAAATCTA..GCTAGAATGA]
19:35:35.477 - INFO - CDS - seq=contig_10, start=24049, stop=24684, strand=-, nt=[ATGGCTTTTA..TGAAATCTAA]
19:35:35.477 - INFO - CDS - seq=contig_10, start=24698, stop=25426, strand=-, nt=[ATGATGTGGC..CTTAAACTGA]
19:35:35.477 - INFO - CDS - seq=contig_10, start=25423, stop=26103, strand=-, nt=[TTGTCTCATA..GGATATATGA]
19:35:35.477 - INFO - CDS - seq=contig_10, start=26093, stop=26881, strand=-, nt=[ATGTTGTCAT..TGTCTCATAG]
19:35:35.477 - INFO - CDS - seq=contig_10, start=27332, stop=28858, strand=+, nt=[TTGAAAAAGT..ACAGCAGTAA]
19:35:35.477 - INFO - CDS - seq=contig_10, start=29129, stop=31225, strand=+, nt=[ATGCGAGAAA..GACGATTTAA]
19:35:35.477 - INFO - CDS - seq=contig_10, start=31226, stop=31537, strand=+, nt=[ATGACCAGGA..ATCGGCTTGA]
19:35:35.477 - INFO - CDS - seq=contig_10, start=31679, stop=32965, strand=+, nt=[ATGGTTGTGG..AGCAGTTTAA]
19:35:35.477 - INFO - CDS - seq=contig_10, start=32982, stop=33404, strand=+, nt=[ATGTTTGGCA..TGGTTATTAA]
19:35:35.477 - INFO - CDS - seq=contig_10, start=33426, stop=34286, strand=+, nt=[ATGTACAAGA..TAACGCGTAA]
19:35:35.477 - INFO - CDS - seq=contig_10, start=34399, stop=35040, strand=+, nt=[ATGATGAGCG..AACCCGATAG]
19:35:35.477 - INFO - CDS - seq=contig_10, start=35327, stop=36157, strand=+, nt=[GTGGATCCTG..TCATGATTAA]
19:35:35.477 - INFO - CDS - seq=contig_10, start=36150, stop=37019, strand=+, nt=[ATGATTAAGA..AGAAGCATAG]
19:35:35.477 - INFO - CDS - seq=contig_10, start=37059, stop=38054, strand=+, nt=[ATGCGCGTTT..TGATCTGTAG]
19:35:35.477 - INFO - CDS - seq=contig_10, start=38609, stop=39388, strand=+, nt=[ATGTCTGAGT..CGCTCGCTAA]
19:35:35.477 - INFO - CDS - seq=contig_10, start=39659, stop=39913, strand=+, nt=[ATGGCCTTAG..AATGCATTAA]
19:35:35.477 - INFO - CDS - seq=contig_10, start=40844, stop=41128, strand=-, nt=[GTGACAGAAT..AGACCCCTGA]
19:35:35.477 - INFO - CDS - seq=contig_10, start=41503, stop=41631, strand=+, nt=[ATGTCTTGGG..AATGCAATGA]
19:35:35.477 - INFO - CDS - seq=contig_10, start=42676, stop=43293, strand=+, nt=[GTGAGCGCCA..GCAAAACTAA]
19:35:35.477 - INFO - CDS - seq=contig_10, start=44723, stop=44899, strand=+, nt=[ATGATAAATT..TTTGGTTTGA]
19:35:35.477 - INFO - CDS - seq=contig_10, start=44905, stop=45303, strand=-, nt=[ATGGTAAATC..AATTGCATAA]
19:35:35.477 - INFO - CDS - seq=contig_10, start=45416, stop=45787, strand=-, nt=[GTGCGTTTAT..CCTTCCGTGA]
19:35:35.477 - INFO - CDS - seq=contig_10, start=47714, stop=48643, strand=+, nt=[ATGCGAAAGC..TAAACAGTAA]
19:35:35.477 - INFO - CDS - seq=contig_10, start=48740, stop=49450, strand=-, nt=[ATGAAAAGAA..GTATCAATAA]
19:35:35.477 - INFO - CDS - seq=contig_10, start=49534, stop=50517, strand=-, nt=[TTGGCGACAA..CTTTAAGTGA]
19:35:35.477 - INFO - CDS - seq=contig_10, start=50876, stop=51700, strand=+, nt=[ATGGCGGCGG..TGAACTCTAG]
19:35:35.478 - INFO - CDS - seq=contig_10, start=51687, stop=52523, strand=+, nt=[ATGATGAACT..CGTTGGGTAA]
19:35:35.478 - INFO - CDS - seq=contig_10, start=52548, stop=54035, strand=+, nt=[ATGGCACAAG..TGAGATTTAA]
19:35:35.478 - INFO - CDS - seq=contig_10, start=54061, stop=54879, strand=+, nt=[ATGGGAACCA..TAGCAGTTGA]
19:35:35.478 - INFO - CDS - seq=contig_10, start=54882, stop=55661, strand=+, nt=[ATGAAAGTGA..CGTGAAGTGA]
19:35:35.478 - INFO - CDS - seq=contig_10, start=55674, stop=56798, strand=+, nt=[ATGCGAAAAA..TGTCAATTGA]
19:35:35.478 - INFO - CDS - seq=contig_10, start=57146, stop=58081, strand=+, nt=[ATGACTAACA..TAATCTATAG]
19:35:35.478 - INFO - CDS - seq=contig_10, start=58093, stop=59487, strand=+, nt=[ATGGACGCTA..GCTCTTTTGA]
19:35:35.478 - INFO - CDS - seq=contig_10, start=59503, stop=60000, strand=+, nt=[ATGATTGAAA..TCCATGGTAA]
19:35:35.478 - INFO - CDS - seq=contig_10, start=60043, stop=60783, strand=+, nt=[ATGCATCGTT..TGTAGATTAA]
19:35:35.478 - INFO - CDS - seq=contig_10, start=60928, stop=61725, strand=-, nt=[ATGTCATTAC..AAGAAAGTAG]
19:35:35.478 - INFO - CDS - seq=contig_10, start=61736, stop=62578, strand=-, nt=[ATGACAACAT..TCTGAAATAA]
19:35:35.478 - INFO - CDS - seq=contig_10, start=62582, stop=63349, strand=-, nt=[ATGGGTAAGA..GGAGGAATAA]
19:35:35.478 - INFO - CDS - seq=contig_10, start=63375, stop=63884, strand=-, nt=[ATGTCATACA..CTTAGCCTGA]
19:35:35.478 - INFO - CDS - seq=contig_10, start=63912, stop=64319, strand=-, nt=[ATGATTTATA..TGTTGAATAA]
19:35:35.478 - INFO - CDS - seq=contig_11, start=399, stop=758, strand=-, frame=2, truncated=no, start-type=TTG, RBS-motif=AGGAG
19:35:35.478 - INFO - CDS - seq=contig_11, start=846, stop=1430, strand=-, frame=2, truncated=no, start-type=ATG, RBS-motif=AGGAG
19:35:35.478 - INFO - CDS - seq=contig_11, start=1654, stop=2640, strand=+, frame=1, truncated=no, start-type=ATG, RBS-motif=GGAG/GAGG
19:35:35.478 - INFO - CDS - seq=contig_11, start=2679, stop=3182, strand=+, frame=3, truncated=no, start-type=ATG, RBS-motif=AGGAG
19:35:35.478 - INFO - CDS - seq=contig_11, start=3268, stop=3921, strand=+, frame=1, truncated=no, start-type=ATG, RBS-motif=AGGAG
19:35:35.478 - INFO - CDS - seq=contig_11, start=4009, stop=4632, strand=-, frame=1, truncated=no, start-type=ATG, RBS-motif=GGAGG
19:35:35.478 - INFO - CDS - seq=contig_11, start=4638, stop=5414, strand=-, frame=2, truncated=no, start-type=TTG, RBS-motif=AGxAGG/AGGxGG
19:35:35.478 - INFO - CDS - seq=contig_11, start=5423, stop=6067, strand=-, frame=3, truncated=no, start-type=ATG, RBS-motif=AGGAGG
19:35:35.479 - INFO - CDS - seq=contig_11, start=6117, stop=7493, strand=-, frame=2, truncated=no, start-type=GTG, RBS-motif=GGAGG
19:35:35.479 - INFO - CDS - seq=contig_11, start=7605, stop=8207, strand=-, frame=2, truncated=no, start-type=ATG, RBS-motif=AGGA
19:35:35.479 - INFO - CDS - seq=contig_11, start=8209, stop=8946, strand=-, frame=1, truncated=no, start-type=ATG, RBS-motif=AGxAGG/AGGxGG
19:35:35.479 - INFO - CDS - seq=contig_11, start=8943, stop=10010, strand=-, frame=2, truncated=no, start-type=GTG, RBS-motif=AGGAGG
19:35:35.479 - INFO - CDS - seq=contig_11, start=10314, stop=10628, strand=-, frame=2, truncated=no, start-type=ATG, RBS-motif=AGGAG
19:35:35.479 - INFO - CDS - seq=contig_11, start=10747, stop=12087, strand=+, frame=1, truncated=no, start-type=ATG, RBS-motif=AGGAG
19:35:35.479 - INFO - CDS - seq=contig_11, start=12226, stop=13629, strand=+, frame=1, truncated=no, start-type=ATG, RBS-motif=AGxAGG/AGGxGG
19:35:35.479 - INFO - CDS - seq=contig_11, start=13742, stop=14494, strand=+, frame=2, truncated=no, start-type=ATG, RBS-motif=AGGA
19:35:35.479 - INFO - CDS - seq=contig_11, start=14501, stop=15184, strand=-, frame=3, truncated=no, start-type=ATG, RBS-motif=AGGAG
19:35:35.479 - INFO - CDS - seq=contig_11, start=15486, stop=18269, strand=+, frame=3, truncated=no, start-type=TTG, RBS-motif=AGxAGG/AGGxGG
19:35:35.479 - INFO - CDS - seq=contig_11, start=18394, stop=19395, strand=-, frame=1, truncated=no, start-type=TTG, RBS-motif=AGGAG
19:35:35.479 - INFO - CDS - seq=contig_11, start=19703, stop=20806, strand=+, frame=2, truncated=no, start-type=ATG, RBS-motif=AGGAGG
19:35:35.479 - INFO - CDS - seq=contig_11, start=20900, stop=21421, strand=-, frame=3, truncated=no, start-type=ATG, RBS-motif=AGGAG
19:35:35.479 - INFO - CDS - seq=contig_11, start=21647, stop=22174, strand=-, frame=3, truncated=no, start-type=ATG, RBS-motif=AGxAGG/AGGxGG
19:35:35.479 - INFO - CDS - seq=contig_11, start=22189, stop=22617, strand=-, frame=1, truncated=no, start-type=ATG, RBS-motif=AGGAGG
19:35:35.479 - INFO - CDS - seq=contig_11, start=22901, stop=23785, strand=+, frame=2, truncated=no, start-type=GTG, RBS-motif=AGGAGG
19:35:35.479 - INFO - CDS - seq=contig_11, start=23846, stop=24748, strand=+, frame=2, truncated=no, start-type=ATG, RBS-motif=AGGAG
19:35:35.479 - INFO - CDS - seq=contig_11, start=24834, stop=25319, strand=-, frame=2, truncated=no, start-type=ATG, RBS-motif=AGGAG
19:35:35.479 - INFO - CDS - seq=contig_11, start=25643, stop=26380, strand=+, frame=2, truncated=no, start-type=ATG, RBS-motif=GGAGG
19:35:35.479 - INFO - CDS - seq=contig_11, start=26443, stop=26967, strand=-, frame=1, truncated=no, start-type=ATG, RBS-motif=GGAGG
19:35:35.479 - INFO - CDS - seq=contig_11, start=26964, stop=28418, strand=-, frame=2, truncated=no, start-type=ATG, RBS-motif=AGGAG
19:35:35.479 - INFO - CDS - seq=contig_11, start=28862, stop=29356, strand=+, frame=2, truncated=no, start-type=ATG, RBS-motif=AGGAGG
19:35:35.479 - INFO - CDS - seq=contig_11, start=29498, stop=30769, strand=-, frame=3, truncated=no, start-type=ATG, RBS-motif=3Base/5BMM
19:35:35.479 - INFO - CDS - seq=contig_11, start=30766, stop=31011, strand=-, frame=1, truncated=no, start-type=ATG, RBS-motif=GGAG/GAGG
19:35:35.480 - INFO - CDS - seq=contig_11, start=31080, stop=32297, strand=-, frame=2, truncated=no, start-type=ATG, RBS-motif=GGAG/GAGG
19:35:35.480 - INFO - CDS - seq=contig_11, start=32297, stop=33817, strand=-, frame=3, truncated=no, start-type=ATG, RBS-motif=AGGAGG
19:35:35.480 - INFO - CDS - seq=contig_11, start=33885, stop=34034, strand=-, frame=2, truncated=no, start-type=ATG, RBS-motif=GGxGG
19:35:35.480 - INFO - CDS - seq=contig_11, start=34532, stop=34843, strand=-, frame=3, truncated=no, start-type=ATG, RBS-motif=AGGAGG
19:35:35.480 - INFO - CDS - seq=contig_11, start=34910, stop=37270, strand=-, frame=3, truncated=no, start-type=ATG, RBS-motif=AGGAG
19:35:35.480 - INFO - CDS - seq=contig_11, start=37339, stop=37872, strand=-, frame=1, truncated=no, start-type=TTG, RBS-motif=GGxGG
19:35:35.480 - INFO - CDS - seq=contig_11, start=37885, stop=38130, strand=-, frame=1, truncated=no, start-type=ATG, RBS-motif=GGAGG
19:35:35.480 - INFO - CDS - seq=contig_11, start=38492, stop=38812, strand=-, frame=3, truncated=no, start-type=ATG, RBS-motif=AGGAG
19:35:35.480 - INFO - CDS - seq=contig_11, start=38862, stop=39296, strand=-, frame=2, truncated=no, start-type=ATG, RBS-motif=AGGAG
19:35:35.480 - INFO - CDS - seq=contig_11, start=39296, stop=39556, strand=-, frame=3, truncated=no, start-type=ATG, RBS-motif=GGAG/GAGG
19:35:35.480 - INFO - CDS - seq=contig_11, start=39692, stop=39853, strand=-, frame=3, truncated=no, start-type=ATG, RBS-motif=AGxAGG/AGGxGG
19:35:35.480 - INFO - CDS - seq=contig_11, start=40020, stop=42665, strand=-, frame=2, truncated=no, start-type=ATG, RBS-motif=AGGAGG
19:35:35.480 - INFO - CDS - seq=contig_11, start=43108, stop=44043, strand=-, frame=1, truncated=no, start-type=ATG, RBS-motif=GGAG/GAGG
19:35:35.480 - INFO - CDS - seq=contig_11, start=44048, stop=45394, strand=-, frame=3, truncated=no, start-type=ATG, RBS-motif=AGGA/GGAG/GAGG
19:35:35.480 - INFO - CDS - seq=contig_11, start=45400, stop=46356, strand=-, frame=1, truncated=no, start-type=ATG, RBS-motif=AGGA/GGAG/GAGG
19:35:35.480 - INFO - CDS - seq=contig_11, start=46363, stop=47676, strand=-, frame=1, truncated=no, start-type=ATG, RBS-motif=None
19:35:35.480 - INFO - CDS - seq=contig_11, start=47951, stop=49054, strand=-, frame=3, truncated=no, start-type=ATG, RBS-motif=GGA/GAG/AGG
19:35:35.480 - INFO - CDS - seq=contig_11, start=49258, stop=50745, strand=-, frame=1, truncated=no, start-type=ATG, RBS-motif=AGxAGG/AGGxGG
19:35:35.480 - INFO - CDS - seq=contig_11, start=50775, stop=51419, strand=-, frame=2, truncated=no, start-type=ATG, RBS-motif=AGGA
19:35:35.480 - INFO - CDS - seq=contig_11, start=51582, stop=54188, strand=-, frame=2, truncated=no, start-type=ATG, RBS-motif=GGAGG
19:35:35.480 - INFO - CDS - seq=contig_11, start=54554, stop=54973, strand=-, frame=3, truncated=no, start-type=TTG, RBS-motif=GGAG/GAGG
19:35:35.480 - INFO - CDS - seq=contig_11, start=55044, stop=56186, strand=-, frame=2, truncated=no, start-type=ATG, RBS-motif=AGGAG
19:35:35.480 - INFO - CDS - seq=contig_11, start=56707, stop=57780, strand=-, frame=1, truncated=no, start-type=ATG, RBS-motif=GGA/GAG/AGG
19:35:35.480 - INFO - CDS - seq=contig_11, start=58087, stop=59103, strand=-, frame=1, truncated=no, start-type=TTG, RBS-motif=GGAG/GAGG
19:35:35.480 - INFO - CDS - seq=contig_11, start=59214, stop=59810, strand=-, frame=2, truncated=no, start-type=ATG, RBS-motif=GGAG/GAGG
19:35:35.481 - INFO - CDS - seq=contig_11, start=59903, stop=60499, strand=+, frame=2, truncated=no, start-type=ATG, RBS-motif=GGAG/GAGG
19:35:35.481 - INFO - CDS - seq=contig_11, start=399, stop=758, strand=-, nt=[TTGACTGGCA..TCACAAATGA]
19:35:35.481 - INFO - CDS - seq=contig_11, start=846, stop=1430, strand=-, nt=[ATGGATTACC..TGAAGACTAA]
19:35:35.481 - INFO - CDS - seq=contig_11, start=1654, stop=2640, strand=+, nt=[ATGTCAGTGC..GTATCATTAA]
19:35:35.481 - INFO - CDS - seq=contig_11, start=2679, stop=3182, strand=+, nt=[ATGACGAATG..CATTTATTGA]
19:35:35.481 - INFO - CDS - seq=contig_11, start=3268, stop=3921, strand=+, nt=[ATGACCCAAC..TGAGCGCTGA]
19:35:35.481 - INFO - CDS - seq=contig_11, start=4009, stop=4632, strand=-, nt=[ATGAAGCGTA..GGTGGCATGA]
19:35:35.481 - INFO - CDS - seq=contig_11, start=4638, stop=5414, strand=-, nt=[TTGAAGTATA..GGAGGTTTAA]
19:35:35.481 - INFO - CDS - seq=contig_11, start=5423, stop=6067, strand=-, nt=[ATGGGCGAAC..TAAGAAGTAG]
19:35:35.481 - INFO - CDS - seq=contig_11, start=6117, stop=7493, strand=-, nt=[GTGGAAAAGT..TCCATTATGA]
19:35:35.481 - INFO - CDS - seq=contig_11, start=7605, stop=8207, strand=-, nt=[ATGCAGTATT..AAATCGATGA]
19:35:35.481 - INFO - CDS - seq=contig_11, start=8209, stop=8946, strand=-, nt=[ATGAATGCAA..AAAGGAATAA]
19:35:35.481 - INFO - CDS - seq=contig_11, start=8943, stop=10010, strand=-, nt=[GTGAAGTATT..GGCAGCATGA]
19:35:35.481 - INFO - CDS - seq=contig_11, start=10314, stop=10628, strand=-, nt=[ATGGCTGATA..TGTTGGATGA]
19:35:35.481 - INFO - CDS - seq=contig_11, start=10747, stop=12087, strand=+, nt=[ATGGGCAAGC..CATCGGTTAA]
19:35:35.481 - INFO - CDS - seq=contig_11, start=12226, stop=13629, strand=+, nt=[ATGACGATTA..GGTCAAGTAA]
19:35:35.481 - INFO - CDS - seq=contig_11, start=13742, stop=14494, strand=+, nt=[ATGTTTGAAC..AACAGTCTAA]
19:35:35.481 - INFO - CDS - seq=contig_11, start=14501, stop=15184, strand=-, nt=[ATGTATCGGA..GCTTAACTGA]
19:35:35.481 - INFO - CDS - seq=contig_11, start=15486, stop=18269, strand=+, nt=[TTGAAGAAGT..CGGTCAGTAA]
19:35:35.481 - INFO - CDS - seq=contig_11, start=18394, stop=19395, strand=-, nt=[TTGGAAAAGC..AACGAAATAA]
19:35:35.481 - INFO - CDS - seq=contig_11, start=19703, stop=20806, strand=+, nt=[ATGAATGAAC..TAACGGCTAG]
19:35:35.481 - INFO - CDS - seq=contig_11, start=20900, stop=21421, strand=-, nt=[ATGCTGAACA..GCAGAGGTAG]
19:35:35.481 - INFO - CDS - seq=contig_11, start=21647, stop=22174, strand=-, nt=[ATGGCTAAAA..TGATAAGTAA]
19:35:35.481 - INFO - CDS - seq=contig_11, start=22189, stop=22617, strand=-, nt=[ATGTCAGGTG..CGATCAATAG]
19:35:35.481 - INFO - CDS - seq=contig_11, start=22901, stop=23785, strand=+, nt=[GTGATACACA..TGGTTCATGA]
19:35:35.481 - INFO - CDS - seq=contig_11, start=23846, stop=24748, strand=+, nt=[ATGCTAAATT..GAAAAAATAA]
19:35:35.481 - INFO - CDS - seq=contig_11, start=24834, stop=25319, strand=-, nt=[ATGTTAAATC..AGAATCTTAA]
19:35:35.481 - INFO - CDS - seq=contig_11, start=25643, stop=26380, strand=+, nt=[ATGACATACG..CAAAGGCTAG]
19:35:35.481 - INFO - CDS - seq=contig_11, start=26443, stop=26967, strand=-, nt=[ATGAAAATTT..GCACGATTAA]
19:35:35.481 - INFO - CDS - seq=contig_11, start=26964, stop=28418, strand=-, nt=[ATGAACAAGC..AAACGGATGA]
19:35:35.481 - INFO - CDS - seq=contig_11, start=28862, stop=29356, strand=+, nt=[ATGGCAAAAT..CAAAAAATAG]
19:35:35.481 - INFO - CDS - seq=contig_11, start=29498, stop=30769, strand=-, nt=[ATGAAAAAAC..CTTGAACTAA]
19:35:35.481 - INFO - CDS - seq=contig_11, start=30766, stop=31011, strand=-, nt=[ATGGCTGACG..AGCACAATGA]
19:35:35.481 - INFO - CDS - seq=contig_11, start=31080, stop=32297, strand=-, nt=[ATGCTGAACT..GTTCCATTAA]
19:35:35.481 - INFO - CDS - seq=contig_11, start=32297, stop=33817, strand=-, nt=[ATGATCGATA..AAATCATTAA]
19:35:35.481 - INFO - CDS - seq=contig_11, start=33885, stop=34034, strand=-, nt=[ATGTTCGCAA..CGAGTTCTAA]
19:35:35.481 - INFO - CDS - seq=contig_11, start=34532, stop=34843, strand=-, nt=[ATGGTTCAAG..TACGGCTTAA]
19:35:35.481 - INFO - CDS - seq=contig_11, start=34910, stop=37270, strand=-, nt=[ATGAATGAAA..CTTTAAGTAG]
19:35:35.481 - INFO - CDS - seq=contig_11, start=37339, stop=37872, strand=-, nt=[TTGATTTCAT..ATGGCTATGA]
19:35:35.481 - INFO - CDS - seq=contig_11, start=37885, stop=38130, strand=-, nt=[ATGAGCGAAG..GGAAGAGTAG]
19:35:35.482 - INFO - CDS - seq=contig_11, start=38492, stop=38812, strand=-, nt=[ATGGCAAATA..GAAAGATTAA]
19:35:35.482 - INFO - CDS - seq=contig_11, start=38862, stop=39296, strand=-, nt=[ATGCGCTTGA..CAAGCAATAA]
19:35:35.482 - INFO - CDS - seq=contig_11, start=39296, stop=39556, strand=-, nt=[ATGAGCACAT..GCAAGCTTAA]
19:35:35.482 - INFO - CDS - seq=contig_11, start=39692, stop=39853, strand=-, nt=[ATGAACAGGT..AGGCCATTAA]
19:35:35.482 - INFO - CDS - seq=contig_11, start=40020, stop=42665, strand=-, nt=[ATGAAAAAAA..AAAGGCTTAG]
19:35:35.482 - INFO - CDS - seq=contig_11, start=43108, stop=44043, strand=-, nt=[ATGGCAGTCA..GATGGATTGA]
19:35:35.482 - INFO - CDS - seq=contig_11, start=44048, stop=45394, strand=-, nt=[ATGGAGAATC..ACGAGGGTGA]
19:35:35.482 - INFO - CDS - seq=contig_11, start=45400, stop=46356, strand=-, nt=[ATGATTCAAA..AGGAAAGTAG]
19:35:35.482 - INFO - CDS - seq=contig_11, start=46363, stop=47676, strand=-, nt=[ATGGCGACAA..AAGGAATTGA]
19:35:35.482 - INFO - CDS - seq=contig_11, start=47951, stop=49054, strand=-, nt=[ATGGCGTTAT..ACCGTTGTGA]
19:35:35.482 - INFO - CDS - seq=contig_11, start=49258, stop=50745, strand=-, nt=[ATGCCAGAAG..GGCGGACTAG]
19:35:35.482 - INFO - CDS - seq=contig_11, start=50775, stop=51419, strand=-, nt=[ATGACACCGA..CGAATTGTAA]
19:35:35.482 - INFO - CDS - seq=contig_11, start=51582, stop=54188, strand=-, nt=[ATGTTAAAGA..CACTTTCTAA]
19:35:35.482 - INFO - CDS - seq=contig_11, start=54554, stop=54973, strand=-, nt=[TTGAATGGTA..CGACAAATAG]
19:35:35.482 - INFO - CDS - seq=contig_11, start=55044, stop=56186, strand=-, nt=[ATGGAACCAG..GAATTTTTAG]
19:35:35.482 - INFO - CDS - seq=contig_11, start=56707, stop=57780, strand=-, nt=[ATGGTGCAAG..CATTTACTAA]
19:35:35.482 - INFO - CDS - seq=contig_11, start=58087, stop=59103, strand=-, nt=[TTGGCAGACG..GCAACATTAG]
19:35:35.482 - INFO - CDS - seq=contig_11, start=59214, stop=59810, strand=-, nt=[ATGTACGAGT..CAAGGCTTAG]
19:35:35.482 - INFO - CDS - seq=contig_11, start=59903, stop=60499, strand=+, nt=[ATGAATCCAA..ATTTCAATAA]
19:35:35.482 - INFO - CDS - seq=contig_12, start=160, stop=492, strand=+, frame=1, truncated=no, start-type=ATG, RBS-motif=GGA/GAG/AGG
19:35:35.482 - INFO - CDS - seq=contig_12, start=495, stop=1271, strand=+, frame=3, truncated=no, start-type=ATG, RBS-motif=GGAG/GAGG
19:35:35.482 - INFO - CDS - seq=contig_12, start=1293, stop=1751, strand=+, frame=3, truncated=no, start-type=TTG, RBS-motif=AGGAGG
19:35:35.482 - INFO - CDS - seq=contig_12, start=2427, stop=3620, strand=+, frame=3, truncated=no, start-type=ATG, RBS-motif=AGxAGG/AGGxGG
19:35:35.482 - INFO - CDS - seq=contig_12, start=3656, stop=4534, strand=+, frame=2, truncated=no, start-type=TTG, RBS-motif=AGGAG
19:35:35.482 - INFO - CDS - seq=contig_12, start=4539, stop=5489, strand=+, frame=3, truncated=no, start-type=ATG, RBS-motif=AGxAGG/AGGxGG
19:35:35.482 - INFO - CDS - seq=contig_12, start=5486, stop=6271, strand=+, frame=2, truncated=no, start-type=ATG, RBS-motif=AGGAG
19:35:35.482 - INFO - CDS - seq=contig_12, start=6264, stop=6977, strand=+, frame=3, truncated=no, start-type=ATG, RBS-motif=GGAGG
19:35:35.482 - INFO - CDS - seq=contig_12, start=7167, stop=8069, strand=-, frame=2, truncated=no, start-type=ATG, RBS-motif=GGxGG
19:35:35.482 - INFO - CDS - seq=contig_12, start=8062, stop=9378, strand=-, frame=1, truncated=no, start-type=ATG, RBS-motif=GGAG/GAGG
19:35:35.482 - INFO - CDS - seq=contig_12, start=9515, stop=10198, strand=-, frame=3, truncated=no, start-type=ATG, RBS-motif=GGAG/GAGG
19:35:35.483 - INFO - CDS - seq=contig_12, start=10549, stop=11214, strand=+, frame=1, truncated=no, start-type=ATG, RBS-motif=GGAGG
19:35:35.483 - INFO - CDS - seq=contig_12, start=11216, stop=12406, strand=+, frame=2, truncated=no, start-type=ATG, RBS-motif=AGxAGG/AGGxGG
19:35:35.483 - INFO - CDS - seq=contig_12, start=12435, stop=13151, strand=+, frame=3, truncated=no, start-type=ATG, RBS-motif=AGGAG
19:35:35.483 - INFO - CDS - seq=contig_12, start=13334, stop=14797, strand=+, frame=2, truncated=no, start-type=ATG, RBS-motif=GGAGG
19:35:35.483 - INFO - CDS - seq=contig_12, start=15572, stop=15736, strand=-, frame=3, truncated=no, start-type=ATG, RBS-motif=GGAGG
19:35:35.483 - INFO - CDS - seq=contig_12, start=15939, stop=16127, strand=-, frame=2, truncated=no, start-type=ATG, RBS-motif=AGGAG
19:35:35.483 - INFO - CDS - seq=contig_12, start=17029, stop=18393, strand=-, frame=1, truncated=no, start-type=ATG, RBS-motif=AGGAG
19:35:35.483 - INFO - CDS - seq=contig_12, start=18574, stop=19422, strand=-, frame=1, truncated=no, start-type=ATG, RBS-motif=GGA/GAG/AGG
19:35:35.483 - INFO - CDS - seq=contig_12, start=19419, stop=20099, strand=-, frame=2, truncated=no, start-type=ATG, RBS-motif=GGAGG
19:35:35.483 - INFO - CDS - seq=contig_12, start=20077, stop=22461, strand=-, frame=1, truncated=no, start-type=ATG, RBS-motif=AGxAGG/AGGxGG
19:35:35.483 - INFO - CDS - seq=contig_12, start=22766, stop=24055, strand=+, frame=2, truncated=no, start-type=ATG, RBS-motif=GGAG/GAGG
19:35:35.483 - INFO - CDS - seq=contig_12, start=24178, stop=24873, strand=+, frame=1, truncated=no, start-type=ATG, RBS-motif=AGGAG
19:35:35.483 - INFO - CDS - seq=contig_12, start=25130, stop=26839, strand=+, frame=2, truncated=no, start-type=TTG, RBS-motif=AGGAGG
19:35:35.483 - INFO - CDS - seq=contig_12, start=27220, stop=28239, strand=+, frame=1, truncated=no, start-type=ATG, RBS-motif=GGAG/GAGG
19:35:35.483 - INFO - CDS - seq=contig_12, start=28601, stop=29317, strand=+, frame=2, truncated=no, start-type=ATG, RBS-motif=GGAGG
19:35:35.483 - INFO - CDS - seq=contig_12, start=29386, stop=30567, strand=+, frame=1, truncated=no, start-type=TTG, RBS-motif=AGGAGG
19:35:35.483 - INFO - CDS - seq=contig_12, start=30626, stop=31786, strand=+, frame=2, truncated=no, start-type=ATG, RBS-motif=AGGAGG
19:35:35.483 - INFO - CDS - seq=contig_12, start=31886, stop=33682, strand=+, frame=2, truncated=no, start-type=ATG, RBS-motif=AGGAGG
19:35:35.483 - INFO - CDS - seq=contig_12, start=33685, stop=34167, strand=+, frame=1, truncated=no, start-type=ATG, RBS-motif=AGGAGG
19:35:35.483 - INFO - CDS - seq=contig_12, start=34180, stop=35097, strand=+, frame=1, truncated=no, start-type=ATG, RBS-motif=AGxAGG/AGGxGG
19:35:35.483 - INFO - CDS - seq=contig_12, start=35084, stop=35905, strand=+, frame=2, truncated=no, start-type=ATG, RBS-motif=AGxAGG/AGGxGG
19:35:35.483 - INFO - CDS - seq=contig_12, start=35942, stop=36322, strand=+, frame=2, truncated=no, start-type=ATG, RBS-motif=AGGAG
19:35:35.483 - INFO - CDS - seq=contig_12, start=36588, stop=37829, strand=+, frame=3, truncated=no, start-type=ATG, RBS-motif=AGxAGG/AGGxGG
19:35:35.483 - INFO - CDS - seq=contig_12, start=37949, stop=39151, strand=-, frame=3, truncated=no, start-type=ATG, RBS-motif=GGAGG
19:35:35.484 - INFO - CDS - seq=contig_12, start=39138, stop=40217, strand=-, frame=2, truncated=no, start-type=ATG, RBS-motif=AGGAGG
19:35:35.484 - INFO - CDS - seq=contig_12, start=40385, stop=41710, strand=-, frame=3, truncated=no, start-type=ATG, RBS-motif=GGAG/GAGG
19:35:35.484 - INFO - CDS - seq=contig_12, start=41747, stop=42085, strand=-, frame=3, truncated=no, start-type=ATG, RBS-motif=AGGAGG
19:35:35.484 - INFO - CDS - seq=contig_12, start=42142, stop=42474, strand=-, frame=1, truncated=no, start-type=ATG, RBS-motif=AGGAG
19:35:35.484 - INFO - CDS - seq=contig_12, start=42629, stop=43669, strand=-, frame=3, truncated=no, start-type=ATG, RBS-motif=AGGAG
19:35:35.484 - INFO - CDS - seq=contig_12, start=43654, stop=45447, strand=-, frame=1, truncated=no, start-type=TTG, RBS-motif=GGAGG
19:35:35.484 - INFO - CDS - seq=contig_12, start=45876, stop=47123, strand=-, frame=2, truncated=no, start-type=TTG, RBS-motif=GGA/GAG/AGG
19:35:35.484 - INFO - CDS - seq=contig_12, start=47239, stop=48879, strand=+, frame=1, truncated=no, start-type=ATG, RBS-motif=GGAGG
19:35:35.484 - INFO - CDS - seq=contig_12, start=49115, stop=49756, strand=-, frame=3, truncated=no, start-type=ATG, RBS-motif=AGGAGG
19:35:35.484 - INFO - CDS - seq=contig_12, start=50027, stop=50275, strand=+, frame=2, truncated=no, start-type=ATG, RBS-motif=AGxAGG/AGGxGG
19:35:35.484 - INFO - CDS - seq=contig_12, start=160, stop=492, strand=+, nt=[ATGGAAGGGG..TGAGGCGTAG]
19:35:35.484 - INFO - CDS - seq=contig_12, start=495, stop=1271, strand=+, nt=[ATGACACATT..GTTCTTCTAA]
19:35:35.484 - INFO - CDS - seq=contig_12, start=1293, stop=1751, strand=+, nt=[TTGCAGTGGT..GAAAAAGTGA]
19:35:35.484 - INFO - CDS - seq=contig_12, start=2427, stop=3620, strand=+, nt=[ATGAAGAAGC..CGTTAAGTAA]
19:35:35.484 - INFO - CDS - seq=contig_12, start=3656, stop=4534, strand=+, nt=[TTGCAAACCT..GAAGGTGTGA]
19:35:35.484 - INFO - CDS - seq=contig_12, start=4539, stop=5489, strand=+, nt=[ATGTTTAAAA..AGCATCATGA]
19:35:35.484 - INFO - CDS - seq=contig_12, start=5486, stop=6271, strand=+, nt=[ATGACGCAAC..CCATGCTTGA]
19:35:35.484 - INFO - CDS - seq=contig_12, start=6264, stop=6977, strand=+, nt=[ATGCTTGAGG..AGTGCCTTAG]
19:35:35.484 - INFO - CDS - seq=contig_12, start=7167, stop=8069, strand=-, nt=[ATGATTAAAC..GAATCCTTAA]
19:35:35.484 - INFO - CDS - seq=contig_12, start=8062, stop=9378, strand=-, nt=[ATGAGCAATC..TCATGATTAA]
19:35:35.484 - INFO - CDS - seq=contig_12, start=9515, stop=10198, strand=-, nt=[ATGACGAACA..GAAATCGTAA]
19:35:35.484 - INFO - CDS - seq=contig_12, start=10549, stop=11214, strand=+, nt=[ATGGCAAAAC..CGAAGCATAA]
19:35:35.484 - INFO - CDS - seq=contig_12, start=11216, stop=12406, strand=+, nt=[ATGGCATTTG..GCTTAAATAA]
19:35:35.484 - INFO - CDS - seq=contig_12, start=12435, stop=13151, strand=+, nt=[ATGAGCACAC..TGATCGTTAG]
19:35:35.484 - INFO - CDS - seq=contig_12, start=13334, stop=14797, strand=+, nt=[ATGGTAGATG..TTCACTATAA]
19:35:35.484 - INFO - CDS - seq=contig_12, start=15572, stop=15736, strand=-, nt=[ATGAATCAAA..GGTTAAGTAA]
19:35:35.484 - INFO - CDS - seq=contig_12, start=15939, stop=16127, strand=-, nt=[ATGTTGGAAA..AACTGTATAA]
19:35:35.484 - INFO - CDS - seq=contig_12, start=17029, stop=18393, strand=-, nt=[ATGAAAGTTC..GGTAGCTTAA]
19:35:35.484 - INFO - CDS - seq=contig_12, start=18574, stop=19422, strand=-, nt=[ATGAAGTATT..GCGACATTAA]
19:35:35.484 - INFO - CDS - seq=contig_12, start=19419, stop=20099, strand=-, nt=[ATGAAAACAC..CAACAGATGA]
19:35:35.484 - INFO - CDS - seq=contig_12, start=20077, stop=22461, strand=-, nt=[ATGGCAAACA..TCACGCTTGA]
19:35:35.484 - INFO - CDS - seq=contig_12, start=22766, stop=24055, strand=+, nt=[ATGAAAAAGA..AAATAAATAA]
19:35:35.484 - INFO - CDS - seq=contig_12, start=24178, stop=24873, strand=+, nt=[ATGGAAATCA..TAAGAAATAA]
19:35:35.484 - INFO - CDS - seq=contig_12, start=25130, stop=26839, strand=+, nt=[TTGAAGAAGC..GGCCGTCTAA]
19:35:35.484 - INFO - CDS - seq=contig_12, start=27220, stop=28239, strand=+, nt=[ATGCGGATTT..AGACGCATAA]
19:35:35.484 - INFO - CDS - seq=contig_12, start=28601, stop=29317, strand=+, nt=[ATGGAAAAGG..TAATCACTAG]
19:35:35.484 - INFO - CDS - seq=contig_12, start=29386, stop=30567, strand=+, nt=[TTGTTCGAAA..TAAAGAATAG]
19:35:35.485 - INFO - CDS - seq=contig_12, start=30626, stop=31786, strand=+, nt=[ATGAGTTACT..TGAGGCATGA]
19:35:35.485 - INFO - CDS - seq=contig_12, start=31886, stop=33682, strand=+, nt=[ATGACGACCT..GGAGGAATAA]
19:35:35.485 - INFO - CDS - seq=contig_12, start=33685, stop=34167, strand=+, nt=[ATGGCTATTA..AAAAGGATAG]
19:35:35.485 - INFO - CDS - seq=contig_12, start=34180, stop=35097, strand=+, nt=[ATGATTGCAT..TGAACTCTAA]
19:35:35.485 - INFO - CDS - seq=contig_12, start=35084, stop=35905, strand=+, nt=[ATGATGAACT..TAAGGGTTAA]
19:35:35.485 - INFO - CDS - seq=contig_12, start=35942, stop=36322, strand=+, nt=[ATGAGTAAAT..GAAGCATTAA]
19:35:35.485 - INFO - CDS - seq=contig_12, start=36588, stop=37829, strand=+, nt=[ATGGACGACA..GGCTGAATAA]
19:35:35.485 - INFO - CDS - seq=contig_12, start=37949, stop=39151, strand=-, nt=[ATGAGTCAGT..CCCAAAATAG]
19:35:35.485 - INFO - CDS - seq=contig_12, start=39138, stop=40217, strand=-, nt=[ATGACACATT..GTCAGTTTGA]
19:35:35.485 - INFO - CDS - seq=contig_12, start=40385, stop=41710, strand=-, nt=[ATGTTCAGTC..AGACTTCTAG]
19:35:35.485 - INFO - CDS - seq=contig_12, start=41747, stop=42085, strand=-, nt=[ATGCGAATTC..CGCTGGCTAA]
19:35:35.485 - INFO - CDS - seq=contig_12, start=42142, stop=42474, strand=-, nt=[ATGGCAACGA..CAATGTGTGA]
19:35:35.485 - INFO - CDS - seq=contig_12, start=42629, stop=43669, strand=-, nt=[ATGGATTTAC..TTCATTTTGA]
19:35:35.485 - INFO - CDS - seq=contig_12, start=43654, stop=45447, strand=-, nt=[TTGCGTGAAC..TTACAACTGA]
19:35:35.485 - INFO - CDS - seq=contig_12, start=45876, stop=47123, strand=-, nt=[TTGACAATAC..GGTTGGCTAA]
19:35:35.485 - INFO - CDS - seq=contig_12, start=47239, stop=48879, strand=+, nt=[ATGTTTAAGT..TATCAAGTAG]
19:35:35.485 - INFO - CDS - seq=contig_12, start=49115, stop=49756, strand=-, nt=[ATGATAACCA..AAAGTCGTGA]
19:35:35.485 - INFO - CDS - seq=contig_12, start=50027, stop=50275, strand=+, nt=[ATGGGGAAAC..CGGCTTTTAG]
19:35:35.485 - INFO - CDS - seq=contig_13, start=45, stop=275, strand=+, frame=3, truncated=no, start-type=GTG, RBS-motif=None
19:35:35.485 - INFO - CDS - seq=contig_13, start=286, stop=1470, strand=+, frame=1, truncated=no, start-type=ATG, RBS-motif=AGGAGG
19:35:35.485 - INFO - CDS - seq=contig_13, start=1976, stop=2767, strand=-, frame=3, truncated=no, start-type=ATG, RBS-motif=AGGAG
19:35:35.485 - INFO - CDS - seq=contig_13, start=2789, stop=3226, strand=-, frame=3, truncated=no, start-type=ATG, RBS-motif=AGGAGG
19:35:35.485 - INFO - CDS - seq=contig_13, start=3438, stop=3677, strand=-, frame=2, truncated=no, start-type=ATG, RBS-motif=AGxAG
19:35:35.485 - INFO - CDS - seq=contig_13, start=3930, stop=4073, strand=-, frame=2, truncated=no, start-type=ATG, RBS-motif=AGGAGG
19:35:35.485 - INFO - CDS - seq=contig_13, start=4338, stop=4625, strand=-, frame=2, truncated=no, start-type=ATG, RBS-motif=GGAGG
19:35:35.485 - INFO - CDS - seq=contig_13, start=4808, stop=5338, strand=-, frame=3, truncated=no, start-type=ATG, RBS-motif=GGAGG
19:35:35.485 - INFO - CDS - seq=contig_13, start=5419, stop=6270, strand=-, frame=1, truncated=no, start-type=ATG, RBS-motif=GGA/GAG/AGG
19:35:35.485 - INFO - CDS - seq=contig_13, start=6267, stop=7013, strand=-, frame=2, truncated=no, start-type=ATG, RBS-motif=GGAGG
19:35:35.485 - INFO - CDS - seq=contig_13, start=7149, stop=8312, strand=-, frame=2, truncated=no, start-type=GTG, RBS-motif=AGGAGG
19:35:35.485 - INFO - CDS - seq=contig_13, start=8699, stop=9616, strand=+, frame=2, truncated=no, start-type=ATG, RBS-motif=GGA/GAG/AGG
19:35:35.485 - INFO - CDS - seq=contig_13, start=9729, stop=10196, strand=+, frame=3, truncated=no, start-type=ATG, RBS-motif=GGAGG
19:35:35.486 - INFO - CDS - seq=contig_13, start=11092, stop=11574, strand=-, frame=1, truncated=no, start-type=ATG, RBS-motif=AGGAGG
19:35:35.486 - INFO - CDS - seq=contig_13, start=11775, stop=11921, strand=+, frame=3, truncated=no, start-type=ATG, RBS-motif=GGAG/GAGG
19:35:35.486 - INFO - CDS - seq=contig_13, start=12104, stop=13297, strand=-, frame=3, truncated=no, start-type=TTG, RBS-motif=AGxAGG/AGGxGG
19:35:35.486 - INFO - CDS - seq=contig_13, start=13502, stop=14104, strand=-, frame=3, truncated=no, start-type=ATG, RBS-motif=AGGAGG
19:35:35.486 - INFO - CDS - seq=contig_13, start=14223, stop=15653, strand=-, frame=2, truncated=no, start-type=ATG, RBS-motif=GGAG/GAGG
19:35:35.486 - INFO - CDS - seq=contig_13, start=16111, stop=16446, strand=-, frame=1, truncated=no, start-type=GTG, RBS-motif=GGAGG
19:35:35.486 - INFO - CDS - seq=contig_13, start=16597, stop=17319, strand=+, frame=1, truncated=no, start-type=ATG, RBS-motif=AGGAG
19:35:35.486 - INFO - CDS - seq=contig_13, start=17503, stop=18153, strand=+, frame=1, truncated=no, start-type=ATG, RBS-motif=AGGAGG
19:35:35.486 - INFO - CDS - seq=contig_13, start=18210, stop=19940, strand=+, frame=3, truncated=no, start-type=ATG, RBS-motif=AGGAGG
19:35:35.486 - INFO - CDS - seq=contig_13, start=19940, stop=21826, strand=+, frame=2, truncated=no, start-type=ATG, RBS-motif=AGGAG
19:35:35.486 - INFO - CDS - seq=contig_13, start=22230, stop=22988, strand=-, frame=2, truncated=no, start-type=ATG, RBS-motif=GGA/GAG/AGG
19:35:35.486 - INFO - CDS - seq=contig_13, start=23249, stop=24115, strand=+, frame=2, truncated=no, start-type=ATG, RBS-motif=AGGAG
19:35:35.486 - INFO - CDS - seq=contig_13, start=24154, stop=25161, strand=+, frame=1, truncated=no, start-type=ATG, RBS-motif=AGxAGG/AGGxGG
19:35:35.486 - INFO - CDS - seq=contig_13, start=25529, stop=26881, strand=-, frame=3, truncated=no, start-type=GTG, RBS-motif=GGAG/GAGG
19:35:35.486 - INFO - CDS - seq=contig_13, start=27009, stop=27599, strand=+, frame=3, truncated=no, start-type=ATG, RBS-motif=GGAGG
19:35:35.486 - INFO - CDS - seq=contig_13, start=27697, stop=28776, strand=+, frame=1, truncated=no, start-type=ATG, RBS-motif=AGGAG
19:35:35.486 - INFO - CDS - seq=contig_13, start=28769, stop=29599, strand=+, frame=2, truncated=no, start-type=ATG, RBS-motif=GGA/GAG/AGG
19:35:35.486 - INFO - CDS - seq=contig_13, start=29697, stop=30698, strand=+, frame=3, truncated=no, start-type=TTG, RBS-motif=GGAGG
19:35:35.486 - INFO - CDS - seq=contig_13, start=30968, stop=32200, strand=+, frame=2, truncated=no, start-type=ATG, RBS-motif=AGGAGG
19:35:35.486 - INFO - CDS - seq=contig_13, start=32361, stop=32990, strand=+, frame=3, truncated=no, start-type=ATG, RBS-motif=AGGAGG
19:35:35.486 - INFO - CDS - seq=contig_13, start=33293, stop=34003, strand=+, frame=2, truncated=no, start-type=GTG, RBS-motif=AGGAGG
19:35:35.486 - INFO - CDS - seq=contig_13, start=34026, stop=34238, strand=+, frame=3, truncated=no, start-type=ATG, RBS-motif=AGGAGG
19:35:35.486 - INFO - CDS - seq=contig_13, start=34273, stop=34761, strand=+, frame=1, truncated=no, start-type=ATG, RBS-motif=GGAG/GAGG
19:35:35.486 - INFO - CDS - seq=contig_13, start=34748, stop=35293, strand=+, frame=2, truncated=no, start-type=ATG, RBS-motif=GGA/GAG/AGG
19:35:35.486 - INFO - CDS - seq=contig_13, start=35319, stop=36848, strand=+, frame=3, truncated=no, start-type=ATG, RBS-motif=GGAG/GAGG
19:35:35.487 - INFO - CDS - seq=contig_13, start=36860, stop=37786, strand=+, frame=2, truncated=no, start-type=ATG, RBS-motif=AGGAGG
19:35:35.487 - INFO - CDS - seq=contig_13, start=38100, stop=39566, strand=+, frame=3, truncated=no, start-type=ATG, RBS-motif=AGGAGG
19:35:35.487 - INFO - CDS - seq=contig_13, start=39581, stop=40012, strand=+, frame=2, truncated=no, start-type=TTG, RBS-motif=AGGAGG
19:35:35.487 - INFO - CDS - seq=contig_13, start=40196, stop=40432, strand=+, frame=2, truncated=no, start-type=ATG, RBS-motif=AGGA/GGAG/GAGG
19:35:35.487 - INFO - CDS - seq=contig_13, start=40442, stop=40678, strand=+, frame=2, truncated=no, start-type=ATG, RBS-motif=GGAG/GAGG
19:35:35.487 - INFO - CDS - seq=contig_13, start=40743, stop=41732, strand=+, frame=3, truncated=no, start-type=ATG, RBS-motif=AGGAG/GGAGG
19:35:35.487 - INFO - CDS - seq=contig_13, start=41742, stop=41912, strand=+, frame=3, truncated=no, start-type=ATG, RBS-motif=AGGAG
19:35:35.487 - INFO - CDS - seq=contig_13, start=41922, stop=42227, strand=+, frame=3, truncated=no, start-type=ATG, RBS-motif=AGGAG
19:35:35.487 - INFO - CDS - seq=contig_13, start=42220, stop=42441, strand=+, frame=1, truncated=no, start-type=ATG, RBS-motif=AGGAGG
19:35:35.487 - INFO - CDS - seq=contig_13, start=42739, stop=43944, strand=+, frame=1, truncated=no, start-type=GTG, RBS-motif=AGGAGG
19:35:35.487 - INFO - CDS - seq=contig_13, start=43956, stop=44255, strand=+, frame=3, truncated=no, start-type=ATG, RBS-motif=GGAG/GAGG
19:35:35.487 - INFO - CDS - seq=contig_13, start=44330, stop=45454, strand=-, frame=3, truncated=no, start-type=ATG, RBS-motif=AGGA
19:35:35.487 - INFO - CDS - seq=contig_13, start=45, stop=275, strand=+, nt=[GTGAAAGACG..ACAACAATAA]
19:35:35.487 - INFO - CDS - seq=contig_13, start=286, stop=1470, strand=+, nt=[ATGAAATTTA..TATCAGGTAA]
19:35:35.487 - INFO - CDS - seq=contig_13, start=1976, stop=2767, strand=-, nt=[ATGCTAAATG..CTCCGAATAA]
19:35:35.487 - INFO - CDS - seq=contig_13, start=2789, stop=3226, strand=-, nt=[ATGAGTTTAG..GAACAACTGA]
19:35:35.487 - INFO - CDS - seq=contig_13, start=3438, stop=3677, strand=-, nt=[ATGAACGTTA..ATCAGCTTGA]
19:35:35.487 - INFO - CDS - seq=contig_13, start=3930, stop=4073, strand=-, nt=[ATGGAGGATT..TTGTGATTGA]
19:35:35.487 - INFO - CDS - seq=contig_13, start=4338, stop=4625, strand=-, nt=[ATGAAAATCA..TGACGTCTGA]
19:35:35.487 - INFO - CDS - seq=contig_13, start=4808, stop=5338, strand=-, nt=[ATGACAAATC..GATTTTTTAG]
19:35:35.487 - INFO - CDS - seq=contig_13, start=5419, stop=6270, strand=-, nt=[ATGAGAAAAA..TAAGAATTAA]
19:35:35.487 - INFO - CDS - seq=contig_13, start=6267, stop=7013, strand=-, nt=[ATGTCAACAC..CTTACGATGA]
19:35:35.487 - INFO - CDS - seq=contig_13, start=7149, stop=8312, strand=-, nt=[GTGAAACCTG..CAAATCCTAA]
19:35:35.487 - INFO - CDS - seq=contig_13, start=8699, stop=9616, strand=+, nt=[ATGTTAACGA..CAAGGCTTAA]
19:35:35.487 - INFO - CDS - seq=contig_13, start=9729, stop=10196, strand=+, nt=[ATGTATCGAA..ACTTTATTAG]
19:35:35.487 - INFO - CDS - seq=contig_13, start=11092, stop=11574, strand=-, nt=[ATGCAAATAA..GATGAATTAG]
19:35:35.487 - INFO - CDS - seq=contig_13, start=11775, stop=11921, strand=+, nt=[ATGATGCAAT..AGCTGCATAA]
19:35:35.487 - INFO - CDS - seq=contig_13, start=12104, stop=13297, strand=-, nt=[TTGGTGCGCG..ATATCAGTAA]
19:35:35.487 - INFO - CDS - seq=contig_13, start=13502, stop=14104, strand=-, nt=[ATGTCAAAAT..TATGCATTAA]
19:35:35.487 - INFO - CDS - seq=contig_13, start=14223, stop=15653, strand=-, nt=[ATGAAAATTG..AAATCTTTAA]
19:35:35.487 - INFO - CDS - seq=contig_13, start=16111, stop=16446, strand=-, nt=[GTGATCAACG..ATTTGAATAA]
19:35:35.487 - INFO - CDS - seq=contig_13, start=16597, stop=17319, strand=+, nt=[ATGACGATAA..GCCAAAGTGA]
19:35:35.487 - INFO - CDS - seq=contig_13, start=17503, stop=18153, strand=+, nt=[ATGCCGAAAC..ACGTCATTAA]
19:35:35.487 - INFO - CDS - seq=contig_13, start=18210, stop=19940, strand=+, nt=[ATGCTTAAGC..CGAGCAATAA]
19:35:35.488 - INFO - CDS - seq=contig_13, start=19940, stop=21826, strand=+, nt=[ATGGCAGATC..TGCTATTTAG]
19:35:35.488 - INFO - CDS - seq=contig_13, start=22230, stop=22988, strand=-, nt=[ATGAAAATTT..GCGGCGCTGA]
19:35:35.488 - INFO - CDS - seq=contig_13, start=23249, stop=24115, strand=+, nt=[ATGACAGGAA..GGTGGCGTGA]
19:35:35.488 - INFO - CDS - seq=contig_13, start=24154, stop=25161, strand=+, nt=[ATGGATTTTC..TGCTGTATAA]
19:35:35.488 - INFO - CDS - seq=contig_13, start=25529, stop=26881, strand=-, nt=[GTGGCATTTT..AGGCTTTTAG]
19:35:35.488 - INFO - CDS - seq=contig_13, start=27009, stop=27599, strand=+, nt=[ATGGCCCAGC..CGCCGATTAA]
19:35:35.488 - INFO - CDS - seq=contig_13, start=27697, stop=28776, strand=+, nt=[ATGGATAAGA..CAATGTCTAA]
19:35:35.488 - INFO - CDS - seq=contig_13, start=28769, stop=29599, strand=+, nt=[ATGTCTAAAA..GCAATTCTGA]
19:35:35.488 - INFO - CDS - seq=contig_13, start=29697, stop=30698, strand=+, nt=[TTGTCAAAAC..TCAAGGATAG]
19:35:35.488 - INFO - CDS - seq=contig_13, start=30968, stop=32200, strand=+, nt=[ATGGATTTCA..TTTATCATAG]
19:35:35.488 - INFO - CDS - seq=contig_13, start=32361, stop=32990, strand=+, nt=[ATGGGCAAAT..GACAAAATGA]
19:35:35.488 - INFO - CDS - seq=contig_13, start=33293, stop=34003, strand=+, nt=[GTGAACGAAC..GTCCGAGTAA]
19:35:35.488 - INFO - CDS - seq=contig_13, start=34026, stop=34238, strand=+, nt=[ATGCAATTCA..GAGTCGTTAA]
19:35:35.488 - INFO - CDS - seq=contig_13, start=34273, stop=34761, strand=+, nt=[ATGACTTTAG..CAGTCACTAA]
19:35:35.488 - INFO - CDS - seq=contig_13, start=34748, stop=35293, strand=+, nt=[ATGGCAGTCA..GGCAGACTAA]
19:35:35.488 - INFO - CDS - seq=contig_13, start=35319, stop=36848, strand=+, nt=[ATGAGCATCA..GAAAGACTAA]
19:35:35.488 - INFO - CDS - seq=contig_13, start=36860, stop=37786, strand=+, nt=[ATGGCTGAAT..ACTAGAATAA]
19:35:35.488 - INFO - CDS - seq=contig_13, start=38100, stop=39566, strand=+, nt=[ATGCCAAATT..AGCTAACTAA]
19:35:35.488 - INFO - CDS - seq=contig_13, start=39581, stop=40012, strand=+, nt=[TTGGCTGAAA..CAGTCATTAA]
19:35:35.488 - INFO - CDS - seq=contig_13, start=40196, stop=40432, strand=+, nt=[ATGGCCAAAA..TACCTCATGA]
19:35:35.488 - INFO - CDS - seq=contig_13, start=40442, stop=40678, strand=+, nt=[ATGTTTCAGA..TTTCCTGTAA]
19:35:35.488 - INFO - CDS - seq=contig_13, start=40743, stop=41732, strand=+, nt=[ATGGCAAAAG..CCAGTACTAG]
19:35:35.488 - INFO - CDS - seq=contig_13, start=41742, stop=41912, strand=+, nt=[ATGGACTCAC..TCTGCGTTAG]
19:35:35.488 - INFO - CDS - seq=contig_13, start=41922, stop=42227, strand=+, nt=[ATGAAACAGG..TCATGGCTAA]
19:35:35.488 - INFO - CDS - seq=contig_13, start=42220, stop=42441, strand=+, nt=[ATGGCTAAGG..TCAAGGCTGA]
19:35:35.488 - INFO - CDS - seq=contig_13, start=42739, stop=43944, strand=+, nt=[GTGGAGTCAC..TTTTGAATAG]
19:35:35.488 - INFO - CDS - seq=contig_13, start=43956, stop=44255, strand=+, nt=[ATGGCAACAA..AACCAAATAG]
19:35:35.488 - INFO - CDS - seq=contig_13, start=44330, stop=45454, strand=-, nt=[ATGACAGAAC..CTTCGAATAA]
19:35:35.488 - INFO - CDS - seq=contig_14, start=124, stop=468, strand=-, frame=3, truncated=no, start-type=ATG, RBS-motif=GGAG/GAGG
19:35:35.488 - INFO - CDS - seq=contig_14, start=490, stop=2532, strand=-, frame=3, truncated=no, start-type=ATG, RBS-motif=AGGAGG
19:35:35.488 - INFO - CDS - seq=contig_14, start=2644, stop=3477, strand=+, frame=1, truncated=no, start-type=TTG, RBS-motif=GGAG/GAGG
19:35:35.488 - INFO - CDS - seq=contig_14, start=3611, stop=4066, strand=-, frame=2, truncated=no, start-type=ATG, RBS-motif=GGAGG
19:35:35.488 - INFO - CDS - seq=contig_14, start=4237, stop=5919, strand=-, frame=3, truncated=no, start-type=ATG, RBS-motif=AGGAGG
19:35:35.488 - INFO - CDS - seq=contig_14, start=6377, stop=6763, strand=+, frame=2, truncated=no, start-type=ATG, RBS-motif=AGGAG
19:35:35.488 - INFO - CDS - seq=contig_14, start=6777, stop=6959, strand=+, frame=3, truncated=no, start-type=ATG, RBS-motif=GGA/GAG/AGG
19:35:35.488 - INFO - CDS - seq=contig_14, start=7246, stop=8184, strand=+, frame=1, truncated=no, start-type=ATG, RBS-motif=AGGAG
19:35:35.488 - INFO - CDS - seq=contig_14, start=8181, stop=9995, strand=+, frame=3, truncated=no, start-type=ATG, RBS-motif=4Base/6BMM
19:35:35.488 - INFO - CDS - seq=contig_14, start=10062, stop=10748, strand=-, frame=1, truncated=no, start-type=ATG, RBS-motif=GGAG/GAGG
19:35:35.488 - INFO - CDS - seq=contig_14, start=11028, stop=11426, strand=-, frame=1, truncated=no, start-type=ATG, RBS-motif=AGGAG
19:35:35.489 - INFO - CDS - seq=contig_14, start=11679, stop=12416, strand=-, frame=1, truncated=no, start-type=ATG, RBS-motif=AGGA
19:35:35.489 - INFO - CDS - seq=contig_14, start=12484, stop=12990, strand=+, frame=1, truncated=no, start-type=ATG, RBS-motif=GGAGG
19:35:35.489 - INFO - CDS - seq=contig_14, start=13144, stop=15219, strand=-, frame=3, truncated=no, start-type=GTG, RBS-motif=AGGAGG
19:35:35.489 - INFO - CDS - seq=contig_14, start=15203, stop=15973, strand=-, frame=2, truncated=no, start-type=ATG, RBS-motif=GGAGG
19:35:35.489 - INFO - CDS - seq=contig_14, start=16227, stop=16901, strand=+, frame=3, truncated=no, start-type=GTG, RBS-motif=GGAG/GAGG
19:35:35.489 - INFO - CDS - seq=contig_14, start=16913, stop=18013, strand=+, frame=2, truncated=no, start-type=ATG, RBS-motif=AGGAGG
19:35:35.489 - INFO - CDS - seq=contig_14, start=18162, stop=18740, strand=-, frame=1, truncated=no, start-type=ATG, RBS-motif=AGGA
19:35:35.489 - INFO - CDS - seq=contig_14, start=18940, stop=21186, strand=-, frame=3, truncated=no, start-type=ATG, RBS-motif=AGGAGG
19:35:35.489 - INFO - CDS - seq=contig_14, start=21179, stop=21619, strand=-, frame=2, truncated=no, start-type=ATG, RBS-motif=GGAGG
19:35:35.489 - INFO - CDS - seq=contig_14, start=21757, stop=22995, strand=-, frame=3, truncated=no, start-type=ATG, RBS-motif=AGGAGG
19:35:35.489 - INFO - CDS - seq=contig_14, start=23204, stop=24727, strand=-, frame=2, truncated=no, start-type=GTG, RBS-motif=AGGAG
19:35:35.489 - INFO - CDS - seq=contig_14, start=24728, stop=25297, strand=-, frame=2, truncated=no, start-type=ATG, RBS-motif=GGA/GAG/AGG
19:35:35.489 - INFO - CDS - seq=contig_14, start=25294, stop=26304, strand=-, frame=3, truncated=no, start-type=ATG, RBS-motif=GGAGG
19:35:35.489 - INFO - CDS - seq=contig_14, start=26301, stop=27755, strand=-, frame=1, truncated=no, start-type=ATG, RBS-motif=AGGAGG
19:35:35.489 - INFO - CDS - seq=contig_14, start=27731, stop=29947, strand=-, frame=2, truncated=no, start-type=GTG, RBS-motif=AGGAG
19:35:35.489 - INFO - CDS - seq=contig_14, start=29934, stop=30620, strand=-, frame=1, truncated=no, start-type=ATG, RBS-motif=GGAGG
19:35:35.489 - INFO - CDS - seq=contig_14, start=30617, stop=30877, strand=-, frame=2, truncated=no, start-type=ATG, RBS-motif=AGGAG
19:35:35.489 - INFO - CDS - seq=contig_14, start=30870, stop=31598, strand=-, frame=1, truncated=no, start-type=ATG, RBS-motif=GGAG/GAGG
19:35:35.489 - INFO - CDS - seq=contig_14, start=31592, stop=32707, strand=-, frame=2, truncated=no, start-type=ATG, RBS-motif=GGAG/GAGG
19:35:35.489 - INFO - CDS - seq=contig_14, start=32704, stop=33189, strand=-, frame=3, truncated=no, start-type=ATG, RBS-motif=GGA/GAG/AGG
19:35:35.489 - INFO - CDS - seq=contig_14, start=33474, stop=34079, strand=-, frame=1, truncated=no, start-type=ATG, RBS-motif=AGGAGG
19:35:35.489 - INFO - CDS - seq=contig_14, start=34301, stop=35713, strand=-, frame=2, truncated=no, start-type=ATG, RBS-motif=AGxAGG/AGGxGG
19:35:35.489 - INFO - CDS - seq=contig_14, start=36012, stop=37739, strand=-, frame=1, truncated=no, start-type=ATG, RBS-motif=GGA/GAG/AGG
19:35:35.489 - INFO - CDS - seq=contig_14, start=37739, stop=38005, strand=-, frame=2, truncated=no, start-type=ATG, RBS-motif=AGGAG
19:35:35.490 - INFO - CDS - seq=contig_14, start=38149, stop=38340, strand=-, frame=3, truncated=no, start-type=ATG, RBS-motif=GGAG/GAGG
19:35:35.490 - INFO - CDS - seq=contig_14, start=38689, stop=40785, strand=+, frame=1, truncated=no, start-type=ATG, RBS-motif=AGGAG
19:35:35.490 - INFO - CDS - seq=contig_14, start=40906, stop=41199, strand=+, frame=1, truncated=no, start-type=ATG, RBS-motif=GGAGG
19:35:35.490 - INFO - CDS - seq=contig_14, start=124, stop=468, strand=-, nt=[ATGGCAAATG..AGGCAAGTAA]
19:35:35.490 - INFO - CDS - seq=contig_14, start=490, stop=2532, strand=-, nt=[ATGCAGTTCT..GTTTAAATAG]
19:35:35.490 - INFO - CDS - seq=contig_14, start=2644, stop=3477, strand=+, nt=[TTGTTGTTTC..GCCTTTTTGA]
19:35:35.490 - INFO - CDS - seq=contig_14, start=3611, stop=4066, strand=-, nt=[ATGAATAAAA..CAATTCGTAA]
19:35:35.490 - INFO - CDS - seq=contig_14, start=4237, stop=5919, strand=-, nt=[ATGGATTTTA..AGAAATGTAA]
19:35:35.490 - INFO - CDS - seq=contig_14, start=6377, stop=6763, strand=+, nt=[ATGGCAAAAA..GGCTTTGTAA]
19:35:35.490 - INFO - CDS - seq=contig_14, start=6777, stop=6959, strand=+, nt=[ATGCAAACTT..GTTTACGTAA]
19:35:35.490 - INFO - CDS - seq=contig_14, start=7246, stop=8184, strand=+, nt=[ATGACTGACC..AACCCAATGA]
19:35:35.490 - INFO - CDS - seq=contig_14, start=8181, stop=9995, strand=+, nt=[ATGACGAACG..TGAAAACTAG]
19:35:35.490 - INFO - CDS - seq=contig_14, start=10062, stop=10748, strand=-, nt=[ATGGAAATGG..CTTCAAGTAA]
19:35:35.490 - INFO - CDS - seq=contig_14, start=11028, stop=11426, strand=-, nt=[ATGGTTATTT..AGGTTTTTAA]
19:35:35.490 - INFO - CDS - seq=contig_14, start=11679, stop=12416, strand=-, nt=[ATGAAATTGA..CTCAATCTGA]
19:35:35.490 - INFO - CDS - seq=contig_14, start=12484, stop=12990, strand=+, nt=[ATGTCCACAA..GAAAAACTAA]
19:35:35.490 - INFO - CDS - seq=contig_14, start=13144, stop=15219, strand=-, nt=[GTGTGGCATC..GATTGATTAG]
19:35:35.490 - INFO - CDS - seq=contig_14, start=15203, stop=15973, strand=-, nt=[ATGGCAATTC..ATCTGATTAA]
19:35:35.490 - INFO - CDS - seq=contig_14, start=16227, stop=16901, strand=+, nt=[GTGTTTAAAA..CGTTCCTTAG]
19:35:35.490 - INFO - CDS - seq=contig_14, start=16913, stop=18013, strand=+, nt=[ATGCGGTTTC..AGACAGCTGA]
19:35:35.490 - INFO - CDS - seq=contig_14, start=18162, stop=18740, strand=-, nt=[ATGATCGAAA..GATTCGTTAG]
19:35:35.490 - INFO - CDS - seq=contig_14, start=18940, stop=21186, strand=-, nt=[ATGAATGACG..GCGCGCTTAA]
19:35:35.490 - INFO - CDS - seq=contig_14, start=21179, stop=21619, strand=-, nt=[ATGGAAACAC..ACATGAATGA]
19:35:35.490 - INFO - CDS - seq=contig_14, start=21757, stop=22995, strand=-, nt=[ATGAAACAGG..CACACTGTAA]
19:35:35.490 - INFO - CDS - seq=contig_14, start=23204, stop=24727, strand=-, nt=[GTGAAGCGTG..TAGACATTAA]
19:35:35.490 - INFO - CDS - seq=contig_14, start=24728, stop=25297, strand=-, nt=[ATGAAAGATC..AGCGATTTAA]
19:35:35.490 - INFO - CDS - seq=contig_14, start=25294, stop=26304, strand=-, nt=[ATGACTGATT..TCGTCGATGA]
19:35:35.490 - INFO - CDS - seq=contig_14, start=26301, stop=27755, strand=-, nt=[ATGCCACATG..TAGTGCATGA]
19:35:35.490 - INFO - CDS - seq=contig_14, start=27731, stop=29947, strand=-, nt=[GTGGTGCACG..AAAGGCTTAA]
19:35:35.490 - INFO - CDS - seq=contig_14, start=29934, stop=30620, strand=-, nt=[ATGAAAGCGG..TGCACGTTGA]
19:35:35.490 - INFO - CDS - seq=contig_14, start=30617, stop=30877, strand=-, nt=[ATGTTTAAAG..TAACGCATGA]
19:35:35.490 - INFO - CDS - seq=contig_14, start=30870, stop=31598, strand=-, nt=[ATGGTGAACA..TCATGTTTAA]
19:35:35.490 - INFO - CDS - seq=contig_14, start=31592, stop=32707, strand=-, nt=[ATGATTGATG..AGCATGGTGA]
19:35:35.490 - INFO - CDS - seq=contig_14, start=32704, stop=33189, strand=-, nt=[ATGCAAAAAG..GCTTCAATGA]
19:35:35.490 - INFO - CDS - seq=contig_14, start=33474, stop=34079, strand=-, nt=[ATGCAACAGC..GGCTGCCTAA]
19:35:35.490 - INFO - CDS - seq=contig_14, start=34301, stop=35713, strand=-, nt=[ATGTATCAAT..AAATCATTAA]
19:35:35.490 - INFO - CDS - seq=contig_14, start=36012, stop=37739, strand=-, nt=[ATGGCTGAAC..TCAGAAATAA]
19:35:35.490 - INFO - CDS - seq=contig_14, start=37739, stop=38005, strand=-, nt=[ATGGAAAAAC..GGCTGAATAA]
19:35:35.490 - INFO - CDS - seq=contig_14, start=38149, stop=38340, strand=-, nt=[ATGACTCAGG..TTCTCGTTAA]
19:35:35.491 - INFO - CDS - seq=contig_14, start=38689, stop=40785, strand=+, nt=[ATGAGACCAA..TAAAAAGTAA]
19:35:35.491 - INFO - CDS - seq=contig_14, start=40906, stop=41199, strand=+, nt=[ATGCGACTGA..AGCAGAGTAA]
19:35:35.491 - INFO - CDS - seq=contig_15, start=47, stop=517, strand=-, frame=2, truncated=no, start-type=ATG, RBS-motif=GGAG/GAGG
19:35:35.491 - INFO - CDS - seq=contig_15, start=610, stop=1563, strand=+, frame=1, truncated=no, start-type=ATG, RBS-motif=GGA/GAG/AGG
19:35:35.491 - INFO - CDS - seq=contig_15, start=2588, stop=3166, strand=+, frame=2, truncated=no, start-type=ATG, RBS-motif=GGAGG
19:35:35.491 - INFO - CDS - seq=contig_15, start=3186, stop=4271, strand=+, frame=3, truncated=no, start-type=ATG, RBS-motif=GGxGG
19:35:35.491 - INFO - CDS - seq=contig_15, start=4283, stop=6088, strand=+, frame=2, truncated=no, start-type=ATG, RBS-motif=AGGAGG
19:35:35.491 - INFO - CDS - seq=contig_15, start=6994, stop=8127, strand=-, frame=3, truncated=no, start-type=ATG, RBS-motif=AGxAGG/AGGxGG
19:35:35.491 - INFO - CDS - seq=contig_15, start=8286, stop=9029, strand=-, frame=1, truncated=no, start-type=ATG, RBS-motif=AGGAG/GGAGG
19:35:35.491 - INFO - CDS - seq=contig_15, start=9029, stop=10006, strand=-, frame=2, truncated=no, start-type=ATG, RBS-motif=GGAGG
19:35:35.491 - INFO - CDS - seq=contig_15, start=10039, stop=10881, strand=-, frame=3, truncated=no, start-type=ATG, RBS-motif=GGAGG
19:35:35.491 - INFO - CDS - seq=contig_15, start=10894, stop=11784, strand=-, frame=3, truncated=no, start-type=ATG, RBS-motif=GGA/GAG/AGG
19:35:35.491 - INFO - CDS - seq=contig_15, start=11849, stop=13090, strand=-, frame=2, truncated=no, start-type=ATG, RBS-motif=GGAGG
19:35:35.491 - INFO - CDS - seq=contig_15, start=13218, stop=16340, strand=-, frame=1, truncated=no, start-type=ATG, RBS-motif=GGAG/GAGG
19:35:35.491 - INFO - CDS - seq=contig_15, start=16321, stop=18516, strand=-, frame=3, truncated=no, start-type=ATG, RBS-motif=GGA/GAG/AGG
19:35:35.491 - INFO - CDS - seq=contig_15, start=19243, stop=19518, strand=+, frame=1, truncated=no, start-type=ATG, RBS-motif=GGAG/GAGG
19:35:35.491 - INFO - CDS - seq=contig_15, start=19548, stop=20243, strand=+, frame=3, truncated=no, start-type=ATG, RBS-motif=GGA/GAG/AGG
19:35:35.491 - INFO - CDS - seq=contig_15, start=20572, stop=22128, strand=-, frame=3, truncated=no, start-type=ATG, RBS-motif=GGA/GAG/AGG
19:35:35.491 - INFO - CDS - seq=contig_15, start=22690, stop=24609, strand=-, frame=3, truncated=no, start-type=ATG, RBS-motif=GGxGG
19:35:35.491 - INFO - CDS - seq=contig_15, start=25540, stop=27018, strand=-, frame=3, truncated=no, start-type=ATG, RBS-motif=AGGA/GGAG/GAGG
19:35:35.491 - INFO - CDS - seq=contig_15, start=27631, stop=28530, strand=+, frame=1, truncated=no, start-type=ATG, RBS-motif=AGxAGG/AGGxGG
19:35:35.491 - INFO - CDS - seq=contig_15, start=28523, stop=28858, strand=+, frame=2, truncated=no, start-type=ATG, RBS-motif=AGGAGG
19:35:35.491 - INFO - CDS - seq=contig_15, start=47, stop=517, strand=-, nt=[ATGAACGTTT..TGAGGAATAA]
19:35:35.491 - INFO - CDS - seq=contig_15, start=610, stop=1563, strand=+, nt=[ATGAAAGAAG..TGAGTTTTAA]
19:35:35.492 - INFO - CDS - seq=contig_15, start=2588, stop=3166, strand=+, nt=[ATGCAAAACA..CATCAATTAA]
19:35:35.492 - INFO - CDS - seq=contig_15, start=3186, stop=4271, strand=+, nt=[ATGACTTTCG..GAATAACTAG]
19:35:35.492 - INFO - CDS - seq=contig_15, start=4283, stop=6088, strand=+, nt=[ATGGCCGTTC..AGTGCAATAG]
19:35:35.492 - INFO - CDS - seq=contig_15, start=6994, stop=8127, strand=-, nt=[ATGGCCGAAA..GATGAACTAG]
19:35:35.492 - INFO - CDS - seq=contig_15, start=8286, stop=9029, strand=-, nt=[ATGGCAGTAT..AATTAAATAG]
19:35:35.492 - INFO - CDS - seq=contig_15, start=9029, stop=10006, strand=-, nt=[ATGGTGGGGA..GACCAAATAA]
19:35:35.492 - INFO - CDS - seq=contig_15, start=10039, stop=10881, strand=-, nt=[ATGGAAGCAA..CGAAAAGTAA]
19:35:35.492 - INFO - CDS - seq=contig_15, start=10894, stop=11784, strand=-, nt=[ATGCAAAGGT..GGGATTATAG]
19:35:35.492 - INFO - CDS - seq=contig_15, start=11849, stop=13090, strand=-, nt=[ATGAGATTTA..GGATAAGTAG]
19:35:35.492 - INFO - CDS - seq=contig_15, start=13218, stop=16340, strand=-, nt=[ATGATCAAAT..AAAAAATTGA]
19:35:35.492 - INFO - CDS - seq=contig_15, start=16321, stop=18516, strand=-, nt=[ATGACGAATA..TAAAAAATAA]
19:35:35.492 - INFO - CDS - seq=contig_15, start=19243, stop=19518, strand=+, nt=[ATGACCAATA..AAAGCGTTGA]
19:35:35.492 - INFO - CDS - seq=contig_15, start=19548, stop=20243, strand=+, nt=[ATGATTCAAG..TCGCTATTGA]
19:35:35.492 - INFO - CDS - seq=contig_15, start=20572, stop=22128, strand=-, nt=[ATGTACTCAA..AGCTGCGTGA]
19:35:35.492 - INFO - CDS - seq=contig_15, start=22690, stop=24609, strand=-, nt=[ATGAAAAAGA..TATCTTTTAA]
19:35:35.492 - INFO - CDS - seq=contig_15, start=25540, stop=27018, strand=-, nt=[ATGGACGTAC..TGGACCATAA]
19:35:35.492 - INFO - CDS - seq=contig_15, start=27631, stop=28530, strand=+, nt=[ATGACTAAAG..TCATGACTGA]
19:35:35.492 - INFO - CDS - seq=contig_15, start=28523, stop=28858, strand=+, nt=[ATGACTGATC..ACGTATGTAG]
19:35:35.492 - INFO - CDS - seq=contig_16, start=110, stop=922, strand=+, frame=2, truncated=no, start-type=ATG, RBS-motif=None
19:35:35.492 - INFO - CDS - seq=contig_16, start=1065, stop=1913, strand=+, frame=3, truncated=no, start-type=GTG, RBS-motif=GGA/GAG/AGG
19:35:35.492 - INFO - CDS - seq=contig_16, start=2132, stop=2977, strand=-, frame=2, truncated=no, start-type=ATG, RBS-motif=GGAG/GAGG
19:35:35.492 - INFO - CDS - seq=contig_16, start=3206, stop=3955, strand=+, frame=2, truncated=no, start-type=GTG, RBS-motif=GGxGG
19:35:35.492 - INFO - CDS - seq=contig_16, start=4537, stop=4794, strand=-, frame=3, truncated=no, start-type=ATG, RBS-motif=GGA/GAG/AGG
19:35:35.492 - INFO - CDS - seq=contig_16, start=4787, stop=5059, strand=-, frame=2, truncated=no, start-type=ATG, RBS-motif=AGxAGG/AGGxGG
19:35:35.492 - INFO - CDS - seq=contig_16, start=5340, stop=5990, strand=+, frame=3, truncated=no, start-type=TTG, RBS-motif=GGAGG
19:35:35.492 - INFO - CDS - seq=contig_16, start=5996, stop=6280, strand=+, frame=2, truncated=no, start-type=ATG, RBS-motif=GGAG/GAGG
19:35:35.492 - INFO - CDS - seq=contig_16, start=6310, stop=6819, strand=+, frame=1, truncated=no, start-type=ATG, RBS-motif=GGxGG
19:35:35.492 - INFO - CDS - seq=contig_16, start=7357, stop=7755, strand=+, frame=1, truncated=no, start-type=ATG, RBS-motif=GGAG/GAGG
19:35:35.492 - INFO - CDS - seq=contig_16, start=8089, stop=9471, strand=-, frame=3, truncated=no, start-type=ATG, RBS-motif=GGAGG
19:35:35.492 - INFO - CDS - seq=contig_16, start=10024, stop=15927, strand=-, frame=3, truncated=no, start-type=ATG, RBS-motif=GGAGG
19:35:35.492 - INFO - CDS - seq=contig_16, start=110, stop=922, strand=+, nt=[ATGGTTTTTC..CGTGAACTAA]
19:35:35.492 - INFO - CDS - seq=contig_16, start=1065, stop=1913, strand=+, nt=[GTGTATTTGA..ACGAGTATGA]
19:35:35.492 - INFO - CDS - seq=contig_16, start=2132, stop=2977, strand=-, nt=[ATGATCACAG..TGGACACTAA]
19:35:35.493 - INFO - CDS - seq=contig_16, start=3206, stop=3955, strand=+, nt=[GTGAAACGAC..TAAAAATTAA]
19:35:35.493 - INFO - CDS - seq=contig_16, start=4537, stop=4794, strand=-, nt=[ATGATTAAAA..CCACTATTGA]
19:35:35.493 - INFO - CDS - seq=contig_16, start=4787, stop=5059, strand=-, nt=[ATGGACGCTG..AGATGATTAA]
19:35:35.493 - INFO - CDS - seq=contig_16, start=5340, stop=5990, strand=+, nt=[TTGGCTAAAA..TGAGAGGTAA]
19:35:35.493 - INFO - CDS - seq=contig_16, start=5996, stop=6280, strand=+, nt=[ATGATAGATT..AACTCTTTAA]
19:35:35.493 - INFO - CDS - seq=contig_16, start=6310, stop=6819, strand=+, nt=[ATGCAAAAGC..ATTAAATTGA]
19:35:35.493 - INFO - CDS - seq=contig_16, start=7357, stop=7755, strand=+, nt=[ATGGTAAATC..AATCGCCTAG]
19:35:35.493 - INFO - CDS - seq=contig_16, start=8089, stop=9471, strand=-, nt=[ATGCGACAAC..AAGTGCTTAA]
19:35:35.493 - INFO - CDS - seq=contig_16, start=10024, stop=15927, strand=-, nt=[ATGAACAAAA..ACGTCAATAA]
19:35:35.493 - INFO - CDS - seq=contig_17, start=399, stop=839, strand=-, frame=2, truncated=no, start-type=ATG, RBS-motif=AGGAGG
19:35:35.493 - INFO - CDS - seq=contig_17, start=1032, stop=3125, strand=-, frame=2, truncated=no, start-type=ATG, RBS-motif=GGAGG
19:35:35.493 - INFO - CDS - seq=contig_17, start=3356, stop=3634, strand=-, frame=3, truncated=no, start-type=ATG, RBS-motif=AGGAGG
19:35:35.493 - INFO - CDS - seq=contig_17, start=3880, stop=5055, strand=+, frame=1, truncated=no, start-type=ATG, RBS-motif=AGGAG
19:35:35.493 - INFO - CDS - seq=contig_17, start=5141, stop=5494, strand=-, frame=3, truncated=no, start-type=ATG, RBS-motif=GGAGG
19:35:35.493 - INFO - CDS - seq=contig_17, start=5530, stop=6543, strand=-, frame=1, truncated=no, start-type=ATG, RBS-motif=GGAG/GAGG
19:35:35.493 - INFO - CDS - seq=contig_17, start=6556, stop=7584, strand=-, frame=1, truncated=no, start-type=ATG, RBS-motif=GGA/GAG/AGG
19:35:35.493 - INFO - CDS - seq=contig_17, start=7587, stop=8795, strand=-, frame=2, truncated=no, start-type=GTG, RBS-motif=GGAGG
19:35:35.493 - INFO - CDS - seq=contig_17, start=9082, stop=10800, strand=-, frame=1, truncated=no, start-type=ATG, RBS-motif=None
19:35:35.493 - INFO - CDS - seq=contig_17, start=11178, stop=11726, strand=+, frame=3, truncated=no, start-type=ATG, RBS-motif=GGAGG
19:35:35.493 - INFO - CDS - seq=contig_17, start=399, stop=839, strand=-, nt=[ATGAATCAGG..TATGAAGTAA]
19:35:35.493 - INFO - CDS - seq=contig_17, start=1032, stop=3125, strand=-, nt=[ATGAACCAGC..GTCAAAGTAG]
19:35:35.493 - INFO - CDS - seq=contig_17, start=3356, stop=3634, strand=-, nt=[ATGAAACAAT..ACCAGCTTGA]
19:35:35.493 - INFO - CDS - seq=contig_17, start=3880, stop=5055, strand=+, nt=[ATGAAGTTGC..AGCCGCCTAG]
19:35:35.493 - INFO - CDS - seq=contig_17, start=5141, stop=5494, strand=-, nt=[ATGTCGTCAG..TTATCCGTAA]
19:35:35.493 - INFO - CDS - seq=contig_17, start=5530, stop=6543, strand=-, nt=[ATGACACGGA..ACGTACGTGA]
19:35:35.493 - INFO - CDS - seq=contig_17, start=6556, stop=7584, strand=-, nt=[ATGATTGTTA..GAAGCACTAG]
19:35:35.493 - INFO - CDS - seq=contig_17, start=7587, stop=8795, strand=-, nt=[GTGAATATCG..GAAAGGTTAA]
19:35:35.493 - INFO - CDS - seq=contig_17, start=9082, stop=10800, strand=-, nt=[ATGCGATACC..TCGGCAGTAG]
19:35:35.493 - INFO - CDS - seq=contig_17, start=11178, stop=11726, strand=+, nt=[ATGAAAGCCA..CGAAGAATAG]
19:35:35.493 - INFO - CDS - seq=contig_18, start=25, stop=327, strand=+, frame=1, truncated=no, start-type=ATG, RBS-motif=GGA/GAG/AGG
19:35:35.493 - INFO - CDS - seq=contig_18, start=510, stop=1319, strand=+, frame=3, truncated=no, start-type=ATG, RBS-motif=GGA/GAG/AGG
19:35:35.493 - INFO - CDS - seq=contig_18, start=1912, stop=2112, strand=+, frame=1, truncated=no, start-type=ATG, RBS-motif=AGGAGG
19:35:35.494 - INFO - CDS - seq=contig_18, start=2118, stop=2366, strand=+, frame=3, truncated=no, start-type=TTG, RBS-motif=AGGA
19:35:35.494 - INFO - CDS - seq=contig_18, start=2396, stop=2626, strand=+, frame=2, truncated=no, start-type=TTG, RBS-motif=AGGAGG
19:35:35.494 - INFO - CDS - seq=contig_18, start=3373, stop=3939, strand=+, frame=1, truncated=no, start-type=ATG, RBS-motif=AGGAG
19:35:35.494 - INFO - CDS - seq=contig_18, start=25, stop=327, strand=+, nt=[ATGAAGTTAG..TTATTCATGA]
19:35:35.494 - INFO - CDS - seq=contig_18, start=510, stop=1319, strand=+, nt=[ATGATGAATC..TAATCATTGA]
19:35:35.494 - INFO - CDS - seq=contig_18, start=1912, stop=2112, strand=+, nt=[ATGGACGAAC..AAAGGATTGA]
19:35:35.494 - INFO - CDS - seq=contig_18, start=2118, stop=2366, strand=+, nt=[TTGGCTCATA..GCTTCATTAA]
19:35:35.494 - INFO - CDS - seq=contig_18, start=2396, stop=2626, strand=+, nt=[TTGCGAACCA..CGATAATTGA]
19:35:35.494 - INFO - CDS - seq=contig_18, start=3373, stop=3939, strand=+, nt=[ATGAAATATG..AAAAAAATAA]
19:35:35.494 - INFO - CDS - seq=contig_19, start=110, stop=343, strand=+, frame=2, truncated=no, start-type=ATG, RBS-motif=AGxAGG/AGGxGG
19:35:35.494 - INFO - CDS - seq=contig_19, start=1636, stop=1776, strand=+, frame=1, truncated=no, start-type=ATG, RBS-motif=GGAGG
19:35:35.494 - INFO - CDS - seq=contig_19, start=2422, stop=2589, strand=+, frame=1, truncated=no, start-type=ATG, RBS-motif=AGGA
19:35:35.494 - INFO - CDS - seq=contig_19, start=110, stop=343, strand=+, nt=[ATGGACGCAA..TCTGATGTGA]
19:35:35.494 - INFO - CDS - seq=contig_19, start=1636, stop=1776, strand=+, nt=[ATGTATGTTG..TTTGAACTAG]
19:35:35.494 - INFO - CDS - seq=contig_19, start=2422, stop=2589, strand=+, nt=[ATGGGGAGCG..GACCCCGTAA]
19:35:35.494 - INFO - CDS - seq=contig_20, start=174, stop=932, strand=+, frame=3, truncated=no, start-type=ATG, RBS-motif=GGAGG
19:35:35.494 - INFO - CDS - seq=contig_20, start=949, stop=1776, strand=+, frame=1, truncated=no, start-type=ATG, RBS-motif=None
19:35:35.494 - INFO - CDS - seq=contig_20, start=174, stop=932, strand=+, nt=[ATGGGCCGAA..ACGGTATTAG]
19:35:35.494 - INFO - CDS - seq=contig_20, start=949, stop=1776, strand=+, nt=[ATGGGCGTCT..AACTGCATAG]
19:35:35.494 - INFO - CDS - seq=contig_21, start=16, stop=609, strand=+, frame=1, truncated=no, start-type=TTG, RBS-motif=AGGA
19:35:35.494 - INFO - CDS - seq=contig_21, start=688, stop=1614, strand=+, frame=1, truncated=no, start-type=ATG, RBS-motif=AGGAGG
19:35:35.494 - INFO - CDS - seq=contig_21, start=1662, stop=2048, strand=-, frame=1, truncated=no, start-type=ATG, RBS-motif=GGxGG
19:35:35.494 - INFO - CDS - seq=contig_21, start=16, stop=609, strand=+, nt=[TTGGAACATG..CTTTATATGA]
19:35:35.494 - INFO - CDS - seq=contig_21, start=688, stop=1614, strand=+, nt=[ATGAATTTAC..ATTGATGTAA]
19:35:35.494 - INFO - CDS - seq=contig_21, start=1662, stop=2048, strand=-, nt=[ATGCTAAGCG..TTTCATTTGA]
19:35:35.494 - INFO - CDS - seq=contig_23, start=1, stop=552, strand=+, frame=1, truncated=no, start-type=TTG, RBS-motif=None
19:35:35.494 - INFO - CDS - seq=contig_23, start=1, stop=552, strand=+, nt=[TTGGAAGCAG..ACTCGCGTAG]
19:35:35.494 - INFO - CDS - seq=contig_25, start=19, stop=417, strand=+, frame=1, truncated=no, start-type=ATG, RBS-motif=AGGA
19:35:35.494 - INFO - CDS - seq=contig_25, start=19, stop=417, strand=+, nt=[ATGCTAAATA..CAATTGTTGA]
19:35:35.495 - INFO - CDS - predicted=2880
19:35:35.496 - INFO - CDS - discarded=0
19:35:35.558 - INFO - ORF - discard spurious: seq=contig_3, start=403873, stop=404076, strand=-, homology=Spurious_ORF_10, evalue=1.3e-16, bitscore=56.974606
19:35:35.753 - INFO - ORF - discard spurious: seq=contig_13, start=40196, stop=40432, strand=+, homology=Spurious_ORF_267, evalue=2.8e-23, bitscore=78.675308
19:35:35.753 - INFO - ORF - discard spurious: seq=contig_7, start=5184, stop=5336, strand=-, homology=Spurious_ORF_267, evalue=6.9e-14, bitscore=48.669765
19:35:35.753 - INFO - ORF - discard spurious: seq=contig_7, start=52961, stop=54250, strand=-, homology=Spurious_ORF_267, evalue=5.2e-09, bitscore=33.083549
19:35:35.753 - INFO - ORF - discarded=4
19:35:37.193 - INFO - UPS - looked-up=2421
19:35:38.548 - INFO - IPS - looked-up=2421
19:35:38.550 - INFO - ORF - write internal aa seqs: # seqs=455, path=/tmp/tmp6h11c43s/cds.psc.faa
19:42:05.637 - INFO - PSC - found: PSC=361, PSCC=51
19:42:08.547 - INFO - PSC - looked-up=2784
19:42:09.719 - INFO - PSCC - looked-up=2758
19:42:09.721 - INFO - ORF - write internal aa seqs: # seqs=2876, path=/tmp/tmp6h11c43s/cds.expert.faa
19:42:17.467 - INFO - EXPERT-AMRFINDER - found=0
19:42:19.492 - INFO - EXPERT_AA_SEQ - found=3
19:42:19.497 - INFO - ANNOTATION - fix gene: extract symbol from protein name. symbol=ccmA
19:42:19.497 - INFO - ANNOTATION - fix product: replace putative synonyms. new=putative integral membrane protein, old=Predicted integral membrane protein
19:42:19.498 - INFO - ANNOTATION - fix gene: lowercase first char. new=glpR, old=GlpR
19:42:19.498 - INFO - ANNOTATION - fix gene: lowercase first char. new=glpR, old=GlpR
19:42:19.498 - INFO - ANNOTATION - fix gene: lowercase first char. new=znuB, old=ZnuB
19:42:19.498 - INFO - ANNOTATION - fix gene: lowercase first char. new=znuB, old=ZnuB
19:42:19.498 - INFO - ANNOTATION - fix gene: extract symbol from protein name. symbol=gntP
19:42:19.499 - INFO - ANNOTATION - fix gene: lowercase first char. new=gntT, old=GntT
19:42:19.499 - INFO - ANNOTATION - fix gene: lowercase first char. new=gntT, old=GntT
19:42:19.499 - INFO - ANNOTATION - fix gene: extract symbol from protein name. symbol=iolT
19:42:19.499 - INFO - ANNOTATION - fix gene: extract symbol from protein name. symbol=iolR
19:42:19.499 - INFO - ANNOTATION - fix gene: lowercase first char. new=aRA1, old=ARA1
19:42:19.499 - INFO - ANNOTATION - fix gene: lowercase first char. new=aRA1, old=ARA1
19:42:19.499 - INFO - ANNOTATION - fix gene: extract symbol from protein name. symbol=greA
19:42:19.499 - INFO - ANNOTATION - fix gene: lowercase first char. new=walK, old=WalK
19:42:19.499 - INFO - ANNOTATION - fix gene: lowercase first char. new=walK, old=WalK
19:42:19.500 - INFO - ANNOTATION - fix gene: extract symbol from protein name. symbol=ompR
19:42:19.500 - INFO - ANNOTATION - fix gene: lowercase first char. new=ompR, old=OmpR
19:42:19.500 - INFO - ANNOTATION - fix gene: lowercase first char. new=ompR, old=OmpR
19:42:19.500 - INFO - ANNOTATION - marked as hypothetical: seq=contig_1, start=44313, stop=44993, strand=+
19:42:19.500 - INFO - INSDC - fix product: replace putative synonyms. new=putative membrane-bound protein conserved in bacteria, old=Uncharacterized membrane-bound protein conserved in bacteria
19:42:19.500 - INFO - ANNOTATION - fix gene: extract symbol from protein name. symbol=ychF
19:42:19.500 - INFO - ANNOTATION - fix gene: lowercase first char. new=spo0J, old=Spo0J
19:42:19.500 - INFO - ANNOTATION - fix gene: lowercase first char. new=spo0J, old=Spo0J
19:42:19.500 - INFO - ANNOTATION - fix gene: lowercase first char. new=parA, old=ParA
19:42:19.500 - INFO - ANNOTATION - fix gene: lowercase first char. new=parA, old=ParA
19:42:19.500 - INFO - ANNOTATION - fix gene: extract symbol from protein name. symbol=rsmG
19:42:19.500 - INFO - ANNOTATION - marked as hypothetical: seq=contig_1, start=52793, stop=53173, strand=+
19:42:19.500 - INFO - ANNOTATION - fix gene: extract symbol from protein name. symbol=gatD
19:42:19.500 - INFO - ANNOTATION - fix product: replace putative synonyms. new=putative dinucleotide-binding enzyme, old=Predicted dinucleotide-binding enzyme
19:42:19.501 - INFO - ANNOTATION - fix product: replace Homolog. new=Stress response regulator gls24-like protein, old=Stress response regulator gls24 homolog
19:42:19.501 - INFO - ANNOTATION - fix product: replace Homolog. new=Stress response regulator gls24-like protein, old=Stress response regulator gls24 homolog
19:42:19.501 - INFO - ANNOTATION - fix gene: extract symbol from protein name. symbol=amaP
19:42:19.501 - INFO - ANNOTATION - marked as hypothetical: seq=contig_1, start=62718, stop=63023, strand=-
19:42:19.501 - INFO - ANNOTATION - fix product: replace putative synonyms. new=putative membrane protein, old=Predicted membrane protein
19:42:19.501 - INFO - ANNOTATION - fix product: replace putative synonyms. new=putative membrane transporter protein, old=Probable membrane transporter protein
19:42:19.501 - INFO - ANNOTATION - fix gene: lowercase first char. new=tauE, old=TauE
19:42:19.501 - INFO - ANNOTATION - fix gene: lowercase first char. new=tauE, old=TauE
19:42:19.501 - INFO - ANNOTATION - marked as hypothetical: seq=contig_1, start=67069, stop=67701, strand=-
19:42:19.502 - INFO - ANNOTATION - fix gene: lowercase first char. new=oppA, old=OppA
19:42:19.502 - INFO - ANNOTATION - fix gene: lowercase first char. new=oppA, old=OppA
19:42:19.502 - INFO - ANNOTATION - fix product: replace putative synonyms. new=putative phosphoketolase, old=Probable phosphoketolase
19:42:19.502 - INFO - ANNOTATION - fix gene: lowercase first char. new=xFP, old=XFP
19:42:19.502 - INFO - ANNOTATION - fix gene: lowercase first char. new=xFP, old=XFP
19:42:19.502 - INFO - ANNOTATION - fix gene: lowercase first char. new=rarA, old=RarA
19:42:19.502 - INFO - ANNOTATION - fix gene: lowercase first char. new=rarA, old=RarA
19:42:19.502 - INFO - ANNOTATION - marked as hypothetical: seq=contig_1, start=95051, stop=95380, strand=+
19:42:19.502 - INFO - ANNOTATION - marked as hypothetical: seq=contig_1, start=98037, stop=98270, strand=-
19:42:19.503 - INFO - ANNOTATION - fix gene: extract symbol from protein name. symbol=mhqA
19:42:19.503 - INFO - ANNOTATION - fix gene: lowercase first char. new=gloA, old=GloA
19:42:19.503 - INFO - ANNOTATION - fix gene: lowercase first char. new=gloA, old=GloA
19:42:19.503 - INFO - ANNOTATION - marked as hypothetical: seq=contig_1, start=106508, stop=106831, strand=-
19:42:19.503 - INFO - ANNOTATION - fix gene: lowercase first char. new=nCS2, old=NCS2
19:42:19.503 - INFO - ANNOTATION - fix gene: lowercase first char. new=nCS2, old=NCS2
19:42:19.503 - INFO - ANNOTATION - fix product: revise DUF. new=DUF1516 domain-containing protein, old=DUF1516 family protein
19:42:19.503 - INFO - ANNOTATION - marked as hypothetical: seq=contig_1, start=111344, stop=111640, strand=+
19:42:19.503 - INFO - ANNOTATION - fix gene: lowercase first char. new=ldhA, old=LdhA
19:42:19.503 - INFO - ANNOTATION - fix gene: lowercase first char. new=ldhA, old=LdhA
19:42:19.503 - INFO - ANNOTATION - marked as hypothetical: seq=contig_1, start=117897, stop=118007, strand=+
19:42:19.503 - INFO - ANNOTATION - marked as hypothetical: seq=contig_1, start=118053, stop=118175, strand=+
19:42:19.503 - INFO - ANNOTATION - marked as hypothetical: seq=contig_1, start=123630, stop=123752, strand=-
19:42:19.504 - INFO - ANNOTATION - marked as hypothetical: seq=contig_1, start=142516, stop=143679, strand=-
19:42:19.504 - INFO - ANNOTATION - fix gene: lowercase first char. new=gdpP, old=GdpP
19:42:19.504 - INFO - ANNOTATION - fix gene: lowercase first char. new=gdpP, old=GdpP
19:42:19.504 - INFO - ANNOTATION - marked as hypothetical: seq=contig_1, start=148164, stop=148463, strand=-
19:42:19.504 - INFO - ANNOTATION - fix gene: extract symbol from protein name. symbol=eamA
19:42:19.504 - INFO - ANNOTATION - marked as hypothetical: seq=contig_1, start=151031, stop=151408, strand=-
19:42:19.504 - INFO - ANNOTATION - fix gene: lowercase first char. new=asd, old=Asd
19:42:19.504 - INFO - ANNOTATION - fix gene: lowercase first char. new=asd, old=Asd
19:42:19.505 - INFO - ANNOTATION - fix gene: lowercase first char. new=metL1, old=MetL1
19:42:19.505 - INFO - ANNOTATION - fix gene: lowercase first char. new=metL1, old=MetL1
19:42:19.505 - INFO - ANNOTATION - fix product: revise DUF. new=DUF4293 domain-containing protein, old=DUF4293 family protein
19:42:19.505 - INFO - ANNOTATION - fix gene: extract symbol from protein name. symbol=trpC
19:42:19.505 - INFO - ANNOTATION - fix gene: lowercase first char. new=copZ, old=CopZ
19:42:19.506 - INFO - ANNOTATION - fix gene: lowercase first char. new=copZ, old=CopZ
19:42:19.506 - INFO - ANNOTATION - marked as hypothetical: seq=contig_1, start=177546, stop=177767, strand=+
19:42:19.506 - INFO - ANNOTATION - fix gene: lowercase first char. new=opuBA, old=OpuBA
19:42:19.506 - INFO - ANNOTATION - fix gene: lowercase first char. new=opuBA, old=OpuBA
19:42:19.506 - INFO - ANNOTATION - fix gene: lowercase first char. new=opuBB, old=OpuBB
19:42:19.506 - INFO - ANNOTATION - fix gene: lowercase first char. new=opuBB, old=OpuBB
19:42:19.506 - INFO - ANNOTATION - fix gene: lowercase first char. new=osmF, old=OsmF
19:42:19.506 - INFO - ANNOTATION - fix gene: lowercase first char. new=osmF, old=OsmF
19:42:19.506 - INFO - ANNOTATION - fix gene: lowercase first char. new=opuBB, old=OpuBB
19:42:19.506 - INFO - ANNOTATION - fix gene: lowercase first char. new=opuBB, old=OpuBB
19:42:19.506 - INFO - ANNOTATION - fix gene: extract symbol from protein name. symbol=tetR
19:42:19.506 - INFO - ANNOTATION - fix gene: extract symbol from protein name. symbol=gntR
19:42:19.506 - INFO - ANNOTATION - marked as hypothetical: seq=contig_1, start=195646, stop=196350, strand=+
19:42:19.506 - INFO - ANNOTATION - marked as hypothetical: seq=contig_1, start=196464, stop=196577, strand=-
19:42:19.507 - INFO - ANNOTATION - marked as hypothetical: seq=contig_1, start=199034, stop=199324, strand=+
19:42:19.507 - INFO - ANNOTATION - fix gene: extract symbol from protein name. symbol=azlD
19:42:19.507 - INFO - ANNOTATION - fix gene: extract symbol from protein name. symbol=azlC
19:42:19.507 - INFO - ANNOTATION - fix gene: lowercase first char. new=azlC, old=AzlC
19:42:19.507 - INFO - ANNOTATION - fix gene: lowercase first char. new=azlC, old=AzlC
19:42:19.507 - INFO - ANNOTATION - marked as hypothetical: seq=contig_1, start=200939, stop=201148, strand=+
19:42:19.507 - INFO - ANNOTATION - marked as hypothetical: seq=contig_1, start=201169, stop=201375, strand=+
19:42:19.507 - INFO - ANNOTATION - fix gene: lowercase first char. new=pepD, old=PepD
19:42:19.507 - INFO - ANNOTATION - fix gene: lowercase first char. new=pepD, old=PepD
19:42:19.507 - INFO - ANNOTATION - marked as hypothetical: seq=contig_1, start=209882, stop=210040, strand=-
19:42:19.507 - INFO - ANNOTATION - marked as hypothetical: seq=contig_1, start=212637, stop=212861, strand=-
19:42:19.507 - INFO - ANNOTATION - fix gene: lowercase first char. new=tMEM175, old=TMEM175
19:42:19.507 - INFO - ANNOTATION - fix gene: lowercase first char. new=tMEM175, old=TMEM175
19:42:19.507 - INFO - ANNOTATION - fix product: replace putative synonyms. new=putative membrane transporter protein, old=Probable membrane transporter protein
19:42:19.508 - INFO - ANNOTATION - fix gene: lowercase first char. new=tauE, old=TauE
19:42:19.508 - INFO - ANNOTATION - fix gene: lowercase first char. new=tauE, old=TauE
19:42:19.508 - INFO - ANNOTATION - marked as hypothetical: seq=contig_1, start=217708, stop=218388, strand=-
19:42:19.508 - INFO - ANNOTATION - fix gene: extract symbol from protein name. symbol=ybiV
19:42:19.508 - INFO - ANNOTATION - fix gene: extract symbol from protein name. symbol=tetR
19:42:19.508 - INFO - ANNOTATION - fix gene: lowercase first char. new=lolD, old=LolD
19:42:19.508 - INFO - ANNOTATION - fix gene: lowercase first char. new=lolD, old=LolD
19:42:19.508 - INFO - ANNOTATION - marked as hypothetical: seq=contig_1, start=226065, stop=226247, strand=+
19:42:19.508 - INFO - ANNOTATION - fix gene: lowercase first char. new=appC, old=AppC
19:42:19.508 - INFO - ANNOTATION - fix gene: lowercase first char. new=appC, old=AppC
19:42:19.508 - INFO - ANNOTATION - fix gene: lowercase first char. new=ssb, old=Ssb
19:42:19.508 - INFO - ANNOTATION - fix gene: lowercase first char. new=ssb, old=Ssb
19:42:19.509 - INFO - ANNOTATION - fix gene: extract symbol from protein name. symbol=recF
19:42:19.509 - INFO - ANNOTATION - fix gene: extract symbol from protein name. symbol=yaaA
19:42:19.509 - INFO - ANNOTATION - marked as hypothetical: seq=contig_1, start=242178, stop=242360, strand=+
19:42:19.509 - INFO - ANNOTATION - fix gene: extract symbol from protein name. symbol=dnaA
19:42:19.509 - INFO - ANNOTATION - fix gene: extract symbol from protein name. symbol=yidC
19:42:19.509 - INFO - ANNOTATION - fix gene: lowercase first char. new=yidC, old=YidC
19:42:19.509 - INFO - ANNOTATION - fix gene: lowercase first char. new=yidC, old=YidC
19:42:19.509 - INFO - ANNOTATION - fix gene: extract symbol from protein name. symbol=mnmE
19:42:19.509 - INFO - ANNOTATION - fix gene: extract symbol from protein name. symbol=mnmG
19:42:19.509 - INFO - ANNOTATION - fix gene: lowercase first char. new=yjjP, old=YjjP
19:42:19.509 - INFO - ANNOTATION - fix gene: lowercase first char. new=yjjP, old=YjjP
19:42:19.509 - INFO - ANNOTATION - fix gene: extract symbol from protein name. symbol=thrE
19:42:19.509 - INFO - ANNOTATION - fix gene: extract symbol from protein name. symbol=yxeP
19:42:19.510 - INFO - ANNOTATION - fix gene: extract symbol from protein name. symbol=macB
19:42:19.510 - INFO - ANNOTATION - marked as hypothetical: seq=contig_1, start=266629, stop=266805, strand=-
19:42:19.510 - INFO - ANNOTATION - fix gene: lowercase first char. new=mtlA, old=MtlA
19:42:19.510 - INFO - ANNOTATION - fix gene: lowercase first char. new=mtlA, old=MtlA
19:42:19.510 - INFO - ANNOTATION - fix gene: extract symbol from protein name. symbol=bglG
19:42:19.510 - INFO - ANNOTATION - fix gene: lowercase first char. new=frsA, old=FrsA
19:42:19.510 - INFO - ANNOTATION - fix gene: lowercase first char. new=frsA, old=FrsA
19:42:19.510 - INFO - ANNOTATION - fix gene: lowercase first char. new=prsA, old=PrsA
19:42:19.510 - INFO - ANNOTATION - fix gene: lowercase first char. new=prsA, old=PrsA
19:42:19.510 - INFO - ANNOTATION - fix gene: lowercase first char. new=citS, old=CitS
19:42:19.510 - INFO - ANNOTATION - fix gene: lowercase first char. new=citS, old=CitS
19:42:19.510 - INFO - ANNOTATION - fix product: revise DUF. new=DUF2992 domain-containing protein, old=DUF2992 family protein
19:42:19.511 - INFO - ANNOTATION - fix gene: extract symbol from protein name. symbol=ybjI
19:42:19.511 - INFO - ANNOTATION - fix gene: lowercase first char. new=rfaB, old=RfaB
19:42:19.511 - INFO - ANNOTATION - fix gene: lowercase first char. new=rfaB, old=RfaB
19:42:19.511 - INFO - ANNOTATION - fix gene: extract symbol from protein name. symbol=ydaF
19:42:19.511 - INFO - ANNOTATION - fix gene: lowercase first char. new=hisJ, old=HisJ
19:42:19.511 - INFO - ANNOTATION - fix gene: lowercase first char. new=hisJ, old=HisJ
19:42:19.511 - INFO - ANNOTATION - fix gene: lowercase first char. new=hisJ, old=HisJ
19:42:19.511 - INFO - ANNOTATION - fix gene: lowercase first char. new=hisJ, old=HisJ
19:42:19.511 - INFO - ANNOTATION - fix gene: lowercase first char. new=glnQ, old=GlnQ
19:42:19.511 - INFO - ANNOTATION - fix gene: lowercase first char. new=glnQ, old=GlnQ
19:42:19.511 - INFO - ANNOTATION - fix gene: extract symbol from protein name. symbol=cbiO
19:42:19.511 - INFO - ANNOTATION - marked as hypothetical: seq=contig_1, start=309519, stop=309842, strand=-
19:42:19.511 - INFO - ANNOTATION - fix product: replace putative synonyms. new=putative integral membrane protein, old=Predicted integral membrane protein
19:42:19.511 - INFO - ANNOTATION - fix gene: lowercase first char. new=ugpB, old=UgpB
19:42:19.511 - INFO - ANNOTATION - fix gene: lowercase first char. new=ugpB, old=UgpB
19:42:19.511 - INFO - ANNOTATION - fix product: revise DUF. new=DUF3923 domain-containing protein, old=DUF3923 family protein
19:42:19.512 - INFO - ANNOTATION - fix gene: lowercase first char. new=glnQ, old=GlnQ
19:42:19.512 - INFO - ANNOTATION - fix gene: lowercase first char. new=glnQ, old=GlnQ
19:42:19.512 - INFO - ANNOTATION - fix gene: lowercase first char. new=hisJ, old=HisJ
19:42:19.512 - INFO - ANNOTATION - fix gene: lowercase first char. new=hisJ, old=HisJ
19:42:19.512 - INFO - ANNOTATION - marked as hypothetical: seq=contig_1, start=315380, stop=315541, strand=-
19:42:19.512 - INFO - ANNOTATION - marked as hypothetical: seq=contig_1, start=318892, stop=319011, strand=-
19:42:19.512 - INFO - ANNOTATION - fix gene: extract symbol from protein name. symbol=upsA
19:42:19.512 - INFO - ANNOTATION - fix gene: lowercase first char. new=agaB, old=AgaB
19:42:19.512 - INFO - ANNOTATION - fix gene: lowercase first char. new=agaB, old=AgaB
19:42:19.512 - INFO - ANNOTATION - fix gene: lowercase first char. new=manY, old=ManY
19:42:19.512 - INFO - ANNOTATION - fix gene: lowercase first char. new=manY, old=ManY
19:42:19.512 - INFO - ANNOTATION - fix gene: lowercase first char. new=manZ, old=ManZ
19:42:19.512 - INFO - ANNOTATION - fix gene: lowercase first char. new=manZ, old=ManZ
19:42:19.512 - INFO - ANNOTATION - fix gene: extract symbol from protein name. symbol=manO
19:42:19.512 - INFO - ANNOTATION - fix gene: lowercase first char. new=celC, old=CelC
19:42:19.512 - INFO - ANNOTATION - fix gene: lowercase first char. new=celC, old=CelC
19:42:19.513 - INFO - ANNOTATION - fix gene: extract symbol from protein name. symbol=gntR
19:42:19.513 - INFO - ANNOTATION - fix gene: lowercase first char. new=mngR, old=MngR
19:42:19.513 - INFO - ANNOTATION - fix gene: lowercase first char. new=mngR, old=MngR
19:42:19.513 - INFO - ANNOTATION - fix gene: lowercase first char. new=celB, old=CelB
19:42:19.513 - INFO - ANNOTATION - fix gene: lowercase first char. new=celB, old=CelB
19:42:19.513 - INFO - ANNOTATION - fix gene: lowercase first char. new=hisJ, old=HisJ
19:42:19.513 - INFO - ANNOTATION - fix gene: lowercase first char. new=hisJ, old=HisJ
19:42:19.513 - INFO - ANNOTATION - fix gene: extract symbol from protein name. symbol=yycF
19:42:19.513 - INFO - ANNOTATION - fix gene: extract symbol from protein name. symbol=walK
19:42:19.513 - INFO - ANNOTATION - fix gene: extract symbol from protein name. symbol=yycH
19:42:19.513 - INFO - ANNOTATION - fix gene: extract symbol from protein name. symbol=yycJ
19:42:19.513 - INFO - ANNOTATION - fix gene: lowercase first char. new=phnP, old=PhnP
19:42:19.513 - INFO - ANNOTATION - fix gene: lowercase first char. new=phnP, old=PhnP
19:42:19.513 - INFO - ANNOTATION - fix gene: extract symbol from protein name. symbol=htrA
19:42:19.513 - INFO - ANNOTATION - fix gene: lowercase first char. new=zntA, old=ZntA
19:42:19.514 - INFO - ANNOTATION - fix gene: lowercase first char. new=zntA, old=ZntA
19:42:19.514 - INFO - ANNOTATION - fix gene: extract symbol from protein name. symbol=fliK
19:42:19.514 - INFO - ANNOTATION - fix gene: extract symbol from protein name. symbol=ybiR
19:42:19.514 - INFO - ANNOTATION - fix gene: lowercase first char. new=arsB, old=ArsB
19:42:19.514 - INFO - ANNOTATION - fix gene: lowercase first char. new=arsB, old=ArsB
19:42:19.514 - INFO - ANNOTATION - fix gene: extract symbol from protein name. symbol=rlmH
19:42:19.514 - INFO - ANNOTATION - marked as hypothetical: seq=contig_1, start=368182, stop=368436, strand=+
19:42:19.514 - INFO - ANNOTATION - fix gene: lowercase first char. new=emrE, old=EmrE
19:42:19.514 - INFO - ANNOTATION - fix gene: lowercase first char. new=emrE, old=EmrE
19:42:19.514 - INFO - ANNOTATION - fix gene: extract symbol from protein name. symbol=nrnA
19:42:19.514 - INFO - ANNOTATION - fix gene: lowercase first char. new=manZ, old=ManZ
19:42:19.514 - INFO - ANNOTATION - fix gene: lowercase first char. new=manZ, old=ManZ
19:42:19.514 - INFO - ANNOTATION - fix gene: lowercase first char. new=agaB, old=AgaB
19:42:19.515 - INFO - ANNOTATION - fix gene: lowercase first char. new=agaB, old=AgaB
19:42:19.515 - INFO - ANNOTATION - fix gene: extract symbol from protein name. symbol=rpiR
19:42:19.515 - INFO - ANNOTATION - fix gene: lowercase first char. new=pncA, old=PncA
19:42:19.515 - INFO - ANNOTATION - fix gene: lowercase first char. new=pncA, old=PncA
19:42:19.515 - INFO - ANNOTATION - fix gene: lowercase first char. new=malK, old=MalK
19:42:19.515 - INFO - ANNOTATION - fix gene: lowercase first char. new=malK, old=MalK
19:42:19.515 - INFO - ANNOTATION - fix gene: lowercase first char. new=ugpA, old=UgpA
19:42:19.515 - INFO - ANNOTATION - fix gene: lowercase first char. new=ugpA, old=UgpA
19:42:19.515 - INFO - ANNOTATION - fix gene: lowercase first char. new=ugpE, old=UgpE
19:42:19.515 - INFO - ANNOTATION - fix gene: lowercase first char. new=ugpE, old=UgpE
19:42:19.515 - INFO - ANNOTATION - fix gene: lowercase first char. new=ugpB, old=UgpB
19:42:19.515 - INFO - ANNOTATION - fix gene: lowercase first char. new=ugpB, old=UgpB
19:42:19.515 - INFO - ANNOTATION - fix gene: lowercase first char. new=ugpQ, old=UgpQ
19:42:19.515 - INFO - ANNOTATION - fix gene: lowercase first char. new=ugpQ, old=UgpQ
19:42:19.515 - INFO - ANNOTATION - marked as hypothetical: seq=contig_1, start=394471, stop=395001, strand=-
19:42:19.515 - INFO - ANNOTATION - fix product: revise DUF. new=DUF3923 domain-containing protein, old=DUF3923 family protein
19:42:19.516 - INFO - ANNOTATION - fix gene: extract symbol from protein name. symbol=padR
19:42:19.516 - INFO - ANNOTATION - fix gene: extract symbol from protein name. symbol=secA
19:42:19.516 - INFO - ANNOTATION - fix gene: lowercase first char. new=afuC, old=AfuC
19:42:19.516 - INFO - ANNOTATION - fix gene: lowercase first char. new=afuC, old=AfuC
19:42:19.516 - INFO - ANNOTATION - fix gene: extract symbol from protein name. symbol=gntR
19:42:19.516 - INFO - ANNOTATION - fix product: replace putative synonyms. new=putative phosphoketolase, old=Probable phosphoketolase
19:42:19.516 - INFO - ANNOTATION - fix gene: extract symbol from protein name. symbol=lsrF
19:42:19.516 - INFO - ANNOTATION - fix gene: extract symbol from protein name. symbol=rpiA
19:42:19.516 - INFO - ANNOTATION - fix gene: lowercase first char. new=ulaA, old=UlaA
19:42:19.516 - INFO - ANNOTATION - fix gene: lowercase first char. new=ulaA, old=UlaA
19:42:19.517 - INFO - ANNOTATION - fix gene: lowercase first char. new=sgaB, old=SgaB
19:42:19.517 - INFO - ANNOTATION - fix gene: lowercase first char. new=sgaB, old=SgaB
19:42:19.517 - INFO - ANNOTATION - fix gene: lowercase first char. new=ulaD, old=UlaD
19:42:19.517 - INFO - ANNOTATION - fix gene: lowercase first char. new=ulaD, old=UlaD
19:42:19.517 - INFO - ANNOTATION - fix gene: extract symbol from protein name. symbol=deoR
19:42:19.517 - INFO - ANNOTATION - fix gene: extract symbol from protein name. symbol=yidA
19:42:19.517 - INFO - ANNOTATION - fix gene: lowercase first char. new=araD, old=AraD
19:42:19.517 - INFO - ANNOTATION - fix gene: lowercase first char. new=araD, old=AraD
19:42:19.517 - INFO - ANNOTATION - fix gene: lowercase first char. new=fabG, old=FabG
19:42:19.517 - INFO - ANNOTATION - fix gene: lowercase first char. new=fabG, old=FabG
19:42:19.517 - INFO - ANNOTATION - fix gene: extract symbol from protein name. symbol=gutM
19:42:19.517 - INFO - ANNOTATION - fix gene: lowercase first char. new=srlA, old=SrlA
19:42:19.517 - INFO - ANNOTATION - fix gene: lowercase first char. new=srlA, old=SrlA
19:42:19.517 - INFO - ANNOTATION - fix gene: lowercase first char. new=srlE, old=SrlE
19:42:19.517 - INFO - ANNOTATION - fix gene: lowercase first char. new=srlE, old=SrlE
19:42:19.518 - INFO - ANNOTATION - fix gene: extract symbol from protein name. symbol=dgaE
19:42:19.518 - INFO - ANNOTATION - fix gene: lowercase first char. new=selA, old=SelA
19:42:19.518 - INFO - ANNOTATION - fix gene: lowercase first char. new=selA, old=SelA
19:42:19.518 - INFO - ANNOTATION - fix gene: extract symbol from protein name. symbol=kpsF
19:42:19.518 - INFO - ANNOTATION - fix gene: extract symbol from protein name. symbol=pdxA
19:42:19.518 - INFO - ANNOTATION - fix gene: extract symbol from protein name. symbol=bglG
19:42:19.518 - INFO - ANNOTATION - marked as hypothetical: seq=contig_1, start=463142, stop=463579, strand=+
19:42:19.518 - INFO - ANNOTATION - fix gene: extract symbol from protein name. symbol=bglG
19:42:19.519 - INFO - ANNOTATION - fix gene: extract symbol from protein name. symbol=rpiR
19:42:19.519 - INFO - ANNOTATION - marked as hypothetical: seq=contig_1, start=485165, stop=485365, strand=+
19:42:19.519 - INFO - ANNOTATION - fix gene: lowercase first char. new=ptsG2, old=PtsG2
19:42:19.519 - INFO - ANNOTATION - fix gene: lowercase first char. new=ptsG2, old=PtsG2
19:42:19.519 - INFO - ANNOTATION - fix gene: lowercase first char. new=celF, old=CelF
19:42:19.519 - INFO - ANNOTATION - fix gene: lowercase first char. new=celF, old=CelF
19:42:19.519 - INFO - ANNOTATION - fix gene: extract symbol from protein name. symbol=ompR
19:42:19.519 - INFO - ANNOTATION - fix gene: extract symbol from protein name. symbol=ykoT
19:42:19.519 - INFO - ANNOTATION - fix gene: extract symbol from protein name. symbol=rpiA
19:42:19.520 - INFO - ANNOTATION - marked as hypothetical: seq=contig_1, start=501117, stop=501869, strand=-
19:42:19.520 - INFO - ANNOTATION - fix gene: extract symbol from protein name. symbol=glcR
19:42:19.520 - INFO - ANNOTATION - marked as hypothetical: seq=contig_1, start=509050, stop=509310, strand=+
19:42:19.520 - INFO - ANNOTATION - fix gene: lowercase first char. new=manZ, old=ManZ
19:42:19.520 - INFO - ANNOTATION - fix gene: lowercase first char. new=manZ, old=ManZ
19:42:19.520 - INFO - ANNOTATION - fix gene: lowercase first char. new=manY, old=ManY
19:42:19.520 - INFO - ANNOTATION - fix gene: lowercase first char. new=manY, old=ManY
19:42:19.520 - INFO - ANNOTATION - fix gene: extract symbol from protein name. symbol=gntR
19:42:19.520 - INFO - ANNOTATION - fix gene: extract symbol from protein name. symbol=glpK
19:42:19.520 - INFO - ANNOTATION - fix gene: lowercase first char. new=rpiR, old=RpiR
19:42:19.520 - INFO - ANNOTATION - fix gene: lowercase first char. new=rpiR, old=RpiR
19:42:19.521 - INFO - ANNOTATION - fix gene: lowercase first char. new=ptsN, old=PtsN
19:42:19.521 - INFO - ANNOTATION - fix gene: lowercase first char. new=ptsN, old=PtsN
19:42:19.521 - INFO - ANNOTATION - marked as hypothetical: seq=contig_1, start=531745, stop=532218, strand=+
19:42:19.521 - INFO - ANNOTATION - fix product: replace putative synonyms. new=Uncharacterized membrane protein, putative Na+ channel or pump, old=Uncharacterized membrane protein, possible Na+ channel or pump
19:42:19.521 - INFO - INSDC - fix product: replace putative synonyms. new=putative membrane protein, putative Na+ channel or pump, old=Uncharacterized membrane protein, putative Na+ channel or pump
19:42:19.521 - INFO - ANNOTATION - fix gene: extract symbol from protein name. symbol=recA
19:42:19.521 - INFO - ANNOTATION - fix gene: lowercase first char. new=lysR, old=LysR
19:42:19.521 - INFO - ANNOTATION - fix gene: lowercase first char. new=lysR, old=LysR
19:42:19.521 - INFO - ANNOTATION - fix gene: lowercase first char. new=rnhA, old=RnhA
19:42:19.521 - INFO - ANNOTATION - fix gene: lowercase first char. new=rnhA, old=RnhA
19:42:19.521 - INFO - ANNOTATION - fix gene: lowercase first char. new=phoE, old=PhoE
19:42:19.521 - INFO - ANNOTATION - fix gene: lowercase first char. new=phoE, old=PhoE
19:42:19.521 - INFO - ANNOTATION - fix gene: extract symbol from protein name. symbol=cdiI
19:42:19.521 - INFO - ANNOTATION - fix gene: extract symbol from protein name. symbol=uvrA
19:42:19.521 - INFO - ANNOTATION - fix product: replace putative synonyms. new=putative HD superfamily hydrolase, old=Predicted HD superfamily hydrolase
19:42:19.521 - INFO - ANNOTATION - fix product: replace putative synonyms. new=putative metal-dependent membrane protease, old=Predicted metal-dependent membrane protease
19:42:19.522 - INFO - ANNOTATION - fix gene: extract symbol from protein name. symbol=helD
19:42:19.522 - INFO - ANNOTATION - fix gene: lowercase first char. new=opuBA, old=OpuBA
19:42:19.522 - INFO - ANNOTATION - fix gene: lowercase first char. new=opuBA, old=OpuBA
19:42:19.522 - INFO - ANNOTATION - fix gene: lowercase first char. new=lpd, old=Lpd
19:42:19.522 - INFO - ANNOTATION - fix gene: lowercase first char. new=lpd, old=Lpd
19:42:19.522 - INFO - ANNOTATION - fix gene: extract symbol from protein name. symbol=lemA
19:42:19.522 - INFO - ANNOTATION - fix gene: lowercase first char. new=lemA, old=LemA
19:42:19.522 - INFO - ANNOTATION - fix gene: lowercase first char. new=lemA, old=LemA
19:42:19.522 - INFO - ANNOTATION - fix gene: lowercase first char. new=norM, old=NorM
19:42:19.522 - INFO - ANNOTATION - fix gene: lowercase first char. new=norM, old=NorM
19:42:19.522 - INFO - ANNOTATION - fix gene: lowercase first char. new=ydhF, old=YdhF
19:42:19.522 - INFO - ANNOTATION - fix gene: lowercase first char. new=ydhF, old=YdhF
19:42:19.522 - INFO - ANNOTATION - fix gene: lowercase first char. new=gppA, old=GppA
19:42:19.522 - INFO - ANNOTATION - fix gene: lowercase first char. new=gppA, old=GppA
19:42:19.522 - INFO - ANNOTATION - fix gene: lowercase first char. new=ppk, old=Ppk
19:42:19.522 - INFO - ANNOTATION - fix gene: lowercase first char. new=ppk, old=Ppk
19:42:19.522 - INFO - ANNOTATION - fix gene: lowercase first char. new=ypuA, old=YpuA
19:42:19.522 - INFO - ANNOTATION - fix gene: lowercase first char. new=ypuA, old=YpuA
19:42:19.522 - INFO - ANNOTATION - marked as hypothetical: seq=contig_1, start=571657, stop=571935, strand=+
19:42:19.523 - INFO - ANNOTATION - marked as hypothetical: seq=contig_1, start=572585, stop=572707, strand=-
19:42:19.523 - INFO - ANNOTATION - fix gene: extract symbol from protein name. symbol=dltX
19:42:19.523 - INFO - ANNOTATION - fix product: replace putative synonyms. new=putative integral membrane protein, old=Predicted integral membrane protein
19:42:19.523 - INFO - ANNOTATION - fix gene: lowercase first char. new=mdh, old=Mdh
19:42:19.523 - INFO - ANNOTATION - fix gene: lowercase first char. new=mdh, old=Mdh
19:42:19.523 - INFO - ANNOTATION - fix gene: extract symbol from protein name. symbol=msbA
19:42:19.523 - INFO - ANNOTATION - fix gene: extract symbol from protein name. symbol=ndvA
19:42:19.523 - INFO - ANNOTATION - fix gene: extract symbol from protein name. symbol=dcuS
19:42:19.523 - INFO - ANNOTATION - fix gene: lowercase first char. new=lacD, old=LacD
19:42:19.523 - INFO - ANNOTATION - fix gene: lowercase first char. new=lacD, old=LacD
19:42:19.523 - INFO - ANNOTATION - fix gene: extract symbol from protein name. symbol=ycfH
19:42:19.523 - INFO - ANNOTATION - fix gene: extract symbol from protein name. symbol=rsmA
19:42:19.523 - INFO - ANNOTATION - fix gene: lowercase first char. new=czcD, old=CzcD
19:42:19.523 - INFO - ANNOTATION - fix gene: lowercase first char. new=czcD, old=CzcD
19:42:19.524 - INFO - ANNOTATION - fix gene: extract symbol from protein name. symbol=fetB
19:42:19.524 - INFO - INSDC - fix product: replace putative synonyms. new=ABC-type putative transport system, ATPase component, old=ABC-type uncharacterized transport system, ATPase component
19:42:19.524 - INFO - ANNOTATION - fix gene: extract symbol from protein name. symbol=glmU
19:42:19.524 - INFO - ANNOTATION - fix gene: lowercase first char. new=prsA, old=PrsA
19:42:19.524 - INFO - ANNOTATION - fix gene: lowercase first char. new=prsA, old=PrsA
19:42:19.524 - INFO - ANNOTATION - fix gene: extract symbol from protein name. symbol=mscL
19:42:19.524 - INFO - ANNOTATION - fix gene: lowercase first char. new=yjhB, old=YjhB
19:42:19.524 - INFO - ANNOTATION - fix gene: lowercase first char. new=yjhB, old=YjhB
19:42:19.524 - INFO - ANNOTATION - fix gene: lowercase first char. new=ydhJ, old=YdhJ
19:42:19.524 - INFO - ANNOTATION - fix gene: lowercase first char. new=ydhJ, old=YdhJ
19:42:19.524 - INFO - ANNOTATION - fix gene: lowercase first char. new=ywiB, old=YwiB
19:42:19.524 - INFO - ANNOTATION - fix gene: lowercase first char. new=ywiB, old=YwiB
19:42:19.524 - INFO - ANNOTATION - fix gene: lowercase first char. new=pyrG, old=PyrG
19:42:19.524 - INFO - ANNOTATION - fix gene: lowercase first char. new=pyrG, old=PyrG
19:42:19.524 - INFO - ANNOTATION - fix gene: lowercase first char. new=murA, old=MurA
19:42:19.524 - INFO - ANNOTATION - fix gene: lowercase first char. new=murA, old=MurA
19:42:19.525 - INFO - ANNOTATION - fix gene: extract symbol from protein name. symbol=cshA
19:42:19.525 - INFO - ANNOTATION - fix gene: lowercase first char. new=srmB, old=SrmB
19:42:19.525 - INFO - ANNOTATION - fix gene: lowercase first char. new=srmB, old=SrmB
19:42:19.525 - INFO - ANNOTATION - fix gene: extract symbol from protein name. symbol=ydcD
19:42:19.525 - INFO - ANNOTATION - fix gene: lowercase first char. new=mazF, old=MazF
19:42:19.525 - INFO - ANNOTATION - fix gene: lowercase first char. new=mazF, old=MazF
19:42:19.525 - INFO - ANNOTATION - fix gene: extract symbol from protein name. symbol=queT
19:42:19.525 - INFO - ANNOTATION - fix gene: extract symbol from protein name. symbol=cbpA
19:42:19.525 - INFO - ANNOTATION - fix gene: extract symbol from protein name. symbol=ytgP
19:42:19.525 - INFO - ANNOTATION - fix gene: lowercase first char. new=hslR, old=HslR
19:42:19.525 - INFO - ANNOTATION - fix gene: lowercase first char. new=hslR, old=HslR
19:42:19.525 - INFO - ANNOTATION - fix gene: lowercase first char. new=yabR, old=YabR
19:42:19.525 - INFO - ANNOTATION - fix gene: lowercase first char. new=yabR, old=YabR
19:42:19.526 - INFO - ANNOTATION - fix gene: extract symbol from protein name. symbol=ftsH
19:42:19.526 - INFO - ANNOTATION - fix gene: extract symbol from protein name. symbol=hslO
19:42:19.526 - INFO - ANNOTATION - fix gene: extract symbol from protein name. symbol=dusB
19:42:19.526 - INFO - ANNOTATION - marked as hypothetical: seq=contig_2, start=4380, stop=4673, strand=+
19:42:19.526 - INFO - ANNOTATION - fix gene: lowercase first char. new=acoB, old=AcoB
19:42:19.526 - INFO - ANNOTATION - fix gene: lowercase first char. new=acoB, old=AcoB
19:42:19.526 - INFO - INSDC - fix product: replace putative synonyms. new=putative protein family (UPF0223), old=Uncharacterised protein family (UPF0223)
19:42:19.526 - INFO - ANNOTATION - fix gene: extract symbol from protein name. symbol=typA
19:42:19.526 - INFO - ANNOTATION - fix product: replace putative synonyms. new=putative peptidoglycan glycosyltransferase FtsW, old=Probable peptidoglycan glycosyltransferase FtsW
19:42:19.526 - INFO - ANNOTATION - fix gene: extract symbol from protein name. symbol=ftsW
19:42:19.526 - INFO - ANNOTATION - fix gene: lowercase first char. new=pycA, old=PycA
19:42:19.526 - INFO - ANNOTATION - fix gene: lowercase first char. new=pycA, old=PycA
19:42:19.527 - INFO - ANNOTATION - fix gene: extract symbol from protein name. symbol=rsmD
19:42:19.527 - INFO - ANNOTATION - fix gene: extract symbol from protein name. symbol=sepM
19:42:19.527 - INFO - ANNOTATION - fix gene: extract symbol from protein name. symbol=comE
19:42:19.527 - INFO - ANNOTATION - marked as hypothetical: seq=contig_2, start=29019, stop=29714, strand=+
19:42:19.527 - INFO - ANNOTATION - fix gene: lowercase first char. new=rnjA, old=RnjA
19:42:19.527 - INFO - ANNOTATION - fix gene: lowercase first char. new=rnjA, old=RnjA
19:42:19.527 - INFO - ANNOTATION - fix gene: extract symbol from protein name. symbol=clpX
19:42:19.527 - INFO - ANNOTATION - fix gene: extract symbol from protein name. symbol=mazG
19:42:19.527 - INFO - ANNOTATION - fix gene: lowercase first char. new=hisJ, old=HisJ
19:42:19.527 - INFO - ANNOTATION - fix gene: lowercase first char. new=hisJ, old=HisJ
19:42:19.527 - INFO - ANNOTATION - fix gene: lowercase first char. new=glnQ, old=GlnQ
19:42:19.527 - INFO - ANNOTATION - fix gene: lowercase first char. new=glnQ, old=GlnQ
19:42:19.527 - INFO - ANNOTATION - fix gene: extract symbol from protein name. symbol=uvrC
19:42:19.527 - INFO - ANNOTATION - fix gene: lowercase first char. new=ptsN, old=PtsN
19:42:19.528 - INFO - ANNOTATION - fix gene: lowercase first char. new=ptsN, old=PtsN
19:42:19.528 - INFO - ANNOTATION - fix gene: extract symbol from protein name. symbol=deoR
19:42:19.528 - INFO - ANNOTATION - fix gene: extract symbol from protein name. symbol=obgE
19:42:19.528 - INFO - ANNOTATION - fix gene: extract symbol from protein name. symbol=oatA
19:42:19.528 - INFO - INSDC - fix product: replace putative synonyms. new=putative integral membrane protein, old=Uncharacterized integral membrane protein
19:42:19.528 - INFO - ANNOTATION - fix gene: extract symbol from protein name. symbol=clpB
19:42:19.528 - INFO - ANNOTATION - fix product: revise DUF. new=DUF2929 domain-containing protein, old=DUF2929 family protein
19:42:19.528 - INFO - ANNOTATION - fix gene: extract symbol from protein name. symbol=xerD
19:42:19.529 - INFO - ANNOTATION - fix gene: lowercase first char. new=scpA, old=ScpA
19:42:19.529 - INFO - ANNOTATION - fix gene: lowercase first char. new=scpA, old=ScpA
19:42:19.529 - INFO - ANNOTATION - fix gene: extract symbol from protein name. symbol=scpB
19:42:19.529 - INFO - ANNOTATION - fix gene: lowercase first char. new=fmnP, old=FmnP
19:42:19.529 - INFO - ANNOTATION - fix gene: lowercase first char. new=fmnP, old=FmnP
19:42:19.529 - INFO - ANNOTATION - fix gene: extract symbol from protein name. symbol=recQ
19:42:19.529 - INFO - ANNOTATION - fix gene: lowercase first char. new=hupA, old=HupA
19:42:19.529 - INFO - ANNOTATION - fix gene: lowercase first char. new=hupA, old=HupA
19:42:19.529 - INFO - ANNOTATION - fix gene: lowercase first char. new=bepA, old=BepA
19:42:19.529 - INFO - ANNOTATION - fix gene: lowercase first char. new=bepA, old=BepA
19:42:19.529 - INFO - ANNOTATION - fix gene: lowercase first char. new=yitT, old=YitT
19:42:19.529 - INFO - ANNOTATION - fix gene: lowercase first char. new=yitT, old=YitT
19:42:19.529 - INFO - ANNOTATION - fix product: replace putative synonyms. new=putative membrane protein, hemolysin III related protein, old=Predicted membrane protein, hemolysin III related protein
19:42:19.530 - INFO - ANNOTATION - fix gene: extract symbol from protein name. symbol=degV
19:42:19.530 - INFO - ANNOTATION - fix product: revise DUF. new=DUF2140 domain-containing protein, old=DUF2140 family protein
19:42:19.530 - INFO - ANNOTATION - fix gene: extract symbol from protein name. symbol=msrA
19:42:19.530 - INFO - ANNOTATION - fix gene: lowercase first char. new=msrA, old=MsrA
19:42:19.530 - INFO - ANNOTATION - fix gene: lowercase first char. new=msrA, old=MsrA
19:42:19.530 - INFO - ANNOTATION - fix gene: lowercase first char. new=yozE, old=YozE
19:42:19.530 - INFO - ANNOTATION - fix gene: lowercase first char. new=yozE, old=YozE
19:42:19.530 - INFO - ANNOTATION - fix gene: extract symbol from protein name. symbol=ctpA
19:42:19.530 - INFO - ANNOTATION - fix gene: extract symbol from protein name. symbol=ylqF
19:42:19.530 - INFO - ANNOTATION - fix gene: extract symbol from protein name. symbol=dprA
19:42:19.530 - INFO - ANNOTATION - fix gene: extract symbol from protein name. symbol=xerC
19:42:19.530 - INFO - ANNOTATION - fix gene: extract symbol from protein name. symbol=hslV
19:42:19.530 - INFO - ANNOTATION - fix gene: extract symbol from protein name. symbol=hslU
19:42:19.530 - INFO - ANNOTATION - fix gene: lowercase first char. new=galM, old=GalM
19:42:19.530 - INFO - ANNOTATION - fix gene: lowercase first char. new=galM, old=GalM
19:42:19.530 - INFO - ANNOTATION - fix gene: extract symbol from protein name. symbol=plsY
19:42:19.531 - INFO - ANNOTATION - fix gene: lowercase first char. new=pPX1, old=PPX1
19:42:19.531 - INFO - ANNOTATION - fix gene: lowercase first char. new=pPX1, old=PPX1
19:42:19.531 - INFO - ANNOTATION - fix gene: extract symbol from protein name. symbol=xerS
19:42:19.531 - INFO - ANNOTATION - fix gene: lowercase first char. new=lolD, old=LolD
19:42:19.531 - INFO - ANNOTATION - fix gene: lowercase first char. new=lolD, old=LolD
19:42:19.531 - INFO - ANNOTATION - fix gene: extract symbol from protein name. symbol=ompR
19:42:19.531 - INFO - ANNOTATION - fix gene: extract symbol from protein name. symbol=hisF
19:42:19.531 - INFO - ANNOTATION - fix gene: extract symbol from protein name. symbol=hisH
19:42:19.531 - INFO - ANNOTATION - fix gene: extract symbol from protein name. symbol=hisB
19:42:19.532 - INFO - ANNOTATION - fix gene: extract symbol from protein name. symbol=degV
19:42:19.532 - INFO - ANNOTATION - fix gene: lowercase first char. new=degV, old=DegV
19:42:19.532 - INFO - ANNOTATION - fix gene: lowercase first char. new=degV, old=DegV
19:42:19.532 - INFO - ANNOTATION - fix product: replace Homolog. new=Rqc2-like protein RqcH, old=Rqc2 homolog RqcH
19:42:19.532 - INFO - ANNOTATION - fix gene: extract symbol from protein name. symbol=rqcH
19:42:19.532 - INFO - ANNOTATION - fix gene: lowercase first char. new=rqcH, old=RqcH
19:42:19.532 - INFO - ANNOTATION - fix gene: lowercase first char. new=rqcH, old=RqcH
19:42:19.532 - INFO - ANNOTATION - fix gene: lowercase first char. new=pyrE, old=PyrE
19:42:19.532 - INFO - ANNOTATION - fix gene: lowercase first char. new=pyrE, old=PyrE
19:42:19.532 - INFO - ANNOTATION - fix gene: lowercase first char. new=carA, old=CarA
19:42:19.532 - INFO - ANNOTATION - fix gene: lowercase first char. new=carA, old=CarA
19:42:19.532 - INFO - ANNOTATION - fix gene: lowercase first char. new=uraA, old=UraA
19:42:19.532 - INFO - ANNOTATION - fix gene: lowercase first char. new=uraA, old=UraA
19:42:19.533 - INFO - ANNOTATION - fix gene: extract symbol from protein name. symbol=pyrR
19:42:19.533 - INFO - ANNOTATION - fix product: replace separator periods. new=14-7 kDa ribonuclease H-like protein, old=14.7 kDa ribonuclease H-like protein
19:42:19.533 - INFO - ANNOTATION - fix gene: extract symbol from protein name. symbol=nrdH
19:42:19.533 - INFO - ANNOTATION - fix gene: lowercase first char. new=grxC, old=GrxC
19:42:19.533 - INFO - ANNOTATION - fix gene: lowercase first char. new=grxC, old=GrxC
19:42:19.533 - INFO - ANNOTATION - fix gene: lowercase first char. new=lplA, old=LplA
19:42:19.533 - INFO - ANNOTATION - fix gene: lowercase first char. new=lplA, old=LplA
19:42:19.533 - INFO - ANNOTATION - fix gene: lowercase first char. new=rlmL, old=RlmL
19:42:19.533 - INFO - ANNOTATION - fix gene: lowercase first char. new=rlmL, old=RlmL
19:42:19.533 - INFO - ANNOTATION - fix gene: extract symbol from protein name. symbol=gpsB
19:42:19.534 - INFO - ANNOTATION - fix gene: extract symbol from protein name. symbol=recU
19:42:19.534 - INFO - ANNOTATION - fix gene: lowercase first char. new=comEB, old=ComEB
19:42:19.534 - INFO - ANNOTATION - fix gene: lowercase first char. new=comEB, old=ComEB
19:42:19.534 - INFO - ANNOTATION - fix gene: extract symbol from protein name. symbol=dnaD
19:42:19.534 - INFO - ANNOTATION - fix gene: lowercase first char. new=aspB, old=AspB
19:42:19.534 - INFO - ANNOTATION - fix gene: lowercase first char. new=aspB, old=AspB
19:42:19.534 - INFO - ANNOTATION - fix gene: extract symbol from protein name. symbol=dinG
19:42:19.534 - INFO - ANNOTATION - fix gene: extract symbol from protein name. symbol=addA
19:42:19.534 - INFO - ANNOTATION - fix gene: lowercase first char. new=paaD, old=PaaD
19:42:19.534 - INFO - ANNOTATION - fix gene: lowercase first char. new=paaD, old=PaaD
19:42:19.534 - INFO - ANNOTATION - fix gene: lowercase first char. new=pptA, old=PptA
19:42:19.534 - INFO - ANNOTATION - fix gene: lowercase first char. new=pptA, old=PptA
19:42:19.534 - INFO - ANNOTATION - fix gene: lowercase first char. new=nIF3, old=NIF3
19:42:19.534 - INFO - ANNOTATION - fix gene: lowercase first char. new=nIF3, old=NIF3
19:42:19.535 - INFO - ANNOTATION - fix gene: extract symbol from protein name. symbol=rpoD
19:42:19.535 - INFO - ANNOTATION - fix gene: lowercase first char. new=xerD, old=XerD
19:42:19.535 - INFO - ANNOTATION - fix gene: lowercase first char. new=xerD, old=XerD
19:42:19.535 - INFO - ANNOTATION - fix gene: extract symbol from protein name. symbol=safA
19:42:19.535 - INFO - ANNOTATION - fix gene: lowercase first char. new=acm, old=Acm
19:42:19.535 - INFO - ANNOTATION - fix gene: lowercase first char. new=acm, old=Acm
19:42:19.535 - INFO - ANNOTATION - fix product: revise DUF. new=DUF806 domain-containing protein, old=DUF806 family protein
19:42:19.535 - INFO - ANNOTATION - fix gene: lowercase first char. new=beeE, old=BeeE
19:42:19.535 - INFO - ANNOTATION - fix gene: lowercase first char. new=beeE, old=BeeE
19:42:19.535 - INFO - ANNOTATION - fix product: revise DUF. new=DUF1056 domain-containing protein, old=DUF1056 family protein
19:42:19.535 - INFO - ANNOTATION - marked as hypothetical: seq=contig_2, start=242566, stop=243564, strand=-
19:42:19.535 - INFO - ANNOTATION - marked as hypothetical: seq=contig_2, start=243561, stop=243788, strand=-
19:42:19.535 - INFO - ANNOTATION - marked as hypothetical: seq=contig_2, start=243809, stop=244096, strand=-
19:42:19.535 - INFO - ANNOTATION - fix gene: extract symbol from protein name. symbol=yajD
19:42:19.535 - INFO - ANNOTATION - marked as hypothetical: seq=contig_2, start=244989, stop=245813, strand=-
19:42:19.536 - INFO - ANNOTATION - marked as hypothetical: seq=contig_2, start=246827, stop=247972, strand=-
19:42:19.536 - INFO - ANNOTATION - marked as hypothetical: seq=contig_2, start=250250, stop=250561, strand=+
19:42:19.536 - INFO - ANNOTATION - fix gene: extract symbol from protein name. symbol=recO
19:42:19.536 - INFO - ANNOTATION - fix gene: extract symbol from protein name. symbol=ybeY
19:42:19.536 - INFO - ANNOTATION - fix gene: lowercase first char. new=phoH, old=PhoH
19:42:19.536 - INFO - ANNOTATION - fix gene: lowercase first char. new=phoH, old=PhoH
19:42:19.536 - INFO - ANNOTATION - fix gene: lowercase first char. new=ppsR, old=PpsR
19:42:19.536 - INFO - ANNOTATION - fix gene: lowercase first char. new=ppsR, old=PpsR
19:42:19.536 - INFO - ANNOTATION - fix gene: lowercase first char. new=nfo, old=Nfo
19:42:19.536 - INFO - ANNOTATION - fix gene: lowercase first char. new=nfo, old=Nfo
19:42:19.536 - INFO - ANNOTATION - fix gene: lowercase first char. new=yitT, old=YitT
19:42:19.536 - INFO - ANNOTATION - fix gene: lowercase first char. new=yitT, old=YitT
19:42:19.536 - INFO - ANNOTATION - fix gene: extract symbol from protein name. symbol=msrB
19:42:19.537 - INFO - ANNOTATION - fix gene: lowercase first char. new=spoT, old=SpoT
19:42:19.537 - INFO - ANNOTATION - fix gene: lowercase first char. new=spoT, old=SpoT
19:42:19.537 - INFO - ANNOTATION - marked as hypothetical: seq=contig_2, start=276953, stop=277201, strand=+
19:42:19.537 - INFO - ANNOTATION - marked as hypothetical: seq=contig_2, start=278120, stop=278302, strand=-
19:42:19.537 - INFO - ANNOTATION - marked as hypothetical: seq=contig_2, start=298083, stop=298331, strand=+
19:42:19.537 - INFO - ANNOTATION - marked as hypothetical: seq=contig_2, start=298539, stop=298838, strand=+
19:42:19.537 - INFO - ANNOTATION - marked as hypothetical: seq=contig_2, start=301392, stop=302405, strand=-
19:42:19.537 - INFO - ANNOTATION - fix gene: extract symbol from protein name. symbol=recJ
19:42:19.537 - INFO - ANNOTATION - marked as hypothetical: seq=contig_2, start=309270, stop=309503, strand=+
19:42:19.538 - INFO - ANNOTATION - marked as hypothetical: seq=contig_2, start=312591, stop=312782, strand=+
19:42:19.538 - INFO - ANNOTATION - fix gene: extract symbol from protein name. symbol=lagD
19:42:19.538 - INFO - ANNOTATION - fix gene: extract symbol from protein name. symbol=dnaJ
19:42:19.538 - INFO - ANNOTATION - fix gene: extract symbol from protein name. symbol=dnaK
19:42:19.538 - INFO - ANNOTATION - fix gene: extract symbol from protein name. symbol=grpE
19:42:19.538 - INFO - ANNOTATION - fix gene: extract symbol from protein name. symbol=hrcA
19:42:19.538 - INFO - ANNOTATION - fix gene: extract symbol from protein name. symbol=hemW
19:42:19.538 - INFO - ANNOTATION - fix gene: extract symbol from protein name. symbol=ribF
19:42:19.538 - INFO - ANNOTATION - fix gene: extract symbol from protein name. symbol=truB
19:42:19.538 - INFO - ANNOTATION - fix gene: extract symbol from protein name. symbol=ykoY
19:42:19.538 - INFO - ANNOTATION - fix gene: extract symbol from protein name. symbol=rbfA
19:42:19.538 - INFO - ANNOTATION - fix gene: extract symbol from protein name. symbol=rnpM
19:42:19.538 - INFO - ANNOTATION - fix gene: extract symbol from protein name. symbol=nusA
19:42:19.538 - INFO - ANNOTATION - fix gene: lowercase first char. new=nusA, old=NusA
19:42:19.538 - INFO - ANNOTATION - fix gene: lowercase first char. new=nusA, old=NusA
19:42:19.538 - INFO - ANNOTATION - fix gene: extract symbol from protein name. symbol=rimP
19:42:19.539 - INFO - ANNOTATION - fix gene: extract symbol from protein name. symbol=rseP
19:42:19.539 - INFO - ANNOTATION - fix gene: lowercase first char. new=cdsA, old=CdsA
19:42:19.539 - INFO - ANNOTATION - fix gene: lowercase first char. new=cdsA, old=CdsA
19:42:19.539 - INFO - ANNOTATION - fix gene: lowercase first char. new=uppS, old=UppS
19:42:19.539 - INFO - ANNOTATION - fix gene: lowercase first char. new=uppS, old=UppS
19:42:19.539 - INFO - ANNOTATION - marked as hypothetical: seq=contig_2, start=344706, stop=344930, strand=-
19:42:19.539 - INFO - ANNOTATION - fix gene: lowercase first char. new=acm, old=Acm
19:42:19.539 - INFO - ANNOTATION - fix gene: lowercase first char. new=acm, old=Acm
19:42:19.539 - INFO - ANNOTATION - marked as hypothetical: seq=contig_2, start=346290, stop=346499, strand=-
19:42:19.539 - INFO - ANNOTATION - fix gene: extract symbol from protein name. symbol=xkdX
19:42:19.540 - INFO - ANNOTATION - fix gene: extract symbol from protein name. symbol=yajD
19:42:19.540 - INFO - ANNOTATION - marked as hypothetical: seq=contig_2, start=367060, stop=367617, strand=-
19:42:19.540 - INFO - ANNOTATION - marked as hypothetical: seq=contig_2, start=370045, stop=370542, strand=-
19:42:19.540 - INFO - ANNOTATION - fix product: revise DUF. new=DUF6941 domain-containing protein, old=DUF6941 family protein
19:42:19.540 - INFO - ANNOTATION - fix gene: extract symbol from protein name. symbol=yopX
19:42:19.540 - INFO - ANNOTATION - marked as hypothetical: seq=contig_2, start=374460, stop=374738, strand=-
19:42:19.540 - INFO - ANNOTATION - marked as hypothetical: seq=contig_2, start=374809, stop=375294, strand=-
19:42:19.540 - INFO - ANNOTATION - fix gene: extract symbol from protein name. symbol=dnaD
19:42:19.540 - INFO - ANNOTATION - marked as hypothetical: seq=contig_2, start=377229, stop=377327, strand=-
19:42:19.540 - INFO - ANNOTATION - marked as hypothetical: seq=contig_2, start=377372, stop=377917, strand=+
19:42:19.541 - INFO - ANNOTATION - marked as hypothetical: seq=contig_2, start=378096, stop=378188, strand=-
19:42:19.541 - INFO - ANNOTATION - marked as hypothetical: seq=contig_2, start=378855, stop=379034, strand=-
19:42:19.541 - INFO - ANNOTATION - marked as hypothetical: seq=contig_2, start=379901, stop=380362, strand=+
19:42:19.541 - INFO - ANNOTATION - fix gene: lowercase first char. new=potE, old=PotE
19:42:19.542 - INFO - ANNOTATION - fix gene: lowercase first char. new=potE, old=PotE
19:42:19.542 - INFO - ANNOTATION - fix product: replace putative synonyms. new=putative membrane protein, old=Predicted membrane protein
19:42:19.542 - INFO - ANNOTATION - fix gene: extract symbol from protein name. symbol=yheH
19:42:19.542 - INFO - ANNOTATION - fix gene: lowercase first char. new=mdlB, old=MdlB
19:42:19.542 - INFO - ANNOTATION - fix gene: lowercase first char. new=mdlB, old=MdlB
19:42:19.542 - INFO - ANNOTATION - fix gene: extract symbol from protein name. symbol=yheI
19:42:19.542 - INFO - ANNOTATION - fix gene: lowercase first char. new=mdlB, old=MdlB
19:42:19.542 - INFO - ANNOTATION - fix gene: lowercase first char. new=mdlB, old=MdlB
19:42:19.542 - INFO - ANNOTATION - fix gene: lowercase first char. new=yneF, old=YneF
19:42:19.542 - INFO - ANNOTATION - fix gene: lowercase first char. new=yneF, old=YneF
19:42:19.542 - INFO - ANNOTATION - fix gene: lowercase first char. new=ynzC, old=YnzC
19:42:19.542 - INFO - ANNOTATION - fix gene: lowercase first char. new=ynzC, old=YnzC
19:42:19.542 - INFO - ANNOTATION - fix gene: extract symbol from protein name. symbol=trmD
19:42:19.542 - INFO - ANNOTATION - fix gene: extract symbol from protein name. symbol=rimM
19:42:19.542 - INFO - ANNOTATION - fix gene: extract symbol from protein name. symbol=khpA
19:42:19.542 - INFO - ANNOTATION - fix gene: lowercase first char. new=ylxM, old=YlxM
19:42:19.542 - INFO - ANNOTATION - fix gene: lowercase first char. new=ylxM, old=YlxM
19:42:19.542 - INFO - ANNOTATION - fix gene: extract symbol from protein name. symbol=ftsY
19:42:19.543 - INFO - ANNOTATION - fix gene: lowercase first char. new=dppC, old=DppC
19:42:19.543 - INFO - ANNOTATION - fix gene: lowercase first char. new=dppC, old=DppC
19:42:19.543 - INFO - ANNOTATION - fix gene: lowercase first char. new=yejF, old=YejF
19:42:19.543 - INFO - ANNOTATION - fix gene: lowercase first char. new=yejF, old=YejF
19:42:19.543 - INFO - ANNOTATION - fix gene: lowercase first char. new=dppD, old=DppD
19:42:19.543 - INFO - ANNOTATION - fix gene: lowercase first char. new=dppD, old=DppD
19:42:19.543 - INFO - ANNOTATION - fix gene: extract symbol from protein name. symbol=plsX
19:42:19.543 - INFO - ANNOTATION - fix gene: extract symbol from protein name. symbol=recG
19:42:19.543 - INFO - ANNOTATION - fix gene: extract symbol from protein name. symbol=dhaL
19:42:19.543 - INFO - ANNOTATION - fix gene: lowercase first char. new=fakA, old=FakA
19:42:19.543 - INFO - ANNOTATION - fix gene: lowercase first char. new=fakA, old=FakA
19:42:19.543 - INFO - ANNOTATION - fix gene: lowercase first char. new=pTC1, old=PTC1
19:42:19.543 - INFO - ANNOTATION - fix gene: lowercase first char. new=pTC1, old=PTC1
19:42:19.543 - INFO - ANNOTATION - fix gene: extract symbol from protein name. symbol=rsmB
19:42:19.544 - INFO - ANNOTATION - fix product: replace putative synonyms. new=putative esterase of the alpha-beta hydrolase superfamily, old=Predicted esterase of the alpha-beta hydrolase superfamily
19:42:19.544 - INFO - ANNOTATION - marked as hypothetical: seq=contig_2, start=429957, stop=430259, strand=+
19:42:19.544 - INFO - ANNOTATION - marked as hypothetical: seq=contig_2, start=430256, stop=430393, strand=+
19:42:19.544 - INFO - ANNOTATION - fix gene: extract symbol from protein name. symbol=recN
19:42:19.544 - INFO - ANNOTATION - fix gene: lowercase first char. new=argR, old=ArgR
19:42:19.544 - INFO - ANNOTATION - fix gene: lowercase first char. new=argR, old=ArgR
19:42:19.544 - INFO - ANNOTATION - fix gene: extract symbol from protein name. symbol=ftsJ
19:42:19.544 - INFO - ANNOTATION - fix gene: lowercase first char. new=yqxC, old=YqxC
19:42:19.544 - INFO - ANNOTATION - fix gene: lowercase first char. new=yqxC, old=YqxC
19:42:19.544 - INFO - ANNOTATION - fix gene: extract symbol from protein name. symbol=folD
19:42:19.544 - INFO - ANNOTATION - fix gene: extract symbol from protein name. symbol=nusB
19:42:19.544 - INFO - ANNOTATION - fix gene: extract symbol from protein name. symbol=hicB
19:42:19.544 - INFO - ANNOTATION - fix gene: lowercase first char. new=soxR, old=SoxR
19:42:19.544 - INFO - ANNOTATION - fix gene: lowercase first char. new=soxR, old=SoxR
19:42:19.545 - INFO - ANNOTATION - fix gene: lowercase first char. new=ynbB, old=YnbB
19:42:19.545 - INFO - ANNOTATION - fix gene: lowercase first char. new=ynbB, old=YnbB
19:42:19.545 - INFO - ANNOTATION - fix gene: extract symbol from protein name. symbol=miaA
19:42:19.545 - INFO - ANNOTATION - fix product: revise DUF. new=DUF3042 domain-containing protein, old=DUF3042 family protein
19:42:19.545 - INFO - ANNOTATION - fix gene: lowercase first char. new=pspE, old=PspE
19:42:19.545 - INFO - ANNOTATION - fix gene: lowercase first char. new=pspE, old=PspE
19:42:19.545 - INFO - ANNOTATION - fix gene: lowercase first char. new=nagC, old=NagC
19:42:19.545 - INFO - ANNOTATION - fix gene: lowercase first char. new=nagC, old=NagC
19:42:19.545 - INFO - ANNOTATION - fix product: revise DUF. new=DUF910 domain-containing protein, old=DUF910 family protein
19:42:19.545 - INFO - ANNOTATION - fix gene: extract symbol from protein name. symbol=ftsI
19:42:19.545 - INFO - ANNOTATION - fix gene: lowercase first char. new=ftsI, old=FtsI
19:42:19.545 - INFO - ANNOTATION - fix gene: lowercase first char. new=ftsI, old=FtsI
19:42:19.545 - INFO - ANNOTATION - fix gene: extract symbol from protein name. symbol=yfhO
19:42:19.545 - INFO - ANNOTATION - fix gene: lowercase first char. new=yneR, old=YneR
19:42:19.545 - INFO - ANNOTATION - fix gene: lowercase first char. new=yneR, old=YneR
19:42:19.545 - INFO - ANNOTATION - fix gene: extract symbol from protein name. symbol=citB
19:42:19.545 - INFO - ANNOTATION - fix gene: lowercase first char. new=citB, old=CitB
19:42:19.545 - INFO - ANNOTATION - fix gene: lowercase first char. new=citB, old=CitB
19:42:19.545 - INFO - ANNOTATION - fix gene: lowercase first char. new=comP, old=ComP
19:42:19.545 - INFO - ANNOTATION - fix gene: lowercase first char. new=comP, old=ComP
19:42:19.546 - INFO - ANNOTATION - fix gene: extract symbol from protein name. symbol=greA
19:42:19.546 - INFO - ANNOTATION - fix product: replace putative synonyms. new=putative transcriptional regulator, old=Predicted transcriptional regulator
19:42:19.546 - INFO - ANNOTATION - fix gene: lowercase first char. new=hxlR, old=HxlR
19:42:19.546 - INFO - ANNOTATION - fix gene: lowercase first char. new=hxlR, old=HxlR
19:42:19.546 - INFO - ANNOTATION - fix product: replace putative synonyms. new=putative HD superfamily hydrolase, old=Predicted HD superfamily hydrolase
19:42:19.546 - INFO - ANNOTATION - fix gene: lowercase first char. new=rnaY, old=RnaY
19:42:19.546 - INFO - ANNOTATION - fix gene: lowercase first char. new=rnaY, old=RnaY
19:42:19.546 - INFO - ANNOTATION - fix gene: lowercase first char. new=spoU, old=SpoU
19:42:19.546 - INFO - ANNOTATION - fix gene: lowercase first char. new=spoU, old=SpoU
19:42:19.546 - INFO - ANNOTATION - fix gene: extract symbol from protein name. symbol=yidC
19:42:19.546 - INFO - ANNOTATION - fix gene: extract symbol from protein name. symbol=arlS
19:42:19.546 - INFO - ANNOTATION - fix gene: lowercase first char. new=ompR, old=OmpR
19:42:19.546 - INFO - ANNOTATION - fix gene: lowercase first char. new=ompR, old=OmpR
19:42:19.546 - INFO - ANNOTATION - fix gene: lowercase first char. new=yceD, old=YceD
19:42:19.546 - INFO - ANNOTATION - fix gene: lowercase first char. new=yceD, old=YceD
19:42:19.546 - INFO - ANNOTATION - marked as hypothetical: seq=contig_2, start=478547, stop=478801, strand=+
19:42:19.546 - INFO - ANNOTATION - fix gene: extract symbol from protein name. symbol=yqeK
19:42:19.546 - INFO - ANNOTATION - fix gene: lowercase first char. new=nadD, old=NadD
19:42:19.546 - INFO - ANNOTATION - fix gene: lowercase first char. new=nadD, old=NadD
19:42:19.547 - INFO - ANNOTATION - fix gene: extract symbol from protein name. symbol=yhbY
19:42:19.547 - INFO - ANNOTATION - fix gene: extract symbol from protein name. symbol=yqeH
19:42:19.547 - INFO - ANNOTATION - fix gene: extract symbol from protein name. symbol=yqeG
19:42:19.547 - INFO - ANNOTATION - fix gene: lowercase first char. new=catE, old=CatE
19:42:19.547 - INFO - ANNOTATION - fix gene: lowercase first char. new=catE, old=CatE
19:42:19.547 - INFO - ANNOTATION - fix gene: lowercase first char. new=ypfH, old=YpfH
19:42:19.547 - INFO - ANNOTATION - fix gene: lowercase first char. new=ypfH, old=YpfH
19:42:19.547 - INFO - ANNOTATION - fix gene: extract symbol from protein name. symbol=sseB
19:42:19.547 - INFO - ANNOTATION - marked as hypothetical: seq=contig_2, start=494347, stop=494778, strand=-
19:42:19.547 - INFO - ANNOTATION - fix gene: extract symbol from protein name. symbol=dnaI
19:42:19.547 - INFO - ANNOTATION - fix gene: extract symbol from protein name. symbol=dnaB
19:42:19.547 - INFO - ANNOTATION - fix gene: extract symbol from protein name. symbol=nrdR
19:42:19.548 - INFO - ANNOTATION - fix gene: extract symbol from protein name. symbol=ftsH
19:42:19.548 - INFO - ANNOTATION - fix gene: extract symbol from protein name. symbol=ftsK
19:42:19.548 - INFO - ANNOTATION - fix gene: extract symbol from protein name. symbol=ytpR
19:42:19.548 - INFO - ANNOTATION - fix gene: lowercase first char. new=trxA, old=TrxA
19:42:19.548 - INFO - ANNOTATION - fix gene: lowercase first char. new=trxA, old=TrxA
19:42:19.548 - INFO - ANNOTATION - fix gene: extract symbol from protein name. symbol=trmB
19:42:19.548 - INFO - ANNOTATION - marked as hypothetical: seq=contig_2, start=510081, stop=510179, strand=-
19:42:19.548 - INFO - ANNOTATION - fix product: replace putative synonyms. new=putative ABC-type exoprotein transport system, permease component, old=Predicted ABC-type exoprotein transport system, permease component
19:42:19.548 - INFO - ANNOTATION - fix gene: lowercase first char. new=hinT, old=HinT
19:42:19.548 - INFO - ANNOTATION - fix gene: lowercase first char. new=hinT, old=HinT
19:42:19.548 - INFO - ANNOTATION - fix gene: extract symbol from protein name. symbol=prsA
19:42:19.548 - INFO - ANNOTATION - fix gene: lowercase first char. new=surA, old=SurA
19:42:19.548 - INFO - ANNOTATION - fix gene: lowercase first char. new=surA, old=SurA
19:42:19.548 - INFO - ANNOTATION - fix gene: extract symbol from protein name. symbol=yhaM
19:42:19.548 - INFO - ANNOTATION - fix gene: lowercase first char. new=yhaM, old=YhaM
19:42:19.548 - INFO - ANNOTATION - fix gene: lowercase first char. new=yhaM, old=YhaM
19:42:19.549 - INFO - ANNOTATION - fix gene: extract symbol from protein name. symbol=lacI
19:42:19.549 - INFO - ANNOTATION - fix gene: lowercase first char. new=cfa, old=Cfa
19:42:19.549 - INFO - ANNOTATION - fix gene: lowercase first char. new=cfa, old=Cfa
19:42:19.549 - INFO - ANNOTATION - fix gene: extract symbol from protein name. symbol=fabZ
19:42:19.549 - INFO - ANNOTATION - fix gene: lowercase first char. new=fabG, old=FabG
19:42:19.549 - INFO - ANNOTATION - fix gene: lowercase first char. new=fabG, old=FabG
19:42:19.549 - INFO - ANNOTATION - fix gene: lowercase first char. new=yrpB, old=YrpB
19:42:19.549 - INFO - ANNOTATION - fix gene: lowercase first char. new=yrpB, old=YrpB
19:42:19.549 - INFO - ANNOTATION - fix gene: extract symbol from protein name. symbol=marR
19:42:19.549 - INFO - ANNOTATION - fix gene: lowercase first char. new=marR, old=MarR
19:42:19.549 - INFO - ANNOTATION - fix gene: lowercase first char. new=marR, old=MarR
19:42:19.549 - INFO - ANNOTATION - fix gene: extract symbol from protein name. symbol=fabZ
19:42:19.549 - INFO - ANNOTATION - fix product: revise DUF. new=DUF2316 domain-containing protein, old=DUF2316 family protein
19:42:19.550 - INFO - ANNOTATION - fix gene: lowercase first char. new=gpmA, old=GpmA
19:42:19.550 - INFO - ANNOTATION - fix gene: lowercase first char. new=gpmA, old=GpmA
19:42:19.550 - INFO - ANNOTATION - fix gene: lowercase first char. new=perM, old=PerM
19:42:19.550 - INFO - ANNOTATION - fix gene: lowercase first char. new=perM, old=PerM
19:42:19.550 - INFO - ANNOTATION - fix gene: extract symbol from protein name. symbol=bmrU
19:42:19.550 - INFO - ANNOTATION - fix gene: lowercase first char. new=proW, old=ProW
19:42:19.550 - INFO - ANNOTATION - fix gene: lowercase first char. new=proW, old=ProW
19:42:19.550 - INFO - ANNOTATION - fix gene: lowercase first char. new=proV, old=ProV
19:42:19.550 - INFO - ANNOTATION - fix gene: lowercase first char. new=proV, old=ProV
19:42:19.550 - INFO - ANNOTATION - fix gene: extract symbol from protein name. symbol=sfsA
19:42:19.550 - INFO - ANNOTATION - fix gene: extract symbol from protein name. symbol=uspA
19:42:19.550 - INFO - ANNOTATION - fix gene: lowercase first char. new=uspA, old=UspA
19:42:19.550 - INFO - ANNOTATION - fix gene: lowercase first char. new=uspA, old=UspA
19:42:19.550 - INFO - ANNOTATION - fix gene: lowercase first char. new=yqiK, old=YqiK
19:42:19.551 - INFO - ANNOTATION - fix gene: lowercase first char. new=yqiK, old=YqiK
19:42:19.551 - INFO - ANNOTATION - fix gene: lowercase first char. new=aspB, old=AspB
19:42:19.551 - INFO - ANNOTATION - fix gene: lowercase first char. new=aspB, old=AspB
19:42:19.551 - INFO - ANNOTATION - fix gene: lowercase first char. new=menA, old=MenA
19:42:19.551 - INFO - ANNOTATION - fix gene: lowercase first char. new=menA, old=MenA
19:42:19.551 - INFO - INSDC - fix product: replace putative synonyms. new=ABC-type putative transport system, ATPase component, old=ABC-type uncharacterized transport system, ATPase component
19:42:19.551 - INFO - ANNOTATION - fix gene: extract symbol from protein name. symbol=gntR
19:42:19.551 - INFO - ANNOTATION - fix gene: extract symbol from protein name. symbol=tdcB
19:42:19.551 - INFO - ANNOTATION - fix gene: extract symbol from protein name. symbol=tetR
19:42:19.551 - INFO - ANNOTATION - fix gene: extract symbol from protein name. symbol=bglH
19:42:19.552 - INFO - ANNOTATION - fix gene: extract symbol from protein name. symbol=bglG
19:42:19.552 - INFO - ANNOTATION - fix gene: extract symbol from protein name. symbol=nusG
19:42:19.552 - INFO - ANNOTATION - marked as hypothetical: seq=contig_3, start=109156, stop=109950, strand=-
19:42:19.552 - INFO - ANNOTATION - fix gene: extract symbol from protein name. symbol=yxeA
19:42:19.552 - INFO - ANNOTATION - fix gene: extract symbol from protein name. symbol=cydC
19:42:19.552 - INFO - ANNOTATION - fix gene: extract symbol from protein name. symbol=cydD
19:42:19.552 - INFO - ANNOTATION - fix gene: lowercase first char. new=appC, old=AppC
19:42:19.552 - INFO - ANNOTATION - fix gene: lowercase first char. new=appC, old=AppC
19:42:19.552 - INFO - ANNOTATION - marked as hypothetical: seq=contig_3, start=118113, stop=118256, strand=-
19:42:19.552 - INFO - ANNOTATION - marked as hypothetical: seq=contig_3, start=122278, stop=122451, strand=+
19:42:19.552 - INFO - ANNOTATION - fix gene: lowercase first char. new=uspA, old=UspA
19:42:19.553 - INFO - ANNOTATION - fix gene: lowercase first char. new=uspA, old=UspA
19:42:19.553 - INFO - ANNOTATION - fix gene: extract symbol from protein name. symbol=queG
19:42:19.553 - INFO - ANNOTATION - marked as hypothetical: seq=contig_3, start=128034, stop=128399, strand=+
19:42:19.553 - INFO - ANNOTATION - fix gene: lowercase first char. new=bioY, old=BioY
19:42:19.553 - INFO - ANNOTATION - fix gene: lowercase first char. new=bioY, old=BioY
19:42:19.553 - INFO - ANNOTATION - fix gene: extract symbol from protein name. symbol=merR
19:42:19.553 - INFO - ANNOTATION - marked as hypothetical: seq=contig_3, start=130066, stop=130248, strand=-
19:42:19.553 - INFO - ANNOTATION - fix gene: lowercase first char. new=mpfA, old=MpfA
19:42:19.553 - INFO - ANNOTATION - fix gene: lowercase first char. new=mpfA, old=MpfA
19:42:19.553 - INFO - ANNOTATION - fix gene: lowercase first char. new=araJ, old=AraJ
19:42:19.553 - INFO - ANNOTATION - fix gene: lowercase first char. new=araJ, old=AraJ
19:42:19.553 - INFO - ANNOTATION - fix gene: extract symbol from protein name. symbol=mutL
19:42:19.553 - INFO - ANNOTATION - fix gene: extract symbol from protein name. symbol=mutS
19:42:19.553 - INFO - ANNOTATION - fix gene: lowercase first char. new=potE, old=PotE
19:42:19.553 - INFO - ANNOTATION - fix gene: lowercase first char. new=potE, old=PotE
19:42:19.553 - INFO - ANNOTATION - fix product: revise DUF. new=DUF1827 domain-containing protein, old=DUF1827 family protein
19:42:19.554 - INFO - ANNOTATION - fix gene: lowercase first char. new=cps2a, old=Cps2a
19:42:19.554 - INFO - ANNOTATION - fix gene: lowercase first char. new=cps2a, old=Cps2a
19:42:19.554 - INFO - ANNOTATION - fix gene: extract symbol from protein name. symbol=gntR
19:42:19.554 - INFO - ANNOTATION - fix gene: lowercase first char. new=rex, old=Rex
19:42:19.554 - INFO - ANNOTATION - fix gene: lowercase first char. new=rex, old=Rex
19:42:19.554 - INFO - ANNOTATION - fix gene: extract symbol from protein name. symbol=tsaD
19:42:19.554 - INFO - ANNOTATION - fix gene: extract symbol from protein name. symbol=tsaB
19:42:19.554 - INFO - ANNOTATION - fix gene: extract symbol from protein name. symbol=folT
19:42:19.554 - INFO - ANNOTATION - fix gene: lowercase first char. new=ansA, old=AnsA
19:42:19.554 - INFO - ANNOTATION - fix gene: lowercase first char. new=ansA, old=AnsA
19:42:19.554 - INFO - ANNOTATION - fix gene: extract symbol from protein name. symbol=yabA
19:42:19.554 - INFO - ANNOTATION - fix gene: lowercase first char. new=yabA, old=YabA
19:42:19.554 - INFO - ANNOTATION - fix gene: lowercase first char. new=yabA, old=YabA
19:42:19.554 - INFO - ANNOTATION - fix gene: lowercase first char. new=darA, old=DarA
19:42:19.554 - INFO - ANNOTATION - fix gene: lowercase first char. new=darA, old=DarA
19:42:19.554 - INFO - ANNOTATION - marked as hypothetical: seq=contig_3, start=168859, stop=169095, strand=+
19:42:19.554 - INFO - ANNOTATION - fix product: revise DUF. new=DUF2508 domain-containing protein, old=DUF2508 family protein
19:42:19.555 - INFO - ANNOTATION - fix gene: extract symbol from protein name. symbol=recR
19:42:19.555 - INFO - ANNOTATION - fix gene: lowercase first char. new=ybaB, old=YbaB
19:42:19.555 - INFO - ANNOTATION - fix gene: lowercase first char. new=ybaB, old=YbaB
19:42:19.555 - INFO - ANNOTATION - fix gene: extract symbol from protein name. symbol=mprF
19:42:19.555 - INFO - ANNOTATION - fix gene: extract symbol from protein name. symbol=lacI
19:42:19.555 - INFO - ANNOTATION - fix gene: extract symbol from protein name. symbol=prsA
19:42:19.555 - INFO - ANNOTATION - fix gene: lowercase first char. new=araJ, old=AraJ
19:42:19.555 - INFO - ANNOTATION - fix gene: lowercase first char. new=araJ, old=AraJ
19:42:19.555 - INFO - ANNOTATION - fix gene: lowercase first char. new=araJ, old=AraJ
19:42:19.555 - INFO - ANNOTATION - fix gene: lowercase first char. new=araJ, old=AraJ
19:42:19.555 - INFO - ANNOTATION - fix gene: lowercase first char. new=adhE, old=AdhE
19:42:19.555 - INFO - ANNOTATION - fix gene: lowercase first char. new=adhE, old=AdhE
19:42:19.556 - INFO - ANNOTATION - fix gene: extract symbol from protein name. symbol=nusG
19:42:19.556 - INFO - ANNOTATION - fix gene: extract symbol from protein name. symbol=secE
19:42:19.556 - INFO - ANNOTATION - fix gene: extract symbol from protein name. symbol=pplA
19:42:19.556 - INFO - ANNOTATION - fix gene: lowercase first char. new=ndh, old=Ndh
19:42:19.556 - INFO - ANNOTATION - fix gene: lowercase first char. new=ndh, old=Ndh
19:42:19.556 - INFO - ANNOTATION - fix gene: extract symbol from protein name. symbol=nusG
19:42:19.556 - INFO - ANNOTATION - marked as hypothetical: seq=contig_3, start=214999, stop=215241, strand=-
19:42:19.556 - INFO - ANNOTATION - fix gene: lowercase first char. new=ssuD, old=SsuD
19:42:19.556 - INFO - ANNOTATION - fix gene: lowercase first char. new=ssuD, old=SsuD
19:42:19.556 - INFO - ANNOTATION - fix gene: lowercase first char. new=rae1, old=Rae1
19:42:19.556 - INFO - ANNOTATION - fix gene: lowercase first char. new=rae1, old=Rae1
19:42:19.556 - INFO - ANNOTATION - fix gene: extract symbol from protein name. symbol=rlmB
19:42:19.556 - INFO - ANNOTATION - marked as hypothetical: seq=contig_3, start=223073, stop=223660, strand=-
19:42:19.557 - INFO - ANNOTATION - fix gene: extract symbol from protein name. symbol=yhfC
19:42:19.557 - INFO - ANNOTATION - fix gene: extract symbol from protein name. symbol=gntR
19:42:19.557 - INFO - ANNOTATION - fix gene: extract symbol from protein name. symbol=radA
19:42:19.557 - INFO - ANNOTATION - fix gene: lowercase first char. new=dut, old=Dut
19:42:19.557 - INFO - ANNOTATION - fix gene: lowercase first char. new=dut, old=Dut
19:42:19.557 - INFO - ANNOTATION - fix gene: lowercase first char. new=yidJ, old=YidJ
19:42:19.557 - INFO - ANNOTATION - fix gene: lowercase first char. new=yidJ, old=YidJ
19:42:19.557 - INFO - ANNOTATION - fix product: replace putative synonyms. new=putative membrane protein, old=Predicted membrane protein
19:42:19.557 - INFO - ANNOTATION - fix gene: lowercase first char. new=pepC, old=PepC
19:42:19.557 - INFO - ANNOTATION - fix gene: lowercase first char. new=pepC, old=PepC
19:42:19.557 - INFO - ANNOTATION - fix product: replace putative synonyms. new=putative potassium transport system protein Kup, old=Probable potassium transport system protein Kup
19:42:19.557 - INFO - ANNOTATION - fix gene: lowercase first char. new=gpmA, old=GpmA
19:42:19.557 - INFO - ANNOTATION - fix gene: lowercase first char. new=gpmA, old=GpmA
19:42:19.557 - INFO - ANNOTATION - fix product: replace putative synonyms. new=putative membrane protein, old=Predicted membrane protein
19:42:19.558 - INFO - ANNOTATION - fix gene: extract symbol from protein name. symbol=parB
19:42:19.558 - INFO - ANNOTATION - fix gene: lowercase first char. new=lldD, old=LldD
19:42:19.558 - INFO - ANNOTATION - fix gene: lowercase first char. new=lldD, old=LldD
19:42:19.558 - INFO - ANNOTATION - marked as hypothetical: seq=contig_3, start=257615, stop=257821, strand=-
19:42:19.558 - INFO - ANNOTATION - fix gene: lowercase first char. new=araJ, old=AraJ
19:42:19.558 - INFO - ANNOTATION - fix gene: lowercase first char. new=araJ, old=AraJ
19:42:19.558 - INFO - ANNOTATION - marked as hypothetical: seq=contig_3, start=262431, stop=262625, strand=-
19:42:19.558 - INFO - ANNOTATION - marked as hypothetical: seq=contig_3, start=262879, stop=263415, strand=-
19:42:19.558 - INFO - ANNOTATION - fix gene: extract symbol from protein name. symbol=padR
19:42:19.558 - INFO - ANNOTATION - fix product: revise DUF. new=DUF1129 domain-containing protein, old=DUF1129 family protein
19:42:19.558 - INFO - ANNOTATION - fix product: revise DUF. new=DUF1129 domain-containing protein, old=DUF1129 family protein
19:42:19.559 - INFO - ANNOTATION - fix gene: lowercase first char. new=yjjB, old=YjjB
19:42:19.559 - INFO - ANNOTATION - fix gene: lowercase first char. new=yjjB, old=YjjB
19:42:19.559 - INFO - ANNOTATION - marked as hypothetical: seq=contig_3, start=281381, stop=281641, strand=-
19:42:19.559 - INFO - ANNOTATION - marked as hypothetical: seq=contig_3, start=281765, stop=282076, strand=-
19:42:19.559 - INFO - ANNOTATION - fix gene: extract symbol from protein name. symbol=lagD
19:42:19.559 - INFO - ANNOTATION - marked as hypothetical: seq=contig_3, start=286337, stop=286477, strand=-
19:42:19.559 - INFO - ANNOTATION - marked as hypothetical: seq=contig_3, start=289139, stop=289336, strand=-
19:42:19.559 - INFO - ANNOTATION - marked as hypothetical: seq=contig_3, start=291099, stop=291323, strand=+
19:42:19.559 - INFO - ANNOTATION - marked as hypothetical: seq=contig_3, start=291355, stop=291525, strand=-
19:42:19.559 - INFO - ANNOTATION - marked as hypothetical: seq=contig_3, start=294079, stop=294270, strand=-
19:42:19.559 - INFO - ANNOTATION - marked as hypothetical: seq=contig_3, start=295904, stop=296212, strand=-
19:42:19.559 - INFO - ANNOTATION - fix product: revise DUF. new=DUF1819 domain-containing protein, old=DUF1819 family protein
19:42:19.559 - INFO - ANNOTATION - fix gene: lowercase first char. new=mntH, old=MntH
19:42:19.559 - INFO - ANNOTATION - fix gene: lowercase first char. new=mntH, old=MntH
19:42:19.559 - INFO - ANNOTATION - fix gene: lowercase first char. new=mgtA, old=MgtA
19:42:19.559 - INFO - ANNOTATION - fix gene: lowercase first char. new=mgtA, old=MgtA
19:42:19.559 - INFO - ANNOTATION - marked as hypothetical: seq=contig_3, start=307855, stop=308220, strand=+
19:42:19.560 - INFO - ANNOTATION - fix gene: lowercase first char. new=araJ, old=AraJ
19:42:19.560 - INFO - ANNOTATION - fix gene: lowercase first char. new=araJ, old=AraJ
19:42:19.560 - INFO - ANNOTATION - fix gene: lowercase first char. new=sufI, old=SufI
19:42:19.560 - INFO - ANNOTATION - fix gene: lowercase first char. new=sufI, old=SufI
19:42:19.560 - INFO - ANNOTATION - fix gene: extract symbol from protein name. symbol=arsR
19:42:19.560 - INFO - ANNOTATION - fix gene: extract symbol from protein name. symbol=mntB
19:42:19.560 - INFO - ANNOTATION - fix gene: lowercase first char. new=znuB, old=ZnuB
19:42:19.560 - INFO - ANNOTATION - fix gene: lowercase first char. new=znuB, old=ZnuB
19:42:19.560 - INFO - ANNOTATION - fix gene: lowercase first char. new=znuC, old=ZnuC
19:42:19.560 - INFO - ANNOTATION - fix gene: lowercase first char. new=znuC, old=ZnuC
19:42:19.560 - INFO - ANNOTATION - marked as hypothetical: seq=contig_3, start=324775, stop=324924, strand=+
19:42:19.560 - INFO - ANNOTATION - marked as hypothetical: seq=contig_3, start=328055, stop=329239, strand=-
19:42:19.560 - INFO - ANNOTATION - marked as hypothetical: seq=contig_3, start=329691, stop=329978, strand=-
19:42:19.560 - INFO - ANNOTATION - fix gene: extract symbol from protein name. symbol=fluC
19:42:19.560 - INFO - ANNOTATION - fix gene: extract symbol from protein name. symbol=fluC
19:42:19.560 - INFO - ANNOTATION - marked as hypothetical: seq=contig_3, start=331840, stop=331959, strand=+
19:42:19.560 - INFO - ANNOTATION - marked as hypothetical: seq=contig_3, start=332451, stop=332633, strand=-
19:42:19.561 - INFO - ANNOTATION - marked as hypothetical: seq=contig_3, start=333026, stop=333313, strand=-
19:42:19.561 - INFO - ANNOTATION - fix gene: extract symbol from protein name. symbol=phnE
19:42:19.561 - INFO - ANNOTATION - fix gene: extract symbol from protein name. symbol=phnE
19:42:19.561 - INFO - INSDC - fix product: replace putative synonyms. new=ABC-type putative transport system, permease component, old=ABC-type uncharacterized transport system, permease component
19:42:19.561 - INFO - ANNOTATION - marked as hypothetical: seq=contig_3, start=349694, stop=349942, strand=-
19:42:19.561 - INFO - ANNOTATION - fix gene: extract symbol from protein name. symbol=tetR
19:42:19.561 - INFO - ANNOTATION - fix gene: extract symbol from protein name. symbol=hrtB
19:42:19.561 - INFO - ANNOTATION - fix gene: extract symbol from protein name. symbol=hrtA
19:42:19.561 - INFO - ANNOTATION - fix gene: extract symbol from protein name. symbol=merR
19:42:19.562 - INFO - ANNOTATION - fix gene: extract symbol from protein name. symbol=truA
19:42:19.562 - INFO - ANNOTATION - fix gene: extract symbol from protein name. symbol=ecfT
19:42:19.562 - INFO - ANNOTATION - fix gene: extract symbol from protein name. symbol=secY
19:42:19.563 - INFO - ANNOTATION - fix gene: extract symbol from protein name. symbol=psiE
19:42:19.563 - INFO - ANNOTATION - fix product: replace putative synonyms. new=putative outer membrane protein, old=Predicted outer membrane protein
19:42:19.563 - INFO - ANNOTATION - fix gene: lowercase first char. new=clpA, old=ClpA
19:42:19.563 - INFO - ANNOTATION - fix gene: lowercase first char. new=clpA, old=ClpA
19:42:19.563 - INFO - ANNOTATION - fix gene: extract symbol from protein name. symbol=ctsR
19:42:19.563 - INFO - ANNOTATION - fix gene: lowercase first char. new=ctsR, old=CtsR
19:42:19.563 - INFO - ANNOTATION - fix gene: lowercase first char. new=ctsR, old=CtsR
19:42:19.563 - INFO - ANNOTATION - fix gene: lowercase first char. new=aRA1, old=ARA1
19:42:19.563 - INFO - ANNOTATION - fix gene: lowercase first char. new=aRA1, old=ARA1
19:42:19.563 - INFO - ANNOTATION - fix gene: extract symbol from protein name. symbol=nrdI
19:42:19.563 - INFO - ANNOTATION - fix gene: lowercase first char. new=kefB, old=KefB
19:42:19.563 - INFO - ANNOTATION - fix gene: lowercase first char. new=kefB, old=KefB
19:42:19.563 - INFO - ANNOTATION - marked as hypothetical: seq=contig_4, start=11773, stop=12120, strand=-
19:42:19.564 - INFO - ANNOTATION - marked as hypothetical: seq=contig_4, start=17118, stop=17468, strand=-
19:42:19.564 - INFO - ANNOTATION - fix gene: lowercase first char. new=yfdV, old=YfdV
19:42:19.564 - INFO - ANNOTATION - fix gene: lowercase first char. new=yfdV, old=YfdV
19:42:19.564 - INFO - ANNOTATION - fix gene: lowercase first char. new=sfcA, old=SfcA
19:42:19.564 - INFO - ANNOTATION - fix gene: lowercase first char. new=sfcA, old=SfcA
19:42:19.564 - INFO - ANNOTATION - fix gene: lowercase first char. new=yeaO, old=YeaO
19:42:19.564 - INFO - ANNOTATION - fix gene: lowercase first char. new=yeaO, old=YeaO
19:42:19.564 - INFO - ANNOTATION - fix gene: lowercase first char. new=fAU1, old=FAU1
19:42:19.564 - INFO - ANNOTATION - fix gene: lowercase first char. new=fAU1, old=FAU1
19:42:19.564 - INFO - ANNOTATION - fix gene: extract symbol from protein name. symbol=lexA
19:42:19.564 - INFO - ANNOTATION - marked as hypothetical: seq=contig_4, start=31634, stop=31828, strand=-
19:42:19.564 - INFO - ANNOTATION - fix product: replace putative synonyms. new=putative permease, old=Predicted permease
19:42:19.564 - INFO - ANNOTATION - fix gene: lowercase first char. new=perM, old=PerM
19:42:19.564 - INFO - ANNOTATION - fix gene: lowercase first char. new=perM, old=PerM
19:42:19.564 - INFO - ANNOTATION - marked as hypothetical: seq=contig_4, start=33492, stop=33971, strand=+
19:42:19.564 - INFO - ANNOTATION - marked as hypothetical: seq=contig_4, start=34453, stop=34611, strand=-
19:42:19.565 - INFO - ANNOTATION - fix gene: extract symbol from protein name. symbol=padR
19:42:19.565 - INFO - ANNOTATION - fix gene: lowercase first char. new=lldD, old=LldD
19:42:19.565 - INFO - ANNOTATION - fix gene: lowercase first char. new=lldD, old=LldD
19:42:19.565 - INFO - ANNOTATION - fix gene: lowercase first char. new=yqjQ, old=YqjQ
19:42:19.565 - INFO - ANNOTATION - fix gene: lowercase first char. new=yqjQ, old=YqjQ
19:42:19.565 - INFO - ANNOTATION - fix gene: lowercase first char. new=yqkB, old=YqkB
19:42:19.565 - INFO - ANNOTATION - fix gene: lowercase first char. new=yqkB, old=YqkB
19:42:19.565 - INFO - ANNOTATION - fix gene: extract symbol from protein name. symbol=ompR
19:42:19.565 - INFO - INSDC - fix product: replace putative synonyms. new=ABC-type putative transport system, ATPase component, old=ABC-type uncharacterized transport system, ATPase component
19:42:19.565 - INFO - ANNOTATION - fix gene: lowercase first char. new=phnK, old=PhnK
19:42:19.565 - INFO - ANNOTATION - fix gene: lowercase first char. new=phnK, old=PhnK
19:42:19.565 - INFO - INSDC - fix product: replace putative synonyms. new=ABC-type putative transport system, permease component, old=ABC-type uncharacterized transport system, permease component
19:42:19.565 - INFO - ANNOTATION - fix gene: extract symbol from protein name. symbol=sbcC
19:42:19.565 - INFO - ANNOTATION - marked as hypothetical: seq=contig_4, start=64236, stop=65297, strand=+
19:42:19.565 - INFO - ANNOTATION - fix gene: lowercase first char. new=thiD, old=ThiD
19:42:19.565 - INFO - ANNOTATION - fix gene: lowercase first char. new=thiD, old=ThiD
19:42:19.566 - INFO - ANNOTATION - marked as hypothetical: seq=contig_4, start=67831, stop=68010, strand=-
19:42:19.566 - INFO - ANNOTATION - marked as hypothetical: seq=contig_4, start=71120, stop=71353, strand=+
19:42:19.566 - INFO - ANNOTATION - fix gene: lowercase first char. new=ibpA, old=IbpA
19:42:19.566 - INFO - ANNOTATION - fix gene: lowercase first char. new=ibpA, old=IbpA
19:42:19.566 - INFO - ANNOTATION - marked as hypothetical: seq=contig_4, start=72402, stop=72545, strand=-
19:42:19.566 - INFO - ANNOTATION - fix product: replace putative synonyms. new=putative phosphatase, old=Predicted phosphatase
19:42:19.566 - INFO - ANNOTATION - fix gene: lowercase first char. new=glpR, old=GlpR
19:42:19.566 - INFO - ANNOTATION - fix gene: lowercase first char. new=glpR, old=GlpR
19:42:19.566 - INFO - ANNOTATION - fix gene: extract symbol from protein name. symbol=lacA
19:42:19.566 - INFO - ANNOTATION - fix gene: extract symbol from protein name. symbol=lacB
19:42:19.566 - INFO - ANNOTATION - fix gene: lowercase first char. new=lacD, old=LacD
19:42:19.566 - INFO - ANNOTATION - fix gene: lowercase first char. new=lacD, old=LacD
19:42:19.566 - INFO - ANNOTATION - fix product: revise DUF. new=DUF4867 domain-containing protein, old=DUF4867 family protein
19:42:19.566 - INFO - ANNOTATION - marked as hypothetical: seq=contig_4, start=83034, stop=83228, strand=+
19:42:19.566 - INFO - ANNOTATION - fix gene: extract symbol from protein name. symbol=galR
19:42:19.567 - INFO - ANNOTATION - fix gene: extract symbol from protein name. symbol=galE
19:42:19.567 - INFO - ANNOTATION - fix gene: extract symbol from protein name. symbol=epsJ
19:42:19.567 - INFO - ANNOTATION - fix gene: extract symbol from protein name. symbol=glpK
19:42:19.567 - INFO - ANNOTATION - fix gene: lowercase first char. new=udg4, old=Udg4
19:42:19.567 - INFO - ANNOTATION - fix gene: lowercase first char. new=udg4, old=Udg4
19:42:19.567 - INFO - ANNOTATION - fix gene: lowercase first char. new=uup, old=Uup
19:42:19.567 - INFO - ANNOTATION - fix gene: lowercase first char. new=uup, old=Uup
19:42:19.567 - INFO - ANNOTATION - marked as hypothetical: seq=contig_4, start=105950, stop=106099, strand=+
19:42:19.567 - INFO - ANNOTATION - fix gene: extract symbol from protein name. symbol=nikA
19:42:19.567 - INFO - ANNOTATION - marked as hypothetical: seq=contig_4, start=107260, stop=107418, strand=+
19:42:19.567 - INFO - ANNOTATION - marked as hypothetical: seq=contig_4, start=107880, stop=108068, strand=+
19:42:19.567 - INFO - ANNOTATION - marked as hypothetical: seq=contig_4, start=108592, stop=108780, strand=+
19:42:19.567 - INFO - ANNOTATION - marked as hypothetical: seq=contig_4, start=109538, stop=109768, strand=-
19:42:19.567 - INFO - ANNOTATION - fix gene: lowercase first char. new=sapB, old=SapB
19:42:19.567 - INFO - ANNOTATION - fix gene: lowercase first char. new=sapB, old=SapB
19:42:19.567 - INFO - ANNOTATION - fix gene: lowercase first char. new=amtB, old=AmtB
19:42:19.567 - INFO - ANNOTATION - fix gene: lowercase first char. new=amtB, old=AmtB
19:42:19.568 - INFO - ANNOTATION - fix gene: lowercase first char. new=ybjQ, old=YbjQ
19:42:19.568 - INFO - ANNOTATION - fix gene: lowercase first char. new=ybjQ, old=YbjQ
19:42:19.568 - INFO - ANNOTATION - fix gene: lowercase first char. new=ansP, old=AnsP
19:42:19.568 - INFO - ANNOTATION - fix gene: lowercase first char. new=ansP, old=AnsP
19:42:19.568 - INFO - ANNOTATION - fix gene: extract symbol from protein name. symbol=osmC
19:42:19.568 - INFO - ANNOTATION - fix gene: lowercase first char. new=osmC, old=OsmC
19:42:19.568 - INFO - ANNOTATION - fix gene: lowercase first char. new=osmC, old=OsmC
19:42:19.568 - INFO - ANNOTATION - fix gene: lowercase first char. new=cspC, old=CspC
19:42:19.568 - INFO - ANNOTATION - fix gene: lowercase first char. new=cspC, old=CspC
19:42:19.568 - INFO - ANNOTATION - fix gene: lowercase first char. new=mdh, old=Mdh
19:42:19.568 - INFO - ANNOTATION - fix gene: lowercase first char. new=mdh, old=Mdh
19:42:19.568 - INFO - ANNOTATION - fix gene: lowercase first char. new=potE, old=PotE
19:42:19.568 - INFO - ANNOTATION - fix gene: lowercase first char. new=potE, old=PotE
19:42:19.568 - INFO - ANNOTATION - fix gene: extract symbol from protein name. symbol=sstT
19:42:19.569 - INFO - ANNOTATION - fix gene: lowercase first char. new=mdlB, old=MdlB
19:42:19.569 - INFO - ANNOTATION - fix gene: lowercase first char. new=mdlB, old=MdlB
19:42:19.569 - INFO - ANNOTATION - fix gene: lowercase first char. new=mdlB, old=MdlB
19:42:19.569 - INFO - ANNOTATION - fix gene: lowercase first char. new=mdlB, old=MdlB
19:42:19.569 - INFO - ANNOTATION - fix gene: extract symbol from protein name. symbol=drrA
19:42:19.569 - INFO - ANNOTATION - fix gene: extract symbol from protein name. symbol=fliK
19:42:19.569 - INFO - ANNOTATION - fix gene: lowercase first char. new=ycjR, old=YcjR
19:42:19.570 - INFO - ANNOTATION - fix gene: lowercase first char. new=ycjR, old=YcjR
19:42:19.570 - INFO - ANNOTATION - fix gene: extract symbol from protein name. symbol=lysR
19:42:19.570 - INFO - ANNOTATION - fix gene: lowercase first char. new=yagU, old=YagU
19:42:19.570 - INFO - ANNOTATION - fix gene: lowercase first char. new=yagU, old=YagU
19:42:19.570 - INFO - ANNOTATION - fix gene: lowercase first char. new=potE, old=PotE
19:42:19.570 - INFO - ANNOTATION - fix gene: lowercase first char. new=potE, old=PotE
19:42:19.570 - INFO - ANNOTATION - fix gene: extract symbol from protein name. symbol=ompR
19:42:19.570 - INFO - INSDC - fix product: replace putative synonyms. new=ABC-type putative transport system, ATPase component, old=ABC-type uncharacterized transport system, ATPase component
19:42:19.570 - INFO - ANNOTATION - fix gene: lowercase first char. new=srtA, old=SrtA
19:42:19.570 - INFO - ANNOTATION - fix gene: lowercase first char. new=srtA, old=SrtA
19:42:19.570 - INFO - ANNOTATION - fix gene: lowercase first char. new=clfA, old=ClfA
19:42:19.570 - INFO - ANNOTATION - fix gene: lowercase first char. new=clfA, old=ClfA
19:42:19.570 - INFO - ANNOTATION - fix gene: extract symbol from protein name. symbol=bglG
19:42:19.571 - INFO - ANNOTATION - fix gene: extract symbol from protein name. symbol=yitT
19:42:19.571 - INFO - ANNOTATION - fix gene: lowercase first char. new=hxlR, old=HxlR
19:42:19.571 - INFO - ANNOTATION - fix gene: lowercase first char. new=hxlR, old=HxlR
19:42:19.571 - INFO - ANNOTATION - fix gene: lowercase first char. new=qor, old=Qor
19:42:19.571 - INFO - ANNOTATION - fix gene: lowercase first char. new=qor, old=Qor
19:42:19.571 - INFO - ANNOTATION - fix product: replace putative synonyms. new=putative transcriptional regulator, old=Predicted transcriptional regulator
19:42:19.571 - INFO - ANNOTATION - fix gene: lowercase first char. new=potE, old=PotE
19:42:19.571 - INFO - ANNOTATION - fix gene: lowercase first char. new=potE, old=PotE
19:42:19.571 - INFO - ANNOTATION - fix gene: lowercase first char. new=ilvB, old=IlvB
19:42:19.571 - INFO - ANNOTATION - fix gene: lowercase first char. new=ilvB, old=IlvB
19:42:19.571 - INFO - ANNOTATION - fix gene: extract symbol from protein name. symbol=arsR
19:42:19.571 - INFO - ANNOTATION - fix gene: extract symbol from protein name. symbol=arsR
19:42:19.571 - INFO - ANNOTATION - fix gene: lowercase first char. new=osmC, old=OsmC
19:42:19.571 - INFO - ANNOTATION - fix gene: lowercase first char. new=osmC, old=OsmC
19:42:19.571 - INFO - ANNOTATION - fix gene: extract symbol from protein name. symbol=dhaK
19:42:19.572 - INFO - ANNOTATION - fix gene: extract symbol from protein name. symbol=dhaL
19:42:19.572 - INFO - ANNOTATION - fix gene: extract symbol from protein name. symbol=tetR
19:42:19.572 - INFO - ANNOTATION - fix gene: lowercase first char. new=uhpC, old=UhpC
19:42:19.572 - INFO - ANNOTATION - fix gene: lowercase first char. new=uhpC, old=UhpC
19:42:19.572 - INFO - ANNOTATION - fix gene: extract symbol from protein name. symbol=lacI
19:42:19.572 - INFO - ANNOTATION - fix gene: extract symbol from protein name. symbol=yidA
19:42:19.572 - INFO - ANNOTATION - fix gene: lowercase first char. new=fadH2, old=FadH2
19:42:19.572 - INFO - ANNOTATION - fix gene: lowercase first char. new=fadH2, old=FadH2
19:42:19.572 - INFO - ANNOTATION - fix gene: extract symbol from protein name. symbol=hrtA
19:42:19.573 - INFO - ANNOTATION - fix gene: extract symbol from protein name. symbol=hrtB
19:42:19.573 - INFO - ANNOTATION - fix gene: extract symbol from protein name. symbol=yvrJ
19:42:19.573 - INFO - ANNOTATION - fix gene: extract symbol from protein name. symbol=hxlR
19:42:19.573 - INFO - ANNOTATION - marked as hypothetical: seq=contig_4, start=292781, stop=293041, strand=+
19:42:19.573 - INFO - ANNOTATION - fix gene: extract symbol from protein name. symbol=levX
19:42:19.573 - INFO - ANNOTATION - fix gene: lowercase first char. new=manZ, old=ManZ
19:42:19.573 - INFO - ANNOTATION - fix gene: lowercase first char. new=manZ, old=ManZ
19:42:19.573 - INFO - ANNOTATION - marked as hypothetical: seq=contig_4, start=294696, stop=295049, strand=-
19:42:19.573 - INFO - ANNOTATION - marked as hypothetical: seq=contig_4, start=299809, stop=299913, strand=-
19:42:19.573 - INFO - ANNOTATION - fix gene: lowercase first char. new=ecfT, old=EcfT
19:42:19.573 - INFO - ANNOTATION - fix gene: lowercase first char. new=ecfT, old=EcfT
19:42:19.573 - INFO - ANNOTATION - fix gene: lowercase first char. new=eCF-S, old=ECF-S
19:42:19.573 - INFO - ANNOTATION - fix gene: lowercase first char. new=eCF-S, old=ECF-S
19:42:19.574 - INFO - ANNOTATION - fix gene: extract symbol from protein name. symbol=sdcS
19:42:19.574 - INFO - ANNOTATION - fix gene: extract symbol from protein name. symbol=dhaK
19:42:19.574 - INFO - ANNOTATION - fix gene: extract symbol from protein name. symbol=dhaL
19:42:19.574 - INFO - ANNOTATION - fix gene: extract symbol from protein name. symbol=fabG
19:42:19.574 - INFO - ANNOTATION - fix product: revise DUF. new=DUF4432 domain-containing protein, old=DUF4432 family protein
19:42:19.575 - INFO - ANNOTATION - fix gene: extract symbol from protein name. symbol=esuR
19:42:19.575 - INFO - ANNOTATION - marked as hypothetical: seq=contig_5, start=17574, stop=17867, strand=-
19:42:19.575 - INFO - ANNOTATION - fix gene: extract symbol from protein name. symbol=gcrA
19:42:19.575 - INFO - ANNOTATION - marked as hypothetical: seq=contig_5, start=21970, stop=22098, strand=-
19:42:19.575 - INFO - ANNOTATION - marked as hypothetical: seq=contig_5, start=23586, stop=23696, strand=-
19:42:19.575 - INFO - ANNOTATION - fix gene: extract symbol from protein name. symbol=dnaD
19:42:19.575 - INFO - ANNOTATION - fix gene: lowercase first char. new=dnaD, old=DnaD
19:42:19.576 - INFO - ANNOTATION - fix gene: lowercase first char. new=dnaD, old=DnaD
19:42:19.576 - INFO - ANNOTATION - fix gene: extract symbol from protein name. symbol=recT
19:42:19.576 - INFO - ANNOTATION - marked as hypothetical: seq=contig_5, start=30798, stop=30917, strand=-
19:42:19.576 - INFO - ANNOTATION - marked as hypothetical: seq=contig_5, start=30905, stop=31033, strand=-
19:42:19.576 - INFO - ANNOTATION - marked as hypothetical: seq=contig_5, start=31860, stop=32006, strand=-
19:42:19.576 - INFO - ANNOTATION - fix gene: extract symbol from protein name. symbol=irrE
19:42:19.576 - INFO - ANNOTATION - marked as hypothetical: seq=contig_5, start=36243, stop=36446, strand=+
19:42:19.576 - INFO - ANNOTATION - fix gene: lowercase first char. new=xerD, old=XerD
19:42:19.576 - INFO - ANNOTATION - fix gene: lowercase first char. new=xerD, old=XerD
19:42:19.576 - INFO - ANNOTATION - fix gene: lowercase first char. new=glcU, old=GlcU
19:42:19.576 - INFO - ANNOTATION - fix gene: lowercase first char. new=glcU, old=GlcU
19:42:19.576 - INFO - ANNOTATION - fix gene: lowercase first char. new=uraA, old=UraA
19:42:19.576 - INFO - ANNOTATION - fix gene: lowercase first char. new=uraA, old=UraA
19:42:19.577 - INFO - ANNOTATION - fix gene: lowercase first char. new=ygaE, old=YgaE
19:42:19.577 - INFO - ANNOTATION - fix gene: lowercase first char. new=ygaE, old=YgaE
19:42:19.577 - INFO - ANNOTATION - fix gene: extract symbol from protein name. symbol=yfhO
19:42:19.577 - INFO - ANNOTATION - fix gene: extract symbol from protein name. symbol=bglG
19:42:19.577 - INFO - ANNOTATION - fix gene: extract symbol from protein name. symbol=bglH
19:42:19.577 - INFO - ANNOTATION - marked as hypothetical: seq=contig_5, start=65593, stop=66333, strand=-
19:42:19.577 - INFO - ANNOTATION - fix gene: extract symbol from protein name. symbol=secA2
19:42:19.577 - INFO - ANNOTATION - marked as hypothetical: seq=contig_5, start=71585, stop=72322, strand=-
19:42:19.577 - INFO - ANNOTATION - marked as hypothetical: seq=contig_5, start=72941, stop=76105, strand=-
19:42:19.577 - INFO - ANNOTATION - marked as hypothetical: seq=contig_5, start=76102, stop=82740, strand=-
19:42:19.577 - INFO - ANNOTATION - marked as hypothetical: seq=contig_5, start=83226, stop=83405, strand=-
19:42:19.577 - INFO - ANNOTATION - marked as hypothetical: seq=contig_5, start=83919, stop=84785, strand=-
19:42:19.577 - INFO - ANNOTATION - fix gene: extract symbol from protein name. symbol=secY
19:42:19.577 - INFO - ANNOTATION - fix gene: extract symbol from protein name. symbol=secA2
19:42:19.578 - INFO - ANNOTATION - fix gene: extract symbol from protein name. symbol=galU
19:42:19.578 - INFO - ANNOTATION - fix gene: lowercase first char. new=eRG12, old=ERG12
19:42:19.578 - INFO - ANNOTATION - fix gene: lowercase first char. new=eRG12, old=ERG12
19:42:19.578 - INFO - ANNOTATION - fix gene: lowercase first char. new=fldA, old=FldA
19:42:19.578 - INFO - ANNOTATION - fix gene: lowercase first char. new=fldA, old=FldA
19:42:19.578 - INFO - ANNOTATION - fix gene: extract symbol from protein name. symbol=tetR
19:42:19.578 - INFO - ANNOTATION - fix gene: lowercase first char. new=acrR, old=AcrR
19:42:19.578 - INFO - ANNOTATION - fix gene: lowercase first char. new=acrR, old=AcrR
19:42:19.578 - INFO - ANNOTATION - fix gene: extract symbol from protein name. symbol=recQ
19:42:19.578 - INFO - ANNOTATION - marked as hypothetical: seq=contig_5, start=112735, stop=113457, strand=-
19:42:19.578 - INFO - ANNOTATION - fix gene: extract symbol from protein name. symbol=cshA
19:42:19.578 - INFO - ANNOTATION - fix gene: lowercase first char. new=mviM, old=MviM
19:42:19.578 - INFO - ANNOTATION - fix gene: lowercase first char. new=mviM, old=MviM
19:42:19.578 - INFO - ANNOTATION - fix gene: extract symbol from protein name. symbol=yxeA
19:42:19.578 - INFO - ANNOTATION - fix gene: lowercase first char. new=hflC, old=HflC
19:42:19.578 - INFO - ANNOTATION - fix gene: lowercase first char. new=hflC, old=HflC
19:42:19.578 - INFO - ANNOTATION - fix gene: extract symbol from protein name. symbol=degV
19:42:19.579 - INFO - ANNOTATION - fix gene: extract symbol from protein name. symbol=rlmD
19:42:19.579 - INFO - ANNOTATION - fix gene: lowercase first char. new=lCB5, old=LCB5
19:42:19.579 - INFO - ANNOTATION - fix gene: lowercase first char. new=lCB5, old=LCB5
19:42:19.579 - INFO - ANNOTATION - fix gene: extract symbol from protein name. symbol=gatB
19:42:19.579 - INFO - ANNOTATION - fix gene: extract symbol from protein name. symbol=gatA
19:42:19.579 - INFO - ANNOTATION - fix gene: extract symbol from protein name. symbol=gatC
19:42:19.579 - INFO - ANNOTATION - fix gene: extract symbol from protein name. symbol=camS
19:42:19.579 - INFO - ANNOTATION - fix gene: extract symbol from protein name. symbol=ligA
19:42:19.579 - INFO - ANNOTATION - fix gene: extract symbol from protein name. symbol=pcrA
19:42:19.579 - INFO - ANNOTATION - marked as hypothetical: seq=contig_5, start=141447, stop=141635, strand=-
19:42:19.579 - INFO - ANNOTATION - marked as hypothetical: seq=contig_5, start=144282, stop=144458, strand=+
19:42:19.579 - INFO - ANNOTATION - marked as hypothetical: seq=contig_5, start=146294, stop=146797, strand=-
19:42:19.579 - INFO - ANNOTATION - fix gene: lowercase first char. new=pheB, old=PheB
19:42:19.579 - INFO - ANNOTATION - fix gene: lowercase first char. new=pheB, old=PheB
19:42:19.579 - INFO - ANNOTATION - fix gene: extract symbol from protein name. symbol=ompR
19:42:19.579 - INFO - ANNOTATION - fix gene: lowercase first char. new=ompR, old=OmpR
19:42:19.579 - INFO - ANNOTATION - fix gene: lowercase first char. new=ompR, old=OmpR
19:42:19.580 - INFO - ANNOTATION - marked as hypothetical: seq=contig_5, start=152048, stop=152356, strand=+
19:42:19.580 - INFO - ANNOTATION - fix gene: extract symbol from protein name. symbol=laaL
19:42:19.580 - INFO - ANNOTATION - fix gene: lowercase first char. new=tACO1, old=TACO1
19:42:19.580 - INFO - ANNOTATION - fix gene: lowercase first char. new=tACO1, old=TACO1
19:42:19.580 - INFO - ANNOTATION - fix product: replace putative synonyms. new=putative integral membrane protein, old=Predicted integral membrane protein
19:42:19.580 - INFO - ANNOTATION - marked as hypothetical: seq=contig_5, start=169121, stop=169261, strand=+
19:42:19.580 - INFO - ANNOTATION - fix gene: extract symbol from protein name. symbol=cdaA
19:42:19.580 - INFO - ANNOTATION - fix gene: lowercase first char. new=mgtA, old=MgtA
19:42:19.581 - INFO - ANNOTATION - fix gene: lowercase first char. new=mgtA, old=MgtA
19:42:19.581 - INFO - ANNOTATION - marked as hypothetical: seq=contig_5, start=180627, stop=180821, strand=+
19:42:19.581 - INFO - ANNOTATION - fix gene: lowercase first char. new=potD, old=PotD
19:42:19.581 - INFO - ANNOTATION - fix gene: lowercase first char. new=potD, old=PotD
19:42:19.581 - INFO - ANNOTATION - fix gene: lowercase first char. new=potC, old=PotC
19:42:19.581 - INFO - ANNOTATION - fix gene: lowercase first char. new=potC, old=PotC
19:42:19.581 - INFO - ANNOTATION - fix gene: extract symbol from protein name. symbol=potA
19:42:19.581 - INFO - ANNOTATION - fix gene: lowercase first char. new=potB, old=PotB
19:42:19.581 - INFO - ANNOTATION - fix gene: lowercase first char. new=potB, old=PotB
19:42:19.581 - INFO - ANNOTATION - fix gene: extract symbol from protein name. symbol=potA
19:42:19.581 - INFO - ANNOTATION - fix gene: lowercase first char. new=hipB, old=HipB
19:42:19.581 - INFO - ANNOTATION - fix gene: lowercase first char. new=hipB, old=HipB
19:42:19.581 - INFO - ANNOTATION - fix gene: lowercase first char. new=xthA, old=XthA
19:42:19.581 - INFO - ANNOTATION - fix gene: lowercase first char. new=xthA, old=XthA
19:42:19.581 - INFO - ANNOTATION - fix gene: lowercase first char. new=dnaQ, old=DnaQ
19:42:19.581 - INFO - ANNOTATION - fix gene: lowercase first char. new=dnaQ, old=DnaQ
19:42:19.581 - INFO - INSDC - fix product: replace putative synonyms. new=ABC-type putative transport system, ATPase component, old=ABC-type uncharacterized transport system, ATPase component
19:42:19.581 - INFO - ANNOTATION - marked as hypothetical: seq=contig_5, start=193336, stop=193440, strand=-
19:42:19.581 - INFO - ANNOTATION - fix gene: extract symbol from protein name. symbol=tsaE
19:42:19.581 - INFO - ANNOTATION - fix product: replace putative synonyms. new=putative hydrolase of the HAD superfamily, old=Predicted hydrolase of the HAD superfamily
19:42:19.581 - INFO - ANNOTATION - fix gene: extract symbol from protein name. symbol=yxjI
19:42:19.582 - INFO - ANNOTATION - fix gene: lowercase first char. new=yxjI, old=YxjI
19:42:19.582 - INFO - ANNOTATION - fix gene: lowercase first char. new=yxjI, old=YxjI
19:42:19.582 - INFO - ANNOTATION - fix gene: extract symbol from protein name. symbol=malK2
19:42:19.582 - INFO - ANNOTATION - fix gene: lowercase first char. new=malK, old=MalK
19:42:19.582 - INFO - ANNOTATION - fix gene: lowercase first char. new=malK, old=MalK
19:42:19.582 - INFO - ANNOTATION - fix gene: lowercase first char. new=ugpA, old=UgpA
19:42:19.582 - INFO - ANNOTATION - fix gene: lowercase first char. new=ugpA, old=UgpA
19:42:19.582 - INFO - ANNOTATION - fix gene: extract symbol from protein name. symbol=malF2
19:42:19.582 - INFO - ANNOTATION - fix gene: lowercase first char. new=ugpE, old=UgpE
19:42:19.582 - INFO - ANNOTATION - fix gene: lowercase first char. new=ugpE, old=UgpE
19:42:19.582 - INFO - ANNOTATION - fix gene: extract symbol from protein name. symbol=malE2
19:42:19.582 - INFO - ANNOTATION - fix gene: lowercase first char. new=ugpB, old=UgpB
19:42:19.582 - INFO - ANNOTATION - fix gene: lowercase first char. new=ugpB, old=UgpB
19:42:19.582 - INFO - ANNOTATION - fix product: replace putative synonyms. new=putative transcriptional regulator, old=Predicted transcriptional regulator
19:42:19.582 - INFO - ANNOTATION - marked as hypothetical: seq=contig_5, start=204729, stop=205031, strand=-
19:42:19.582 - INFO - ANNOTATION - fix gene: extract symbol from protein name. symbol=malG1
19:42:19.582 - INFO - ANNOTATION - fix gene: extract symbol from protein name. symbol=malE1
19:42:19.582 - INFO - ANNOTATION - fix gene: extract symbol from protein name. symbol=sugC
19:42:19.582 - INFO - ANNOTATION - fix gene: extract symbol from protein name. symbol=lacI
19:42:19.583 - INFO - ANNOTATION - fix gene: extract symbol from protein name. symbol=smpB
19:42:19.583 - INFO - ANNOTATION - fix gene: lowercase first char. new=yvaK, old=YvaK
19:42:19.583 - INFO - ANNOTATION - fix gene: lowercase first char. new=yvaK, old=YvaK
19:42:19.583 - INFO - ANNOTATION - marked as hypothetical: seq=contig_5, start=223761, stop=224084, strand=-
19:42:19.583 - INFO - ANNOTATION - fix gene: lowercase first char. new=trkA, old=TrkA
19:42:19.583 - INFO - ANNOTATION - fix gene: lowercase first char. new=trkA, old=TrkA
19:42:19.583 - INFO - ANNOTATION - marked as hypothetical: seq=contig_5, start=225842, stop=226144, strand=-
19:42:19.583 - INFO - ANNOTATION - fix gene: lowercase first char. new=deoR, old=DeoR
19:42:19.583 - INFO - ANNOTATION - fix gene: lowercase first char. new=deoR, old=DeoR
19:42:19.583 - INFO - ANNOTATION - marked as hypothetical: seq=contig_5, start=233545, stop=233790, strand=+
19:42:19.583 - INFO - ANNOTATION - fix gene: extract symbol from protein name. symbol=clpP
19:42:19.584 - INFO - ANNOTATION - fix gene: extract symbol from protein name. symbol=sarZ
19:42:19.584 - INFO - ANNOTATION - fix gene: extract symbol from protein name. symbol=whiA
19:42:19.584 - INFO - ANNOTATION - fix gene: lowercase first char. new=cofD, old=CofD
19:42:19.584 - INFO - ANNOTATION - fix gene: lowercase first char. new=cofD, old=CofD
19:42:19.584 - INFO - ANNOTATION - fix gene: extract symbol from protein name. symbol=rapZ
19:42:19.584 - INFO - ANNOTATION - fix gene: extract symbol from protein name. symbol=uvrA
19:42:19.585 - INFO - ANNOTATION - fix gene: extract symbol from protein name. symbol=uvrB
19:42:19.585 - INFO - ANNOTATION - fix product: replace putative synonyms. new=putative hydrolase of HD superfamily, old=Predicted hydrolase of HD superfamily
19:42:19.585 - INFO - ANNOTATION - fix gene: lowercase first char. new=yfbR, old=YfbR
19:42:19.585 - INFO - ANNOTATION - fix gene: lowercase first char. new=yfbR, old=YfbR
19:42:19.585 - INFO - ANNOTATION - fix gene: extract symbol from protein name. symbol=ftsX
19:42:19.585 - INFO - ANNOTATION - fix gene: extract symbol from protein name. symbol=ompR
19:42:19.585 - INFO - ANNOTATION - fix gene: lowercase first char. new=manB, old=ManB
19:42:19.585 - INFO - ANNOTATION - fix gene: lowercase first char. new=manB, old=ManB
19:42:19.585 - INFO - ANNOTATION - fix gene: extract symbol from protein name. symbol=liaX
19:42:19.585 - INFO - ANNOTATION - fix gene: extract symbol from protein name. symbol=phoU
19:42:19.585 - INFO - ANNOTATION - fix gene: extract symbol from protein name. symbol=pstB
19:42:19.585 - INFO - ANNOTATION - fix gene: extract symbol from protein name. symbol=pstB
19:42:19.585 - INFO - ANNOTATION - fix gene: extract symbol from protein name. symbol=pstA
19:42:19.585 - INFO - ANNOTATION - fix gene: extract symbol from protein name. symbol=pstC
19:42:19.585 - INFO - ANNOTATION - fix gene: extract symbol from protein name. symbol=pnpS
19:42:19.586 - INFO - ANNOTATION - fix gene: extract symbol from protein name. symbol=ompR
19:42:19.586 - INFO - ANNOTATION - fix gene: lowercase first char. new=ompR, old=OmpR
19:42:19.586 - INFO - ANNOTATION - fix gene: lowercase first char. new=ompR, old=OmpR
19:42:19.586 - INFO - ANNOTATION - fix product: replace putative synonyms. new=putative cell division topological determinant MinJ, old=Probable cell division topological determinant MinJ
19:42:19.586 - INFO - ANNOTATION - fix gene: extract symbol from protein name. symbol=minJ
19:42:19.586 - INFO - ANNOTATION - fix gene: extract symbol from protein name. symbol=ftsX
19:42:19.586 - INFO - ANNOTATION - fix gene: extract symbol from protein name. symbol=ftsE
19:42:19.586 - INFO - ANNOTATION - fix gene: extract symbol from protein name. symbol=secA
19:42:19.586 - INFO - ANNOTATION - fix gene: extract symbol from protein name. symbol=comF
19:42:19.586 - INFO - ANNOTATION - fix gene: extract symbol from protein name. symbol=yigZ
19:42:19.586 - INFO - ANNOTATION - fix gene: extract symbol from protein name. symbol=recA
19:42:19.586 - INFO - ANNOTATION - fix gene: extract symbol from protein name. symbol=yfmH
19:42:19.586 - INFO - ANNOTATION - fix gene: extract symbol from protein name. symbol=yfmF
19:42:19.586 - INFO - ANNOTATION - fix gene: extract symbol from protein name. symbol=ftsK
19:42:19.586 - INFO - ANNOTATION - fix product: revise DUF. new=DUF1149 domain-containing protein, old=DUF1149 family protein
19:42:19.587 - INFO - ANNOTATION - fix gene: extract symbol from protein name. symbol=trmL
19:42:19.587 - INFO - ANNOTATION - fix gene: extract symbol from protein name. symbol=corA
19:42:19.587 - INFO - ANNOTATION - fix gene: lowercase first char. new=corA, old=CorA
19:42:19.587 - INFO - ANNOTATION - fix gene: lowercase first char. new=corA, old=CorA
19:42:19.587 - INFO - ANNOTATION - fix gene: extract symbol from protein name. symbol=cutC
19:42:19.587 - INFO - ANNOTATION - fix gene: lowercase first char. new=apbE, old=ApbE
19:42:19.587 - INFO - ANNOTATION - fix gene: lowercase first char. new=apbE, old=ApbE
19:42:19.587 - INFO - ANNOTATION - fix gene: lowercase first char. new=yjbM, old=YjbM
19:42:19.587 - INFO - ANNOTATION - fix gene: lowercase first char. new=yjbM, old=YjbM
19:42:19.588 - INFO - ANNOTATION - fix product: replace putative synonyms. new=putative phosphohydrolase, old=Predicted phosphohydrolase
19:42:19.588 - INFO - ANNOTATION - marked as hypothetical: seq=contig_5, start=309037, stop=309150, strand=-
19:42:19.588 - INFO - ANNOTATION - fix gene: lowercase first char. new=ypzJ, old=YpzJ
19:42:19.588 - INFO - ANNOTATION - fix gene: lowercase first char. new=ypzJ, old=YpzJ
19:42:19.588 - INFO - ANNOTATION - fix gene: extract symbol from protein name. symbol=ytgP
19:42:19.588 - INFO - ANNOTATION - fix gene: lowercase first char. new=spoVB, old=SpoVB
19:42:19.588 - INFO - ANNOTATION - fix gene: lowercase first char. new=spoVB, old=SpoVB
19:42:19.588 - INFO - ANNOTATION - fix gene: lowercase first char. new=araJ, old=AraJ
19:42:19.588 - INFO - ANNOTATION - fix gene: lowercase first char. new=araJ, old=AraJ
19:42:19.588 - INFO - ANNOTATION - fix gene: extract symbol from protein name. symbol=merR
19:42:19.588 - INFO - ANNOTATION - fix gene: lowercase first char. new=araJ, old=AraJ
19:42:19.588 - INFO - ANNOTATION - fix gene: lowercase first char. new=araJ, old=AraJ
19:42:19.588 - INFO - ANNOTATION - fix gene: extract symbol from protein name. symbol=frlD
19:42:19.588 - INFO - ANNOTATION - marked as hypothetical: seq=contig_6, start=6697, stop=7287, strand=+
19:42:19.588 - INFO - ANNOTATION - fix gene: extract symbol from protein name. symbol=yaaA
19:42:19.589 - INFO - ANNOTATION - fix gene: lowercase first char. new=celB, old=CelB
19:42:19.589 - INFO - ANNOTATION - fix gene: lowercase first char. new=celB, old=CelB
19:42:19.589 - INFO - ANNOTATION - marked as hypothetical: seq=contig_6, start=19037, stop=19603, strand=-
19:42:19.589 - INFO - ANNOTATION - fix gene: lowercase first char. new=glpC, old=GlpC
19:42:19.589 - INFO - ANNOTATION - fix gene: lowercase first char. new=glpC, old=GlpC
19:42:19.589 - INFO - ANNOTATION - fix gene: lowercase first char. new=lutB, old=LutB
19:42:19.589 - INFO - ANNOTATION - fix gene: lowercase first char. new=lutB, old=LutB
19:42:19.589 - INFO - ANNOTATION - fix gene: lowercase first char. new=dppC, old=DppC
19:42:19.589 - INFO - ANNOTATION - fix gene: lowercase first char. new=dppC, old=DppC
19:42:19.589 - INFO - ANNOTATION - fix gene: lowercase first char. new=dppD, old=DppD
19:42:19.589 - INFO - ANNOTATION - fix gene: lowercase first char. new=dppD, old=DppD
19:42:19.589 - INFO - ANNOTATION - fix gene: lowercase first char. new=yejF, old=YejF
19:42:19.589 - INFO - ANNOTATION - fix gene: lowercase first char. new=yejF, old=YejF
19:42:19.589 - INFO - ANNOTATION - fix gene: extract symbol from protein name. symbol=queT
19:42:19.590 - INFO - ANNOTATION - fix gene: extract symbol from protein name. symbol=yveK
19:42:19.590 - INFO - ANNOTATION - fix gene: extract symbol from protein name. symbol=cpsD
19:42:19.590 - INFO - ANNOTATION - marked as hypothetical: seq=contig_6, start=49968, stop=50378, strand=+
19:42:19.590 - INFO - ANNOTATION - fix gene: extract symbol from protein name. symbol=epsL
19:42:19.590 - INFO - ANNOTATION - fix gene: lowercase first char. new=cps2a, old=Cps2a
19:42:19.590 - INFO - ANNOTATION - fix gene: lowercase first char. new=cps2a, old=Cps2a
19:42:19.590 - INFO - ANNOTATION - fix gene: lowercase first char. new=clpA, old=ClpA
19:42:19.590 - INFO - ANNOTATION - fix gene: lowercase first char. new=clpA, old=ClpA
19:42:19.590 - INFO - ANNOTATION - fix gene: extract symbol from protein name. symbol=arsR
19:42:19.590 - INFO - ANNOTATION - fix gene: lowercase first char. new=arsC, old=ArsC
19:42:19.590 - INFO - ANNOTATION - fix gene: lowercase first char. new=arsC, old=ArsC
19:42:19.590 - INFO - ANNOTATION - marked as hypothetical: seq=contig_6, start=62574, stop=62714, strand=-
19:42:19.590 - INFO - ANNOTATION - fix gene: lowercase first char. new=ilvE, old=IlvE
19:42:19.590 - INFO - ANNOTATION - fix gene: lowercase first char. new=ilvE, old=IlvE
19:42:19.590 - INFO - ANNOTATION - fix gene: extract symbol from protein name. symbol=glgB
19:42:19.590 - INFO - ANNOTATION - fix gene: extract symbol from protein name. symbol=glgD
19:42:19.590 - INFO - ANNOTATION - fix gene: extract symbol from protein name. symbol=glgA
19:42:19.591 - INFO - ANNOTATION - fix gene: lowercase first char. new=glgP, old=GlgP
19:42:19.591 - INFO - ANNOTATION - fix gene: lowercase first char. new=glgP, old=GlgP
19:42:19.591 - INFO - ANNOTATION - fix gene: extract symbol from protein name. symbol=arsR
19:42:19.591 - INFO - ANNOTATION - fix gene: lowercase first char. new=arsR, old=ArsR
19:42:19.591 - INFO - ANNOTATION - fix gene: lowercase first char. new=arsR, old=ArsR
19:42:19.591 - INFO - ANNOTATION - fix product: replace putative synonyms. new=putative Co/Zn/Cd cation transporter, old=Predicted Co/Zn/Cd cation transporter
19:42:19.591 - INFO - ANNOTATION - fix gene: extract symbol from protein name. symbol=speE1
19:42:19.591 - INFO - ANNOTATION - fix gene: lowercase first char. new=gmk, old=Gmk
19:42:19.591 - INFO - ANNOTATION - fix gene: lowercase first char. new=gmk, old=Gmk
19:42:19.591 - INFO - ANNOTATION - fix product: revise DUF. new=DUF6681 domain-containing protein, old=Family of unknown function (DUF6681)
19:42:19.591 - INFO - ANNOTATION - fix gene: lowercase first char. new=glnQ, old=GlnQ
19:42:19.591 - INFO - ANNOTATION - fix gene: lowercase first char. new=glnQ, old=GlnQ
19:42:19.591 - INFO - ANNOTATION - fix gene: lowercase first char. new=hisJ, old=HisJ
19:42:19.591 - INFO - ANNOTATION - fix gene: lowercase first char. new=hisJ, old=HisJ
19:42:19.591 - INFO - ANNOTATION - fix gene: lowercase first char. new=hisM, old=HisM
19:42:19.591 - INFO - ANNOTATION - fix gene: lowercase first char. new=hisM, old=HisM
19:42:19.591 - INFO - ANNOTATION - fix gene: lowercase first char. new=hisM, old=HisM
19:42:19.591 - INFO - ANNOTATION - fix gene: lowercase first char. new=hisM, old=HisM
19:42:19.591 - INFO - ANNOTATION - fix gene: lowercase first char. new=wcaJ, old=WcaJ
19:42:19.591 - INFO - ANNOTATION - fix gene: lowercase first char. new=wcaJ, old=WcaJ
19:42:19.592 - INFO - ANNOTATION - fix gene: extract symbol from protein name. symbol=yfhO
19:42:19.592 - INFO - ANNOTATION - fix gene: extract symbol from protein name. symbol=cpsC
19:42:19.592 - INFO - ANNOTATION - fix gene: extract symbol from protein name. symbol=cpsD
19:42:19.592 - INFO - ANNOTATION - fix gene: extract symbol from protein name. symbol=epsG
19:42:19.592 - INFO - ANNOTATION - fix product: replace Homolog. new=NodB-like y domain-containing protein, old=NodB homology domain-containing protein
19:42:19.592 - INFO - ANNOTATION - fix gene: extract symbol from protein name. symbol=hflX
19:42:19.592 - INFO - ANNOTATION - fix gene: lowercase first char. new=potE, old=PotE
19:42:19.592 - INFO - ANNOTATION - fix gene: lowercase first char. new=potE, old=PotE
19:42:19.592 - INFO - ANNOTATION - fix gene: lowercase first char. new=lolD, old=LolD
19:42:19.592 - INFO - ANNOTATION - fix gene: lowercase first char. new=lolD, old=LolD
19:42:19.592 - INFO - ANNOTATION - fix gene: lowercase first char. new=phoE, old=PhoE
19:42:19.592 - INFO - ANNOTATION - fix gene: lowercase first char. new=phoE, old=PhoE
19:42:19.592 - INFO - ANNOTATION - fix gene: lowercase first char. new=menH, old=MenH
19:42:19.592 - INFO - ANNOTATION - fix gene: lowercase first char. new=menH, old=MenH
19:42:19.593 - INFO - ANNOTATION - fix gene: extract symbol from protein name. symbol=helD
19:42:19.593 - INFO - ANNOTATION - fix gene: lowercase first char. new=yciA, old=YciA
19:42:19.593 - INFO - ANNOTATION - fix gene: lowercase first char. new=yciA, old=YciA
19:42:19.593 - INFO - ANNOTATION - fix gene: lowercase first char. new=pepD, old=PepD
19:42:19.593 - INFO - ANNOTATION - fix gene: lowercase first char. new=pepD, old=PepD
19:42:19.593 - INFO - ANNOTATION - marked as hypothetical: seq=contig_6, start=141331, stop=142095, strand=-
19:42:19.593 - INFO - ANNOTATION - marked as hypothetical: seq=contig_6, start=142944, stop=144398, strand=-
19:42:19.593 - INFO - ANNOTATION - marked as hypothetical: seq=contig_6, start=145413, stop=145553, strand=+
19:42:19.593 - INFO - ANNOTATION - marked as hypothetical: seq=contig_6, start=149339, stop=149545, strand=-
19:42:19.593 - INFO - ANNOTATION - fix gene: extract symbol from protein name. symbol=lysM
19:42:19.593 - INFO - ANNOTATION - marked as hypothetical: seq=contig_6, start=155151, stop=155252, strand=+
19:42:19.593 - INFO - ANNOTATION - fix gene: extract symbol from protein name. symbol=cydC
19:42:19.593 - INFO - ANNOTATION - fix gene: extract symbol from protein name. symbol=madB
19:42:19.593 - INFO - ANNOTATION - marked as hypothetical: seq=contig_6, start=164563, stop=164874, strand=+
19:42:19.594 - INFO - ANNOTATION - fix gene: extract symbol from protein name. symbol=oppF
19:42:19.594 - INFO - INSDC - fix product: replace putative synonyms. new=putative ABC transporter, ATPase component, old=Uncharacterized ABC transporter, ATPase component
19:42:19.594 - INFO - ANNOTATION - fix gene: extract symbol from protein name. symbol=gntR
19:42:19.594 - INFO - ANNOTATION - fix product: replace putative synonyms. new=putative membrane transporter protein, old=Probable membrane transporter protein
19:42:19.594 - INFO - ANNOTATION - fix gene: extract symbol from protein name. symbol=tetR
19:42:19.594 - INFO - ANNOTATION - fix gene: extract symbol from protein name. symbol=padR
19:42:19.594 - INFO - ANNOTATION - fix gene: extract symbol from protein name. symbol=secA
19:42:19.594 - INFO - ANNOTATION - fix product: replace putative synonyms. new=putative RNA 2'-phosphotransferase, old=Probable RNA 2'-phosphotransferase
19:42:19.594 - INFO - ANNOTATION - fix gene: lowercase first char. new=citM, old=CitM
19:42:19.594 - INFO - ANNOTATION - fix gene: lowercase first char. new=citM, old=CitM
19:42:19.594 - INFO - ANNOTATION - fix gene: lowercase first char. new=oadB, old=OadB
19:42:19.594 - INFO - ANNOTATION - fix gene: lowercase first char. new=oadB, old=OadB
19:42:19.595 - INFO - ANNOTATION - fix gene: lowercase first char. new=oadG, old=OadG
19:42:19.595 - INFO - ANNOTATION - fix gene: lowercase first char. new=oadG, old=OadG
19:42:19.595 - INFO - ANNOTATION - fix gene: lowercase first char. new=citE, old=CitE
19:42:19.595 - INFO - ANNOTATION - fix gene: lowercase first char. new=citE, old=CitE
19:42:19.595 - INFO - ANNOTATION - fix gene: lowercase first char. new=oadA1, old=OadA1
19:42:19.595 - INFO - ANNOTATION - fix gene: lowercase first char. new=oadA1, old=OadA1
19:42:19.595 - INFO - ANNOTATION - fix gene: extract symbol from protein name. symbol=gntR
19:42:19.595 - INFO - ANNOTATION - fix gene: lowercase first char. new=gntR, old=GntR
19:42:19.595 - INFO - ANNOTATION - fix gene: lowercase first char. new=gntR, old=GntR
19:42:19.595 - INFO - ANNOTATION - fix product: replace putative synonyms. new=putative 2-(5''-triphosphoribosyl)-3'-dephosphocoenzyme-A synthase, old=Probable 2-(5''-triphosphoribosyl)-3'-dephosphocoenzyme-A synthase
19:42:19.595 - INFO - ANNOTATION - fix gene: extract symbol from protein name. symbol=alsS
19:42:19.595 - INFO - ANNOTATION - marked as hypothetical: seq=contig_6, start=204148, stop=204291, strand=+
19:42:19.595 - INFO - ANNOTATION - fix gene: lowercase first char. new=lysP, old=LysP
19:42:19.595 - INFO - ANNOTATION - fix gene: lowercase first char. new=lysP, old=LysP
19:42:19.595 - INFO - ANNOTATION - fix gene: lowercase first char. new=eis, old=Eis
19:42:19.595 - INFO - ANNOTATION - fix gene: lowercase first char. new=eis, old=Eis
19:42:19.596 - INFO - ANNOTATION - fix gene: extract symbol from protein name. symbol=recD2
19:42:19.596 - INFO - ANNOTATION - fix gene: lowercase first char. new=phoE, old=PhoE
19:42:19.596 - INFO - ANNOTATION - fix gene: lowercase first char. new=phoE, old=PhoE
19:42:19.596 - INFO - ANNOTATION - fix gene: extract symbol from protein name. symbol=mnmA
19:42:19.596 - INFO - ANNOTATION - marked as hypothetical: seq=contig_7, start=7017, stop=7232, strand=+
19:42:19.596 - INFO - ANNOTATION - fix gene: lowercase first char. new=nifS, old=NifS
19:42:19.596 - INFO - ANNOTATION - fix gene: lowercase first char. new=nifS, old=NifS
19:42:19.596 - INFO - ANNOTATION - fix gene: lowercase first char. new=xpaC, old=XpaC
19:42:19.596 - INFO - ANNOTATION - fix gene: lowercase first char. new=xpaC, old=XpaC
19:42:19.596 - INFO - ANNOTATION - fix gene: extract symbol from protein name. symbol=telA
19:42:19.596 - INFO - ANNOTATION - fix gene: lowercase first char. new=yaaN, old=YaaN
19:42:19.596 - INFO - ANNOTATION - fix gene: lowercase first char. new=yaaN, old=YaaN
19:42:19.596 - INFO - ANNOTATION - fix gene: lowercase first char. new=araJ, old=AraJ
19:42:19.596 - INFO - ANNOTATION - fix gene: lowercase first char. new=araJ, old=AraJ
19:42:19.596 - INFO - ANNOTATION - fix gene: lowercase first char. new=pstS, old=PstS
19:42:19.596 - INFO - ANNOTATION - fix gene: lowercase first char. new=pstS, old=PstS
19:42:19.596 - INFO - ANNOTATION - fix gene: extract symbol from protein name. symbol=sepF
19:42:19.597 - INFO - ANNOTATION - fix gene: extract symbol from protein name. symbol=ftsZ
19:42:19.597 - INFO - ANNOTATION - fix gene: extract symbol from protein name. symbol=ftsA
19:42:19.597 - INFO - ANNOTATION - fix gene: extract symbol from protein name. symbol=ftsI
19:42:19.597 - INFO - ANNOTATION - fix gene: extract symbol from protein name. symbol=ftsL
19:42:19.597 - INFO - ANNOTATION - fix gene: extract symbol from protein name. symbol=rsmH
19:42:19.597 - INFO - ANNOTATION - fix gene: extract symbol from protein name. symbol=mraZ
19:42:19.597 - INFO - ANNOTATION - fix gene: lowercase first char. new=hisM, old=HisM
19:42:19.597 - INFO - ANNOTATION - fix gene: lowercase first char. new=hisM, old=HisM
19:42:19.597 - INFO - ANNOTATION - fix gene: extract symbol from protein name. symbol=minD
19:42:19.597 - INFO - ANNOTATION - fix product: replace putative synonyms. new=putative septum site-determining protein MinC, old=Probable septum site-determining protein MinC
19:42:19.597 - INFO - ANNOTATION - fix gene: extract symbol from protein name. symbol=minC
19:42:19.597 - INFO - ANNOTATION - fix gene: extract symbol from protein name. symbol=mreD
19:42:19.597 - INFO - ANNOTATION - fix gene: extract symbol from protein name. symbol=mreC
19:42:19.597 - INFO - ANNOTATION - fix gene: extract symbol from protein name. symbol=mreB
19:42:19.597 - INFO - ANNOTATION - fix gene: lowercase first char. new=mreB, old=MreB
19:42:19.598 - INFO - ANNOTATION - fix gene: lowercase first char. new=mreB, old=MreB
19:42:19.598 - INFO - ANNOTATION - fix gene: extract symbol from protein name. symbol=radC
19:42:19.598 - INFO - ANNOTATION - fix product: replace putative synonyms. new=putative tRNA sulfurtransferase, old=Probable tRNA sulfurtransferase
19:42:19.598 - INFO - ANNOTATION - fix gene: extract symbol from protein name. symbol=ezrA
19:42:19.598 - INFO - ANNOTATION - fix gene: extract symbol from protein name. symbol=citB
19:42:19.598 - INFO - ANNOTATION - fix gene: extract symbol from protein name. symbol=degV
19:42:19.598 - INFO - ANNOTATION - fix gene: lowercase first char. new=degV, old=DegV
19:42:19.598 - INFO - ANNOTATION - fix gene: lowercase first char. new=degV, old=DegV
19:42:19.598 - INFO - ANNOTATION - fix gene: extract symbol from protein name. symbol=cheY
19:42:19.599 - INFO - ANNOTATION - fix gene: lowercase first char. new=oppA, old=OppA
19:42:19.599 - INFO - ANNOTATION - fix gene: lowercase first char. new=oppA, old=OppA
19:42:19.599 - INFO - ANNOTATION - fix gene: lowercase first char. new=dck, old=Dck
19:42:19.599 - INFO - ANNOTATION - fix gene: lowercase first char. new=dck, old=Dck
19:42:19.599 - INFO - ANNOTATION - fix gene: extract symbol from protein name. symbol=pnuC
19:42:19.599 - INFO - ANNOTATION - fix gene: extract symbol from protein name. symbol=msrA
19:42:19.599 - INFO - ANNOTATION - fix gene: lowercase first char. new=rarA, old=RarA
19:42:19.599 - INFO - ANNOTATION - fix gene: lowercase first char. new=rarA, old=RarA
19:42:19.599 - INFO - ANNOTATION - fix gene: lowercase first char. new=uspA, old=UspA
19:42:19.599 - INFO - ANNOTATION - fix gene: lowercase first char. new=uspA, old=UspA
19:42:19.599 - INFO - ANNOTATION - fix gene: lowercase first char. new=yueI, old=YueI
19:42:19.600 - INFO - ANNOTATION - fix gene: lowercase first char. new=yueI, old=YueI
19:42:19.600 - INFO - ANNOTATION - fix gene: extract symbol from protein name. symbol=sufB
19:42:19.600 - INFO - ANNOTATION - fix gene: extract symbol from protein name. symbol=sufU
19:42:19.600 - INFO - ANNOTATION - fix gene: extract symbol from protein name. symbol=sufC
19:42:19.600 - INFO - ANNOTATION - fix gene: lowercase first char. new=metP, old=MetP
19:42:19.600 - INFO - ANNOTATION - fix gene: lowercase first char. new=metP, old=MetP
19:42:19.600 - INFO - ANNOTATION - fix gene: extract symbol from protein name. symbol=metN
19:42:19.600 - INFO - ANNOTATION - fix gene: lowercase first char. new=nlpA, old=NlpA
19:42:19.600 - INFO - ANNOTATION - fix gene: lowercase first char. new=nlpA, old=NlpA
19:42:19.600 - INFO - ANNOTATION - fix gene: lowercase first char. new=nlpA, old=NlpA
19:42:19.600 - INFO - ANNOTATION - fix gene: lowercase first char. new=nlpA, old=NlpA
19:42:19.600 - INFO - ANNOTATION - marked as hypothetical: seq=contig_8, start=3701, stop=3859, strand=+
19:42:19.600 - INFO - ANNOTATION - marked as hypothetical: seq=contig_8, start=5902, stop=6114, strand=+
19:42:19.600 - INFO - ANNOTATION - fix gene: extract symbol from protein name. symbol=lysM
19:42:19.600 - INFO - ANNOTATION - marked as hypothetical: seq=contig_8, start=10294, stop=10386, strand=+
19:42:19.600 - INFO - ANNOTATION - marked as hypothetical: seq=contig_8, start=10383, stop=10496, strand=+
19:42:19.600 - INFO - ANNOTATION - fix gene: extract symbol from protein name. symbol=larB
19:42:19.600 - INFO - ANNOTATION - fix gene: extract symbol from protein name. symbol=larC
19:42:19.601 - INFO - ANNOTATION - fix gene: extract symbol from protein name. symbol=larE
19:42:19.601 - INFO - ANNOTATION - marked as hypothetical: seq=contig_8, start=18560, stop=18814, strand=+
19:42:19.601 - INFO - ANNOTATION - marked as hypothetical: seq=contig_8, start=19091, stop=19249, strand=+
19:42:19.601 - INFO - ANNOTATION - marked as hypothetical: seq=contig_8, start=19458, stop=19736, strand=+
19:42:19.601 - INFO - ANNOTATION - marked as hypothetical: seq=contig_8, start=19748, stop=20014, strand=+
19:42:19.601 - INFO - ANNOTATION - fix gene: extract symbol from protein name. symbol=essB
19:42:19.601 - INFO - ANNOTATION - marked as hypothetical: seq=contig_8, start=23716, stop=24294, strand=+
19:42:19.601 - INFO - ANNOTATION - marked as hypothetical: seq=contig_8, start=28828, stop=29163, strand=+
19:42:19.601 - INFO - ANNOTATION - marked as hypothetical: seq=contig_8, start=29147, stop=29743, strand=+
19:42:19.601 - INFO - ANNOTATION - marked as hypothetical: seq=contig_8, start=33718, stop=34539, strand=+
19:42:19.601 - INFO - ANNOTATION - fix gene: extract symbol from protein name. symbol=copG
19:42:19.601 - INFO - ANNOTATION - marked as hypothetical: seq=contig_8, start=37353, stop=37598, strand=+
19:42:19.601 - INFO - ANNOTATION - marked as hypothetical: seq=contig_8, start=40131, stop=40367, strand=+
19:42:19.601 - INFO - ANNOTATION - marked as hypothetical: seq=contig_8, start=41721, stop=42167, strand=-
19:42:19.601 - INFO - ANNOTATION - marked as hypothetical: seq=contig_8, start=44075, stop=44305, strand=+
19:42:19.602 - INFO - ANNOTATION - fix gene: extract symbol from protein name. symbol=ybiR
19:42:19.602 - INFO - ANNOTATION - marked as hypothetical: seq=contig_8, start=54898, stop=55017, strand=-
19:42:19.602 - INFO - ANNOTATION - fix gene: extract symbol from protein name. symbol=yxeA
19:42:19.602 - INFO - ANNOTATION - fix gene: extract symbol from protein name. symbol=mntH
19:42:19.602 - INFO - ANNOTATION - marked as hypothetical: seq=contig_8, start=60963, stop=61274, strand=+
19:42:19.602 - INFO - ANNOTATION - marked as hypothetical: seq=contig_8, start=61857, stop=62132, strand=-
19:42:19.602 - INFO - ANNOTATION - fix gene: lowercase first char. new=nlpA, old=NlpA
19:42:19.602 - INFO - ANNOTATION - fix gene: lowercase first char. new=nlpA, old=NlpA
19:42:19.602 - INFO - ANNOTATION - fix gene: extract symbol from protein name. symbol=ssuB
19:42:19.602 - INFO - ANNOTATION - fix gene: extract symbol from protein name. symbol=dppE
19:42:19.602 - INFO - ANNOTATION - marked as hypothetical: seq=contig_8, start=77047, stop=77319, strand=+
19:42:19.603 - INFO - ANNOTATION - fix gene: lowercase first char. new=ygaC, old=YgaC
19:42:19.603 - INFO - ANNOTATION - fix gene: lowercase first char. new=ygaC, old=YgaC
19:42:19.603 - INFO - ANNOTATION - fix gene: extract symbol from protein name. symbol=recX
19:42:19.603 - INFO - ANNOTATION - marked as hypothetical: seq=contig_9, start=8804, stop=9178, strand=-
19:42:19.603 - INFO - ANNOTATION - fix gene: extract symbol from protein name. symbol=rlmD
19:42:19.603 - INFO - ANNOTATION - fix gene: extract symbol from protein name. symbol=gntR
19:42:19.603 - INFO - ANNOTATION - marked as hypothetical: seq=contig_9, start=22751, stop=23050, strand=+
19:42:19.603 - INFO - ANNOTATION - fix product: replace putative synonyms. new=putative Mrr-like endonuclease, old=Predicted Mrr-like endonuclease
19:42:19.603 - INFO - ANNOTATION - fix product: replace putative synonyms. new=putative succinyl-diaminopimelate desuccinylase, old=Probable succinyl-diaminopimelate desuccinylase
19:42:19.603 - INFO - ANNOTATION - fix gene: extract symbol from protein name. symbol=sprT
19:42:19.603 - INFO - ANNOTATION - marked as hypothetical: seq=contig_9, start=31847, stop=32068, strand=+
19:42:19.604 - INFO - ANNOTATION - fix gene: lowercase first char. new=mgtA, old=MgtA
19:42:19.604 - INFO - ANNOTATION - fix gene: lowercase first char. new=mgtA, old=MgtA
19:42:19.604 - INFO - ANNOTATION - marked as hypothetical: seq=contig_9, start=36986, stop=37228, strand=+
19:42:19.604 - INFO - ANNOTATION - fix gene: lowercase first char. new=pncB, old=PncB
19:42:19.604 - INFO - ANNOTATION - fix gene: lowercase first char. new=pncB, old=PncB
19:42:19.604 - INFO - ANNOTATION - fix gene: extract symbol from protein name. symbol=gntR
19:42:19.604 - INFO - ANNOTATION - fix gene: lowercase first char. new=mngR, old=MngR
19:42:19.604 - INFO - ANNOTATION - fix gene: lowercase first char. new=mngR, old=MngR
19:42:19.604 - INFO - ANNOTATION - fix product: replace putative synonyms. new=putative phosphohydrolase, old=Predicted phosphohydrolase
19:42:19.604 - INFO - ANNOTATION - fix gene: lowercase first char. new=pTR2, old=PTR2
19:42:19.604 - INFO - ANNOTATION - fix gene: lowercase first char. new=pTR2, old=PTR2
19:42:19.604 - INFO - ANNOTATION - fix gene: lowercase first char. new=lolD, old=LolD
19:42:19.604 - INFO - ANNOTATION - fix gene: lowercase first char. new=lolD, old=LolD
19:42:19.604 - INFO - ANNOTATION - marked as hypothetical: seq=contig_9, start=51735, stop=52109, strand=-
19:42:19.604 - INFO - ANNOTATION - marked as hypothetical: seq=contig_9, start=64071, stop=64595, strand=-
19:42:19.605 - INFO - ANNOTATION - fix gene: lowercase first char. new=ykoE, old=YkoE
19:42:19.605 - INFO - ANNOTATION - fix gene: lowercase first char. new=ykoE, old=YkoE
19:42:19.605 - INFO - ANNOTATION - fix gene: extract symbol from protein name. symbol=ccmA
19:42:19.605 - INFO - ANNOTATION - fix gene: extract symbol from protein name. symbol=cbiQ
19:42:19.605 - INFO - ANNOTATION - fix gene: extract symbol from protein name. symbol=thiW
19:42:19.605 - INFO - ANNOTATION - fix gene: extract symbol from protein name. symbol=ycaM
19:42:19.605 - INFO - ANNOTATION - fix gene: lowercase first char. new=lysP, old=LysP
19:42:19.605 - INFO - ANNOTATION - fix gene: lowercase first char. new=lysP, old=LysP
19:42:19.605 - INFO - ANNOTATION - marked as hypothetical: seq=contig_10, start=8899, stop=9147, strand=+
19:42:19.605 - INFO - ANNOTATION - fix gene: extract symbol from protein name. symbol=rbsR
19:42:19.605 - INFO - ANNOTATION - fix gene: extract symbol from protein name. symbol=ccmA
19:42:19.605 - INFO - ANNOTATION - fix gene: extract symbol from protein name. symbol=ftsI
19:42:19.605 - INFO - ANNOTATION - fix gene: extract symbol from protein name. symbol=mgrA
19:42:19.605 - INFO - ANNOTATION - marked as hypothetical: seq=contig_10, start=19986, stop=20549, strand=+
19:42:19.605 - INFO - ANNOTATION - fix gene: extract symbol from protein name. symbol=yxeA
19:42:19.606 - INFO - ANNOTATION - fix gene: extract symbol from protein name. symbol=skfA
19:42:19.606 - INFO - ANNOTATION - fix gene: extract symbol from protein name. symbol=skfE
19:42:19.606 - INFO - ANNOTATION - fix gene: extract symbol from protein name. symbol=trmB
19:42:19.606 - INFO - ANNOTATION - fix product: replace putative synonyms. new=putative membrane transporter protein, old=Probable membrane transporter protein
19:42:19.606 - INFO - ANNOTATION - marked as hypothetical: seq=contig_10, start=39659, stop=39913, strand=+
19:42:19.606 - INFO - ANNOTATION - marked as hypothetical: seq=contig_10, start=40844, stop=41128, strand=-
19:42:19.606 - INFO - ANNOTATION - marked as hypothetical: seq=contig_10, start=41503, stop=41631, strand=+
19:42:19.606 - INFO - ANNOTATION - fix product: replace putative synonyms. new=putative membrane transporter protein, old=Probable membrane transporter protein
19:42:19.606 - INFO - ANNOTATION - fix gene: extract symbol from protein name. symbol=rihC
19:42:19.606 - INFO - ANNOTATION - fix gene: extract symbol from protein name. symbol=dcuC
19:42:19.607 - INFO - ANNOTATION - fix gene: extract symbol from protein name. symbol=gntR
19:42:19.607 - INFO - ANNOTATION - fix gene: extract symbol from protein name. symbol=esuE
19:42:19.607 - INFO - ANNOTATION - fix gene: extract symbol from protein name. symbol=esuD
19:42:19.607 - INFO - ANNOTATION - fix gene: extract symbol from protein name. symbol=esuC
19:42:19.607 - INFO - ANNOTATION - fix gene: extract symbol from protein name. symbol=esuA
19:42:19.607 - INFO - ANNOTATION - fix gene: lowercase first char. new=yabR, old=YabR
19:42:19.607 - INFO - ANNOTATION - fix gene: lowercase first char. new=yabR, old=YabR
19:42:19.607 - INFO - ANNOTATION - fix gene: lowercase first char. new=ppiB, old=PpiB
19:42:19.607 - INFO - ANNOTATION - fix gene: lowercase first char. new=ppiB, old=PpiB
19:42:19.607 - INFO - ANNOTATION - fix gene: lowercase first char. new=pgpA, old=PgpA
19:42:19.607 - INFO - ANNOTATION - fix gene: lowercase first char. new=pgpA, old=PgpA
19:42:19.607 - INFO - ANNOTATION - fix gene: lowercase first char. new=dedA, old=DedA
19:42:19.607 - INFO - ANNOTATION - fix gene: lowercase first char. new=dedA, old=DedA
19:42:19.607 - INFO - ANNOTATION - fix product: replace putative synonyms. new=putative membrane protein, old=Predicted membrane protein
19:42:19.607 - INFO - ANNOTATION - fix gene: lowercase first char. new=nagD, old=NagD
19:42:19.607 - INFO - ANNOTATION - fix gene: lowercase first char. new=nagD, old=NagD
19:42:19.607 - INFO - ANNOTATION - fix product: replace putative synonyms. new=putative multitransmembrane protein, old=Predicted multitransmembrane protein
19:42:19.607 - INFO - ANNOTATION - marked as hypothetical: seq=contig_11, start=10314, stop=10628, strand=-
19:42:19.608 - INFO - ANNOTATION - fix gene: extract symbol from protein name. symbol=pepV
19:42:19.608 - INFO - ANNOTATION - fix gene: extract symbol from protein name. symbol=yjjG
19:42:19.608 - INFO - ANNOTATION - fix gene: lowercase first char. new=yigB, old=YigB
19:42:19.608 - INFO - ANNOTATION - fix gene: lowercase first char. new=yigB, old=YigB
19:42:19.608 - INFO - ANNOTATION - fix gene: lowercase first char. new=pepP, old=PepP
19:42:19.608 - INFO - ANNOTATION - fix gene: lowercase first char. new=pepP, old=PepP
19:42:19.608 - INFO - ANNOTATION - fix gene: extract symbol from protein name. symbol=cbpB
19:42:19.608 - INFO - ANNOTATION - fix gene: lowercase first char. new=glpF, old=GlpF
19:42:19.608 - INFO - ANNOTATION - fix gene: lowercase first char. new=glpF, old=GlpF
19:42:19.608 - INFO - ANNOTATION - fix gene: extract symbol from protein name. symbol=dltD
19:42:19.608 - INFO - ANNOTATION - fix gene: extract symbol from protein name. symbol=dltB
19:42:19.608 - INFO - ANNOTATION - fix gene: extract symbol from protein name. symbol=dltA
19:42:19.608 - INFO - ANNOTATION - fix gene: extract symbol from protein name. symbol=mutS2
19:42:19.608 - INFO - ANNOTATION - fix product: replace putative synonyms. new=putative membrane ancor connecting MutS2 with cell-division Z-ring, old=Predicted membrane ancor connecting MutS2 with cell-division Z-ring
19:42:19.608 - INFO - ANNOTATION - fix gene: extract symbol from protein name. symbol=mutS2
19:42:19.609 - INFO - ANNOTATION - fix gene: extract symbol from protein name. symbol=zapA
19:42:19.609 - INFO - ANNOTATION - fix gene: lowercase first char. new=yrzB, old=YrzB
19:42:19.609 - INFO - ANNOTATION - fix gene: lowercase first char. new=yrzB, old=YrzB
19:42:19.609 - INFO - ANNOTATION - fix gene: extract symbol from protein name. symbol=ruvX
19:42:19.609 - INFO - ANNOTATION - fix gene: extract symbol from protein name. symbol=ireB
19:42:19.609 - INFO - ANNOTATION - marked as hypothetical: seq=contig_11, start=39692, stop=39853, strand=-
19:42:19.609 - INFO - ANNOTATION - marked as hypothetical: seq=contig_11, start=43108, stop=44043, strand=-
19:42:19.609 - INFO - ANNOTATION - fix gene: extract symbol from protein name. symbol=cshB
19:42:19.609 - INFO - ANNOTATION - fix gene: lowercase first char. new=srmB, old=SrmB
19:42:19.609 - INFO - ANNOTATION - fix gene: lowercase first char. new=srmB, old=SrmB
19:42:19.609 - INFO - ANNOTATION - fix gene: extract symbol from protein name. symbol=nrnA
19:42:19.609 - INFO - ANNOTATION - fix gene: lowercase first char. new=nrnA, old=NrnA
19:42:19.609 - INFO - ANNOTATION - fix gene: lowercase first char. new=nrnA, old=NrnA
19:42:19.609 - INFO - ANNOTATION - fix gene: lowercase first char. new=ytoI, old=YtoI
19:42:19.609 - INFO - ANNOTATION - fix gene: lowercase first char. new=ytoI, old=YtoI
19:42:19.609 - INFO - ANNOTATION - fix gene: lowercase first char. new=mntR, old=MntR
19:42:19.609 - INFO - ANNOTATION - fix gene: lowercase first char. new=mntR, old=MntR
19:42:19.609 - INFO - ANNOTATION - fix gene: extract symbol from protein name. symbol=yajC
19:42:19.609 - INFO - ANNOTATION - fix gene: extract symbol from protein name. symbol=queA
19:42:19.610 - INFO - ANNOTATION - fix gene: extract symbol from protein name. symbol=ruvB
19:42:19.610 - INFO - ANNOTATION - fix gene: extract symbol from protein name. symbol=ruvA
19:42:19.610 - INFO - ANNOTATION - fix gene: extract symbol from protein name. symbol=thrE
19:42:19.610 - INFO - ANNOTATION - fix gene: lowercase first char. new=livH, old=LivH
19:42:19.610 - INFO - ANNOTATION - fix gene: lowercase first char. new=livH, old=LivH
19:42:19.610 - INFO - ANNOTATION - fix gene: lowercase first char. new=livM, old=LivM
19:42:19.610 - INFO - ANNOTATION - fix gene: lowercase first char. new=livM, old=LivM
19:42:19.610 - INFO - ANNOTATION - fix gene: lowercase first char. new=deoB, old=DeoB
19:42:19.610 - INFO - ANNOTATION - fix gene: lowercase first char. new=deoB, old=DeoB
19:42:19.610 - INFO - ANNOTATION - fix gene: lowercase first char. new=ugpB, old=UgpB
19:42:19.610 - INFO - ANNOTATION - fix gene: lowercase first char. new=ugpB, old=UgpB
19:42:19.611 - INFO - ANNOTATION - fix gene: extract symbol from protein name. symbol=gntR
19:42:19.611 - INFO - ANNOTATION - fix gene: lowercase first char. new=agaS, old=AgaS
19:42:19.611 - INFO - ANNOTATION - fix gene: lowercase first char. new=agaS, old=AgaS
19:42:19.611 - INFO - ANNOTATION - fix gene: lowercase first char. new=manZ, old=ManZ
19:42:19.611 - INFO - ANNOTATION - fix gene: lowercase first char. new=manZ, old=ManZ
19:42:19.611 - INFO - ANNOTATION - fix gene: lowercase first char. new=manX, old=ManX
19:42:19.611 - INFO - ANNOTATION - fix gene: lowercase first char. new=manX, old=ManX
19:42:19.611 - INFO - ANNOTATION - fix gene: lowercase first char. new=celB, old=CelB
19:42:19.611 - INFO - ANNOTATION - fix gene: lowercase first char. new=celB, old=CelB
19:42:19.611 - INFO - ANNOTATION - fix gene: lowercase first char. new=celA, old=CelA
19:42:19.611 - INFO - ANNOTATION - fix gene: lowercase first char. new=celA, old=CelA
19:42:19.611 - INFO - ANNOTATION - fix gene: extract symbol from protein name. symbol=ypdE
19:42:19.611 - INFO - ANNOTATION - fix gene: extract symbol from protein name. symbol=dppE
19:42:19.611 - INFO - ANNOTATION - marked as hypothetical: seq=contig_12, start=50027, stop=50275, strand=+
19:42:19.611 - INFO - ANNOTATION - marked as hypothetical: seq=contig_13, start=45, stop=275, strand=+
19:42:19.612 - INFO - ANNOTATION - marked as hypothetical: seq=contig_13, start=3438, stop=3677, strand=-
19:42:19.612 - INFO - ANNOTATION - marked as hypothetical: seq=contig_13, start=3930, stop=4073, strand=-
19:42:19.612 - INFO - ANNOTATION - fix gene: lowercase first char. new=tadA, old=TadA
19:42:19.612 - INFO - ANNOTATION - fix gene: lowercase first char. new=tadA, old=TadA
19:42:19.612 - INFO - ANNOTATION - fix gene: extract symbol from protein name. symbol=hicB
19:42:19.612 - INFO - ANNOTATION - fix product: replace putative synonyms. new=putative integral membrane protein, old=Predicted integral membrane protein
19:42:19.612 - INFO - ANNOTATION - fix gene: lowercase first char. new=pepD, old=PepD
19:42:19.612 - INFO - ANNOTATION - fix gene: lowercase first char. new=pepD, old=PepD
19:42:19.612 - INFO - ANNOTATION - marked as hypothetical: seq=contig_13, start=16111, stop=16446, strand=-
19:42:19.612 - INFO - ANNOTATION - fix gene: extract symbol from protein name. symbol=tetR
19:42:19.612 - INFO - ANNOTATION - fix gene: lowercase first char. new=mdlB, old=MdlB
19:42:19.612 - INFO - ANNOTATION - fix gene: lowercase first char. new=mdlB, old=MdlB
19:42:19.612 - INFO - ANNOTATION - fix gene: lowercase first char. new=mdlB, old=MdlB
19:42:19.612 - INFO - ANNOTATION - fix gene: lowercase first char. new=mdlB, old=MdlB
19:42:19.612 - INFO - ANNOTATION - fix product: replace putative synonyms. new=putative flavoprotein, old=Predicted flavoprotein
19:42:19.612 - INFO - ANNOTATION - fix gene: extract symbol from protein name. symbol=murT
19:42:19.613 - INFO - ANNOTATION - fix gene: lowercase first char. new=tdk, old=Tdk
19:42:19.613 - INFO - ANNOTATION - fix gene: lowercase first char. new=tdk, old=Tdk
19:42:19.613 - INFO - ANNOTATION - fix gene: extract symbol from protein name. symbol=mreB
19:42:19.613 - INFO - ANNOTATION - fix gene: lowercase first char. new=mreB, old=MreB
19:42:19.613 - INFO - ANNOTATION - fix gene: lowercase first char. new=mreB, old=MreB
19:42:19.613 - INFO - ANNOTATION - fix gene: extract symbol from protein name. symbol=yidD
19:42:19.613 - INFO - ANNOTATION - fix gene: lowercase first char. new=ftsW, old=FtsW
19:42:19.613 - INFO - ANNOTATION - fix gene: lowercase first char. new=ftsW, old=FtsW
19:42:19.613 - INFO - ANNOTATION - fix product: replace putative synonyms. new=putative succinyl-diaminopimelate desuccinylase, old=Probable succinyl-diaminopimelate desuccinylase
19:42:19.613 - INFO - ANNOTATION - fix gene: lowercase first char. new=ylbF, old=YlbF
19:42:19.613 - INFO - ANNOTATION - fix gene: lowercase first char. new=ylbF, old=YlbF
19:42:19.614 - INFO - ANNOTATION - fix gene: lowercase first char. new=mrcB, old=MrcB
19:42:19.614 - INFO - ANNOTATION - fix gene: lowercase first char. new=mrcB, old=MrcB
19:42:19.614 - INFO - ANNOTATION - fix gene: lowercase first char. new=argR, old=ArgR
19:42:19.614 - INFO - ANNOTATION - fix gene: lowercase first char. new=argR, old=ArgR
19:42:19.614 - INFO - ANNOTATION - marked as hypothetical: seq=contig_14, start=6777, stop=6959, strand=+
19:42:19.614 - INFO - ANNOTATION - fix gene: extract symbol from protein name. symbol=mecA
19:42:19.614 - INFO - ANNOTATION - fix gene: extract symbol from protein name. symbol=spxA
19:42:19.614 - INFO - ANNOTATION - fix gene: lowercase first char. new=lolD, old=LolD
19:42:19.614 - INFO - ANNOTATION - fix gene: lowercase first char. new=lolD, old=LolD
19:42:19.614 - INFO - ANNOTATION - fix gene: extract symbol from protein name. symbol=ompR
19:42:19.614 - INFO - ANNOTATION - fix gene: lowercase first char. new=ompR, old=OmpR
19:42:19.614 - INFO - ANNOTATION - fix gene: lowercase first char. new=ompR, old=OmpR
19:42:19.615 - INFO - ANNOTATION - fix gene: extract symbol from protein name. symbol=purL
19:42:19.615 - INFO - ANNOTATION - fix gene: extract symbol from protein name. symbol=purQ
19:42:19.615 - INFO - ANNOTATION - fix gene: extract symbol from protein name. symbol=purS
19:42:19.615 - INFO - ANNOTATION - fix gene: extract symbol from protein name. symbol=thiT
19:42:19.615 - INFO - ANNOTATION - fix gene: lowercase first char. new=ptsA, old=PtsA
19:42:19.615 - INFO - ANNOTATION - fix gene: lowercase first char. new=ptsA, old=PtsA
19:42:19.615 - INFO - ANNOTATION - marked as hypothetical: seq=contig_14, start=38149, stop=38340, strand=-
19:42:19.615 - INFO - ANNOTATION - fix product: revise DUF. new=DUF1827 domain-containing protein, old=DUF1827 family protein
19:42:19.615 - INFO - ANNOTATION - marked as hypothetical: seq=contig_15, start=47, stop=517, strand=-
19:42:19.615 - INFO - ANNOTATION - marked as hypothetical: seq=contig_15, start=3186, stop=4271, strand=+
19:42:19.615 - INFO - ANNOTATION - fix gene: extract symbol from protein name. symbol=lacI
19:42:19.616 - INFO - ANNOTATION - marked as hypothetical: seq=contig_15, start=28523, stop=28858, strand=+
19:42:19.616 - INFO - ANNOTATION - marked as hypothetical: seq=contig_16, start=110, stop=922, strand=+
19:42:19.616 - INFO - ANNOTATION - fix gene: lowercase first char. new=spoIVCA, old=SpoIVCA
19:42:19.616 - INFO - ANNOTATION - fix gene: lowercase first char. new=spoIVCA, old=SpoIVCA
19:42:19.616 - INFO - ANNOTATION - fix gene: lowercase first char. new=lig, old=Lig
19:42:19.616 - INFO - ANNOTATION - fix gene: lowercase first char. new=lig, old=Lig
19:42:19.616 - INFO - ANNOTATION - fix gene: lowercase first char. new=fur, old=Fur
19:42:19.616 - INFO - ANNOTATION - fix gene: lowercase first char. new=fur, old=Fur
19:42:19.616 - INFO - ANNOTATION - fix gene: lowercase first char. new=mdoB, old=MdoB
19:42:19.616 - INFO - ANNOTATION - fix gene: lowercase first char. new=mdoB, old=MdoB
19:42:19.616 - INFO - ANNOTATION - fix product: revise DUF. new=DUF1797 domain-containing protein, old=DUF1797 family protein
19:42:19.616 - INFO - ANNOTATION - fix gene: lowercase first char. new=ykuJ, old=YkuJ
19:42:19.616 - INFO - ANNOTATION - fix gene: lowercase first char. new=ykuJ, old=YkuJ
19:42:19.616 - INFO - ANNOTATION - marked as hypothetical: seq=contig_17, start=5141, stop=5494, strand=-
19:42:19.616 - INFO - ANNOTATION - fix gene: lowercase first char. new=aglD2, old=AglD2
19:42:19.616 - INFO - ANNOTATION - fix gene: lowercase first char. new=aglD2, old=AglD2
19:42:19.616 - INFO - ANNOTATION - fix gene: lowercase first char. new=rfaB, old=RfaB
19:42:19.616 - INFO - ANNOTATION - fix gene: lowercase first char. new=rfaB, old=RfaB
19:42:19.616 - INFO - ANNOTATION - fix gene: lowercase first char. new=rfaB, old=RfaB
19:42:19.616 - INFO - ANNOTATION - fix gene: lowercase first char. new=rfaB, old=RfaB
19:42:19.617 - INFO - ANNOTATION - marked as hypothetical: seq=contig_18, start=510, stop=1319, strand=+
19:42:19.617 - INFO - ANNOTATION - fix gene: extract symbol from protein name. symbol=copG
19:42:19.617 - INFO - ANNOTATION - marked as hypothetical: seq=contig_18, start=2396, stop=2626, strand=+
19:42:19.617 - INFO - ANNOTATION - marked as hypothetical: seq=contig_19, start=1636, stop=1776, strand=+
19:42:19.617 - INFO - ANNOTATION - marked as hypothetical: seq=contig_23, start=1, stop=552, strand=+
19:42:19.618 - INFO - ORF - write internal aa seqs: # seqs=202, path=/tmp/tmp6h11c43s/cds.pseudo.candidates.faa
19:47:12.630 - INFO - CDS - found: pseudogene-candidates=23
19:47:13.557 - INFO - CDS - pseudogene observation: seq=contig_1, start=117897, stop=118007, strand=+, effect=stop, cause=mutation, position=118005
19:47:13.559 - INFO - CDS - pseudogene: seq=contig_1, start=117897, stop=118007, strand=+, insertions=[], deletions=[], mutations=[118005], effect=Internal stop codon at 118005
19:47:13.559 - INFO - CDS - pseudogene observation: seq=contig_1, start=118053, stop=118175, strand=+, effect=stop, cause=mutation, position=118005
19:47:13.560 - INFO - CDS - pseudogene: seq=contig_1, start=118053, stop=118175, strand=+, insertions=[], deletions=[], mutations=[118005], effect=Internal stop codon at 118005
19:47:13.560 - INFO - CDS - pseudogene observation: seq=contig_1, start=195646, stop=196350, strand=+, cause=deletion, position=195653
19:47:13.560 - INFO - CDS - pseudogene: seq=contig_1, start=195646, stop=196350, strand=+, insertions=[], deletions=[195653], mutations=[], effect=
19:47:13.560 - INFO - CDS - pseudogene observation: seq=contig_2, start=250250, stop=250561, strand=+, cause=deletion, position=250203
19:47:13.560 - INFO - CDS - pseudogene observation: seq=contig_2, start=250250, stop=250561, strand=+, effect=stop, position=250233
19:47:13.561 - INFO - CDS - pseudogene: seq=contig_2, start=250250, stop=250561, strand=+, insertions=[], deletions=[250203], mutations=[], effect=Internal stop codon at 250233
19:47:13.561 - INFO - CDS - pseudogene observation: seq=contig_2, start=374809, stop=375294, strand=-, cause=insertion, position=374883
19:47:13.561 - INFO - CDS - pseudogene: seq=contig_2, start=374809, stop=375294, strand=-, insertions=[374883], deletions=[], mutations=[], effect=
19:47:13.561 - INFO - CDS - pseudogene observation: seq=contig_3, start=130066, stop=130248, strand=-, effect=stop, cause=mutation, position=130068
19:47:13.561 - INFO - CDS - pseudogene observation: seq=contig_3, start=130066, stop=130248, strand=-, cause=insertion, position=129987
19:47:13.562 - INFO - CDS - pseudogene: seq=contig_3, start=130066, stop=130248, strand=-, insertions=[129987], deletions=[], mutations=[130068], effect=Internal stop codon at 130068
19:47:13.562 - INFO - CDS - pseudogene observation: seq=contig_3, start=332451, stop=332633, strand=-, effect=stop, cause=mutation, position=332781
19:47:13.562 - INFO - CDS - pseudogene observation: seq=contig_3, start=332451, stop=332633, strand=-, cause=insertion, position=332601
19:47:13.562 - INFO - CDS - pseudogene: seq=contig_3, start=332451, stop=332633, strand=-, insertions=[332601], deletions=[], mutations=[332781], effect=Internal stop codon at 332781
19:47:13.562 - INFO - CDS - pseudogene observation: seq=contig_5, start=17574, stop=17867, strand=-, effect=stop, cause=mutation, position=17915
19:47:13.563 - INFO - CDS - pseudogene: seq=contig_5, start=17574, stop=17867, strand=-, insertions=[], deletions=[], mutations=[17915], effect=Internal stop codon at 17915
19:47:13.563 - INFO - CDS - pseudogene observation: seq=contig_5, start=225842, stop=226144, strand=-, cause=insertion, position=225850
19:47:13.563 - INFO - CDS - pseudogene observation: seq=contig_5, start=225842, stop=226144, strand=-, cause=insertion, position=225840
19:47:13.563 - INFO - CDS - pseudogene: seq=contig_5, start=225842, stop=226144, strand=-, insertions=[225840, 225850], deletions=[], mutations=[], effect=
19:47:13.563 - INFO - CDS - pseudogene observation: seq=contig_5, start=309037, stop=309150, strand=-, effect=stop, cause=mutation, position=309204
19:47:13.563 - INFO - CDS - pseudogene observation: seq=contig_5, start=309037, stop=309150, strand=-, effect=stop, cause=mutation, position=309189
19:47:13.564 - INFO - CDS - pseudogene: seq=contig_5, start=309037, stop=309150, strand=-, insertions=[], deletions=[], mutations=[309189, 309204], effect=Internal stop codon at 309189, 309204
19:47:13.564 - INFO - CDS - pseudogene observation: seq=contig_8, start=3701, stop=3859, strand=+, effect=stop, cause=mutation, position=3857
19:47:13.564 - INFO - CDS - pseudogene: seq=contig_8, start=3701, stop=3859, strand=+, insertions=[], deletions=[], mutations=[3857], effect=Internal stop codon at 3857
19:47:13.564 - INFO - CDS - pseudogene observation: seq=contig_8, start=10383, stop=10496, strand=+, cause=insertion, position=10364
19:47:13.564 - INFO - CDS - pseudogene observation: seq=contig_8, start=10383, stop=10496, strand=+, cause=deletion, position=10491
19:47:13.565 - INFO - CDS - pseudogene: seq=contig_8, start=10383, stop=10496, strand=+, insertions=[10364], deletions=[10491], mutations=[], effect=
19:47:13.565 - INFO - CDS - pseudogene observation: seq=contig_8, start=54898, stop=55017, strand=-, cause=deletion, position=54921
19:47:13.565 - INFO - CDS - pseudogene: seq=contig_8, start=54898, stop=55017, strand=-, insertions=[], deletions=[54921], mutations=[], effect=
19:47:13.565 - INFO - CDS - found: pseudogenes=13
19:47:13.613 - INFO - PSC - looked-up=13
19:47:13.640 - INFO - PSCC - looked-up=13
19:47:13.645 - INFO - ANNOTATION - marked as hypothetical: seq=contig_1, start=118053, stop=118175, strand=+
19:47:13.645 - INFO - ANNOTATION - marked as hypothetical: seq=contig_2, start=250250, stop=250561, strand=+
19:47:13.645 - INFO - ANNOTATION - fix gene: extract symbol from protein name. symbol=relE
19:47:13.646 - INFO - ANNOTATION - marked as hypothetical: seq=contig_5, start=309037, stop=309150, strand=-
19:47:13.646 - INFO - ANNOTATION - marked as hypothetical: seq=contig_8, start=3701, stop=3859, strand=+
19:47:13.646 - INFO - ANNOTATION - marked as hypothetical: seq=contig_8, start=10383, stop=10496, strand=+
19:47:13.646 - INFO - ANNOTATION - marked as hypothetical: seq=contig_8, start=54898, stop=55017, strand=-
19:47:14.907 - INFO - CDS - pfam detected: seq=contig_5, start=76102, stop=82740, strand=-, pfam-id=PF02389.20, length=72, aa-start=1932, aa-stop=2003, aa-cov=0.0, hmm-cov=1.0, evalue=1.8e-18, bitscore=60.7, name=Cornifin
19:47:15.193 - INFO - CDS - pfam detected: seq=contig_1, start=106508, stop=106831, strand=-, pfam-id=PF02635.20, length=92, aa-start=27, aa-stop=106, aa-cov=0.7, hmm-cov=1.0, evalue=1.6e-07, bitscore=25.1, name=DsrE
19:47:15.750 - INFO - CDS - pfam detected: seq=contig_1, start=531745, stop=532218, strand=+, pfam-id=PF24727.1, length=148, aa-start=1, aa-stop=138, aa-cov=0.9, hmm-cov=1.0, evalue=1.6e-32, bitscore=106.1, name=DUF7679
19:47:16.850 - INFO - CDS - pfam detected: seq=contig_5, start=83226, stop=83405, strand=-, pfam-id=PF19258.4, length=41, aa-start=16, aa-stop=56, aa-cov=0.7, hmm-cov=1.0, evalue=4.2e-17, bitscore=55.5, name=KxYKxGKxW_sig
19:47:17.656 - INFO - CDS - pfam detected: seq=contig_1, start=201169, stop=201375, strand=+, pfam-id=PF01471.23, length=51, aa-start=5, aa-stop=55, aa-cov=0.8, hmm-cov=1.0, evalue=6.3e-07, bitscore=23.2, name=PG_binding_1
19:47:19.064 - INFO - CDS - pfam detected: seq=contig_8, start=60963, stop=61274, strand=+, pfam-id=PF00582.32, length=96, aa-start=6, aa-stop=100, aa-cov=0.9, hmm-cov=1.0, evalue=2.5e-16, bitscore=54.1, name=Usp
19:47:19.178 - INFO - CDS - pfam detected: seq=contig_15, start=3186, stop=4271, strand=+, pfam-id=PF11797.14, length=134, aa-start=175, aa-stop=307, aa-cov=0.4, hmm-cov=1.0, evalue=4.8e-31, bitscore=101.2, name=WxLIP_HBD
19:47:19.180 - INFO - CDS - pfam detected: seq=contig_15, start=3186, stop=4271, strand=+, pfam-id=PF06030.18, length=122, aa-start=44, aa-stop=165, aa-cov=0.3, hmm-cov=1.0, evalue=5.4e-32, bitscore=104.0, name=WxLIP_PGBD
19:47:19.184 - INFO - CDS - predicted-pfams=8, CDS-w/-pfams=7
19:47:21.818 - INFO - S_ORF - predicted=48622
19:47:23.403 - INFO - S_ORF - sORF filter: # valid=9293, # discarded=39329
19:47:23.553 - INFO - ORF - discard spurious: seq=contig_3, start=364625, stop=364705, strand=+, homology=Spurious_ORF_208, evalue=2.3e-11, bitscore=42.293522
19:47:23.578 - INFO - ORF - discard spurious: seq=contig_1, start=108975, stop=109049, strand=-, homology=Spurious_ORF_267, evalue=3.0e-15, bitscore=54.649040
19:47:23.578 - INFO - ORF - discard spurious: seq=contig_4, start=148722, stop=148808, strand=-, homology=Spurious_ORF_267, evalue=7.8e-15, bitscore=53.325260
19:47:23.578 - INFO - ORF - discard spurious: seq=contig_7, start=83101, stop=83178, strand=-, homology=Spurious_ORF_267, evalue=1.4e-14, bitscore=52.540386
19:47:23.578 - INFO - ORF - discard spurious: seq=contig_11, start=57802, stop=57876, strand=-, homology=Spurious_ORF_267, evalue=2.0e-14, bitscore=52.016651
19:47:23.578 - INFO - ORF - discard spurious: seq=contig_3, start=25935, stop=26018, strand=+, homology=Spurious_ORF_267, evalue=2.1e-14, bitscore=51.927017
19:47:23.578 - INFO - ORF - discard spurious: seq=contig_1, start=168361, stop=168450, strand=-, homology=Spurious_ORF_267, evalue=5.5e-14, bitscore=50.613125
19:47:23.578 - INFO - ORF - discard spurious: seq=contig_3, start=34769, stop=34846, strand=+, homology=Spurious_ORF_267, evalue=6.0e-14, bitscore=50.486694
19:47:23.578 - INFO - ORF - discard spurious: seq=contig_1, start=60093, stop=60170, strand=-, homology=Spurious_ORF_267, evalue=1.2e-13, bitscore=49.533482
19:47:23.578 - INFO - ORF - discard spurious: seq=contig_1, start=610855, stop=610932, strand=+, homology=Spurious_ORF_267, evalue=1.9e-13, bitscore=48.864944
19:47:23.578 - INFO - ORF - discard spurious: seq=contig_1, start=610979, stop=611059, strand=+, homology=Spurious_ORF_267, evalue=2.2e-13, bitscore=48.663219
19:47:23.578 - INFO - ORF - discard spurious: seq=contig_1, start=610846, stop=610932, strand=+, homology=Spurious_ORF_267, evalue=2.6e-13, bitscore=48.437592
19:47:23.578 - INFO - ORF - discard spurious: seq=contig_3, start=97585, stop=97659, strand=-, homology=Spurious_ORF_267, evalue=2.8e-13, bitscore=48.337257
19:47:23.578 - INFO - ORF - discard spurious: seq=contig_1, start=610970, stop=611059, strand=+, homology=Spurious_ORF_267, evalue=3.0e-13, bitscore=48.264881
19:47:23.578 - INFO - ORF - discard spurious: seq=contig_3, start=161012, stop=161089, strand=-, homology=Spurious_ORF_267, evalue=3.5e-13, bitscore=48.051380
19:47:23.578 - INFO - ORF - discard spurious: seq=contig_2, start=107834, stop=107920, strand=+, homology=Spurious_ORF_267, evalue=3.6e-13, bitscore=47.996864
19:47:23.578 - INFO - ORF - discard spurious: seq=contig_7, start=5509, stop=5586, strand=-, homology=Spurious_ORF_267, evalue=4.7e-13, bitscore=47.617542
19:47:23.578 - INFO - ORF - discard spurious: seq=contig_2, start=416143, stop=416232, strand=-, homology=Spurious_ORF_267, evalue=6.1e-13, bitscore=47.257042
19:47:23.578 - INFO - ORF - discard spurious: seq=contig_7, start=112459, stop=112545, strand=-, homology=Spurious_ORF_267, evalue=9.4e-13, bitscore=46.664402
19:47:23.579 - INFO - ORF - discard spurious: seq=contig_6, start=190064, stop=190153, strand=-, homology=Spurious_ORF_267, evalue=1.5e-12, bitscore=46.063637
19:47:23.579 - INFO - ORF - discard spurious: seq=contig_3, start=148282, stop=148359, strand=-, homology=Spurious_ORF_267, evalue=1.6e-12, bitscore=45.916599
19:47:23.579 - INFO - ORF - discard spurious: seq=contig_13, start=37886, stop=37963, strand=+, homology=Spurious_ORF_267, evalue=4.1e-12, bitscore=44.618614
19:47:23.579 - INFO - ORF - discard spurious: seq=contig_1, start=328904, stop=328978, strand=-, homology=Spurious_ORF_267, evalue=5.4e-12, bitscore=44.230709
19:47:23.579 - INFO - ORF - discard spurious: seq=contig_1, start=240097, stop=240174, strand=+, homology=Spurious_ORF_267, evalue=1.1e-11, bitscore=43.252720
19:47:23.579 - INFO - ORF - discard spurious: seq=contig_3, start=119798, stop=119875, strand=-, homology=Spurious_ORF_267, evalue=1.3e-11, bitscore=42.988686
19:47:23.579 - INFO - ORF - discard spurious: seq=contig_3, start=362129, stop=362218, strand=+, homology=Spurious_ORF_267, evalue=4.7e-11, bitscore=41.221802
19:47:23.579 - INFO - ORF - discard spurious: seq=contig_3, start=119670, stop=119750, strand=-, homology=Spurious_ORF_267, evalue=1.3e-09, bitscore=36.636742
19:47:23.579 - INFO - ORF - discard spurious: seq=contig_3, start=131313, stop=131390, strand=-, homology=Spurious_ORF_267, evalue=2.3e-09, bitscore=35.818420
19:47:23.579 - INFO - ORF - discard spurious: seq=contig_6, start=198362, stop=198445, strand=+, homology=Spurious_ORF_267, evalue=3.3e-09, bitscore=35.329662
19:47:23.579 - INFO - ORF - discard spurious: seq=contig_9, start=27684, stop=27764, strand=+, homology=Spurious_ORF_267, evalue=1.4e-08, bitscore=33.284454
19:47:23.579 - INFO - ORF - discard spurious: seq=contig_4, start=295664, stop=295750, strand=-, homology=Spurious_ORF_267, evalue=1.5e-08, bitscore=33.195740
19:47:23.579 - INFO - ORF - discard spurious: seq=contig_1, start=328071, stop=328118, strand=+, homology=Spurious_ORF_267, evalue=3.6e-08, bitscore=32.001274
19:47:23.579 - INFO - ORF - discard spurious: seq=contig_3, start=382046, stop=382132, strand=+, homology=Spurious_ORF_267, evalue=1.1e-07, bitscore=30.437994
19:47:23.579 - INFO - ORF - discard spurious: seq=contig_2, start=181524, stop=181589, strand=+, homology=Spurious_ORF_267, evalue=1.2e-07, bitscore=30.398014
19:47:23.579 - INFO - ORF - discard spurious: seq=contig_1, start=558308, stop=558385, strand=+, homology=Spurious_ORF_267, evalue=2.7e-07, bitscore=29.197798
19:47:23.579 - INFO - ORF - discard spurious: seq=contig_37, start=132, stop=191, strand=+, homology=Spurious_ORF_267, evalue=4.2e-07, bitscore=28.596277
19:47:23.579 - INFO - ORF - discarded=36
19:47:25.815 - INFO - UPS - looked-up=6
19:47:25.830 - INFO - IPS - looked-up=6
19:47:25.831 - INFO - ORF - write internal aa seqs: # seqs=9251, path=/tmp/tmp6h11c43s/sorf.faa
19:47:25.969 - INFO - S_ORF - homology: seq=contig_10, start=8832, stop=8909, strand=+, aa-length=25, query-cov=1.000, subject-cov=1.000, identity=0.920, score=51.6, evalue=5.3e-13, UniRef=Q03CA8
19:47:25.969 - INFO - S_ORF - homology: seq=contig_5, start=21899, stop=21973, strand=-, aa-length=24, query-cov=0.958, subject-cov=1.000, identity=0.957, score=51.6, evalue=5.0e-13, UniRef=A0A5R8LJA8
19:47:25.969 - INFO - S_ORF - homology: seq=contig_3, start=253726, stop=253788, strand=-, aa-length=20, query-cov=1.000, subject-cov=1.000, identity=0.950, score=42.0, evalue=2.7e-09, UniRef=A0A806F081
19:47:25.970 - INFO - S_ORF - found=3
19:47:25.990 - INFO - PSC - looked-up=9
19:47:26.005 - INFO - PSCC - looked-up=9
19:47:26.015 - INFO - GAP - seq=contig_1, start=554606, stop=554705, length=100
19:47:26.019 - INFO - GAP - seq=contig_2, start=293663, stop=293762, length=100
19:47:26.023 - INFO - GAP - seq=contig_3, start=119931, stop=120030, length=100
19:47:26.028 - INFO - GAP - seq=contig_4, start=295144, stop=295243, length=100
19:47:26.037 - INFO - GAP - seq=contig_10, start=42542, stop=42641, length=100
19:47:26.040 - INFO - GAP - seq=contig_19, start=1345, stop=1444, length=100
19:47:27.817 - INFO - ORI - type=oriC, seq=contig_1, start=243600, stop=243769, nt=[AAGAGCCTCC..TCCACATGTG]
19:47:27.835 - INFO - ORI - predicted=1
19:47:28.068 - INFO - ORI - predicted=0
19:47:28.075 - INFO - ANNOTATION - overlap: CDS (None/Spiroplasmavirus-related protein) [110, 343] overlapping rRNA (rrs) [1, 1281], [110,343], seq=contig_19
19:47:28.076 - INFO - ANNOTATION - overlap: CDS (None/hypothetical protein) [1636, 1776] overlapping rRNA (rrl) [874, 3772], [1636,1776], seq=contig_19
19:47:28.076 - INFO - ANNOTATION - overlap: CDS (None/Transposase) [2422, 2589] overlapping rRNA (rrl) [874, 3772], [2422,2589], seq=contig_19
19:47:28.081 - INFO - UTILS - generated sequence tag prefix: prefix=CIJDEMKLMG, length=10, MD5=C23DE645607370472ADAF36FA96F4838
19:47:28.085 - INFO - MAIN - selected features=2973
19:47:28.085 - INFO - MAIN - locus tag prefix=LPARA
19:47:28.089 - INFO - ANNOTATION - gene product symbol selection: seq=contig_1, start=18643, stop=19995, new-gene=gntP, old-gene=gntT, genes=gntP,gntT, product=Gluconate permease GntP
19:47:28.090 - INFO - ANNOTATION - gene neighborhood symbol selection: seq=contig_1, start=346529, stop=347338, new-gene=yycJ, old-gene=phnP, genes=phnP,yycJ, product=Putative metallo-hydrolase YycJ
19:47:28.090 - INFO - ANNOTATION - gene neighborhood symbol selection: seq=contig_2, start=172176, stop=172406, new-gene=nrdH, old-gene=grxC, genes=grxC,nrdH, product=Glutaredoxin-like protein NrdH
19:47:28.090 - INFO - ANNOTATION - gene product symbol selection: seq=contig_2, start=223059, stop=224216, new-gene=safA, old-gene=acm, genes=acm,safA, product=Spore coat assembly protein SafA
19:47:28.091 - INFO - ANNOTATION - gene product symbol selection: seq=contig_5, start=183312, stop=184136, new-gene=potA, old-gene=potB, genes=potA,potB, product=Spermidine/putrescine import ATP-binding protein PotA
19:47:28.091 - INFO - ANNOTATION - gene product symbol selection: seq=contig_5, start=198757, stop=199818, new-gene=malK2, old-gene=malK, genes=malK,malK2, product=MalK2
19:47:28.091 - INFO - ANNOTATION - gene neighborhood symbol selection: seq=contig_5, start=200717, stop=201538, new-gene=malF2, old-gene=ugpE, genes=malF2,ugpE, product=MalF2
19:47:28.091 - INFO - ANNOTATION - gene neighborhood symbol selection: seq=contig_5, start=201548, stop=202861, new-gene=malE2, old-gene=ugpB, genes=malE2,ugpB, product=MalE2
19:47:28.093 - INFO - UTILS - genome-size=3064037
19:47:28.110 - INFO - UTILS - GC=0.461
19:47:28.111 - INFO - UTILS - N=0.000
19:47:28.111 - INFO - UTILS - N50=404174
19:47:28.111 - INFO - UTILS - N90=64565
19:47:28.112 - INFO - UTILS - coding-ratio=0.854
19:47:28.117 - INFO - TSV - write feature tsv: path=/home/ephraim/bakta_isolate_may/L_paracasei_isolate_mra.tsv
19:47:28.125 - INFO - GFF - write features: path=/home/ephraim/bakta_isolate_may/L_paracasei_isolate_mra.gff3
19:47:28.263 - INFO - INSDC - write GenBank: path=/home/ephraim/bakta_isolate_may/L_paracasei_isolate_mra.gbff
19:47:28.475 - INFO - INSDC - write EMBL: path=/home/ephraim/bakta_isolate_may/L_paracasei_isolate_mra.embl
19:47:28.745 - INFO - FASTA - write genome sequences: path=/home/ephraim/bakta_isolate_may/L_paracasei_isolate_mra.fna, description=True, wrap=True
19:47:28.752 - INFO - FASTA - write feature nucleotide sequences: path=/home/ephraim/bakta_isolate_may/L_paracasei_isolate_mra.ffn
19:47:28.758 - INFO - FASTA - write translated CDS/sORF: path=/home/ephraim/bakta_isolate_may/L_paracasei_isolate_mra.faa
19:47:28.761 - INFO - TSV - write tsv: path=/home/ephraim/bakta_isolate_may/L_paracasei_isolate_mra.inference.tsv
19:47:46.481 - INFO - TSV - write hypothetical tsv: path=/home/ephraim/bakta_isolate_may/L_paracasei_isolate_mra.hypotheticals.tsv
19:47:46.483 - INFO - FASTA - write translated CDS/sORF: path=/home/ephraim/bakta_isolate_may/L_paracasei_isolate_mra.hypotheticals.faa
19:47:46.484 - INFO - JSON - write JSON: path=/home/ephraim/bakta_isolate_may/L_paracasei_isolate_mra.json
19:47:46.809 - INFO - MAIN - removed tmp dir: /tmp/tmp6h11c43s
