2026-05-03 19:13:06 DEBUG:busco.run_BUSCO	Command line: /home/ephraim/miniconda3/envs/busco/bin/busco -i isolate_filtered_may.fasta -l lactobacillaceae_odb12 -o busco_isolate_may -m genome -c 3
2026-05-03 19:13:06 INFO:busco.run_BUSCO	***** Start a BUSCO v6.0.0 analysis, current time: 05/03/2026 19:13:06 *****
2026-05-03 19:13:06 DEBUG:busco.ConfigManager	Getting config file
2026-05-03 19:13:06 INFO:busco.ConfigManager	Configuring BUSCO with local environment
2026-05-03 19:13:06 INFO:busco.BuscoConfig	Running genome mode
2026-05-03 19:13:06 INFO:busco.BuscoDownloadManager	Downloading information on latest versions of BUSCO data...
2026-05-03 19:13:09 DEBUG:busco.BuscoConfig	State of BUSCO config before run:
2026-05-03 19:13:09 DEBUG:busco.BuscoConfig	{'_allow_no_value': False,
 '_comment_prefixes': ('#', ';'),
 '_converters': <configparser.ConverterMapping object at 0x74ae9805f950>,
 '_defaults': {},
 '_delimiters': ('=', ':'),
 '_dict': <class 'dict'>,
 '_empty_lines_in_values': True,
 '_inline_comment_prefixes': (),
 '_input_filepath': 'isolate_filtered_may.fasta',
 '_interpolation': <configparser.BasicInterpolation object at 0x74af0c665640>,
 '_mode': 'genome',
 '_optcre': re.compile('\n        (?P<option>.*?)                    # very permissive!\n        \\s*(?P<vi>=|:)\\s*              # any number of space/tab,\n                                           # followed by any of t, re.VERBOSE),
 '_proxies': {'DEFAULT': <Section: DEFAULT>,
              'augustus': <Section: augustus>,
              'bbtools': <Section: bbtools>,
              'busco_run': <Section: busco_run>,
              'etraining': <Section: etraining>,
              'gff2gbSmallDNA.pl': <Section: gff2gbSmallDNA.pl>,
              'hmmsearch': <Section: hmmsearch>,
              'makeblastdb': <Section: makeblastdb>,
              'metaeuk': <Section: metaeuk>,
              'miniprot': <Section: miniprot>,
              'new_species.pl': <Section: new_species.pl>,
              'optimize_augustus.pl': <Section: optimize_augustus.pl>,
              'prodigal': <Section: prodigal>,
              'sepp': <Section: sepp>,
              'tblastn': <Section: tblastn>},
 '_sections': {'augustus': {'command': '', 'path': ''},
               'bbtools': {'command': '', 'path': ''},
               'busco_run': {'auto-lineage': 'False',
                             'auto-lineage-euk': 'False',
                             'auto-lineage-prok': 'False',
                             'batch_mode': 'False',
                             'cpu': '3',
                             'datasets_version': 'odb12',
                             'download_base_url': 'https://busco-data.ezlab.org/v5/data/',
                             'download_path': '/home/ephraim/busco_downloads',
                             'force': 'False',
                             'in': '/home/ephraim/isolate_filtered_may.fasta',
                             'lineage_dataset': 'lactobacillaceae_odb12',
                             'main_out': '/home/ephraim/busco_isolate_may',
                             'mode': 'genome',
                             'offline': 'False',
                             'opt-out-run-stats': 'False',
                             'out': 'busco_isolate_may',
                             'out_path': '/home/ephraim',
                             'plot_percentages': 'False',
                             'quiet': 'False',
                             'restart': 'False',
                             'skip_bbtools': 'False',
                             'tar': 'False',
                             'use_augustus': 'False',
                             'use_metaeuk': 'False',
                             'use_miniprot': 'False'},
               'etraining': {'command': '', 'path': ''},
               'gff2gbSmallDNA.pl': {'command': '', 'path': ''},
               'hmmsearch': {'command': '', 'path': ''},
               'makeblastdb': {'command': '', 'path': ''},
               'metaeuk': {'command': '', 'path': ''},
               'miniprot': {'command': '', 'path': ''},
               'new_species.pl': {'command': '', 'path': ''},
               'optimize_augustus.pl': {'command': '', 'path': ''},
               'prodigal': {'command': '', 'path': ''},
               'sepp': {'command': '', 'path': ''},
               'tblastn': {'command': '', 'path': ''}},
 '_strict': True,
 'conf_file': 'local environment',
 'default_section': 'DEFAULT',
 'downloader': <busco.BuscoDownloadManager.BuscoDownloadManager object at 0x74ae9817a570>,
 'main_out': '/home/ephraim/busco_isolate_may',
 'params': {'augustus_parameters': None,
            'augustus_species': None,
            'auto-lineage': False,
            'auto-lineage-euk': False,
            'auto-lineage-prok': False,
            'config_file': None,
            'contig_break': None,
            'cpu': 3,
            'datasets_version': None,
            'download': '==SUPPRESS==',
            'download_base_url': None,
            'download_path': None,
            'evalue': None,
            'force': False,
            'help': '==SUPPRESS==',
            'in': 'isolate_filtered_may.fasta',
            'limit': None,
            'lineage_dataset': 'lactobacillaceae_odb12',
            'list_datasets': '==SUPPRESS==',
            'long': False,
            'metaeuk_parameters': None,
            'metaeuk_rerun_parameters': None,
            'mode': 'genome',
            'offline': False,
            'opt-out-run-stats': False,
            'out': 'busco_isolate_may',
            'out_path': None,
            'plot': '==SUPPRESS==',
            'plot_percentages': False,
            'quiet': False,
            'restart': False,
            'scaffold_composition': False,
            'skip_bbtools': False,
            'tar': False,
            'use_augustus': False,
            'use_metaeuk': False,
            'use_miniprot': False,
            'version': '==SUPPRESS=='},
 'run_stats': {'cpu': 3,
               'lineage_dataset': ['lactobacillaceae_odb12'],
               'mode': 'genome'}}
2026-05-03 19:13:09 INFO:busco.BuscoRunner	Input file is /home/ephraim/isolate_filtered_may.fasta
2026-05-03 19:13:09 INFO:busco.BuscoDownloadManager	The local file or folder /home/ephraim/busco_downloads/lineages/lactobacillaceae_odb12 is the last available version.
2026-05-03 19:13:09 DEBUG:busco.analysis.BuscoAnalysis	Check all required tools are accessible...
2026-05-03 19:13:10 DEBUG:busco.analysis.BuscoAnalysis	Checking dataset for HMM profiles
2026-05-03 19:13:10 INFO:busco.analysis.BuscoAnalysis	Running BUSCO using lineage dataset lactobacillaceae_odb12 (prokaryota, 2025-05-14)
2026-05-03 19:13:10 INFO:busco.busco_tools.Toolset	Running 1 job(s) on bbtools, starting at 05/03/2026 19:13:10
2026-05-03 19:13:10 DEBUG:busco.busco_tools.Toolset	cmd call: stats.sh format=2 in=/home/ephraim/isolate_filtered_may.fasta n=10
2026-05-03 19:13:11 INFO:busco.busco_tools.Toolset	[bbtools]	1 of 1 task(s) completed
2026-05-03 19:13:11 INFO:busco.analysis.GenomeAnalysis	***** Run Prodigal on input to predict and extract genes *****
2026-05-03 19:13:11 DEBUG:busco.busco_tools.base	Tool: prodigal
2026-05-03 19:13:11 DEBUG:busco.busco_tools.base	Version: 2.6.3
2026-05-03 19:13:11 INFO:busco.busco_tools.prodigal	Running Prodigal with genetic code 11 in single mode
2026-05-03 19:13:11 INFO:busco.busco_tools.Toolset	Running 1 job(s) on prodigal, starting at 05/03/2026 19:13:11
2026-05-03 19:13:11 DEBUG:busco.busco_tools.Toolset	cmd call: prodigal -p single -f gff -g 11 -a /home/ephraim/busco_isolate_may/prodigal_output/predicted_genes/tmp/prodigal_mode_single_code_11.faa -d /home/ephraim/busco_isolate_may/prodigal_output/predicted_genes/tmp/prodigal_mode_single_code_11.fna -i /home/ephraim/isolate_filtered_may.fasta
2026-05-03 19:13:16 INFO:busco.busco_tools.Toolset	[prodigal]	1 of 1 task(s) completed
2026-05-03 19:13:16 DEBUG:busco.busco_tools.prodigal	Coding density is 0.8543336690515059
2026-05-03 19:13:16 INFO:busco.busco_tools.prodigal	Genetic code 11 selected as optimal
2026-05-03 19:13:16 INFO:busco.analysis.BuscoAnalysis	***** Run HMMER on gene sequences *****
2026-05-03 19:13:16 DEBUG:busco.busco_tools.base	Tool: hmmsearch
2026-05-03 19:13:16 DEBUG:busco.busco_tools.base	Version: 3.4
2026-05-03 19:13:16 INFO:busco.busco_tools.Toolset	Running 519 job(s) on hmmsearch, starting at 05/03/2026 19:13:16
2026-05-03 19:13:17 DEBUG:busco.busco_tools.Toolset	cmd call: hmmsearch --domtblout /home/ephraim/busco_isolate_may/run_lactobacillaceae_odb12/hmmer_output/1025at33958.out --cpu 1 /home/ephraim/busco_downloads/lineages/lactobacillaceae_odb12/hmms/1025at33958.hmm /home/ephraim/busco_isolate_may/prodigal_output/predicted_genes/predicted.faa
2026-05-03 19:13:17 DEBUG:busco.busco_tools.Toolset	cmd call: hmmsearch --domtblout /home/ephraim/busco_isolate_may/run_lactobacillaceae_odb12/hmmer_output/1321at33958.out --cpu 1 /home/ephraim/busco_downloads/lineages/lactobacillaceae_odb12/hmms/1321at33958.hmm /home/ephraim/busco_isolate_may/prodigal_output/predicted_genes/predicted.faa
2026-05-03 19:13:17 DEBUG:busco.busco_tools.Toolset	cmd call: hmmsearch --domtblout /home/ephraim/busco_isolate_may/run_lactobacillaceae_odb12/hmmer_output/1034at33958.out --cpu 1 /home/ephraim/busco_downloads/lineages/lactobacillaceae_odb12/hmms/1034at33958.hmm /home/ephraim/busco_isolate_may/prodigal_output/predicted_genes/predicted.faa
2026-05-03 19:13:17 DEBUG:busco.busco_tools.Toolset	cmd call: hmmsearch --domtblout /home/ephraim/busco_isolate_may/run_lactobacillaceae_odb12/hmmer_output/1323at33958.out --cpu 1 /home/ephraim/busco_downloads/lineages/lactobacillaceae_odb12/hmms/1323at33958.hmm /home/ephraim/busco_isolate_may/prodigal_output/predicted_genes/predicted.faa
2026-05-03 19:13:17 DEBUG:busco.busco_tools.Toolset	cmd call: hmmsearch --domtblout /home/ephraim/busco_isolate_may/run_lactobacillaceae_odb12/hmmer_output/1036at33958.out --cpu 1 /home/ephraim/busco_downloads/lineages/lactobacillaceae_odb12/hmms/1036at33958.hmm /home/ephraim/busco_isolate_may/prodigal_output/predicted_genes/predicted.faa
2026-05-03 19:13:17 DEBUG:busco.busco_tools.Toolset	cmd call: hmmsearch --domtblout /home/ephraim/busco_isolate_may/run_lactobacillaceae_odb12/hmmer_output/1329at33958.out --cpu 1 /home/ephraim/busco_downloads/lineages/lactobacillaceae_odb12/hmms/1329at33958.hmm /home/ephraim/busco_isolate_may/prodigal_output/predicted_genes/predicted.faa
2026-05-03 19:13:17 DEBUG:busco.busco_tools.Toolset	cmd call: hmmsearch --domtblout /home/ephraim/busco_isolate_may/run_lactobacillaceae_odb12/hmmer_output/1594at33958.out --cpu 1 /home/ephraim/busco_downloads/lineages/lactobacillaceae_odb12/hmms/1594at33958.hmm /home/ephraim/busco_isolate_may/prodigal_output/predicted_genes/predicted.faa
2026-05-03 19:13:17 DEBUG:busco.busco_tools.Toolset	cmd call: hmmsearch --domtblout /home/ephraim/busco_isolate_may/run_lactobacillaceae_odb12/hmmer_output/1609at33958.out --cpu 1 /home/ephraim/busco_downloads/lineages/lactobacillaceae_odb12/hmms/1609at33958.hmm /home/ephraim/busco_isolate_may/prodigal_output/predicted_genes/predicted.faa
2026-05-03 19:13:17 DEBUG:busco.busco_tools.Toolset	cmd call: hmmsearch --domtblout /home/ephraim/busco_isolate_may/run_lactobacillaceae_odb12/hmmer_output/132at33958.out --cpu 1 /home/ephraim/busco_downloads/lineages/lactobacillaceae_odb12/hmms/132at33958.hmm /home/ephraim/busco_isolate_may/prodigal_output/predicted_genes/predicted.faa
2026-05-03 19:13:17 DEBUG:busco.busco_tools.Toolset	cmd call: hmmsearch --domtblout /home/ephraim/busco_isolate_may/run_lactobacillaceae_odb12/hmmer_output/1331at33958.out --cpu 1 /home/ephraim/busco_downloads/lineages/lactobacillaceae_odb12/hmms/1331at33958.hmm /home/ephraim/busco_isolate_may/prodigal_output/predicted_genes/predicted.faa
2026-05-03 19:13:17 DEBUG:busco.busco_tools.Toolset	cmd call: hmmsearch --domtblout /home/ephraim/busco_isolate_may/run_lactobacillaceae_odb12/hmmer_output/1042at33958.out --cpu 1 /home/ephraim/busco_downloads/lineages/lactobacillaceae_odb12/hmms/1042at33958.hmm /home/ephraim/busco_isolate_may/prodigal_output/predicted_genes/predicted.faa
2026-05-03 19:13:17 DEBUG:busco.busco_tools.Toolset	cmd call: hmmsearch --domtblout /home/ephraim/busco_isolate_may/run_lactobacillaceae_odb12/hmmer_output/1046at33958.out --cpu 1 /home/ephraim/busco_downloads/lineages/lactobacillaceae_odb12/hmms/1046at33958.hmm /home/ephraim/busco_isolate_may/prodigal_output/predicted_genes/predicted.faa
2026-05-03 19:13:17 DEBUG:busco.busco_tools.Toolset	cmd call: hmmsearch --domtblout /home/ephraim/busco_isolate_may/run_lactobacillaceae_odb12/hmmer_output/133at33958.out --cpu 1 /home/ephraim/busco_downloads/lineages/lactobacillaceae_odb12/hmms/133at33958.hmm /home/ephraim/busco_isolate_may/prodigal_output/predicted_genes/predicted.faa
2026-05-03 19:13:17 DEBUG:busco.busco_tools.Toolset	cmd call: hmmsearch --domtblout /home/ephraim/busco_isolate_may/run_lactobacillaceae_odb12/hmmer_output/13447at33958.out --cpu 1 /home/ephraim/busco_downloads/lineages/lactobacillaceae_odb12/hmms/13447at33958.hmm /home/ephraim/busco_isolate_may/prodigal_output/predicted_genes/predicted.faa
2026-05-03 19:13:17 DEBUG:busco.busco_tools.Toolset	cmd call: hmmsearch --domtblout /home/ephraim/busco_isolate_may/run_lactobacillaceae_odb12/hmmer_output/1047at33958.out --cpu 1 /home/ephraim/busco_downloads/lineages/lactobacillaceae_odb12/hmms/1047at33958.hmm /home/ephraim/busco_isolate_may/prodigal_output/predicted_genes/predicted.faa
2026-05-03 19:13:17 DEBUG:busco.busco_tools.Toolset	cmd call: hmmsearch --domtblout /home/ephraim/busco_isolate_may/run_lactobacillaceae_odb12/hmmer_output/1049at33958.out --cpu 1 /home/ephraim/busco_downloads/lineages/lactobacillaceae_odb12/hmms/1049at33958.hmm /home/ephraim/busco_isolate_may/prodigal_output/predicted_genes/predicted.faa
2026-05-03 19:13:17 DEBUG:busco.busco_tools.Toolset	cmd call: hmmsearch --domtblout /home/ephraim/busco_isolate_may/run_lactobacillaceae_odb12/hmmer_output/1053at33958.out --cpu 1 /home/ephraim/busco_downloads/lineages/lactobacillaceae_odb12/hmms/1053at33958.hmm /home/ephraim/busco_isolate_may/prodigal_output/predicted_genes/predicted.faa
2026-05-03 19:13:17 DEBUG:busco.busco_tools.Toolset	cmd call: hmmsearch --domtblout /home/ephraim/busco_isolate_may/run_lactobacillaceae_odb12/hmmer_output/134at33958.out --cpu 1 /home/ephraim/busco_downloads/lineages/lactobacillaceae_odb12/hmms/134at33958.hmm /home/ephraim/busco_isolate_may/prodigal_output/predicted_genes/predicted.faa
2026-05-03 19:13:17 DEBUG:busco.busco_tools.Toolset	cmd call: hmmsearch --domtblout /home/ephraim/busco_isolate_may/run_lactobacillaceae_odb12/hmmer_output/1350at33958.out --cpu 1 /home/ephraim/busco_downloads/lineages/lactobacillaceae_odb12/hmms/1350at33958.hmm /home/ephraim/busco_isolate_may/prodigal_output/predicted_genes/predicted.faa
2026-05-03 19:13:17 DEBUG:busco.busco_tools.Toolset	cmd call: hmmsearch --domtblout /home/ephraim/busco_isolate_may/run_lactobacillaceae_odb12/hmmer_output/1351at33958.out --cpu 1 /home/ephraim/busco_downloads/lineages/lactobacillaceae_odb12/hmms/1351at33958.hmm /home/ephraim/busco_isolate_may/prodigal_output/predicted_genes/predicted.faa
2026-05-03 19:13:17 DEBUG:busco.busco_tools.Toolset	cmd call: hmmsearch --domtblout /home/ephraim/busco_isolate_may/run_lactobacillaceae_odb12/hmmer_output/1634at33958.out --cpu 1 /home/ephraim/busco_downloads/lineages/lactobacillaceae_odb12/hmms/1634at33958.hmm /home/ephraim/busco_isolate_may/prodigal_output/predicted_genes/predicted.faa
2026-05-03 19:13:17 DEBUG:busco.busco_tools.Toolset	cmd call: hmmsearch --domtblout /home/ephraim/busco_isolate_may/run_lactobacillaceae_odb12/hmmer_output/1352at33958.out --cpu 1 /home/ephraim/busco_downloads/lineages/lactobacillaceae_odb12/hmms/1352at33958.hmm /home/ephraim/busco_isolate_may/prodigal_output/predicted_genes/predicted.faa
2026-05-03 19:13:17 DEBUG:busco.busco_tools.Toolset	cmd call: hmmsearch --domtblout /home/ephraim/busco_isolate_may/run_lactobacillaceae_odb12/hmmer_output/1646at33958.out --cpu 1 /home/ephraim/busco_downloads/lineages/lactobacillaceae_odb12/hmms/1646at33958.hmm /home/ephraim/busco_isolate_may/prodigal_output/predicted_genes/predicted.faa
2026-05-03 19:13:17 DEBUG:busco.busco_tools.Toolset	cmd call: hmmsearch --domtblout /home/ephraim/busco_isolate_may/run_lactobacillaceae_odb12/hmmer_output/1064at33958.out --cpu 1 /home/ephraim/busco_downloads/lineages/lactobacillaceae_odb12/hmms/1064at33958.hmm /home/ephraim/busco_isolate_may/prodigal_output/predicted_genes/predicted.faa
2026-05-03 19:13:17 DEBUG:busco.busco_tools.Toolset	cmd call: hmmsearch --domtblout /home/ephraim/busco_isolate_may/run_lactobacillaceae_odb12/hmmer_output/1648at33958.out --cpu 1 /home/ephraim/busco_downloads/lineages/lactobacillaceae_odb12/hmms/1648at33958.hmm /home/ephraim/busco_isolate_may/prodigal_output/predicted_genes/predicted.faa
2026-05-03 19:13:17 DEBUG:busco.busco_tools.Toolset	cmd call: hmmsearch --domtblout /home/ephraim/busco_isolate_may/run_lactobacillaceae_odb12/hmmer_output/1661at33958.out --cpu 1 /home/ephraim/busco_downloads/lineages/lactobacillaceae_odb12/hmms/1661at33958.hmm /home/ephraim/busco_isolate_may/prodigal_output/predicted_genes/predicted.faa
2026-05-03 19:13:17 DEBUG:busco.busco_tools.Toolset	cmd call: hmmsearch --domtblout /home/ephraim/busco_isolate_may/run_lactobacillaceae_odb12/hmmer_output/1353at33958.out --cpu 1 /home/ephraim/busco_downloads/lineages/lactobacillaceae_odb12/hmms/1353at33958.hmm /home/ephraim/busco_isolate_may/prodigal_output/predicted_genes/predicted.faa
2026-05-03 19:13:17 DEBUG:busco.busco_tools.Toolset	cmd call: hmmsearch --domtblout /home/ephraim/busco_isolate_may/run_lactobacillaceae_odb12/hmmer_output/1663at33958.out --cpu 1 /home/ephraim/busco_downloads/lineages/lactobacillaceae_odb12/hmms/1663at33958.hmm /home/ephraim/busco_isolate_may/prodigal_output/predicted_genes/predicted.faa
2026-05-03 19:13:17 DEBUG:busco.busco_tools.Toolset	cmd call: hmmsearch --domtblout /home/ephraim/busco_isolate_may/run_lactobacillaceae_odb12/hmmer_output/1072at33958.out --cpu 1 /home/ephraim/busco_downloads/lineages/lactobacillaceae_odb12/hmms/1072at33958.hmm /home/ephraim/busco_isolate_may/prodigal_output/predicted_genes/predicted.faa
2026-05-03 19:13:17 DEBUG:busco.busco_tools.Toolset	cmd call: hmmsearch --domtblout /home/ephraim/busco_isolate_may/run_lactobacillaceae_odb12/hmmer_output/1668at33958.out --cpu 1 /home/ephraim/busco_downloads/lineages/lactobacillaceae_odb12/hmms/1668at33958.hmm /home/ephraim/busco_isolate_may/prodigal_output/predicted_genes/predicted.faa
2026-05-03 19:13:17 DEBUG:busco.busco_tools.Toolset	cmd call: hmmsearch --domtblout /home/ephraim/busco_isolate_may/run_lactobacillaceae_odb12/hmmer_output/1074at33958.out --cpu 1 /home/ephraim/busco_downloads/lineages/lactobacillaceae_odb12/hmms/1074at33958.hmm /home/ephraim/busco_isolate_may/prodigal_output/predicted_genes/predicted.faa
2026-05-03 19:13:17 DEBUG:busco.busco_tools.Toolset	cmd call: hmmsearch --domtblout /home/ephraim/busco_isolate_may/run_lactobacillaceae_odb12/hmmer_output/1671at33958.out --cpu 1 /home/ephraim/busco_downloads/lineages/lactobacillaceae_odb12/hmms/1671at33958.hmm /home/ephraim/busco_isolate_may/prodigal_output/predicted_genes/predicted.faa
2026-05-03 19:13:17 DEBUG:busco.busco_tools.Toolset	cmd call: hmmsearch --domtblout /home/ephraim/busco_isolate_may/run_lactobacillaceae_odb12/hmmer_output/1093at33958.out --cpu 1 /home/ephraim/busco_downloads/lineages/lactobacillaceae_odb12/hmms/1093at33958.hmm /home/ephraim/busco_isolate_may/prodigal_output/predicted_genes/predicted.faa
2026-05-03 19:13:17 DEBUG:busco.busco_tools.Toolset	cmd call: hmmsearch --domtblout /home/ephraim/busco_isolate_may/run_lactobacillaceae_odb12/hmmer_output/1358at33958.out --cpu 1 /home/ephraim/busco_downloads/lineages/lactobacillaceae_odb12/hmms/1358at33958.hmm /home/ephraim/busco_isolate_may/prodigal_output/predicted_genes/predicted.faa
2026-05-03 19:13:17 DEBUG:busco.busco_tools.Toolset	cmd call: hmmsearch --domtblout /home/ephraim/busco_isolate_may/run_lactobacillaceae_odb12/hmmer_output/1361at33958.out --cpu 1 /home/ephraim/busco_downloads/lineages/lactobacillaceae_odb12/hmms/1361at33958.hmm /home/ephraim/busco_isolate_may/prodigal_output/predicted_genes/predicted.faa
2026-05-03 19:13:17 DEBUG:busco.busco_tools.Toolset	cmd call: hmmsearch --domtblout /home/ephraim/busco_isolate_may/run_lactobacillaceae_odb12/hmmer_output/1370at33958.out --cpu 1 /home/ephraim/busco_downloads/lineages/lactobacillaceae_odb12/hmms/1370at33958.hmm /home/ephraim/busco_isolate_may/prodigal_output/predicted_genes/predicted.faa
2026-05-03 19:13:17 DEBUG:busco.busco_tools.Toolset	cmd call: hmmsearch --domtblout /home/ephraim/busco_isolate_may/run_lactobacillaceae_odb12/hmmer_output/1095at33958.out --cpu 1 /home/ephraim/busco_downloads/lineages/lactobacillaceae_odb12/hmms/1095at33958.hmm /home/ephraim/busco_isolate_may/prodigal_output/predicted_genes/predicted.faa
2026-05-03 19:13:17 DEBUG:busco.busco_tools.Toolset	cmd call: hmmsearch --domtblout /home/ephraim/busco_isolate_may/run_lactobacillaceae_odb12/hmmer_output/1687at33958.out --cpu 1 /home/ephraim/busco_downloads/lineages/lactobacillaceae_odb12/hmms/1687at33958.hmm /home/ephraim/busco_isolate_may/prodigal_output/predicted_genes/predicted.faa
2026-05-03 19:13:17 DEBUG:busco.busco_tools.Toolset	cmd call: hmmsearch --domtblout /home/ephraim/busco_isolate_may/run_lactobacillaceae_odb12/hmmer_output/1383at33958.out --cpu 1 /home/ephraim/busco_downloads/lineages/lactobacillaceae_odb12/hmms/1383at33958.hmm /home/ephraim/busco_isolate_may/prodigal_output/predicted_genes/predicted.faa
2026-05-03 19:13:17 DEBUG:busco.busco_tools.Toolset	cmd call: hmmsearch --domtblout /home/ephraim/busco_isolate_may/run_lactobacillaceae_odb12/hmmer_output/1704at33958.out --cpu 1 /home/ephraim/busco_downloads/lineages/lactobacillaceae_odb12/hmms/1704at33958.hmm /home/ephraim/busco_isolate_may/prodigal_output/predicted_genes/predicted.faa
2026-05-03 19:13:17 DEBUG:busco.busco_tools.Toolset	cmd call: hmmsearch --domtblout /home/ephraim/busco_isolate_may/run_lactobacillaceae_odb12/hmmer_output/1099at33958.out --cpu 1 /home/ephraim/busco_downloads/lineages/lactobacillaceae_odb12/hmms/1099at33958.hmm /home/ephraim/busco_isolate_may/prodigal_output/predicted_genes/predicted.faa
2026-05-03 19:13:17 DEBUG:busco.busco_tools.Toolset	cmd call: hmmsearch --domtblout /home/ephraim/busco_isolate_may/run_lactobacillaceae_odb12/hmmer_output/1707at33958.out --cpu 1 /home/ephraim/busco_downloads/lineages/lactobacillaceae_odb12/hmms/1707at33958.hmm /home/ephraim/busco_isolate_may/prodigal_output/predicted_genes/predicted.faa
2026-05-03 19:13:17 DEBUG:busco.busco_tools.Toolset	cmd call: hmmsearch --domtblout /home/ephraim/busco_isolate_may/run_lactobacillaceae_odb12/hmmer_output/1389at33958.out --cpu 1 /home/ephraim/busco_downloads/lineages/lactobacillaceae_odb12/hmms/1389at33958.hmm /home/ephraim/busco_isolate_may/prodigal_output/predicted_genes/predicted.faa
2026-05-03 19:13:17 DEBUG:busco.busco_tools.Toolset	cmd call: hmmsearch --domtblout /home/ephraim/busco_isolate_may/run_lactobacillaceae_odb12/hmmer_output/1413at33958.out --cpu 1 /home/ephraim/busco_downloads/lineages/lactobacillaceae_odb12/hmms/1413at33958.hmm /home/ephraim/busco_isolate_may/prodigal_output/predicted_genes/predicted.faa
2026-05-03 19:13:17 DEBUG:busco.busco_tools.Toolset	cmd call: hmmsearch --domtblout /home/ephraim/busco_isolate_may/run_lactobacillaceae_odb12/hmmer_output/1725at33958.out --cpu 1 /home/ephraim/busco_downloads/lineages/lactobacillaceae_odb12/hmms/1725at33958.hmm /home/ephraim/busco_isolate_may/prodigal_output/predicted_genes/predicted.faa
2026-05-03 19:13:17 DEBUG:busco.busco_tools.Toolset	cmd call: hmmsearch --domtblout /home/ephraim/busco_isolate_may/run_lactobacillaceae_odb12/hmmer_output/141at33958.out --cpu 1 /home/ephraim/busco_downloads/lineages/lactobacillaceae_odb12/hmms/141at33958.hmm /home/ephraim/busco_isolate_may/prodigal_output/predicted_genes/predicted.faa
2026-05-03 19:13:17 DEBUG:busco.busco_tools.Toolset	cmd call: hmmsearch --domtblout /home/ephraim/busco_isolate_may/run_lactobacillaceae_odb12/hmmer_output/1736at33958.out --cpu 1 /home/ephraim/busco_downloads/lineages/lactobacillaceae_odb12/hmms/1736at33958.hmm /home/ephraim/busco_isolate_may/prodigal_output/predicted_genes/predicted.faa
2026-05-03 19:13:17 DEBUG:busco.busco_tools.Toolset	cmd call: hmmsearch --domtblout /home/ephraim/busco_isolate_may/run_lactobacillaceae_odb12/hmmer_output/1423at33958.out --cpu 1 /home/ephraim/busco_downloads/lineages/lactobacillaceae_odb12/hmms/1423at33958.hmm /home/ephraim/busco_isolate_may/prodigal_output/predicted_genes/predicted.faa
2026-05-03 19:13:18 DEBUG:busco.busco_tools.Toolset	cmd call: hmmsearch --domtblout /home/ephraim/busco_isolate_may/run_lactobacillaceae_odb12/hmmer_output/1737at33958.out --cpu 1 /home/ephraim/busco_downloads/lineages/lactobacillaceae_odb12/hmms/1737at33958.hmm /home/ephraim/busco_isolate_may/prodigal_output/predicted_genes/predicted.faa
2026-05-03 19:13:18 DEBUG:busco.busco_tools.Toolset	cmd call: hmmsearch --domtblout /home/ephraim/busco_isolate_may/run_lactobacillaceae_odb12/hmmer_output/1738at33958.out --cpu 1 /home/ephraim/busco_downloads/lineages/lactobacillaceae_odb12/hmms/1738at33958.hmm /home/ephraim/busco_isolate_may/prodigal_output/predicted_genes/predicted.faa
2026-05-03 19:13:18 DEBUG:busco.busco_tools.Toolset	cmd call: hmmsearch --domtblout /home/ephraim/busco_isolate_may/run_lactobacillaceae_odb12/hmmer_output/1740at33958.out --cpu 1 /home/ephraim/busco_downloads/lineages/lactobacillaceae_odb12/hmms/1740at33958.hmm /home/ephraim/busco_isolate_may/prodigal_output/predicted_genes/predicted.faa
2026-05-03 19:13:18 DEBUG:busco.busco_tools.Toolset	cmd call: hmmsearch --domtblout /home/ephraim/busco_isolate_may/run_lactobacillaceae_odb12/hmmer_output/1748at33958.out --cpu 1 /home/ephraim/busco_downloads/lineages/lactobacillaceae_odb12/hmms/1748at33958.hmm /home/ephraim/busco_isolate_may/prodigal_output/predicted_genes/predicted.faa
2026-05-03 19:13:18 DEBUG:busco.busco_tools.Toolset	cmd call: hmmsearch --domtblout /home/ephraim/busco_isolate_may/run_lactobacillaceae_odb12/hmmer_output/174at33958.out --cpu 1 /home/ephraim/busco_downloads/lineages/lactobacillaceae_odb12/hmms/174at33958.hmm /home/ephraim/busco_isolate_may/prodigal_output/predicted_genes/predicted.faa
2026-05-03 19:13:18 DEBUG:busco.busco_tools.Toolset	cmd call: hmmsearch --domtblout /home/ephraim/busco_isolate_may/run_lactobacillaceae_odb12/hmmer_output/1750at33958.out --cpu 1 /home/ephraim/busco_downloads/lineages/lactobacillaceae_odb12/hmms/1750at33958.hmm /home/ephraim/busco_isolate_may/prodigal_output/predicted_genes/predicted.faa
2026-05-03 19:13:18 INFO:busco.busco_tools.Toolset	[hmmsearch]	52 of 519 task(s) completed
2026-05-03 19:13:18 DEBUG:busco.busco_tools.Toolset	cmd call: hmmsearch --domtblout /home/ephraim/busco_isolate_may/run_lactobacillaceae_odb12/hmmer_output/1754at33958.out --cpu 1 /home/ephraim/busco_downloads/lineages/lactobacillaceae_odb12/hmms/1754at33958.hmm /home/ephraim/busco_isolate_may/prodigal_output/predicted_genes/predicted.faa
2026-05-03 19:13:18 DEBUG:busco.busco_tools.Toolset	cmd call: hmmsearch --domtblout /home/ephraim/busco_isolate_may/run_lactobacillaceae_odb12/hmmer_output/1428at33958.out --cpu 1 /home/ephraim/busco_downloads/lineages/lactobacillaceae_odb12/hmms/1428at33958.hmm /home/ephraim/busco_isolate_may/prodigal_output/predicted_genes/predicted.faa
2026-05-03 19:13:18 DEBUG:busco.busco_tools.Toolset	cmd call: hmmsearch --domtblout /home/ephraim/busco_isolate_may/run_lactobacillaceae_odb12/hmmer_output/1755at33958.out --cpu 1 /home/ephraim/busco_downloads/lineages/lactobacillaceae_odb12/hmms/1755at33958.hmm /home/ephraim/busco_isolate_may/prodigal_output/predicted_genes/predicted.faa
2026-05-03 19:13:18 DEBUG:busco.busco_tools.Toolset	cmd call: hmmsearch --domtblout /home/ephraim/busco_isolate_may/run_lactobacillaceae_odb12/hmmer_output/1766at33958.out --cpu 1 /home/ephraim/busco_downloads/lineages/lactobacillaceae_odb12/hmms/1766at33958.hmm /home/ephraim/busco_isolate_may/prodigal_output/predicted_genes/predicted.faa
2026-05-03 19:13:18 DEBUG:busco.busco_tools.Toolset	cmd call: hmmsearch --domtblout /home/ephraim/busco_isolate_may/run_lactobacillaceae_odb12/hmmer_output/1769at33958.out --cpu 1 /home/ephraim/busco_downloads/lineages/lactobacillaceae_odb12/hmms/1769at33958.hmm /home/ephraim/busco_isolate_may/prodigal_output/predicted_genes/predicted.faa
2026-05-03 19:13:18 DEBUG:busco.busco_tools.Toolset	cmd call: hmmsearch --domtblout /home/ephraim/busco_isolate_may/run_lactobacillaceae_odb12/hmmer_output/1431at33958.out --cpu 1 /home/ephraim/busco_downloads/lineages/lactobacillaceae_odb12/hmms/1431at33958.hmm /home/ephraim/busco_isolate_may/prodigal_output/predicted_genes/predicted.faa
2026-05-03 19:13:18 DEBUG:busco.busco_tools.Toolset	cmd call: hmmsearch --domtblout /home/ephraim/busco_isolate_may/run_lactobacillaceae_odb12/hmmer_output/1439at33958.out --cpu 1 /home/ephraim/busco_downloads/lineages/lactobacillaceae_odb12/hmms/1439at33958.hmm /home/ephraim/busco_isolate_may/prodigal_output/predicted_genes/predicted.faa
2026-05-03 19:13:18 DEBUG:busco.busco_tools.Toolset	cmd call: hmmsearch --domtblout /home/ephraim/busco_isolate_may/run_lactobacillaceae_odb12/hmmer_output/176at33958.out --cpu 1 /home/ephraim/busco_downloads/lineages/lactobacillaceae_odb12/hmms/176at33958.hmm /home/ephraim/busco_isolate_may/prodigal_output/predicted_genes/predicted.faa
2026-05-03 19:13:18 DEBUG:busco.busco_tools.Toolset	cmd call: hmmsearch --domtblout /home/ephraim/busco_isolate_may/run_lactobacillaceae_odb12/hmmer_output/1443at33958.out --cpu 1 /home/ephraim/busco_downloads/lineages/lactobacillaceae_odb12/hmms/1443at33958.hmm /home/ephraim/busco_isolate_may/prodigal_output/predicted_genes/predicted.faa
2026-05-03 19:13:18 DEBUG:busco.busco_tools.Toolset	cmd call: hmmsearch --domtblout /home/ephraim/busco_isolate_may/run_lactobacillaceae_odb12/hmmer_output/1770at33958.out --cpu 1 /home/ephraim/busco_downloads/lineages/lactobacillaceae_odb12/hmms/1770at33958.hmm /home/ephraim/busco_isolate_may/prodigal_output/predicted_genes/predicted.faa
2026-05-03 19:13:18 DEBUG:busco.busco_tools.Toolset	cmd call: hmmsearch --domtblout /home/ephraim/busco_isolate_may/run_lactobacillaceae_odb12/hmmer_output/1445at33958.out --cpu 1 /home/ephraim/busco_downloads/lineages/lactobacillaceae_odb12/hmms/1445at33958.hmm /home/ephraim/busco_isolate_may/prodigal_output/predicted_genes/predicted.faa
2026-05-03 19:13:18 DEBUG:busco.busco_tools.Toolset	cmd call: hmmsearch --domtblout /home/ephraim/busco_isolate_may/run_lactobacillaceae_odb12/hmmer_output/1108at33958.out --cpu 1 /home/ephraim/busco_downloads/lineages/lactobacillaceae_odb12/hmms/1108at33958.hmm /home/ephraim/busco_isolate_may/prodigal_output/predicted_genes/predicted.faa
2026-05-03 19:13:18 DEBUG:busco.busco_tools.Toolset	cmd call: hmmsearch --domtblout /home/ephraim/busco_isolate_may/run_lactobacillaceae_odb12/hmmer_output/1452at33958.out --cpu 1 /home/ephraim/busco_downloads/lineages/lactobacillaceae_odb12/hmms/1452at33958.hmm /home/ephraim/busco_isolate_may/prodigal_output/predicted_genes/predicted.faa
2026-05-03 19:13:18 DEBUG:busco.busco_tools.Toolset	cmd call: hmmsearch --domtblout /home/ephraim/busco_isolate_may/run_lactobacillaceae_odb12/hmmer_output/1128at33958.out --cpu 1 /home/ephraim/busco_downloads/lineages/lactobacillaceae_odb12/hmms/1128at33958.hmm /home/ephraim/busco_isolate_may/prodigal_output/predicted_genes/predicted.faa
2026-05-03 19:13:18 DEBUG:busco.busco_tools.Toolset	cmd call: hmmsearch --domtblout /home/ephraim/busco_isolate_may/run_lactobacillaceae_odb12/hmmer_output/1454at33958.out --cpu 1 /home/ephraim/busco_downloads/lineages/lactobacillaceae_odb12/hmms/1454at33958.hmm /home/ephraim/busco_isolate_may/prodigal_output/predicted_genes/predicted.faa
2026-05-03 19:13:18 DEBUG:busco.busco_tools.Toolset	cmd call: hmmsearch --domtblout /home/ephraim/busco_isolate_may/run_lactobacillaceae_odb12/hmmer_output/1779at33958.out --cpu 1 /home/ephraim/busco_downloads/lineages/lactobacillaceae_odb12/hmms/1779at33958.hmm /home/ephraim/busco_isolate_may/prodigal_output/predicted_genes/predicted.faa
2026-05-03 19:13:18 DEBUG:busco.busco_tools.Toolset	cmd call: hmmsearch --domtblout /home/ephraim/busco_isolate_may/run_lactobacillaceae_odb12/hmmer_output/1786at33958.out --cpu 1 /home/ephraim/busco_downloads/lineages/lactobacillaceae_odb12/hmms/1786at33958.hmm /home/ephraim/busco_isolate_may/prodigal_output/predicted_genes/predicted.faa
2026-05-03 19:13:18 DEBUG:busco.busco_tools.Toolset	cmd call: hmmsearch --domtblout /home/ephraim/busco_isolate_may/run_lactobacillaceae_odb12/hmmer_output/145at33958.out --cpu 1 /home/ephraim/busco_downloads/lineages/lactobacillaceae_odb12/hmms/145at33958.hmm /home/ephraim/busco_isolate_may/prodigal_output/predicted_genes/predicted.faa
2026-05-03 19:13:18 DEBUG:busco.busco_tools.Toolset	cmd call: hmmsearch --domtblout /home/ephraim/busco_isolate_may/run_lactobacillaceae_odb12/hmmer_output/1791at33958.out --cpu 1 /home/ephraim/busco_downloads/lineages/lactobacillaceae_odb12/hmms/1791at33958.hmm /home/ephraim/busco_isolate_may/prodigal_output/predicted_genes/predicted.faa
2026-05-03 19:13:18 DEBUG:busco.busco_tools.Toolset	cmd call: hmmsearch --domtblout /home/ephraim/busco_isolate_may/run_lactobacillaceae_odb12/hmmer_output/147at33958.out --cpu 1 /home/ephraim/busco_downloads/lineages/lactobacillaceae_odb12/hmms/147at33958.hmm /home/ephraim/busco_isolate_may/prodigal_output/predicted_genes/predicted.faa
2026-05-03 19:13:18 DEBUG:busco.busco_tools.Toolset	cmd call: hmmsearch --domtblout /home/ephraim/busco_isolate_may/run_lactobacillaceae_odb12/hmmer_output/1135at33958.out --cpu 1 /home/ephraim/busco_downloads/lineages/lactobacillaceae_odb12/hmms/1135at33958.hmm /home/ephraim/busco_isolate_may/prodigal_output/predicted_genes/predicted.faa
2026-05-03 19:13:18 DEBUG:busco.busco_tools.Toolset	cmd call: hmmsearch --domtblout /home/ephraim/busco_isolate_may/run_lactobacillaceae_odb12/hmmer_output/1792at33958.out --cpu 1 /home/ephraim/busco_downloads/lineages/lactobacillaceae_odb12/hmms/1792at33958.hmm /home/ephraim/busco_isolate_may/prodigal_output/predicted_genes/predicted.faa
2026-05-03 19:13:18 DEBUG:busco.busco_tools.Toolset	cmd call: hmmsearch --domtblout /home/ephraim/busco_isolate_may/run_lactobacillaceae_odb12/hmmer_output/1136at33958.out --cpu 1 /home/ephraim/busco_downloads/lineages/lactobacillaceae_odb12/hmms/1136at33958.hmm /home/ephraim/busco_isolate_may/prodigal_output/predicted_genes/predicted.faa
2026-05-03 19:13:18 DEBUG:busco.busco_tools.Toolset	cmd call: hmmsearch --domtblout /home/ephraim/busco_isolate_may/run_lactobacillaceae_odb12/hmmer_output/1797at33958.out --cpu 1 /home/ephraim/busco_downloads/lineages/lactobacillaceae_odb12/hmms/1797at33958.hmm /home/ephraim/busco_isolate_may/prodigal_output/predicted_genes/predicted.faa
2026-05-03 19:13:18 DEBUG:busco.busco_tools.Toolset	cmd call: hmmsearch --domtblout /home/ephraim/busco_isolate_may/run_lactobacillaceae_odb12/hmmer_output/1138at33958.out --cpu 1 /home/ephraim/busco_downloads/lineages/lactobacillaceae_odb12/hmms/1138at33958.hmm /home/ephraim/busco_isolate_may/prodigal_output/predicted_genes/predicted.faa
2026-05-03 19:13:18 DEBUG:busco.busco_tools.Toolset	cmd call: hmmsearch --domtblout /home/ephraim/busco_isolate_may/run_lactobacillaceae_odb12/hmmer_output/1147at33958.out --cpu 1 /home/ephraim/busco_downloads/lineages/lactobacillaceae_odb12/hmms/1147at33958.hmm /home/ephraim/busco_isolate_may/prodigal_output/predicted_genes/predicted.faa
2026-05-03 19:13:18 DEBUG:busco.busco_tools.Toolset	cmd call: hmmsearch --domtblout /home/ephraim/busco_isolate_may/run_lactobacillaceae_odb12/hmmer_output/1808at33958.out --cpu 1 /home/ephraim/busco_downloads/lineages/lactobacillaceae_odb12/hmms/1808at33958.hmm /home/ephraim/busco_isolate_may/prodigal_output/predicted_genes/predicted.faa
2026-05-03 19:13:18 DEBUG:busco.busco_tools.Toolset	cmd call: hmmsearch --domtblout /home/ephraim/busco_isolate_may/run_lactobacillaceae_odb12/hmmer_output/1153at33958.out --cpu 1 /home/ephraim/busco_downloads/lineages/lactobacillaceae_odb12/hmms/1153at33958.hmm /home/ephraim/busco_isolate_may/prodigal_output/predicted_genes/predicted.faa
2026-05-03 19:13:18 DEBUG:busco.busco_tools.Toolset	cmd call: hmmsearch --domtblout /home/ephraim/busco_isolate_may/run_lactobacillaceae_odb12/hmmer_output/1498at33958.out --cpu 1 /home/ephraim/busco_downloads/lineages/lactobacillaceae_odb12/hmms/1498at33958.hmm /home/ephraim/busco_isolate_may/prodigal_output/predicted_genes/predicted.faa
2026-05-03 19:13:18 DEBUG:busco.busco_tools.Toolset	cmd call: hmmsearch --domtblout /home/ephraim/busco_isolate_may/run_lactobacillaceae_odb12/hmmer_output/1818at33958.out --cpu 1 /home/ephraim/busco_downloads/lineages/lactobacillaceae_odb12/hmms/1818at33958.hmm /home/ephraim/busco_isolate_may/prodigal_output/predicted_genes/predicted.faa
2026-05-03 19:13:18 DEBUG:busco.busco_tools.Toolset	cmd call: hmmsearch --domtblout /home/ephraim/busco_isolate_may/run_lactobacillaceae_odb12/hmmer_output/1155at33958.out --cpu 1 /home/ephraim/busco_downloads/lineages/lactobacillaceae_odb12/hmms/1155at33958.hmm /home/ephraim/busco_isolate_may/prodigal_output/predicted_genes/predicted.faa
2026-05-03 19:13:18 DEBUG:busco.busco_tools.Toolset	cmd call: hmmsearch --domtblout /home/ephraim/busco_isolate_may/run_lactobacillaceae_odb12/hmmer_output/1820at33958.out --cpu 1 /home/ephraim/busco_downloads/lineages/lactobacillaceae_odb12/hmms/1820at33958.hmm /home/ephraim/busco_isolate_may/prodigal_output/predicted_genes/predicted.faa
2026-05-03 19:13:18 DEBUG:busco.busco_tools.Toolset	cmd call: hmmsearch --domtblout /home/ephraim/busco_isolate_may/run_lactobacillaceae_odb12/hmmer_output/1822at33958.out --cpu 1 /home/ephraim/busco_downloads/lineages/lactobacillaceae_odb12/hmms/1822at33958.hmm /home/ephraim/busco_isolate_may/prodigal_output/predicted_genes/predicted.faa
2026-05-03 19:13:18 DEBUG:busco.busco_tools.Toolset	cmd call: hmmsearch --domtblout /home/ephraim/busco_isolate_may/run_lactobacillaceae_odb12/hmmer_output/14at33958.out --cpu 1 /home/ephraim/busco_downloads/lineages/lactobacillaceae_odb12/hmms/14at33958.hmm /home/ephraim/busco_isolate_may/prodigal_output/predicted_genes/predicted.faa
2026-05-03 19:13:18 DEBUG:busco.busco_tools.Toolset	cmd call: hmmsearch --domtblout /home/ephraim/busco_isolate_may/run_lactobacillaceae_odb12/hmmer_output/1823at33958.out --cpu 1 /home/ephraim/busco_downloads/lineages/lactobacillaceae_odb12/hmms/1823at33958.hmm /home/ephraim/busco_isolate_may/prodigal_output/predicted_genes/predicted.faa
2026-05-03 19:13:18 DEBUG:busco.busco_tools.Toolset	cmd call: hmmsearch --domtblout /home/ephraim/busco_isolate_may/run_lactobacillaceae_odb12/hmmer_output/1514at33958.out --cpu 1 /home/ephraim/busco_downloads/lineages/lactobacillaceae_odb12/hmms/1514at33958.hmm /home/ephraim/busco_isolate_may/prodigal_output/predicted_genes/predicted.faa
2026-05-03 19:13:18 DEBUG:busco.busco_tools.Toolset	cmd call: hmmsearch --domtblout /home/ephraim/busco_isolate_may/run_lactobacillaceae_odb12/hmmer_output/187at33958.out --cpu 1 /home/ephraim/busco_downloads/lineages/lactobacillaceae_odb12/hmms/187at33958.hmm /home/ephraim/busco_isolate_may/prodigal_output/predicted_genes/predicted.faa
2026-05-03 19:13:18 DEBUG:busco.busco_tools.Toolset	cmd call: hmmsearch --domtblout /home/ephraim/busco_isolate_may/run_lactobacillaceae_odb12/hmmer_output/1159at33958.out --cpu 1 /home/ephraim/busco_downloads/lineages/lactobacillaceae_odb12/hmms/1159at33958.hmm /home/ephraim/busco_isolate_may/prodigal_output/predicted_genes/predicted.faa
2026-05-03 19:13:18 DEBUG:busco.busco_tools.Toolset	cmd call: hmmsearch --domtblout /home/ephraim/busco_isolate_may/run_lactobacillaceae_odb12/hmmer_output/1525at33958.out --cpu 1 /home/ephraim/busco_downloads/lineages/lactobacillaceae_odb12/hmms/1525at33958.hmm /home/ephraim/busco_isolate_may/prodigal_output/predicted_genes/predicted.faa
2026-05-03 19:13:18 DEBUG:busco.busco_tools.Toolset	cmd call: hmmsearch --domtblout /home/ephraim/busco_isolate_may/run_lactobacillaceae_odb12/hmmer_output/1174at33958.out --cpu 1 /home/ephraim/busco_downloads/lineages/lactobacillaceae_odb12/hmms/1174at33958.hmm /home/ephraim/busco_isolate_may/prodigal_output/predicted_genes/predicted.faa
2026-05-03 19:13:18 DEBUG:busco.busco_tools.Toolset	cmd call: hmmsearch --domtblout /home/ephraim/busco_isolate_may/run_lactobacillaceae_odb12/hmmer_output/1881at33958.out --cpu 1 /home/ephraim/busco_downloads/lineages/lactobacillaceae_odb12/hmms/1881at33958.hmm /home/ephraim/busco_isolate_may/prodigal_output/predicted_genes/predicted.faa
2026-05-03 19:13:18 DEBUG:busco.busco_tools.Toolset	cmd call: hmmsearch --domtblout /home/ephraim/busco_isolate_may/run_lactobacillaceae_odb12/hmmer_output/117at33958.out --cpu 1 /home/ephraim/busco_downloads/lineages/lactobacillaceae_odb12/hmms/117at33958.hmm /home/ephraim/busco_isolate_may/prodigal_output/predicted_genes/predicted.faa
2026-05-03 19:13:18 DEBUG:busco.busco_tools.Toolset	cmd call: hmmsearch --domtblout /home/ephraim/busco_isolate_may/run_lactobacillaceae_odb12/hmmer_output/1532at33958.out --cpu 1 /home/ephraim/busco_downloads/lineages/lactobacillaceae_odb12/hmms/1532at33958.hmm /home/ephraim/busco_isolate_may/prodigal_output/predicted_genes/predicted.faa
2026-05-03 19:13:18 DEBUG:busco.busco_tools.Toolset	cmd call: hmmsearch --domtblout /home/ephraim/busco_isolate_may/run_lactobacillaceae_odb12/hmmer_output/1882at33958.out --cpu 1 /home/ephraim/busco_downloads/lineages/lactobacillaceae_odb12/hmms/1882at33958.hmm /home/ephraim/busco_isolate_may/prodigal_output/predicted_genes/predicted.faa
2026-05-03 19:13:18 DEBUG:busco.busco_tools.Toolset	cmd call: hmmsearch --domtblout /home/ephraim/busco_isolate_may/run_lactobacillaceae_odb12/hmmer_output/1187at33958.out --cpu 1 /home/ephraim/busco_downloads/lineages/lactobacillaceae_odb12/hmms/1187at33958.hmm /home/ephraim/busco_isolate_may/prodigal_output/predicted_genes/predicted.faa
2026-05-03 19:13:18 DEBUG:busco.busco_tools.Toolset	cmd call: hmmsearch --domtblout /home/ephraim/busco_isolate_may/run_lactobacillaceae_odb12/hmmer_output/1904at33958.out --cpu 1 /home/ephraim/busco_downloads/lineages/lactobacillaceae_odb12/hmms/1904at33958.hmm /home/ephraim/busco_isolate_may/prodigal_output/predicted_genes/predicted.faa
2026-05-03 19:13:18 DEBUG:busco.busco_tools.Toolset	cmd call: hmmsearch --domtblout /home/ephraim/busco_isolate_may/run_lactobacillaceae_odb12/hmmer_output/1905at33958.out --cpu 1 /home/ephraim/busco_downloads/lineages/lactobacillaceae_odb12/hmms/1905at33958.hmm /home/ephraim/busco_isolate_may/prodigal_output/predicted_genes/predicted.faa
2026-05-03 19:13:18 DEBUG:busco.busco_tools.Toolset	cmd call: hmmsearch --domtblout /home/ephraim/busco_isolate_may/run_lactobacillaceae_odb12/hmmer_output/1195at33958.out --cpu 1 /home/ephraim/busco_downloads/lineages/lactobacillaceae_odb12/hmms/1195at33958.hmm /home/ephraim/busco_isolate_may/prodigal_output/predicted_genes/predicted.faa
2026-05-03 19:13:18 DEBUG:busco.busco_tools.Toolset	cmd call: hmmsearch --domtblout /home/ephraim/busco_isolate_may/run_lactobacillaceae_odb12/hmmer_output/1918at33958.out --cpu 1 /home/ephraim/busco_downloads/lineages/lactobacillaceae_odb12/hmms/1918at33958.hmm /home/ephraim/busco_isolate_may/prodigal_output/predicted_genes/predicted.faa
2026-05-03 19:13:18 DEBUG:busco.busco_tools.Toolset	cmd call: hmmsearch --domtblout /home/ephraim/busco_isolate_may/run_lactobacillaceae_odb12/hmmer_output/1202at33958.out --cpu 1 /home/ephraim/busco_downloads/lineages/lactobacillaceae_odb12/hmms/1202at33958.hmm /home/ephraim/busco_isolate_may/prodigal_output/predicted_genes/predicted.faa
2026-05-03 19:13:18 DEBUG:busco.busco_tools.Toolset	cmd call: hmmsearch --domtblout /home/ephraim/busco_isolate_may/run_lactobacillaceae_odb12/hmmer_output/1534at33958.out --cpu 1 /home/ephraim/busco_downloads/lineages/lactobacillaceae_odb12/hmms/1534at33958.hmm /home/ephraim/busco_isolate_may/prodigal_output/predicted_genes/predicted.faa
2026-05-03 19:13:18 DEBUG:busco.busco_tools.Toolset	cmd call: hmmsearch --domtblout /home/ephraim/busco_isolate_may/run_lactobacillaceae_odb12/hmmer_output/1936at33958.out --cpu 1 /home/ephraim/busco_downloads/lineages/lactobacillaceae_odb12/hmms/1936at33958.hmm /home/ephraim/busco_isolate_may/prodigal_output/predicted_genes/predicted.faa
2026-05-03 19:13:18 INFO:busco.busco_tools.Toolset	[hmmsearch]	104 of 519 task(s) completed
2026-05-03 19:13:18 DEBUG:busco.busco_tools.Toolset	cmd call: hmmsearch --domtblout /home/ephraim/busco_isolate_may/run_lactobacillaceae_odb12/hmmer_output/1540at33958.out --cpu 1 /home/ephraim/busco_downloads/lineages/lactobacillaceae_odb12/hmms/1540at33958.hmm /home/ephraim/busco_isolate_may/prodigal_output/predicted_genes/predicted.faa
2026-05-03 19:13:18 DEBUG:busco.busco_tools.Toolset	cmd call: hmmsearch --domtblout /home/ephraim/busco_isolate_may/run_lactobacillaceae_odb12/hmmer_output/1937at33958.out --cpu 1 /home/ephraim/busco_downloads/lineages/lactobacillaceae_odb12/hmms/1937at33958.hmm /home/ephraim/busco_isolate_may/prodigal_output/predicted_genes/predicted.faa
2026-05-03 19:13:18 DEBUG:busco.busco_tools.Toolset	cmd call: hmmsearch --domtblout /home/ephraim/busco_isolate_may/run_lactobacillaceae_odb12/hmmer_output/1544at33958.out --cpu 1 /home/ephraim/busco_downloads/lineages/lactobacillaceae_odb12/hmms/1544at33958.hmm /home/ephraim/busco_isolate_may/prodigal_output/predicted_genes/predicted.faa
2026-05-03 19:13:18 DEBUG:busco.busco_tools.Toolset	cmd call: hmmsearch --domtblout /home/ephraim/busco_isolate_may/run_lactobacillaceae_odb12/hmmer_output/1550at33958.out --cpu 1 /home/ephraim/busco_downloads/lineages/lactobacillaceae_odb12/hmms/1550at33958.hmm /home/ephraim/busco_isolate_may/prodigal_output/predicted_genes/predicted.faa
2026-05-03 19:13:18 DEBUG:busco.busco_tools.Toolset	cmd call: hmmsearch --domtblout /home/ephraim/busco_isolate_may/run_lactobacillaceae_odb12/hmmer_output/1947at33958.out --cpu 1 /home/ephraim/busco_downloads/lineages/lactobacillaceae_odb12/hmms/1947at33958.hmm /home/ephraim/busco_isolate_may/prodigal_output/predicted_genes/predicted.faa
2026-05-03 19:13:19 DEBUG:busco.busco_tools.Toolset	cmd call: hmmsearch --domtblout /home/ephraim/busco_isolate_may/run_lactobacillaceae_odb12/hmmer_output/1206at33958.out --cpu 1 /home/ephraim/busco_downloads/lineages/lactobacillaceae_odb12/hmms/1206at33958.hmm /home/ephraim/busco_isolate_may/prodigal_output/predicted_genes/predicted.faa
2026-05-03 19:13:19 DEBUG:busco.busco_tools.Toolset	cmd call: hmmsearch --domtblout /home/ephraim/busco_isolate_may/run_lactobacillaceae_odb12/hmmer_output/1564at33958.out --cpu 1 /home/ephraim/busco_downloads/lineages/lactobacillaceae_odb12/hmms/1564at33958.hmm /home/ephraim/busco_isolate_may/prodigal_output/predicted_genes/predicted.faa
2026-05-03 19:13:19 DEBUG:busco.busco_tools.Toolset	cmd call: hmmsearch --domtblout /home/ephraim/busco_isolate_may/run_lactobacillaceae_odb12/hmmer_output/1224at33958.out --cpu 1 /home/ephraim/busco_downloads/lineages/lactobacillaceae_odb12/hmms/1224at33958.hmm /home/ephraim/busco_isolate_may/prodigal_output/predicted_genes/predicted.faa
2026-05-03 19:13:19 DEBUG:busco.busco_tools.Toolset	cmd call: hmmsearch --domtblout /home/ephraim/busco_isolate_may/run_lactobacillaceae_odb12/hmmer_output/1239at33958.out --cpu 1 /home/ephraim/busco_downloads/lineages/lactobacillaceae_odb12/hmms/1239at33958.hmm /home/ephraim/busco_isolate_may/prodigal_output/predicted_genes/predicted.faa
2026-05-03 19:13:19 DEBUG:busco.busco_tools.Toolset	cmd call: hmmsearch --domtblout /home/ephraim/busco_isolate_may/run_lactobacillaceae_odb12/hmmer_output/1952at33958.out --cpu 1 /home/ephraim/busco_downloads/lineages/lactobacillaceae_odb12/hmms/1952at33958.hmm /home/ephraim/busco_isolate_may/prodigal_output/predicted_genes/predicted.faa
2026-05-03 19:13:19 DEBUG:busco.busco_tools.Toolset	cmd call: hmmsearch --domtblout /home/ephraim/busco_isolate_may/run_lactobacillaceae_odb12/hmmer_output/1574at33958.out --cpu 1 /home/ephraim/busco_downloads/lineages/lactobacillaceae_odb12/hmms/1574at33958.hmm /home/ephraim/busco_isolate_may/prodigal_output/predicted_genes/predicted.faa
2026-05-03 19:13:19 DEBUG:busco.busco_tools.Toolset	cmd call: hmmsearch --domtblout /home/ephraim/busco_isolate_may/run_lactobacillaceae_odb12/hmmer_output/1243at33958.out --cpu 1 /home/ephraim/busco_downloads/lineages/lactobacillaceae_odb12/hmms/1243at33958.hmm /home/ephraim/busco_isolate_may/prodigal_output/predicted_genes/predicted.faa
2026-05-03 19:13:19 DEBUG:busco.busco_tools.Toolset	cmd call: hmmsearch --domtblout /home/ephraim/busco_isolate_may/run_lactobacillaceae_odb12/hmmer_output/1959at33958.out --cpu 1 /home/ephraim/busco_downloads/lineages/lactobacillaceae_odb12/hmms/1959at33958.hmm /home/ephraim/busco_isolate_may/prodigal_output/predicted_genes/predicted.faa
2026-05-03 19:13:19 DEBUG:busco.busco_tools.Toolset	cmd call: hmmsearch --domtblout /home/ephraim/busco_isolate_may/run_lactobacillaceae_odb12/hmmer_output/1252at33958.out --cpu 1 /home/ephraim/busco_downloads/lineages/lactobacillaceae_odb12/hmms/1252at33958.hmm /home/ephraim/busco_isolate_may/prodigal_output/predicted_genes/predicted.faa
2026-05-03 19:13:19 DEBUG:busco.busco_tools.Toolset	cmd call: hmmsearch --domtblout /home/ephraim/busco_isolate_may/run_lactobacillaceae_odb12/hmmer_output/157at33958.out --cpu 1 /home/ephraim/busco_downloads/lineages/lactobacillaceae_odb12/hmms/157at33958.hmm /home/ephraim/busco_isolate_may/prodigal_output/predicted_genes/predicted.faa
2026-05-03 19:13:19 DEBUG:busco.busco_tools.Toolset	cmd call: hmmsearch --domtblout /home/ephraim/busco_isolate_may/run_lactobacillaceae_odb12/hmmer_output/1253at33958.out --cpu 1 /home/ephraim/busco_downloads/lineages/lactobacillaceae_odb12/hmms/1253at33958.hmm /home/ephraim/busco_isolate_may/prodigal_output/predicted_genes/predicted.faa
2026-05-03 19:13:19 DEBUG:busco.busco_tools.Toolset	cmd call: hmmsearch --domtblout /home/ephraim/busco_isolate_may/run_lactobacillaceae_odb12/hmmer_output/1583at33958.out --cpu 1 /home/ephraim/busco_downloads/lineages/lactobacillaceae_odb12/hmms/1583at33958.hmm /home/ephraim/busco_isolate_may/prodigal_output/predicted_genes/predicted.faa
2026-05-03 19:13:19 DEBUG:busco.busco_tools.Toolset	cmd call: hmmsearch --domtblout /home/ephraim/busco_isolate_may/run_lactobacillaceae_odb12/hmmer_output/1972at33958.out --cpu 1 /home/ephraim/busco_downloads/lineages/lactobacillaceae_odb12/hmms/1972at33958.hmm /home/ephraim/busco_isolate_may/prodigal_output/predicted_genes/predicted.faa
2026-05-03 19:13:19 DEBUG:busco.busco_tools.Toolset	cmd call: hmmsearch --domtblout /home/ephraim/busco_isolate_may/run_lactobacillaceae_odb12/hmmer_output/1585at33958.out --cpu 1 /home/ephraim/busco_downloads/lineages/lactobacillaceae_odb12/hmms/1585at33958.hmm /home/ephraim/busco_isolate_may/prodigal_output/predicted_genes/predicted.faa
2026-05-03 19:13:19 DEBUG:busco.busco_tools.Toolset	cmd call: hmmsearch --domtblout /home/ephraim/busco_isolate_may/run_lactobacillaceae_odb12/hmmer_output/1977at33958.out --cpu 1 /home/ephraim/busco_downloads/lineages/lactobacillaceae_odb12/hmms/1977at33958.hmm /home/ephraim/busco_isolate_may/prodigal_output/predicted_genes/predicted.faa
2026-05-03 19:13:19 DEBUG:busco.busco_tools.Toolset	cmd call: hmmsearch --domtblout /home/ephraim/busco_isolate_may/run_lactobacillaceae_odb12/hmmer_output/1269at33958.out --cpu 1 /home/ephraim/busco_downloads/lineages/lactobacillaceae_odb12/hmms/1269at33958.hmm /home/ephraim/busco_isolate_may/prodigal_output/predicted_genes/predicted.faa
2026-05-03 19:13:19 DEBUG:busco.busco_tools.Toolset	cmd call: hmmsearch --domtblout /home/ephraim/busco_isolate_may/run_lactobacillaceae_odb12/hmmer_output/158at33958.out --cpu 1 /home/ephraim/busco_downloads/lineages/lactobacillaceae_odb12/hmms/158at33958.hmm /home/ephraim/busco_isolate_may/prodigal_output/predicted_genes/predicted.faa
2026-05-03 19:13:19 DEBUG:busco.busco_tools.Toolset	cmd call: hmmsearch --domtblout /home/ephraim/busco_isolate_may/run_lactobacillaceae_odb12/hmmer_output/126at33958.out --cpu 1 /home/ephraim/busco_downloads/lineages/lactobacillaceae_odb12/hmms/126at33958.hmm /home/ephraim/busco_isolate_may/prodigal_output/predicted_genes/predicted.faa
2026-05-03 19:13:19 DEBUG:busco.busco_tools.Toolset	cmd call: hmmsearch --domtblout /home/ephraim/busco_isolate_may/run_lactobacillaceae_odb12/hmmer_output/1276at33958.out --cpu 1 /home/ephraim/busco_downloads/lineages/lactobacillaceae_odb12/hmms/1276at33958.hmm /home/ephraim/busco_isolate_may/prodigal_output/predicted_genes/predicted.faa
2026-05-03 19:13:19 DEBUG:busco.busco_tools.Toolset	cmd call: hmmsearch --domtblout /home/ephraim/busco_isolate_may/run_lactobacillaceae_odb12/hmmer_output/2225at33958.out --cpu 1 /home/ephraim/busco_downloads/lineages/lactobacillaceae_odb12/hmms/2225at33958.hmm /home/ephraim/busco_isolate_may/prodigal_output/predicted_genes/predicted.faa
2026-05-03 19:13:19 DEBUG:busco.busco_tools.Toolset	cmd call: hmmsearch --domtblout /home/ephraim/busco_isolate_may/run_lactobacillaceae_odb12/hmmer_output/2228at33958.out --cpu 1 /home/ephraim/busco_downloads/lineages/lactobacillaceae_odb12/hmms/2228at33958.hmm /home/ephraim/busco_isolate_may/prodigal_output/predicted_genes/predicted.faa
2026-05-03 19:13:19 DEBUG:busco.busco_tools.Toolset	cmd call: hmmsearch --domtblout /home/ephraim/busco_isolate_may/run_lactobacillaceae_odb12/hmmer_output/197at33958.out --cpu 1 /home/ephraim/busco_downloads/lineages/lactobacillaceae_odb12/hmms/197at33958.hmm /home/ephraim/busco_isolate_may/prodigal_output/predicted_genes/predicted.faa
2026-05-03 19:13:19 DEBUG:busco.busco_tools.Toolset	cmd call: hmmsearch --domtblout /home/ephraim/busco_isolate_may/run_lactobacillaceae_odb12/hmmer_output/2241at33958.out --cpu 1 /home/ephraim/busco_downloads/lineages/lactobacillaceae_odb12/hmms/2241at33958.hmm /home/ephraim/busco_isolate_may/prodigal_output/predicted_genes/predicted.faa
2026-05-03 19:13:19 DEBUG:busco.busco_tools.Toolset	cmd call: hmmsearch --domtblout /home/ephraim/busco_isolate_may/run_lactobacillaceae_odb12/hmmer_output/1286at33958.out --cpu 1 /home/ephraim/busco_downloads/lineages/lactobacillaceae_odb12/hmms/1286at33958.hmm /home/ephraim/busco_isolate_may/prodigal_output/predicted_genes/predicted.faa
2026-05-03 19:13:19 DEBUG:busco.busco_tools.Toolset	cmd call: hmmsearch --domtblout /home/ephraim/busco_isolate_may/run_lactobacillaceae_odb12/hmmer_output/2248at33958.out --cpu 1 /home/ephraim/busco_downloads/lineages/lactobacillaceae_odb12/hmms/2248at33958.hmm /home/ephraim/busco_isolate_may/prodigal_output/predicted_genes/predicted.faa
2026-05-03 19:13:19 DEBUG:busco.busco_tools.Toolset	cmd call: hmmsearch --domtblout /home/ephraim/busco_isolate_may/run_lactobacillaceae_odb12/hmmer_output/1289at33958.out --cpu 1 /home/ephraim/busco_downloads/lineages/lactobacillaceae_odb12/hmms/1289at33958.hmm /home/ephraim/busco_isolate_may/prodigal_output/predicted_genes/predicted.faa
2026-05-03 19:13:19 DEBUG:busco.busco_tools.Toolset	cmd call: hmmsearch --domtblout /home/ephraim/busco_isolate_may/run_lactobacillaceae_odb12/hmmer_output/1980at33958.out --cpu 1 /home/ephraim/busco_downloads/lineages/lactobacillaceae_odb12/hmms/1980at33958.hmm /home/ephraim/busco_isolate_may/prodigal_output/predicted_genes/predicted.faa
2026-05-03 19:13:19 DEBUG:busco.busco_tools.Toolset	cmd call: hmmsearch --domtblout /home/ephraim/busco_isolate_may/run_lactobacillaceae_odb12/hmmer_output/226at33958.out --cpu 1 /home/ephraim/busco_downloads/lineages/lactobacillaceae_odb12/hmms/226at33958.hmm /home/ephraim/busco_isolate_may/prodigal_output/predicted_genes/predicted.faa
2026-05-03 19:13:19 DEBUG:busco.busco_tools.Toolset	cmd call: hmmsearch --domtblout /home/ephraim/busco_isolate_may/run_lactobacillaceae_odb12/hmmer_output/2279at33958.out --cpu 1 /home/ephraim/busco_downloads/lineages/lactobacillaceae_odb12/hmms/2279at33958.hmm /home/ephraim/busco_isolate_may/prodigal_output/predicted_genes/predicted.faa
2026-05-03 19:13:19 DEBUG:busco.busco_tools.Toolset	cmd call: hmmsearch --domtblout /home/ephraim/busco_isolate_may/run_lactobacillaceae_odb12/hmmer_output/1298at33958.out --cpu 1 /home/ephraim/busco_downloads/lineages/lactobacillaceae_odb12/hmms/1298at33958.hmm /home/ephraim/busco_isolate_may/prodigal_output/predicted_genes/predicted.faa
2026-05-03 19:13:19 DEBUG:busco.busco_tools.Toolset	cmd call: hmmsearch --domtblout /home/ephraim/busco_isolate_may/run_lactobacillaceae_odb12/hmmer_output/1984at33958.out --cpu 1 /home/ephraim/busco_downloads/lineages/lactobacillaceae_odb12/hmms/1984at33958.hmm /home/ephraim/busco_isolate_may/prodigal_output/predicted_genes/predicted.faa
2026-05-03 19:13:19 DEBUG:busco.busco_tools.Toolset	cmd call: hmmsearch --domtblout /home/ephraim/busco_isolate_may/run_lactobacillaceae_odb12/hmmer_output/1301at33958.out --cpu 1 /home/ephraim/busco_downloads/lineages/lactobacillaceae_odb12/hmms/1301at33958.hmm /home/ephraim/busco_isolate_may/prodigal_output/predicted_genes/predicted.faa
2026-05-03 19:13:19 DEBUG:busco.busco_tools.Toolset	cmd call: hmmsearch --domtblout /home/ephraim/busco_isolate_may/run_lactobacillaceae_odb12/hmmer_output/2287at33958.out --cpu 1 /home/ephraim/busco_downloads/lineages/lactobacillaceae_odb12/hmms/2287at33958.hmm /home/ephraim/busco_isolate_may/prodigal_output/predicted_genes/predicted.faa
2026-05-03 19:13:19 DEBUG:busco.busco_tools.Toolset	cmd call: hmmsearch --domtblout /home/ephraim/busco_isolate_may/run_lactobacillaceae_odb12/hmmer_output/1992at33958.out --cpu 1 /home/ephraim/busco_downloads/lineages/lactobacillaceae_odb12/hmms/1992at33958.hmm /home/ephraim/busco_isolate_may/prodigal_output/predicted_genes/predicted.faa
2026-05-03 19:13:19 DEBUG:busco.busco_tools.Toolset	cmd call: hmmsearch --domtblout /home/ephraim/busco_isolate_may/run_lactobacillaceae_odb12/hmmer_output/2004at33958.out --cpu 1 /home/ephraim/busco_downloads/lineages/lactobacillaceae_odb12/hmms/2004at33958.hmm /home/ephraim/busco_isolate_may/prodigal_output/predicted_genes/predicted.faa
2026-05-03 19:13:19 DEBUG:busco.busco_tools.Toolset	cmd call: hmmsearch --domtblout /home/ephraim/busco_isolate_may/run_lactobacillaceae_odb12/hmmer_output/2292at33958.out --cpu 1 /home/ephraim/busco_downloads/lineages/lactobacillaceae_odb12/hmms/2292at33958.hmm /home/ephraim/busco_isolate_may/prodigal_output/predicted_genes/predicted.faa
2026-05-03 19:13:19 DEBUG:busco.busco_tools.Toolset	cmd call: hmmsearch --domtblout /home/ephraim/busco_isolate_may/run_lactobacillaceae_odb12/hmmer_output/1302at33958.out --cpu 1 /home/ephraim/busco_downloads/lineages/lactobacillaceae_odb12/hmms/1302at33958.hmm /home/ephraim/busco_isolate_may/prodigal_output/predicted_genes/predicted.faa
2026-05-03 19:13:19 DEBUG:busco.busco_tools.Toolset	cmd call: hmmsearch --domtblout /home/ephraim/busco_isolate_may/run_lactobacillaceae_odb12/hmmer_output/1305at33958.out --cpu 1 /home/ephraim/busco_downloads/lineages/lactobacillaceae_odb12/hmms/1305at33958.hmm /home/ephraim/busco_isolate_may/prodigal_output/predicted_genes/predicted.faa
2026-05-03 19:13:19 DEBUG:busco.busco_tools.Toolset	cmd call: hmmsearch --domtblout /home/ephraim/busco_isolate_may/run_lactobacillaceae_odb12/hmmer_output/2011at33958.out --cpu 1 /home/ephraim/busco_downloads/lineages/lactobacillaceae_odb12/hmms/2011at33958.hmm /home/ephraim/busco_isolate_may/prodigal_output/predicted_genes/predicted.faa
2026-05-03 19:13:19 DEBUG:busco.busco_tools.Toolset	cmd call: hmmsearch --domtblout /home/ephraim/busco_isolate_may/run_lactobacillaceae_odb12/hmmer_output/1317at33958.out --cpu 1 /home/ephraim/busco_downloads/lineages/lactobacillaceae_odb12/hmms/1317at33958.hmm /home/ephraim/busco_isolate_may/prodigal_output/predicted_genes/predicted.faa
2026-05-03 19:13:19 DEBUG:busco.busco_tools.Toolset	cmd call: hmmsearch --domtblout /home/ephraim/busco_isolate_may/run_lactobacillaceae_odb12/hmmer_output/229at33958.out --cpu 1 /home/ephraim/busco_downloads/lineages/lactobacillaceae_odb12/hmms/229at33958.hmm /home/ephraim/busco_isolate_may/prodigal_output/predicted_genes/predicted.faa
2026-05-03 19:13:19 DEBUG:busco.busco_tools.Toolset	cmd call: hmmsearch --domtblout /home/ephraim/busco_isolate_may/run_lactobacillaceae_odb12/hmmer_output/2033at33958.out --cpu 1 /home/ephraim/busco_downloads/lineages/lactobacillaceae_odb12/hmms/2033at33958.hmm /home/ephraim/busco_isolate_may/prodigal_output/predicted_genes/predicted.faa
2026-05-03 19:13:19 DEBUG:busco.busco_tools.Toolset	cmd call: hmmsearch --domtblout /home/ephraim/busco_isolate_may/run_lactobacillaceae_odb12/hmmer_output/2048at33958.out --cpu 1 /home/ephraim/busco_downloads/lineages/lactobacillaceae_odb12/hmms/2048at33958.hmm /home/ephraim/busco_isolate_may/prodigal_output/predicted_genes/predicted.faa
2026-05-03 19:13:19 DEBUG:busco.busco_tools.Toolset	cmd call: hmmsearch --domtblout /home/ephraim/busco_isolate_may/run_lactobacillaceae_odb12/hmmer_output/2566at33958.out --cpu 1 /home/ephraim/busco_downloads/lineages/lactobacillaceae_odb12/hmms/2566at33958.hmm /home/ephraim/busco_isolate_may/prodigal_output/predicted_genes/predicted.faa
2026-05-03 19:13:19 DEBUG:busco.busco_tools.Toolset	cmd call: hmmsearch --domtblout /home/ephraim/busco_isolate_may/run_lactobacillaceae_odb12/hmmer_output/2309at33958.out --cpu 1 /home/ephraim/busco_downloads/lineages/lactobacillaceae_odb12/hmms/2309at33958.hmm /home/ephraim/busco_isolate_may/prodigal_output/predicted_genes/predicted.faa
2026-05-03 19:13:19 DEBUG:busco.busco_tools.Toolset	cmd call: hmmsearch --domtblout /home/ephraim/busco_isolate_may/run_lactobacillaceae_odb12/hmmer_output/2053at33958.out --cpu 1 /home/ephraim/busco_downloads/lineages/lactobacillaceae_odb12/hmms/2053at33958.hmm /home/ephraim/busco_isolate_may/prodigal_output/predicted_genes/predicted.faa
2026-05-03 19:13:19 DEBUG:busco.busco_tools.Toolset	cmd call: hmmsearch --domtblout /home/ephraim/busco_isolate_may/run_lactobacillaceae_odb12/hmmer_output/2317at33958.out --cpu 1 /home/ephraim/busco_downloads/lineages/lactobacillaceae_odb12/hmms/2317at33958.hmm /home/ephraim/busco_isolate_may/prodigal_output/predicted_genes/predicted.faa
2026-05-03 19:13:19 DEBUG:busco.busco_tools.Toolset	cmd call: hmmsearch --domtblout /home/ephraim/busco_isolate_may/run_lactobacillaceae_odb12/hmmer_output/2570at33958.out --cpu 1 /home/ephraim/busco_downloads/lineages/lactobacillaceae_odb12/hmms/2570at33958.hmm /home/ephraim/busco_isolate_may/prodigal_output/predicted_genes/predicted.faa
2026-05-03 19:13:19 INFO:busco.busco_tools.Toolset	[hmmsearch]	156 of 519 task(s) completed
2026-05-03 19:13:19 DEBUG:busco.busco_tools.Toolset	cmd call: hmmsearch --domtblout /home/ephraim/busco_isolate_may/run_lactobacillaceae_odb12/hmmer_output/2056at33958.out --cpu 1 /home/ephraim/busco_downloads/lineages/lactobacillaceae_odb12/hmms/2056at33958.hmm /home/ephraim/busco_isolate_may/prodigal_output/predicted_genes/predicted.faa
2026-05-03 19:13:19 DEBUG:busco.busco_tools.Toolset	cmd call: hmmsearch --domtblout /home/ephraim/busco_isolate_may/run_lactobacillaceae_odb12/hmmer_output/2059at33958.out --cpu 1 /home/ephraim/busco_downloads/lineages/lactobacillaceae_odb12/hmms/2059at33958.hmm /home/ephraim/busco_isolate_may/prodigal_output/predicted_genes/predicted.faa
2026-05-03 19:13:19 DEBUG:busco.busco_tools.Toolset	cmd call: hmmsearch --domtblout /home/ephraim/busco_isolate_may/run_lactobacillaceae_odb12/hmmer_output/2595at33958.out --cpu 1 /home/ephraim/busco_downloads/lineages/lactobacillaceae_odb12/hmms/2595at33958.hmm /home/ephraim/busco_isolate_may/prodigal_output/predicted_genes/predicted.faa
2026-05-03 19:13:19 DEBUG:busco.busco_tools.Toolset	cmd call: hmmsearch --domtblout /home/ephraim/busco_isolate_may/run_lactobacillaceae_odb12/hmmer_output/205at33958.out --cpu 1 /home/ephraim/busco_downloads/lineages/lactobacillaceae_odb12/hmms/205at33958.hmm /home/ephraim/busco_isolate_may/prodigal_output/predicted_genes/predicted.faa
2026-05-03 19:13:19 DEBUG:busco.busco_tools.Toolset	cmd call: hmmsearch --domtblout /home/ephraim/busco_isolate_may/run_lactobacillaceae_odb12/hmmer_output/2611at33958.out --cpu 1 /home/ephraim/busco_downloads/lineages/lactobacillaceae_odb12/hmms/2611at33958.hmm /home/ephraim/busco_isolate_may/prodigal_output/predicted_genes/predicted.faa
2026-05-03 19:13:19 DEBUG:busco.busco_tools.Toolset	cmd call: hmmsearch --domtblout /home/ephraim/busco_isolate_may/run_lactobacillaceae_odb12/hmmer_output/2624at33958.out --cpu 1 /home/ephraim/busco_downloads/lineages/lactobacillaceae_odb12/hmms/2624at33958.hmm /home/ephraim/busco_isolate_may/prodigal_output/predicted_genes/predicted.faa
2026-05-03 19:13:19 DEBUG:busco.busco_tools.Toolset	cmd call: hmmsearch --domtblout /home/ephraim/busco_isolate_may/run_lactobacillaceae_odb12/hmmer_output/2066at33958.out --cpu 1 /home/ephraim/busco_downloads/lineages/lactobacillaceae_odb12/hmms/2066at33958.hmm /home/ephraim/busco_isolate_may/prodigal_output/predicted_genes/predicted.faa
2026-05-03 19:13:19 DEBUG:busco.busco_tools.Toolset	cmd call: hmmsearch --domtblout /home/ephraim/busco_isolate_may/run_lactobacillaceae_odb12/hmmer_output/2072at33958.out --cpu 1 /home/ephraim/busco_downloads/lineages/lactobacillaceae_odb12/hmms/2072at33958.hmm /home/ephraim/busco_isolate_may/prodigal_output/predicted_genes/predicted.faa
2026-05-03 19:13:19 DEBUG:busco.busco_tools.Toolset	cmd call: hmmsearch --domtblout /home/ephraim/busco_isolate_may/run_lactobacillaceae_odb12/hmmer_output/2642at33958.out --cpu 1 /home/ephraim/busco_downloads/lineages/lactobacillaceae_odb12/hmms/2642at33958.hmm /home/ephraim/busco_isolate_may/prodigal_output/predicted_genes/predicted.faa
2026-05-03 19:13:19 DEBUG:busco.busco_tools.Toolset	cmd call: hmmsearch --domtblout /home/ephraim/busco_isolate_may/run_lactobacillaceae_odb12/hmmer_output/2643at33958.out --cpu 1 /home/ephraim/busco_downloads/lineages/lactobacillaceae_odb12/hmms/2643at33958.hmm /home/ephraim/busco_isolate_may/prodigal_output/predicted_genes/predicted.faa
2026-05-03 19:13:19 DEBUG:busco.busco_tools.Toolset	cmd call: hmmsearch --domtblout /home/ephraim/busco_isolate_may/run_lactobacillaceae_odb12/hmmer_output/265at33958.out --cpu 1 /home/ephraim/busco_downloads/lineages/lactobacillaceae_odb12/hmms/265at33958.hmm /home/ephraim/busco_isolate_may/prodigal_output/predicted_genes/predicted.faa
2026-05-03 19:13:19 DEBUG:busco.busco_tools.Toolset	cmd call: hmmsearch --domtblout /home/ephraim/busco_isolate_may/run_lactobacillaceae_odb12/hmmer_output/2677at33958.out --cpu 1 /home/ephraim/busco_downloads/lineages/lactobacillaceae_odb12/hmms/2677at33958.hmm /home/ephraim/busco_isolate_may/prodigal_output/predicted_genes/predicted.faa
2026-05-03 19:13:19 DEBUG:busco.busco_tools.Toolset	cmd call: hmmsearch --domtblout /home/ephraim/busco_isolate_may/run_lactobacillaceae_odb12/hmmer_output/2074at33958.out --cpu 1 /home/ephraim/busco_downloads/lineages/lactobacillaceae_odb12/hmms/2074at33958.hmm /home/ephraim/busco_isolate_may/prodigal_output/predicted_genes/predicted.faa
2026-05-03 19:13:19 DEBUG:busco.busco_tools.Toolset	cmd call: hmmsearch --domtblout /home/ephraim/busco_isolate_may/run_lactobacillaceae_odb12/hmmer_output/267at33958.out --cpu 1 /home/ephraim/busco_downloads/lineages/lactobacillaceae_odb12/hmms/267at33958.hmm /home/ephraim/busco_isolate_may/prodigal_output/predicted_genes/predicted.faa
2026-05-03 19:13:19 DEBUG:busco.busco_tools.Toolset	cmd call: hmmsearch --domtblout /home/ephraim/busco_isolate_may/run_lactobacillaceae_odb12/hmmer_output/2091at33958.out --cpu 1 /home/ephraim/busco_downloads/lineages/lactobacillaceae_odb12/hmms/2091at33958.hmm /home/ephraim/busco_isolate_may/prodigal_output/predicted_genes/predicted.faa
2026-05-03 19:13:19 DEBUG:busco.busco_tools.Toolset	cmd call: hmmsearch --domtblout /home/ephraim/busco_isolate_may/run_lactobacillaceae_odb12/hmmer_output/20at33958.out --cpu 1 /home/ephraim/busco_downloads/lineages/lactobacillaceae_odb12/hmms/20at33958.hmm /home/ephraim/busco_isolate_may/prodigal_output/predicted_genes/predicted.faa
2026-05-03 19:13:19 DEBUG:busco.busco_tools.Toolset	cmd call: hmmsearch --domtblout /home/ephraim/busco_isolate_may/run_lactobacillaceae_odb12/hmmer_output/2100at33958.out --cpu 1 /home/ephraim/busco_downloads/lineages/lactobacillaceae_odb12/hmms/2100at33958.hmm /home/ephraim/busco_isolate_may/prodigal_output/predicted_genes/predicted.faa
2026-05-03 19:13:19 DEBUG:busco.busco_tools.Toolset	cmd call: hmmsearch --domtblout /home/ephraim/busco_isolate_may/run_lactobacillaceae_odb12/hmmer_output/268at33958.out --cpu 1 /home/ephraim/busco_downloads/lineages/lactobacillaceae_odb12/hmms/268at33958.hmm /home/ephraim/busco_isolate_may/prodigal_output/predicted_genes/predicted.faa
2026-05-03 19:13:19 DEBUG:busco.busco_tools.Toolset	cmd call: hmmsearch --domtblout /home/ephraim/busco_isolate_may/run_lactobacillaceae_odb12/hmmer_output/2105at33958.out --cpu 1 /home/ephraim/busco_downloads/lineages/lactobacillaceae_odb12/hmms/2105at33958.hmm /home/ephraim/busco_isolate_may/prodigal_output/predicted_genes/predicted.faa
2026-05-03 19:13:19 DEBUG:busco.busco_tools.Toolset	cmd call: hmmsearch --domtblout /home/ephraim/busco_isolate_may/run_lactobacillaceae_odb12/hmmer_output/2694at33958.out --cpu 1 /home/ephraim/busco_downloads/lineages/lactobacillaceae_odb12/hmms/2694at33958.hmm /home/ephraim/busco_isolate_may/prodigal_output/predicted_genes/predicted.faa
2026-05-03 19:13:19 DEBUG:busco.busco_tools.Toolset	cmd call: hmmsearch --domtblout /home/ephraim/busco_isolate_may/run_lactobacillaceae_odb12/hmmer_output/2698at33958.out --cpu 1 /home/ephraim/busco_downloads/lineages/lactobacillaceae_odb12/hmms/2698at33958.hmm /home/ephraim/busco_isolate_may/prodigal_output/predicted_genes/predicted.faa
2026-05-03 19:13:19 DEBUG:busco.busco_tools.Toolset	cmd call: hmmsearch --domtblout /home/ephraim/busco_isolate_may/run_lactobacillaceae_odb12/hmmer_output/2703at33958.out --cpu 1 /home/ephraim/busco_downloads/lineages/lactobacillaceae_odb12/hmms/2703at33958.hmm /home/ephraim/busco_isolate_may/prodigal_output/predicted_genes/predicted.faa
2026-05-03 19:13:19 DEBUG:busco.busco_tools.Toolset	cmd call: hmmsearch --domtblout /home/ephraim/busco_isolate_may/run_lactobacillaceae_odb12/hmmer_output/2116at33958.out --cpu 1 /home/ephraim/busco_downloads/lineages/lactobacillaceae_odb12/hmms/2116at33958.hmm /home/ephraim/busco_isolate_may/prodigal_output/predicted_genes/predicted.faa
2026-05-03 19:13:19 DEBUG:busco.busco_tools.Toolset	cmd call: hmmsearch --domtblout /home/ephraim/busco_isolate_may/run_lactobacillaceae_odb12/hmmer_output/2713at33958.out --cpu 1 /home/ephraim/busco_downloads/lineages/lactobacillaceae_odb12/hmms/2713at33958.hmm /home/ephraim/busco_isolate_may/prodigal_output/predicted_genes/predicted.faa
2026-05-03 19:13:19 DEBUG:busco.busco_tools.Toolset	cmd call: hmmsearch --domtblout /home/ephraim/busco_isolate_may/run_lactobacillaceae_odb12/hmmer_output/2130at33958.out --cpu 1 /home/ephraim/busco_downloads/lineages/lactobacillaceae_odb12/hmms/2130at33958.hmm /home/ephraim/busco_isolate_may/prodigal_output/predicted_genes/predicted.faa
2026-05-03 19:13:19 DEBUG:busco.busco_tools.Toolset	cmd call: hmmsearch --domtblout /home/ephraim/busco_isolate_may/run_lactobacillaceae_odb12/hmmer_output/2755at33958.out --cpu 1 /home/ephraim/busco_downloads/lineages/lactobacillaceae_odb12/hmms/2755at33958.hmm /home/ephraim/busco_isolate_may/prodigal_output/predicted_genes/predicted.faa
2026-05-03 19:13:19 DEBUG:busco.busco_tools.Toolset	cmd call: hmmsearch --domtblout /home/ephraim/busco_isolate_may/run_lactobacillaceae_odb12/hmmer_output/2133at33958.out --cpu 1 /home/ephraim/busco_downloads/lineages/lactobacillaceae_odb12/hmms/2133at33958.hmm /home/ephraim/busco_isolate_may/prodigal_output/predicted_genes/predicted.faa
2026-05-03 19:13:19 DEBUG:busco.busco_tools.Toolset	cmd call: hmmsearch --domtblout /home/ephraim/busco_isolate_may/run_lactobacillaceae_odb12/hmmer_output/2786at33958.out --cpu 1 /home/ephraim/busco_downloads/lineages/lactobacillaceae_odb12/hmms/2786at33958.hmm /home/ephraim/busco_isolate_may/prodigal_output/predicted_genes/predicted.faa
2026-05-03 19:13:20 DEBUG:busco.busco_tools.Toolset	cmd call: hmmsearch --domtblout /home/ephraim/busco_isolate_may/run_lactobacillaceae_odb12/hmmer_output/2797at33958.out --cpu 1 /home/ephraim/busco_downloads/lineages/lactobacillaceae_odb12/hmms/2797at33958.hmm /home/ephraim/busco_isolate_may/prodigal_output/predicted_genes/predicted.faa
2026-05-03 19:13:20 DEBUG:busco.busco_tools.Toolset	cmd call: hmmsearch --domtblout /home/ephraim/busco_isolate_may/run_lactobacillaceae_odb12/hmmer_output/2139at33958.out --cpu 1 /home/ephraim/busco_downloads/lineages/lactobacillaceae_odb12/hmms/2139at33958.hmm /home/ephraim/busco_isolate_may/prodigal_output/predicted_genes/predicted.faa
2026-05-03 19:13:20 DEBUG:busco.busco_tools.Toolset	cmd call: hmmsearch --domtblout /home/ephraim/busco_isolate_may/run_lactobacillaceae_odb12/hmmer_output/2142at33958.out --cpu 1 /home/ephraim/busco_downloads/lineages/lactobacillaceae_odb12/hmms/2142at33958.hmm /home/ephraim/busco_isolate_may/prodigal_output/predicted_genes/predicted.faa
2026-05-03 19:13:20 DEBUG:busco.busco_tools.Toolset	cmd call: hmmsearch --domtblout /home/ephraim/busco_isolate_may/run_lactobacillaceae_odb12/hmmer_output/2836at33958.out --cpu 1 /home/ephraim/busco_downloads/lineages/lactobacillaceae_odb12/hmms/2836at33958.hmm /home/ephraim/busco_isolate_may/prodigal_output/predicted_genes/predicted.faa
2026-05-03 19:13:20 DEBUG:busco.busco_tools.Toolset	cmd call: hmmsearch --domtblout /home/ephraim/busco_isolate_may/run_lactobacillaceae_odb12/hmmer_output/214at33958.out --cpu 1 /home/ephraim/busco_downloads/lineages/lactobacillaceae_odb12/hmms/214at33958.hmm /home/ephraim/busco_isolate_may/prodigal_output/predicted_genes/predicted.faa
2026-05-03 19:13:20 DEBUG:busco.busco_tools.Toolset	cmd call: hmmsearch --domtblout /home/ephraim/busco_isolate_may/run_lactobacillaceae_odb12/hmmer_output/283at33958.out --cpu 1 /home/ephraim/busco_downloads/lineages/lactobacillaceae_odb12/hmms/283at33958.hmm /home/ephraim/busco_isolate_may/prodigal_output/predicted_genes/predicted.faa
2026-05-03 19:13:20 DEBUG:busco.busco_tools.Toolset	cmd call: hmmsearch --domtblout /home/ephraim/busco_isolate_may/run_lactobacillaceae_odb12/hmmer_output/2151at33958.out --cpu 1 /home/ephraim/busco_downloads/lineages/lactobacillaceae_odb12/hmms/2151at33958.hmm /home/ephraim/busco_isolate_may/prodigal_output/predicted_genes/predicted.faa
2026-05-03 19:13:20 DEBUG:busco.busco_tools.Toolset	cmd call: hmmsearch --domtblout /home/ephraim/busco_isolate_may/run_lactobacillaceae_odb12/hmmer_output/231at33958.out --cpu 1 /home/ephraim/busco_downloads/lineages/lactobacillaceae_odb12/hmms/231at33958.hmm /home/ephraim/busco_isolate_may/prodigal_output/predicted_genes/predicted.faa
2026-05-03 19:13:20 DEBUG:busco.busco_tools.Toolset	cmd call: hmmsearch --domtblout /home/ephraim/busco_isolate_may/run_lactobacillaceae_odb12/hmmer_output/2849at33958.out --cpu 1 /home/ephraim/busco_downloads/lineages/lactobacillaceae_odb12/hmms/2849at33958.hmm /home/ephraim/busco_isolate_may/prodigal_output/predicted_genes/predicted.faa
2026-05-03 19:13:20 DEBUG:busco.busco_tools.Toolset	cmd call: hmmsearch --domtblout /home/ephraim/busco_isolate_may/run_lactobacillaceae_odb12/hmmer_output/2320at33958.out --cpu 1 /home/ephraim/busco_downloads/lineages/lactobacillaceae_odb12/hmms/2320at33958.hmm /home/ephraim/busco_isolate_may/prodigal_output/predicted_genes/predicted.faa
2026-05-03 19:13:20 DEBUG:busco.busco_tools.Toolset	cmd call: hmmsearch --domtblout /home/ephraim/busco_isolate_may/run_lactobacillaceae_odb12/hmmer_output/2154at33958.out --cpu 1 /home/ephraim/busco_downloads/lineages/lactobacillaceae_odb12/hmms/2154at33958.hmm /home/ephraim/busco_isolate_may/prodigal_output/predicted_genes/predicted.faa
2026-05-03 19:13:20 DEBUG:busco.busco_tools.Toolset	cmd call: hmmsearch --domtblout /home/ephraim/busco_isolate_may/run_lactobacillaceae_odb12/hmmer_output/2850at33958.out --cpu 1 /home/ephraim/busco_downloads/lineages/lactobacillaceae_odb12/hmms/2850at33958.hmm /home/ephraim/busco_isolate_may/prodigal_output/predicted_genes/predicted.faa
2026-05-03 19:13:20 DEBUG:busco.busco_tools.Toolset	cmd call: hmmsearch --domtblout /home/ephraim/busco_isolate_may/run_lactobacillaceae_odb12/hmmer_output/215at33958.out --cpu 1 /home/ephraim/busco_downloads/lineages/lactobacillaceae_odb12/hmms/215at33958.hmm /home/ephraim/busco_isolate_may/prodigal_output/predicted_genes/predicted.faa
2026-05-03 19:13:20 DEBUG:busco.busco_tools.Toolset	cmd call: hmmsearch --domtblout /home/ephraim/busco_isolate_may/run_lactobacillaceae_odb12/hmmer_output/2330at33958.out --cpu 1 /home/ephraim/busco_downloads/lineages/lactobacillaceae_odb12/hmms/2330at33958.hmm /home/ephraim/busco_isolate_may/prodigal_output/predicted_genes/predicted.faa
2026-05-03 19:13:20 DEBUG:busco.busco_tools.Toolset	cmd call: hmmsearch --domtblout /home/ephraim/busco_isolate_may/run_lactobacillaceae_odb12/hmmer_output/2332at33958.out --cpu 1 /home/ephraim/busco_downloads/lineages/lactobacillaceae_odb12/hmms/2332at33958.hmm /home/ephraim/busco_isolate_may/prodigal_output/predicted_genes/predicted.faa
2026-05-03 19:13:20 DEBUG:busco.busco_tools.Toolset	cmd call: hmmsearch --domtblout /home/ephraim/busco_isolate_may/run_lactobacillaceae_odb12/hmmer_output/287at33958.out --cpu 1 /home/ephraim/busco_downloads/lineages/lactobacillaceae_odb12/hmms/287at33958.hmm /home/ephraim/busco_isolate_may/prodigal_output/predicted_genes/predicted.faa
2026-05-03 19:13:20 DEBUG:busco.busco_tools.Toolset	cmd call: hmmsearch --domtblout /home/ephraim/busco_isolate_may/run_lactobacillaceae_odb12/hmmer_output/2338at33958.out --cpu 1 /home/ephraim/busco_downloads/lineages/lactobacillaceae_odb12/hmms/2338at33958.hmm /home/ephraim/busco_isolate_may/prodigal_output/predicted_genes/predicted.faa
2026-05-03 19:13:20 DEBUG:busco.busco_tools.Toolset	cmd call: hmmsearch --domtblout /home/ephraim/busco_isolate_may/run_lactobacillaceae_odb12/hmmer_output/2162at33958.out --cpu 1 /home/ephraim/busco_downloads/lineages/lactobacillaceae_odb12/hmms/2162at33958.hmm /home/ephraim/busco_isolate_may/prodigal_output/predicted_genes/predicted.faa
2026-05-03 19:13:20 DEBUG:busco.busco_tools.Toolset	cmd call: hmmsearch --domtblout /home/ephraim/busco_isolate_may/run_lactobacillaceae_odb12/hmmer_output/289at33958.out --cpu 1 /home/ephraim/busco_downloads/lineages/lactobacillaceae_odb12/hmms/289at33958.hmm /home/ephraim/busco_isolate_may/prodigal_output/predicted_genes/predicted.faa
2026-05-03 19:13:20 DEBUG:busco.busco_tools.Toolset	cmd call: hmmsearch --domtblout /home/ephraim/busco_isolate_may/run_lactobacillaceae_odb12/hmmer_output/2168at33958.out --cpu 1 /home/ephraim/busco_downloads/lineages/lactobacillaceae_odb12/hmms/2168at33958.hmm /home/ephraim/busco_isolate_may/prodigal_output/predicted_genes/predicted.faa
2026-05-03 19:13:20 DEBUG:busco.busco_tools.Toolset	cmd call: hmmsearch --domtblout /home/ephraim/busco_isolate_may/run_lactobacillaceae_odb12/hmmer_output/28at33958.out --cpu 1 /home/ephraim/busco_downloads/lineages/lactobacillaceae_odb12/hmms/28at33958.hmm /home/ephraim/busco_isolate_may/prodigal_output/predicted_genes/predicted.faa
2026-05-03 19:13:20 DEBUG:busco.busco_tools.Toolset	cmd call: hmmsearch --domtblout /home/ephraim/busco_isolate_may/run_lactobacillaceae_odb12/hmmer_output/2349at33958.out --cpu 1 /home/ephraim/busco_downloads/lineages/lactobacillaceae_odb12/hmms/2349at33958.hmm /home/ephraim/busco_isolate_may/prodigal_output/predicted_genes/predicted.faa
2026-05-03 19:13:20 DEBUG:busco.busco_tools.Toolset	cmd call: hmmsearch --domtblout /home/ephraim/busco_isolate_may/run_lactobacillaceae_odb12/hmmer_output/2177at33958.out --cpu 1 /home/ephraim/busco_downloads/lineages/lactobacillaceae_odb12/hmms/2177at33958.hmm /home/ephraim/busco_isolate_may/prodigal_output/predicted_genes/predicted.faa
2026-05-03 19:13:20 INFO:busco.busco_tools.Toolset	[hmmsearch]	208 of 519 task(s) completed
2026-05-03 19:13:20 DEBUG:busco.busco_tools.Toolset	cmd call: hmmsearch --domtblout /home/ephraim/busco_isolate_may/run_lactobacillaceae_odb12/hmmer_output/2921at33958.out --cpu 1 /home/ephraim/busco_downloads/lineages/lactobacillaceae_odb12/hmms/2921at33958.hmm /home/ephraim/busco_isolate_may/prodigal_output/predicted_genes/predicted.faa
2026-05-03 19:13:20 DEBUG:busco.busco_tools.Toolset	cmd call: hmmsearch --domtblout /home/ephraim/busco_isolate_may/run_lactobacillaceae_odb12/hmmer_output/2923at33958.out --cpu 1 /home/ephraim/busco_downloads/lineages/lactobacillaceae_odb12/hmms/2923at33958.hmm /home/ephraim/busco_isolate_may/prodigal_output/predicted_genes/predicted.faa
2026-05-03 19:13:20 DEBUG:busco.busco_tools.Toolset	cmd call: hmmsearch --domtblout /home/ephraim/busco_isolate_may/run_lactobacillaceae_odb12/hmmer_output/217at33958.out --cpu 1 /home/ephraim/busco_downloads/lineages/lactobacillaceae_odb12/hmms/217at33958.hmm /home/ephraim/busco_isolate_may/prodigal_output/predicted_genes/predicted.faa
2026-05-03 19:13:20 DEBUG:busco.busco_tools.Toolset	cmd call: hmmsearch --domtblout /home/ephraim/busco_isolate_may/run_lactobacillaceae_odb12/hmmer_output/2924at33958.out --cpu 1 /home/ephraim/busco_downloads/lineages/lactobacillaceae_odb12/hmms/2924at33958.hmm /home/ephraim/busco_isolate_may/prodigal_output/predicted_genes/predicted.faa
2026-05-03 19:13:20 DEBUG:busco.busco_tools.Toolset	cmd call: hmmsearch --domtblout /home/ephraim/busco_isolate_may/run_lactobacillaceae_odb12/hmmer_output/2183at33958.out --cpu 1 /home/ephraim/busco_downloads/lineages/lactobacillaceae_odb12/hmms/2183at33958.hmm /home/ephraim/busco_isolate_may/prodigal_output/predicted_genes/predicted.faa
2026-05-03 19:13:20 DEBUG:busco.busco_tools.Toolset	cmd call: hmmsearch --domtblout /home/ephraim/busco_isolate_may/run_lactobacillaceae_odb12/hmmer_output/218at33958.out --cpu 1 /home/ephraim/busco_downloads/lineages/lactobacillaceae_odb12/hmms/218at33958.hmm /home/ephraim/busco_isolate_may/prodigal_output/predicted_genes/predicted.faa
2026-05-03 19:13:20 DEBUG:busco.busco_tools.Toolset	cmd call: hmmsearch --domtblout /home/ephraim/busco_isolate_may/run_lactobacillaceae_odb12/hmmer_output/2198at33958.out --cpu 1 /home/ephraim/busco_downloads/lineages/lactobacillaceae_odb12/hmms/2198at33958.hmm /home/ephraim/busco_isolate_may/prodigal_output/predicted_genes/predicted.faa
2026-05-03 19:13:21 DEBUG:busco.busco_tools.Toolset	cmd call: hmmsearch --domtblout /home/ephraim/busco_isolate_may/run_lactobacillaceae_odb12/hmmer_output/2201at33958.out --cpu 1 /home/ephraim/busco_downloads/lineages/lactobacillaceae_odb12/hmms/2201at33958.hmm /home/ephraim/busco_isolate_may/prodigal_output/predicted_genes/predicted.faa
2026-05-03 19:13:21 DEBUG:busco.busco_tools.Toolset	cmd call: hmmsearch --domtblout /home/ephraim/busco_isolate_may/run_lactobacillaceae_odb12/hmmer_output/2356at33958.out --cpu 1 /home/ephraim/busco_downloads/lineages/lactobacillaceae_odb12/hmms/2356at33958.hmm /home/ephraim/busco_isolate_may/prodigal_output/predicted_genes/predicted.faa
2026-05-03 19:13:21 DEBUG:busco.busco_tools.Toolset	cmd call: hmmsearch --domtblout /home/ephraim/busco_isolate_may/run_lactobacillaceae_odb12/hmmer_output/2365at33958.out --cpu 1 /home/ephraim/busco_downloads/lineages/lactobacillaceae_odb12/hmms/2365at33958.hmm /home/ephraim/busco_isolate_may/prodigal_output/predicted_genes/predicted.faa
2026-05-03 19:13:21 DEBUG:busco.busco_tools.Toolset	cmd call: hmmsearch --domtblout /home/ephraim/busco_isolate_may/run_lactobacillaceae_odb12/hmmer_output/2205at33958.out --cpu 1 /home/ephraim/busco_downloads/lineages/lactobacillaceae_odb12/hmms/2205at33958.hmm /home/ephraim/busco_isolate_may/prodigal_output/predicted_genes/predicted.faa
2026-05-03 19:13:21 DEBUG:busco.busco_tools.Toolset	cmd call: hmmsearch --domtblout /home/ephraim/busco_isolate_may/run_lactobacillaceae_odb12/hmmer_output/2367at33958.out --cpu 1 /home/ephraim/busco_downloads/lineages/lactobacillaceae_odb12/hmms/2367at33958.hmm /home/ephraim/busco_isolate_may/prodigal_output/predicted_genes/predicted.faa
2026-05-03 19:13:21 DEBUG:busco.busco_tools.Toolset	cmd call: hmmsearch --domtblout /home/ephraim/busco_isolate_may/run_lactobacillaceae_odb12/hmmer_output/2206at33958.out --cpu 1 /home/ephraim/busco_downloads/lineages/lactobacillaceae_odb12/hmms/2206at33958.hmm /home/ephraim/busco_isolate_may/prodigal_output/predicted_genes/predicted.faa
2026-05-03 19:13:21 DEBUG:busco.busco_tools.Toolset	cmd call: hmmsearch --domtblout /home/ephraim/busco_isolate_may/run_lactobacillaceae_odb12/hmmer_output/2371at33958.out --cpu 1 /home/ephraim/busco_downloads/lineages/lactobacillaceae_odb12/hmms/2371at33958.hmm /home/ephraim/busco_isolate_may/prodigal_output/predicted_genes/predicted.faa
2026-05-03 19:13:21 DEBUG:busco.busco_tools.Toolset	cmd call: hmmsearch --domtblout /home/ephraim/busco_isolate_may/run_lactobacillaceae_odb12/hmmer_output/220at33958.out --cpu 1 /home/ephraim/busco_downloads/lineages/lactobacillaceae_odb12/hmms/220at33958.hmm /home/ephraim/busco_isolate_may/prodigal_output/predicted_genes/predicted.faa
2026-05-03 19:13:21 DEBUG:busco.busco_tools.Toolset	cmd call: hmmsearch --domtblout /home/ephraim/busco_isolate_may/run_lactobacillaceae_odb12/hmmer_output/2375at33958.out --cpu 1 /home/ephraim/busco_downloads/lineages/lactobacillaceae_odb12/hmms/2375at33958.hmm /home/ephraim/busco_isolate_may/prodigal_output/predicted_genes/predicted.faa
2026-05-03 19:13:21 DEBUG:busco.busco_tools.Toolset	cmd call: hmmsearch --domtblout /home/ephraim/busco_isolate_may/run_lactobacillaceae_odb12/hmmer_output/2377at33958.out --cpu 1 /home/ephraim/busco_downloads/lineages/lactobacillaceae_odb12/hmms/2377at33958.hmm /home/ephraim/busco_isolate_may/prodigal_output/predicted_genes/predicted.faa
2026-05-03 19:13:21 DEBUG:busco.busco_tools.Toolset	cmd call: hmmsearch --domtblout /home/ephraim/busco_isolate_may/run_lactobacillaceae_odb12/hmmer_output/3125at33958.out --cpu 1 /home/ephraim/busco_downloads/lineages/lactobacillaceae_odb12/hmms/3125at33958.hmm /home/ephraim/busco_isolate_may/prodigal_output/predicted_genes/predicted.faa
2026-05-03 19:13:21 DEBUG:busco.busco_tools.Toolset	cmd call: hmmsearch --domtblout /home/ephraim/busco_isolate_may/run_lactobacillaceae_odb12/hmmer_output/2385at33958.out --cpu 1 /home/ephraim/busco_downloads/lineages/lactobacillaceae_odb12/hmms/2385at33958.hmm /home/ephraim/busco_isolate_may/prodigal_output/predicted_genes/predicted.faa
2026-05-03 19:13:21 DEBUG:busco.busco_tools.Toolset	cmd call: hmmsearch --domtblout /home/ephraim/busco_isolate_may/run_lactobacillaceae_odb12/hmmer_output/3131at33958.out --cpu 1 /home/ephraim/busco_downloads/lineages/lactobacillaceae_odb12/hmms/3131at33958.hmm /home/ephraim/busco_isolate_may/prodigal_output/predicted_genes/predicted.faa
2026-05-03 19:13:21 DEBUG:busco.busco_tools.Toolset	cmd call: hmmsearch --domtblout /home/ephraim/busco_isolate_may/run_lactobacillaceae_odb12/hmmer_output/239at33958.out --cpu 1 /home/ephraim/busco_downloads/lineages/lactobacillaceae_odb12/hmms/239at33958.hmm /home/ephraim/busco_isolate_may/prodigal_output/predicted_genes/predicted.faa
2026-05-03 19:13:21 DEBUG:busco.busco_tools.Toolset	cmd call: hmmsearch --domtblout /home/ephraim/busco_isolate_may/run_lactobacillaceae_odb12/hmmer_output/3139at33958.out --cpu 1 /home/ephraim/busco_downloads/lineages/lactobacillaceae_odb12/hmms/3139at33958.hmm /home/ephraim/busco_isolate_may/prodigal_output/predicted_genes/predicted.faa
2026-05-03 19:13:21 DEBUG:busco.busco_tools.Toolset	cmd call: hmmsearch --domtblout /home/ephraim/busco_isolate_may/run_lactobacillaceae_odb12/hmmer_output/23at33958.out --cpu 1 /home/ephraim/busco_downloads/lineages/lactobacillaceae_odb12/hmms/23at33958.hmm /home/ephraim/busco_isolate_may/prodigal_output/predicted_genes/predicted.faa
2026-05-03 19:13:21 DEBUG:busco.busco_tools.Toolset	cmd call: hmmsearch --domtblout /home/ephraim/busco_isolate_may/run_lactobacillaceae_odb12/hmmer_output/3142at33958.out --cpu 1 /home/ephraim/busco_downloads/lineages/lactobacillaceae_odb12/hmms/3142at33958.hmm /home/ephraim/busco_isolate_may/prodigal_output/predicted_genes/predicted.faa
2026-05-03 19:13:21 DEBUG:busco.busco_tools.Toolset	cmd call: hmmsearch --domtblout /home/ephraim/busco_isolate_may/run_lactobacillaceae_odb12/hmmer_output/2408at33958.out --cpu 1 /home/ephraim/busco_downloads/lineages/lactobacillaceae_odb12/hmms/2408at33958.hmm /home/ephraim/busco_isolate_may/prodigal_output/predicted_genes/predicted.faa
2026-05-03 19:13:21 DEBUG:busco.busco_tools.Toolset	cmd call: hmmsearch --domtblout /home/ephraim/busco_isolate_may/run_lactobacillaceae_odb12/hmmer_output/3145at33958.out --cpu 1 /home/ephraim/busco_downloads/lineages/lactobacillaceae_odb12/hmms/3145at33958.hmm /home/ephraim/busco_isolate_may/prodigal_output/predicted_genes/predicted.faa
2026-05-03 19:13:21 DEBUG:busco.busco_tools.Toolset	cmd call: hmmsearch --domtblout /home/ephraim/busco_isolate_may/run_lactobacillaceae_odb12/hmmer_output/314at33958.out --cpu 1 /home/ephraim/busco_downloads/lineages/lactobacillaceae_odb12/hmms/314at33958.hmm /home/ephraim/busco_isolate_may/prodigal_output/predicted_genes/predicted.faa
2026-05-03 19:13:21 DEBUG:busco.busco_tools.Toolset	cmd call: hmmsearch --domtblout /home/ephraim/busco_isolate_may/run_lactobacillaceae_odb12/hmmer_output/2412at33958.out --cpu 1 /home/ephraim/busco_downloads/lineages/lactobacillaceae_odb12/hmms/2412at33958.hmm /home/ephraim/busco_isolate_may/prodigal_output/predicted_genes/predicted.faa
2026-05-03 19:13:21 DEBUG:busco.busco_tools.Toolset	cmd call: hmmsearch --domtblout /home/ephraim/busco_isolate_may/run_lactobacillaceae_odb12/hmmer_output/2433at33958.out --cpu 1 /home/ephraim/busco_downloads/lineages/lactobacillaceae_odb12/hmms/2433at33958.hmm /home/ephraim/busco_isolate_may/prodigal_output/predicted_genes/predicted.faa
2026-05-03 19:13:21 DEBUG:busco.busco_tools.Toolset	cmd call: hmmsearch --domtblout /home/ephraim/busco_isolate_may/run_lactobacillaceae_odb12/hmmer_output/2464at33958.out --cpu 1 /home/ephraim/busco_downloads/lineages/lactobacillaceae_odb12/hmms/2464at33958.hmm /home/ephraim/busco_isolate_may/prodigal_output/predicted_genes/predicted.faa
2026-05-03 19:13:21 DEBUG:busco.busco_tools.Toolset	cmd call: hmmsearch --domtblout /home/ephraim/busco_isolate_may/run_lactobacillaceae_odb12/hmmer_output/246at33958.out --cpu 1 /home/ephraim/busco_downloads/lineages/lactobacillaceae_odb12/hmms/246at33958.hmm /home/ephraim/busco_isolate_may/prodigal_output/predicted_genes/predicted.faa
2026-05-03 19:13:21 DEBUG:busco.busco_tools.Toolset	cmd call: hmmsearch --domtblout /home/ephraim/busco_isolate_may/run_lactobacillaceae_odb12/hmmer_output/2472at33958.out --cpu 1 /home/ephraim/busco_downloads/lineages/lactobacillaceae_odb12/hmms/2472at33958.hmm /home/ephraim/busco_isolate_may/prodigal_output/predicted_genes/predicted.faa
2026-05-03 19:13:21 DEBUG:busco.busco_tools.Toolset	cmd call: hmmsearch --domtblout /home/ephraim/busco_isolate_may/run_lactobacillaceae_odb12/hmmer_output/2473at33958.out --cpu 1 /home/ephraim/busco_downloads/lineages/lactobacillaceae_odb12/hmms/2473at33958.hmm /home/ephraim/busco_isolate_may/prodigal_output/predicted_genes/predicted.faa
2026-05-03 19:13:21 DEBUG:busco.busco_tools.Toolset	cmd call: hmmsearch --domtblout /home/ephraim/busco_isolate_may/run_lactobacillaceae_odb12/hmmer_output/2476at33958.out --cpu 1 /home/ephraim/busco_downloads/lineages/lactobacillaceae_odb12/hmms/2476at33958.hmm /home/ephraim/busco_isolate_may/prodigal_output/predicted_genes/predicted.faa
2026-05-03 19:13:21 DEBUG:busco.busco_tools.Toolset	cmd call: hmmsearch --domtblout /home/ephraim/busco_isolate_may/run_lactobacillaceae_odb12/hmmer_output/2492at33958.out --cpu 1 /home/ephraim/busco_downloads/lineages/lactobacillaceae_odb12/hmms/2492at33958.hmm /home/ephraim/busco_isolate_may/prodigal_output/predicted_genes/predicted.faa
2026-05-03 19:13:21 DEBUG:busco.busco_tools.Toolset	cmd call: hmmsearch --domtblout /home/ephraim/busco_isolate_may/run_lactobacillaceae_odb12/hmmer_output/2930at33958.out --cpu 1 /home/ephraim/busco_downloads/lineages/lactobacillaceae_odb12/hmms/2930at33958.hmm /home/ephraim/busco_isolate_may/prodigal_output/predicted_genes/predicted.faa
2026-05-03 19:13:21 DEBUG:busco.busco_tools.Toolset	cmd call: hmmsearch --domtblout /home/ephraim/busco_isolate_may/run_lactobacillaceae_odb12/hmmer_output/3161at33958.out --cpu 1 /home/ephraim/busco_downloads/lineages/lactobacillaceae_odb12/hmms/3161at33958.hmm /home/ephraim/busco_isolate_may/prodigal_output/predicted_genes/predicted.faa
2026-05-03 19:13:21 DEBUG:busco.busco_tools.Toolset	cmd call: hmmsearch --domtblout /home/ephraim/busco_isolate_may/run_lactobacillaceae_odb12/hmmer_output/2495at33958.out --cpu 1 /home/ephraim/busco_downloads/lineages/lactobacillaceae_odb12/hmms/2495at33958.hmm /home/ephraim/busco_isolate_may/prodigal_output/predicted_genes/predicted.faa
2026-05-03 19:13:21 DEBUG:busco.busco_tools.Toolset	cmd call: hmmsearch --domtblout /home/ephraim/busco_isolate_may/run_lactobacillaceae_odb12/hmmer_output/316at33958.out --cpu 1 /home/ephraim/busco_downloads/lineages/lactobacillaceae_odb12/hmms/316at33958.hmm /home/ephraim/busco_isolate_may/prodigal_output/predicted_genes/predicted.faa
2026-05-03 19:13:21 DEBUG:busco.busco_tools.Toolset	cmd call: hmmsearch --domtblout /home/ephraim/busco_isolate_may/run_lactobacillaceae_odb12/hmmer_output/2939at33958.out --cpu 1 /home/ephraim/busco_downloads/lineages/lactobacillaceae_odb12/hmms/2939at33958.hmm /home/ephraim/busco_isolate_may/prodigal_output/predicted_genes/predicted.faa
2026-05-03 19:13:21 DEBUG:busco.busco_tools.Toolset	cmd call: hmmsearch --domtblout /home/ephraim/busco_isolate_may/run_lactobacillaceae_odb12/hmmer_output/24at33958.out --cpu 1 /home/ephraim/busco_downloads/lineages/lactobacillaceae_odb12/hmms/24at33958.hmm /home/ephraim/busco_isolate_may/prodigal_output/predicted_genes/predicted.faa
2026-05-03 19:13:21 DEBUG:busco.busco_tools.Toolset	cmd call: hmmsearch --domtblout /home/ephraim/busco_isolate_may/run_lactobacillaceae_odb12/hmmer_output/3207at33958.out --cpu 1 /home/ephraim/busco_downloads/lineages/lactobacillaceae_odb12/hmms/3207at33958.hmm /home/ephraim/busco_isolate_may/prodigal_output/predicted_genes/predicted.faa
2026-05-03 19:13:21 DEBUG:busco.busco_tools.Toolset	cmd call: hmmsearch --domtblout /home/ephraim/busco_isolate_may/run_lactobacillaceae_odb12/hmmer_output/2944at33958.out --cpu 1 /home/ephraim/busco_downloads/lineages/lactobacillaceae_odb12/hmms/2944at33958.hmm /home/ephraim/busco_isolate_may/prodigal_output/predicted_genes/predicted.faa
2026-05-03 19:13:21 DEBUG:busco.busco_tools.Toolset	cmd call: hmmsearch --domtblout /home/ephraim/busco_isolate_may/run_lactobacillaceae_odb12/hmmer_output/2507at33958.out --cpu 1 /home/ephraim/busco_downloads/lineages/lactobacillaceae_odb12/hmms/2507at33958.hmm /home/ephraim/busco_isolate_may/prodigal_output/predicted_genes/predicted.faa
2026-05-03 19:13:21 DEBUG:busco.busco_tools.Toolset	cmd call: hmmsearch --domtblout /home/ephraim/busco_isolate_may/run_lactobacillaceae_odb12/hmmer_output/3209at33958.out --cpu 1 /home/ephraim/busco_downloads/lineages/lactobacillaceae_odb12/hmms/3209at33958.hmm /home/ephraim/busco_isolate_may/prodigal_output/predicted_genes/predicted.faa
2026-05-03 19:13:21 DEBUG:busco.busco_tools.Toolset	cmd call: hmmsearch --domtblout /home/ephraim/busco_isolate_may/run_lactobacillaceae_odb12/hmmer_output/2973at33958.out --cpu 1 /home/ephraim/busco_downloads/lineages/lactobacillaceae_odb12/hmms/2973at33958.hmm /home/ephraim/busco_isolate_may/prodigal_output/predicted_genes/predicted.faa
2026-05-03 19:13:21 DEBUG:busco.busco_tools.Toolset	cmd call: hmmsearch --domtblout /home/ephraim/busco_isolate_may/run_lactobacillaceae_odb12/hmmer_output/2983at33958.out --cpu 1 /home/ephraim/busco_downloads/lineages/lactobacillaceae_odb12/hmms/2983at33958.hmm /home/ephraim/busco_isolate_may/prodigal_output/predicted_genes/predicted.faa
2026-05-03 19:13:21 DEBUG:busco.busco_tools.Toolset	cmd call: hmmsearch --domtblout /home/ephraim/busco_isolate_may/run_lactobacillaceae_odb12/hmmer_output/2519at33958.out --cpu 1 /home/ephraim/busco_downloads/lineages/lactobacillaceae_odb12/hmms/2519at33958.hmm /home/ephraim/busco_isolate_may/prodigal_output/predicted_genes/predicted.faa
2026-05-03 19:13:21 DEBUG:busco.busco_tools.Toolset	cmd call: hmmsearch --domtblout /home/ephraim/busco_isolate_may/run_lactobacillaceae_odb12/hmmer_output/2533at33958.out --cpu 1 /home/ephraim/busco_downloads/lineages/lactobacillaceae_odb12/hmms/2533at33958.hmm /home/ephraim/busco_isolate_may/prodigal_output/predicted_genes/predicted.faa
2026-05-03 19:13:21 DEBUG:busco.busco_tools.Toolset	cmd call: hmmsearch --domtblout /home/ephraim/busco_isolate_may/run_lactobacillaceae_odb12/hmmer_output/2989at33958.out --cpu 1 /home/ephraim/busco_downloads/lineages/lactobacillaceae_odb12/hmms/2989at33958.hmm /home/ephraim/busco_isolate_may/prodigal_output/predicted_genes/predicted.faa
2026-05-03 19:13:21 DEBUG:busco.busco_tools.Toolset	cmd call: hmmsearch --domtblout /home/ephraim/busco_isolate_may/run_lactobacillaceae_odb12/hmmer_output/2534at33958.out --cpu 1 /home/ephraim/busco_downloads/lineages/lactobacillaceae_odb12/hmms/2534at33958.hmm /home/ephraim/busco_isolate_may/prodigal_output/predicted_genes/predicted.faa
2026-05-03 19:13:21 DEBUG:busco.busco_tools.Toolset	cmd call: hmmsearch --domtblout /home/ephraim/busco_isolate_may/run_lactobacillaceae_odb12/hmmer_output/2542at33958.out --cpu 1 /home/ephraim/busco_downloads/lineages/lactobacillaceae_odb12/hmms/2542at33958.hmm /home/ephraim/busco_isolate_may/prodigal_output/predicted_genes/predicted.faa
2026-05-03 19:13:21 INFO:busco.busco_tools.Toolset	[hmmsearch]	260 of 519 task(s) completed
2026-05-03 19:13:21 DEBUG:busco.busco_tools.Toolset	cmd call: hmmsearch --domtblout /home/ephraim/busco_isolate_may/run_lactobacillaceae_odb12/hmmer_output/2993at33958.out --cpu 1 /home/ephraim/busco_downloads/lineages/lactobacillaceae_odb12/hmms/2993at33958.hmm /home/ephraim/busco_isolate_may/prodigal_output/predicted_genes/predicted.faa
2026-05-03 19:13:21 DEBUG:busco.busco_tools.Toolset	cmd call: hmmsearch --domtblout /home/ephraim/busco_isolate_may/run_lactobacillaceae_odb12/hmmer_output/3215at33958.out --cpu 1 /home/ephraim/busco_downloads/lineages/lactobacillaceae_odb12/hmms/3215at33958.hmm /home/ephraim/busco_isolate_may/prodigal_output/predicted_genes/predicted.faa
2026-05-03 19:13:21 DEBUG:busco.busco_tools.Toolset	cmd call: hmmsearch --domtblout /home/ephraim/busco_isolate_may/run_lactobacillaceae_odb12/hmmer_output/299at33958.out --cpu 1 /home/ephraim/busco_downloads/lineages/lactobacillaceae_odb12/hmms/299at33958.hmm /home/ephraim/busco_isolate_may/prodigal_output/predicted_genes/predicted.faa
2026-05-03 19:13:21 DEBUG:busco.busco_tools.Toolset	cmd call: hmmsearch --domtblout /home/ephraim/busco_isolate_may/run_lactobacillaceae_odb12/hmmer_output/324at33958.out --cpu 1 /home/ephraim/busco_downloads/lineages/lactobacillaceae_odb12/hmms/324at33958.hmm /home/ephraim/busco_isolate_may/prodigal_output/predicted_genes/predicted.faa
2026-05-03 19:13:21 DEBUG:busco.busco_tools.Toolset	cmd call: hmmsearch --domtblout /home/ephraim/busco_isolate_may/run_lactobacillaceae_odb12/hmmer_output/2544at33958.out --cpu 1 /home/ephraim/busco_downloads/lineages/lactobacillaceae_odb12/hmms/2544at33958.hmm /home/ephraim/busco_isolate_may/prodigal_output/predicted_genes/predicted.faa
2026-05-03 19:13:21 DEBUG:busco.busco_tools.Toolset	cmd call: hmmsearch --domtblout /home/ephraim/busco_isolate_may/run_lactobacillaceae_odb12/hmmer_output/3013at33958.out --cpu 1 /home/ephraim/busco_downloads/lineages/lactobacillaceae_odb12/hmms/3013at33958.hmm /home/ephraim/busco_isolate_may/prodigal_output/predicted_genes/predicted.faa
2026-05-03 19:13:21 DEBUG:busco.busco_tools.Toolset	cmd call: hmmsearch --domtblout /home/ephraim/busco_isolate_may/run_lactobacillaceae_odb12/hmmer_output/3254at33958.out --cpu 1 /home/ephraim/busco_downloads/lineages/lactobacillaceae_odb12/hmms/3254at33958.hmm /home/ephraim/busco_isolate_may/prodigal_output/predicted_genes/predicted.faa
2026-05-03 19:13:21 DEBUG:busco.busco_tools.Toolset	cmd call: hmmsearch --domtblout /home/ephraim/busco_isolate_may/run_lactobacillaceae_odb12/hmmer_output/3014at33958.out --cpu 1 /home/ephraim/busco_downloads/lineages/lactobacillaceae_odb12/hmms/3014at33958.hmm /home/ephraim/busco_isolate_may/prodigal_output/predicted_genes/predicted.faa
2026-05-03 19:13:22 DEBUG:busco.busco_tools.Toolset	cmd call: hmmsearch --domtblout /home/ephraim/busco_isolate_may/run_lactobacillaceae_odb12/hmmer_output/2555at33958.out --cpu 1 /home/ephraim/busco_downloads/lineages/lactobacillaceae_odb12/hmms/2555at33958.hmm /home/ephraim/busco_isolate_may/prodigal_output/predicted_genes/predicted.faa
2026-05-03 19:13:22 DEBUG:busco.busco_tools.Toolset	cmd call: hmmsearch --domtblout /home/ephraim/busco_isolate_may/run_lactobacillaceae_odb12/hmmer_output/3033at33958.out --cpu 1 /home/ephraim/busco_downloads/lineages/lactobacillaceae_odb12/hmms/3033at33958.hmm /home/ephraim/busco_isolate_may/prodigal_output/predicted_genes/predicted.faa
2026-05-03 19:13:22 DEBUG:busco.busco_tools.Toolset	cmd call: hmmsearch --domtblout /home/ephraim/busco_isolate_may/run_lactobacillaceae_odb12/hmmer_output/331at33958.out --cpu 1 /home/ephraim/busco_downloads/lineages/lactobacillaceae_odb12/hmms/331at33958.hmm /home/ephraim/busco_isolate_may/prodigal_output/predicted_genes/predicted.faa
2026-05-03 19:13:22 DEBUG:busco.busco_tools.Toolset	cmd call: hmmsearch --domtblout /home/ephraim/busco_isolate_may/run_lactobacillaceae_odb12/hmmer_output/303at33958.out --cpu 1 /home/ephraim/busco_downloads/lineages/lactobacillaceae_odb12/hmms/303at33958.hmm /home/ephraim/busco_isolate_may/prodigal_output/predicted_genes/predicted.faa
2026-05-03 19:13:22 DEBUG:busco.busco_tools.Toolset	cmd call: hmmsearch --domtblout /home/ephraim/busco_isolate_may/run_lactobacillaceae_odb12/hmmer_output/3330at33958.out --cpu 1 /home/ephraim/busco_downloads/lineages/lactobacillaceae_odb12/hmms/3330at33958.hmm /home/ephraim/busco_isolate_may/prodigal_output/predicted_genes/predicted.faa
2026-05-03 19:13:22 DEBUG:busco.busco_tools.Toolset	cmd call: hmmsearch --domtblout /home/ephraim/busco_isolate_may/run_lactobacillaceae_odb12/hmmer_output/3063at33958.out --cpu 1 /home/ephraim/busco_downloads/lineages/lactobacillaceae_odb12/hmms/3063at33958.hmm /home/ephraim/busco_isolate_may/prodigal_output/predicted_genes/predicted.faa
2026-05-03 19:13:22 DEBUG:busco.busco_tools.Toolset	cmd call: hmmsearch --domtblout /home/ephraim/busco_isolate_may/run_lactobacillaceae_odb12/hmmer_output/510at33958.out --cpu 1 /home/ephraim/busco_downloads/lineages/lactobacillaceae_odb12/hmms/510at33958.hmm /home/ephraim/busco_isolate_may/prodigal_output/predicted_genes/predicted.faa
2026-05-03 19:13:22 DEBUG:busco.busco_tools.Toolset	cmd call: hmmsearch --domtblout /home/ephraim/busco_isolate_may/run_lactobacillaceae_odb12/hmmer_output/3366at33958.out --cpu 1 /home/ephraim/busco_downloads/lineages/lactobacillaceae_odb12/hmms/3366at33958.hmm /home/ephraim/busco_isolate_may/prodigal_output/predicted_genes/predicted.faa
2026-05-03 19:13:22 DEBUG:busco.busco_tools.Toolset	cmd call: hmmsearch --domtblout /home/ephraim/busco_isolate_may/run_lactobacillaceae_odb12/hmmer_output/514at33958.out --cpu 1 /home/ephraim/busco_downloads/lineages/lactobacillaceae_odb12/hmms/514at33958.hmm /home/ephraim/busco_isolate_may/prodigal_output/predicted_genes/predicted.faa
2026-05-03 19:13:22 DEBUG:busco.busco_tools.Toolset	cmd call: hmmsearch --domtblout /home/ephraim/busco_isolate_may/run_lactobacillaceae_odb12/hmmer_output/306at33958.out --cpu 1 /home/ephraim/busco_downloads/lineages/lactobacillaceae_odb12/hmms/306at33958.hmm /home/ephraim/busco_isolate_may/prodigal_output/predicted_genes/predicted.faa
2026-05-03 19:13:22 DEBUG:busco.busco_tools.Toolset	cmd call: hmmsearch --domtblout /home/ephraim/busco_isolate_may/run_lactobacillaceae_odb12/hmmer_output/515at33958.out --cpu 1 /home/ephraim/busco_downloads/lineages/lactobacillaceae_odb12/hmms/515at33958.hmm /home/ephraim/busco_isolate_may/prodigal_output/predicted_genes/predicted.faa
2026-05-03 19:13:22 DEBUG:busco.busco_tools.Toolset	cmd call: hmmsearch --domtblout /home/ephraim/busco_isolate_may/run_lactobacillaceae_odb12/hmmer_output/3403at33958.out --cpu 1 /home/ephraim/busco_downloads/lineages/lactobacillaceae_odb12/hmms/3403at33958.hmm /home/ephraim/busco_isolate_may/prodigal_output/predicted_genes/predicted.faa
2026-05-03 19:13:22 DEBUG:busco.busco_tools.Toolset	cmd call: hmmsearch --domtblout /home/ephraim/busco_isolate_may/run_lactobacillaceae_odb12/hmmer_output/519at33958.out --cpu 1 /home/ephraim/busco_downloads/lineages/lactobacillaceae_odb12/hmms/519at33958.hmm /home/ephraim/busco_isolate_may/prodigal_output/predicted_genes/predicted.faa
2026-05-03 19:13:22 DEBUG:busco.busco_tools.Toolset	cmd call: hmmsearch --domtblout /home/ephraim/busco_isolate_may/run_lactobacillaceae_odb12/hmmer_output/3089at33958.out --cpu 1 /home/ephraim/busco_downloads/lineages/lactobacillaceae_odb12/hmms/3089at33958.hmm /home/ephraim/busco_isolate_may/prodigal_output/predicted_genes/predicted.faa
2026-05-03 19:13:22 DEBUG:busco.busco_tools.Toolset	cmd call: hmmsearch --domtblout /home/ephraim/busco_isolate_may/run_lactobacillaceae_odb12/hmmer_output/311at33958.out --cpu 1 /home/ephraim/busco_downloads/lineages/lactobacillaceae_odb12/hmms/311at33958.hmm /home/ephraim/busco_isolate_may/prodigal_output/predicted_genes/predicted.faa
2026-05-03 19:13:22 DEBUG:busco.busco_tools.Toolset	cmd call: hmmsearch --domtblout /home/ephraim/busco_isolate_may/run_lactobacillaceae_odb12/hmmer_output/522at33958.out --cpu 1 /home/ephraim/busco_downloads/lineages/lactobacillaceae_odb12/hmms/522at33958.hmm /home/ephraim/busco_isolate_may/prodigal_output/predicted_genes/predicted.faa
2026-05-03 19:13:22 DEBUG:busco.busco_tools.Toolset	cmd call: hmmsearch --domtblout /home/ephraim/busco_isolate_may/run_lactobacillaceae_odb12/hmmer_output/524at33958.out --cpu 1 /home/ephraim/busco_downloads/lineages/lactobacillaceae_odb12/hmms/524at33958.hmm /home/ephraim/busco_isolate_may/prodigal_output/predicted_genes/predicted.faa
2026-05-03 19:13:22 DEBUG:busco.busco_tools.Toolset	cmd call: hmmsearch --domtblout /home/ephraim/busco_isolate_may/run_lactobacillaceae_odb12/hmmer_output/612at33958.out --cpu 1 /home/ephraim/busco_downloads/lineages/lactobacillaceae_odb12/hmms/612at33958.hmm /home/ephraim/busco_isolate_may/prodigal_output/predicted_genes/predicted.faa
2026-05-03 19:13:22 DEBUG:busco.busco_tools.Toolset	cmd call: hmmsearch --domtblout /home/ephraim/busco_isolate_may/run_lactobacillaceae_odb12/hmmer_output/61655at33958.out --cpu 1 /home/ephraim/busco_downloads/lineages/lactobacillaceae_odb12/hmms/61655at33958.hmm /home/ephraim/busco_isolate_may/prodigal_output/predicted_genes/predicted.faa
2026-05-03 19:13:22 DEBUG:busco.busco_tools.Toolset	cmd call: hmmsearch --domtblout /home/ephraim/busco_isolate_may/run_lactobacillaceae_odb12/hmmer_output/531at33958.out --cpu 1 /home/ephraim/busco_downloads/lineages/lactobacillaceae_odb12/hmms/531at33958.hmm /home/ephraim/busco_isolate_may/prodigal_output/predicted_genes/predicted.faa
2026-05-03 19:13:22 DEBUG:busco.busco_tools.Toolset	cmd call: hmmsearch --domtblout /home/ephraim/busco_isolate_may/run_lactobacillaceae_odb12/hmmer_output/619at33958.out --cpu 1 /home/ephraim/busco_downloads/lineages/lactobacillaceae_odb12/hmms/619at33958.hmm /home/ephraim/busco_isolate_may/prodigal_output/predicted_genes/predicted.faa
2026-05-03 19:13:22 DEBUG:busco.busco_tools.Toolset	cmd call: hmmsearch --domtblout /home/ephraim/busco_isolate_may/run_lactobacillaceae_odb12/hmmer_output/534at33958.out --cpu 1 /home/ephraim/busco_downloads/lineages/lactobacillaceae_odb12/hmms/534at33958.hmm /home/ephraim/busco_isolate_may/prodigal_output/predicted_genes/predicted.faa
2026-05-03 19:13:22 DEBUG:busco.busco_tools.Toolset	cmd call: hmmsearch --domtblout /home/ephraim/busco_isolate_may/run_lactobacillaceae_odb12/hmmer_output/62059at33958.out --cpu 1 /home/ephraim/busco_downloads/lineages/lactobacillaceae_odb12/hmms/62059at33958.hmm /home/ephraim/busco_isolate_may/prodigal_output/predicted_genes/predicted.faa
2026-05-03 19:13:22 DEBUG:busco.busco_tools.Toolset	cmd call: hmmsearch --domtblout /home/ephraim/busco_isolate_may/run_lactobacillaceae_odb12/hmmer_output/538at33958.out --cpu 1 /home/ephraim/busco_downloads/lineages/lactobacillaceae_odb12/hmms/538at33958.hmm /home/ephraim/busco_isolate_may/prodigal_output/predicted_genes/predicted.faa
2026-05-03 19:13:22 DEBUG:busco.busco_tools.Toolset	cmd call: hmmsearch --domtblout /home/ephraim/busco_isolate_may/run_lactobacillaceae_odb12/hmmer_output/53987at33958.out --cpu 1 /home/ephraim/busco_downloads/lineages/lactobacillaceae_odb12/hmms/53987at33958.hmm /home/ephraim/busco_isolate_may/prodigal_output/predicted_genes/predicted.faa
2026-05-03 19:13:22 DEBUG:busco.busco_tools.Toolset	cmd call: hmmsearch --domtblout /home/ephraim/busco_isolate_may/run_lactobacillaceae_odb12/hmmer_output/542at33958.out --cpu 1 /home/ephraim/busco_downloads/lineages/lactobacillaceae_odb12/hmms/542at33958.hmm /home/ephraim/busco_isolate_may/prodigal_output/predicted_genes/predicted.faa
2026-05-03 19:13:22 DEBUG:busco.busco_tools.Toolset	cmd call: hmmsearch --domtblout /home/ephraim/busco_isolate_may/run_lactobacillaceae_odb12/hmmer_output/344at33958.out --cpu 1 /home/ephraim/busco_downloads/lineages/lactobacillaceae_odb12/hmms/344at33958.hmm /home/ephraim/busco_isolate_may/prodigal_output/predicted_genes/predicted.faa
2026-05-03 19:13:22 DEBUG:busco.busco_tools.Toolset	cmd call: hmmsearch --domtblout /home/ephraim/busco_isolate_may/run_lactobacillaceae_odb12/hmmer_output/545at33958.out --cpu 1 /home/ephraim/busco_downloads/lineages/lactobacillaceae_odb12/hmms/545at33958.hmm /home/ephraim/busco_isolate_may/prodigal_output/predicted_genes/predicted.faa
2026-05-03 19:13:22 DEBUG:busco.busco_tools.Toolset	cmd call: hmmsearch --domtblout /home/ephraim/busco_isolate_may/run_lactobacillaceae_odb12/hmmer_output/350at33958.out --cpu 1 /home/ephraim/busco_downloads/lineages/lactobacillaceae_odb12/hmms/350at33958.hmm /home/ephraim/busco_isolate_may/prodigal_output/predicted_genes/predicted.faa
2026-05-03 19:13:22 DEBUG:busco.busco_tools.Toolset	cmd call: hmmsearch --domtblout /home/ephraim/busco_isolate_may/run_lactobacillaceae_odb12/hmmer_output/54678at33958.out --cpu 1 /home/ephraim/busco_downloads/lineages/lactobacillaceae_odb12/hmms/54678at33958.hmm /home/ephraim/busco_isolate_may/prodigal_output/predicted_genes/predicted.faa
2026-05-03 19:13:22 DEBUG:busco.busco_tools.Toolset	cmd call: hmmsearch --domtblout /home/ephraim/busco_isolate_may/run_lactobacillaceae_odb12/hmmer_output/54999at33958.out --cpu 1 /home/ephraim/busco_downloads/lineages/lactobacillaceae_odb12/hmms/54999at33958.hmm /home/ephraim/busco_isolate_may/prodigal_output/predicted_genes/predicted.faa
2026-05-03 19:13:22 DEBUG:busco.busco_tools.Toolset	cmd call: hmmsearch --domtblout /home/ephraim/busco_isolate_may/run_lactobacillaceae_odb12/hmmer_output/353at33958.out --cpu 1 /home/ephraim/busco_downloads/lineages/lactobacillaceae_odb12/hmms/353at33958.hmm /home/ephraim/busco_isolate_may/prodigal_output/predicted_genes/predicted.faa
2026-05-03 19:13:22 DEBUG:busco.busco_tools.Toolset	cmd call: hmmsearch --domtblout /home/ephraim/busco_isolate_may/run_lactobacillaceae_odb12/hmmer_output/549at33958.out --cpu 1 /home/ephraim/busco_downloads/lineages/lactobacillaceae_odb12/hmms/549at33958.hmm /home/ephraim/busco_isolate_may/prodigal_output/predicted_genes/predicted.faa
2026-05-03 19:13:22 DEBUG:busco.busco_tools.Toolset	cmd call: hmmsearch --domtblout /home/ephraim/busco_isolate_may/run_lactobacillaceae_odb12/hmmer_output/354at33958.out --cpu 1 /home/ephraim/busco_downloads/lineages/lactobacillaceae_odb12/hmms/354at33958.hmm /home/ephraim/busco_isolate_may/prodigal_output/predicted_genes/predicted.faa
2026-05-03 19:13:22 DEBUG:busco.busco_tools.Toolset	cmd call: hmmsearch --domtblout /home/ephraim/busco_isolate_may/run_lactobacillaceae_odb12/hmmer_output/553at33958.out --cpu 1 /home/ephraim/busco_downloads/lineages/lactobacillaceae_odb12/hmms/553at33958.hmm /home/ephraim/busco_isolate_may/prodigal_output/predicted_genes/predicted.faa
2026-05-03 19:13:22 DEBUG:busco.busco_tools.Toolset	cmd call: hmmsearch --domtblout /home/ephraim/busco_isolate_may/run_lactobacillaceae_odb12/hmmer_output/55556at33958.out --cpu 1 /home/ephraim/busco_downloads/lineages/lactobacillaceae_odb12/hmms/55556at33958.hmm /home/ephraim/busco_isolate_may/prodigal_output/predicted_genes/predicted.faa
2026-05-03 19:13:22 DEBUG:busco.busco_tools.Toolset	cmd call: hmmsearch --domtblout /home/ephraim/busco_isolate_may/run_lactobacillaceae_odb12/hmmer_output/621at33958.out --cpu 1 /home/ephraim/busco_downloads/lineages/lactobacillaceae_odb12/hmms/621at33958.hmm /home/ephraim/busco_isolate_may/prodigal_output/predicted_genes/predicted.faa
2026-05-03 19:13:22 DEBUG:busco.busco_tools.Toolset	cmd call: hmmsearch --domtblout /home/ephraim/busco_isolate_may/run_lactobacillaceae_odb12/hmmer_output/55925at33958.out --cpu 1 /home/ephraim/busco_downloads/lineages/lactobacillaceae_odb12/hmms/55925at33958.hmm /home/ephraim/busco_isolate_may/prodigal_output/predicted_genes/predicted.faa
2026-05-03 19:13:22 DEBUG:busco.busco_tools.Toolset	cmd call: hmmsearch --domtblout /home/ephraim/busco_isolate_may/run_lactobacillaceae_odb12/hmmer_output/62230at33958.out --cpu 1 /home/ephraim/busco_downloads/lineages/lactobacillaceae_odb12/hmms/62230at33958.hmm /home/ephraim/busco_isolate_may/prodigal_output/predicted_genes/predicted.faa
2026-05-03 19:13:22 DEBUG:busco.busco_tools.Toolset	cmd call: hmmsearch --domtblout /home/ephraim/busco_isolate_may/run_lactobacillaceae_odb12/hmmer_output/56044at33958.out --cpu 1 /home/ephraim/busco_downloads/lineages/lactobacillaceae_odb12/hmms/56044at33958.hmm /home/ephraim/busco_isolate_may/prodigal_output/predicted_genes/predicted.faa
2026-05-03 19:13:22 DEBUG:busco.busco_tools.Toolset	cmd call: hmmsearch --domtblout /home/ephraim/busco_isolate_may/run_lactobacillaceae_odb12/hmmer_output/358at33958.out --cpu 1 /home/ephraim/busco_downloads/lineages/lactobacillaceae_odb12/hmms/358at33958.hmm /home/ephraim/busco_isolate_may/prodigal_output/predicted_genes/predicted.faa
2026-05-03 19:13:22 DEBUG:busco.busco_tools.Toolset	cmd call: hmmsearch --domtblout /home/ephraim/busco_isolate_may/run_lactobacillaceae_odb12/hmmer_output/56382at33958.out --cpu 1 /home/ephraim/busco_downloads/lineages/lactobacillaceae_odb12/hmms/56382at33958.hmm /home/ephraim/busco_isolate_may/prodigal_output/predicted_genes/predicted.faa
2026-05-03 19:13:22 DEBUG:busco.busco_tools.Toolset	cmd call: hmmsearch --domtblout /home/ephraim/busco_isolate_may/run_lactobacillaceae_odb12/hmmer_output/361at33958.out --cpu 1 /home/ephraim/busco_downloads/lineages/lactobacillaceae_odb12/hmms/361at33958.hmm /home/ephraim/busco_isolate_may/prodigal_output/predicted_genes/predicted.faa
2026-05-03 19:13:22 DEBUG:busco.busco_tools.Toolset	cmd call: hmmsearch --domtblout /home/ephraim/busco_isolate_may/run_lactobacillaceae_odb12/hmmer_output/56414at33958.out --cpu 1 /home/ephraim/busco_downloads/lineages/lactobacillaceae_odb12/hmms/56414at33958.hmm /home/ephraim/busco_isolate_may/prodigal_output/predicted_genes/predicted.faa
2026-05-03 19:13:22 INFO:busco.busco_tools.Toolset	[hmmsearch]	312 of 519 task(s) completed
2026-05-03 19:13:22 DEBUG:busco.busco_tools.Toolset	cmd call: hmmsearch --domtblout /home/ephraim/busco_isolate_may/run_lactobacillaceae_odb12/hmmer_output/378at33958.out --cpu 1 /home/ephraim/busco_downloads/lineages/lactobacillaceae_odb12/hmms/378at33958.hmm /home/ephraim/busco_isolate_may/prodigal_output/predicted_genes/predicted.faa
2026-05-03 19:13:22 DEBUG:busco.busco_tools.Toolset	cmd call: hmmsearch --domtblout /home/ephraim/busco_isolate_may/run_lactobacillaceae_odb12/hmmer_output/56788at33958.out --cpu 1 /home/ephraim/busco_downloads/lineages/lactobacillaceae_odb12/hmms/56788at33958.hmm /home/ephraim/busco_isolate_may/prodigal_output/predicted_genes/predicted.faa
2026-05-03 19:13:22 DEBUG:busco.busco_tools.Toolset	cmd call: hmmsearch --domtblout /home/ephraim/busco_isolate_may/run_lactobacillaceae_odb12/hmmer_output/572at33958.out --cpu 1 /home/ephraim/busco_downloads/lineages/lactobacillaceae_odb12/hmms/572at33958.hmm /home/ephraim/busco_isolate_may/prodigal_output/predicted_genes/predicted.faa
2026-05-03 19:13:22 DEBUG:busco.busco_tools.Toolset	cmd call: hmmsearch --domtblout /home/ephraim/busco_isolate_may/run_lactobacillaceae_odb12/hmmer_output/577at33958.out --cpu 1 /home/ephraim/busco_downloads/lineages/lactobacillaceae_odb12/hmms/577at33958.hmm /home/ephraim/busco_isolate_may/prodigal_output/predicted_genes/predicted.faa
2026-05-03 19:13:22 DEBUG:busco.busco_tools.Toolset	cmd call: hmmsearch --domtblout /home/ephraim/busco_isolate_may/run_lactobacillaceae_odb12/hmmer_output/380at33958.out --cpu 1 /home/ephraim/busco_downloads/lineages/lactobacillaceae_odb12/hmms/380at33958.hmm /home/ephraim/busco_isolate_may/prodigal_output/predicted_genes/predicted.faa
2026-05-03 19:13:22 DEBUG:busco.busco_tools.Toolset	cmd call: hmmsearch --domtblout /home/ephraim/busco_isolate_may/run_lactobacillaceae_odb12/hmmer_output/58038at33958.out --cpu 1 /home/ephraim/busco_downloads/lineages/lactobacillaceae_odb12/hmms/58038at33958.hmm /home/ephraim/busco_isolate_may/prodigal_output/predicted_genes/predicted.faa
2026-05-03 19:13:22 DEBUG:busco.busco_tools.Toolset	cmd call: hmmsearch --domtblout /home/ephraim/busco_isolate_may/run_lactobacillaceae_odb12/hmmer_output/625at33958.out --cpu 1 /home/ephraim/busco_downloads/lineages/lactobacillaceae_odb12/hmms/625at33958.hmm /home/ephraim/busco_isolate_may/prodigal_output/predicted_genes/predicted.faa
2026-05-03 19:13:22 DEBUG:busco.busco_tools.Toolset	cmd call: hmmsearch --domtblout /home/ephraim/busco_isolate_may/run_lactobacillaceae_odb12/hmmer_output/581at33958.out --cpu 1 /home/ephraim/busco_downloads/lineages/lactobacillaceae_odb12/hmms/581at33958.hmm /home/ephraim/busco_isolate_may/prodigal_output/predicted_genes/predicted.faa
2026-05-03 19:13:22 DEBUG:busco.busco_tools.Toolset	cmd call: hmmsearch --domtblout /home/ephraim/busco_isolate_may/run_lactobacillaceae_odb12/hmmer_output/63at33958.out --cpu 1 /home/ephraim/busco_downloads/lineages/lactobacillaceae_odb12/hmms/63at33958.hmm /home/ephraim/busco_isolate_may/prodigal_output/predicted_genes/predicted.faa
2026-05-03 19:13:22 DEBUG:busco.busco_tools.Toolset	cmd call: hmmsearch --domtblout /home/ephraim/busco_isolate_may/run_lactobacillaceae_odb12/hmmer_output/58852at33958.out --cpu 1 /home/ephraim/busco_downloads/lineages/lactobacillaceae_odb12/hmms/58852at33958.hmm /home/ephraim/busco_isolate_may/prodigal_output/predicted_genes/predicted.faa
2026-05-03 19:13:22 DEBUG:busco.busco_tools.Toolset	cmd call: hmmsearch --domtblout /home/ephraim/busco_isolate_may/run_lactobacillaceae_odb12/hmmer_output/59151at33958.out --cpu 1 /home/ephraim/busco_downloads/lineages/lactobacillaceae_odb12/hmms/59151at33958.hmm /home/ephraim/busco_isolate_may/prodigal_output/predicted_genes/predicted.faa
2026-05-03 19:13:22 DEBUG:busco.busco_tools.Toolset	cmd call: hmmsearch --domtblout /home/ephraim/busco_isolate_may/run_lactobacillaceae_odb12/hmmer_output/59292at33958.out --cpu 1 /home/ephraim/busco_downloads/lineages/lactobacillaceae_odb12/hmms/59292at33958.hmm /home/ephraim/busco_isolate_may/prodigal_output/predicted_genes/predicted.faa
2026-05-03 19:13:22 DEBUG:busco.busco_tools.Toolset	cmd call: hmmsearch --domtblout /home/ephraim/busco_isolate_may/run_lactobacillaceae_odb12/hmmer_output/594at33958.out --cpu 1 /home/ephraim/busco_downloads/lineages/lactobacillaceae_odb12/hmms/594at33958.hmm /home/ephraim/busco_isolate_may/prodigal_output/predicted_genes/predicted.faa
2026-05-03 19:13:22 DEBUG:busco.busco_tools.Toolset	cmd call: hmmsearch --domtblout /home/ephraim/busco_isolate_may/run_lactobacillaceae_odb12/hmmer_output/59520at33958.out --cpu 1 /home/ephraim/busco_downloads/lineages/lactobacillaceae_odb12/hmms/59520at33958.hmm /home/ephraim/busco_isolate_may/prodigal_output/predicted_genes/predicted.faa
2026-05-03 19:13:22 DEBUG:busco.busco_tools.Toolset	cmd call: hmmsearch --domtblout /home/ephraim/busco_isolate_may/run_lactobacillaceae_odb12/hmmer_output/59711at33958.out --cpu 1 /home/ephraim/busco_downloads/lineages/lactobacillaceae_odb12/hmms/59711at33958.hmm /home/ephraim/busco_isolate_may/prodigal_output/predicted_genes/predicted.faa
2026-05-03 19:13:22 DEBUG:busco.busco_tools.Toolset	cmd call: hmmsearch --domtblout /home/ephraim/busco_isolate_may/run_lactobacillaceae_odb12/hmmer_output/598at33958.out --cpu 1 /home/ephraim/busco_downloads/lineages/lactobacillaceae_odb12/hmms/598at33958.hmm /home/ephraim/busco_isolate_may/prodigal_output/predicted_genes/predicted.faa
2026-05-03 19:13:22 DEBUG:busco.busco_tools.Toolset	cmd call: hmmsearch --domtblout /home/ephraim/busco_isolate_may/run_lactobacillaceae_odb12/hmmer_output/654at33958.out --cpu 1 /home/ephraim/busco_downloads/lineages/lactobacillaceae_odb12/hmms/654at33958.hmm /home/ephraim/busco_isolate_may/prodigal_output/predicted_genes/predicted.faa
2026-05-03 19:13:22 DEBUG:busco.busco_tools.Toolset	cmd call: hmmsearch --domtblout /home/ephraim/busco_isolate_may/run_lactobacillaceae_odb12/hmmer_output/59at33958.out --cpu 1 /home/ephraim/busco_downloads/lineages/lactobacillaceae_odb12/hmms/59at33958.hmm /home/ephraim/busco_isolate_may/prodigal_output/predicted_genes/predicted.faa
2026-05-03 19:13:22 DEBUG:busco.busco_tools.Toolset	cmd call: hmmsearch --domtblout /home/ephraim/busco_isolate_may/run_lactobacillaceae_odb12/hmmer_output/601at33958.out --cpu 1 /home/ephraim/busco_downloads/lineages/lactobacillaceae_odb12/hmms/601at33958.hmm /home/ephraim/busco_isolate_may/prodigal_output/predicted_genes/predicted.faa
2026-05-03 19:13:22 DEBUG:busco.busco_tools.Toolset	cmd call: hmmsearch --domtblout /home/ephraim/busco_isolate_may/run_lactobacillaceae_odb12/hmmer_output/386at33958.out --cpu 1 /home/ephraim/busco_downloads/lineages/lactobacillaceae_odb12/hmms/386at33958.hmm /home/ephraim/busco_isolate_may/prodigal_output/predicted_genes/predicted.faa
2026-05-03 19:13:22 DEBUG:busco.busco_tools.Toolset	cmd call: hmmsearch --domtblout /home/ephraim/busco_isolate_may/run_lactobacillaceae_odb12/hmmer_output/602at33958.out --cpu 1 /home/ephraim/busco_downloads/lineages/lactobacillaceae_odb12/hmms/602at33958.hmm /home/ephraim/busco_isolate_may/prodigal_output/predicted_genes/predicted.faa
2026-05-03 19:13:22 DEBUG:busco.busco_tools.Toolset	cmd call: hmmsearch --domtblout /home/ephraim/busco_isolate_may/run_lactobacillaceae_odb12/hmmer_output/393at33958.out --cpu 1 /home/ephraim/busco_downloads/lineages/lactobacillaceae_odb12/hmms/393at33958.hmm /home/ephraim/busco_isolate_may/prodigal_output/predicted_genes/predicted.faa
2026-05-03 19:13:22 DEBUG:busco.busco_tools.Toolset	cmd call: hmmsearch --domtblout /home/ephraim/busco_isolate_may/run_lactobacillaceae_odb12/hmmer_output/3at33958.out --cpu 1 /home/ephraim/busco_downloads/lineages/lactobacillaceae_odb12/hmms/3at33958.hmm /home/ephraim/busco_isolate_may/prodigal_output/predicted_genes/predicted.faa
2026-05-03 19:13:22 DEBUG:busco.busco_tools.Toolset	cmd call: hmmsearch --domtblout /home/ephraim/busco_isolate_may/run_lactobacillaceae_odb12/hmmer_output/60567at33958.out --cpu 1 /home/ephraim/busco_downloads/lineages/lactobacillaceae_odb12/hmms/60567at33958.hmm /home/ephraim/busco_isolate_may/prodigal_output/predicted_genes/predicted.faa
2026-05-03 19:13:22 DEBUG:busco.busco_tools.Toolset	cmd call: hmmsearch --domtblout /home/ephraim/busco_isolate_may/run_lactobacillaceae_odb12/hmmer_output/406at33958.out --cpu 1 /home/ephraim/busco_downloads/lineages/lactobacillaceae_odb12/hmms/406at33958.hmm /home/ephraim/busco_isolate_may/prodigal_output/predicted_genes/predicted.faa
2026-05-03 19:13:22 DEBUG:busco.busco_tools.Toolset	cmd call: hmmsearch --domtblout /home/ephraim/busco_isolate_may/run_lactobacillaceae_odb12/hmmer_output/606at33958.out --cpu 1 /home/ephraim/busco_downloads/lineages/lactobacillaceae_odb12/hmms/606at33958.hmm /home/ephraim/busco_isolate_may/prodigal_output/predicted_genes/predicted.faa
2026-05-03 19:13:22 DEBUG:busco.busco_tools.Toolset	cmd call: hmmsearch --domtblout /home/ephraim/busco_isolate_may/run_lactobacillaceae_odb12/hmmer_output/410at33958.out --cpu 1 /home/ephraim/busco_downloads/lineages/lactobacillaceae_odb12/hmms/410at33958.hmm /home/ephraim/busco_isolate_may/prodigal_output/predicted_genes/predicted.faa
2026-05-03 19:13:22 DEBUG:busco.busco_tools.Toolset	cmd call: hmmsearch --domtblout /home/ephraim/busco_isolate_may/run_lactobacillaceae_odb12/hmmer_output/60704at33958.out --cpu 1 /home/ephraim/busco_downloads/lineages/lactobacillaceae_odb12/hmms/60704at33958.hmm /home/ephraim/busco_isolate_may/prodigal_output/predicted_genes/predicted.faa
2026-05-03 19:13:22 DEBUG:busco.busco_tools.Toolset	cmd call: hmmsearch --domtblout /home/ephraim/busco_isolate_may/run_lactobacillaceae_odb12/hmmer_output/415at33958.out --cpu 1 /home/ephraim/busco_downloads/lineages/lactobacillaceae_odb12/hmms/415at33958.hmm /home/ephraim/busco_isolate_may/prodigal_output/predicted_genes/predicted.faa
2026-05-03 19:13:22 DEBUG:busco.busco_tools.Toolset	cmd call: hmmsearch --domtblout /home/ephraim/busco_isolate_may/run_lactobacillaceae_odb12/hmmer_output/65581at33958.out --cpu 1 /home/ephraim/busco_downloads/lineages/lactobacillaceae_odb12/hmms/65581at33958.hmm /home/ephraim/busco_isolate_may/prodigal_output/predicted_genes/predicted.faa
2026-05-03 19:13:22 DEBUG:busco.busco_tools.Toolset	cmd call: hmmsearch --domtblout /home/ephraim/busco_isolate_may/run_lactobacillaceae_odb12/hmmer_output/416at33958.out --cpu 1 /home/ephraim/busco_downloads/lineages/lactobacillaceae_odb12/hmms/416at33958.hmm /home/ephraim/busco_isolate_may/prodigal_output/predicted_genes/predicted.faa
2026-05-03 19:13:22 DEBUG:busco.busco_tools.Toolset	cmd call: hmmsearch --domtblout /home/ephraim/busco_isolate_may/run_lactobacillaceae_odb12/hmmer_output/425at33958.out --cpu 1 /home/ephraim/busco_downloads/lineages/lactobacillaceae_odb12/hmms/425at33958.hmm /home/ephraim/busco_isolate_may/prodigal_output/predicted_genes/predicted.faa
2026-05-03 19:13:22 DEBUG:busco.busco_tools.Toolset	cmd call: hmmsearch --domtblout /home/ephraim/busco_isolate_may/run_lactobacillaceae_odb12/hmmer_output/607at33958.out --cpu 1 /home/ephraim/busco_downloads/lineages/lactobacillaceae_odb12/hmms/607at33958.hmm /home/ephraim/busco_isolate_may/prodigal_output/predicted_genes/predicted.faa
2026-05-03 19:13:22 DEBUG:busco.busco_tools.Toolset	cmd call: hmmsearch --domtblout /home/ephraim/busco_isolate_may/run_lactobacillaceae_odb12/hmmer_output/65707at33958.out --cpu 1 /home/ephraim/busco_downloads/lineages/lactobacillaceae_odb12/hmms/65707at33958.hmm /home/ephraim/busco_isolate_may/prodigal_output/predicted_genes/predicted.faa
2026-05-03 19:13:22 DEBUG:busco.busco_tools.Toolset	cmd call: hmmsearch --domtblout /home/ephraim/busco_isolate_may/run_lactobacillaceae_odb12/hmmer_output/426at33958.out --cpu 1 /home/ephraim/busco_downloads/lineages/lactobacillaceae_odb12/hmms/426at33958.hmm /home/ephraim/busco_isolate_may/prodigal_output/predicted_genes/predicted.faa
2026-05-03 19:13:22 DEBUG:busco.busco_tools.Toolset	cmd call: hmmsearch --domtblout /home/ephraim/busco_isolate_may/run_lactobacillaceae_odb12/hmmer_output/60858at33958.out --cpu 1 /home/ephraim/busco_downloads/lineages/lactobacillaceae_odb12/hmms/60858at33958.hmm /home/ephraim/busco_isolate_may/prodigal_output/predicted_genes/predicted.faa
2026-05-03 19:13:22 DEBUG:busco.busco_tools.Toolset	cmd call: hmmsearch --domtblout /home/ephraim/busco_isolate_may/run_lactobacillaceae_odb12/hmmer_output/65742at33958.out --cpu 1 /home/ephraim/busco_downloads/lineages/lactobacillaceae_odb12/hmms/65742at33958.hmm /home/ephraim/busco_isolate_may/prodigal_output/predicted_genes/predicted.faa
2026-05-03 19:13:22 DEBUG:busco.busco_tools.Toolset	cmd call: hmmsearch --domtblout /home/ephraim/busco_isolate_may/run_lactobacillaceae_odb12/hmmer_output/433at33958.out --cpu 1 /home/ephraim/busco_downloads/lineages/lactobacillaceae_odb12/hmms/433at33958.hmm /home/ephraim/busco_isolate_may/prodigal_output/predicted_genes/predicted.faa
2026-05-03 19:13:22 DEBUG:busco.busco_tools.Toolset	cmd call: hmmsearch --domtblout /home/ephraim/busco_isolate_may/run_lactobacillaceae_odb12/hmmer_output/60905at33958.out --cpu 1 /home/ephraim/busco_downloads/lineages/lactobacillaceae_odb12/hmms/60905at33958.hmm /home/ephraim/busco_isolate_may/prodigal_output/predicted_genes/predicted.faa
2026-05-03 19:13:22 DEBUG:busco.busco_tools.Toolset	cmd call: hmmsearch --domtblout /home/ephraim/busco_isolate_may/run_lactobacillaceae_odb12/hmmer_output/441at33958.out --cpu 1 /home/ephraim/busco_downloads/lineages/lactobacillaceae_odb12/hmms/441at33958.hmm /home/ephraim/busco_isolate_may/prodigal_output/predicted_genes/predicted.faa
2026-05-03 19:13:22 DEBUG:busco.busco_tools.Toolset	cmd call: hmmsearch --domtblout /home/ephraim/busco_isolate_may/run_lactobacillaceae_odb12/hmmer_output/60919at33958.out --cpu 1 /home/ephraim/busco_downloads/lineages/lactobacillaceae_odb12/hmms/60919at33958.hmm /home/ephraim/busco_isolate_may/prodigal_output/predicted_genes/predicted.faa
2026-05-03 19:13:23 DEBUG:busco.busco_tools.Toolset	cmd call: hmmsearch --domtblout /home/ephraim/busco_isolate_may/run_lactobacillaceae_odb12/hmmer_output/66226at33958.out --cpu 1 /home/ephraim/busco_downloads/lineages/lactobacillaceae_odb12/hmms/66226at33958.hmm /home/ephraim/busco_isolate_may/prodigal_output/predicted_genes/predicted.faa
2026-05-03 19:13:23 DEBUG:busco.busco_tools.Toolset	cmd call: hmmsearch --domtblout /home/ephraim/busco_isolate_may/run_lactobacillaceae_odb12/hmmer_output/610at33958.out --cpu 1 /home/ephraim/busco_downloads/lineages/lactobacillaceae_odb12/hmms/610at33958.hmm /home/ephraim/busco_isolate_may/prodigal_output/predicted_genes/predicted.faa
2026-05-03 19:13:23 DEBUG:busco.busco_tools.Toolset	cmd call: hmmsearch --domtblout /home/ephraim/busco_isolate_may/run_lactobacillaceae_odb12/hmmer_output/445at33958.out --cpu 1 /home/ephraim/busco_downloads/lineages/lactobacillaceae_odb12/hmms/445at33958.hmm /home/ephraim/busco_isolate_may/prodigal_output/predicted_genes/predicted.faa
2026-05-03 19:13:23 DEBUG:busco.busco_tools.Toolset	cmd call: hmmsearch --domtblout /home/ephraim/busco_isolate_may/run_lactobacillaceae_odb12/hmmer_output/662at33958.out --cpu 1 /home/ephraim/busco_downloads/lineages/lactobacillaceae_odb12/hmms/662at33958.hmm /home/ephraim/busco_isolate_may/prodigal_output/predicted_genes/predicted.faa
2026-05-03 19:13:23 DEBUG:busco.busco_tools.Toolset	cmd call: hmmsearch --domtblout /home/ephraim/busco_isolate_may/run_lactobacillaceae_odb12/hmmer_output/453at33958.out --cpu 1 /home/ephraim/busco_downloads/lineages/lactobacillaceae_odb12/hmms/453at33958.hmm /home/ephraim/busco_isolate_may/prodigal_output/predicted_genes/predicted.faa
2026-05-03 19:13:23 DEBUG:busco.busco_tools.Toolset	cmd call: hmmsearch --domtblout /home/ephraim/busco_isolate_may/run_lactobacillaceae_odb12/hmmer_output/66317at33958.out --cpu 1 /home/ephraim/busco_downloads/lineages/lactobacillaceae_odb12/hmms/66317at33958.hmm /home/ephraim/busco_isolate_may/prodigal_output/predicted_genes/predicted.faa
2026-05-03 19:13:23 DEBUG:busco.busco_tools.Toolset	cmd call: hmmsearch --domtblout /home/ephraim/busco_isolate_may/run_lactobacillaceae_odb12/hmmer_output/66842at33958.out --cpu 1 /home/ephraim/busco_downloads/lineages/lactobacillaceae_odb12/hmms/66842at33958.hmm /home/ephraim/busco_isolate_may/prodigal_output/predicted_genes/predicted.faa
2026-05-03 19:13:23 DEBUG:busco.busco_tools.Toolset	cmd call: hmmsearch --domtblout /home/ephraim/busco_isolate_may/run_lactobacillaceae_odb12/hmmer_output/71111at33958.out --cpu 1 /home/ephraim/busco_downloads/lineages/lactobacillaceae_odb12/hmms/71111at33958.hmm /home/ephraim/busco_isolate_may/prodigal_output/predicted_genes/predicted.faa
2026-05-03 19:13:23 DEBUG:busco.busco_tools.Toolset	cmd call: hmmsearch --domtblout /home/ephraim/busco_isolate_may/run_lactobacillaceae_odb12/hmmer_output/66844at33958.out --cpu 1 /home/ephraim/busco_downloads/lineages/lactobacillaceae_odb12/hmms/66844at33958.hmm /home/ephraim/busco_isolate_may/prodigal_output/predicted_genes/predicted.faa
2026-05-03 19:13:23 DEBUG:busco.busco_tools.Toolset	cmd call: hmmsearch --domtblout /home/ephraim/busco_isolate_may/run_lactobacillaceae_odb12/hmmer_output/463at33958.out --cpu 1 /home/ephraim/busco_downloads/lineages/lactobacillaceae_odb12/hmms/463at33958.hmm /home/ephraim/busco_isolate_may/prodigal_output/predicted_genes/predicted.faa
2026-05-03 19:13:23 DEBUG:busco.busco_tools.Toolset	cmd call: hmmsearch --domtblout /home/ephraim/busco_isolate_may/run_lactobacillaceae_odb12/hmmer_output/71415at33958.out --cpu 1 /home/ephraim/busco_downloads/lineages/lactobacillaceae_odb12/hmms/71415at33958.hmm /home/ephraim/busco_isolate_may/prodigal_output/predicted_genes/predicted.faa
2026-05-03 19:13:23 INFO:busco.busco_tools.Toolset	[hmmsearch]	364 of 519 task(s) completed
2026-05-03 19:13:23 DEBUG:busco.busco_tools.Toolset	cmd call: hmmsearch --domtblout /home/ephraim/busco_isolate_may/run_lactobacillaceae_odb12/hmmer_output/66950at33958.out --cpu 1 /home/ephraim/busco_downloads/lineages/lactobacillaceae_odb12/hmms/66950at33958.hmm /home/ephraim/busco_isolate_may/prodigal_output/predicted_genes/predicted.faa
2026-05-03 19:13:23 DEBUG:busco.busco_tools.Toolset	cmd call: hmmsearch --domtblout /home/ephraim/busco_isolate_may/run_lactobacillaceae_odb12/hmmer_output/47at33958.out --cpu 1 /home/ephraim/busco_downloads/lineages/lactobacillaceae_odb12/hmms/47at33958.hmm /home/ephraim/busco_isolate_may/prodigal_output/predicted_genes/predicted.faa
2026-05-03 19:13:23 DEBUG:busco.busco_tools.Toolset	cmd call: hmmsearch --domtblout /home/ephraim/busco_isolate_may/run_lactobacillaceae_odb12/hmmer_output/482at33958.out --cpu 1 /home/ephraim/busco_downloads/lineages/lactobacillaceae_odb12/hmms/482at33958.hmm /home/ephraim/busco_isolate_may/prodigal_output/predicted_genes/predicted.faa
2026-05-03 19:13:23 DEBUG:busco.busco_tools.Toolset	cmd call: hmmsearch --domtblout /home/ephraim/busco_isolate_may/run_lactobacillaceae_odb12/hmmer_output/71835at33958.out --cpu 1 /home/ephraim/busco_downloads/lineages/lactobacillaceae_odb12/hmms/71835at33958.hmm /home/ephraim/busco_isolate_may/prodigal_output/predicted_genes/predicted.faa
2026-05-03 19:13:23 DEBUG:busco.busco_tools.Toolset	cmd call: hmmsearch --domtblout /home/ephraim/busco_isolate_may/run_lactobacillaceae_odb12/hmmer_output/71970at33958.out --cpu 1 /home/ephraim/busco_downloads/lineages/lactobacillaceae_odb12/hmms/71970at33958.hmm /home/ephraim/busco_isolate_may/prodigal_output/predicted_genes/predicted.faa
2026-05-03 19:13:23 DEBUG:busco.busco_tools.Toolset	cmd call: hmmsearch --domtblout /home/ephraim/busco_isolate_may/run_lactobacillaceae_odb12/hmmer_output/483at33958.out --cpu 1 /home/ephraim/busco_downloads/lineages/lactobacillaceae_odb12/hmms/483at33958.hmm /home/ephraim/busco_isolate_may/prodigal_output/predicted_genes/predicted.faa
2026-05-03 19:13:23 DEBUG:busco.busco_tools.Toolset	cmd call: hmmsearch --domtblout /home/ephraim/busco_isolate_may/run_lactobacillaceae_odb12/hmmer_output/66at33958.out --cpu 1 /home/ephraim/busco_downloads/lineages/lactobacillaceae_odb12/hmms/66at33958.hmm /home/ephraim/busco_isolate_may/prodigal_output/predicted_genes/predicted.faa
2026-05-03 19:13:23 DEBUG:busco.busco_tools.Toolset	cmd call: hmmsearch --domtblout /home/ephraim/busco_isolate_may/run_lactobacillaceae_odb12/hmmer_output/67272at33958.out --cpu 1 /home/ephraim/busco_downloads/lineages/lactobacillaceae_odb12/hmms/67272at33958.hmm /home/ephraim/busco_isolate_may/prodigal_output/predicted_genes/predicted.faa
2026-05-03 19:13:23 DEBUG:busco.busco_tools.Toolset	cmd call: hmmsearch --domtblout /home/ephraim/busco_isolate_may/run_lactobacillaceae_odb12/hmmer_output/67525at33958.out --cpu 1 /home/ephraim/busco_downloads/lineages/lactobacillaceae_odb12/hmms/67525at33958.hmm /home/ephraim/busco_isolate_may/prodigal_output/predicted_genes/predicted.faa
2026-05-03 19:13:23 DEBUG:busco.busco_tools.Toolset	cmd call: hmmsearch --domtblout /home/ephraim/busco_isolate_may/run_lactobacillaceae_odb12/hmmer_output/71at33958.out --cpu 1 /home/ephraim/busco_downloads/lineages/lactobacillaceae_odb12/hmms/71at33958.hmm /home/ephraim/busco_isolate_may/prodigal_output/predicted_genes/predicted.faa
2026-05-03 19:13:23 DEBUG:busco.busco_tools.Toolset	cmd call: hmmsearch --domtblout /home/ephraim/busco_isolate_may/run_lactobacillaceae_odb12/hmmer_output/72209at33958.out --cpu 1 /home/ephraim/busco_downloads/lineages/lactobacillaceae_odb12/hmms/72209at33958.hmm /home/ephraim/busco_isolate_may/prodigal_output/predicted_genes/predicted.faa
2026-05-03 19:13:23 DEBUG:busco.busco_tools.Toolset	cmd call: hmmsearch --domtblout /home/ephraim/busco_isolate_may/run_lactobacillaceae_odb12/hmmer_output/675at33958.out --cpu 1 /home/ephraim/busco_downloads/lineages/lactobacillaceae_odb12/hmms/675at33958.hmm /home/ephraim/busco_isolate_may/prodigal_output/predicted_genes/predicted.faa
2026-05-03 19:13:23 DEBUG:busco.busco_tools.Toolset	cmd call: hmmsearch --domtblout /home/ephraim/busco_isolate_may/run_lactobacillaceae_odb12/hmmer_output/722at33958.out --cpu 1 /home/ephraim/busco_downloads/lineages/lactobacillaceae_odb12/hmms/722at33958.hmm /home/ephraim/busco_isolate_may/prodigal_output/predicted_genes/predicted.faa
2026-05-03 19:13:23 DEBUG:busco.busco_tools.Toolset	cmd call: hmmsearch --domtblout /home/ephraim/busco_isolate_may/run_lactobacillaceae_odb12/hmmer_output/67603at33958.out --cpu 1 /home/ephraim/busco_downloads/lineages/lactobacillaceae_odb12/hmms/67603at33958.hmm /home/ephraim/busco_isolate_may/prodigal_output/predicted_genes/predicted.faa
2026-05-03 19:13:23 DEBUG:busco.busco_tools.Toolset	cmd call: hmmsearch --domtblout /home/ephraim/busco_isolate_may/run_lactobacillaceae_odb12/hmmer_output/72342at33958.out --cpu 1 /home/ephraim/busco_downloads/lineages/lactobacillaceae_odb12/hmms/72342at33958.hmm /home/ephraim/busco_isolate_may/prodigal_output/predicted_genes/predicted.faa
2026-05-03 19:13:23 DEBUG:busco.busco_tools.Toolset	cmd call: hmmsearch --domtblout /home/ephraim/busco_isolate_may/run_lactobacillaceae_odb12/hmmer_output/72343at33958.out --cpu 1 /home/ephraim/busco_downloads/lineages/lactobacillaceae_odb12/hmms/72343at33958.hmm /home/ephraim/busco_isolate_may/prodigal_output/predicted_genes/predicted.faa
2026-05-03 19:13:23 DEBUG:busco.busco_tools.Toolset	cmd call: hmmsearch --domtblout /home/ephraim/busco_isolate_may/run_lactobacillaceae_odb12/hmmer_output/67790at33958.out --cpu 1 /home/ephraim/busco_downloads/lineages/lactobacillaceae_odb12/hmms/67790at33958.hmm /home/ephraim/busco_isolate_may/prodigal_output/predicted_genes/predicted.faa
2026-05-03 19:13:23 DEBUG:busco.busco_tools.Toolset	cmd call: hmmsearch --domtblout /home/ephraim/busco_isolate_may/run_lactobacillaceae_odb12/hmmer_output/72420at33958.out --cpu 1 /home/ephraim/busco_downloads/lineages/lactobacillaceae_odb12/hmms/72420at33958.hmm /home/ephraim/busco_isolate_may/prodigal_output/predicted_genes/predicted.faa
2026-05-03 19:13:23 DEBUG:busco.busco_tools.Toolset	cmd call: hmmsearch --domtblout /home/ephraim/busco_isolate_may/run_lactobacillaceae_odb12/hmmer_output/68385at33958.out --cpu 1 /home/ephraim/busco_downloads/lineages/lactobacillaceae_odb12/hmms/68385at33958.hmm /home/ephraim/busco_isolate_may/prodigal_output/predicted_genes/predicted.faa
2026-05-03 19:13:23 DEBUG:busco.busco_tools.Toolset	cmd call: hmmsearch --domtblout /home/ephraim/busco_isolate_may/run_lactobacillaceae_odb12/hmmer_output/684at33958.out --cpu 1 /home/ephraim/busco_downloads/lineages/lactobacillaceae_odb12/hmms/684at33958.hmm /home/ephraim/busco_isolate_may/prodigal_output/predicted_genes/predicted.faa
2026-05-03 19:13:23 DEBUG:busco.busco_tools.Toolset	cmd call: hmmsearch --domtblout /home/ephraim/busco_isolate_may/run_lactobacillaceae_odb12/hmmer_output/68615at33958.out --cpu 1 /home/ephraim/busco_downloads/lineages/lactobacillaceae_odb12/hmms/68615at33958.hmm /home/ephraim/busco_isolate_may/prodigal_output/predicted_genes/predicted.faa
2026-05-03 19:13:23 DEBUG:busco.busco_tools.Toolset	cmd call: hmmsearch --domtblout /home/ephraim/busco_isolate_may/run_lactobacillaceae_odb12/hmmer_output/68631at33958.out --cpu 1 /home/ephraim/busco_downloads/lineages/lactobacillaceae_odb12/hmms/68631at33958.hmm /home/ephraim/busco_isolate_may/prodigal_output/predicted_genes/predicted.faa
2026-05-03 19:13:23 DEBUG:busco.busco_tools.Toolset	cmd call: hmmsearch --domtblout /home/ephraim/busco_isolate_may/run_lactobacillaceae_odb12/hmmer_output/72565at33958.out --cpu 1 /home/ephraim/busco_downloads/lineages/lactobacillaceae_odb12/hmms/72565at33958.hmm /home/ephraim/busco_isolate_may/prodigal_output/predicted_genes/predicted.faa
2026-05-03 19:13:23 DEBUG:busco.busco_tools.Toolset	cmd call: hmmsearch --domtblout /home/ephraim/busco_isolate_may/run_lactobacillaceae_odb12/hmmer_output/726at33958.out --cpu 1 /home/ephraim/busco_downloads/lineages/lactobacillaceae_odb12/hmms/726at33958.hmm /home/ephraim/busco_isolate_may/prodigal_output/predicted_genes/predicted.faa
2026-05-03 19:13:23 DEBUG:busco.busco_tools.Toolset	cmd call: hmmsearch --domtblout /home/ephraim/busco_isolate_may/run_lactobacillaceae_odb12/hmmer_output/687at33958.out --cpu 1 /home/ephraim/busco_downloads/lineages/lactobacillaceae_odb12/hmms/687at33958.hmm /home/ephraim/busco_isolate_may/prodigal_output/predicted_genes/predicted.faa
2026-05-03 19:13:23 DEBUG:busco.busco_tools.Toolset	cmd call: hmmsearch --domtblout /home/ephraim/busco_isolate_may/run_lactobacillaceae_odb12/hmmer_output/688at33958.out --cpu 1 /home/ephraim/busco_downloads/lineages/lactobacillaceae_odb12/hmms/688at33958.hmm /home/ephraim/busco_isolate_may/prodigal_output/predicted_genes/predicted.faa
2026-05-03 19:13:23 DEBUG:busco.busco_tools.Toolset	cmd call: hmmsearch --domtblout /home/ephraim/busco_isolate_may/run_lactobacillaceae_odb12/hmmer_output/727at33958.out --cpu 1 /home/ephraim/busco_downloads/lineages/lactobacillaceae_odb12/hmms/727at33958.hmm /home/ephraim/busco_isolate_may/prodigal_output/predicted_genes/predicted.faa
2026-05-03 19:13:23 DEBUG:busco.busco_tools.Toolset	cmd call: hmmsearch --domtblout /home/ephraim/busco_isolate_may/run_lactobacillaceae_odb12/hmmer_output/690at33958.out --cpu 1 /home/ephraim/busco_downloads/lineages/lactobacillaceae_odb12/hmms/690at33958.hmm /home/ephraim/busco_isolate_may/prodigal_output/predicted_genes/predicted.faa
2026-05-03 19:13:23 DEBUG:busco.busco_tools.Toolset	cmd call: hmmsearch --domtblout /home/ephraim/busco_isolate_may/run_lactobacillaceae_odb12/hmmer_output/691at33958.out --cpu 1 /home/ephraim/busco_downloads/lineages/lactobacillaceae_odb12/hmms/691at33958.hmm /home/ephraim/busco_isolate_may/prodigal_output/predicted_genes/predicted.faa
2026-05-03 19:13:23 DEBUG:busco.busco_tools.Toolset	cmd call: hmmsearch --domtblout /home/ephraim/busco_isolate_may/run_lactobacillaceae_odb12/hmmer_output/72879at33958.out --cpu 1 /home/ephraim/busco_downloads/lineages/lactobacillaceae_odb12/hmms/72879at33958.hmm /home/ephraim/busco_isolate_may/prodigal_output/predicted_genes/predicted.faa
2026-05-03 19:13:23 DEBUG:busco.busco_tools.Toolset	cmd call: hmmsearch --domtblout /home/ephraim/busco_isolate_may/run_lactobacillaceae_odb12/hmmer_output/692at33958.out --cpu 1 /home/ephraim/busco_downloads/lineages/lactobacillaceae_odb12/hmms/692at33958.hmm /home/ephraim/busco_isolate_may/prodigal_output/predicted_genes/predicted.faa
2026-05-03 19:13:23 DEBUG:busco.busco_tools.Toolset	cmd call: hmmsearch --domtblout /home/ephraim/busco_isolate_may/run_lactobacillaceae_odb12/hmmer_output/69538at33958.out --cpu 1 /home/ephraim/busco_downloads/lineages/lactobacillaceae_odb12/hmms/69538at33958.hmm /home/ephraim/busco_isolate_may/prodigal_output/predicted_genes/predicted.faa
2026-05-03 19:13:23 DEBUG:busco.busco_tools.Toolset	cmd call: hmmsearch --domtblout /home/ephraim/busco_isolate_may/run_lactobacillaceae_odb12/hmmer_output/697at33958.out --cpu 1 /home/ephraim/busco_downloads/lineages/lactobacillaceae_odb12/hmms/697at33958.hmm /home/ephraim/busco_isolate_may/prodigal_output/predicted_genes/predicted.faa
2026-05-03 19:13:23 DEBUG:busco.busco_tools.Toolset	cmd call: hmmsearch --domtblout /home/ephraim/busco_isolate_may/run_lactobacillaceae_odb12/hmmer_output/72907at33958.out --cpu 1 /home/ephraim/busco_downloads/lineages/lactobacillaceae_odb12/hmms/72907at33958.hmm /home/ephraim/busco_isolate_may/prodigal_output/predicted_genes/predicted.faa
2026-05-03 19:13:23 DEBUG:busco.busco_tools.Toolset	cmd call: hmmsearch --domtblout /home/ephraim/busco_isolate_may/run_lactobacillaceae_odb12/hmmer_output/72926at33958.out --cpu 1 /home/ephraim/busco_downloads/lineages/lactobacillaceae_odb12/hmms/72926at33958.hmm /home/ephraim/busco_isolate_may/prodigal_output/predicted_genes/predicted.faa
2026-05-03 19:13:23 DEBUG:busco.busco_tools.Toolset	cmd call: hmmsearch --domtblout /home/ephraim/busco_isolate_may/run_lactobacillaceae_odb12/hmmer_output/69941at33958.out --cpu 1 /home/ephraim/busco_downloads/lineages/lactobacillaceae_odb12/hmms/69941at33958.hmm /home/ephraim/busco_isolate_may/prodigal_output/predicted_genes/predicted.faa
2026-05-03 19:13:23 DEBUG:busco.busco_tools.Toolset	cmd call: hmmsearch --domtblout /home/ephraim/busco_isolate_may/run_lactobacillaceae_odb12/hmmer_output/699at33958.out --cpu 1 /home/ephraim/busco_downloads/lineages/lactobacillaceae_odb12/hmms/699at33958.hmm /home/ephraim/busco_isolate_may/prodigal_output/predicted_genes/predicted.faa
2026-05-03 19:13:23 DEBUG:busco.busco_tools.Toolset	cmd call: hmmsearch --domtblout /home/ephraim/busco_isolate_may/run_lactobacillaceae_odb12/hmmer_output/69at33958.out --cpu 1 /home/ephraim/busco_downloads/lineages/lactobacillaceae_odb12/hmms/69at33958.hmm /home/ephraim/busco_isolate_may/prodigal_output/predicted_genes/predicted.faa
2026-05-03 19:13:23 DEBUG:busco.busco_tools.Toolset	cmd call: hmmsearch --domtblout /home/ephraim/busco_isolate_may/run_lactobacillaceae_odb12/hmmer_output/70097at33958.out --cpu 1 /home/ephraim/busco_downloads/lineages/lactobacillaceae_odb12/hmms/70097at33958.hmm /home/ephraim/busco_isolate_may/prodigal_output/predicted_genes/predicted.faa
2026-05-03 19:13:23 DEBUG:busco.busco_tools.Toolset	cmd call: hmmsearch --domtblout /home/ephraim/busco_isolate_may/run_lactobacillaceae_odb12/hmmer_output/702at33958.out --cpu 1 /home/ephraim/busco_downloads/lineages/lactobacillaceae_odb12/hmms/702at33958.hmm /home/ephraim/busco_isolate_may/prodigal_output/predicted_genes/predicted.faa
2026-05-03 19:13:23 DEBUG:busco.busco_tools.Toolset	cmd call: hmmsearch --domtblout /home/ephraim/busco_isolate_may/run_lactobacillaceae_odb12/hmmer_output/70456at33958.out --cpu 1 /home/ephraim/busco_downloads/lineages/lactobacillaceae_odb12/hmms/70456at33958.hmm /home/ephraim/busco_isolate_may/prodigal_output/predicted_genes/predicted.faa
2026-05-03 19:13:23 DEBUG:busco.busco_tools.Toolset	cmd call: hmmsearch --domtblout /home/ephraim/busco_isolate_may/run_lactobacillaceae_odb12/hmmer_output/705at33958.out --cpu 1 /home/ephraim/busco_downloads/lineages/lactobacillaceae_odb12/hmms/705at33958.hmm /home/ephraim/busco_isolate_may/prodigal_output/predicted_genes/predicted.faa
2026-05-03 19:13:23 DEBUG:busco.busco_tools.Toolset	cmd call: hmmsearch --domtblout /home/ephraim/busco_isolate_may/run_lactobacillaceae_odb12/hmmer_output/731at33958.out --cpu 1 /home/ephraim/busco_downloads/lineages/lactobacillaceae_odb12/hmms/731at33958.hmm /home/ephraim/busco_isolate_may/prodigal_output/predicted_genes/predicted.faa
2026-05-03 19:13:23 DEBUG:busco.busco_tools.Toolset	cmd call: hmmsearch --domtblout /home/ephraim/busco_isolate_may/run_lactobacillaceae_odb12/hmmer_output/70744at33958.out --cpu 1 /home/ephraim/busco_downloads/lineages/lactobacillaceae_odb12/hmms/70744at33958.hmm /home/ephraim/busco_isolate_may/prodigal_output/predicted_genes/predicted.faa
2026-05-03 19:13:23 DEBUG:busco.busco_tools.Toolset	cmd call: hmmsearch --domtblout /home/ephraim/busco_isolate_may/run_lactobacillaceae_odb12/hmmer_output/73231at33958.out --cpu 1 /home/ephraim/busco_downloads/lineages/lactobacillaceae_odb12/hmms/73231at33958.hmm /home/ephraim/busco_isolate_may/prodigal_output/predicted_genes/predicted.faa
2026-05-03 19:13:23 DEBUG:busco.busco_tools.Toolset	cmd call: hmmsearch --domtblout /home/ephraim/busco_isolate_may/run_lactobacillaceae_odb12/hmmer_output/710at33958.out --cpu 1 /home/ephraim/busco_downloads/lineages/lactobacillaceae_odb12/hmms/710at33958.hmm /home/ephraim/busco_isolate_may/prodigal_output/predicted_genes/predicted.faa
2026-05-03 19:13:23 DEBUG:busco.busco_tools.Toolset	cmd call: hmmsearch --domtblout /home/ephraim/busco_isolate_may/run_lactobacillaceae_odb12/hmmer_output/488at33958.out --cpu 1 /home/ephraim/busco_downloads/lineages/lactobacillaceae_odb12/hmms/488at33958.hmm /home/ephraim/busco_isolate_may/prodigal_output/predicted_genes/predicted.faa
2026-05-03 19:13:23 DEBUG:busco.busco_tools.Toolset	cmd call: hmmsearch --domtblout /home/ephraim/busco_isolate_may/run_lactobacillaceae_odb12/hmmer_output/73308at33958.out --cpu 1 /home/ephraim/busco_downloads/lineages/lactobacillaceae_odb12/hmms/73308at33958.hmm /home/ephraim/busco_isolate_may/prodigal_output/predicted_genes/predicted.faa
2026-05-03 19:13:23 DEBUG:busco.busco_tools.Toolset	cmd call: hmmsearch --domtblout /home/ephraim/busco_isolate_may/run_lactobacillaceae_odb12/hmmer_output/736at33958.out --cpu 1 /home/ephraim/busco_downloads/lineages/lactobacillaceae_odb12/hmms/736at33958.hmm /home/ephraim/busco_isolate_may/prodigal_output/predicted_genes/predicted.faa
2026-05-03 19:13:23 DEBUG:busco.busco_tools.Toolset	cmd call: hmmsearch --domtblout /home/ephraim/busco_isolate_may/run_lactobacillaceae_odb12/hmmer_output/494at33958.out --cpu 1 /home/ephraim/busco_downloads/lineages/lactobacillaceae_odb12/hmms/494at33958.hmm /home/ephraim/busco_isolate_may/prodigal_output/predicted_genes/predicted.faa
2026-05-03 19:13:23 DEBUG:busco.busco_tools.Toolset	cmd call: hmmsearch --domtblout /home/ephraim/busco_isolate_may/run_lactobacillaceae_odb12/hmmer_output/742at33958.out --cpu 1 /home/ephraim/busco_downloads/lineages/lactobacillaceae_odb12/hmms/742at33958.hmm /home/ephraim/busco_isolate_may/prodigal_output/predicted_genes/predicted.faa
2026-05-03 19:13:23 DEBUG:busco.busco_tools.Toolset	cmd call: hmmsearch --domtblout /home/ephraim/busco_isolate_may/run_lactobacillaceae_odb12/hmmer_output/77738at33958.out --cpu 1 /home/ephraim/busco_downloads/lineages/lactobacillaceae_odb12/hmms/77738at33958.hmm /home/ephraim/busco_isolate_may/prodigal_output/predicted_genes/predicted.faa
2026-05-03 19:13:23 INFO:busco.busco_tools.Toolset	[hmmsearch]	416 of 519 task(s) completed
2026-05-03 19:13:23 DEBUG:busco.busco_tools.Toolset	cmd call: hmmsearch --domtblout /home/ephraim/busco_isolate_may/run_lactobacillaceae_odb12/hmmer_output/78221at33958.out --cpu 1 /home/ephraim/busco_downloads/lineages/lactobacillaceae_odb12/hmms/78221at33958.hmm /home/ephraim/busco_isolate_may/prodigal_output/predicted_genes/predicted.faa
2026-05-03 19:13:23 DEBUG:busco.busco_tools.Toolset	cmd call: hmmsearch --domtblout /home/ephraim/busco_isolate_may/run_lactobacillaceae_odb12/hmmer_output/747at33958.out --cpu 1 /home/ephraim/busco_downloads/lineages/lactobacillaceae_odb12/hmms/747at33958.hmm /home/ephraim/busco_isolate_may/prodigal_output/predicted_genes/predicted.faa
2026-05-03 19:13:23 DEBUG:busco.busco_tools.Toolset	cmd call: hmmsearch --domtblout /home/ephraim/busco_isolate_may/run_lactobacillaceae_odb12/hmmer_output/78287at33958.out --cpu 1 /home/ephraim/busco_downloads/lineages/lactobacillaceae_odb12/hmms/78287at33958.hmm /home/ephraim/busco_isolate_may/prodigal_output/predicted_genes/predicted.faa
2026-05-03 19:13:23 DEBUG:busco.busco_tools.Toolset	cmd call: hmmsearch --domtblout /home/ephraim/busco_isolate_may/run_lactobacillaceae_odb12/hmmer_output/783at33958.out --cpu 1 /home/ephraim/busco_downloads/lineages/lactobacillaceae_odb12/hmms/783at33958.hmm /home/ephraim/busco_isolate_may/prodigal_output/predicted_genes/predicted.faa
2026-05-03 19:13:23 DEBUG:busco.busco_tools.Toolset	cmd call: hmmsearch --domtblout /home/ephraim/busco_isolate_may/run_lactobacillaceae_odb12/hmmer_output/74812at33958.out --cpu 1 /home/ephraim/busco_downloads/lineages/lactobacillaceae_odb12/hmms/74812at33958.hmm /home/ephraim/busco_isolate_may/prodigal_output/predicted_genes/predicted.faa
2026-05-03 19:13:23 DEBUG:busco.busco_tools.Toolset	cmd call: hmmsearch --domtblout /home/ephraim/busco_isolate_may/run_lactobacillaceae_odb12/hmmer_output/78590at33958.out --cpu 1 /home/ephraim/busco_downloads/lineages/lactobacillaceae_odb12/hmms/78590at33958.hmm /home/ephraim/busco_isolate_may/prodigal_output/predicted_genes/predicted.faa
2026-05-03 19:13:23 DEBUG:busco.busco_tools.Toolset	cmd call: hmmsearch --domtblout /home/ephraim/busco_isolate_may/run_lactobacillaceae_odb12/hmmer_output/748at33958.out --cpu 1 /home/ephraim/busco_downloads/lineages/lactobacillaceae_odb12/hmms/748at33958.hmm /home/ephraim/busco_isolate_may/prodigal_output/predicted_genes/predicted.faa
2026-05-03 19:13:23 DEBUG:busco.busco_tools.Toolset	cmd call: hmmsearch --domtblout /home/ephraim/busco_isolate_may/run_lactobacillaceae_odb12/hmmer_output/851at33958.out --cpu 1 /home/ephraim/busco_downloads/lineages/lactobacillaceae_odb12/hmms/851at33958.hmm /home/ephraim/busco_isolate_may/prodigal_output/predicted_genes/predicted.faa
2026-05-03 19:13:23 DEBUG:busco.busco_tools.Toolset	cmd call: hmmsearch --domtblout /home/ephraim/busco_isolate_may/run_lactobacillaceae_odb12/hmmer_output/85at33958.out --cpu 1 /home/ephraim/busco_downloads/lineages/lactobacillaceae_odb12/hmms/85at33958.hmm /home/ephraim/busco_isolate_may/prodigal_output/predicted_genes/predicted.faa
2026-05-03 19:13:23 DEBUG:busco.busco_tools.Toolset	cmd call: hmmsearch --domtblout /home/ephraim/busco_isolate_may/run_lactobacillaceae_odb12/hmmer_output/75148at33958.out --cpu 1 /home/ephraim/busco_downloads/lineages/lactobacillaceae_odb12/hmms/75148at33958.hmm /home/ephraim/busco_isolate_may/prodigal_output/predicted_genes/predicted.faa
2026-05-03 19:13:23 DEBUG:busco.busco_tools.Toolset	cmd call: hmmsearch --domtblout /home/ephraim/busco_isolate_may/run_lactobacillaceae_odb12/hmmer_output/863at33958.out --cpu 1 /home/ephraim/busco_downloads/lineages/lactobacillaceae_odb12/hmms/863at33958.hmm /home/ephraim/busco_isolate_may/prodigal_output/predicted_genes/predicted.faa
2026-05-03 19:13:23 DEBUG:busco.busco_tools.Toolset	cmd call: hmmsearch --domtblout /home/ephraim/busco_isolate_may/run_lactobacillaceae_odb12/hmmer_output/865at33958.out --cpu 1 /home/ephraim/busco_downloads/lineages/lactobacillaceae_odb12/hmms/865at33958.hmm /home/ephraim/busco_isolate_may/prodigal_output/predicted_genes/predicted.faa
2026-05-03 19:13:23 DEBUG:busco.busco_tools.Toolset	cmd call: hmmsearch --domtblout /home/ephraim/busco_isolate_may/run_lactobacillaceae_odb12/hmmer_output/75361at33958.out --cpu 1 /home/ephraim/busco_downloads/lineages/lactobacillaceae_odb12/hmms/75361at33958.hmm /home/ephraim/busco_isolate_may/prodigal_output/predicted_genes/predicted.faa
2026-05-03 19:13:24 DEBUG:busco.busco_tools.Toolset	cmd call: hmmsearch --domtblout /home/ephraim/busco_isolate_may/run_lactobacillaceae_odb12/hmmer_output/75557at33958.out --cpu 1 /home/ephraim/busco_downloads/lineages/lactobacillaceae_odb12/hmms/75557at33958.hmm /home/ephraim/busco_isolate_may/prodigal_output/predicted_genes/predicted.faa
2026-05-03 19:13:24 DEBUG:busco.busco_tools.Toolset	cmd call: hmmsearch --domtblout /home/ephraim/busco_isolate_may/run_lactobacillaceae_odb12/hmmer_output/866at33958.out --cpu 1 /home/ephraim/busco_downloads/lineages/lactobacillaceae_odb12/hmms/866at33958.hmm /home/ephraim/busco_isolate_may/prodigal_output/predicted_genes/predicted.faa
2026-05-03 19:13:24 DEBUG:busco.busco_tools.Toolset	cmd call: hmmsearch --domtblout /home/ephraim/busco_isolate_may/run_lactobacillaceae_odb12/hmmer_output/881at33958.out --cpu 1 /home/ephraim/busco_downloads/lineages/lactobacillaceae_odb12/hmms/881at33958.hmm /home/ephraim/busco_isolate_may/prodigal_output/predicted_genes/predicted.faa
2026-05-03 19:13:24 DEBUG:busco.busco_tools.Toolset	cmd call: hmmsearch --domtblout /home/ephraim/busco_isolate_may/run_lactobacillaceae_odb12/hmmer_output/75635at33958.out --cpu 1 /home/ephraim/busco_downloads/lineages/lactobacillaceae_odb12/hmms/75635at33958.hmm /home/ephraim/busco_isolate_may/prodigal_output/predicted_genes/predicted.faa
2026-05-03 19:13:24 DEBUG:busco.busco_tools.Toolset	cmd call: hmmsearch --domtblout /home/ephraim/busco_isolate_may/run_lactobacillaceae_odb12/hmmer_output/883at33958.out --cpu 1 /home/ephraim/busco_downloads/lineages/lactobacillaceae_odb12/hmms/883at33958.hmm /home/ephraim/busco_isolate_may/prodigal_output/predicted_genes/predicted.faa
2026-05-03 19:13:24 DEBUG:busco.busco_tools.Toolset	cmd call: hmmsearch --domtblout /home/ephraim/busco_isolate_may/run_lactobacillaceae_odb12/hmmer_output/75647at33958.out --cpu 1 /home/ephraim/busco_downloads/lineages/lactobacillaceae_odb12/hmms/75647at33958.hmm /home/ephraim/busco_isolate_may/prodigal_output/predicted_genes/predicted.faa
2026-05-03 19:13:24 DEBUG:busco.busco_tools.Toolset	cmd call: hmmsearch --domtblout /home/ephraim/busco_isolate_may/run_lactobacillaceae_odb12/hmmer_output/75676at33958.out --cpu 1 /home/ephraim/busco_downloads/lineages/lactobacillaceae_odb12/hmms/75676at33958.hmm /home/ephraim/busco_isolate_may/prodigal_output/predicted_genes/predicted.faa
2026-05-03 19:13:24 DEBUG:busco.busco_tools.Toolset	cmd call: hmmsearch --domtblout /home/ephraim/busco_isolate_may/run_lactobacillaceae_odb12/hmmer_output/884at33958.out --cpu 1 /home/ephraim/busco_downloads/lineages/lactobacillaceae_odb12/hmms/884at33958.hmm /home/ephraim/busco_isolate_may/prodigal_output/predicted_genes/predicted.faa
2026-05-03 19:13:24 DEBUG:busco.busco_tools.Toolset	cmd call: hmmsearch --domtblout /home/ephraim/busco_isolate_may/run_lactobacillaceae_odb12/hmmer_output/885at33958.out --cpu 1 /home/ephraim/busco_downloads/lineages/lactobacillaceae_odb12/hmms/885at33958.hmm /home/ephraim/busco_isolate_may/prodigal_output/predicted_genes/predicted.faa
2026-05-03 19:13:24 DEBUG:busco.busco_tools.Toolset	cmd call: hmmsearch --domtblout /home/ephraim/busco_isolate_may/run_lactobacillaceae_odb12/hmmer_output/756at33958.out --cpu 1 /home/ephraim/busco_downloads/lineages/lactobacillaceae_odb12/hmms/756at33958.hmm /home/ephraim/busco_isolate_may/prodigal_output/predicted_genes/predicted.faa
2026-05-03 19:13:24 DEBUG:busco.busco_tools.Toolset	cmd call: hmmsearch --domtblout /home/ephraim/busco_isolate_may/run_lactobacillaceae_odb12/hmmer_output/785at33958.out --cpu 1 /home/ephraim/busco_downloads/lineages/lactobacillaceae_odb12/hmms/785at33958.hmm /home/ephraim/busco_isolate_may/prodigal_output/predicted_genes/predicted.faa
2026-05-03 19:13:24 DEBUG:busco.busco_tools.Toolset	cmd call: hmmsearch --domtblout /home/ephraim/busco_isolate_may/run_lactobacillaceae_odb12/hmmer_output/78793at33958.out --cpu 1 /home/ephraim/busco_downloads/lineages/lactobacillaceae_odb12/hmms/78793at33958.hmm /home/ephraim/busco_isolate_may/prodigal_output/predicted_genes/predicted.faa
2026-05-03 19:13:24 DEBUG:busco.busco_tools.Toolset	cmd call: hmmsearch --domtblout /home/ephraim/busco_isolate_may/run_lactobacillaceae_odb12/hmmer_output/759at33958.out --cpu 1 /home/ephraim/busco_downloads/lineages/lactobacillaceae_odb12/hmms/759at33958.hmm /home/ephraim/busco_isolate_may/prodigal_output/predicted_genes/predicted.faa
2026-05-03 19:13:24 DEBUG:busco.busco_tools.Toolset	cmd call: hmmsearch --domtblout /home/ephraim/busco_isolate_may/run_lactobacillaceae_odb12/hmmer_output/76052at33958.out --cpu 1 /home/ephraim/busco_downloads/lineages/lactobacillaceae_odb12/hmms/76052at33958.hmm /home/ephraim/busco_isolate_may/prodigal_output/predicted_genes/predicted.faa
2026-05-03 19:13:24 DEBUG:busco.busco_tools.Toolset	cmd call: hmmsearch --domtblout /home/ephraim/busco_isolate_may/run_lactobacillaceae_odb12/hmmer_output/888at33958.out --cpu 1 /home/ephraim/busco_downloads/lineages/lactobacillaceae_odb12/hmms/888at33958.hmm /home/ephraim/busco_isolate_may/prodigal_output/predicted_genes/predicted.faa
2026-05-03 19:13:24 DEBUG:busco.busco_tools.Toolset	cmd call: hmmsearch --domtblout /home/ephraim/busco_isolate_may/run_lactobacillaceae_odb12/hmmer_output/78869at33958.out --cpu 1 /home/ephraim/busco_downloads/lineages/lactobacillaceae_odb12/hmms/78869at33958.hmm /home/ephraim/busco_isolate_may/prodigal_output/predicted_genes/predicted.faa
2026-05-03 19:13:24 DEBUG:busco.busco_tools.Toolset	cmd call: hmmsearch --domtblout /home/ephraim/busco_isolate_may/run_lactobacillaceae_odb12/hmmer_output/76053at33958.out --cpu 1 /home/ephraim/busco_downloads/lineages/lactobacillaceae_odb12/hmms/76053at33958.hmm /home/ephraim/busco_isolate_may/prodigal_output/predicted_genes/predicted.faa
2026-05-03 19:13:24 DEBUG:busco.busco_tools.Toolset	cmd call: hmmsearch --domtblout /home/ephraim/busco_isolate_may/run_lactobacillaceae_odb12/hmmer_output/893at33958.out --cpu 1 /home/ephraim/busco_downloads/lineages/lactobacillaceae_odb12/hmms/893at33958.hmm /home/ephraim/busco_isolate_may/prodigal_output/predicted_genes/predicted.faa
2026-05-03 19:13:24 DEBUG:busco.busco_tools.Toolset	cmd call: hmmsearch --domtblout /home/ephraim/busco_isolate_may/run_lactobacillaceae_odb12/hmmer_output/78at33958.out --cpu 1 /home/ephraim/busco_downloads/lineages/lactobacillaceae_odb12/hmms/78at33958.hmm /home/ephraim/busco_isolate_may/prodigal_output/predicted_genes/predicted.faa
2026-05-03 19:13:24 DEBUG:busco.busco_tools.Toolset	cmd call: hmmsearch --domtblout /home/ephraim/busco_isolate_may/run_lactobacillaceae_odb12/hmmer_output/894at33958.out --cpu 1 /home/ephraim/busco_downloads/lineages/lactobacillaceae_odb12/hmms/894at33958.hmm /home/ephraim/busco_isolate_may/prodigal_output/predicted_genes/predicted.faa
2026-05-03 19:13:24 DEBUG:busco.busco_tools.Toolset	cmd call: hmmsearch --domtblout /home/ephraim/busco_isolate_may/run_lactobacillaceae_odb12/hmmer_output/79023at33958.out --cpu 1 /home/ephraim/busco_downloads/lineages/lactobacillaceae_odb12/hmms/79023at33958.hmm /home/ephraim/busco_isolate_may/prodigal_output/predicted_genes/predicted.faa
2026-05-03 19:13:24 DEBUG:busco.busco_tools.Toolset	cmd call: hmmsearch --domtblout /home/ephraim/busco_isolate_may/run_lactobacillaceae_odb12/hmmer_output/76056at33958.out --cpu 1 /home/ephraim/busco_downloads/lineages/lactobacillaceae_odb12/hmms/76056at33958.hmm /home/ephraim/busco_isolate_may/prodigal_output/predicted_genes/predicted.faa
2026-05-03 19:13:24 DEBUG:busco.busco_tools.Toolset	cmd call: hmmsearch --domtblout /home/ephraim/busco_isolate_may/run_lactobacillaceae_odb12/hmmer_output/76341at33958.out --cpu 1 /home/ephraim/busco_downloads/lineages/lactobacillaceae_odb12/hmms/76341at33958.hmm /home/ephraim/busco_isolate_may/prodigal_output/predicted_genes/predicted.faa
2026-05-03 19:13:24 DEBUG:busco.busco_tools.Toolset	cmd call: hmmsearch --domtblout /home/ephraim/busco_isolate_may/run_lactobacillaceae_odb12/hmmer_output/89at33958.out --cpu 1 /home/ephraim/busco_downloads/lineages/lactobacillaceae_odb12/hmms/89at33958.hmm /home/ephraim/busco_isolate_may/prodigal_output/predicted_genes/predicted.faa
2026-05-03 19:13:24 DEBUG:busco.busco_tools.Toolset	cmd call: hmmsearch --domtblout /home/ephraim/busco_isolate_may/run_lactobacillaceae_odb12/hmmer_output/790at33958.out --cpu 1 /home/ephraim/busco_downloads/lineages/lactobacillaceae_odb12/hmms/790at33958.hmm /home/ephraim/busco_isolate_may/prodigal_output/predicted_genes/predicted.faa
2026-05-03 19:13:24 DEBUG:busco.busco_tools.Toolset	cmd call: hmmsearch --domtblout /home/ephraim/busco_isolate_may/run_lactobacillaceae_odb12/hmmer_output/79273at33958.out --cpu 1 /home/ephraim/busco_downloads/lineages/lactobacillaceae_odb12/hmms/79273at33958.hmm /home/ephraim/busco_isolate_may/prodigal_output/predicted_genes/predicted.faa
2026-05-03 19:13:24 DEBUG:busco.busco_tools.Toolset	cmd call: hmmsearch --domtblout /home/ephraim/busco_isolate_may/run_lactobacillaceae_odb12/hmmer_output/900at33958.out --cpu 1 /home/ephraim/busco_downloads/lineages/lactobacillaceae_odb12/hmms/900at33958.hmm /home/ephraim/busco_isolate_may/prodigal_output/predicted_genes/predicted.faa
2026-05-03 19:13:24 DEBUG:busco.busco_tools.Toolset	cmd call: hmmsearch --domtblout /home/ephraim/busco_isolate_may/run_lactobacillaceae_odb12/hmmer_output/795at33958.out --cpu 1 /home/ephraim/busco_downloads/lineages/lactobacillaceae_odb12/hmms/795at33958.hmm /home/ephraim/busco_isolate_may/prodigal_output/predicted_genes/predicted.faa
2026-05-03 19:13:24 DEBUG:busco.busco_tools.Toolset	cmd call: hmmsearch --domtblout /home/ephraim/busco_isolate_may/run_lactobacillaceae_odb12/hmmer_output/905at33958.out --cpu 1 /home/ephraim/busco_downloads/lineages/lactobacillaceae_odb12/hmms/905at33958.hmm /home/ephraim/busco_isolate_may/prodigal_output/predicted_genes/predicted.faa
2026-05-03 19:13:24 DEBUG:busco.busco_tools.Toolset	cmd call: hmmsearch --domtblout /home/ephraim/busco_isolate_may/run_lactobacillaceae_odb12/hmmer_output/911at33958.out --cpu 1 /home/ephraim/busco_downloads/lineages/lactobacillaceae_odb12/hmms/911at33958.hmm /home/ephraim/busco_isolate_may/prodigal_output/predicted_genes/predicted.faa
2026-05-03 19:13:24 DEBUG:busco.busco_tools.Toolset	cmd call: hmmsearch --domtblout /home/ephraim/busco_isolate_may/run_lactobacillaceae_odb12/hmmer_output/76478at33958.out --cpu 1 /home/ephraim/busco_downloads/lineages/lactobacillaceae_odb12/hmms/76478at33958.hmm /home/ephraim/busco_isolate_may/prodigal_output/predicted_genes/predicted.faa
2026-05-03 19:13:24 DEBUG:busco.busco_tools.Toolset	cmd call: hmmsearch --domtblout /home/ephraim/busco_isolate_may/run_lactobacillaceae_odb12/hmmer_output/913at33958.out --cpu 1 /home/ephraim/busco_downloads/lineages/lactobacillaceae_odb12/hmms/913at33958.hmm /home/ephraim/busco_isolate_may/prodigal_output/predicted_genes/predicted.faa
2026-05-03 19:13:24 DEBUG:busco.busco_tools.Toolset	cmd call: hmmsearch --domtblout /home/ephraim/busco_isolate_may/run_lactobacillaceae_odb12/hmmer_output/918at33958.out --cpu 1 /home/ephraim/busco_downloads/lineages/lactobacillaceae_odb12/hmms/918at33958.hmm /home/ephraim/busco_isolate_may/prodigal_output/predicted_genes/predicted.faa
2026-05-03 19:13:24 DEBUG:busco.busco_tools.Toolset	cmd call: hmmsearch --domtblout /home/ephraim/busco_isolate_may/run_lactobacillaceae_odb12/hmmer_output/923at33958.out --cpu 1 /home/ephraim/busco_downloads/lineages/lactobacillaceae_odb12/hmms/923at33958.hmm /home/ephraim/busco_isolate_may/prodigal_output/predicted_genes/predicted.faa
2026-05-03 19:13:24 DEBUG:busco.busco_tools.Toolset	cmd call: hmmsearch --domtblout /home/ephraim/busco_isolate_may/run_lactobacillaceae_odb12/hmmer_output/76714at33958.out --cpu 1 /home/ephraim/busco_downloads/lineages/lactobacillaceae_odb12/hmms/76714at33958.hmm /home/ephraim/busco_isolate_may/prodigal_output/predicted_genes/predicted.faa
2026-05-03 19:13:24 DEBUG:busco.busco_tools.Toolset	cmd call: hmmsearch --domtblout /home/ephraim/busco_isolate_may/run_lactobacillaceae_odb12/hmmer_output/76890at33958.out --cpu 1 /home/ephraim/busco_downloads/lineages/lactobacillaceae_odb12/hmms/76890at33958.hmm /home/ephraim/busco_isolate_may/prodigal_output/predicted_genes/predicted.faa
2026-05-03 19:13:24 DEBUG:busco.busco_tools.Toolset	cmd call: hmmsearch --domtblout /home/ephraim/busco_isolate_may/run_lactobacillaceae_odb12/hmmer_output/77149at33958.out --cpu 1 /home/ephraim/busco_downloads/lineages/lactobacillaceae_odb12/hmms/77149at33958.hmm /home/ephraim/busco_isolate_may/prodigal_output/predicted_genes/predicted.faa
2026-05-03 19:13:24 DEBUG:busco.busco_tools.Toolset	cmd call: hmmsearch --domtblout /home/ephraim/busco_isolate_may/run_lactobacillaceae_odb12/hmmer_output/927at33958.out --cpu 1 /home/ephraim/busco_downloads/lineages/lactobacillaceae_odb12/hmms/927at33958.hmm /home/ephraim/busco_isolate_may/prodigal_output/predicted_genes/predicted.faa
2026-05-03 19:13:24 DEBUG:busco.busco_tools.Toolset	cmd call: hmmsearch --domtblout /home/ephraim/busco_isolate_may/run_lactobacillaceae_odb12/hmmer_output/77206at33958.out --cpu 1 /home/ephraim/busco_downloads/lineages/lactobacillaceae_odb12/hmms/77206at33958.hmm /home/ephraim/busco_isolate_may/prodigal_output/predicted_genes/predicted.faa
2026-05-03 19:13:24 INFO:busco.busco_tools.Toolset	[hmmsearch]	468 of 519 task(s) completed
2026-05-03 19:13:24 DEBUG:busco.busco_tools.Toolset	cmd call: hmmsearch --domtblout /home/ephraim/busco_isolate_may/run_lactobacillaceae_odb12/hmmer_output/928at33958.out --cpu 1 /home/ephraim/busco_downloads/lineages/lactobacillaceae_odb12/hmms/928at33958.hmm /home/ephraim/busco_isolate_may/prodigal_output/predicted_genes/predicted.faa
2026-05-03 19:13:24 DEBUG:busco.busco_tools.Toolset	cmd call: hmmsearch --domtblout /home/ephraim/busco_isolate_may/run_lactobacillaceae_odb12/hmmer_output/79715at33958.out --cpu 1 /home/ephraim/busco_downloads/lineages/lactobacillaceae_odb12/hmms/79715at33958.hmm /home/ephraim/busco_isolate_may/prodigal_output/predicted_genes/predicted.faa
2026-05-03 19:13:24 DEBUG:busco.busco_tools.Toolset	cmd call: hmmsearch --domtblout /home/ephraim/busco_isolate_may/run_lactobacillaceae_odb12/hmmer_output/79727at33958.out --cpu 1 /home/ephraim/busco_downloads/lineages/lactobacillaceae_odb12/hmms/79727at33958.hmm /home/ephraim/busco_isolate_may/prodigal_output/predicted_genes/predicted.faa
2026-05-03 19:13:24 DEBUG:busco.busco_tools.Toolset	cmd call: hmmsearch --domtblout /home/ephraim/busco_isolate_may/run_lactobacillaceae_odb12/hmmer_output/77369at33958.out --cpu 1 /home/ephraim/busco_downloads/lineages/lactobacillaceae_odb12/hmms/77369at33958.hmm /home/ephraim/busco_isolate_may/prodigal_output/predicted_genes/predicted.faa
2026-05-03 19:13:24 DEBUG:busco.busco_tools.Toolset	cmd call: hmmsearch --domtblout /home/ephraim/busco_isolate_may/run_lactobacillaceae_odb12/hmmer_output/77527at33958.out --cpu 1 /home/ephraim/busco_downloads/lineages/lactobacillaceae_odb12/hmms/77527at33958.hmm /home/ephraim/busco_isolate_may/prodigal_output/predicted_genes/predicted.faa
2026-05-03 19:13:24 DEBUG:busco.busco_tools.Toolset	cmd call: hmmsearch --domtblout /home/ephraim/busco_isolate_may/run_lactobacillaceae_odb12/hmmer_output/929at33958.out --cpu 1 /home/ephraim/busco_downloads/lineages/lactobacillaceae_odb12/hmms/929at33958.hmm /home/ephraim/busco_isolate_may/prodigal_output/predicted_genes/predicted.faa
2026-05-03 19:13:24 DEBUG:busco.busco_tools.Toolset	cmd call: hmmsearch --domtblout /home/ephraim/busco_isolate_may/run_lactobacillaceae_odb12/hmmer_output/79789at33958.out --cpu 1 /home/ephraim/busco_downloads/lineages/lactobacillaceae_odb12/hmms/79789at33958.hmm /home/ephraim/busco_isolate_may/prodigal_output/predicted_genes/predicted.faa
2026-05-03 19:13:24 DEBUG:busco.busco_tools.Toolset	cmd call: hmmsearch --domtblout /home/ephraim/busco_isolate_may/run_lactobacillaceae_odb12/hmmer_output/77549at33958.out --cpu 1 /home/ephraim/busco_downloads/lineages/lactobacillaceae_odb12/hmms/77549at33958.hmm /home/ephraim/busco_isolate_may/prodigal_output/predicted_genes/predicted.faa
2026-05-03 19:13:24 DEBUG:busco.busco_tools.Toolset	cmd call: hmmsearch --domtblout /home/ephraim/busco_isolate_may/run_lactobacillaceae_odb12/hmmer_output/933at33958.out --cpu 1 /home/ephraim/busco_downloads/lineages/lactobacillaceae_odb12/hmms/933at33958.hmm /home/ephraim/busco_isolate_may/prodigal_output/predicted_genes/predicted.faa
2026-05-03 19:13:24 DEBUG:busco.busco_tools.Toolset	cmd call: hmmsearch --domtblout /home/ephraim/busco_isolate_may/run_lactobacillaceae_odb12/hmmer_output/798at33958.out --cpu 1 /home/ephraim/busco_downloads/lineages/lactobacillaceae_odb12/hmms/798at33958.hmm /home/ephraim/busco_isolate_may/prodigal_output/predicted_genes/predicted.faa
2026-05-03 19:13:24 DEBUG:busco.busco_tools.Toolset	cmd call: hmmsearch --domtblout /home/ephraim/busco_isolate_may/run_lactobacillaceae_odb12/hmmer_output/79945at33958.out --cpu 1 /home/ephraim/busco_downloads/lineages/lactobacillaceae_odb12/hmms/79945at33958.hmm /home/ephraim/busco_isolate_may/prodigal_output/predicted_genes/predicted.faa
2026-05-03 19:13:24 DEBUG:busco.busco_tools.Toolset	cmd call: hmmsearch --domtblout /home/ephraim/busco_isolate_may/run_lactobacillaceae_odb12/hmmer_output/935at33958.out --cpu 1 /home/ephraim/busco_downloads/lineages/lactobacillaceae_odb12/hmms/935at33958.hmm /home/ephraim/busco_isolate_may/prodigal_output/predicted_genes/predicted.faa
2026-05-03 19:13:24 DEBUG:busco.busco_tools.Toolset	cmd call: hmmsearch --domtblout /home/ephraim/busco_isolate_may/run_lactobacillaceae_odb12/hmmer_output/79953at33958.out --cpu 1 /home/ephraim/busco_downloads/lineages/lactobacillaceae_odb12/hmms/79953at33958.hmm /home/ephraim/busco_isolate_may/prodigal_output/predicted_genes/predicted.faa
2026-05-03 19:13:24 DEBUG:busco.busco_tools.Toolset	cmd call: hmmsearch --domtblout /home/ephraim/busco_isolate_may/run_lactobacillaceae_odb12/hmmer_output/79954at33958.out --cpu 1 /home/ephraim/busco_downloads/lineages/lactobacillaceae_odb12/hmms/79954at33958.hmm /home/ephraim/busco_isolate_may/prodigal_output/predicted_genes/predicted.faa
2026-05-03 19:13:24 DEBUG:busco.busco_tools.Toolset	cmd call: hmmsearch --domtblout /home/ephraim/busco_isolate_may/run_lactobacillaceae_odb12/hmmer_output/940at33958.out --cpu 1 /home/ephraim/busco_downloads/lineages/lactobacillaceae_odb12/hmms/940at33958.hmm /home/ephraim/busco_isolate_may/prodigal_output/predicted_genes/predicted.faa
2026-05-03 19:13:24 DEBUG:busco.busco_tools.Toolset	cmd call: hmmsearch --domtblout /home/ephraim/busco_isolate_may/run_lactobacillaceae_odb12/hmmer_output/947at33958.out --cpu 1 /home/ephraim/busco_downloads/lineages/lactobacillaceae_odb12/hmms/947at33958.hmm /home/ephraim/busco_isolate_may/prodigal_output/predicted_genes/predicted.faa
2026-05-03 19:13:24 DEBUG:busco.busco_tools.Toolset	cmd call: hmmsearch --domtblout /home/ephraim/busco_isolate_may/run_lactobacillaceae_odb12/hmmer_output/800at33958.out --cpu 1 /home/ephraim/busco_downloads/lineages/lactobacillaceae_odb12/hmms/800at33958.hmm /home/ephraim/busco_isolate_may/prodigal_output/predicted_genes/predicted.faa
2026-05-03 19:13:24 DEBUG:busco.busco_tools.Toolset	cmd call: hmmsearch --domtblout /home/ephraim/busco_isolate_may/run_lactobacillaceae_odb12/hmmer_output/801at33958.out --cpu 1 /home/ephraim/busco_downloads/lineages/lactobacillaceae_odb12/hmms/801at33958.hmm /home/ephraim/busco_isolate_may/prodigal_output/predicted_genes/predicted.faa
2026-05-03 19:13:24 DEBUG:busco.busco_tools.Toolset	cmd call: hmmsearch --domtblout /home/ephraim/busco_isolate_may/run_lactobacillaceae_odb12/hmmer_output/808at33958.out --cpu 1 /home/ephraim/busco_downloads/lineages/lactobacillaceae_odb12/hmms/808at33958.hmm /home/ephraim/busco_isolate_may/prodigal_output/predicted_genes/predicted.faa
2026-05-03 19:13:24 DEBUG:busco.busco_tools.Toolset	cmd call: hmmsearch --domtblout /home/ephraim/busco_isolate_may/run_lactobacillaceae_odb12/hmmer_output/80917at33958.out --cpu 1 /home/ephraim/busco_downloads/lineages/lactobacillaceae_odb12/hmms/80917at33958.hmm /home/ephraim/busco_isolate_may/prodigal_output/predicted_genes/predicted.faa
2026-05-03 19:13:24 DEBUG:busco.busco_tools.Toolset	cmd call: hmmsearch --domtblout /home/ephraim/busco_isolate_may/run_lactobacillaceae_odb12/hmmer_output/950at33958.out --cpu 1 /home/ephraim/busco_downloads/lineages/lactobacillaceae_odb12/hmms/950at33958.hmm /home/ephraim/busco_isolate_may/prodigal_output/predicted_genes/predicted.faa
2026-05-03 19:13:24 DEBUG:busco.busco_tools.Toolset	cmd call: hmmsearch --domtblout /home/ephraim/busco_isolate_may/run_lactobacillaceae_odb12/hmmer_output/80960at33958.out --cpu 1 /home/ephraim/busco_downloads/lineages/lactobacillaceae_odb12/hmms/80960at33958.hmm /home/ephraim/busco_isolate_may/prodigal_output/predicted_genes/predicted.faa
2026-05-03 19:13:24 DEBUG:busco.busco_tools.Toolset	cmd call: hmmsearch --domtblout /home/ephraim/busco_isolate_may/run_lactobacillaceae_odb12/hmmer_output/959at33958.out --cpu 1 /home/ephraim/busco_downloads/lineages/lactobacillaceae_odb12/hmms/959at33958.hmm /home/ephraim/busco_isolate_may/prodigal_output/predicted_genes/predicted.faa
2026-05-03 19:13:24 DEBUG:busco.busco_tools.Toolset	cmd call: hmmsearch --domtblout /home/ephraim/busco_isolate_may/run_lactobacillaceae_odb12/hmmer_output/969at33958.out --cpu 1 /home/ephraim/busco_downloads/lineages/lactobacillaceae_odb12/hmms/969at33958.hmm /home/ephraim/busco_isolate_may/prodigal_output/predicted_genes/predicted.faa
2026-05-03 19:13:24 DEBUG:busco.busco_tools.Toolset	cmd call: hmmsearch --domtblout /home/ephraim/busco_isolate_may/run_lactobacillaceae_odb12/hmmer_output/81142at33958.out --cpu 1 /home/ephraim/busco_downloads/lineages/lactobacillaceae_odb12/hmms/81142at33958.hmm /home/ephraim/busco_isolate_may/prodigal_output/predicted_genes/predicted.faa
2026-05-03 19:13:24 DEBUG:busco.busco_tools.Toolset	cmd call: hmmsearch --domtblout /home/ephraim/busco_isolate_may/run_lactobacillaceae_odb12/hmmer_output/982at33958.out --cpu 1 /home/ephraim/busco_downloads/lineages/lactobacillaceae_odb12/hmms/982at33958.hmm /home/ephraim/busco_isolate_may/prodigal_output/predicted_genes/predicted.faa
2026-05-03 19:13:24 DEBUG:busco.busco_tools.Toolset	cmd call: hmmsearch --domtblout /home/ephraim/busco_isolate_may/run_lactobacillaceae_odb12/hmmer_output/81288at33958.out --cpu 1 /home/ephraim/busco_downloads/lineages/lactobacillaceae_odb12/hmms/81288at33958.hmm /home/ephraim/busco_isolate_may/prodigal_output/predicted_genes/predicted.faa
2026-05-03 19:13:25 DEBUG:busco.busco_tools.Toolset	cmd call: hmmsearch --domtblout /home/ephraim/busco_isolate_may/run_lactobacillaceae_odb12/hmmer_output/81386at33958.out --cpu 1 /home/ephraim/busco_downloads/lineages/lactobacillaceae_odb12/hmms/81386at33958.hmm /home/ephraim/busco_isolate_may/prodigal_output/predicted_genes/predicted.faa
2026-05-03 19:13:25 DEBUG:busco.busco_tools.Toolset	cmd call: hmmsearch --domtblout /home/ephraim/busco_isolate_may/run_lactobacillaceae_odb12/hmmer_output/983at33958.out --cpu 1 /home/ephraim/busco_downloads/lineages/lactobacillaceae_odb12/hmms/983at33958.hmm /home/ephraim/busco_isolate_may/prodigal_output/predicted_genes/predicted.faa
2026-05-03 19:13:25 DEBUG:busco.busco_tools.Toolset	cmd call: hmmsearch --domtblout /home/ephraim/busco_isolate_may/run_lactobacillaceae_odb12/hmmer_output/81398at33958.out --cpu 1 /home/ephraim/busco_downloads/lineages/lactobacillaceae_odb12/hmms/81398at33958.hmm /home/ephraim/busco_isolate_may/prodigal_output/predicted_genes/predicted.faa
2026-05-03 19:13:25 DEBUG:busco.busco_tools.Toolset	cmd call: hmmsearch --domtblout /home/ephraim/busco_isolate_may/run_lactobacillaceae_odb12/hmmer_output/992at33958.out --cpu 1 /home/ephraim/busco_downloads/lineages/lactobacillaceae_odb12/hmms/992at33958.hmm /home/ephraim/busco_isolate_may/prodigal_output/predicted_genes/predicted.faa
2026-05-03 19:13:25 DEBUG:busco.busco_tools.Toolset	cmd call: hmmsearch --domtblout /home/ephraim/busco_isolate_may/run_lactobacillaceae_odb12/hmmer_output/81582at33958.out --cpu 1 /home/ephraim/busco_downloads/lineages/lactobacillaceae_odb12/hmms/81582at33958.hmm /home/ephraim/busco_isolate_may/prodigal_output/predicted_genes/predicted.faa
2026-05-03 19:13:25 DEBUG:busco.busco_tools.Toolset	cmd call: hmmsearch --domtblout /home/ephraim/busco_isolate_may/run_lactobacillaceae_odb12/hmmer_output/81618at33958.out --cpu 1 /home/ephraim/busco_downloads/lineages/lactobacillaceae_odb12/hmms/81618at33958.hmm /home/ephraim/busco_isolate_may/prodigal_output/predicted_genes/predicted.faa
2026-05-03 19:13:25 DEBUG:busco.busco_tools.Toolset	cmd call: hmmsearch --domtblout /home/ephraim/busco_isolate_may/run_lactobacillaceae_odb12/hmmer_output/993at33958.out --cpu 1 /home/ephraim/busco_downloads/lineages/lactobacillaceae_odb12/hmms/993at33958.hmm /home/ephraim/busco_isolate_may/prodigal_output/predicted_genes/predicted.faa
2026-05-03 19:13:25 DEBUG:busco.busco_tools.Toolset	cmd call: hmmsearch --domtblout /home/ephraim/busco_isolate_may/run_lactobacillaceae_odb12/hmmer_output/81757at33958.out --cpu 1 /home/ephraim/busco_downloads/lineages/lactobacillaceae_odb12/hmms/81757at33958.hmm /home/ephraim/busco_isolate_may/prodigal_output/predicted_genes/predicted.faa
2026-05-03 19:13:25 DEBUG:busco.busco_tools.Toolset	cmd call: hmmsearch --domtblout /home/ephraim/busco_isolate_may/run_lactobacillaceae_odb12/hmmer_output/997at33958.out --cpu 1 /home/ephraim/busco_downloads/lineages/lactobacillaceae_odb12/hmms/997at33958.hmm /home/ephraim/busco_isolate_may/prodigal_output/predicted_genes/predicted.faa
2026-05-03 19:13:25 DEBUG:busco.busco_tools.Toolset	cmd call: hmmsearch --domtblout /home/ephraim/busco_isolate_may/run_lactobacillaceae_odb12/hmmer_output/81760at33958.out --cpu 1 /home/ephraim/busco_downloads/lineages/lactobacillaceae_odb12/hmms/81760at33958.hmm /home/ephraim/busco_isolate_may/prodigal_output/predicted_genes/predicted.faa
2026-05-03 19:13:25 DEBUG:busco.busco_tools.Toolset	cmd call: hmmsearch --domtblout /home/ephraim/busco_isolate_may/run_lactobacillaceae_odb12/hmmer_output/9at33958.out --cpu 1 /home/ephraim/busco_downloads/lineages/lactobacillaceae_odb12/hmms/9at33958.hmm /home/ephraim/busco_isolate_may/prodigal_output/predicted_genes/predicted.faa
2026-05-03 19:13:25 DEBUG:busco.busco_tools.Toolset	cmd call: hmmsearch --domtblout /home/ephraim/busco_isolate_may/run_lactobacillaceae_odb12/hmmer_output/81918at33958.out --cpu 1 /home/ephraim/busco_downloads/lineages/lactobacillaceae_odb12/hmms/81918at33958.hmm /home/ephraim/busco_isolate_may/prodigal_output/predicted_genes/predicted.faa
2026-05-03 19:13:25 DEBUG:busco.busco_tools.Toolset	cmd call: hmmsearch --domtblout /home/ephraim/busco_isolate_may/run_lactobacillaceae_odb12/hmmer_output/819at33958.out --cpu 1 /home/ephraim/busco_downloads/lineages/lactobacillaceae_odb12/hmms/819at33958.hmm /home/ephraim/busco_isolate_may/prodigal_output/predicted_genes/predicted.faa
2026-05-03 19:13:25 DEBUG:busco.busco_tools.Toolset	cmd call: hmmsearch --domtblout /home/ephraim/busco_isolate_may/run_lactobacillaceae_odb12/hmmer_output/82050at33958.out --cpu 1 /home/ephraim/busco_downloads/lineages/lactobacillaceae_odb12/hmms/82050at33958.hmm /home/ephraim/busco_isolate_may/prodigal_output/predicted_genes/predicted.faa
2026-05-03 19:13:25 DEBUG:busco.busco_tools.Toolset	cmd call: hmmsearch --domtblout /home/ephraim/busco_isolate_may/run_lactobacillaceae_odb12/hmmer_output/821at33958.out --cpu 1 /home/ephraim/busco_downloads/lineages/lactobacillaceae_odb12/hmms/821at33958.hmm /home/ephraim/busco_isolate_may/prodigal_output/predicted_genes/predicted.faa
2026-05-03 19:13:25 DEBUG:busco.busco_tools.Toolset	cmd call: hmmsearch --domtblout /home/ephraim/busco_isolate_may/run_lactobacillaceae_odb12/hmmer_output/82430at33958.out --cpu 1 /home/ephraim/busco_downloads/lineages/lactobacillaceae_odb12/hmms/82430at33958.hmm /home/ephraim/busco_isolate_may/prodigal_output/predicted_genes/predicted.faa
2026-05-03 19:13:25 DEBUG:busco.busco_tools.Toolset	cmd call: hmmsearch --domtblout /home/ephraim/busco_isolate_may/run_lactobacillaceae_odb12/hmmer_output/82817at33958.out --cpu 1 /home/ephraim/busco_downloads/lineages/lactobacillaceae_odb12/hmms/82817at33958.hmm /home/ephraim/busco_isolate_may/prodigal_output/predicted_genes/predicted.faa
2026-05-03 19:13:25 DEBUG:busco.busco_tools.Toolset	cmd call: hmmsearch --domtblout /home/ephraim/busco_isolate_may/run_lactobacillaceae_odb12/hmmer_output/833at33958.out --cpu 1 /home/ephraim/busco_downloads/lineages/lactobacillaceae_odb12/hmms/833at33958.hmm /home/ephraim/busco_isolate_may/prodigal_output/predicted_genes/predicted.faa
2026-05-03 19:13:25 DEBUG:busco.busco_tools.Toolset	cmd call: hmmsearch --domtblout /home/ephraim/busco_isolate_may/run_lactobacillaceae_odb12/hmmer_output/840at33958.out --cpu 1 /home/ephraim/busco_downloads/lineages/lactobacillaceae_odb12/hmms/840at33958.hmm /home/ephraim/busco_isolate_may/prodigal_output/predicted_genes/predicted.faa
2026-05-03 19:13:25 DEBUG:busco.busco_tools.Toolset	cmd call: hmmsearch --domtblout /home/ephraim/busco_isolate_may/run_lactobacillaceae_odb12/hmmer_output/841at33958.out --cpu 1 /home/ephraim/busco_downloads/lineages/lactobacillaceae_odb12/hmms/841at33958.hmm /home/ephraim/busco_isolate_may/prodigal_output/predicted_genes/predicted.faa
2026-05-03 19:13:25 DEBUG:busco.busco_tools.Toolset	cmd call: hmmsearch --domtblout /home/ephraim/busco_isolate_may/run_lactobacillaceae_odb12/hmmer_output/84at33958.out --cpu 1 /home/ephraim/busco_downloads/lineages/lactobacillaceae_odb12/hmms/84at33958.hmm /home/ephraim/busco_isolate_may/prodigal_output/predicted_genes/predicted.faa
2026-05-03 19:13:25 DEBUG:busco.busco_tools.Toolset	cmd call: hmmsearch --domtblout /home/ephraim/busco_isolate_may/run_lactobacillaceae_odb12/hmmer_output/850at33958.out --cpu 1 /home/ephraim/busco_downloads/lineages/lactobacillaceae_odb12/hmms/850at33958.hmm /home/ephraim/busco_isolate_may/prodigal_output/predicted_genes/predicted.faa
2026-05-03 19:13:25 INFO:busco.busco_tools.Toolset	[hmmsearch]	519 of 519 task(s) completed
2026-05-03 19:13:25 INFO:busco.busco_tools.hmmer	Results:	C:99.0%[S:97.9%,D:1.2%],F:0.0%,M:1.0%,n:519	   

2026-05-03 19:13:26 INFO:busco.BuscoRunner	

    ---------------------------------------------------
    |Results from dataset lactobacillaceae_odb12       |
    ---------------------------------------------------
    |C:99.0%[S:97.9%,D:1.2%],F:0.0%,M:1.0%,n:519       |
    |514    Complete BUSCOs (C)                        |
    |508    Complete and single-copy BUSCOs (S)        |
    |6    Complete and duplicated BUSCOs (D)           |
    |0    Fragmented BUSCOs (F)                        |
    |5    Missing BUSCOs (M)                           |
    |519    Total BUSCO groups searched                |
    ---------------------------------------------------
2026-05-03 19:13:26 INFO:busco.BuscoRunner	BUSCO analysis done. Total running time: 16 seconds
2026-05-03 19:13:26 INFO:busco.BuscoRunner	Results written in /home/ephraim/busco_isolate_may
2026-05-03 19:13:26 INFO:busco.BuscoRunner	For assistance with interpreting the results, please consult the userguide: https://busco.ezlab.org/busco_userguide.html

2026-05-03 19:13:26 INFO:busco.BuscoRunner	Visit this page https://gitlab.com/ezlab/busco#how-to-cite-busco to see how to cite BUSCO
2026-05-03 19:13:26 INFO:busco.run_BUSCO	Thank you for using BUSCO! Anonymous usage data is gathered to improve the tool. You may opt out with --opt-out-run-stats.
2026-05-03 19:13:26 DEBUG:urllib3.connectionpool	Starting new HTTPS connection (1): ipinfo.io:443
2026-05-03 19:13:26 DEBUG:urllib3.connectionpool	Starting new HTTPS connection (1): ipinfo.io:443
2026-05-03 19:13:26 DEBUG:urllib3.connectionpool	https://ipinfo.io:443 "GET /127.0.1.1/json HTTP/1.1" 200 None
2026-05-03 19:13:26 DEBUG:urllib3.connectionpool	https://ipinfo.io:443 "GET /127.0.1.1/json HTTP/1.1" 200 None
2026-05-03 19:13:26 DEBUG:urllib3.connectionpool	Starting new HTTPS connection (1): busco-data.ezlab.org:443
2026-05-03 19:13:26 DEBUG:urllib3.connectionpool	Starting new HTTPS connection (1): busco-data.ezlab.org:443
2026-05-03 19:13:27 DEBUG:urllib3.connectionpool	https://busco-data.ezlab.org:443 "POST /uploaddb HTTP/1.1" 200 64
2026-05-03 19:13:27 DEBUG:urllib3.connectionpool	https://busco-data.ezlab.org:443 "POST /uploaddb HTTP/1.1" 200 64
2026-05-03 19:13:27 DEBUG:busco.run_BUSCO	Data uploaded successfully.
