##gff-version  3
# Sequence Data: seqnum=1;seqlen=651596;seqhdr="NODE_1_length_651596_cov_115.359902"
# Model Data: version=Prodigal.v2.6.3;run_type=Single;model="Ab initio";gc_cont=46.10;transl_table=11;uses_sd=1
NODE_1_length_651596_cov_115.359902	Prodigal_v2.6.3	CDS	686	1426	70.3	+	0	ID=1_1;partial=00;start_type=ATG;rbs_motif=AGGA/GGAG/GAGG;rbs_spacer=11-12bp;gc_cont=0.495;conf=100.00;score=70.28;cscore=56.74;sscore=13.54;rscore=5.64;uscore=3.97;tscore=3.92;
NODE_1_length_651596_cov_115.359902	Prodigal_v2.6.3	CDS	1587	3134	213.8	-	0	ID=1_2;partial=00;start_type=ATG;rbs_motif=AGGAG;rbs_spacer=5-10bp;gc_cont=0.457;conf=99.99;score=213.75;cscore=194.20;sscore=19.55;rscore=15.31;uscore=0.97;tscore=3.92;
NODE_1_length_651596_cov_115.359902	Prodigal_v2.6.3	CDS	3513	4451	131.0	+	0	ID=1_3;partial=00;start_type=ATG;rbs_motif=AGxAGG/AGGxGG;rbs_spacer=5-10bp;gc_cont=0.489;conf=100.00;score=130.99;cscore=113.25;sscore=17.74;rscore=11.15;uscore=2.67;tscore=3.92;
NODE_1_length_651596_cov_115.359902	Prodigal_v2.6.3	CDS	4529	5128	40.0	+	0	ID=1_4;partial=00;start_type=GTG;rbs_motif=GGA/GAG/AGG;rbs_spacer=5-10bp;gc_cont=0.430;conf=99.99;score=39.97;cscore=47.38;sscore=-7.41;rscore=-1.95;uscore=-1.09;tscore=-4.36;
NODE_1_length_651596_cov_115.359902	Prodigal_v2.6.3	CDS	5414	5746	51.1	-	0	ID=1_5;partial=00;start_type=ATG;rbs_motif=GGAG/GAGG;rbs_spacer=5-10bp;gc_cont=0.468;conf=100.00;score=51.13;cscore=35.42;sscore=15.71;rscore=10.35;uscore=1.43;tscore=3.92;
NODE_1_length_651596_cov_115.359902	Prodigal_v2.6.3	CDS	5855	6598	72.3	-	0	ID=1_6;partial=00;start_type=TTG;rbs_motif=GGAGG;rbs_spacer=5-10bp;gc_cont=0.449;conf=100.00;score=72.27;cscore=61.60;sscore=10.68;rscore=16.07;uscore=1.03;tscore=-7.50;
NODE_1_length_651596_cov_115.359902	Prodigal_v2.6.3	CDS	6617	7399	105.6	-	0	ID=1_7;partial=00;start_type=ATG;rbs_motif=AGGAGG;rbs_spacer=5-10bp;gc_cont=0.476;conf=100.00;score=105.65;cscore=84.67;sscore=20.98;rscore=16.65;uscore=0.40;tscore=3.92;
NODE_1_length_651596_cov_115.359902	Prodigal_v2.6.3	CDS	7484	8242	87.8	-	0	ID=1_8;partial=00;start_type=GTG;rbs_motif=AGGAGG;rbs_spacer=5-10bp;gc_cont=0.470;conf=100.00;score=87.77;cscore=74.15;sscore=13.61;rscore=16.65;uscore=1.98;tscore=-4.36;
NODE_1_length_651596_cov_115.359902	Prodigal_v2.6.3	CDS	8687	9373	66.2	+	0	ID=1_9;partial=00;start_type=ATG;rbs_motif=None;rbs_spacer=None;gc_cont=0.475;conf=100.00;score=66.15;cscore=80.59;sscore=-14.44;rscore=-15.61;uscore=-2.76;tscore=3.92;
NODE_1_length_651596_cov_115.359902	Prodigal_v2.6.3	CDS	10116	11495	146.6	+	0	ID=1_10;partial=00;start_type=ATG;rbs_motif=GGAGG;rbs_spacer=5-10bp;gc_cont=0.483;conf=100.00;score=146.59;cscore=126.74;sscore=19.85;rscore=16.07;uscore=0.51;tscore=3.92;
NODE_1_length_651596_cov_115.359902	Prodigal_v2.6.3	CDS	11646	12740	133.6	-	0	ID=1_11;partial=00;start_type=ATG;rbs_motif=GGAG/GAGG;rbs_spacer=5-10bp;gc_cont=0.448;conf=100.00;score=133.55;cscore=119.03;sscore=14.52;rscore=10.35;uscore=0.90;tscore=3.92;
NODE_1_length_651596_cov_115.359902	Prodigal_v2.6.3	CDS	12869	14668	245.9	+	0	ID=1_12;partial=00;start_type=ATG;rbs_motif=GGAG/GAGG;rbs_spacer=5-10bp;gc_cont=0.468;conf=99.99;score=245.89;cscore=226.04;sscore=19.85;rscore=10.35;uscore=5.57;tscore=3.92;
NODE_1_length_651596_cov_115.359902	Prodigal_v2.6.3	CDS	14665	15546	114.0	+	0	ID=1_13;partial=00;start_type=ATG;rbs_motif=None;rbs_spacer=None;gc_cont=0.509;conf=100.00;score=113.96;cscore=106.73;sscore=7.23;rscore=-15.61;uscore=2.01;tscore=3.92;
NODE_1_length_651596_cov_115.359902	Prodigal_v2.6.3	CDS	15543	16391	102.4	+	0	ID=1_14;partial=00;start_type=ATG;rbs_motif=AGxAGG/AGGxGG;rbs_spacer=5-10bp;gc_cont=0.484;conf=100.00;score=102.43;cscore=86.06;sscore=16.37;rscore=11.15;uscore=-1.67;tscore=3.92;
NODE_1_length_651596_cov_115.359902	Prodigal_v2.6.3	CDS	16463	17260	76.3	-	0	ID=1_15;partial=00;start_type=ATG;rbs_motif=None;rbs_spacer=None;gc_cont=0.462;conf=100.00;score=76.31;cscore=71.09;sscore=5.22;rscore=-15.61;uscore=-0.17;tscore=3.92;
NODE_1_length_651596_cov_115.359902	Prodigal_v2.6.3	CDS	17257	17976	99.7	-	0	ID=1_16;partial=00;start_type=ATG;rbs_motif=GGAGG;rbs_spacer=5-10bp;gc_cont=0.474;conf=100.00;score=99.66;cscore=81.12;sscore=18.54;rscore=16.07;uscore=-1.45;tscore=3.92;
NODE_1_length_651596_cov_115.359902	Prodigal_v2.6.3	CDS	18050	18394	56.3	-	0	ID=1_17;partial=00;start_type=ATG;rbs_motif=AGGA/GGAG/GAGG;rbs_spacer=11-12bp;gc_cont=0.435;conf=100.00;score=56.28;cscore=45.36;sscore=10.92;rscore=5.64;uscore=2.00;tscore=3.92;
NODE_1_length_651596_cov_115.359902	Prodigal_v2.6.3	CDS	18643	19995	167.9	-	0	ID=1_18;partial=00;start_type=ATG;rbs_motif=AGxAGG/AGGxGG;rbs_spacer=5-10bp;gc_cont=0.490;conf=100.00;score=167.92;cscore=151.55;sscore=16.37;rscore=11.15;uscore=1.95;tscore=3.92;
NODE_1_length_651596_cov_115.359902	Prodigal_v2.6.3	CDS	20180	21748	220.9	-	0	ID=1_19;partial=00;start_type=ATG;rbs_motif=AGGAG;rbs_spacer=5-10bp;gc_cont=0.490;conf=99.99;score=220.88;cscore=197.62;sscore=23.26;rscore=15.31;uscore=4.03;tscore=3.92;
NODE_1_length_651596_cov_115.359902	Prodigal_v2.6.3	CDS	21818	22723	134.1	-	0	ID=1_20;partial=00;start_type=ATG;rbs_motif=AGGAGG;rbs_spacer=5-10bp;gc_cont=0.499;conf=100.00;score=134.08;cscore=112.75;sscore=21.33;rscore=16.65;uscore=1.40;tscore=3.92;
NODE_1_length_651596_cov_115.359902	Prodigal_v2.6.3	CDS	23026	23868	108.5	+	0	ID=1_21;partial=00;start_type=ATG;rbs_motif=AGGAGG;rbs_spacer=5-10bp;gc_cont=0.485;conf=100.00;score=108.51;cscore=89.80;sscore=18.70;rscore=16.65;uscore=-1.88;tscore=3.92;
NODE_1_length_651596_cov_115.359902	Prodigal_v2.6.3	CDS	24085	24474	56.4	-	0	ID=1_22;partial=00;start_type=ATG;rbs_motif=AGGAG;rbs_spacer=5-10bp;gc_cont=0.415;conf=100.00;score=56.40;cscore=33.72;sscore=22.68;rscore=15.31;uscore=2.58;tscore=3.92;
NODE_1_length_651596_cov_115.359902	Prodigal_v2.6.3	CDS	24512	25384	112.4	-	0	ID=1_23;partial=00;start_type=ATG;rbs_motif=AGGA;rbs_spacer=5-10bp;gc_cont=0.458;conf=100.00;score=112.37;cscore=98.48;sscore=13.89;rscore=7.02;uscore=1.91;tscore=3.92;
NODE_1_length_651596_cov_115.359902	Prodigal_v2.6.3	CDS	25407	26303	106.7	-	0	ID=1_24;partial=00;start_type=GTG;rbs_motif=GGA/GAG/AGG;rbs_spacer=5-10bp;gc_cont=0.429;conf=100.00;score=106.68;cscore=108.42;sscore=-1.74;rscore=-1.95;uscore=3.32;tscore=-4.36;
NODE_1_length_651596_cov_115.359902	Prodigal_v2.6.3	CDS	26305	27357	160.1	-	0	ID=1_25;partial=00;start_type=ATG;rbs_motif=AGGA/GGAG/GAGG;rbs_spacer=11-12bp;gc_cont=0.457;conf=100.00;score=160.05;cscore=145.44;sscore=14.62;rscore=5.64;uscore=4.18;tscore=3.92;
NODE_1_length_651596_cov_115.359902	Prodigal_v2.6.3	CDS	27395	28435	160.0	-	0	ID=1_26;partial=00;start_type=ATG;rbs_motif=AGGAG;rbs_spacer=5-10bp;gc_cont=0.449;conf=100.00;score=160.02;cscore=134.88;sscore=25.14;rscore=15.31;uscore=4.78;tscore=3.92;
NODE_1_length_651596_cov_115.359902	Prodigal_v2.6.3	CDS	28449	30404	257.1	-	0	ID=1_27;partial=00;start_type=ATG;rbs_motif=AGGAGG;rbs_spacer=5-10bp;gc_cont=0.452;conf=99.99;score=257.11;cscore=235.16;sscore=21.96;rscore=16.65;uscore=0.09;tscore=3.92;
NODE_1_length_651596_cov_115.359902	Prodigal_v2.6.3	CDS	30401	31381	132.0	-	0	ID=1_28;partial=00;start_type=ATG;rbs_motif=AGGAGG;rbs_spacer=5-10bp;gc_cont=0.426;conf=100.00;score=132.02;cscore=107.04;sscore=24.99;rscore=16.65;uscore=3.53;tscore=3.92;
NODE_1_length_651596_cov_115.359902	Prodigal_v2.6.3	CDS	31418	32233	100.4	-	0	ID=1_29;partial=00;start_type=ATG;rbs_motif=AGxAGG/AGGxGG;rbs_spacer=5-10bp;gc_cont=0.446;conf=100.00;score=100.43;cscore=82.75;sscore=17.69;rscore=11.15;uscore=1.82;tscore=3.92;
NODE_1_length_651596_cov_115.359902	Prodigal_v2.6.3	CDS	32278	33756	183.3	-	0	ID=1_30;partial=00;start_type=ATG;rbs_motif=GGAG/GAGG;rbs_spacer=5-10bp;gc_cont=0.448;conf=99.99;score=183.34;cscore=167.58;sscore=15.76;rscore=10.35;uscore=1.48;tscore=3.92;
NODE_1_length_651596_cov_115.359902	Prodigal_v2.6.3	CDS	33833	35323	161.7	-	0	ID=1_31;partial=00;start_type=ATG;rbs_motif=GGAGG;rbs_spacer=5-10bp;gc_cont=0.443;conf=100.00;score=161.71;cscore=142.63;sscore=19.08;rscore=16.07;uscore=-0.26;tscore=3.92;
NODE_1_length_651596_cov_115.359902	Prodigal_v2.6.3	CDS	35867	36673	87.3	+	0	ID=1_32;partial=00;start_type=ATG;rbs_motif=GGA/GAG/AGG;rbs_spacer=5-10bp;gc_cont=0.403;conf=100.00;score=87.28;cscore=81.79;sscore=5.49;rscore=-1.95;uscore=3.52;tscore=3.92;
NODE_1_length_651596_cov_115.359902	Prodigal_v2.6.3	CDS	36860	37720	111.4	-	0	ID=1_33;partial=00;start_type=TTG;rbs_motif=AGGAG;rbs_spacer=5-10bp;gc_cont=0.459;conf=100.00;score=111.40;cscore=101.77;sscore=9.63;rscore=15.31;uscore=2.47;tscore=-7.50;
NODE_1_length_651596_cov_115.359902	Prodigal_v2.6.3	CDS	37917	38669	96.9	-	0	ID=1_34;partial=00;start_type=ATG;rbs_motif=GGA/GAG/AGG;rbs_spacer=5-10bp;gc_cont=0.456;conf=100.00;score=96.95;cscore=94.47;sscore=2.47;rscore=-1.95;uscore=-0.71;tscore=3.92;
NODE_1_length_651596_cov_115.359902	Prodigal_v2.6.3	CDS	38675	40228	210.2	-	0	ID=1_35;partial=00;start_type=ATG;rbs_motif=AGGAG;rbs_spacer=5-10bp;gc_cont=0.465;conf=99.99;score=210.24;cscore=186.88;sscore=23.37;rscore=15.31;uscore=4.14;tscore=3.92;
NODE_1_length_651596_cov_115.359902	Prodigal_v2.6.3	CDS	40370	40837	71.8	-	0	ID=1_36;partial=00;start_type=ATG;rbs_motif=AGxAGG/AGGxGG;rbs_spacer=5-10bp;gc_cont=0.515;conf=100.00;score=71.77;cscore=52.39;sscore=19.38;rscore=11.15;uscore=4.31;tscore=3.92;
NODE_1_length_651596_cov_115.359902	Prodigal_v2.6.3	CDS	40969	42279	169.0	-	0	ID=1_37;partial=00;start_type=ATG;rbs_motif=AGxAGG/AGGxGG;rbs_spacer=5-10bp;gc_cont=0.458;conf=100.00;score=168.95;cscore=148.75;sscore=20.21;rscore=11.15;uscore=3.84;tscore=3.92;
NODE_1_length_651596_cov_115.359902	Prodigal_v2.6.3	CDS	42276	43466	157.8	-	0	ID=1_38;partial=00;start_type=ATG;rbs_motif=GGAG/GAGG;rbs_spacer=5-10bp;gc_cont=0.446;conf=100.00;score=157.80;cscore=142.47;sscore=15.33;rscore=10.35;uscore=-0.17;tscore=3.92;
NODE_1_length_651596_cov_115.359902	Prodigal_v2.6.3	CDS	43472	44158	110.4	-	0	ID=1_39;partial=00;start_type=ATG;rbs_motif=GGAG/GAGG;rbs_spacer=5-10bp;gc_cont=0.444;conf=100.00;score=110.39;cscore=95.99;sscore=14.40;rscore=10.35;uscore=0.77;tscore=3.92;
NODE_1_length_651596_cov_115.359902	Prodigal_v2.6.3	CDS	44313	44993	40.9	+	0	ID=1_40;partial=00;start_type=TTG;rbs_motif=AGxAGG/AGGxGG;rbs_spacer=5-10bp;gc_cont=0.468;conf=99.99;score=40.88;cscore=37.41;sscore=3.47;rscore=11.15;uscore=-0.18;tscore=-7.50;
NODE_1_length_651596_cov_115.359902	Prodigal_v2.6.3	CDS	45075	46562	239.9	-	0	ID=1_41;partial=00;start_type=ATG;rbs_motif=GGAG/GAGG;rbs_spacer=5-10bp;gc_cont=0.506;conf=99.99;score=239.86;cscore=221.25;sscore=18.60;rscore=10.35;uscore=4.98;tscore=3.92;
NODE_1_length_651596_cov_115.359902	Prodigal_v2.6.3	CDS	46939	47760	107.2	-	0	ID=1_42;partial=00;start_type=ATG;rbs_motif=AGGAG;rbs_spacer=5-10bp;gc_cont=0.477;conf=100.00;score=107.17;cscore=85.32;sscore=21.85;rscore=15.31;uscore=1.69;tscore=3.92;
NODE_1_length_651596_cov_115.359902	Prodigal_v2.6.3	CDS	47792	48814	165.2	-	0	ID=1_43;partial=00;start_type=ATG;rbs_motif=AGxAGG/AGGxGG;rbs_spacer=5-10bp;gc_cont=0.462;conf=100.00;score=165.23;cscore=150.58;sscore=14.66;rscore=11.15;uscore=-0.42;tscore=3.92;
NODE_1_length_651596_cov_115.359902	Prodigal_v2.6.3	CDS	48930	49112	17.3	-	0	ID=1_44;partial=00;start_type=ATG;rbs_motif=GGAGG;rbs_spacer=5-10bp;gc_cont=0.415;conf=98.18;score=17.34;cscore=3.09;sscore=14.25;rscore=11.57;uscore=-0.14;tscore=2.83;
NODE_1_length_651596_cov_115.359902	Prodigal_v2.6.3	CDS	49277	50149	125.6	-	0	ID=1_45;partial=00;start_type=ATG;rbs_motif=AGGAGG;rbs_spacer=11-12bp;gc_cont=0.474;conf=100.00;score=125.57;cscore=103.61;sscore=21.96;rscore=14.31;uscore=2.51;tscore=3.92;
NODE_1_length_651596_cov_115.359902	Prodigal_v2.6.3	CDS	50139	50906	118.6	-	0	ID=1_46;partial=00;start_type=ATG;rbs_motif=AGGAGG;rbs_spacer=5-10bp;gc_cont=0.493;conf=100.00;score=118.61;cscore=93.20;sscore=25.42;rscore=16.65;uscore=3.66;tscore=3.92;
NODE_1_length_651596_cov_115.359902	Prodigal_v2.6.3	CDS	50916	51746	100.2	-	0	ID=1_47;partial=00;start_type=GTG;rbs_motif=GGAGG;rbs_spacer=5-10bp;gc_cont=0.481;conf=100.00;score=100.15;cscore=87.41;sscore=12.74;rscore=16.07;uscore=-0.20;tscore=-4.36;
NODE_1_length_651596_cov_115.359902	Prodigal_v2.6.3	CDS	51750	52481	89.5	-	0	ID=1_48;partial=00;start_type=ATG;rbs_motif=GGAGG;rbs_spacer=5-10bp;gc_cont=0.495;conf=100.00;score=89.47;cscore=68.08;sscore=21.40;rscore=16.07;uscore=2.05;tscore=3.92;
NODE_1_length_651596_cov_115.359902	Prodigal_v2.6.3	CDS	52793	53173	66.5	+	0	ID=1_49;partial=00;start_type=ATG;rbs_motif=GGAG/GAGG;rbs_spacer=5-10bp;gc_cont=0.404;conf=100.00;score=66.52;cscore=51.34;sscore=15.18;rscore=10.35;uscore=0.91;tscore=3.92;
NODE_1_length_651596_cov_115.359902	Prodigal_v2.6.3	CDS	53306	53977	106.6	+	0	ID=1_50;partial=00;start_type=ATG;rbs_motif=GGAGG;rbs_spacer=5-10bp;gc_cont=0.442;conf=100.00;score=106.65;cscore=85.91;sscore=20.74;rscore=16.07;uscore=0.75;tscore=3.92;
NODE_1_length_651596_cov_115.359902	Prodigal_v2.6.3	CDS	54057	54677	94.0	-	0	ID=1_51;partial=00;start_type=ATG;rbs_motif=GGAG/GAGG;rbs_spacer=5-10bp;gc_cont=0.486;conf=100.00;score=94.04;cscore=77.87;sscore=16.17;rscore=10.35;uscore=1.89;tscore=3.92;
NODE_1_length_651596_cov_115.359902	Prodigal_v2.6.3	CDS	54825	55472	106.2	-	0	ID=1_52;partial=00;start_type=ATG;rbs_motif=AGGA;rbs_spacer=5-10bp;gc_cont=0.472;conf=100.00;score=106.23;cscore=92.68;sscore=13.55;rscore=7.02;uscore=1.50;tscore=3.92;
NODE_1_length_651596_cov_115.359902	Prodigal_v2.6.3	CDS	55488	56402	136.2	-	0	ID=1_53;partial=00;start_type=ATG;rbs_motif=GGAGG;rbs_spacer=5-10bp;gc_cont=0.505;conf=100.00;score=136.22;cscore=113.09;sscore=23.13;rscore=16.07;uscore=1.88;tscore=3.92;
NODE_1_length_651596_cov_115.359902	Prodigal_v2.6.3	CDS	56405	57082	82.7	-	0	ID=1_54;partial=00;start_type=ATG;rbs_motif=AGxAGG/AGGxGG;rbs_spacer=5-10bp;gc_cont=0.473;conf=100.00;score=82.75;cscore=66.12;sscore=16.62;rscore=11.15;uscore=2.20;tscore=3.92;
NODE_1_length_651596_cov_115.359902	Prodigal_v2.6.3	CDS	57390	57815	77.7	-	0	ID=1_55;partial=00;start_type=ATG;rbs_motif=AGGAG;rbs_spacer=5-10bp;gc_cont=0.439;conf=100.00;score=77.72;cscore=54.24;sscore=23.48;rscore=15.31;uscore=3.35;tscore=3.92;
NODE_1_length_651596_cov_115.359902	Prodigal_v2.6.3	CDS	57850	58263	59.0	-	0	ID=1_56;partial=00;start_type=ATG;rbs_motif=AGxAGG/AGGxGG;rbs_spacer=5-10bp;gc_cont=0.447;conf=100.00;score=58.97;cscore=43.14;sscore=15.83;rscore=11.15;uscore=-0.43;tscore=3.92;
NODE_1_length_651596_cov_115.359902	Prodigal_v2.6.3	CDS	58272	58469	18.8	-	0	ID=1_57;partial=00;start_type=ATG;rbs_motif=AGGAG;rbs_spacer=5-10bp;gc_cont=0.525;conf=98.68;score=18.75;cscore=5.64;sscore=13.11;rscore=11.94;uscore=-1.89;tscore=3.06;
NODE_1_length_651596_cov_115.359902	Prodigal_v2.6.3	CDS	58572	59111	66.5	-	0	ID=1_58;partial=00;start_type=ATG;rbs_motif=AGGAGG;rbs_spacer=5-10bp;gc_cont=0.500;conf=100.00;score=66.51;cscore=45.80;sscore=20.71;rscore=16.65;uscore=-1.00;tscore=3.92;
NODE_1_length_651596_cov_115.359902	Prodigal_v2.6.3	CDS	59125	59382	17.3	-	0	ID=1_59;partial=00;start_type=ATG;rbs_motif=GGA/GAG/AGG;rbs_spacer=5-10bp;gc_cont=0.554;conf=98.16;score=17.31;cscore=11.84;sscore=5.46;rscore=-1.95;uscore=4.15;tscore=3.92;
NODE_1_length_651596_cov_115.359902	Prodigal_v2.6.3	CDS	59615	60016	75.0	-	0	ID=1_60;partial=00;start_type=ATG;rbs_motif=AGGAG/GGAGG;rbs_spacer=11-12bp;gc_cont=0.448;conf=100.00;score=75.01;cscore=55.17;sscore=19.84;rscore=12.17;uscore=4.40;tscore=3.92;
NODE_1_length_651596_cov_115.359902	Prodigal_v2.6.3	CDS	60540	61502	134.8	+	0	ID=1_61;partial=00;start_type=ATG;rbs_motif=AGxAGG/AGGxGG;rbs_spacer=5-10bp;gc_cont=0.528;conf=100.00;score=134.76;cscore=117.20;sscore=17.56;rscore=11.15;uscore=2.49;tscore=3.92;
NODE_1_length_651596_cov_115.359902	Prodigal_v2.6.3	CDS	61602	61796	15.1	-	0	ID=1_62;partial=00;start_type=ATG;rbs_motif=None;rbs_spacer=None;gc_cont=0.467;conf=96.96;score=15.07;cscore=10.76;sscore=4.31;rscore=-20.32;uscore=-0.08;tscore=3.01;
NODE_1_length_651596_cov_115.359902	Prodigal_v2.6.3	CDS	61793	62035	46.1	-	0	ID=1_63;partial=00;start_type=ATG;rbs_motif=GGAG/GAGG;rbs_spacer=5-10bp;gc_cont=0.465;conf=100.00;score=46.14;cscore=28.27;sscore=17.86;rscore=9.94;uscore=3.40;tscore=3.77;
NODE_1_length_651596_cov_115.359902	Prodigal_v2.6.3	CDS	62083	62550	72.0	-	0	ID=1_64;partial=00;start_type=ATG;rbs_motif=GGAG/GAGG;rbs_spacer=5-10bp;gc_cont=0.476;conf=100.00;score=71.95;cscore=56.70;sscore=15.25;rscore=10.35;uscore=0.98;tscore=3.92;
NODE_1_length_651596_cov_115.359902	Prodigal_v2.6.3	CDS	62718	63023	33.9	-	0	ID=1_65;partial=00;start_type=ATG;rbs_motif=GGA/GAG/AGG;rbs_spacer=5-10bp;gc_cont=0.418;conf=99.96;score=33.90;cscore=31.15;sscore=2.75;rscore=-1.95;uscore=1.43;tscore=3.92;
NODE_1_length_651596_cov_115.359902	Prodigal_v2.6.3	CDS	63180	63686	21.5	+	0	ID=1_66;partial=00;start_type=ATG;rbs_motif=GGxGG;rbs_spacer=3-4bp;gc_cont=0.462;conf=99.29;score=21.46;cscore=17.32;sscore=4.14;rscore=-1.23;uscore=1.44;tscore=3.92;
NODE_1_length_651596_cov_115.359902	Prodigal_v2.6.3	CDS	63935	64141	7.6	+	0	ID=1_67;partial=00;start_type=TTG;rbs_motif=AGGAGG;rbs_spacer=5-10bp;gc_cont=0.430;conf=85.03;score=7.55;cscore=4.59;sscore=2.96;rscore=13.59;uscore=-0.79;tscore=-9.19;
NODE_1_length_651596_cov_115.359902	Prodigal_v2.6.3	CDS	64229	64603	46.5	-	0	ID=1_68;partial=00;start_type=ATG;rbs_motif=None;rbs_spacer=None;gc_cont=0.456;conf=100.00;score=46.49;cscore=41.28;sscore=5.21;rscore=-15.61;uscore=-0.52;tscore=3.92;
NODE_1_length_651596_cov_115.359902	Prodigal_v2.6.3	CDS	64603	65445	124.9	-	0	ID=1_69;partial=00;start_type=ATG;rbs_motif=GGAG/GAGG;rbs_spacer=5-10bp;gc_cont=0.472;conf=100.00;score=124.89;cscore=108.54;sscore=16.35;rscore=10.35;uscore=2.07;tscore=3.92;
NODE_1_length_651596_cov_115.359902	Prodigal_v2.6.3	CDS	65570	66883	151.3	-	0	ID=1_70;partial=00;start_type=ATG;rbs_motif=AGGAGG;rbs_spacer=5-10bp;gc_cont=0.505;conf=100.00;score=151.31;cscore=131.45;sscore=19.86;rscore=16.65;uscore=-0.06;tscore=3.92;
NODE_1_length_651596_cov_115.359902	Prodigal_v2.6.3	CDS	67069	67701	75.2	-	0	ID=1_71;partial=00;start_type=ATG;rbs_motif=AGxAGG/AGGxGG;rbs_spacer=5-10bp;gc_cont=0.457;conf=100.00;score=75.16;cscore=60.72;sscore=14.44;rscore=11.15;uscore=-1.79;tscore=3.92;
NODE_1_length_651596_cov_115.359902	Prodigal_v2.6.3	CDS	67712	69073	178.0	-	0	ID=1_72;partial=00;start_type=ATG;rbs_motif=AGGA;rbs_spacer=5-10bp;gc_cont=0.470;conf=100.00;score=177.97;cscore=167.79;sscore=10.18;rscore=7.02;uscore=-0.12;tscore=3.92;
NODE_1_length_651596_cov_115.359902	Prodigal_v2.6.3	CDS	69219	71060	207.7	+	0	ID=1_73;partial=00;start_type=ATG;rbs_motif=AGGAG;rbs_spacer=5-10bp;gc_cont=0.511;conf=99.99;score=207.69;cscore=185.22;sscore=22.47;rscore=15.31;uscore=3.23;tscore=3.92;
NODE_1_length_651596_cov_115.359902	Prodigal_v2.6.3	CDS	71527	72420	69.3	-	0	ID=1_74;partial=00;start_type=ATG;rbs_motif=GGA/GAG/AGG;rbs_spacer=5-10bp;gc_cont=0.403;conf=100.00;score=69.30;cscore=63.93;sscore=5.37;rscore=-1.95;uscore=4.05;tscore=3.92;
NODE_1_length_651596_cov_115.359902	Prodigal_v2.6.3	CDS	72535	74115	161.1	+	0	ID=1_75;partial=00;start_type=ATG;rbs_motif=GGAG/GAGG;rbs_spacer=5-10bp;gc_cont=0.405;conf=100.00;score=161.11;cscore=144.49;sscore=16.62;rscore=10.35;uscore=2.35;tscore=3.92;
NODE_1_length_651596_cov_115.359902	Prodigal_v2.6.3	CDS	74335	75471	129.7	-	0	ID=1_76;partial=00;start_type=ATG;rbs_motif=GGAG/GAGG;rbs_spacer=5-10bp;gc_cont=0.501;conf=100.00;score=129.72;cscore=115.63;sscore=14.09;rscore=10.35;uscore=-0.19;tscore=3.92;
NODE_1_length_651596_cov_115.359902	Prodigal_v2.6.3	CDS	75628	76095	47.2	-	0	ID=1_77;partial=00;start_type=GTG;rbs_motif=GGAG/GAGG;rbs_spacer=5-10bp;gc_cont=0.521;conf=100.00;score=47.18;cscore=40.28;sscore=6.90;rscore=10.35;uscore=0.16;tscore=-4.36;
NODE_1_length_651596_cov_115.359902	Prodigal_v2.6.3	CDS	76144	76620	29.5	-	0	ID=1_78;partial=00;start_type=ATG;rbs_motif=3Base/5BMM;rbs_spacer=13-15bp;gc_cont=0.461;conf=99.89;score=29.54;cscore=22.84;sscore=6.70;rscore=-11.64;uscore=1.48;tscore=3.92;
NODE_1_length_651596_cov_115.359902	Prodigal_v2.6.3	CDS	76617	77291	83.3	-	0	ID=1_79;partial=00;start_type=ATG;rbs_motif=AGxAGG/AGGxGG;rbs_spacer=5-10bp;gc_cont=0.452;conf=100.00;score=83.28;cscore=68.25;sscore=15.03;rscore=11.15;uscore=-0.05;tscore=3.92;
NODE_1_length_651596_cov_115.359902	Prodigal_v2.6.3	CDS	77272	78006	68.7	-	0	ID=1_80;partial=00;start_type=ATG;rbs_motif=GGAG/GAGG;rbs_spacer=5-10bp;gc_cont=0.459;conf=100.00;score=68.67;cscore=54.15;sscore=14.51;rscore=10.35;uscore=-0.98;tscore=3.92;
NODE_1_length_651596_cov_115.359902	Prodigal_v2.6.3	CDS	78012	78716	39.0	-	0	ID=1_81;partial=00;start_type=ATG;rbs_motif=GGAG/GAGG;rbs_spacer=5-10bp;gc_cont=0.460;conf=99.99;score=38.98;cscore=24.49;sscore=14.49;rscore=10.35;uscore=-1.02;tscore=3.92;
NODE_1_length_651596_cov_115.359902	Prodigal_v2.6.3	CDS	78720	79508	65.9	-	0	ID=1_82;partial=00;start_type=GTG;rbs_motif=AGGAGG;rbs_spacer=5-10bp;gc_cont=0.454;conf=100.00;score=65.95;cscore=52.39;sscore=13.56;rscore=16.65;uscore=1.92;tscore=-4.36;
NODE_1_length_651596_cov_115.359902	Prodigal_v2.6.3	CDS	79911	81536	208.5	-	0	ID=1_83;partial=00;start_type=ATG;rbs_motif=GGAG/GAGG;rbs_spacer=5-10bp;gc_cont=0.453;conf=99.99;score=208.55;cscore=193.98;sscore=14.57;rscore=10.35;uscore=0.95;tscore=3.92;
NODE_1_length_651596_cov_115.359902	Prodigal_v2.6.3	CDS	81781	84162	308.5	-	0	ID=1_84;partial=00;start_type=ATG;rbs_motif=AGxAGG/AGGxGG;rbs_spacer=5-10bp;gc_cont=0.488;conf=99.99;score=308.49;cscore=291.74;sscore=16.75;rscore=11.15;uscore=2.33;tscore=3.92;
NODE_1_length_651596_cov_115.359902	Prodigal_v2.6.3	CDS	84422	84568	19.8	+	0	ID=1_85;partial=00;start_type=ATG;rbs_motif=AGGAGG;rbs_spacer=5-10bp;gc_cont=0.469;conf=98.95;score=19.76;cscore=7.42;sscore=12.34;rscore=9.59;uscore=0.49;tscore=2.26;
NODE_1_length_651596_cov_115.359902	Prodigal_v2.6.3	CDS	84836	86284	172.9	+	0	ID=1_86;partial=00;start_type=ATG;rbs_motif=AGGAG;rbs_spacer=5-10bp;gc_cont=0.486;conf=100.00;score=172.95;cscore=155.64;sscore=17.31;rscore=15.31;uscore=-1.27;tscore=3.92;
NODE_1_length_651596_cov_115.359902	Prodigal_v2.6.3	CDS	86484	87053	87.9	+	0	ID=1_87;partial=00;start_type=ATG;rbs_motif=AGGAG;rbs_spacer=5-10bp;gc_cont=0.454;conf=100.00;score=87.92;cscore=65.89;sscore=22.04;rscore=15.31;uscore=3.46;tscore=3.92;
NODE_1_length_651596_cov_115.359902	Prodigal_v2.6.3	CDS	87060	90005	320.9	+	0	ID=1_88;partial=00;start_type=ATG;rbs_motif=AGGAG;rbs_spacer=5-10bp;gc_cont=0.474;conf=99.99;score=320.92;cscore=299.76;sscore=21.15;rscore=15.31;uscore=0.72;tscore=3.92;
NODE_1_length_651596_cov_115.359902	Prodigal_v2.6.3	CDS	90056	90352	55.2	-	0	ID=1_89;partial=00;start_type=ATG;rbs_motif=GGAG/GAGG;rbs_spacer=5-10bp;gc_cont=0.421;conf=100.00;score=55.19;cscore=40.68;sscore=14.51;rscore=10.35;uscore=-0.45;tscore=3.92;
NODE_1_length_651596_cov_115.359902	Prodigal_v2.6.3	CDS	90407	91135	78.9	-	0	ID=1_90;partial=00;start_type=ATG;rbs_motif=GGA/GAG/AGG;rbs_spacer=5-10bp;gc_cont=0.497;conf=100.00;score=78.85;cscore=75.06;sscore=3.79;rscore=-1.95;uscore=2.47;tscore=3.92;
NODE_1_length_651596_cov_115.359902	Prodigal_v2.6.3	CDS	91351	92175	112.9	+	0	ID=1_91;partial=00;start_type=ATG;rbs_motif=AGGAGG;rbs_spacer=5-10bp;gc_cont=0.465;conf=100.00;score=112.87;cscore=90.49;sscore=22.38;rscore=16.65;uscore=1.80;tscore=3.92;
NODE_1_length_651596_cov_115.359902	Prodigal_v2.6.3	CDS	92276	93466	177.2	-	0	ID=1_92;partial=00;start_type=ATG;rbs_motif=AGGAGG;rbs_spacer=5-10bp;gc_cont=0.490;conf=100.00;score=177.16;cscore=156.75;sscore=20.41;rscore=16.65;uscore=-0.82;tscore=3.92;
NODE_1_length_651596_cov_115.359902	Prodigal_v2.6.3	CDS	93524	94870	181.9	-	0	ID=1_93;partial=00;start_type=ATG;rbs_motif=GGAGG;rbs_spacer=5-10bp;gc_cont=0.483;conf=99.99;score=181.92;cscore=160.95;sscore=20.97;rscore=16.07;uscore=1.63;tscore=3.92;
NODE_1_length_651596_cov_115.359902	Prodigal_v2.6.3	CDS	95051	95380	45.7	+	0	ID=1_94;partial=00;start_type=ATG;rbs_motif=AGGAGG;rbs_spacer=5-10bp;gc_cont=0.424;conf=100.00;score=45.74;cscore=23.76;sscore=21.99;rscore=16.65;uscore=1.41;tscore=3.92;
NODE_1_length_651596_cov_115.359902	Prodigal_v2.6.3	CDS	95453	96439	103.7	-	0	ID=1_95;partial=00;start_type=ATG;rbs_motif=GGAGG;rbs_spacer=5-10bp;gc_cont=0.445;conf=100.00;score=103.66;cscore=83.74;sscore=19.91;rscore=16.07;uscore=-0.08;tscore=3.92;
NODE_1_length_651596_cov_115.359902	Prodigal_v2.6.3	CDS	96580	98040	157.8	-	0	ID=1_96;partial=00;start_type=GTG;rbs_motif=AGxAGG/AGGxGG;rbs_spacer=5-10bp;gc_cont=0.428;conf=100.00;score=157.84;cscore=147.54;sscore=10.31;rscore=11.15;uscore=2.23;tscore=-4.36;
NODE_1_length_651596_cov_115.359902	Prodigal_v2.6.3	CDS	98037	98270	8.1	-	0	ID=1_97;partial=00;start_type=GTG;rbs_motif=GGA/GAG/AGG;rbs_spacer=5-10bp;gc_cont=0.423;conf=86.58;score=8.11;cscore=12.55;sscore=-4.44;rscore=-2.12;uscore=3.05;tscore=-4.72;
NODE_1_length_651596_cov_115.359902	Prodigal_v2.6.3	CDS	98495	99574	161.1	-	0	ID=1_98;partial=00;start_type=GTG;rbs_motif=AGGAG;rbs_spacer=5-10bp;gc_cont=0.456;conf=100.00;score=161.10;cscore=146.32;sscore=14.78;rscore=15.31;uscore=3.83;tscore=-4.36;
NODE_1_length_651596_cov_115.359902	Prodigal_v2.6.3	CDS	99699	100442	105.9	-	0	ID=1_99;partial=00;start_type=ATG;rbs_motif=GGAG/GAGG;rbs_spacer=5-10bp;gc_cont=0.493;conf=100.00;score=105.86;cscore=88.02;sscore=17.85;rscore=10.35;uscore=3.57;tscore=3.92;
NODE_1_length_651596_cov_115.359902	Prodigal_v2.6.3	CDS	100594	101367	104.9	-	0	ID=1_100;partial=00;start_type=ATG;rbs_motif=AGGA;rbs_spacer=5-10bp;gc_cont=0.488;conf=100.00;score=104.90;cscore=89.42;sscore=15.48;rscore=7.02;uscore=3.29;tscore=3.92;
NODE_1_length_651596_cov_115.359902	Prodigal_v2.6.3	CDS	101371	101730	48.8	-	0	ID=1_101;partial=00;start_type=ATG;rbs_motif=AGGAGG;rbs_spacer=5-10bp;gc_cont=0.467;conf=100.00;score=48.84;cscore=26.19;sscore=22.64;rscore=16.65;uscore=0.96;tscore=3.92;
NODE_1_length_651596_cov_115.359902	Prodigal_v2.6.3	CDS	101746	103788	179.1	-	0	ID=1_102;partial=00;start_type=ATG;rbs_motif=None;rbs_spacer=None;gc_cont=0.470;conf=99.99;score=179.09;cscore=192.33;sscore=-13.24;rscore=-15.61;uscore=-0.91;tscore=3.92;
NODE_1_length_651596_cov_115.359902	Prodigal_v2.6.3	CDS	104144	104719	81.5	+	0	ID=1_103;partial=00;start_type=ATG;rbs_motif=GGAGG;rbs_spacer=5-10bp;gc_cont=0.472;conf=100.00;score=81.51;cscore=62.32;sscore=19.19;rscore=16.07;uscore=-0.81;tscore=3.92;
NODE_1_length_651596_cov_115.359902	Prodigal_v2.6.3	CDS	104973	105269	41.0	-	0	ID=1_104;partial=00;start_type=ATG;rbs_motif=AGGAG/GGAGG;rbs_spacer=11-12bp;gc_cont=0.471;conf=99.99;score=41.01;cscore=24.22;sscore=16.79;rscore=12.17;uscore=1.35;tscore=3.92;
NODE_1_length_651596_cov_115.359902	Prodigal_v2.6.3	CDS	105462	106436	134.1	+	0	ID=1_105;partial=00;start_type=ATG;rbs_motif=AGGAG;rbs_spacer=5-10bp;gc_cont=0.507;conf=100.00;score=134.06;cscore=110.33;sscore=23.73;rscore=15.31;uscore=4.49;tscore=3.92;
NODE_1_length_651596_cov_115.359902	Prodigal_v2.6.3	CDS	106508	106831	37.4	-	0	ID=1_106;partial=00;start_type=ATG;rbs_motif=GGAG/GAGG;rbs_spacer=5-10bp;gc_cont=0.494;conf=99.98;score=37.42;cscore=25.28;sscore=12.14;rscore=10.35;uscore=-2.14;tscore=3.92;
NODE_1_length_651596_cov_115.359902	Prodigal_v2.6.3	CDS	106972	108429	164.1	-	0	ID=1_107;partial=00;start_type=ATG;rbs_motif=GGAG/GAGG;rbs_spacer=5-10bp;gc_cont=0.497;conf=100.00;score=164.12;cscore=150.02;sscore=14.10;rscore=10.35;uscore=0.48;tscore=3.92;
NODE_1_length_651596_cov_115.359902	Prodigal_v2.6.3	CDS	108624	108974	34.1	+	0	ID=1_108;partial=00;start_type=ATG;rbs_motif=AGxAGG/AGGxGG;rbs_spacer=5-10bp;gc_cont=0.487;conf=99.96;score=34.13;cscore=15.88;sscore=18.24;rscore=11.15;uscore=3.17;tscore=3.92;
NODE_1_length_651596_cov_115.359902	Prodigal_v2.6.3	CDS	109146	109508	49.8	+	0	ID=1_109;partial=00;start_type=GTG;rbs_motif=GGAGG;rbs_spacer=5-10bp;gc_cont=0.474;conf=100.00;score=49.81;cscore=36.22;sscore=13.59;rscore=16.07;uscore=1.89;tscore=-4.36;
NODE_1_length_651596_cov_115.359902	Prodigal_v2.6.3	CDS	109633	110565	102.1	-	0	ID=1_110;partial=00;start_type=TTG;rbs_motif=GGxGG;rbs_spacer=3-4bp;gc_cont=0.538;conf=100.00;score=102.13;cscore=107.20;sscore=-5.07;rscore=-1.23;uscore=4.31;tscore=-7.50;
NODE_1_length_651596_cov_115.359902	Prodigal_v2.6.3	CDS	110676	111182	57.9	+	0	ID=1_111;partial=00;start_type=ATG;rbs_motif=AGGAG;rbs_spacer=5-10bp;gc_cont=0.471;conf=100.00;score=57.91;cscore=35.87;sscore=22.04;rscore=15.31;uscore=2.81;tscore=3.92;
NODE_1_length_651596_cov_115.359902	Prodigal_v2.6.3	CDS	111344	111640	35.2	+	0	ID=1_112;partial=00;start_type=ATG;rbs_motif=AGGAGG;rbs_spacer=5-10bp;gc_cont=0.475;conf=99.97;score=35.22;cscore=17.58;sscore=17.64;rscore=16.65;uscore=-2.93;tscore=3.92;
NODE_1_length_651596_cov_115.359902	Prodigal_v2.6.3	CDS	111723	112724	157.9	-	0	ID=1_113;partial=00;start_type=ATG;rbs_motif=AGGA;rbs_spacer=5-10bp;gc_cont=0.460;conf=100.00;score=157.87;cscore=144.21;sscore=13.66;rscore=7.02;uscore=2.71;tscore=3.92;
NODE_1_length_651596_cov_115.359902	Prodigal_v2.6.3	CDS	112791	113282	61.8	-	0	ID=1_114;partial=00;start_type=ATG;rbs_motif=AGGAG;rbs_spacer=5-10bp;gc_cont=0.533;conf=100.00;score=61.80;cscore=43.76;sscore=18.03;rscore=15.31;uscore=-0.55;tscore=3.92;
NODE_1_length_651596_cov_115.359902	Prodigal_v2.6.3	CDS	113456	114529	156.8	+	0	ID=1_115;partial=00;start_type=ATG;rbs_motif=GGAGG;rbs_spacer=5-10bp;gc_cont=0.498;conf=100.00;score=156.84;cscore=136.17;sscore=20.67;rscore=16.07;uscore=0.68;tscore=3.92;
NODE_1_length_651596_cov_115.359902	Prodigal_v2.6.3	CDS	114683	114934	27.8	-	0	ID=1_116;partial=00;start_type=ATG;rbs_motif=AGxAGG/AGGxGG;rbs_spacer=5-10bp;gc_cont=0.563;conf=99.83;score=27.78;cscore=13.26;sscore=14.53;rscore=11.11;uscore=0.16;tscore=3.91;
NODE_1_length_651596_cov_115.359902	Prodigal_v2.6.3	CDS	115156	116232	131.5	+	0	ID=1_117;partial=00;start_type=ATG;rbs_motif=AGxAGG/AGGxGG;rbs_spacer=5-10bp;gc_cont=0.491;conf=100.00;score=131.49;cscore=112.45;sscore=19.04;rscore=11.15;uscore=3.97;tscore=3.92;
NODE_1_length_651596_cov_115.359902	Prodigal_v2.6.3	CDS	116450	117430	94.2	+	0	ID=1_118;partial=00;start_type=ATG;rbs_motif=AGGAGG;rbs_spacer=5-10bp;gc_cont=0.513;conf=100.00;score=94.21;cscore=76.14;sscore=18.07;rscore=16.65;uscore=-1.86;tscore=3.92;
NODE_1_length_651596_cov_115.359902	Prodigal_v2.6.3	CDS	117620	117904	38.0	+	0	ID=1_119;partial=00;start_type=GTG;rbs_motif=GGAGG;rbs_spacer=5-10bp;gc_cont=0.418;conf=99.98;score=38.04;cscore=23.21;sscore=14.83;rscore=16.07;uscore=3.78;tscore=-4.36;
NODE_1_length_651596_cov_115.359902	Prodigal_v2.6.3	CDS	117897	118007	17.8	+	0	ID=1_120;partial=00;start_type=ATG;rbs_motif=AGGAG;rbs_spacer=5-10bp;gc_cont=0.405;conf=98.37;score=17.83;cscore=7.00;sscore=10.83;rscore=6.61;uscore=1.27;tscore=1.70;
NODE_1_length_651596_cov_115.359902	Prodigal_v2.6.3	CDS	118053	118175	1.5	+	0	ID=1_121;partial=00;start_type=ATG;rbs_motif=GGAG/GAGG;rbs_spacer=5-10bp;gc_cont=0.423;conf=58.31;score=1.46;cscore=-3.02;sscore=4.48;rscore=4.97;uscore=-2.66;tscore=1.88;
NODE_1_length_651596_cov_115.359902	Prodigal_v2.6.3	CDS	118863	120224	132.4	+	0	ID=1_122;partial=00;start_type=ATG;rbs_motif=AGGAGG;rbs_spacer=5-10bp;gc_cont=0.410;conf=100.00;score=132.36;cscore=110.40;sscore=21.95;rscore=16.65;uscore=2.03;tscore=3.92;
NODE_1_length_651596_cov_115.359902	Prodigal_v2.6.3	CDS	120458	121222	34.4	-	0	ID=1_123;partial=00;start_type=ATG;rbs_motif=GGA/GAG/AGG;rbs_spacer=5-10bp;gc_cont=0.358;conf=99.96;score=34.38;cscore=31.46;sscore=2.92;rscore=-1.95;uscore=0.95;tscore=3.92;
NODE_1_length_651596_cov_115.359902	Prodigal_v2.6.3	CDS	121382	122731	118.1	-	0	ID=1_124;partial=00;start_type=ATG;rbs_motif=AGGAG;rbs_spacer=5-10bp;gc_cont=0.389;conf=100.00;score=118.06;cscore=96.53;sscore=21.53;rscore=15.31;uscore=2.95;tscore=3.92;
NODE_1_length_651596_cov_115.359902	Prodigal_v2.6.3	CDS	123059	123667	45.3	+	0	ID=1_125;partial=00;start_type=ATG;rbs_motif=GGAG/GAGG;rbs_spacer=5-10bp;gc_cont=0.443;conf=100.00;score=45.30;cscore=32.05;sscore=13.25;rscore=10.35;uscore=-1.03;tscore=3.92;
NODE_1_length_651596_cov_115.359902	Prodigal_v2.6.3	CDS	123630	123752	4.2	-	0	ID=1_126;partial=00;start_type=ATG;rbs_motif=GGAGG;rbs_spacer=5-10bp;gc_cont=0.488;conf=72.46;score=4.21;cscore=-3.65;sscore=7.86;rscore=7.71;uscore=-0.59;tscore=1.88;
NODE_1_length_651596_cov_115.359902	Prodigal_v2.6.3	CDS	123979	126162	241.7	-	0	ID=1_127;partial=00;start_type=ATG;rbs_motif=GGxGG;rbs_spacer=5-10bp;gc_cont=0.486;conf=99.99;score=241.70;cscore=233.57;sscore=8.14;rscore=3.18;uscore=1.69;tscore=3.92;
NODE_1_length_651596_cov_115.359902	Prodigal_v2.6.3	CDS	126476	127237	100.1	-	0	ID=1_128;partial=00;start_type=ATG;rbs_motif=GGAGG;rbs_spacer=5-10bp;gc_cont=0.488;conf=100.00;score=100.08;cscore=78.79;sscore=21.29;rscore=16.07;uscore=-2.36;tscore=3.92;
NODE_1_length_651596_cov_115.359902	Prodigal_v2.6.3	CDS	127234	128163	118.0	-	0	ID=1_129;partial=00;start_type=TTG;rbs_motif=GGAGG;rbs_spacer=5-10bp;gc_cont=0.518;conf=100.00;score=118.03;cscore=107.89;sscore=10.14;rscore=16.07;uscore=0.28;tscore=-7.50;
NODE_1_length_651596_cov_115.359902	Prodigal_v2.6.3	CDS	128160	128375	29.0	-	0	ID=1_130;partial=00;start_type=ATG;rbs_motif=GGAGG;rbs_spacer=5-10bp;gc_cont=0.431;conf=99.87;score=28.97;cscore=11.60;sscore=17.37;rscore=13.69;uscore=0.34;tscore=3.34;
NODE_1_length_651596_cov_115.359902	Prodigal_v2.6.3	CDS	128442	129563	142.1	-	0	ID=1_131;partial=00;start_type=ATG;rbs_motif=GGAG/GAGG;rbs_spacer=5-10bp;gc_cont=0.490;conf=100.00;score=142.11;cscore=127.18;sscore=14.93;rscore=10.35;uscore=1.31;tscore=3.92;
NODE_1_length_651596_cov_115.359902	Prodigal_v2.6.3	CDS	130011	130889	85.5	-	0	ID=1_132;partial=00;start_type=ATG;rbs_motif=GGA/GAG/AGG;rbs_spacer=5-10bp;gc_cont=0.539;conf=100.00;score=85.55;cscore=81.09;sscore=4.45;rscore=-1.95;uscore=3.14;tscore=3.92;
NODE_1_length_651596_cov_115.359902	Prodigal_v2.6.3	CDS	131134	133554	276.8	+	0	ID=1_133;partial=00;start_type=ATG;rbs_motif=GGA/GAG/AGG;rbs_spacer=5-10bp;gc_cont=0.509;conf=99.99;score=276.78;cscore=273.91;sscore=2.87;rscore=-1.95;uscore=0.90;tscore=3.92;
NODE_1_length_651596_cov_115.359902	Prodigal_v2.6.3	CDS	133641	133991	54.9	-	0	ID=1_134;partial=00;start_type=ATG;rbs_motif=AGGAG;rbs_spacer=5-10bp;gc_cont=0.504;conf=100.00;score=54.94;cscore=34.20;sscore=20.74;rscore=15.31;uscore=1.51;tscore=3.92;
NODE_1_length_651596_cov_115.359902	Prodigal_v2.6.3	CDS	134086	135945	244.3	-	0	ID=1_135;partial=00;start_type=ATG;rbs_motif=GGxGG;rbs_spacer=5-10bp;gc_cont=0.495;conf=99.99;score=244.34;cscore=234.04;sscore=10.30;rscore=3.18;uscore=3.85;tscore=3.92;
NODE_1_length_651596_cov_115.359902	Prodigal_v2.6.3	CDS	136254	137549	186.5	-	0	ID=1_136;partial=00;start_type=ATG;rbs_motif=AGGAG;rbs_spacer=5-10bp;gc_cont=0.490;conf=99.99;score=186.52;cscore=168.24;sscore=18.28;rscore=15.31;uscore=-0.30;tscore=3.92;
NODE_1_length_651596_cov_115.359902	Prodigal_v2.6.3	CDS	138034	138903	109.9	+	0	ID=1_137;partial=00;start_type=ATG;rbs_motif=AGGAGG;rbs_spacer=5-10bp;gc_cont=0.470;conf=100.00;score=109.92;cscore=91.90;sscore=18.01;rscore=16.65;uscore=-2.56;tscore=3.92;
NODE_1_length_651596_cov_115.359902	Prodigal_v2.6.3	CDS	139141	140070	123.8	+	0	ID=1_138;partial=00;start_type=ATG;rbs_motif=GGAG/GAGG;rbs_spacer=5-10bp;gc_cont=0.514;conf=100.00;score=123.78;cscore=106.28;sscore=17.49;rscore=10.35;uscore=3.87;tscore=3.92;
NODE_1_length_651596_cov_115.359902	Prodigal_v2.6.3	CDS	140057	142048	244.9	+	0	ID=1_139;partial=00;start_type=ATG;rbs_motif=GGAGG;rbs_spacer=5-10bp;gc_cont=0.526;conf=99.99;score=244.90;cscore=226.21;sscore=18.69;rscore=16.07;uscore=-2.48;tscore=3.92;
NODE_1_length_651596_cov_115.359902	Prodigal_v2.6.3	CDS	142516	143679	169.5	-	0	ID=1_140;partial=00;start_type=ATG;rbs_motif=GGAG/GAGG;rbs_spacer=5-10bp;gc_cont=0.478;conf=100.00;score=169.50;cscore=151.05;sscore=18.45;rscore=10.35;uscore=4.18;tscore=3.92;
NODE_1_length_651596_cov_115.359902	Prodigal_v2.6.3	CDS	143745	145133	218.0	-	0	ID=1_141;partial=00;start_type=ATG;rbs_motif=AGGAGG;rbs_spacer=5-10bp;gc_cont=0.487;conf=99.99;score=217.98;cscore=198.10;sscore=19.87;rscore=16.65;uscore=-0.05;tscore=3.92;
NODE_1_length_651596_cov_115.359902	Prodigal_v2.6.3	CDS	145375	145830	79.2	-	0	ID=1_142;partial=00;start_type=ATG;rbs_motif=AGxAGG/AGGxGG;rbs_spacer=5-10bp;gc_cont=0.480;conf=100.00;score=79.16;cscore=61.14;sscore=18.02;rscore=11.15;uscore=1.83;tscore=3.92;
NODE_1_length_651596_cov_115.359902	Prodigal_v2.6.3	CDS	145846	147852	273.0	-	0	ID=1_143;partial=00;start_type=ATG;rbs_motif=GGA/GAG/AGG;rbs_spacer=5-10bp;gc_cont=0.502;conf=99.99;score=273.03;cscore=269.55;sscore=3.49;rscore=-1.95;uscore=2.17;tscore=3.92;
NODE_1_length_651596_cov_115.359902	Prodigal_v2.6.3	CDS	148164	148463	30.4	-	0	ID=1_144;partial=00;start_type=ATG;rbs_motif=GGAG/GAGG;rbs_spacer=5-10bp;gc_cont=0.397;conf=99.91;score=30.36;cscore=13.94;sscore=16.42;rscore=10.35;uscore=2.14;tscore=3.92;
NODE_1_length_651596_cov_115.359902	Prodigal_v2.6.3	CDS	148549	149136	66.5	-	0	ID=1_145;partial=00;start_type=ATG;rbs_motif=AGGAGG;rbs_spacer=5-10bp;gc_cont=0.389;conf=100.00;score=66.51;cscore=43.77;sscore=22.74;rscore=16.65;uscore=2.81;tscore=3.92;
NODE_1_length_651596_cov_115.359902	Prodigal_v2.6.3	CDS	149472	150338	50.8	-	0	ID=1_146;partial=00;start_type=ATG;rbs_motif=GGxGG;rbs_spacer=3-4bp;gc_cont=0.454;conf=100.00;score=50.78;cscore=46.07;sscore=4.71;rscore=-1.23;uscore=0.76;tscore=3.92;
NODE_1_length_651596_cov_115.359902	Prodigal_v2.6.3	CDS	150331	150744	45.6	-	0	ID=1_147;partial=00;start_type=GTG;rbs_motif=AGxAGG/AGGxGG;rbs_spacer=5-10bp;gc_cont=0.461;conf=100.00;score=45.60;cscore=38.63;sscore=6.97;rscore=11.15;uscore=0.84;tscore=-4.36;
NODE_1_length_651596_cov_115.359902	Prodigal_v2.6.3	CDS	151031	151408	63.8	-	0	ID=1_148;partial=00;start_type=ATG;rbs_motif=AGGAG;rbs_spacer=5-10bp;gc_cont=0.495;conf=100.00;score=63.75;cscore=39.29;sscore=24.47;rscore=15.31;uscore=5.89;tscore=3.92;
NODE_1_length_651596_cov_115.359902	Prodigal_v2.6.3	CDS	151604	152662	153.4	-	0	ID=1_149;partial=00;start_type=ATG;rbs_motif=AGGAG;rbs_spacer=5-10bp;gc_cont=0.491;conf=100.00;score=153.40;cscore=130.65;sscore=22.75;rscore=15.31;uscore=2.28;tscore=3.92;
NODE_1_length_651596_cov_115.359902	Prodigal_v2.6.3	CDS	152666	153673	146.6	-	0	ID=1_150;partial=00;start_type=ATG;rbs_motif=GGAGG;rbs_spacer=5-10bp;gc_cont=0.500;conf=100.00;score=146.63;cscore=123.01;sscore=23.62;rscore=16.07;uscore=2.36;tscore=3.92;
NODE_1_length_651596_cov_115.359902	Prodigal_v2.6.3	CDS	153675	155054	180.1	-	0	ID=1_151;partial=00;start_type=GTG;rbs_motif=AGGAGG;rbs_spacer=5-10bp;gc_cont=0.480;conf=99.99;score=180.06;cscore=168.61;sscore=11.44;rscore=16.65;uscore=-0.19;tscore=-4.36;
NODE_1_length_651596_cov_115.359902	Prodigal_v2.6.3	CDS	155770	157116	184.1	+	0	ID=1_152;partial=00;start_type=ATG;rbs_motif=GGAGG;rbs_spacer=5-10bp;gc_cont=0.529;conf=99.99;score=184.11;cscore=166.00;sscore=18.11;rscore=16.07;uscore=-1.88;tscore=3.92;
NODE_1_length_651596_cov_115.359902	Prodigal_v2.6.3	CDS	157127	157831	115.8	+	0	ID=1_153;partial=00;start_type=ATG;rbs_motif=AGGAGG;rbs_spacer=5-10bp;gc_cont=0.521;conf=100.00;score=115.76;cscore=95.37;sscore=20.38;rscore=16.65;uscore=-1.36;tscore=3.92;
NODE_1_length_651596_cov_115.359902	Prodigal_v2.6.3	CDS	157839	158990	123.8	+	0	ID=1_154;partial=00;start_type=ATG;rbs_motif=None;rbs_spacer=None;gc_cont=0.512;conf=100.00;score=123.79;cscore=132.60;sscore=-8.81;rscore=-15.61;uscore=1.67;tscore=3.92;
NODE_1_length_651596_cov_115.359902	Prodigal_v2.6.3	CDS	159134	160039	129.0	+	0	ID=1_155;partial=00;start_type=ATG;rbs_motif=AGGAGG;rbs_spacer=5-10bp;gc_cont=0.525;conf=100.00;score=129.01;cscore=110.01;sscore=19.01;rscore=16.65;uscore=-1.57;tscore=3.92;
NODE_1_length_651596_cov_115.359902	Prodigal_v2.6.3	CDS	160036	160803	102.1	+	0	ID=1_156;partial=00;start_type=ATG;rbs_motif=GGAGG;rbs_spacer=5-10bp;gc_cont=0.535;conf=100.00;score=102.07;cscore=80.55;sscore=21.52;rscore=16.07;uscore=0.23;tscore=3.92;
NODE_1_length_651596_cov_115.359902	Prodigal_v2.6.3	CDS	161229	161735	25.2	-	0	ID=1_157;partial=00;start_type=ATG;rbs_motif=GGAG/GAGG;rbs_spacer=5-10bp;gc_cont=0.373;conf=99.70;score=25.19;cscore=11.39;sscore=13.79;rscore=10.35;uscore=0.17;tscore=3.92;
NODE_1_length_651596_cov_115.359902	Prodigal_v2.6.3	CDS	162024	162533	30.8	-	0	ID=1_158;partial=00;start_type=ATG;rbs_motif=GGA/GAG/AGG;rbs_spacer=5-10bp;gc_cont=0.412;conf=99.92;score=30.81;cscore=26.38;sscore=4.43;rscore=-1.95;uscore=3.11;tscore=3.92;
NODE_1_length_651596_cov_115.359902	Prodigal_v2.6.3	CDS	162752	163474	56.5	+	0	ID=1_159;partial=00;start_type=GTG;rbs_motif=AGGAGG;rbs_spacer=5-10bp;gc_cont=0.398;conf=100.00;score=56.53;cscore=42.87;sscore=13.67;rscore=16.65;uscore=1.38;tscore=-4.36;
NODE_1_length_651596_cov_115.359902	Prodigal_v2.6.3	CDS	163458	163832	23.1	-	0	ID=1_160;partial=00;start_type=ATG;rbs_motif=AGGAG/GGAGG;rbs_spacer=11-12bp;gc_cont=0.384;conf=99.51;score=23.12;cscore=3.37;sscore=19.75;rscore=12.17;uscore=3.66;tscore=3.92;
NODE_1_length_651596_cov_115.359902	Prodigal_v2.6.3	CDS	163954	164532	58.8	-	0	ID=1_161;partial=00;start_type=ATG;rbs_motif=GGA/GAG/AGG;rbs_spacer=5-10bp;gc_cont=0.489;conf=100.00;score=58.79;cscore=56.96;sscore=1.83;rscore=-1.95;uscore=0.51;tscore=3.92;
NODE_1_length_651596_cov_115.359902	Prodigal_v2.6.3	CDS	164691	166517	197.8	+	0	ID=1_162;partial=00;start_type=ATG;rbs_motif=AGGA;rbs_spacer=5-10bp;gc_cont=0.500;conf=99.99;score=197.81;cscore=185.10;sscore=12.72;rscore=7.02;uscore=1.77;tscore=3.92;
NODE_1_length_651596_cov_115.359902	Prodigal_v2.6.3	CDS	166649	167791	141.2	-	0	ID=1_163;partial=00;start_type=ATG;rbs_motif=AGGAG;rbs_spacer=5-10bp;gc_cont=0.451;conf=100.00;score=141.22;cscore=124.31;sscore=16.92;rscore=15.31;uscore=-1.66;tscore=3.92;
NODE_1_length_651596_cov_115.359902	Prodigal_v2.6.3	CDS	168622	169647	148.1	+	0	ID=1_164;partial=00;start_type=ATG;rbs_motif=GGAGG;rbs_spacer=5-10bp;gc_cont=0.502;conf=100.00;score=148.07;cscore=126.47;sscore=21.60;rscore=16.07;uscore=1.61;tscore=3.92;
NODE_1_length_651596_cov_115.359902	Prodigal_v2.6.3	CDS	169644	170426	88.6	+	0	ID=1_165;partial=00;start_type=ATG;rbs_motif=AGGA;rbs_spacer=5-10bp;gc_cont=0.467;conf=100.00;score=88.60;cscore=76.36;sscore=12.24;rscore=7.02;uscore=-3.23;tscore=3.92;
NODE_1_length_651596_cov_115.359902	Prodigal_v2.6.3	CDS	170454	171053	82.3	+	0	ID=1_166;partial=00;start_type=ATG;rbs_motif=AGGAGG;rbs_spacer=5-10bp;gc_cont=0.478;conf=100.00;score=82.25;cscore=61.73;sscore=20.53;rscore=16.65;uscore=-1.03;tscore=3.92;
NODE_1_length_651596_cov_115.359902	Prodigal_v2.6.3	CDS	171037	172257	171.4	+	0	ID=1_167;partial=00;start_type=ATG;rbs_motif=GGAG/GAGG;rbs_spacer=5-10bp;gc_cont=0.479;conf=100.00;score=171.43;cscore=152.99;sscore=18.44;rscore=10.35;uscore=3.01;tscore=3.92;
NODE_1_length_651596_cov_115.359902	Prodigal_v2.6.3	CDS	172250	173044	121.9	+	0	ID=1_168;partial=00;start_type=ATG;rbs_motif=AGGAG;rbs_spacer=5-10bp;gc_cont=0.473;conf=100.00;score=121.91;cscore=99.49;sscore=22.42;rscore=15.31;uscore=1.94;tscore=3.92;
NODE_1_length_651596_cov_115.359902	Prodigal_v2.6.3	CDS	173658	174317	86.8	-	0	ID=1_169;partial=00;start_type=ATG;rbs_motif=AGGAGG;rbs_spacer=5-10bp;gc_cont=0.509;conf=100.00;score=86.75;cscore=68.72;sscore=18.04;rscore=16.65;uscore=-3.29;tscore=3.92;
NODE_1_length_651596_cov_115.359902	Prodigal_v2.6.3	CDS	174366	174950	87.8	-	0	ID=1_170;partial=00;start_type=ATG;rbs_motif=AGGAG;rbs_spacer=5-10bp;gc_cont=0.509;conf=100.00;score=87.82;cscore=68.07;sscore=19.76;rscore=15.31;uscore=0.52;tscore=3.92;
NODE_1_length_651596_cov_115.359902	Prodigal_v2.6.3	CDS	175098	175325	35.0	-	0	ID=1_171;partial=00;start_type=ATG;rbs_motif=AGGA;rbs_spacer=5-10bp;gc_cont=0.447;conf=99.97;score=35.03;cscore=19.44;sscore=15.59;rscore=6.32;uscore=4.67;tscore=3.53;
NODE_1_length_651596_cov_115.359902	Prodigal_v2.6.3	CDS	175345	177201	273.5	-	0	ID=1_172;partial=00;start_type=ATG;rbs_motif=GGAGG;rbs_spacer=5-10bp;gc_cont=0.527;conf=99.99;score=273.47;cscore=254.50;sscore=18.98;rscore=16.07;uscore=-0.37;tscore=3.92;
NODE_1_length_651596_cov_115.359902	Prodigal_v2.6.3	CDS	177546	177767	10.4	+	0	ID=1_173;partial=00;start_type=ATG;rbs_motif=AGGAG/GGAGG;rbs_spacer=11-12bp;gc_cont=0.423;conf=91.59;score=10.39;cscore=-3.49;sscore=13.88;rscore=10.66;uscore=0.28;tscore=3.44;
NODE_1_length_651596_cov_115.359902	Prodigal_v2.6.3	CDS	177833	178486	14.5	+	0	ID=1_174;partial=00;start_type=TTG;rbs_motif=GGAG/GAGG;rbs_spacer=5-10bp;gc_cont=0.388;conf=96.58;score=14.53;cscore=12.39;sscore=2.14;rscore=10.35;uscore=-0.71;tscore=-7.50;
NODE_1_length_651596_cov_115.359902	Prodigal_v2.6.3	CDS	179110	180363	184.6	+	0	ID=1_175;partial=00;start_type=ATG;rbs_motif=AGGAGG;rbs_spacer=5-10bp;gc_cont=0.477;conf=99.99;score=184.60;cscore=159.11;sscore=25.49;rscore=16.65;uscore=4.91;tscore=3.92;
NODE_1_length_651596_cov_115.359902	Prodigal_v2.6.3	CDS	180366	180995	91.7	+	0	ID=1_176;partial=00;start_type=ATG;rbs_motif=AGGAGG;rbs_spacer=5-10bp;gc_cont=0.537;conf=100.00;score=91.73;cscore=73.44;sscore=18.29;rscore=16.65;uscore=-3.54;tscore=3.92;
NODE_1_length_651596_cov_115.359902	Prodigal_v2.6.3	CDS	181007	181936	107.8	+	0	ID=1_177;partial=00;start_type=ATG;rbs_motif=AGGAGG;rbs_spacer=5-10bp;gc_cont=0.475;conf=100.00;score=107.79;cscore=90.82;sscore=16.97;rscore=16.65;uscore=-4.76;tscore=3.92;
NODE_1_length_651596_cov_115.359902	Prodigal_v2.6.3	CDS	181936	182598	88.5	+	0	ID=1_178;partial=00;start_type=ATG;rbs_motif=AGGA/GGAG/GAGG;rbs_spacer=11-12bp;gc_cont=0.523;conf=100.00;score=88.48;cscore=73.84;sscore=14.64;rscore=5.64;uscore=3.79;tscore=3.92;
NODE_1_length_651596_cov_115.359902	Prodigal_v2.6.3	CDS	182812	183072	19.6	+	0	ID=1_179;partial=00;start_type=ATG;rbs_motif=GGAG/GAGG;rbs_spacer=5-10bp;gc_cont=0.556;conf=98.91;score=19.60;cscore=3.70;sscore=15.90;rscore=10.35;uscore=2.28;tscore=3.92;
NODE_1_length_651596_cov_115.359902	Prodigal_v2.6.3	CDS	183323	183925	76.3	+	0	ID=1_180;partial=00;start_type=ATG;rbs_motif=GGAGG;rbs_spacer=5-10bp;gc_cont=0.468;conf=100.00;score=76.27;cscore=57.12;sscore=19.15;rscore=16.07;uscore=-0.19;tscore=3.92;
NODE_1_length_651596_cov_115.359902	Prodigal_v2.6.3	CDS	183922	187233	364.0	+	0	ID=1_181;partial=00;start_type=ATG;rbs_motif=AGGAG;rbs_spacer=5-10bp;gc_cont=0.496;conf=99.99;score=364.04;cscore=342.19;sscore=21.84;rscore=15.31;uscore=1.32;tscore=3.92;
NODE_1_length_651596_cov_115.359902	Prodigal_v2.6.3	CDS	187398	187538	6.2	-	0	ID=1_182;partial=00;start_type=ATG;rbs_motif=GGAG/GAGG;rbs_spacer=5-10bp;gc_cont=0.404;conf=80.67;score=6.22;cscore=-0.21;sscore=6.42;rscore=5.71;uscore=-0.31;tscore=2.17;
NODE_1_length_651596_cov_115.359902	Prodigal_v2.6.3	CDS	187915	189288	119.4	+	0	ID=1_183;partial=00;start_type=ATG;rbs_motif=GGA/GAG/AGG;rbs_spacer=5-10bp;gc_cont=0.512;conf=100.00;score=119.38;cscore=113.25;sscore=6.13;rscore=-1.95;uscore=4.16;tscore=3.92;
NODE_1_length_651596_cov_115.359902	Prodigal_v2.6.3	CDS	189626	191218	152.3	-	0	ID=1_184;partial=00;start_type=ATG;rbs_motif=AGGAG/GGAGG;rbs_spacer=11-12bp;gc_cont=0.400;conf=100.00;score=152.26;cscore=134.38;sscore=17.88;rscore=12.17;uscore=2.44;tscore=3.92;
NODE_1_length_651596_cov_115.359902	Prodigal_v2.6.3	CDS	191287	192186	56.2	+	0	ID=1_185;partial=00;start_type=ATG;rbs_motif=GGA/GAG/AGG;rbs_spacer=11-12bp;gc_cont=0.403;conf=100.00;score=56.19;cscore=55.81;sscore=0.37;rscore=-4.11;uscore=0.56;tscore=3.92;
NODE_1_length_651596_cov_115.359902	Prodigal_v2.6.3	CDS	192375	192695	41.4	-	0	ID=1_186;partial=00;start_type=ATG;rbs_motif=GGAG/GAGG;rbs_spacer=5-10bp;gc_cont=0.452;conf=99.99;score=41.42;cscore=25.32;sscore=16.10;rscore=10.35;uscore=1.82;tscore=3.92;
NODE_1_length_651596_cov_115.359902	Prodigal_v2.6.3	CDS	192760	193113	3.4	-	0	ID=1_187;partial=00;start_type=ATG;rbs_motif=GGAG/GAGG;rbs_spacer=5-10bp;gc_cont=0.460;conf=68.52;score=3.38;cscore=-8.35;sscore=11.73;rscore=10.35;uscore=-1.39;tscore=3.92;
NODE_1_length_651596_cov_115.359902	Prodigal_v2.6.3	CDS	193390	194082	99.2	-	0	ID=1_188;partial=00;start_type=ATG;rbs_motif=AGGA/GGAG/GAGG;rbs_spacer=11-12bp;gc_cont=0.405;conf=100.00;score=99.19;cscore=83.75;sscore=15.44;rscore=5.64;uscore=6.52;tscore=3.92;
NODE_1_length_651596_cov_115.359902	Prodigal_v2.6.3	CDS	194480	195130	99.6	+	0	ID=1_189;partial=00;start_type=ATG;rbs_motif=AGGAG;rbs_spacer=5-10bp;gc_cont=0.516;conf=100.00;score=99.61;cscore=78.33;sscore=21.28;rscore=15.31;uscore=2.05;tscore=3.92;
NODE_1_length_651596_cov_115.359902	Prodigal_v2.6.3	CDS	195646	196350	14.6	+	0	ID=1_190;partial=00;start_type=TTG;rbs_motif=None;rbs_spacer=None;gc_cont=0.450;conf=96.67;score=14.65;cscore=38.31;sscore=-23.67;rscore=-15.61;uscore=0.09;tscore=-7.50;
NODE_1_length_651596_cov_115.359902	Prodigal_v2.6.3	CDS	196464	196577	0.2	-	0	ID=1_191;partial=00;start_type=ATG;rbs_motif=AGxAGG/AGGxGG;rbs_spacer=5-10bp;gc_cont=0.491;conf=50.89;score=0.15;cscore=0.68;sscore=-0.52;rscore=4.95;uscore=-6.56;tscore=1.74;
NODE_1_length_651596_cov_115.359902	Prodigal_v2.6.3	CDS	196677	196892	17.9	+	0	ID=1_192;partial=00;start_type=ATG;rbs_motif=GGAG/GAGG;rbs_spacer=5-10bp;gc_cont=0.389;conf=98.39;score=17.89;cscore=4.15;sscore=13.73;rscore=8.82;uscore=1.57;tscore=3.34;
NODE_1_length_651596_cov_115.359902	Prodigal_v2.6.3	CDS	197326	198114	36.0	+	0	ID=1_193;partial=00;start_type=ATG;rbs_motif=GGA/GAG/AGG;rbs_spacer=5-10bp;gc_cont=0.427;conf=99.97;score=36.03;cscore=35.39;sscore=0.65;rscore=-1.95;uscore=-0.67;tscore=3.92;
NODE_1_length_651596_cov_115.359902	Prodigal_v2.6.3	CDS	198466	198681	14.5	+	0	ID=1_194;partial=00;start_type=ATG;rbs_motif=AGxAGG/AGGxGG;rbs_spacer=5-10bp;gc_cont=0.417;conf=96.58;score=14.54;cscore=-0.20;sscore=14.74;rscore=9.50;uscore=3.04;tscore=3.34;
NODE_1_length_651596_cov_115.359902	Prodigal_v2.6.3	CDS	199034	199324	20.3	+	0	ID=1_195;partial=00;start_type=ATG;rbs_motif=GGAG/GAGG;rbs_spacer=5-10bp;gc_cont=0.412;conf=99.08;score=20.34;cscore=5.80;sscore=14.54;rscore=10.35;uscore=0.92;tscore=3.92;
NODE_1_length_651596_cov_115.359902	Prodigal_v2.6.3	CDS	199562	199891	21.5	-	0	ID=1_196;partial=00;start_type=ATG;rbs_motif=GGxGG;rbs_spacer=5-10bp;gc_cont=0.530;conf=99.29;score=21.52;cscore=12.77;sscore=8.75;rscore=3.18;uscore=0.47;tscore=3.92;
NODE_1_length_651596_cov_115.359902	Prodigal_v2.6.3	CDS	199878	200588	94.7	-	0	ID=1_197;partial=00;start_type=ATG;rbs_motif=GGAGG;rbs_spacer=5-10bp;gc_cont=0.491;conf=100.00;score=94.66;cscore=71.95;sscore=22.71;rscore=16.07;uscore=3.37;tscore=3.92;
NODE_1_length_651596_cov_115.359902	Prodigal_v2.6.3	CDS	200939	201148	35.2	+	0	ID=1_198;partial=00;start_type=ATG;rbs_motif=AGGAGG;rbs_spacer=5-10bp;gc_cont=0.452;conf=99.97;score=35.18;cscore=15.85;sscore=19.34;rscore=13.79;uscore=2.30;tscore=3.25;
NODE_1_length_651596_cov_115.359902	Prodigal_v2.6.3	CDS	201169	201375	10.6	+	0	ID=1_199;partial=00;start_type=ATG;rbs_motif=GGA/GAG/AGG;rbs_spacer=5-10bp;gc_cont=0.435;conf=91.94;score=10.59;cscore=9.62;sscore=0.97;rscore=-2.40;uscore=-0.89;tscore=3.20;
NODE_1_length_651596_cov_115.359902	Prodigal_v2.6.3	CDS	201344	203083	162.5	+	0	ID=1_200;partial=00;start_type=GTG;rbs_motif=None;rbs_spacer=None;gc_cont=0.429;conf=100.00;score=162.45;cscore=184.89;sscore=-22.44;rscore=-15.61;uscore=-2.47;tscore=-4.36;
NODE_1_length_651596_cov_115.359902	Prodigal_v2.6.3	CDS	203328	203801	22.6	-	0	ID=1_201;partial=00;start_type=ATG;rbs_motif=AGGA;rbs_spacer=5-10bp;gc_cont=0.340;conf=99.45;score=22.63;cscore=10.14;sscore=12.49;rscore=7.02;uscore=2.19;tscore=3.92;
NODE_1_length_651596_cov_115.359902	Prodigal_v2.6.3	CDS	204158	204769	34.7	+	0	ID=1_202;partial=00;start_type=ATG;rbs_motif=AGGA;rbs_spacer=5-10bp;gc_cont=0.444;conf=99.97;score=34.69;cscore=23.53;sscore=11.16;rscore=7.02;uscore=0.21;tscore=3.92;
NODE_1_length_651596_cov_115.359902	Prodigal_v2.6.3	CDS	204942	205574	36.1	-	0	ID=1_203;partial=00;start_type=ATG;rbs_motif=GGA/GAG/AGG;rbs_spacer=5-10bp;gc_cont=0.491;conf=99.98;score=36.10;cscore=33.76;sscore=2.34;rscore=-1.95;uscore=1.02;tscore=3.92;
NODE_1_length_651596_cov_115.359902	Prodigal_v2.6.3	CDS	205769	207211	172.6	-	0	ID=1_204;partial=00;start_type=ATG;rbs_motif=AGGA;rbs_spacer=5-10bp;gc_cont=0.495;conf=100.00;score=172.60;cscore=161.46;sscore=11.14;rscore=7.02;uscore=0.85;tscore=3.92;
NODE_1_length_651596_cov_115.359902	Prodigal_v2.6.3	CDS	207452	207811	35.5	+	0	ID=1_205;partial=00;start_type=ATG;rbs_motif=AGxAGG/AGGxGG;rbs_spacer=5-10bp;gc_cont=0.375;conf=99.97;score=35.47;cscore=19.55;sscore=15.92;rscore=11.15;uscore=0.84;tscore=3.92;
NODE_1_length_651596_cov_115.359902	Prodigal_v2.6.3	CDS	208454	209830	167.5	-	0	ID=1_206;partial=00;start_type=ATG;rbs_motif=GGAG/GAGG;rbs_spacer=5-10bp;gc_cont=0.489;conf=100.00;score=167.53;cscore=150.24;sscore=17.29;rscore=10.35;uscore=2.29;tscore=3.92;
NODE_1_length_651596_cov_115.359902	Prodigal_v2.6.3	CDS	209882	210040	2.0	-	0	ID=1_207;partial=00;start_type=ATG;rbs_motif=AGGA;rbs_spacer=5-10bp;gc_cont=0.403;conf=61.26;score=1.99;cscore=-3.08;sscore=5.08;rscore=4.38;uscore=-0.60;tscore=2.45;
NODE_1_length_651596_cov_115.359902	Prodigal_v2.6.3	CDS	210059	210697	71.6	+	0	ID=1_208;partial=00;start_type=ATG;rbs_motif=AGxAGG/AGGxGG;rbs_spacer=11-12bp;gc_cont=0.473;conf=100.00;score=71.58;cscore=61.27;sscore=10.31;rscore=5.02;uscore=1.36;tscore=3.92;
NODE_1_length_651596_cov_115.359902	Prodigal_v2.6.3	CDS	210746	211639	96.4	+	0	ID=1_209;partial=00;start_type=ATG;rbs_motif=AGGA;rbs_spacer=5-10bp;gc_cont=0.489;conf=100.00;score=96.37;cscore=84.60;sscore=11.77;rscore=7.02;uscore=0.07;tscore=3.92;
NODE_1_length_651596_cov_115.359902	Prodigal_v2.6.3	CDS	211804	212481	24.3	-	0	ID=1_210;partial=00;start_type=ATG;rbs_motif=GGAG/GAGG;rbs_spacer=5-10bp;gc_cont=0.358;conf=99.63;score=24.33;cscore=10.24;sscore=14.09;rscore=10.35;uscore=-0.19;tscore=3.92;
NODE_1_length_651596_cov_115.359902	Prodigal_v2.6.3	CDS	212637	212861	37.0	-	0	ID=1_211;partial=00;start_type=ATG;rbs_motif=GGAGG;rbs_spacer=5-10bp;gc_cont=0.444;conf=99.98;score=36.98;cscore=18.69;sscore=18.30;rscore=14.27;uscore=1.20;tscore=3.49;
NODE_1_length_651596_cov_115.359902	Prodigal_v2.6.3	CDS	213201	213806	66.4	-	0	ID=1_212;partial=00;start_type=ATG;rbs_motif=AGxAGG/AGGxGG;rbs_spacer=5-10bp;gc_cont=0.439;conf=100.00;score=66.41;cscore=48.77;sscore=17.65;rscore=11.15;uscore=3.22;tscore=3.92;
NODE_1_length_651596_cov_115.359902	Prodigal_v2.6.3	CDS	213984	214757	90.3	+	0	ID=1_213;partial=00;start_type=ATG;rbs_motif=GGAGG;rbs_spacer=5-10bp;gc_cont=0.523;conf=100.00;score=90.27;cscore=69.57;sscore=20.70;rscore=16.07;uscore=0.71;tscore=3.92;
NODE_1_length_651596_cov_115.359902	Prodigal_v2.6.3	CDS	215102	217252	231.3	+	0	ID=1_214;partial=00;start_type=ATG;rbs_motif=AGGAG;rbs_spacer=5-10bp;gc_cont=0.423;conf=99.99;score=231.30;cscore=210.86;sscore=20.44;rscore=15.31;uscore=1.86;tscore=3.92;
NODE_1_length_651596_cov_115.359902	Prodigal_v2.6.3	CDS	217272	217775	30.6	+	0	ID=1_215;partial=00;start_type=TTG;rbs_motif=AGGAGG;rbs_spacer=5-10bp;gc_cont=0.373;conf=99.91;score=30.60;cscore=22.47;sscore=8.13;rscore=16.65;uscore=-2.09;tscore=-7.50;
NODE_1_length_651596_cov_115.359902	Prodigal_v2.6.3	CDS	217708	218388	26.6	-	0	ID=1_216;partial=00;start_type=GTG;rbs_motif=GGA/GAG/AGG;rbs_spacer=5-10bp;gc_cont=0.364;conf=99.78;score=26.56;cscore=29.39;sscore=-2.83;rscore=-1.95;uscore=4.14;tscore=-4.36;
NODE_1_length_651596_cov_115.359902	Prodigal_v2.6.3	CDS	218614	218934	34.2	-	0	ID=1_217;partial=00;start_type=ATG;rbs_motif=GGAG/GAGG;rbs_spacer=5-10bp;gc_cont=0.470;conf=99.96;score=34.24;cscore=19.10;sscore=15.14;rscore=10.35;uscore=-0.37;tscore=3.92;
NODE_1_length_651596_cov_115.359902	Prodigal_v2.6.3	CDS	218939	219745	98.7	-	0	ID=1_218;partial=00;start_type=ATG;rbs_motif=GGA/GAG/AGG;rbs_spacer=5-10bp;gc_cont=0.468;conf=100.00;score=98.67;cscore=92.32;sscore=6.34;rscore=-1.95;uscore=3.57;tscore=3.92;
NODE_1_length_651596_cov_115.359902	Prodigal_v2.6.3	CDS	219789	220340	76.6	-	0	ID=1_219;partial=00;start_type=ATG;rbs_motif=GGAGG;rbs_spacer=5-10bp;gc_cont=0.455;conf=100.00;score=76.65;cscore=55.36;sscore=21.29;rscore=16.07;uscore=1.95;tscore=3.92;
NODE_1_length_651596_cov_115.359902	Prodigal_v2.6.3	CDS	220620	221321	103.4	+	0	ID=1_220;partial=00;start_type=ATG;rbs_motif=AGGAGG;rbs_spacer=5-10bp;gc_cont=0.476;conf=100.00;score=103.37;cscore=84.04;sscore=19.33;rscore=16.65;uscore=-1.25;tscore=3.92;
NODE_1_length_651596_cov_115.359902	Prodigal_v2.6.3	CDS	221334	223907	296.8	+	0	ID=1_221;partial=00;start_type=ATG;rbs_motif=GGA/GAG/AGG;rbs_spacer=5-10bp;gc_cont=0.509;conf=99.99;score=296.84;cscore=294.73;sscore=2.12;rscore=-1.95;uscore=-1.00;tscore=3.92;
NODE_1_length_651596_cov_115.359902	Prodigal_v2.6.3	CDS	224111	225346	123.0	+	0	ID=1_222;partial=00;start_type=ATG;rbs_motif=GGAG/GAGG;rbs_spacer=5-10bp;gc_cont=0.483;conf=100.00;score=122.96;cscore=104.99;sscore=17.97;rscore=10.35;uscore=4.34;tscore=3.92;
NODE_1_length_651596_cov_115.359902	Prodigal_v2.6.3	CDS	225835	226014	21.9	+	0	ID=1_223;partial=00;start_type=ATG;rbs_motif=AGGAGG;rbs_spacer=5-10bp;gc_cont=0.494;conf=99.35;score=21.87;cscore=6.35;sscore=15.53;rscore=11.79;uscore=1.61;tscore=2.78;
NODE_1_length_651596_cov_115.359902	Prodigal_v2.6.3	CDS	226065	226247	22.1	+	0	ID=1_224;partial=00;start_type=ATG;rbs_motif=GGAGG;rbs_spacer=5-10bp;gc_cont=0.454;conf=99.39;score=22.13;cscore=4.09;sscore=18.04;rscore=11.57;uscore=2.91;tscore=2.83;
NODE_1_length_651596_cov_115.359902	Prodigal_v2.6.3	CDS	226327	227184	45.2	+	0	ID=1_225;partial=00;start_type=ATG;rbs_motif=None;rbs_spacer=None;gc_cont=0.400;conf=100.00;score=45.21;cscore=56.68;sscore=-11.47;rscore=-15.61;uscore=0.21;tscore=3.92;
NODE_1_length_651596_cov_115.359902	Prodigal_v2.6.3	CDS	227463	227765	23.8	+	0	ID=1_226;partial=00;start_type=ATG;rbs_motif=AGGAG;rbs_spacer=5-10bp;gc_cont=0.528;conf=99.59;score=23.84;cscore=6.04;sscore=17.80;rscore=15.31;uscore=-0.78;tscore=3.92;
NODE_1_length_651596_cov_115.359902	Prodigal_v2.6.3	CDS	228770	229363	46.9	+	0	ID=1_227;partial=00;start_type=ATG;rbs_motif=GGAG/GAGG;rbs_spacer=5-10bp;gc_cont=0.399;conf=100.00;score=46.91;cscore=32.74;sscore=14.17;rscore=10.35;uscore=0.54;tscore=3.92;
NODE_1_length_651596_cov_115.359902	Prodigal_v2.6.3	CDS	229436	229660	17.6	-	0	ID=1_228;partial=00;start_type=ATG;rbs_motif=None;rbs_spacer=None;gc_cont=0.489;conf=98.27;score=17.57;cscore=12.79;sscore=4.78;rscore=-17.57;uscore=-2.43;tscore=3.49;
NODE_1_length_651596_cov_115.359902	Prodigal_v2.6.3	CDS	229657	230676	109.1	-	0	ID=1_229;partial=00;start_type=ATG;rbs_motif=AGGAGG;rbs_spacer=5-10bp;gc_cont=0.493;conf=100.00;score=109.06;cscore=85.04;sscore=24.02;rscore=16.65;uscore=2.19;tscore=3.92;
NODE_1_length_651596_cov_115.359902	Prodigal_v2.6.3	CDS	230669	232147	177.3	-	0	ID=1_230;partial=00;start_type=ATG;rbs_motif=GGAG/GAGG;rbs_spacer=5-10bp;gc_cont=0.496;conf=100.00;score=177.29;cscore=160.52;sscore=16.77;rscore=10.35;uscore=3.14;tscore=3.92;
NODE_1_length_651596_cov_115.359902	Prodigal_v2.6.3	CDS	232589	232825	35.5	-	0	ID=1_231;partial=00;start_type=ATG;rbs_motif=GGAGG;rbs_spacer=5-10bp;gc_cont=0.498;conf=99.97;score=35.52;cscore=13.97;sscore=21.54;rscore=15.04;uscore=2.83;tscore=3.67;
NODE_1_length_651596_cov_115.359902	Prodigal_v2.6.3	CDS	232912	233508	47.9	-	0	ID=1_232;partial=00;start_type=ATG;rbs_motif=GGA/GAG/AGG;rbs_spacer=11-12bp;gc_cont=0.511;conf=100.00;score=47.94;cscore=44.16;sscore=3.78;rscore=-4.11;uscore=3.02;tscore=3.92;
NODE_1_length_651596_cov_115.359902	Prodigal_v2.6.3	CDS	233539	233835	55.5	-	0	ID=1_233;partial=00;start_type=ATG;rbs_motif=AGGAGG;rbs_spacer=5-10bp;gc_cont=0.404;conf=100.00;score=55.50;cscore=33.43;sscore=22.08;rscore=16.65;uscore=1.50;tscore=3.92;
NODE_1_length_651596_cov_115.359902	Prodigal_v2.6.3	CDS	233963	234394	55.5	-	0	ID=1_234;partial=00;start_type=ATG;rbs_motif=AGGAGG;rbs_spacer=5-10bp;gc_cont=0.505;conf=100.00;score=55.47;cscore=37.22;sscore=18.26;rscore=16.65;uscore=-1.67;tscore=3.92;
NODE_1_length_651596_cov_115.359902	Prodigal_v2.6.3	CDS	234577	235281	100.4	+	0	ID=1_235;partial=00;start_type=ATG;rbs_motif=GGAGG;rbs_spacer=5-10bp;gc_cont=0.451;conf=100.00;score=100.42;cscore=78.14;sscore=22.27;rscore=16.07;uscore=2.28;tscore=3.92;
NODE_1_length_651596_cov_115.359902	Prodigal_v2.6.3	CDS	235386	238007	389.7	-	0	ID=1_236;partial=00;start_type=ATG;rbs_motif=AGGAG/GGAGG;rbs_spacer=11-12bp;gc_cont=0.487;conf=99.99;score=389.66;cscore=371.72;sscore=17.94;rscore=12.17;uscore=1.85;tscore=3.92;
NODE_1_length_651596_cov_115.359902	Prodigal_v2.6.3	CDS	238069	240030	276.1	-	0	ID=1_237;partial=00;start_type=GTG;rbs_motif=AGGAGG;rbs_spacer=5-10bp;gc_cont=0.496;conf=99.99;score=276.06;cscore=264.19;sscore=11.88;rscore=16.65;uscore=0.24;tscore=-4.36;
NODE_1_length_651596_cov_115.359902	Prodigal_v2.6.3	CDS	240283	241398	141.8	-	0	ID=1_238;partial=00;start_type=ATG;rbs_motif=None;rbs_spacer=None;gc_cont=0.463;conf=100.00;score=141.81;cscore=136.59;sscore=5.22;rscore=-15.61;uscore=-1.83;tscore=3.92;
NODE_1_length_651596_cov_115.359902	Prodigal_v2.6.3	CDS	241395	241607	30.8	-	0	ID=1_239;partial=00;start_type=ATG;rbs_motif=GGAGG;rbs_spacer=5-10bp;gc_cont=0.540;conf=99.92;score=30.75;cscore=14.75;sscore=16.00;rscore=13.50;uscore=-0.14;tscore=3.30;
NODE_1_length_651596_cov_115.359902	Prodigal_v2.6.3	CDS	242178	242360	9.5	+	0	ID=1_240;partial=00;start_type=ATG;rbs_motif=GGAGG;rbs_spacer=5-10bp;gc_cont=0.355;conf=89.80;score=9.46;cscore=-2.77;sscore=12.24;rscore=11.57;uscore=-1.66;tscore=2.83;
NODE_1_length_651596_cov_115.359902	Prodigal_v2.6.3	CDS	242460	243599	128.4	-	0	ID=1_241;partial=00;start_type=ATG;rbs_motif=AGGAGG;rbs_spacer=5-10bp;gc_cont=0.446;conf=100.00;score=128.41;cscore=103.80;sscore=24.61;rscore=16.65;uscore=4.03;tscore=3.92;
NODE_1_length_651596_cov_115.359902	Prodigal_v2.6.3	CDS	243772	245121	190.5	-	0	ID=1_242;partial=00;start_type=ATG;rbs_motif=AGGAGG;rbs_spacer=5-10bp;gc_cont=0.438;conf=99.99;score=190.50;cscore=170.85;sscore=19.65;rscore=16.65;uscore=-0.27;tscore=3.92;
NODE_1_length_651596_cov_115.359902	Prodigal_v2.6.3	CDS	245929	246069	8.8	+	0	ID=1_243;partial=00;start_type=ATG;rbs_motif=AGGAGG;rbs_spacer=5-10bp;gc_cont=0.468;conf=88.31;score=8.79;cscore=-2.76;sscore=11.55;rscore=9.19;uscore=0.69;tscore=2.17;
NODE_1_length_651596_cov_115.359902	Prodigal_v2.6.3	CDS	246230	246754	40.0	+	0	ID=1_244;partial=00;start_type=ATG;rbs_motif=GGxGG;rbs_spacer=5-10bp;gc_cont=0.440;conf=99.99;score=40.01;cscore=36.46;sscore=3.54;rscore=3.18;uscore=-3.56;tscore=3.92;
NODE_1_length_651596_cov_115.359902	Prodigal_v2.6.3	CDS	246899	247735	79.7	+	0	ID=1_245;partial=00;start_type=GTG;rbs_motif=GGAG/GAGG;rbs_spacer=5-10bp;gc_cont=0.465;conf=100.00;score=79.65;cscore=71.47;sscore=8.18;rscore=10.35;uscore=2.20;tscore=-4.36;
NODE_1_length_651596_cov_115.359902	Prodigal_v2.6.3	CDS	247753	248517	108.8	+	0	ID=1_246;partial=00;start_type=ATG;rbs_motif=GGAGG;rbs_spacer=5-10bp;gc_cont=0.477;conf=100.00;score=108.76;cscore=84.86;sscore=23.89;rscore=16.07;uscore=2.81;tscore=3.92;
NODE_1_length_651596_cov_115.359902	Prodigal_v2.6.3	CDS	248940	250328	206.0	+	0	ID=1_247;partial=00;start_type=ATG;rbs_motif=AGGAG;rbs_spacer=5-10bp;gc_cont=0.487;conf=99.99;score=206.01;cscore=185.79;sscore=20.22;rscore=15.31;uscore=1.64;tscore=3.92;
NODE_1_length_651596_cov_115.359902	Prodigal_v2.6.3	CDS	250370	252271	267.4	+	0	ID=1_248;partial=00;start_type=ATG;rbs_motif=GGAGG;rbs_spacer=5-10bp;gc_cont=0.498;conf=99.99;score=267.42;cscore=247.98;sscore=19.44;rscore=16.07;uscore=-1.38;tscore=3.92;
NODE_1_length_651596_cov_115.359902	Prodigal_v2.6.3	CDS	252534	252743	20.2	+	0	ID=1_249;partial=00;start_type=ATG;rbs_motif=AGGAG;rbs_spacer=5-10bp;gc_cont=0.357;conf=99.05;score=20.20;cscore=2.68;sscore=17.52;rscore=12.67;uscore=2.25;tscore=3.25;
NODE_1_length_651596_cov_115.359902	Prodigal_v2.6.3	CDS	252905	253669	101.7	+	0	ID=1_250;partial=00;start_type=ATG;rbs_motif=AGGAG;rbs_spacer=5-10bp;gc_cont=0.493;conf=100.00;score=101.74;cscore=83.59;sscore=18.15;rscore=15.31;uscore=-1.08;tscore=3.92;
NODE_1_length_651596_cov_115.359902	Prodigal_v2.6.3	CDS	253671	254159	49.7	+	0	ID=1_251;partial=00;start_type=ATG;rbs_motif=GGAGG;rbs_spacer=5-10bp;gc_cont=0.499;conf=100.00;score=49.74;cscore=27.68;sscore=22.05;rscore=16.07;uscore=0.80;tscore=3.92;
NODE_1_length_651596_cov_115.359902	Prodigal_v2.6.3	CDS	254156	255355	166.7	+	0	ID=1_252;partial=00;start_type=ATG;rbs_motif=GGAG/GAGG;rbs_spacer=5-10bp;gc_cont=0.496;conf=100.00;score=166.65;cscore=148.58;sscore=18.07;rscore=10.35;uscore=2.50;tscore=3.92;
NODE_1_length_651596_cov_115.359902	Prodigal_v2.6.3	CDS	255499	256584	179.9	-	0	ID=1_253;partial=00;start_type=ATG;rbs_motif=AGGAG;rbs_spacer=5-10bp;gc_cont=0.489;conf=99.99;score=179.88;cscore=158.84;sscore=21.04;rscore=15.31;uscore=2.46;tscore=3.92;
NODE_1_length_651596_cov_115.359902	Prodigal_v2.6.3	CDS	257307	262979	697.9	+	0	ID=1_254;partial=00;start_type=ATG;rbs_motif=AGGA;rbs_spacer=5-10bp;gc_cont=0.473;conf=99.99;score=697.92;cscore=686.05;sscore=11.87;rscore=7.02;uscore=0.92;tscore=3.92;
NODE_1_length_651596_cov_115.359902	Prodigal_v2.6.3	CDS	263135	264325	149.0	-	0	ID=1_255;partial=00;start_type=ATG;rbs_motif=GGAGG;rbs_spacer=5-10bp;gc_cont=0.453;conf=100.00;score=148.97;cscore=125.26;sscore=23.71;rscore=16.07;uscore=2.53;tscore=3.92;
NODE_1_length_651596_cov_115.359902	Prodigal_v2.6.3	CDS	264312	265001	73.1	-	0	ID=1_256;partial=00;start_type=ATG;rbs_motif=GGA/GAG/AGG;rbs_spacer=5-10bp;gc_cont=0.451;conf=100.00;score=73.07;cscore=71.51;sscore=1.57;rscore=-1.95;uscore=-1.65;tscore=3.92;
NODE_1_length_651596_cov_115.359902	Prodigal_v2.6.3	CDS	264994	266058	126.2	-	0	ID=1_257;partial=00;start_type=ATG;rbs_motif=AGGAGG;rbs_spacer=5-10bp;gc_cont=0.463;conf=100.00;score=126.19;cscore=110.33;sscore=15.86;rscore=16.65;uscore=-4.06;tscore=3.92;
NODE_1_length_651596_cov_115.359902	Prodigal_v2.6.3	CDS	266629	266805	21.2	-	0	ID=1_258;partial=00;start_type=ATG;rbs_motif=GGAG/GAGG;rbs_spacer=5-10bp;gc_cont=0.452;conf=99.24;score=21.20;cscore=10.32;sscore=10.88;rscore=7.20;uscore=-0.22;tscore=2.73;
NODE_1_length_651596_cov_115.359902	Prodigal_v2.6.3	CDS	266816	267076	33.1	-	0	ID=1_259;partial=00;start_type=ATG;rbs_motif=GGAGG;rbs_spacer=5-10bp;gc_cont=0.402;conf=99.95;score=33.12;cscore=11.70;sscore=21.42;rscore=16.07;uscore=2.08;tscore=3.92;
NODE_1_length_651596_cov_115.359902	Prodigal_v2.6.3	CDS	267419	268204	117.9	-	0	ID=1_260;partial=00;start_type=ATG;rbs_motif=GGAGG;rbs_spacer=5-10bp;gc_cont=0.468;conf=100.00;score=117.89;cscore=95.90;sscore=21.99;rscore=16.07;uscore=2.65;tscore=3.92;
NODE_1_length_651596_cov_115.359902	Prodigal_v2.6.3	CDS	268502	269212	93.7	-	0	ID=1_261;partial=00;start_type=ATG;rbs_motif=AGxAGG/AGGxGG;rbs_spacer=5-10bp;gc_cont=0.467;conf=100.00;score=93.73;cscore=77.57;sscore=16.16;rscore=11.15;uscore=1.74;tscore=3.92;
NODE_1_length_651596_cov_115.359902	Prodigal_v2.6.3	CDS	269614	271440	240.0	+	0	ID=1_262;partial=00;start_type=TTG;rbs_motif=AGGAG;rbs_spacer=5-10bp;gc_cont=0.462;conf=99.99;score=240.01;cscore=227.32;sscore=12.69;rscore=15.31;uscore=4.88;tscore=-7.50;
NODE_1_length_651596_cov_115.359902	Prodigal_v2.6.3	CDS	271477	273534	242.7	+	0	ID=1_263;partial=00;start_type=ATG;rbs_motif=GGAG/GAGG;rbs_spacer=5-10bp;gc_cont=0.495;conf=99.99;score=242.65;cscore=232.00;sscore=10.65;rscore=10.35;uscore=-4.51;tscore=3.92;
NODE_1_length_651596_cov_115.359902	Prodigal_v2.6.3	CDS	273539	273982	63.5	+	0	ID=1_264;partial=00;start_type=ATG;rbs_motif=GGA/GAG/AGG;rbs_spacer=5-10bp;gc_cont=0.446;conf=100.00;score=63.49;cscore=54.77;sscore=8.72;rscore=-1.95;uscore=5.52;tscore=3.92;
NODE_1_length_651596_cov_115.359902	Prodigal_v2.6.3	CDS	273986	275140	165.4	+	0	ID=1_265;partial=00;start_type=ATG;rbs_motif=4Base/6BMM;rbs_spacer=13-15bp;gc_cont=0.474;conf=100.00;score=165.41;cscore=167.01;sscore=-1.60;rscore=-7.75;uscore=0.99;tscore=3.92;
NODE_1_length_651596_cov_115.359902	Prodigal_v2.6.3	CDS	275258	276214	129.4	+	0	ID=1_266;partial=00;start_type=ATG;rbs_motif=GGAGG;rbs_spacer=5-10bp;gc_cont=0.507;conf=100.00;score=129.45;cscore=106.96;sscore=22.49;rscore=16.07;uscore=2.50;tscore=3.92;
NODE_1_length_651596_cov_115.359902	Prodigal_v2.6.3	CDS	276311	277240	108.6	-	0	ID=1_267;partial=00;start_type=ATG;rbs_motif=GGAGG;rbs_spacer=5-10bp;gc_cont=0.499;conf=100.00;score=108.63;cscore=88.87;sscore=19.75;rscore=16.07;uscore=0.41;tscore=3.92;
NODE_1_length_651596_cov_115.359902	Prodigal_v2.6.3	CDS	277440	278360	133.8	+	0	ID=1_268;partial=00;start_type=ATG;rbs_motif=GGAG/GAGG;rbs_spacer=5-10bp;gc_cont=0.494;conf=100.00;score=133.84;cscore=118.08;sscore=15.76;rscore=10.35;uscore=1.48;tscore=3.92;
NODE_1_length_651596_cov_115.359902	Prodigal_v2.6.3	CDS	279033	279962	112.2	+	0	ID=1_269;partial=00;start_type=ATG;rbs_motif=AGxAGG/AGGxGG;rbs_spacer=11-12bp;gc_cont=0.472;conf=100.00;score=112.20;cscore=100.68;sscore=11.52;rscore=5.02;uscore=3.23;tscore=3.92;
NODE_1_length_651596_cov_115.359902	Prodigal_v2.6.3	CDS	280042	281340	129.0	-	0	ID=1_270;partial=00;start_type=ATG;rbs_motif=AGGA;rbs_spacer=5-10bp;gc_cont=0.482;conf=100.00;score=129.05;cscore=117.55;sscore=11.50;rscore=7.02;uscore=1.21;tscore=3.92;
NODE_1_length_651596_cov_115.359902	Prodigal_v2.6.3	CDS	281531	281929	34.7	+	0	ID=1_271;partial=00;start_type=ATG;rbs_motif=GGA/GAG/AGG;rbs_spacer=11-12bp;gc_cont=0.461;conf=99.97;score=34.69;cscore=32.02;sscore=2.66;rscore=-4.11;uscore=2.85;tscore=3.92;
NODE_1_length_651596_cov_115.359902	Prodigal_v2.6.3	CDS	282049	282558	48.0	+	0	ID=1_272;partial=00;start_type=TTG;rbs_motif=AGGAG;rbs_spacer=5-10bp;gc_cont=0.471;conf=100.00;score=48.04;cscore=41.18;sscore=6.86;rscore=15.31;uscore=-0.94;tscore=-7.50;
NODE_1_length_651596_cov_115.359902	Prodigal_v2.6.3	CDS	282816	283673	121.5	+	0	ID=1_273;partial=00;start_type=ATG;rbs_motif=AGGA;rbs_spacer=5-10bp;gc_cont=0.487;conf=100.00;score=121.46;cscore=110.60;sscore=10.86;rscore=7.02;uscore=0.56;tscore=3.92;
NODE_1_length_651596_cov_115.359902	Prodigal_v2.6.3	CDS	283928	284617	94.6	-	0	ID=1_274;partial=00;start_type=ATG;rbs_motif=AGGAGG;rbs_spacer=5-10bp;gc_cont=0.442;conf=100.00;score=94.64;cscore=75.35;sscore=19.29;rscore=16.65;uscore=-1.29;tscore=3.92;
NODE_1_length_651596_cov_115.359902	Prodigal_v2.6.3	CDS	284595	286139	186.9	-	0	ID=1_275;partial=00;start_type=ATG;rbs_motif=AGGAG;rbs_spacer=5-10bp;gc_cont=0.469;conf=99.99;score=186.92;cscore=166.68;sscore=20.23;rscore=15.31;uscore=1.66;tscore=3.92;
NODE_1_length_651596_cov_115.359902	Prodigal_v2.6.3	CDS	286292	287617	158.0	+	0	ID=1_276;partial=00;start_type=ATG;rbs_motif=GGxGG;rbs_spacer=5-10bp;gc_cont=0.477;conf=100.00;score=158.03;cscore=148.14;sscore=9.89;rscore=3.18;uscore=2.79;tscore=3.92;
NODE_1_length_651596_cov_115.359902	Prodigal_v2.6.3	CDS	287810	288988	172.4	+	0	ID=1_277;partial=00;start_type=ATG;rbs_motif=AGxAGG/AGGxGG;rbs_spacer=5-10bp;gc_cont=0.499;conf=100.00;score=172.36;cscore=154.69;sscore=17.67;rscore=11.15;uscore=3.24;tscore=3.92;
NODE_1_length_651596_cov_115.359902	Prodigal_v2.6.3	CDS	289648	290067	29.3	+	0	ID=1_278;partial=00;start_type=TTG;rbs_motif=AGGAGG;rbs_spacer=5-10bp;gc_cont=0.438;conf=99.88;score=29.29;cscore=21.01;sscore=8.28;rscore=16.65;uscore=-0.23;tscore=-7.50;
NODE_1_length_651596_cov_115.359902	Prodigal_v2.6.3	CDS	290179	290763	21.2	+	0	ID=1_279;partial=00;start_type=TTG;rbs_motif=AGGAGG;rbs_spacer=5-10bp;gc_cont=0.470;conf=99.24;score=21.20;cscore=10.48;sscore=10.72;rscore=16.65;uscore=1.57;tscore=-7.50;
NODE_1_length_651596_cov_115.359902	Prodigal_v2.6.3	CDS	290918	292312	159.6	+	0	ID=1_280;partial=00;start_type=ATG;rbs_motif=AGGA;rbs_spacer=5-10bp;gc_cont=0.480;conf=100.00;score=159.64;cscore=146.66;sscore=12.98;rscore=7.02;uscore=2.03;tscore=3.92;
NODE_1_length_651596_cov_115.359902	Prodigal_v2.6.3	CDS	292452	293246	96.7	-	0	ID=1_281;partial=00;start_type=ATG;rbs_motif=GGAG/GAGG;rbs_spacer=5-10bp;gc_cont=0.453;conf=100.00;score=96.67;cscore=82.86;sscore=13.81;rscore=10.35;uscore=-1.50;tscore=3.92;
NODE_1_length_651596_cov_115.359902	Prodigal_v2.6.3	CDS	293269	293916	79.7	-	0	ID=1_282;partial=00;start_type=ATG;rbs_motif=AGGAG/GGAGG;rbs_spacer=11-12bp;gc_cont=0.440;conf=100.00;score=79.68;cscore=62.40;sscore=17.28;rscore=12.17;uscore=1.19;tscore=3.92;
NODE_1_length_651596_cov_115.359902	Prodigal_v2.6.3	CDS	294082	295191	107.5	-	0	ID=1_283;partial=00;start_type=ATG;rbs_motif=None;rbs_spacer=None;gc_cont=0.451;conf=100.00;score=107.54;cscore=122.82;sscore=-15.27;rscore=-15.61;uscore=-2.94;tscore=3.92;
NODE_1_length_651596_cov_115.359902	Prodigal_v2.6.3	CDS	295671	297833	146.1	-	0	ID=1_284;partial=00;start_type=ATG;rbs_motif=GGAGG;rbs_spacer=5-10bp;gc_cont=0.471;conf=100.00;score=146.13;cscore=127.13;sscore=19.00;rscore=16.07;uscore=-2.25;tscore=3.92;
NODE_1_length_651596_cov_115.359902	Prodigal_v2.6.3	CDS	297826	298818	76.5	-	0	ID=1_285;partial=00;start_type=ATG;rbs_motif=GGxGG;rbs_spacer=5-10bp;gc_cont=0.490;conf=100.00;score=76.55;cscore=68.60;sscore=7.95;rscore=3.18;uscore=-0.38;tscore=3.92;
NODE_1_length_651596_cov_115.359902	Prodigal_v2.6.3	CDS	298823	299758	126.1	-	0	ID=1_286;partial=00;start_type=ATG;rbs_motif=GGAGG;rbs_spacer=5-10bp;gc_cont=0.493;conf=100.00;score=126.12;cscore=107.39;sscore=18.72;rscore=16.07;uscore=-0.62;tscore=3.92;
NODE_1_length_651596_cov_115.359902	Prodigal_v2.6.3	CDS	300125	300748	81.6	+	0	ID=1_287;partial=00;start_type=ATG;rbs_motif=GGAG/GAGG;rbs_spacer=5-10bp;gc_cont=0.455;conf=100.00;score=81.57;cscore=66.41;sscore=15.16;rscore=10.35;uscore=0.88;tscore=3.92;
NODE_1_length_651596_cov_115.359902	Prodigal_v2.6.3	CDS	300856	301404	47.0	-	0	ID=1_288;partial=00;start_type=ATG;rbs_motif=None;rbs_spacer=None;gc_cont=0.483;conf=100.00;score=47.04;cscore=53.83;sscore=-6.78;rscore=-15.61;uscore=5.55;tscore=3.92;
NODE_1_length_651596_cov_115.359902	Prodigal_v2.6.3	CDS	301654	303069	191.0	+	0	ID=1_289;partial=00;start_type=ATG;rbs_motif=GGA/GAG/AGG;rbs_spacer=11-12bp;gc_cont=0.472;conf=99.99;score=190.98;cscore=193.67;sscore=-2.69;rscore=-4.11;uscore=-2.51;tscore=3.92;
NODE_1_length_651596_cov_115.359902	Prodigal_v2.6.3	CDS	303256	304722	157.5	+	0	ID=1_290;partial=00;start_type=GTG;rbs_motif=3Base/5BMM;rbs_spacer=13-15bp;gc_cont=0.469;conf=100.00;score=157.46;cscore=174.26;sscore=-16.79;rscore=-11.64;uscore=-0.14;tscore=-4.36;
NODE_1_length_651596_cov_115.359902	Prodigal_v2.6.3	CDS	304719	305459	119.4	+	0	ID=1_291;partial=00;start_type=ATG;rbs_motif=AGxAGG/AGGxGG;rbs_spacer=5-10bp;gc_cont=0.498;conf=100.00;score=119.42;cscore=103.05;sscore=16.37;rscore=11.15;uscore=-1.34;tscore=3.92;
NODE_1_length_651596_cov_115.359902	Prodigal_v2.6.3	CDS	305576	306445	109.8	-	0	ID=1_292;partial=00;start_type=ATG;rbs_motif=AGGAGG;rbs_spacer=5-10bp;gc_cont=0.494;conf=100.00;score=109.81;cscore=91.26;sscore=18.55;rscore=16.65;uscore=-2.02;tscore=3.92;
NODE_1_length_651596_cov_115.359902	Prodigal_v2.6.3	CDS	306543	307319	87.3	-	0	ID=1_293;partial=00;start_type=ATG;rbs_motif=AGGAG;rbs_spacer=5-10bp;gc_cont=0.468;conf=100.00;score=87.32;cscore=68.26;sscore=19.06;rscore=15.31;uscore=-1.39;tscore=3.92;
NODE_1_length_651596_cov_115.359902	Prodigal_v2.6.3	CDS	307309	308874	153.2	-	0	ID=1_294;partial=00;start_type=ATG;rbs_motif=AGGAGG;rbs_spacer=5-10bp;gc_cont=0.490;conf=100.00;score=153.18;cscore=133.88;sscore=19.30;rscore=16.65;uscore=-2.49;tscore=3.92;
NODE_1_length_651596_cov_115.359902	Prodigal_v2.6.3	CDS	308864	309337	59.3	-	0	ID=1_295;partial=00;start_type=ATG;rbs_motif=GGAGG;rbs_spacer=5-10bp;gc_cont=0.500;conf=100.00;score=59.26;cscore=37.66;sscore=21.60;rscore=16.07;uscore=2.26;tscore=3.92;
NODE_1_length_651596_cov_115.359902	Prodigal_v2.6.3	CDS	309519	309842	48.5	-	0	ID=1_296;partial=00;start_type=ATG;rbs_motif=GGAG/GAGG;rbs_spacer=5-10bp;gc_cont=0.448;conf=100.00;score=48.54;cscore=33.98;sscore=14.55;rscore=10.35;uscore=0.93;tscore=3.92;
NODE_1_length_651596_cov_115.359902	Prodigal_v2.6.3	CDS	310000	310338	28.7	+	0	ID=1_297;partial=00;start_type=ATG;rbs_motif=GGxGG;rbs_spacer=5-10bp;gc_cont=0.448;conf=99.86;score=28.73;cscore=20.14;sscore=8.59;rscore=3.18;uscore=1.49;tscore=3.92;
NODE_1_length_651596_cov_115.359902	Prodigal_v2.6.3	CDS	310411	311121	78.3	+	0	ID=1_298;partial=00;start_type=ATG;rbs_motif=AGxAGG/AGGxGG;rbs_spacer=5-10bp;gc_cont=0.474;conf=100.00;score=78.29;cscore=62.73;sscore=15.56;rscore=11.15;uscore=0.48;tscore=3.92;
NODE_1_length_651596_cov_115.359902	Prodigal_v2.6.3	CDS	311304	312575	162.7	+	0	ID=1_299;partial=00;start_type=ATG;rbs_motif=GGAGG;rbs_spacer=5-10bp;gc_cont=0.457;conf=100.00;score=162.73;cscore=143.62;sscore=19.11;rscore=16.07;uscore=-0.23;tscore=3.92;
NODE_1_length_651596_cov_115.359902	Prodigal_v2.6.3	CDS	312601	312855	42.7	+	0	ID=1_300;partial=00;start_type=ATG;rbs_motif=AGxAGG/AGGxGG;rbs_spacer=5-10bp;gc_cont=0.471;conf=99.99;score=42.73;cscore=23.01;sscore=19.72;rscore=11.15;uscore=3.64;tscore=3.92;
NODE_1_length_651596_cov_115.359902	Prodigal_v2.6.3	CDS	312927	313673	107.8	-	0	ID=1_301;partial=00;start_type=ATG;rbs_motif=AGGAGG;rbs_spacer=5-10bp;gc_cont=0.479;conf=100.00;score=107.78;cscore=86.03;sscore=21.75;rscore=16.65;uscore=-0.07;tscore=3.92;
NODE_1_length_651596_cov_115.359902	Prodigal_v2.6.3	CDS	313677	315284	209.2	-	0	ID=1_302;partial=00;start_type=ATG;rbs_motif=AGxAGG/AGGxGG;rbs_spacer=5-10bp;gc_cont=0.484;conf=99.99;score=209.21;cscore=195.70;sscore=13.51;rscore=11.15;uscore=-1.57;tscore=3.92;
NODE_1_length_651596_cov_115.359902	Prodigal_v2.6.3	CDS	315380	315541	5.4	-	0	ID=1_303;partial=00;start_type=GTG;rbs_motif=GGAG/GAGG;rbs_spacer=5-10bp;gc_cont=0.543;conf=77.61;score=5.41;cscore=5.34;sscore=0.07;rscore=6.58;uscore=1.00;tscore=-6.86;
NODE_1_length_651596_cov_115.359902	Prodigal_v2.6.3	CDS	315987	316862	81.2	+	0	ID=1_304;partial=00;start_type=ATG;rbs_motif=GGA/GAG/AGG;rbs_spacer=11-12bp;gc_cont=0.477;conf=100.00;score=81.16;cscore=76.70;sscore=4.46;rscore=-4.11;uscore=4.65;tscore=3.92;
NODE_1_length_651596_cov_115.359902	Prodigal_v2.6.3	CDS	316859	317707	86.2	+	0	ID=1_305;partial=00;start_type=ATG;rbs_motif=AGGAGG;rbs_spacer=5-10bp;gc_cont=0.444;conf=100.00;score=86.19;cscore=63.62;sscore=22.56;rscore=16.65;uscore=0.69;tscore=3.92;
NODE_1_length_651596_cov_115.359902	Prodigal_v2.6.3	CDS	317863	318882	101.9	-	0	ID=1_306;partial=00;start_type=ATG;rbs_motif=AGGA/GGAG/GAGG;rbs_spacer=11-12bp;gc_cont=0.441;conf=100.00;score=101.93;cscore=89.96;sscore=11.97;rscore=5.64;uscore=1.23;tscore=3.92;
NODE_1_length_651596_cov_115.359902	Prodigal_v2.6.3	CDS	318892	319011	2.9	-	0	ID=1_307;partial=00;start_type=ATG;rbs_motif=AGGA/GGAG/GAGG;rbs_spacer=11-12bp;gc_cont=0.467;conf=66.22;score=2.93;cscore=-0.44;sscore=3.37;rscore=2.64;uscore=0.04;tscore=1.84;
NODE_1_length_651596_cov_115.359902	Prodigal_v2.6.3	CDS	319117	320388	133.5	+	0	ID=1_308;partial=00;start_type=ATG;rbs_motif=AGGAGG;rbs_spacer=5-10bp;gc_cont=0.465;conf=100.00;score=133.53;cscore=111.99;sscore=21.54;rscore=16.65;uscore=0.96;tscore=3.92;
NODE_1_length_651596_cov_115.359902	Prodigal_v2.6.3	CDS	320623	321597	141.2	+	0	ID=1_309;partial=00;start_type=ATG;rbs_motif=AGGAGG;rbs_spacer=5-10bp;gc_cont=0.477;conf=100.00;score=141.25;cscore=119.08;sscore=22.16;rscore=16.65;uscore=2.24;tscore=3.92;
NODE_1_length_651596_cov_115.359902	Prodigal_v2.6.3	CDS	321625	322440	118.1	+	0	ID=1_310;partial=00;start_type=ATG;rbs_motif=GGAGG;rbs_spacer=5-10bp;gc_cont=0.505;conf=100.00;score=118.07;cscore=95.15;sscore=22.92;rscore=16.07;uscore=1.95;tscore=3.92;
NODE_1_length_651596_cov_115.359902	Prodigal_v2.6.3	CDS	322458	323369	119.8	+	0	ID=1_311;partial=00;start_type=ATG;rbs_motif=AGGAGG;rbs_spacer=5-10bp;gc_cont=0.467;conf=100.00;score=119.78;cscore=94.45;sscore=25.33;rscore=16.65;uscore=3.67;tscore=3.92;
NODE_1_length_651596_cov_115.359902	Prodigal_v2.6.3	CDS	323631	323996	31.2	+	0	ID=1_312;partial=00;start_type=ATG;rbs_motif=AGGA;rbs_spacer=5-10bp;gc_cont=0.448;conf=99.92;score=31.16;cscore=18.38;sscore=12.78;rscore=7.02;uscore=2.49;tscore=3.92;
NODE_1_length_651596_cov_115.359902	Prodigal_v2.6.3	CDS	324122	325051	148.0	-	0	ID=1_313;partial=00;start_type=ATG;rbs_motif=AGGAGG;rbs_spacer=5-10bp;gc_cont=0.467;conf=100.00;score=147.98;cscore=127.58;sscore=20.40;rscore=16.65;uscore=-0.18;tscore=3.92;
NODE_1_length_651596_cov_115.359902	Prodigal_v2.6.3	CDS	325112	326305	112.4	-	0	ID=1_314;partial=00;start_type=ATG;rbs_motif=GGAGG;rbs_spacer=5-10bp;gc_cont=0.507;conf=100.00;score=112.38;cscore=93.66;sscore=18.72;rscore=16.07;uscore=-0.62;tscore=3.92;
NODE_1_length_651596_cov_115.359902	Prodigal_v2.6.3	CDS	326583	328004	159.8	-	0	ID=1_315;partial=00;start_type=ATG;rbs_motif=AGxAGG/AGGxGG;rbs_spacer=5-10bp;gc_cont=0.502;conf=100.00;score=159.78;cscore=145.71;sscore=14.07;rscore=11.15;uscore=-0.35;tscore=3.92;
NODE_1_length_651596_cov_115.359902	Prodigal_v2.6.3	CDS	328265	328888	83.5	-	0	ID=1_316;partial=00;start_type=ATG;rbs_motif=AGGAG;rbs_spacer=5-10bp;gc_cont=0.479;conf=100.00;score=83.52;cscore=64.17;sscore=19.35;rscore=15.31;uscore=0.78;tscore=3.92;
NODE_1_length_651596_cov_115.359902	Prodigal_v2.6.3	CDS	329321	329842	42.7	-	0	ID=1_317;partial=00;start_type=TTG;rbs_motif=None;rbs_spacer=None;gc_cont=0.490;conf=99.99;score=42.73;cscore=48.11;sscore=-5.38;rscore=-15.61;uscore=0.82;tscore=-7.50;
NODE_1_length_651596_cov_115.359902	Prodigal_v2.6.3	CDS	329839	330303	63.1	-	0	ID=1_318;partial=00;start_type=GTG;rbs_motif=AGGAG/GGAGG;rbs_spacer=11-12bp;gc_cont=0.471;conf=100.00;score=63.13;cscore=53.06;sscore=10.07;rscore=12.17;uscore=2.92;tscore=-4.36;
NODE_1_length_651596_cov_115.359902	Prodigal_v2.6.3	CDS	330441	330992	77.2	+	0	ID=1_319;partial=00;start_type=ATG;rbs_motif=AGGAG;rbs_spacer=5-10bp;gc_cont=0.478;conf=100.00;score=77.16;cscore=54.01;sscore=23.15;rscore=15.31;uscore=3.92;tscore=3.92;
NODE_1_length_651596_cov_115.359902	Prodigal_v2.6.3	CDS	331136	331465	66.0	-	0	ID=1_320;partial=00;start_type=ATG;rbs_motif=AGGAG;rbs_spacer=5-10bp;gc_cont=0.448;conf=100.00;score=65.97;cscore=43.53;sscore=22.44;rscore=15.31;uscore=1.92;tscore=3.92;
NODE_1_length_651596_cov_115.359902	Prodigal_v2.6.3	CDS	331465	331797	62.7	-	0	ID=1_321;partial=00;start_type=ATG;rbs_motif=AGGAG;rbs_spacer=5-10bp;gc_cont=0.435;conf=100.00;score=62.68;cscore=39.03;sscore=23.65;rscore=15.31;uscore=5.07;tscore=3.92;
NODE_1_length_651596_cov_115.359902	Prodigal_v2.6.3	CDS	331914	332624	92.7	+	0	ID=1_322;partial=00;start_type=ATG;rbs_motif=GGAGG;rbs_spacer=5-10bp;gc_cont=0.474;conf=100.00;score=92.66;cscore=73.43;sscore=19.23;rscore=16.07;uscore=-0.76;tscore=3.92;
NODE_1_length_651596_cov_115.359902	Prodigal_v2.6.3	CDS	332793	334151	163.6	+	0	ID=1_323;partial=00;start_type=ATG;rbs_motif=AGGAG;rbs_spacer=5-10bp;gc_cont=0.472;conf=100.00;score=163.58;cscore=143.83;sscore=19.74;rscore=15.31;uscore=0.51;tscore=3.92;
NODE_1_length_651596_cov_115.359902	Prodigal_v2.6.3	CDS	334207	334626	48.2	+	0	ID=1_324;partial=00;start_type=TTG;rbs_motif=AGxAGG/AGGxGG;rbs_spacer=5-10bp;gc_cont=0.483;conf=100.00;score=48.20;cscore=40.81;sscore=7.39;rscore=11.15;uscore=3.07;tscore=-7.50;
NODE_1_length_651596_cov_115.359902	Prodigal_v2.6.3	CDS	334639	335739	140.8	+	0	ID=1_325;partial=00;start_type=ATG;rbs_motif=AGGA;rbs_spacer=5-10bp;gc_cont=0.477;conf=100.00;score=140.76;cscore=131.85;sscore=8.91;rscore=7.02;uscore=-3.18;tscore=3.92;
NODE_1_length_651596_cov_115.359902	Prodigal_v2.6.3	CDS	336092	337474	177.4	-	0	ID=1_326;partial=00;start_type=ATG;rbs_motif=GGAG/GAGG;rbs_spacer=5-10bp;gc_cont=0.497;conf=100.00;score=177.36;cscore=164.11;sscore=13.25;rscore=10.35;uscore=-2.27;tscore=3.92;
NODE_1_length_651596_cov_115.359902	Prodigal_v2.6.3	CDS	337467	338687	176.8	-	0	ID=1_327;partial=00;start_type=ATG;rbs_motif=AGGAGG;rbs_spacer=11-12bp;gc_cont=0.492;conf=100.00;score=176.81;cscore=155.11;sscore=21.71;rscore=14.31;uscore=2.76;tscore=3.92;
NODE_1_length_651596_cov_115.359902	Prodigal_v2.6.3	CDS	338740	340188	198.7	-	0	ID=1_328;partial=00;start_type=ATG;rbs_motif=AGGAG;rbs_spacer=5-10bp;gc_cont=0.489;conf=99.99;score=198.68;cscore=175.43;sscore=23.25;rscore=15.31;uscore=4.02;tscore=3.92;
NODE_1_length_651596_cov_115.359902	Prodigal_v2.6.3	CDS	340289	340963	74.2	-	0	ID=1_329;partial=00;start_type=ATG;rbs_motif=GGAGG;rbs_spacer=5-10bp;gc_cont=0.495;conf=100.00;score=74.24;cscore=54.74;sscore=19.50;rscore=16.07;uscore=0.16;tscore=3.92;
NODE_1_length_651596_cov_115.359902	Prodigal_v2.6.3	CDS	341542	342255	109.1	+	0	ID=1_330;partial=00;start_type=ATG;rbs_motif=AGGAGG;rbs_spacer=5-10bp;gc_cont=0.478;conf=100.00;score=109.09;cscore=89.16;sscore=19.93;rscore=16.65;uscore=-0.65;tscore=3.92;
NODE_1_length_651596_cov_115.359902	Prodigal_v2.6.3	CDS	342271	344181	257.2	+	0	ID=1_331;partial=00;start_type=TTG;rbs_motif=AGGAG;rbs_spacer=5-10bp;gc_cont=0.463;conf=99.99;score=257.24;cscore=247.68;sscore=9.56;rscore=15.31;uscore=0.65;tscore=-7.50;
NODE_1_length_651596_cov_115.359902	Prodigal_v2.6.3	CDS	344171	345598	145.1	+	0	ID=1_332;partial=00;start_type=ATG;rbs_motif=AGGAG/GGAGG;rbs_spacer=11-12bp;gc_cont=0.446;conf=100.00;score=145.09;cscore=130.36;sscore=14.73;rscore=12.17;uscore=-2.58;tscore=3.92;
NODE_1_length_651596_cov_115.359902	Prodigal_v2.6.3	CDS	345653	346450	97.4	+	0	ID=1_333;partial=00;start_type=GTG;rbs_motif=GGAGG;rbs_spacer=5-10bp;gc_cont=0.464;conf=100.00;score=97.42;cscore=88.92;sscore=8.50;rscore=16.07;uscore=-3.89;tscore=-4.36;
NODE_1_length_651596_cov_115.359902	Prodigal_v2.6.3	CDS	346529	347338	102.9	+	0	ID=1_334;partial=00;start_type=GTG;rbs_motif=GGAG/GAGG;rbs_spacer=5-10bp;gc_cont=0.498;conf=100.00;score=102.90;cscore=93.72;sscore=9.18;rscore=10.35;uscore=3.20;tscore=-4.36;
NODE_1_length_651596_cov_115.359902	Prodigal_v2.6.3	CDS	347847	349175	172.3	+	0	ID=1_335;partial=00;start_type=ATG;rbs_motif=AGGAGG;rbs_spacer=5-10bp;gc_cont=0.481;conf=100.00;score=172.27;cscore=151.02;sscore=21.26;rscore=16.65;uscore=1.33;tscore=3.92;
NODE_1_length_651596_cov_115.359902	Prodigal_v2.6.3	CDS	349787	350191	52.8	+	0	ID=1_336;partial=00;start_type=ATG;rbs_motif=GGAG/GAGG;rbs_spacer=5-10bp;gc_cont=0.462;conf=100.00;score=52.76;cscore=38.00;sscore=14.76;rscore=10.35;uscore=1.13;tscore=3.92;
NODE_1_length_651596_cov_115.359902	Prodigal_v2.6.3	CDS	350351	350788	62.8	+	0	ID=1_337;partial=00;start_type=ATG;rbs_motif=AGGA/GGAG/GAGG;rbs_spacer=11-12bp;gc_cont=0.447;conf=100.00;score=62.85;cscore=49.98;sscore=12.87;rscore=5.64;uscore=3.30;tscore=3.92;
NODE_1_length_651596_cov_115.359902	Prodigal_v2.6.3	CDS	351155	353002	284.8	+	0	ID=1_338;partial=00;start_type=ATG;rbs_motif=GGAG/GAGG;rbs_spacer=5-10bp;gc_cont=0.495;conf=99.99;score=284.82;cscore=266.79;sscore=18.03;rscore=10.35;uscore=4.41;tscore=3.92;
NODE_1_length_651596_cov_115.359902	Prodigal_v2.6.3	CDS	353163	354335	94.4	-	0	ID=1_339;partial=00;start_type=ATG;rbs_motif=GGAGG;rbs_spacer=5-10bp;gc_cont=0.480;conf=100.00;score=94.37;cscore=75.58;sscore=18.79;rscore=16.07;uscore=-0.55;tscore=3.92;
NODE_1_length_651596_cov_115.359902	Prodigal_v2.6.3	CDS	355124	356734	201.6	+	0	ID=1_340;partial=00;start_type=ATG;rbs_motif=GGAG/GAGG;rbs_spacer=5-10bp;gc_cont=0.464;conf=99.99;score=201.64;cscore=185.46;sscore=16.17;rscore=10.35;uscore=1.90;tscore=3.92;
NODE_1_length_651596_cov_115.359902	Prodigal_v2.6.3	CDS	356759	358102	172.6	+	0	ID=1_341;partial=00;start_type=ATG;rbs_motif=AGxAGG/AGGxGG;rbs_spacer=5-10bp;gc_cont=0.499;conf=100.00;score=172.65;cscore=153.28;sscore=19.37;rscore=11.15;uscore=3.28;tscore=3.92;
NODE_1_length_651596_cov_115.359902	Prodigal_v2.6.3	CDS	358226	359056	84.1	-	0	ID=1_342;partial=00;start_type=ATG;rbs_motif=AGGAGG;rbs_spacer=5-10bp;gc_cont=0.485;conf=100.00;score=84.09;cscore=66.70;sscore=17.39;rscore=16.65;uscore=-2.53;tscore=3.92;
NODE_1_length_651596_cov_115.359902	Prodigal_v2.6.3	CDS	359432	360532	102.8	-	0	ID=1_343;partial=00;start_type=ATG;rbs_motif=GGAG/GAGG;rbs_spacer=5-10bp;gc_cont=0.461;conf=100.00;score=102.84;cscore=90.53;sscore=12.31;rscore=10.35;uscore=-1.32;tscore=3.92;
NODE_1_length_651596_cov_115.359902	Prodigal_v2.6.3	CDS	360830	361309	69.0	+	0	ID=1_344;partial=00;start_type=ATG;rbs_motif=AGGA/GGAG/GAGG;rbs_spacer=11-12bp;gc_cont=0.438;conf=100.00;score=69.01;cscore=56.69;sscore=12.33;rscore=5.64;uscore=2.76;tscore=3.92;
NODE_1_length_651596_cov_115.359902	Prodigal_v2.6.3	CDS	361501	361962	28.5	+	0	ID=1_345;partial=00;start_type=TTG;rbs_motif=AGGAG;rbs_spacer=5-10bp;gc_cont=0.509;conf=99.86;score=28.47;cscore=22.92;sscore=5.55;rscore=15.31;uscore=-1.61;tscore=-7.50;
NODE_1_length_651596_cov_115.359902	Prodigal_v2.6.3	CDS	362049	362504	51.6	+	0	ID=1_346;partial=00;start_type=ATG;rbs_motif=GGAG/GAGG;rbs_spacer=5-10bp;gc_cont=0.480;conf=100.00;score=51.58;cscore=35.23;sscore=16.35;rscore=10.35;uscore=2.07;tscore=3.92;
NODE_1_length_651596_cov_115.359902	Prodigal_v2.6.3	CDS	362595	363116	53.8	+	0	ID=1_347;partial=00;start_type=ATG;rbs_motif=GGAG/GAGG;rbs_spacer=5-10bp;gc_cont=0.437;conf=100.00;score=53.81;cscore=38.58;sscore=15.23;rscore=10.35;uscore=0.96;tscore=3.92;
NODE_1_length_651596_cov_115.359902	Prodigal_v2.6.3	CDS	363113	363868	83.4	+	0	ID=1_348;partial=00;start_type=GTG;rbs_motif=AGGA;rbs_spacer=5-10bp;gc_cont=0.475;conf=100.00;score=83.41;cscore=79.46;sscore=3.95;rscore=7.02;uscore=-1.06;tscore=-4.36;
NODE_1_length_651596_cov_115.359902	Prodigal_v2.6.3	CDS	363851	364888	119.4	-	0	ID=1_349;partial=00;start_type=ATG;rbs_motif=GGAG/GAGG;rbs_spacer=5-10bp;gc_cont=0.465;conf=100.00;score=119.43;cscore=100.52;sscore=18.92;rscore=10.35;uscore=5.29;tscore=3.92;
NODE_1_length_651596_cov_115.359902	Prodigal_v2.6.3	CDS	365119	365640	53.5	+	0	ID=1_350;partial=00;start_type=TTG;rbs_motif=AGGAG;rbs_spacer=5-10bp;gc_cont=0.489;conf=100.00;score=53.50;cscore=44.08;sscore=9.42;rscore=15.31;uscore=1.61;tscore=-7.50;
NODE_1_length_651596_cov_115.359902	Prodigal_v2.6.3	CDS	365651	366151	61.6	+	0	ID=1_351;partial=00;start_type=ATG;rbs_motif=GGAG/GAGG;rbs_spacer=5-10bp;gc_cont=0.469;conf=100.00;score=61.65;cscore=45.50;sscore=16.14;rscore=10.35;uscore=0.71;tscore=3.92;
NODE_1_length_651596_cov_115.359902	Prodigal_v2.6.3	CDS	366188	366919	85.0	+	0	ID=1_352;partial=00;start_type=ATG;rbs_motif=GGAGG;rbs_spacer=5-10bp;gc_cont=0.516;conf=100.00;score=85.05;cscore=61.75;sscore=23.30;rscore=16.07;uscore=2.42;tscore=3.92;
NODE_1_length_651596_cov_115.359902	Prodigal_v2.6.3	CDS	367009	367368	30.4	+	0	ID=1_353;partial=00;start_type=ATG;rbs_motif=AGxAGG/AGGxGG;rbs_spacer=5-10bp;gc_cont=0.394;conf=99.91;score=30.37;cscore=15.29;sscore=15.08;rscore=11.15;uscore=0.00;tscore=3.92;
NODE_1_length_651596_cov_115.359902	Prodigal_v2.6.3	CDS	367419	368039	58.4	+	0	ID=1_354;partial=00;start_type=ATG;rbs_motif=GGAGG;rbs_spacer=5-10bp;gc_cont=0.514;conf=100.00;score=58.45;cscore=36.66;sscore=21.79;rscore=16.07;uscore=1.06;tscore=3.92;
NODE_1_length_651596_cov_115.359902	Prodigal_v2.6.3	CDS	368182	368436	5.2	+	0	ID=1_355;partial=00;start_type=ATG;rbs_motif=GGxGG;rbs_spacer=3-4bp;gc_cont=0.459;conf=76.59;score=5.16;cscore=2.59;sscore=2.57;rscore=-1.23;uscore=-0.13;tscore=3.92;
NODE_1_length_651596_cov_115.359902	Prodigal_v2.6.3	CDS	368607	368927	48.8	+	0	ID=1_356;partial=00;start_type=ATG;rbs_motif=AGGAGG;rbs_spacer=5-10bp;gc_cont=0.464;conf=100.00;score=48.80;cscore=26.01;sscore=22.79;rscore=16.65;uscore=2.21;tscore=3.92;
NODE_1_length_651596_cov_115.359902	Prodigal_v2.6.3	CDS	369007	369756	87.8	+	0	ID=1_357;partial=00;start_type=ATG;rbs_motif=GGAG/GAGG;rbs_spacer=5-10bp;gc_cont=0.456;conf=100.00;score=87.82;cscore=73.61;sscore=14.21;rscore=10.35;uscore=-0.06;tscore=3.92;
NODE_1_length_651596_cov_115.359902	Prodigal_v2.6.3	CDS	370336	371268	113.7	-	0	ID=1_358;partial=00;start_type=ATG;rbs_motif=GGA/GAG/AGG;rbs_spacer=5-10bp;gc_cont=0.527;conf=100.00;score=113.71;cscore=109.56;sscore=4.15;rscore=-1.95;uscore=2.83;tscore=3.92;
NODE_1_length_651596_cov_115.359902	Prodigal_v2.6.3	CDS	371371	372438	132.8	+	0	ID=1_359;partial=00;start_type=GTG;rbs_motif=GGAGG;rbs_spacer=5-10bp;gc_cont=0.448;conf=100.00;score=132.83;cscore=119.92;sscore=12.91;rscore=16.07;uscore=1.20;tscore=-4.36;
NODE_1_length_651596_cov_115.359902	Prodigal_v2.6.3	CDS	372765	373601	108.2	+	0	ID=1_360;partial=00;start_type=ATG;rbs_motif=GGAGG;rbs_spacer=5-10bp;gc_cont=0.490;conf=100.00;score=108.19;cscore=85.91;sscore=22.27;rscore=16.07;uscore=2.93;tscore=3.92;
NODE_1_length_651596_cov_115.359902	Prodigal_v2.6.3	CDS	373594	374430	116.4	+	0	ID=1_361;partial=00;start_type=ATG;rbs_motif=AGGAGG;rbs_spacer=5-10bp;gc_cont=0.452;conf=100.00;score=116.44;cscore=96.34;sscore=20.09;rscore=16.65;uscore=-1.74;tscore=3.92;
NODE_1_length_651596_cov_115.359902	Prodigal_v2.6.3	CDS	374497	374982	58.6	+	0	ID=1_362;partial=00;start_type=ATG;rbs_motif=AGGA;rbs_spacer=5-10bp;gc_cont=0.471;conf=100.00;score=58.60;cscore=49.38;sscore=9.21;rscore=7.02;uscore=-1.73;tscore=3.92;
NODE_1_length_651596_cov_115.359902	Prodigal_v2.6.3	CDS	374979	375911	86.4	+	0	ID=1_363;partial=00;start_type=ATG;rbs_motif=GGA/GAG/AGG;rbs_spacer=3-4bp;gc_cont=0.504;conf=100.00;score=86.42;cscore=81.20;sscore=5.22;rscore=-13.79;uscore=-1.84;tscore=3.92;
NODE_1_length_651596_cov_115.359902	Prodigal_v2.6.3	CDS	375856	376755	99.2	+	0	ID=1_364;partial=00;start_type=ATG;rbs_motif=None;rbs_spacer=None;gc_cont=0.524;conf=100.00;score=99.18;cscore=108.68;sscore=-9.49;rscore=-15.61;uscore=2.19;tscore=3.92;
NODE_1_length_651596_cov_115.359902	Prodigal_v2.6.3	CDS	376742	377764	104.4	+	0	ID=1_365;partial=00;start_type=ATG;rbs_motif=GGAGG;rbs_spacer=5-10bp;gc_cont=0.539;conf=100.00;score=104.36;cscore=85.70;sscore=18.66;rscore=16.07;uscore=-2.52;tscore=3.92;
NODE_1_length_651596_cov_115.359902	Prodigal_v2.6.3	CDS	377752	378819	134.7	+	0	ID=1_366;partial=00;start_type=ATG;rbs_motif=AGxAGG/AGGxGG;rbs_spacer=5-10bp;gc_cont=0.519;conf=100.00;score=134.73;cscore=118.85;sscore=15.87;rscore=11.15;uscore=-0.40;tscore=3.92;
NODE_1_length_651596_cov_115.359902	Prodigal_v2.6.3	CDS	378809	379594	81.5	+	0	ID=1_367;partial=00;start_type=ATG;rbs_motif=GGAG/GAGG;rbs_spacer=5-10bp;gc_cont=0.523;conf=100.00;score=81.49;cscore=66.64;sscore=14.85;rscore=10.35;uscore=-0.64;tscore=3.92;
NODE_1_length_651596_cov_115.359902	Prodigal_v2.6.3	CDS	380008	385323	661.6	-	0	ID=1_368;partial=00;start_type=ATG;rbs_motif=AGGAGG;rbs_spacer=5-10bp;gc_cont=0.468;conf=99.99;score=661.56;cscore=641.52;sscore=20.04;rscore=16.65;uscore=0.11;tscore=3.92;
NODE_1_length_651596_cov_115.359902	Prodigal_v2.6.3	CDS	385720	386451	63.3	+	0	ID=1_369;partial=00;start_type=ATG;rbs_motif=None;rbs_spacer=None;gc_cont=0.499;conf=100.00;score=63.26;cscore=69.80;sscore=-6.54;rscore=-15.61;uscore=5.14;tscore=3.92;
NODE_1_length_651596_cov_115.359902	Prodigal_v2.6.3	CDS	386545	387105	71.2	+	0	ID=1_370;partial=00;start_type=ATG;rbs_motif=AGGA;rbs_spacer=5-10bp;gc_cont=0.496;conf=100.00;score=71.17;cscore=55.06;sscore=16.12;rscore=7.02;uscore=5.17;tscore=3.92;
NODE_1_length_651596_cov_115.359902	Prodigal_v2.6.3	CDS	387139	388575	171.1	+	0	ID=1_371;partial=00;start_type=ATG;rbs_motif=AGxAGG/AGGxGG;rbs_spacer=5-10bp;gc_cont=0.498;conf=100.00;score=171.07;cscore=151.64;sscore=19.43;rscore=11.15;uscore=3.45;tscore=3.92;
NODE_1_length_651596_cov_115.359902	Prodigal_v2.6.3	CDS	388832	389950	129.4	+	0	ID=1_372;partial=00;start_type=GTG;rbs_motif=AGGAG;rbs_spacer=5-10bp;gc_cont=0.482;conf=100.00;score=129.41;cscore=117.10;sscore=12.31;rscore=15.31;uscore=2.02;tscore=-4.36;
NODE_1_length_651596_cov_115.359902	Prodigal_v2.6.3	CDS	389940	390872	110.4	+	0	ID=1_373;partial=00;start_type=ATG;rbs_motif=GGAGG;rbs_spacer=5-10bp;gc_cont=0.453;conf=100.00;score=110.36;cscore=92.76;sscore=17.60;rscore=16.07;uscore=-3.61;tscore=3.92;
NODE_1_length_651596_cov_115.359902	Prodigal_v2.6.3	CDS	390869	391684	72.5	+	0	ID=1_374;partial=00;start_type=ATG;rbs_motif=GGA/GAG/AGG;rbs_spacer=5-10bp;gc_cont=0.453;conf=100.00;score=72.47;cscore=67.25;sscore=5.22;rscore=-1.95;uscore=-0.31;tscore=3.92;
NODE_1_length_651596_cov_115.359902	Prodigal_v2.6.3	CDS	391681	393057	154.0	+	0	ID=1_375;partial=00;start_type=GTG;rbs_motif=AGxAGG/AGGxGG;rbs_spacer=5-10bp;gc_cont=0.449;conf=100.00;score=154.05;cscore=145.51;sscore=8.54;rscore=11.15;uscore=0.46;tscore=-4.36;
NODE_1_length_651596_cov_115.359902	Prodigal_v2.6.3	CDS	393224	393646	43.7	+	0	ID=1_376;partial=00;start_type=ATG;rbs_motif=GGAGG;rbs_spacer=5-10bp;gc_cont=0.525;conf=100.00;score=43.74;cscore=22.81;sscore=20.93;rscore=16.07;uscore=0.94;tscore=3.92;
NODE_1_length_651596_cov_115.359902	Prodigal_v2.6.3	CDS	393688	394386	94.2	+	0	ID=1_377;partial=00;start_type=ATG;rbs_motif=GGAGG;rbs_spacer=5-10bp;gc_cont=0.501;conf=100.00;score=94.20;cscore=69.64;sscore=24.57;rscore=16.07;uscore=3.75;tscore=3.92;
NODE_1_length_651596_cov_115.359902	Prodigal_v2.6.3	CDS	394471	395001	29.3	-	0	ID=1_378;partial=00;start_type=ATG;rbs_motif=None;rbs_spacer=None;gc_cont=0.386;conf=99.88;score=29.32;cscore=38.77;sscore=-9.46;rscore=-15.61;uscore=1.01;tscore=3.92;
NODE_1_length_651596_cov_115.359902	Prodigal_v2.6.3	CDS	394991	396235	129.1	-	0	ID=1_379;partial=00;start_type=ATG;rbs_motif=AGGAGG;rbs_spacer=5-10bp;gc_cont=0.426;conf=100.00;score=129.10;cscore=108.40;sscore=20.69;rscore=16.65;uscore=0.77;tscore=3.92;
NODE_1_length_651596_cov_115.359902	Prodigal_v2.6.3	CDS	396635	397192	47.4	+	0	ID=1_380;partial=00;start_type=ATG;rbs_motif=AGGAGG;rbs_spacer=5-10bp;gc_cont=0.505;conf=100.00;score=47.42;cscore=24.79;sscore=22.63;rscore=16.65;uscore=2.05;tscore=3.92;
NODE_1_length_651596_cov_115.359902	Prodigal_v2.6.3	CDS	397215	397433	25.7	+	0	ID=1_381;partial=00;start_type=ATG;rbs_motif=AGxAGG/AGGxGG;rbs_spacer=5-10bp;gc_cont=0.452;conf=99.73;score=25.72;cscore=12.37;sscore=13.35;rscore=9.63;uscore=-0.71;tscore=3.39;
NODE_1_length_651596_cov_115.359902	Prodigal_v2.6.3	CDS	397652	397969	40.4	-	0	ID=1_382;partial=00;start_type=ATG;rbs_motif=AGxAGG/AGGxGG;rbs_spacer=5-10bp;gc_cont=0.425;conf=99.99;score=40.44;cscore=24.34;sscore=16.11;rscore=11.15;uscore=1.03;tscore=3.92;
NODE_1_length_651596_cov_115.359902	Prodigal_v2.6.3	CDS	398039	398356	31.8	-	0	ID=1_383;partial=00;start_type=ATG;rbs_motif=AGxAGG/AGGxGG;rbs_spacer=5-10bp;gc_cont=0.459;conf=99.93;score=31.83;cscore=15.81;sscore=16.02;rscore=11.15;uscore=1.60;tscore=3.92;
NODE_1_length_651596_cov_115.359902	Prodigal_v2.6.3	CDS	398570	399073	61.9	-	0	ID=1_384;partial=00;start_type=ATG;rbs_motif=GGAG/GAGG;rbs_spacer=5-10bp;gc_cont=0.460;conf=100.00;score=61.88;cscore=46.88;sscore=15.00;rscore=10.35;uscore=1.38;tscore=3.92;
NODE_1_length_651596_cov_115.359902	Prodigal_v2.6.3	CDS	399187	399690	60.1	+	0	ID=1_385;partial=00;start_type=ATG;rbs_motif=AGGAGG;rbs_spacer=5-10bp;gc_cont=0.444;conf=100.00;score=60.09;cscore=38.13;sscore=21.96;rscore=16.65;uscore=1.39;tscore=3.92;
NODE_1_length_651596_cov_115.359902	Prodigal_v2.6.3	CDS	399931	401505	159.4	-	0	ID=1_386;partial=00;start_type=ATG;rbs_motif=AGGAGG;rbs_spacer=5-10bp;gc_cont=0.481;conf=100.00;score=159.44;cscore=136.31;sscore=23.13;rscore=16.65;uscore=1.30;tscore=3.92;
NODE_1_length_651596_cov_115.359902	Prodigal_v2.6.3	CDS	401498	402070	60.7	-	0	ID=1_387;partial=00;start_type=ATG;rbs_motif=GGAGG;rbs_spacer=5-10bp;gc_cont=0.455;conf=100.00;score=60.69;cscore=43.92;sscore=16.78;rscore=16.07;uscore=-2.56;tscore=3.92;
NODE_1_length_651596_cov_115.359902	Prodigal_v2.6.3	CDS	402434	402931	61.0	+	0	ID=1_388;partial=00;start_type=ATG;rbs_motif=GGxGG;rbs_spacer=5-10bp;gc_cont=0.484;conf=100.00;score=61.03;cscore=51.63;sscore=9.40;rscore=3.18;uscore=2.30;tscore=3.92;
NODE_1_length_651596_cov_115.359902	Prodigal_v2.6.3	CDS	403000	404034	120.4	-	0	ID=1_389;partial=00;start_type=ATG;rbs_motif=AGGAG;rbs_spacer=5-10bp;gc_cont=0.486;conf=100.00;score=120.40;cscore=103.88;sscore=16.52;rscore=15.31;uscore=-2.05;tscore=3.92;
NODE_1_length_651596_cov_115.359902	Prodigal_v2.6.3	CDS	404284	405486	117.2	-	0	ID=1_390;partial=00;start_type=ATG;rbs_motif=AGGA/GGAG/GAGG;rbs_spacer=11-12bp;gc_cont=0.475;conf=100.00;score=117.17;cscore=101.16;sscore=16.01;rscore=5.64;uscore=7.09;tscore=3.92;
NODE_1_length_651596_cov_115.359902	Prodigal_v2.6.3	CDS	405839	407422	162.9	+	0	ID=1_391;partial=00;start_type=TTG;rbs_motif=AGGAG;rbs_spacer=5-10bp;gc_cont=0.496;conf=100.00;score=162.92;cscore=148.07;sscore=14.86;rscore=15.31;uscore=7.05;tscore=-7.50;
NODE_1_length_651596_cov_115.359902	Prodigal_v2.6.3	CDS	407423	408142	87.0	+	0	ID=1_392;partial=00;start_type=ATG;rbs_motif=GGAGG;rbs_spacer=5-10bp;gc_cont=0.479;conf=100.00;score=87.02;cscore=64.33;sscore=22.68;rscore=16.07;uscore=1.42;tscore=3.92;
NODE_1_length_651596_cov_115.359902	Prodigal_v2.6.3	CDS	408256	409596	173.5	+	0	ID=1_393;partial=00;start_type=ATG;rbs_motif=GGAGG;rbs_spacer=5-10bp;gc_cont=0.523;conf=100.00;score=173.46;cscore=155.60;sscore=17.86;rscore=16.07;uscore=-2.14;tscore=3.92;
NODE_1_length_651596_cov_115.359902	Prodigal_v2.6.3	CDS	409694	410656	120.2	+	0	ID=1_394;partial=00;start_type=ATG;rbs_motif=AGGAGG;rbs_spacer=5-10bp;gc_cont=0.540;conf=100.00;score=120.22;cscore=99.68;sscore=20.54;rscore=16.65;uscore=-0.04;tscore=3.92;
NODE_1_length_651596_cov_115.359902	Prodigal_v2.6.3	CDS	410716	411615	124.8	+	0	ID=1_395;partial=00;start_type=ATG;rbs_motif=AGGAG;rbs_spacer=5-10bp;gc_cont=0.554;conf=100.00;score=124.79;cscore=104.67;sscore=20.11;rscore=15.31;uscore=0.88;tscore=3.92;
NODE_1_length_651596_cov_115.359902	Prodigal_v2.6.3	CDS	411739	414126	303.1	-	0	ID=1_396;partial=00;start_type=ATG;rbs_motif=AGGAG;rbs_spacer=5-10bp;gc_cont=0.451;conf=99.99;score=303.11;cscore=282.78;sscore=20.33;rscore=15.31;uscore=1.75;tscore=3.92;
NODE_1_length_651596_cov_115.359902	Prodigal_v2.6.3	CDS	414387	415148	93.3	-	0	ID=1_397;partial=00;start_type=ATG;rbs_motif=AGxAGG/AGGxGG;rbs_spacer=5-10bp;gc_cont=0.450;conf=100.00;score=93.27;cscore=76.51;sscore=16.76;rscore=11.15;uscore=2.34;tscore=3.92;
NODE_1_length_651596_cov_115.359902	Prodigal_v2.6.3	CDS	415370	416461	129.5	+	0	ID=1_398;partial=00;start_type=ATG;rbs_motif=GGAGG;rbs_spacer=5-10bp;gc_cont=0.430;conf=100.00;score=129.54;cscore=105.34;sscore=24.20;rscore=16.07;uscore=4.20;tscore=3.92;
NODE_1_length_651596_cov_115.359902	Prodigal_v2.6.3	CDS	416518	416943	53.1	+	0	ID=1_399;partial=00;start_type=ATG;rbs_motif=AGxAG;rbs_spacer=5-10bp;gc_cont=0.406;conf=100.00;score=53.09;cscore=47.95;sscore=5.14;rscore=-2.05;uscore=2.60;tscore=3.92;
NODE_1_length_651596_cov_115.359902	Prodigal_v2.6.3	CDS	416963	417439	72.6	+	0	ID=1_400;partial=00;start_type=ATG;rbs_motif=AGxAGG/AGGxGG;rbs_spacer=5-10bp;gc_cont=0.407;conf=100.00;score=72.65;cscore=57.03;sscore=15.62;rscore=11.15;uscore=-0.52;tscore=3.92;
NODE_1_length_651596_cov_115.359902	Prodigal_v2.6.3	CDS	417458	418219	107.9	+	0	ID=1_401;partial=00;start_type=ATG;rbs_motif=GGAGG;rbs_spacer=5-10bp;gc_cont=0.462;conf=100.00;score=107.93;cscore=82.81;sscore=25.12;rscore=16.07;uscore=4.05;tscore=3.92;
NODE_1_length_651596_cov_115.359902	Prodigal_v2.6.3	CDS	418216	419094	115.6	+	0	ID=1_402;partial=00;start_type=ATG;rbs_motif=GGAG/GAGG;rbs_spacer=5-10bp;gc_cont=0.427;conf=100.00;score=115.57;cscore=98.18;sscore=17.39;rscore=10.35;uscore=1.82;tscore=3.92;
NODE_1_length_651596_cov_115.359902	Prodigal_v2.6.3	CDS	419125	419784	88.0	+	0	ID=1_403;partial=00;start_type=ATG;rbs_motif=GGAGG;rbs_spacer=5-10bp;gc_cont=0.442;conf=100.00;score=87.95;cscore=66.44;sscore=21.51;rscore=16.07;uscore=0.57;tscore=3.92;
NODE_1_length_651596_cov_115.359902	Prodigal_v2.6.3	CDS	419932	420777	63.4	+	0	ID=1_404;partial=00;start_type=TTG;rbs_motif=GGA/GAG/AGG;rbs_spacer=5-10bp;gc_cont=0.469;conf=100.00;score=63.39;cscore=74.17;sscore=-10.79;rscore=-1.95;uscore=-1.33;tscore=-7.50;
NODE_1_length_651596_cov_115.359902	Prodigal_v2.6.3	CDS	420796	421848	103.9	+	0	ID=1_405;partial=00;start_type=ATG;rbs_motif=AGGAGG;rbs_spacer=5-10bp;gc_cont=0.442;conf=100.00;score=103.86;cscore=76.61;sscore=27.25;rscore=16.65;uscore=5.60;tscore=3.92;
NODE_1_length_651596_cov_115.359902	Prodigal_v2.6.3	CDS	421982	422671	103.6	+	0	ID=1_406;partial=00;start_type=ATG;rbs_motif=AGGA;rbs_spacer=5-10bp;gc_cont=0.429;conf=100.00;score=103.61;cscore=86.60;sscore=17.01;rscore=7.02;uscore=6.06;tscore=3.92;
NODE_1_length_651596_cov_115.359902	Prodigal_v2.6.3	CDS	423099	424169	148.9	+	0	ID=1_407;partial=00;start_type=ATG;rbs_motif=AGGAGG;rbs_spacer=5-10bp;gc_cont=0.441;conf=100.00;score=148.95;cscore=128.44;sscore=20.51;rscore=16.65;uscore=0.58;tscore=3.92;
NODE_1_length_651596_cov_115.359902	Prodigal_v2.6.3	CDS	424307	424765	76.0	+	0	ID=1_408;partial=00;start_type=ATG;rbs_motif=GGAG/GAGG;rbs_spacer=5-10bp;gc_cont=0.473;conf=100.00;score=76.00;cscore=60.46;sscore=15.54;rscore=10.35;uscore=1.26;tscore=3.92;
NODE_1_length_651596_cov_115.359902	Prodigal_v2.6.3	CDS	424785	426305	171.4	+	0	ID=1_409;partial=00;start_type=ATG;rbs_motif=GGA/GAG/AGG;rbs_spacer=5-10bp;gc_cont=0.463;conf=100.00;score=171.36;cscore=168.58;sscore=2.78;rscore=-1.95;uscore=-0.26;tscore=3.92;
NODE_1_length_651596_cov_115.359902	Prodigal_v2.6.3	CDS	426335	426628	55.6	+	0	ID=1_410;partial=00;start_type=ATG;rbs_motif=AGGAGG;rbs_spacer=5-10bp;gc_cont=0.408;conf=100.00;score=55.55;cscore=31.23;sscore=24.32;rscore=16.65;uscore=2.79;tscore=3.92;
NODE_1_length_651596_cov_115.359902	Prodigal_v2.6.3	CDS	426745	427386	99.6	+	0	ID=1_411;partial=00;start_type=TTG;rbs_motif=AGGAGG;rbs_spacer=5-10bp;gc_cont=0.480;conf=100.00;score=99.64;cscore=90.20;sscore=9.44;rscore=16.65;uscore=0.28;tscore=-7.50;
NODE_1_length_651596_cov_115.359902	Prodigal_v2.6.3	CDS	427422	428195	71.8	+	0	ID=1_412;partial=00;start_type=GTG;rbs_motif=GGAG/GAGG;rbs_spacer=5-10bp;gc_cont=0.475;conf=100.00;score=71.77;cscore=67.01;sscore=4.76;rscore=10.35;uscore=-2.11;tscore=-4.36;
NODE_1_length_651596_cov_115.359902	Prodigal_v2.6.3	CDS	428386	429255	107.3	+	0	ID=1_413;partial=00;start_type=TTG;rbs_motif=AGGAGG;rbs_spacer=5-10bp;gc_cont=0.471;conf=100.00;score=107.33;cscore=101.85;sscore=5.48;rscore=16.65;uscore=-3.03;tscore=-7.50;
NODE_1_length_651596_cov_115.359902	Prodigal_v2.6.3	CDS	429349	430170	105.2	-	0	ID=1_414;partial=00;start_type=ATG;rbs_motif=AGGA;rbs_spacer=5-10bp;gc_cont=0.429;conf=100.00;score=105.21;cscore=91.98;sscore=13.23;rscore=7.02;uscore=2.94;tscore=3.92;
NODE_1_length_651596_cov_115.359902	Prodigal_v2.6.3	CDS	430370	431098	113.2	+	0	ID=1_415;partial=00;start_type=ATG;rbs_motif=AGGAG;rbs_spacer=5-10bp;gc_cont=0.472;conf=100.00;score=113.17;cscore=90.22;sscore=22.95;rscore=15.31;uscore=3.72;tscore=3.92;
NODE_1_length_651596_cov_115.359902	Prodigal_v2.6.3	CDS	431350	432150	114.4	+	0	ID=1_416;partial=00;start_type=ATG;rbs_motif=GGAG/GAGG;rbs_spacer=5-10bp;gc_cont=0.461;conf=100.00;score=114.41;cscore=97.48;sscore=16.93;rscore=10.35;uscore=3.31;tscore=3.92;
NODE_1_length_651596_cov_115.359902	Prodigal_v2.6.3	CDS	432177	434045	225.5	+	0	ID=1_417;partial=00;start_type=TTG;rbs_motif=GGAGG;rbs_spacer=5-10bp;gc_cont=0.417;conf=99.99;score=225.54;cscore=216.81;sscore=8.74;rscore=16.07;uscore=-0.82;tscore=-7.50;
NODE_1_length_651596_cov_115.359902	Prodigal_v2.6.3	CDS	434046	434555	68.8	+	0	ID=1_418;partial=00;start_type=ATG;rbs_motif=GGAGG;rbs_spacer=5-10bp;gc_cont=0.422;conf=100.00;score=68.84;cscore=49.28;sscore=19.56;rscore=16.07;uscore=-1.71;tscore=3.92;
NODE_1_length_651596_cov_115.359902	Prodigal_v2.6.3	CDS	434573	435142	77.3	+	0	ID=1_419;partial=00;start_type=ATG;rbs_motif=AGGAG;rbs_spacer=5-10bp;gc_cont=0.461;conf=100.00;score=77.33;cscore=52.53;sscore=24.80;rscore=15.31;uscore=4.48;tscore=3.92;
NODE_1_length_651596_cov_115.359902	Prodigal_v2.6.3	CDS	435284	436402	152.2	+	0	ID=1_420;partial=00;start_type=ATG;rbs_motif=AGGAGG;rbs_spacer=11-12bp;gc_cont=0.466;conf=100.00;score=152.17;cscore=131.82;sscore=20.36;rscore=14.31;uscore=2.12;tscore=3.92;
NODE_1_length_651596_cov_115.359902	Prodigal_v2.6.3	CDS	436429	436809	37.2	+	0	ID=1_421;partial=00;start_type=GTG;rbs_motif=GGAG/GAGG;rbs_spacer=5-10bp;gc_cont=0.417;conf=99.98;score=37.17;cscore=29.19;sscore=7.99;rscore=10.35;uscore=1.01;tscore=-4.36;
NODE_1_length_651596_cov_115.359902	Prodigal_v2.6.3	CDS	436938	437609	98.5	+	0	ID=1_422;partial=00;start_type=ATG;rbs_motif=AGxAGG/AGGxGG;rbs_spacer=5-10bp;gc_cont=0.473;conf=100.00;score=98.54;cscore=81.68;sscore=16.86;rscore=11.15;uscore=1.78;tscore=3.92;
NODE_1_length_651596_cov_115.359902	Prodigal_v2.6.3	CDS	437834	438469	61.3	-	0	ID=1_423;partial=00;start_type=ATG;rbs_motif=AGGA/GGAG/GAGG;rbs_spacer=11-12bp;gc_cont=0.458;conf=100.00;score=61.31;cscore=47.18;sscore=14.13;rscore=5.64;uscore=3.41;tscore=3.92;
NODE_1_length_651596_cov_115.359902	Prodigal_v2.6.3	CDS	438453	439190	83.4	-	0	ID=1_424;partial=00;start_type=ATG;rbs_motif=AGGA;rbs_spacer=5-10bp;gc_cont=0.457;conf=100.00;score=83.42;cscore=68.85;sscore=14.57;rscore=7.02;uscore=2.38;tscore=3.92;
NODE_1_length_651596_cov_115.359902	Prodigal_v2.6.3	CDS	439183	439650	67.9	-	0	ID=1_425;partial=00;start_type=ATG;rbs_motif=GGAGG;rbs_spacer=5-10bp;gc_cont=0.472;conf=100.00;score=67.94;cscore=43.73;sscore=24.20;rscore=16.07;uscore=4.86;tscore=3.92;
NODE_1_length_651596_cov_115.359902	Prodigal_v2.6.3	CDS	440175	442046	243.6	+	0	ID=1_426;partial=00;start_type=ATG;rbs_motif=AGGAG/GGAGG;rbs_spacer=11-12bp;gc_cont=0.479;conf=99.99;score=243.60;cscore=224.74;sscore=18.85;rscore=12.17;uscore=2.76;tscore=3.92;
NODE_1_length_651596_cov_115.359902	Prodigal_v2.6.3	CDS	442021	442377	49.9	+	0	ID=1_427;partial=00;start_type=ATG;rbs_motif=AGGA;rbs_spacer=5-10bp;gc_cont=0.448;conf=100.00;score=49.92;cscore=38.77;sscore=11.14;rscore=7.02;uscore=0.20;tscore=3.92;
NODE_1_length_651596_cov_115.359902	Prodigal_v2.6.3	CDS	442557	442916	69.0	+	0	ID=1_428;partial=00;start_type=ATG;rbs_motif=AGGAGG;rbs_spacer=5-10bp;gc_cont=0.508;conf=100.00;score=69.02;cscore=50.04;sscore=18.99;rscore=16.65;uscore=-0.94;tscore=3.92;
NODE_1_length_651596_cov_115.359902	Prodigal_v2.6.3	CDS	442929	443297	56.2	+	0	ID=1_429;partial=00;start_type=ATG;rbs_motif=AGGAG;rbs_spacer=5-10bp;gc_cont=0.444;conf=100.00;score=56.18;cscore=37.04;sscore=19.14;rscore=15.31;uscore=-1.23;tscore=3.92;
NODE_1_length_651596_cov_115.359902	Prodigal_v2.6.3	CDS	443299	444078	82.0	+	0	ID=1_430;partial=00;start_type=TTG;rbs_motif=AGGA/GGAG/GAGG;rbs_spacer=11-12bp;gc_cont=0.506;conf=100.00;score=82.00;cscore=78.65;sscore=3.35;rscore=5.64;uscore=3.95;tscore=-7.50;
NODE_1_length_651596_cov_115.359902	Prodigal_v2.6.3	CDS	444091	444789	98.5	+	0	ID=1_431;partial=00;start_type=ATG;rbs_motif=GGAG/GAGG;rbs_spacer=5-10bp;gc_cont=0.514;conf=100.00;score=98.51;cscore=84.20;sscore=14.31;rscore=10.35;uscore=-1.11;tscore=3.92;
NODE_1_length_651596_cov_115.359902	Prodigal_v2.6.3	CDS	444956	446077	152.5	+	0	ID=1_432;partial=00;start_type=GTG;rbs_motif=GGA/GAG/AGG;rbs_spacer=5-10bp;gc_cont=0.477;conf=100.00;score=152.48;cscore=156.23;sscore=-3.76;rscore=-1.95;uscore=2.56;tscore=-4.36;
NODE_1_length_651596_cov_115.359902	Prodigal_v2.6.3	CDS	446074	447174	188.0	+	0	ID=1_433;partial=00;start_type=ATG;rbs_motif=GGAGG;rbs_spacer=5-10bp;gc_cont=0.509;conf=99.99;score=187.97;cscore=166.68;sscore=21.29;rscore=16.07;uscore=-1.11;tscore=3.92;
NODE_1_length_651596_cov_115.359902	Prodigal_v2.6.3	CDS	447189	447953	107.1	+	0	ID=1_434;partial=00;start_type=ATG;rbs_motif=AGGA;rbs_spacer=5-10bp;gc_cont=0.525;conf=100.00;score=107.15;cscore=93.02;sscore=14.13;rscore=7.02;uscore=2.06;tscore=3.92;
NODE_1_length_651596_cov_115.359902	Prodigal_v2.6.3	CDS	448116	450185	177.6	-	0	ID=1_435;partial=00;start_type=ATG;rbs_motif=GGAG/GAGG;rbs_spacer=5-10bp;gc_cont=0.400;conf=100.00;score=177.56;cscore=162.75;sscore=14.81;rscore=10.35;uscore=0.54;tscore=3.92;
NODE_1_length_651596_cov_115.359902	Prodigal_v2.6.3	CDS	450303	450935	73.5	-	0	ID=1_436;partial=00;start_type=TTG;rbs_motif=AGGAGG;rbs_spacer=5-10bp;gc_cont=0.468;conf=100.00;score=73.47;cscore=63.76;sscore=9.71;rscore=16.65;uscore=0.56;tscore=-7.50;
NODE_1_length_651596_cov_115.359902	Prodigal_v2.6.3	CDS	451069	451968	114.7	-	0	ID=1_437;partial=00;start_type=ATG;rbs_motif=AGGA;rbs_spacer=5-10bp;gc_cont=0.434;conf=100.00;score=114.75;cscore=101.53;sscore=13.22;rscore=7.02;uscore=1.40;tscore=3.92;
NODE_1_length_651596_cov_115.359902	Prodigal_v2.6.3	CDS	452006	453265	107.3	-	0	ID=1_438;partial=00;start_type=ATG;rbs_motif=GGxGG;rbs_spacer=5-10bp;gc_cont=0.453;conf=100.00;score=107.29;cscore=98.59;sscore=8.70;rscore=3.18;uscore=0.68;tscore=3.92;
NODE_1_length_651596_cov_115.359902	Prodigal_v2.6.3	CDS	453298	453594	56.4	-	0	ID=1_439;partial=00;start_type=ATG;rbs_motif=AGGAG;rbs_spacer=5-10bp;gc_cont=0.384;conf=100.00;score=56.38;cscore=33.20;sscore=23.18;rscore=15.31;uscore=2.85;tscore=3.92;
NODE_1_length_651596_cov_115.359902	Prodigal_v2.6.3	CDS	453611	454066	64.2	-	0	ID=1_440;partial=00;start_type=ATG;rbs_motif=AGxAGG/AGGxGG;rbs_spacer=5-10bp;gc_cont=0.410;conf=100.00;score=64.25;cscore=49.45;sscore=14.80;rscore=11.15;uscore=0.38;tscore=3.92;
NODE_1_length_651596_cov_115.359902	Prodigal_v2.6.3	CDS	454346	454951	60.5	+	0	ID=1_441;partial=00;start_type=ATG;rbs_motif=GGAG/GAGG;rbs_spacer=5-10bp;gc_cont=0.399;conf=100.00;score=60.51;cscore=44.81;sscore=15.70;rscore=10.35;uscore=1.43;tscore=3.92;
NODE_1_length_651596_cov_115.359902	Prodigal_v2.6.3	CDS	455163	456890	140.8	-	0	ID=1_442;partial=00;start_type=ATG;rbs_motif=AGGAGG;rbs_spacer=5-10bp;gc_cont=0.385;conf=100.00;score=140.84;cscore=121.68;sscore=19.16;rscore=16.65;uscore=-0.77;tscore=3.92;
NODE_1_length_651596_cov_115.359902	Prodigal_v2.6.3	CDS	457048	458049	125.4	+	0	ID=1_443;partial=00;start_type=ATG;rbs_motif=AGGAGG;rbs_spacer=5-10bp;gc_cont=0.457;conf=100.00;score=125.38;cscore=102.97;sscore=22.41;rscore=16.65;uscore=1.83;tscore=3.92;
NODE_1_length_651596_cov_115.359902	Prodigal_v2.6.3	CDS	458036	459259	135.9	+	0	ID=1_444;partial=00;start_type=ATG;rbs_motif=GGAGG;rbs_spacer=5-10bp;gc_cont=0.418;conf=100.00;score=135.86;cscore=112.77;sscore=23.08;rscore=16.07;uscore=1.90;tscore=3.92;
NODE_1_length_651596_cov_115.359902	Prodigal_v2.6.3	CDS	459262	460242	123.4	+	0	ID=1_445;partial=00;start_type=ATG;rbs_motif=GGAG/GAGG;rbs_spacer=5-10bp;gc_cont=0.412;conf=100.00;score=123.43;cscore=106.57;sscore=16.86;rscore=10.35;uscore=1.33;tscore=3.92;
NODE_1_length_651596_cov_115.359902	Prodigal_v2.6.3	CDS	460558	462663	182.0	+	0	ID=1_446;partial=00;start_type=ATG;rbs_motif=GGAG/GAGG;rbs_spacer=5-10bp;gc_cont=0.360;conf=99.99;score=182.01;cscore=166.58;sscore=15.44;rscore=10.35;uscore=1.81;tscore=3.92;
NODE_1_length_651596_cov_115.359902	Prodigal_v2.6.3	CDS	462641	463123	64.3	+	0	ID=1_447;partial=00;start_type=ATG;rbs_motif=GGAG/GAGG;rbs_spacer=5-10bp;gc_cont=0.402;conf=100.00;score=64.26;cscore=46.80;sscore=17.45;rscore=10.35;uscore=3.18;tscore=3.92;
NODE_1_length_651596_cov_115.359902	Prodigal_v2.6.3	CDS	463142	463579	23.9	+	0	ID=1_448;partial=00;start_type=ATG;rbs_motif=GGxGG;rbs_spacer=5-10bp;gc_cont=0.361;conf=99.59;score=23.91;cscore=14.77;sscore=9.13;rscore=3.18;uscore=0.96;tscore=3.92;
NODE_1_length_651596_cov_115.359902	Prodigal_v2.6.3	CDS	463591	463896	42.9	+	0	ID=1_449;partial=00;start_type=ATG;rbs_motif=AGGAGG;rbs_spacer=5-10bp;gc_cont=0.386;conf=99.99;score=42.89;cscore=21.75;sscore=21.14;rscore=16.65;uscore=0.56;tscore=3.92;
NODE_1_length_651596_cov_115.359902	Prodigal_v2.6.3	CDS	463925	465196	126.6	+	0	ID=1_450;partial=00;start_type=ATG;rbs_motif=GGxGG;rbs_spacer=5-10bp;gc_cont=0.405;conf=100.00;score=126.65;cscore=115.84;sscore=10.81;rscore=3.18;uscore=2.74;tscore=3.92;
NODE_1_length_651596_cov_115.359902	Prodigal_v2.6.3	CDS	465247	466284	88.1	+	0	ID=1_451;partial=00;start_type=ATG;rbs_motif=GGAG/GAGG;rbs_spacer=5-10bp;gc_cont=0.408;conf=100.00;score=88.14;cscore=72.17;sscore=15.97;rscore=10.35;uscore=0.97;tscore=3.92;
NODE_1_length_651596_cov_115.359902	Prodigal_v2.6.3	CDS	466335	467063	93.4	+	0	ID=1_452;partial=00;start_type=ATG;rbs_motif=AGGAG;rbs_spacer=5-10bp;gc_cont=0.413;conf=100.00;score=93.41;cscore=69.17;sscore=24.23;rscore=15.31;uscore=4.27;tscore=3.92;
NODE_1_length_651596_cov_115.359902	Prodigal_v2.6.3	CDS	467402	468535	142.0	+	0	ID=1_453;partial=00;start_type=GTG;rbs_motif=AGxAGG/AGGxGG;rbs_spacer=5-10bp;gc_cont=0.438;conf=100.00;score=141.95;cscore=134.60;sscore=7.35;rscore=11.15;uscore=1.21;tscore=-4.36;
NODE_1_length_651596_cov_115.359902	Prodigal_v2.6.3	CDS	468882	470366	180.9	+	0	ID=1_454;partial=00;start_type=GTG;rbs_motif=AGGAGG;rbs_spacer=5-10bp;gc_cont=0.418;conf=99.99;score=180.89;cscore=167.79;sscore=13.09;rscore=16.65;uscore=1.46;tscore=-4.36;
NODE_1_length_651596_cov_115.359902	Prodigal_v2.6.3	CDS	470344	470757	55.2	+	0	ID=1_455;partial=00;start_type=ATG;rbs_motif=AGGAG;rbs_spacer=5-10bp;gc_cont=0.500;conf=100.00;score=55.16;cscore=31.69;sscore=23.47;rscore=15.31;uscore=4.24;tscore=3.92;
NODE_1_length_651596_cov_115.359902	Prodigal_v2.6.3	CDS	470763	471242	70.0	+	0	ID=1_456;partial=00;start_type=ATG;rbs_motif=GGAG/GAGG;rbs_spacer=5-10bp;gc_cont=0.425;conf=100.00;score=70.03;cscore=53.07;sscore=16.97;rscore=10.35;uscore=1.47;tscore=3.92;
NODE_1_length_651596_cov_115.359902	Prodigal_v2.6.3	CDS	471355	472692	172.2	+	0	ID=1_457;partial=00;start_type=ATG;rbs_motif=AGGAGG;rbs_spacer=5-10bp;gc_cont=0.480;conf=100.00;score=172.24;cscore=149.67;sscore=22.57;rscore=16.65;uscore=1.99;tscore=3.92;
NODE_1_length_651596_cov_115.359902	Prodigal_v2.6.3	CDS	472769	473071	52.3	+	0	ID=1_458;partial=00;start_type=ATG;rbs_motif=AGGAG;rbs_spacer=5-10bp;gc_cont=0.409;conf=100.00;score=52.30;cscore=31.38;sscore=20.93;rscore=15.31;uscore=1.69;tscore=3.92;
NODE_1_length_651596_cov_115.359902	Prodigal_v2.6.3	CDS	473071	473934	135.0	+	0	ID=1_459;partial=00;start_type=ATG;rbs_motif=AGGAG;rbs_spacer=5-10bp;gc_cont=0.488;conf=100.00;score=134.98;cscore=112.85;sscore=22.13;rscore=15.31;uscore=1.62;tscore=3.92;
NODE_1_length_651596_cov_115.359902	Prodigal_v2.6.3	CDS	473968	474660	84.0	+	0	ID=1_460;partial=00;start_type=ATG;rbs_motif=GGA/GAG/AGG;rbs_spacer=11-12bp;gc_cont=0.483;conf=100.00;score=84.04;cscore=82.25;sscore=1.80;rscore=-4.11;uscore=1.07;tscore=3.92;
NODE_1_length_651596_cov_115.359902	Prodigal_v2.6.3	CDS	474657	475178	64.9	+	0	ID=1_461;partial=00;start_type=ATG;rbs_motif=AGGAGG;rbs_spacer=5-10bp;gc_cont=0.443;conf=100.00;score=64.85;cscore=42.35;sscore=22.50;rscore=16.65;uscore=0.63;tscore=3.92;
NODE_1_length_651596_cov_115.359902	Prodigal_v2.6.3	CDS	476127	476381	35.8	+	0	ID=1_462;partial=00;start_type=ATG;rbs_motif=GGAG/GAGG;rbs_spacer=5-10bp;gc_cont=0.502;conf=99.97;score=35.82;cscore=19.88;sscore=15.94;rscore=10.35;uscore=2.32;tscore=3.92;
NODE_1_length_651596_cov_115.359902	Prodigal_v2.6.3	CDS	476386	476586	29.4	+	0	ID=1_463;partial=00;start_type=ATG;rbs_motif=AGGAGG;rbs_spacer=11-12bp;gc_cont=0.468;conf=99.88;score=29.40;cscore=13.35;sscore=16.06;rscore=11.34;uscore=0.38;tscore=3.11;
NODE_1_length_651596_cov_115.359902	Prodigal_v2.6.3	CDS	477102	477587	74.6	+	0	ID=1_464;partial=00;start_type=ATG;rbs_motif=AGxAGG/AGGxGG;rbs_spacer=11-12bp;gc_cont=0.502;conf=100.00;score=74.62;cscore=64.33;sscore=10.29;rscore=5.02;uscore=2.00;tscore=3.92;
NODE_1_length_651596_cov_115.359902	Prodigal_v2.6.3	CDS	477661	478410	72.5	+	0	ID=1_465;partial=00;start_type=TTG;rbs_motif=AGxAGG/AGGxGG;rbs_spacer=5-10bp;gc_cont=0.487;conf=100.00;score=72.48;cscore=70.24;sscore=2.24;rscore=11.15;uscore=-1.41;tscore=-7.50;
NODE_1_length_651596_cov_115.359902	Prodigal_v2.6.3	CDS	478555	480042	108.3	-	0	ID=1_466;partial=00;start_type=ATG;rbs_motif=AGGAG;rbs_spacer=5-10bp;gc_cont=0.404;conf=100.00;score=108.25;cscore=89.69;sscore=18.57;rscore=15.31;uscore=-0.01;tscore=3.92;
NODE_1_length_651596_cov_115.359902	Prodigal_v2.6.3	CDS	480198	480710	47.3	+	0	ID=1_467;partial=00;start_type=ATG;rbs_motif=GGA/GAG/AGG;rbs_spacer=11-12bp;gc_cont=0.392;conf=100.00;score=47.26;cscore=45.98;sscore=1.27;rscore=-4.11;uscore=1.46;tscore=3.92;
NODE_1_length_651596_cov_115.359902	Prodigal_v2.6.3	CDS	480753	481379	81.1	+	0	ID=1_468;partial=00;start_type=ATG;rbs_motif=GGAGG;rbs_spacer=5-10bp;gc_cont=0.391;conf=100.00;score=81.05;cscore=57.25;sscore=23.81;rscore=16.07;uscore=3.00;tscore=3.92;
NODE_1_length_651596_cov_115.359902	Prodigal_v2.6.3	CDS	481385	481756	17.7	+	0	ID=1_469;partial=00;start_type=ATG;rbs_motif=None;rbs_spacer=None;gc_cont=0.468;conf=98.33;score=17.72;cscore=23.95;sscore=-6.23;rscore=-15.61;uscore=4.23;tscore=3.92;
NODE_1_length_651596_cov_115.359902	Prodigal_v2.6.3	CDS	481831	484965	322.2	+	0	ID=1_470;partial=00;start_type=ATG;rbs_motif=AGGAG;rbs_spacer=5-10bp;gc_cont=0.413;conf=99.99;score=322.17;cscore=302.57;sscore=19.61;rscore=15.31;uscore=0.37;tscore=3.92;
NODE_1_length_651596_cov_115.359902	Prodigal_v2.6.3	CDS	485165	485365	6.9	+	0	ID=1_471;partial=00;start_type=ATG;rbs_motif=AGGA;rbs_spacer=5-10bp;gc_cont=0.393;conf=82.99;score=6.89;cscore=-2.73;sscore=9.62;rscore=5.56;uscore=2.10;tscore=3.11;
NODE_1_length_651596_cov_115.359902	Prodigal_v2.6.3	CDS	485707	488796	379.9	+	0	ID=1_472;partial=00;start_type=ATG;rbs_motif=AGxAGG/AGGxGG;rbs_spacer=5-10bp;gc_cont=0.485;conf=99.99;score=379.91;cscore=363.66;sscore=16.25;rscore=11.15;uscore=1.83;tscore=3.92;
NODE_1_length_651596_cov_115.359902	Prodigal_v2.6.3	CDS	489053	490657	201.9	+	0	ID=1_473;partial=00;start_type=ATG;rbs_motif=GGAG/GAGG;rbs_spacer=5-10bp;gc_cont=0.461;conf=99.99;score=201.90;cscore=187.00;sscore=14.90;rscore=10.35;uscore=1.28;tscore=3.92;
NODE_1_length_651596_cov_115.359902	Prodigal_v2.6.3	CDS	490720	492105	183.2	+	0	ID=1_474;partial=00;start_type=ATG;rbs_motif=AGxAGG/AGGxGG;rbs_spacer=5-10bp;gc_cont=0.483;conf=99.99;score=183.25;cscore=170.75;sscore=12.49;rscore=11.15;uscore=-2.58;tscore=3.92;
NODE_1_length_651596_cov_115.359902	Prodigal_v2.6.3	CDS	492389	493090	78.2	+	0	ID=1_475;partial=00;start_type=TTG;rbs_motif=AGGAGG;rbs_spacer=5-10bp;gc_cont=0.457;conf=100.00;score=78.24;cscore=70.96;sscore=7.28;rscore=16.65;uscore=-1.22;tscore=-7.50;
NODE_1_length_651596_cov_115.359902	Prodigal_v2.6.3	CDS	493106	494497	131.4	+	0	ID=1_476;partial=00;start_type=TTG;rbs_motif=GGAG/GAGG;rbs_spacer=5-10bp;gc_cont=0.471;conf=100.00;score=131.39;cscore=128.57;sscore=2.82;rscore=10.35;uscore=-1.14;tscore=-7.50;
NODE_1_length_651596_cov_115.359902	Prodigal_v2.6.3	CDS	494707	495363	62.1	+	0	ID=1_477;partial=00;start_type=ATG;rbs_motif=AGxAGG/AGGxGG;rbs_spacer=5-10bp;gc_cont=0.449;conf=100.00;score=62.11;cscore=46.31;sscore=15.80;rscore=11.15;uscore=1.37;tscore=3.92;
NODE_1_length_651596_cov_115.359902	Prodigal_v2.6.3	CDS	495353	496024	49.5	+	0	ID=1_478;partial=00;start_type=ATG;rbs_motif=GGxGG;rbs_spacer=5-10bp;gc_cont=0.461;conf=100.00;score=49.52;cscore=41.16;sscore=8.36;rscore=3.18;uscore=0.04;tscore=3.92;
NODE_1_length_651596_cov_115.359902	Prodigal_v2.6.3	CDS	496026	496967	106.0	+	0	ID=1_479;partial=00;start_type=ATG;rbs_motif=GGAGG;rbs_spacer=5-10bp;gc_cont=0.454;conf=100.00;score=106.05;cscore=85.02;sscore=21.03;rscore=16.07;uscore=-0.23;tscore=3.92;
NODE_1_length_651596_cov_115.359902	Prodigal_v2.6.3	CDS	496979	498943	167.3	+	0	ID=1_480;partial=00;start_type=ATG;rbs_motif=AGxAG;rbs_spacer=5-10bp;gc_cont=0.453;conf=100.00;score=167.27;cscore=164.89;sscore=2.38;rscore=-2.05;uscore=-0.65;tscore=3.92;
NODE_1_length_651596_cov_115.359902	Prodigal_v2.6.3	CDS	499101	499790	94.8	+	0	ID=1_481;partial=00;start_type=ATG;rbs_motif=AGGA;rbs_spacer=5-10bp;gc_cont=0.509;conf=100.00;score=94.77;cscore=79.91;sscore=14.86;rscore=7.02;uscore=3.92;tscore=3.92;
NODE_1_length_651596_cov_115.359902	Prodigal_v2.6.3	CDS	499859	500503	76.8	+	0	ID=1_482;partial=00;start_type=ATG;rbs_motif=GGAG/GAGG;rbs_spacer=5-10bp;gc_cont=0.459;conf=100.00;score=76.77;cscore=62.74;sscore=14.03;rscore=10.35;uscore=-0.24;tscore=3.92;
NODE_1_length_651596_cov_115.359902	Prodigal_v2.6.3	CDS	501117	501869	50.1	-	0	ID=1_483;partial=00;start_type=TTG;rbs_motif=GGAGG;rbs_spacer=5-10bp;gc_cont=0.428;conf=100.00;score=50.06;cscore=41.03;sscore=9.03;rscore=16.07;uscore=1.11;tscore=-7.50;
NODE_1_length_651596_cov_115.359902	Prodigal_v2.6.3	CDS	502330	504012	193.0	-	0	ID=1_484;partial=00;start_type=ATG;rbs_motif=AGGAGG;rbs_spacer=5-10bp;gc_cont=0.478;conf=99.99;score=192.96;cscore=174.14;sscore=18.82;rscore=16.65;uscore=-1.10;tscore=3.92;
NODE_1_length_651596_cov_115.359902	Prodigal_v2.6.3	CDS	504519	505367	93.5	+	0	ID=1_485;partial=00;start_type=ATG;rbs_motif=AGGAG;rbs_spacer=5-10bp;gc_cont=0.492;conf=100.00;score=93.55;cscore=75.50;sscore=18.05;rscore=15.31;uscore=-1.18;tscore=3.92;
NODE_1_length_651596_cov_115.359902	Prodigal_v2.6.3	CDS	505623	506420	93.9	-	0	ID=1_486;partial=00;start_type=GTG;rbs_motif=GGAGG;rbs_spacer=5-10bp;gc_cont=0.436;conf=100.00;score=93.85;cscore=80.36;sscore=13.49;rscore=16.07;uscore=2.44;tscore=-4.36;
NODE_1_length_651596_cov_115.359902	Prodigal_v2.6.3	CDS	506626	507105	78.1	+	0	ID=1_487;partial=00;start_type=ATG;rbs_motif=GGAG/GAGG;rbs_spacer=5-10bp;gc_cont=0.456;conf=100.00;score=78.09;cscore=63.27;sscore=14.82;rscore=10.35;uscore=0.54;tscore=3.92;
NODE_1_length_651596_cov_115.359902	Prodigal_v2.6.3	CDS	507137	507457	62.0	+	0	ID=1_488;partial=00;start_type=ATG;rbs_motif=AGGAG;rbs_spacer=5-10bp;gc_cont=0.405;conf=100.00;score=62.00;cscore=37.63;sscore=24.37;rscore=15.31;uscore=4.20;tscore=3.92;
NODE_1_length_651596_cov_115.359902	Prodigal_v2.6.3	CDS	507489	509081	184.3	+	0	ID=1_489;partial=00;start_type=GTG;rbs_motif=AGGAGG;rbs_spacer=5-10bp;gc_cont=0.480;conf=99.99;score=184.27;cscore=167.68;sscore=16.59;rscore=16.65;uscore=3.37;tscore=-4.36;
NODE_1_length_651596_cov_115.359902	Prodigal_v2.6.3	CDS	509050	509310	0.8	+	0	ID=1_490;partial=00;start_type=ATG;rbs_motif=None;rbs_spacer=None;gc_cont=0.398;conf=54.76;score=0.83;cscore=11.95;sscore=-11.12;rscore=-15.61;uscore=0.56;tscore=3.92;
NODE_1_length_651596_cov_115.359902	Prodigal_v2.6.3	CDS	509307	510035	103.8	+	0	ID=1_491;partial=00;start_type=ATG;rbs_motif=AGGA;rbs_spacer=5-10bp;gc_cont=0.460;conf=100.00;score=103.84;cscore=89.27;sscore=14.57;rscore=7.02;uscore=2.33;tscore=3.92;
NODE_1_length_651596_cov_115.359902	Prodigal_v2.6.3	CDS	510468	511193	72.6	-	0	ID=1_492;partial=00;start_type=TTG;rbs_motif=GGAG/GAGG;rbs_spacer=5-10bp;gc_cont=0.474;conf=100.00;score=72.56;cscore=68.24;sscore=4.33;rscore=10.35;uscore=2.13;tscore=-7.50;
NODE_1_length_651596_cov_115.359902	Prodigal_v2.6.3	CDS	511419	512744	144.5	+	0	ID=1_493;partial=00;start_type=ATG;rbs_motif=GGxGG;rbs_spacer=5-10bp;gc_cont=0.442;conf=100.00;score=144.50;cscore=138.47;sscore=6.02;rscore=3.18;uscore=-1.08;tscore=3.92;
NODE_1_length_651596_cov_115.359902	Prodigal_v2.6.3	CDS	512793	515432	311.1	+	0	ID=1_494;partial=00;start_type=ATG;rbs_motif=AGxAG;rbs_spacer=5-10bp;gc_cont=0.492;conf=99.99;score=311.05;cscore=305.15;sscore=5.90;rscore=-2.05;uscore=3.28;tscore=3.92;
NODE_1_length_651596_cov_115.359902	Prodigal_v2.6.3	CDS	515429	516724	158.1	+	0	ID=1_495;partial=00;start_type=ATG;rbs_motif=AGGAG;rbs_spacer=5-10bp;gc_cont=0.498;conf=100.00;score=158.12;cscore=137.59;sscore=20.53;rscore=15.31;uscore=-1.95;tscore=3.92;
NODE_1_length_651596_cov_115.359902	Prodigal_v2.6.3	CDS	516721	517596	109.2	+	0	ID=1_496;partial=00;start_type=GTG;rbs_motif=AGGA;rbs_spacer=5-10bp;gc_cont=0.507;conf=100.00;score=109.15;cscore=103.93;sscore=5.22;rscore=7.02;uscore=1.27;tscore=-4.36;
NODE_1_length_651596_cov_115.359902	Prodigal_v2.6.3	CDS	517671	519101	146.7	+	0	ID=1_497;partial=00;start_type=ATG;rbs_motif=GGA/GAG/AGG;rbs_spacer=5-10bp;gc_cont=0.473;conf=100.00;score=146.70;cscore=147.90;sscore=-1.20;rscore=-1.95;uscore=-3.17;tscore=3.92;
NODE_1_length_651596_cov_115.359902	Prodigal_v2.6.3	CDS	519094	519408	46.7	+	0	ID=1_498;partial=00;start_type=ATG;rbs_motif=GGAG/GAGG;rbs_spacer=5-10bp;gc_cont=0.444;conf=100.00;score=46.67;cscore=30.25;sscore=16.42;rscore=10.35;uscore=0.90;tscore=3.92;
NODE_1_length_651596_cov_115.359902	Prodigal_v2.6.3	CDS	519492	519809	52.5	+	0	ID=1_499;partial=00;start_type=ATG;rbs_motif=AGxAGG/AGGxGG;rbs_spacer=5-10bp;gc_cont=0.491;conf=100.00;score=52.55;cscore=36.19;sscore=16.36;rscore=11.15;uscore=1.28;tscore=3.92;
NODE_1_length_651596_cov_115.359902	Prodigal_v2.6.3	CDS	519985	520809	94.9	-	0	ID=1_500;partial=00;start_type=ATG;rbs_motif=AGGAGG;rbs_spacer=5-10bp;gc_cont=0.475;conf=100.00;score=94.93;cscore=72.56;sscore=22.37;rscore=16.65;uscore=1.79;tscore=3.92;
NODE_1_length_651596_cov_115.359902	Prodigal_v2.6.3	CDS	520784	521590	111.3	-	0	ID=1_501;partial=00;start_type=ATG;rbs_motif=AGGAG;rbs_spacer=5-10bp;gc_cont=0.499;conf=100.00;score=111.32;cscore=90.10;sscore=21.21;rscore=15.31;uscore=2.63;tscore=3.92;
NODE_1_length_651596_cov_115.359902	Prodigal_v2.6.3	CDS	521808	522746	90.5	-	0	ID=1_502;partial=00;start_type=GTG;rbs_motif=None;rbs_spacer=None;gc_cont=0.491;conf=100.00;score=90.47;cscore=106.10;sscore=-15.63;rscore=-15.61;uscore=4.99;tscore=-4.36;
NODE_1_length_651596_cov_115.359902	Prodigal_v2.6.3	CDS	522965	524209	156.6	+	0	ID=1_503;partial=00;start_type=ATG;rbs_motif=GGAG/GAGG;rbs_spacer=5-10bp;gc_cont=0.459;conf=100.00;score=156.60;cscore=138.67;sscore=17.93;rscore=10.35;uscore=3.66;tscore=3.92;
NODE_1_length_651596_cov_115.359902	Prodigal_v2.6.3	CDS	524270	525007	100.0	+	0	ID=1_504;partial=00;start_type=ATG;rbs_motif=AGGAG;rbs_spacer=5-10bp;gc_cont=0.473;conf=100.00;score=100.02;cscore=79.52;sscore=20.50;rscore=15.31;uscore=1.27;tscore=3.92;
NODE_1_length_651596_cov_115.359902	Prodigal_v2.6.3	CDS	525751	527265	208.8	+	0	ID=1_505;partial=00;start_type=ATG;rbs_motif=AGxAGG/AGGxGG;rbs_spacer=5-10bp;gc_cont=0.506;conf=99.99;score=208.84;cscore=194.58;sscore=14.27;rscore=11.15;uscore=-0.16;tscore=3.92;
NODE_1_length_651596_cov_115.359902	Prodigal_v2.6.3	CDS	527370	528122	103.3	-	0	ID=1_506;partial=00;start_type=ATG;rbs_motif=AGGAGG;rbs_spacer=5-10bp;gc_cont=0.466;conf=100.00;score=103.31;cscore=84.72;sscore=18.59;rscore=16.65;uscore=-1.34;tscore=3.92;
NODE_1_length_651596_cov_115.359902	Prodigal_v2.6.3	CDS	528248	529177	126.2	+	0	ID=1_507;partial=00;start_type=TTG;rbs_motif=AGGAG;rbs_spacer=5-10bp;gc_cont=0.473;conf=100.00;score=126.23;cscore=115.45;sscore=10.78;rscore=15.31;uscore=2.97;tscore=-7.50;
NODE_1_length_651596_cov_115.359902	Prodigal_v2.6.3	CDS	529181	531163	280.4	+	0	ID=1_508;partial=00;start_type=ATG;rbs_motif=GGAGG;rbs_spacer=5-10bp;gc_cont=0.494;conf=99.99;score=280.38;cscore=255.88;sscore=24.50;rscore=16.07;uscore=3.26;tscore=3.92;
NODE_1_length_651596_cov_115.359902	Prodigal_v2.6.3	CDS	531745	532218	33.7	+	0	ID=1_509;partial=00;start_type=ATG;rbs_motif=GGxGG;rbs_spacer=5-10bp;gc_cont=0.466;conf=99.96;score=33.70;cscore=31.26;sscore=2.44;rscore=3.18;uscore=-4.01;tscore=3.92;
NODE_1_length_651596_cov_115.359902	Prodigal_v2.6.3	CDS	532374	533072	100.7	-	0	ID=1_510;partial=00;start_type=ATG;rbs_motif=GGAG/GAGG;rbs_spacer=5-10bp;gc_cont=0.485;conf=100.00;score=100.75;cscore=83.43;sscore=17.32;rscore=10.35;uscore=3.70;tscore=3.92;
NODE_1_length_651596_cov_115.359902	Prodigal_v2.6.3	CDS	533473	534666	181.5	+	0	ID=1_511;partial=00;start_type=ATG;rbs_motif=AGGAG;rbs_spacer=5-10bp;gc_cont=0.474;conf=99.99;score=181.46;cscore=166.17;sscore=15.29;rscore=15.31;uscore=-3.94;tscore=3.92;
NODE_1_length_651596_cov_115.359902	Prodigal_v2.6.3	CDS	534971	536173	158.3	-	0	ID=1_512;partial=00;start_type=ATG;rbs_motif=AGxAGG/AGGxGG;rbs_spacer=5-10bp;gc_cont=0.471;conf=100.00;score=158.32;cscore=144.46;sscore=13.87;rscore=11.15;uscore=-0.56;tscore=3.92;
NODE_1_length_651596_cov_115.359902	Prodigal_v2.6.3	CDS	536423	537325	104.0	+	0	ID=1_513;partial=00;start_type=ATG;rbs_motif=AGGAGG;rbs_spacer=5-10bp;gc_cont=0.491;conf=100.00;score=104.03;cscore=84.83;sscore=19.20;rscore=16.65;uscore=-1.38;tscore=3.92;
NODE_1_length_651596_cov_115.359902	Prodigal_v2.6.3	CDS	537331	537813	53.1	-	0	ID=1_514;partial=00;start_type=ATG;rbs_motif=GGAG/GAGG;rbs_spacer=5-10bp;gc_cont=0.470;conf=100.00;score=53.13;cscore=38.46;sscore=14.67;rscore=10.35;uscore=1.04;tscore=3.92;
NODE_1_length_651596_cov_115.359902	Prodigal_v2.6.3	CDS	537910	538722	105.8	+	0	ID=1_515;partial=00;start_type=ATG;rbs_motif=GGAG/GAGG;rbs_spacer=5-10bp;gc_cont=0.501;conf=100.00;score=105.83;cscore=88.23;sscore=17.59;rscore=10.35;uscore=3.32;tscore=3.92;
NODE_1_length_651596_cov_115.359902	Prodigal_v2.6.3	CDS	538767	539453	93.1	+	0	ID=1_516;partial=00;start_type=ATG;rbs_motif=GGAG/GAGG;rbs_spacer=5-10bp;gc_cont=0.477;conf=100.00;score=93.15;cscore=74.04;sscore=19.11;rscore=10.35;uscore=4.04;tscore=3.92;
NODE_1_length_651596_cov_115.359902	Prodigal_v2.6.3	CDS	539459	540136	79.0	-	0	ID=1_517;partial=00;start_type=ATG;rbs_motif=GGAG/GAGG;rbs_spacer=5-10bp;gc_cont=0.513;conf=100.00;score=78.97;cscore=64.70;sscore=14.26;rscore=10.35;uscore=0.64;tscore=3.92;
NODE_1_length_651596_cov_115.359902	Prodigal_v2.6.3	CDS	540425	540688	39.4	-	0	ID=1_518;partial=00;start_type=ATG;rbs_motif=GGAG/GAGG;rbs_spacer=5-10bp;gc_cont=0.455;conf=99.99;score=39.37;cscore=24.90;sscore=14.47;rscore=10.35;uscore=0.85;tscore=3.92;
NODE_1_length_651596_cov_115.359902	Prodigal_v2.6.3	CDS	540996	541340	43.9	+	0	ID=1_519;partial=00;start_type=ATG;rbs_motif=AGGA/GGAG/GAGG;rbs_spacer=11-12bp;gc_cont=0.423;conf=100.00;score=43.88;cscore=28.79;sscore=15.09;rscore=5.64;uscore=5.52;tscore=3.92;
NODE_1_length_651596_cov_115.359902	Prodigal_v2.6.3	CDS	541403	542215	114.2	+	0	ID=1_520;partial=00;start_type=ATG;rbs_motif=AGGA;rbs_spacer=5-10bp;gc_cont=0.491;conf=100.00;score=114.24;cscore=105.27;sscore=8.97;rscore=7.02;uscore=-1.98;tscore=3.92;
NODE_1_length_651596_cov_115.359902	Prodigal_v2.6.3	CDS	542517	543521	143.4	+	0	ID=1_521;partial=00;start_type=ATG;rbs_motif=AGxAGG/AGGxGG;rbs_spacer=5-10bp;gc_cont=0.465;conf=100.00;score=143.45;cscore=128.23;sscore=15.22;rscore=11.15;uscore=0.80;tscore=3.92;
NODE_1_length_651596_cov_115.359902	Prodigal_v2.6.3	CDS	543585	546113	259.8	-	0	ID=1_522;partial=00;start_type=ATG;rbs_motif=AGGAG;rbs_spacer=5-10bp;gc_cont=0.525;conf=99.99;score=259.82;cscore=242.25;sscore=17.58;rscore=15.31;uscore=-1.00;tscore=3.92;
NODE_1_length_651596_cov_115.359902	Prodigal_v2.6.3	CDS	546326	546742	46.0	-	0	ID=1_523;partial=00;start_type=ATG;rbs_motif=AGxAGG/AGGxGG;rbs_spacer=5-10bp;gc_cont=0.480;conf=100.00;score=46.03;cscore=25.97;sscore=20.07;rscore=11.15;uscore=5.64;tscore=3.92;
NODE_1_length_651596_cov_115.359902	Prodigal_v2.6.3	CDS	546870	547544	92.7	+	0	ID=1_524;partial=00;start_type=ATG;rbs_motif=AGxAGG/AGGxGG;rbs_spacer=5-10bp;gc_cont=0.495;conf=100.00;score=92.65;cscore=76.04;sscore=16.61;rscore=11.15;uscore=1.54;tscore=3.92;
NODE_1_length_651596_cov_115.359902	Prodigal_v2.6.3	CDS	548068	548712	59.5	+	0	ID=1_525;partial=00;start_type=ATG;rbs_motif=AGGA;rbs_spacer=5-10bp;gc_cont=0.487;conf=100.00;score=59.52;cscore=46.19;sscore=13.33;rscore=7.02;uscore=3.03;tscore=3.92;
NODE_1_length_651596_cov_115.359902	Prodigal_v2.6.3	CDS	549148	550119	74.3	+	0	ID=1_526;partial=00;start_type=ATG;rbs_motif=AGGAGG;rbs_spacer=5-10bp;gc_cont=0.475;conf=100.00;score=74.32;cscore=51.26;sscore=23.07;rscore=16.65;uscore=3.14;tscore=3.92;
NODE_1_length_651596_cov_115.359902	Prodigal_v2.6.3	CDS	550144	550977	90.7	-	0	ID=1_527;partial=00;start_type=TTG;rbs_motif=GGAGG;rbs_spacer=5-10bp;gc_cont=0.482;conf=100.00;score=90.73;cscore=79.16;sscore=11.57;rscore=16.07;uscore=3.00;tscore=-7.50;
NODE_1_length_651596_cov_115.359902	Prodigal_v2.6.3	CDS	551112	553400	298.7	-	0	ID=1_528;partial=00;start_type=ATG;rbs_motif=AGGAG;rbs_spacer=5-10bp;gc_cont=0.478;conf=99.99;score=298.70;cscore=278.32;sscore=20.39;rscore=15.31;uscore=1.81;tscore=3.92;
NODE_1_length_651596_cov_115.359902	Prodigal_v2.6.3	CDS	553558	553797	5.4	+	0	ID=1_529;partial=00;start_type=ATG;rbs_motif=GGAG/GAGG;rbs_spacer=5-10bp;gc_cont=0.571;conf=77.50;score=5.38;cscore=-7.43;sscore=12.81;rscore=9.81;uscore=-0.22;tscore=3.72;
NODE_1_length_651596_cov_115.359902	Prodigal_v2.6.3	CDS	554058	555689	216.6	+	0	ID=1_530;partial=00;start_type=ATG;rbs_motif=GGAGG;rbs_spacer=5-10bp;gc_cont=0.507;conf=99.99;score=216.56;cscore=195.25;sscore=21.31;rscore=16.07;uscore=1.97;tscore=3.92;
NODE_1_length_651596_cov_115.359902	Prodigal_v2.6.3	CDS	555689	556648	136.9	+	0	ID=1_531;partial=00;start_type=ATG;rbs_motif=AGGAGG;rbs_spacer=5-10bp;gc_cont=0.532;conf=100.00;score=136.89;cscore=115.02;sscore=21.86;rscore=16.65;uscore=-2.73;tscore=3.92;
NODE_1_length_651596_cov_115.359902	Prodigal_v2.6.3	CDS	556654	557979	200.7	+	0	ID=1_532;partial=00;start_type=ATG;rbs_motif=AGGAG;rbs_spacer=5-10bp;gc_cont=0.503;conf=99.99;score=200.65;cscore=179.60;sscore=21.05;rscore=15.31;uscore=0.60;tscore=3.92;
NODE_1_length_651596_cov_115.359902	Prodigal_v2.6.3	CDS	558399	559415	159.0	+	0	ID=1_533;partial=00;start_type=ATG;rbs_motif=AGGAGG;rbs_spacer=5-10bp;gc_cont=0.480;conf=100.00;score=158.97;cscore=140.87;sscore=18.10;rscore=16.65;uscore=-1.83;tscore=3.92;
NODE_1_length_651596_cov_115.359902	Prodigal_v2.6.3	CDS	559601	560209	66.7	+	0	ID=1_534;partial=00;start_type=ATG;rbs_motif=GGA/GAG/AGG;rbs_spacer=5-10bp;gc_cont=0.463;conf=100.00;score=66.66;cscore=62.96;sscore=3.70;rscore=-1.95;uscore=2.38;tscore=3.92;
NODE_1_length_651596_cov_115.359902	Prodigal_v2.6.3	CDS	560218	561078	112.1	+	0	ID=1_535;partial=00;start_type=ATG;rbs_motif=AGxAGG/AGGxGG;rbs_spacer=5-10bp;gc_cont=0.527;conf=100.00;score=112.11;cscore=96.50;sscore=15.61;rscore=11.15;uscore=-0.65;tscore=3.92;
NODE_1_length_651596_cov_115.359902	Prodigal_v2.6.3	CDS	561293	562648	146.6	+	0	ID=1_536;partial=00;start_type=ATG;rbs_motif=GGAGG;rbs_spacer=5-10bp;gc_cont=0.493;conf=100.00;score=146.59;cscore=127.71;sscore=18.88;rscore=16.07;uscore=-0.46;tscore=3.92;
NODE_1_length_651596_cov_115.359902	Prodigal_v2.6.3	CDS	562962	563462	51.1	-	0	ID=1_537;partial=00;start_type=TTG;rbs_motif=GGAGG;rbs_spacer=5-10bp;gc_cont=0.499;conf=100.00;score=51.06;cscore=40.48;sscore=10.58;rscore=16.07;uscore=0.98;tscore=-7.50;
NODE_1_length_651596_cov_115.359902	Prodigal_v2.6.3	CDS	563485	564309	93.7	-	0	ID=1_538;partial=00;start_type=ATG;rbs_motif=AGGA;rbs_spacer=5-10bp;gc_cont=0.521;conf=100.00;score=93.67;cscore=81.78;sscore=11.89;rscore=7.02;uscore=0.94;tscore=3.92;
NODE_1_length_651596_cov_115.359902	Prodigal_v2.6.3	CDS	564476	565408	125.0	-	0	ID=1_539;partial=00;start_type=ATG;rbs_motif=AGGA;rbs_spacer=5-10bp;gc_cont=0.487;conf=100.00;score=125.03;cscore=113.42;sscore=11.61;rscore=7.02;uscore=1.32;tscore=3.92;
NODE_1_length_651596_cov_115.359902	Prodigal_v2.6.3	CDS	565795	567324	176.8	+	0	ID=1_540;partial=00;start_type=ATG;rbs_motif=GGxGG;rbs_spacer=5-10bp;gc_cont=0.433;conf=100.00;score=176.82;cscore=167.07;sscore=9.74;rscore=3.18;uscore=2.64;tscore=3.92;
NODE_1_length_651596_cov_115.359902	Prodigal_v2.6.3	CDS	567321	569483	262.9	+	0	ID=1_541;partial=00;start_type=ATG;rbs_motif=AGGA/GGAG/GAGG;rbs_spacer=11-12bp;gc_cont=0.460;conf=99.99;score=262.86;cscore=250.81;sscore=12.04;rscore=5.64;uscore=1.18;tscore=3.92;
NODE_1_length_651596_cov_115.359902	Prodigal_v2.6.3	CDS	569480	570421	130.0	+	0	ID=1_542;partial=00;start_type=ATG;rbs_motif=AGGAGG;rbs_spacer=5-10bp;gc_cont=0.488;conf=100.00;score=129.99;cscore=107.74;sscore=22.25;rscore=16.65;uscore=0.38;tscore=3.92;
NODE_1_length_651596_cov_115.359902	Prodigal_v2.6.3	CDS	570588	571622	108.5	+	0	ID=1_543;partial=00;start_type=ATG;rbs_motif=GGAG/GAGG;rbs_spacer=5-10bp;gc_cont=0.449;conf=100.00;score=108.50;cscore=95.80;sscore=12.70;rscore=10.35;uscore=-1.58;tscore=3.92;
NODE_1_length_651596_cov_115.359902	Prodigal_v2.6.3	CDS	571657	571935	26.3	+	0	ID=1_544;partial=00;start_type=ATG;rbs_motif=3Base/5BMM;rbs_spacer=13-15bp;gc_cont=0.477;conf=99.76;score=26.32;cscore=31.66;sscore=-5.34;rscore=-11.64;uscore=1.47;tscore=3.92;
NODE_1_length_651596_cov_115.359902	Prodigal_v2.6.3	CDS	572011	572520	71.1	-	0	ID=1_545;partial=00;start_type=ATG;rbs_motif=GGAGG;rbs_spacer=5-10bp;gc_cont=0.496;conf=100.00;score=71.08;cscore=48.17;sscore=22.92;rscore=16.07;uscore=2.92;tscore=3.92;
NODE_1_length_651596_cov_115.359902	Prodigal_v2.6.3	CDS	572585	572707	1.4	-	0	ID=1_546;partial=00;start_type=ATG;rbs_motif=GGA/GAG/AGG;rbs_spacer=5-10bp;gc_cont=0.569;conf=58.11;score=1.42;cscore=4.16;sscore=-2.73;rscore=-4.07;uscore=0.11;tscore=1.88;
NODE_1_length_651596_cov_115.359902	Prodigal_v2.6.3	CDS	572772	573698	121.5	+	0	ID=1_547;partial=00;start_type=ATG;rbs_motif=AGGAG;rbs_spacer=5-10bp;gc_cont=0.487;conf=100.00;score=121.54;cscore=103.82;sscore=17.72;rscore=15.31;uscore=-1.52;tscore=3.92;
NODE_1_length_651596_cov_115.359902	Prodigal_v2.6.3	CDS	573695	573841	12.2	-	0	ID=1_548;partial=00;start_type=ATG;rbs_motif=AGGAG;rbs_spacer=5-10bp;gc_cont=0.422;conf=94.34;score=12.24;cscore=-0.04;sscore=12.28;rscore=8.82;uscore=2.35;tscore=2.26;
NODE_1_length_651596_cov_115.359902	Prodigal_v2.6.3	CDS	574125	574817	96.9	+	0	ID=1_549;partial=00;start_type=ATG;rbs_motif=AGGAGG;rbs_spacer=5-10bp;gc_cont=0.466;conf=100.00;score=96.92;cscore=76.78;sscore=20.14;rscore=16.65;uscore=-0.44;tscore=3.92;
NODE_1_length_651596_cov_115.359902	Prodigal_v2.6.3	CDS	574909	575517	53.9	+	0	ID=1_550;partial=00;start_type=ATG;rbs_motif=GGAG/GAGG;rbs_spacer=5-10bp;gc_cont=0.473;conf=100.00;score=53.89;cscore=37.37;sscore=16.53;rscore=10.35;uscore=2.25;tscore=3.92;
NODE_1_length_651596_cov_115.359902	Prodigal_v2.6.3	CDS	575545	576450	144.0	+	0	ID=1_551;partial=00;start_type=ATG;rbs_motif=AGGAG;rbs_spacer=5-10bp;gc_cont=0.460;conf=100.00;score=143.97;cscore=120.73;sscore=23.25;rscore=15.31;uscore=3.04;tscore=3.92;
NODE_1_length_651596_cov_115.359902	Prodigal_v2.6.3	CDS	576596	577075	68.1	+	0	ID=1_552;partial=00;start_type=ATG;rbs_motif=AGGAG;rbs_spacer=5-10bp;gc_cont=0.481;conf=100.00;score=68.14;cscore=47.14;sscore=21.00;rscore=15.31;uscore=1.77;tscore=3.92;
NODE_1_length_651596_cov_115.359902	Prodigal_v2.6.3	CDS	577068	577880	70.0	+	0	ID=1_553;partial=00;start_type=ATG;rbs_motif=GGA/GAG/AGG;rbs_spacer=11-12bp;gc_cont=0.494;conf=100.00;score=70.03;cscore=72.05;sscore=-2.02;rscore=-4.11;uscore=-3.08;tscore=3.92;
NODE_1_length_651596_cov_115.359902	Prodigal_v2.6.3	CDS	578089	578967	105.8	+	0	ID=1_554;partial=00;start_type=ATG;rbs_motif=AGGAG/GGAGG;rbs_spacer=11-12bp;gc_cont=0.472;conf=100.00;score=105.78;cscore=88.74;sscore=17.04;rscore=12.17;uscore=1.61;tscore=3.92;
NODE_1_length_651596_cov_115.359902	Prodigal_v2.6.3	CDS	579046	581028	285.2	+	0	ID=1_555;partial=00;start_type=ATG;rbs_motif=GGAGG;rbs_spacer=5-10bp;gc_cont=0.468;conf=99.99;score=285.15;cscore=264.02;sscore=21.13;rscore=16.07;uscore=1.14;tscore=3.92;
NODE_1_length_651596_cov_115.359902	Prodigal_v2.6.3	CDS	581146	583062	226.6	-	0	ID=1_556;partial=00;start_type=ATG;rbs_motif=AGGAGG;rbs_spacer=5-10bp;gc_cont=0.481;conf=99.99;score=226.64;cscore=202.26;sscore=24.39;rscore=16.65;uscore=2.63;tscore=3.92;
NODE_1_length_651596_cov_115.359902	Prodigal_v2.6.3	CDS	583049	584875	199.6	-	0	ID=1_557;partial=00;start_type=ATG;rbs_motif=GGAG/GAGG;rbs_spacer=5-10bp;gc_cont=0.475;conf=99.99;score=199.58;cscore=182.36;sscore=17.22;rscore=10.35;uscore=2.25;tscore=3.92;
NODE_1_length_651596_cov_115.359902	Prodigal_v2.6.3	CDS	584929	585840	94.7	-	0	ID=1_558;partial=00;start_type=ATG;rbs_motif=GGxGG;rbs_spacer=5-10bp;gc_cont=0.508;conf=100.00;score=94.66;cscore=85.21;sscore=9.46;rscore=3.18;uscore=1.17;tscore=3.92;
NODE_1_length_651596_cov_115.359902	Prodigal_v2.6.3	CDS	585827	586531	106.1	-	0	ID=1_559;partial=00;start_type=ATG;rbs_motif=AGGAGG;rbs_spacer=5-10bp;gc_cont=0.488;conf=100.00;score=106.13;cscore=80.29;sscore=25.84;rscore=16.65;uscore=5.26;tscore=3.92;
NODE_1_length_651596_cov_115.359902	Prodigal_v2.6.3	CDS	586699	587580	98.8	-	0	ID=1_560;partial=00;start_type=TTG;rbs_motif=AGGAGG;rbs_spacer=5-10bp;gc_cont=0.485;conf=100.00;score=98.83;cscore=88.01;sscore=10.82;rscore=16.65;uscore=2.31;tscore=-7.50;
NODE_1_length_651596_cov_115.359902	Prodigal_v2.6.3	CDS	587772	588770	162.1	-	0	ID=1_561;partial=00;start_type=ATG;rbs_motif=AGGAGG;rbs_spacer=5-10bp;gc_cont=0.470;conf=100.00;score=162.14;cscore=140.15;sscore=21.99;rscore=16.65;uscore=2.06;tscore=3.92;
NODE_1_length_651596_cov_115.359902	Prodigal_v2.6.3	CDS	588989	589471	60.5	+	0	ID=1_562;partial=00;start_type=ATG;rbs_motif=GGA/GAG/AGG;rbs_spacer=5-10bp;gc_cont=0.470;conf=100.00;score=60.47;cscore=54.53;sscore=5.95;rscore=-1.95;uscore=3.98;tscore=3.92;
NODE_1_length_651596_cov_115.359902	Prodigal_v2.6.3	CDS	589489	590268	98.6	+	0	ID=1_563;partial=00;start_type=ATG;rbs_motif=GGA/GAG/AGG;rbs_spacer=5-10bp;gc_cont=0.486;conf=100.00;score=98.55;cscore=93.71;sscore=4.85;rscore=-1.95;uscore=1.79;tscore=3.92;
NODE_1_length_651596_cov_115.359902	Prodigal_v2.6.3	CDS	590265	590834	84.8	+	0	ID=1_564;partial=00;start_type=ATG;rbs_motif=AGGA;rbs_spacer=5-10bp;gc_cont=0.519;conf=100.00;score=84.80;cscore=72.56;sscore=12.24;rscore=7.02;uscore=-0.32;tscore=3.92;
NODE_1_length_651596_cov_115.359902	Prodigal_v2.6.3	CDS	590821	591717	119.9	+	0	ID=1_565;partial=00;start_type=ATG;rbs_motif=GGAGG;rbs_spacer=5-10bp;gc_cont=0.494;conf=100.00;score=119.86;cscore=99.99;sscore=19.86;rscore=16.07;uscore=-1.32;tscore=3.92;
NODE_1_length_651596_cov_115.359902	Prodigal_v2.6.3	CDS	591835	592086	35.4	+	0	ID=1_566;partial=00;start_type=ATG;rbs_motif=GGAG/GAGG;rbs_spacer=5-10bp;gc_cont=0.480;conf=99.97;score=35.39;cscore=22.95;sscore=12.45;rscore=10.31;uscore=-1.77;tscore=3.91;
NODE_1_length_651596_cov_115.359902	Prodigal_v2.6.3	CDS	592270	593220	69.4	+	0	ID=1_567;partial=00;start_type=ATG;rbs_motif=None;rbs_spacer=None;gc_cont=0.525;conf=100.00;score=69.39;cscore=78.01;sscore=-8.62;rscore=-15.61;uscore=3.71;tscore=3.92;
NODE_1_length_651596_cov_115.359902	Prodigal_v2.6.3	CDS	593275	594153	126.8	+	0	ID=1_568;partial=00;start_type=ATG;rbs_motif=GGAGG;rbs_spacer=5-10bp;gc_cont=0.511;conf=100.00;score=126.80;cscore=104.29;sscore=22.51;rscore=16.07;uscore=1.83;tscore=3.92;
NODE_1_length_651596_cov_115.359902	Prodigal_v2.6.3	CDS	594243	595004	105.9	-	0	ID=1_569;partial=00;start_type=ATG;rbs_motif=AGGAGG;rbs_spacer=5-10bp;gc_cont=0.487;conf=100.00;score=105.87;cscore=84.62;sscore=21.24;rscore=16.65;uscore=-0.59;tscore=3.92;
NODE_1_length_651596_cov_115.359902	Prodigal_v2.6.3	CDS	594997	595647	90.2	-	0	ID=1_570;partial=00;start_type=ATG;rbs_motif=AGGAGG;rbs_spacer=5-10bp;gc_cont=0.498;conf=100.00;score=90.19;cscore=65.41;sscore=24.78;rscore=16.65;uscore=4.85;tscore=3.92;
NODE_1_length_651596_cov_115.359902	Prodigal_v2.6.3	CDS	595881	596729	121.6	+	0	ID=1_571;partial=00;start_type=ATG;rbs_motif=AGGAG;rbs_spacer=5-10bp;gc_cont=0.475;conf=100.00;score=121.59;cscore=101.71;sscore=19.88;rscore=15.31;uscore=0.65;tscore=3.92;
NODE_1_length_651596_cov_115.359902	Prodigal_v2.6.3	CDS	596726	597919	113.8	+	0	ID=1_572;partial=00;start_type=ATG;rbs_motif=AGxAGG/AGGxGG;rbs_spacer=5-10bp;gc_cont=0.468;conf=100.00;score=113.83;cscore=97.46;sscore=16.37;rscore=11.15;uscore=-1.18;tscore=3.92;
NODE_1_length_651596_cov_115.359902	Prodigal_v2.6.3	CDS	598059	599447	200.7	+	0	ID=1_573;partial=00;start_type=ATG;rbs_motif=GGAG/GAGG;rbs_spacer=5-10bp;gc_cont=0.470;conf=99.99;score=200.70;cscore=183.37;sscore=17.33;rscore=10.35;uscore=3.06;tscore=3.92;
NODE_1_length_651596_cov_115.359902	Prodigal_v2.6.3	CDS	599545	600519	130.2	+	0	ID=1_574;partial=00;start_type=ATG;rbs_motif=GGAGG;rbs_spacer=5-10bp;gc_cont=0.497;conf=100.00;score=130.23;cscore=109.22;sscore=21.00;rscore=16.07;uscore=1.01;tscore=3.92;
NODE_1_length_651596_cov_115.359902	Prodigal_v2.6.3	CDS	600815	601153	38.1	+	0	ID=1_575;partial=00;start_type=ATG;rbs_motif=AGxAGG/AGGxGG;rbs_spacer=11-12bp;gc_cont=0.434;conf=99.98;score=38.14;cscore=29.33;sscore=8.82;rscore=5.02;uscore=0.52;tscore=3.92;
NODE_1_length_651596_cov_115.359902	Prodigal_v2.6.3	CDS	601316	601816	31.6	-	0	ID=1_576;partial=00;start_type=ATG;rbs_motif=None;rbs_spacer=None;gc_cont=0.481;conf=99.93;score=31.63;cscore=42.07;sscore=-10.44;rscore=-15.61;uscore=1.90;tscore=3.92;
NODE_1_length_651596_cov_115.359902	Prodigal_v2.6.3	CDS	601998	602369	51.6	-	0	ID=1_577;partial=00;start_type=ATG;rbs_motif=GGAG/GAGG;rbs_spacer=5-10bp;gc_cont=0.411;conf=100.00;score=51.57;cscore=32.70;sscore=18.88;rscore=10.35;uscore=4.60;tscore=3.92;
NODE_1_length_651596_cov_115.359902	Prodigal_v2.6.3	CDS	602432	603490	118.3	-	0	ID=1_578;partial=00;start_type=ATG;rbs_motif=AGGAG;rbs_spacer=5-10bp;gc_cont=0.454;conf=100.00;score=118.31;cscore=100.52;sscore=17.79;rscore=15.31;uscore=-0.78;tscore=3.92;
NODE_1_length_651596_cov_115.359902	Prodigal_v2.6.3	CDS	603562	604014	63.3	+	0	ID=1_579;partial=00;start_type=ATG;rbs_motif=GGAGG;rbs_spacer=5-10bp;gc_cont=0.486;conf=100.00;score=63.30;cscore=37.98;sscore=25.32;rscore=16.07;uscore=5.33;tscore=3.92;
NODE_1_length_651596_cov_115.359902	Prodigal_v2.6.3	CDS	604023	605375	164.6	-	0	ID=1_580;partial=00;start_type=ATG;rbs_motif=GGAG/GAGG;rbs_spacer=5-10bp;gc_cont=0.472;conf=100.00;score=164.63;cscore=147.12;sscore=17.52;rscore=10.35;uscore=2.02;tscore=3.92;
NODE_1_length_651596_cov_115.359902	Prodigal_v2.6.3	CDS	605365	606213	89.0	-	0	ID=1_581;partial=00;start_type=ATG;rbs_motif=AGxAGG/AGGxGG;rbs_spacer=5-10bp;gc_cont=0.503;conf=100.00;score=89.03;cscore=70.48;sscore=18.55;rscore=11.15;uscore=4.12;tscore=3.92;
NODE_1_length_651596_cov_115.359902	Prodigal_v2.6.3	CDS	606394	606840	57.8	+	0	ID=1_582;partial=00;start_type=ATG;rbs_motif=AGGA;rbs_spacer=5-10bp;gc_cont=0.488;conf=100.00;score=57.85;cscore=46.73;sscore=11.12;rscore=7.02;uscore=0.18;tscore=3.92;
NODE_1_length_651596_cov_115.359902	Prodigal_v2.6.3	CDS	606884	607564	105.9	+	0	ID=1_583;partial=00;start_type=GTG;rbs_motif=GGA/GAG/AGG;rbs_spacer=5-10bp;gc_cont=0.470;conf=100.00;score=105.93;cscore=107.60;sscore=-1.68;rscore=-1.95;uscore=3.84;tscore=-4.36;
NODE_1_length_651596_cov_115.359902	Prodigal_v2.6.3	CDS	607982	608863	92.4	+	0	ID=1_584;partial=00;start_type=ATG;rbs_motif=AGxAGG/AGGxGG;rbs_spacer=5-10bp;gc_cont=0.431;conf=100.00;score=92.37;cscore=76.03;sscore=16.34;rscore=11.15;uscore=1.91;tscore=3.92;
NODE_1_length_651596_cov_115.359902	Prodigal_v2.6.3	CDS	609103	610707	236.5	+	0	ID=1_585;partial=00;start_type=ATG;rbs_motif=AGGAG;rbs_spacer=5-10bp;gc_cont=0.469;conf=99.99;score=236.49;cscore=214.51;sscore=21.98;rscore=15.31;uscore=3.40;tscore=3.92;
NODE_1_length_651596_cov_115.359902	Prodigal_v2.6.3	CDS	611220	612479	194.9	+	0	ID=1_586;partial=00;start_type=ATG;rbs_motif=GGAG/GAGG;rbs_spacer=5-10bp;gc_cont=0.469;conf=99.99;score=194.85;cscore=180.16;sscore=14.70;rscore=10.35;uscore=1.07;tscore=3.92;
NODE_1_length_651596_cov_115.359902	Prodigal_v2.6.3	CDS	612575	612826	37.2	+	0	ID=1_587;partial=00;start_type=ATG;rbs_motif=AGGAG;rbs_spacer=5-10bp;gc_cont=0.429;conf=99.98;score=37.24;cscore=17.31;sscore=19.93;rscore=15.25;uscore=0.77;tscore=3.91;
NODE_1_length_651596_cov_115.359902	Prodigal_v2.6.3	CDS	613208	613636	80.1	-	0	ID=1_588;partial=00;start_type=ATG;rbs_motif=AGGAGG;rbs_spacer=5-10bp;gc_cont=0.427;conf=100.00;score=80.10;cscore=59.26;sscore=20.84;rscore=16.65;uscore=0.92;tscore=3.92;
NODE_1_length_651596_cov_115.359902	Prodigal_v2.6.3	CDS	613736	614413	51.1	+	0	ID=1_589;partial=00;start_type=ATG;rbs_motif=GGA/GAG/AGG;rbs_spacer=5-10bp;gc_cont=0.459;conf=100.00;score=51.06;cscore=47.05;sscore=4.01;rscore=-1.95;uscore=2.04;tscore=3.92;
NODE_1_length_651596_cov_115.359902	Prodigal_v2.6.3	CDS	614410	615054	58.5	-	0	ID=1_590;partial=00;start_type=ATG;rbs_motif=GGA/GAG/AGG;rbs_spacer=5-10bp;gc_cont=0.498;conf=100.00;score=58.52;cscore=57.09;sscore=1.44;rscore=-1.95;uscore=0.12;tscore=3.92;
NODE_1_length_651596_cov_115.359902	Prodigal_v2.6.3	CDS	615313	616077	53.2	+	0	ID=1_591;partial=00;start_type=GTG;rbs_motif=GGA/GAG/AGG;rbs_spacer=5-10bp;gc_cont=0.456;conf=100.00;score=53.18;cscore=58.11;sscore=-4.93;rscore=-1.95;uscore=1.39;tscore=-4.36;
NODE_1_length_651596_cov_115.359902	Prodigal_v2.6.3	CDS	616138	617526	201.0	+	0	ID=1_592;partial=00;start_type=ATG;rbs_motif=AGGA/GGAG/GAGG;rbs_spacer=11-12bp;gc_cont=0.482;conf=99.99;score=201.02;cscore=190.03;sscore=10.99;rscore=5.64;uscore=1.42;tscore=3.92;
NODE_1_length_651596_cov_115.359902	Prodigal_v2.6.3	CDS	617826	619334	215.3	+	0	ID=1_593;partial=00;start_type=TTG;rbs_motif=AGGAGG;rbs_spacer=5-10bp;gc_cont=0.484;conf=99.99;score=215.34;cscore=209.57;sscore=5.76;rscore=16.65;uscore=-2.74;tscore=-7.50;
NODE_1_length_651596_cov_115.359902	Prodigal_v2.6.3	CDS	619504	619878	58.7	+	0	ID=1_594;partial=00;start_type=ATG;rbs_motif=AGGAGG;rbs_spacer=5-10bp;gc_cont=0.459;conf=100.00;score=58.67;cscore=39.24;sscore=19.43;rscore=16.65;uscore=-1.15;tscore=3.92;
NODE_1_length_651596_cov_115.359902	Prodigal_v2.6.3	CDS	619865	621001	132.2	+	0	ID=1_595;partial=00;start_type=GTG;rbs_motif=AGxAGG/AGGxGG;rbs_spacer=5-10bp;gc_cont=0.490;conf=100.00;score=132.20;cscore=119.68;sscore=12.52;rscore=11.15;uscore=4.55;tscore=-4.36;
NODE_1_length_651596_cov_115.359902	Prodigal_v2.6.3	CDS	621069	621317	36.5	+	0	ID=1_596;partial=00;start_type=ATG;rbs_motif=GGAGG;rbs_spacer=5-10bp;gc_cont=0.470;conf=99.98;score=36.49;cscore=15.14;sscore=21.34;rscore=15.81;uscore=1.67;tscore=3.86;
NODE_1_length_651596_cov_115.359902	Prodigal_v2.6.3	CDS	621337	621720	41.7	+	0	ID=1_597;partial=00;start_type=ATG;rbs_motif=AGxAGG/AGGxGG;rbs_spacer=5-10bp;gc_cont=0.503;conf=99.99;score=41.72;cscore=28.00;sscore=13.72;rscore=11.15;uscore=-2.42;tscore=3.92;
NODE_1_length_651596_cov_115.359902	Prodigal_v2.6.3	CDS	621904	622425	62.2	+	0	ID=1_598;partial=00;start_type=ATG;rbs_motif=GGAGG;rbs_spacer=5-10bp;gc_cont=0.471;conf=100.00;score=62.22;cscore=41.95;sscore=20.27;rscore=16.07;uscore=0.92;tscore=3.92;
NODE_1_length_651596_cov_115.359902	Prodigal_v2.6.3	CDS	622699	627156	534.9	+	0	ID=1_599;partial=00;start_type=ATG;rbs_motif=AGxAGG/AGGxGG;rbs_spacer=5-10bp;gc_cont=0.482;conf=99.99;score=534.94;cscore=517.30;sscore=17.64;rscore=11.15;uscore=3.22;tscore=3.92;
NODE_1_length_651596_cov_115.359902	Prodigal_v2.6.3	CDS	627292	628725	165.5	+	0	ID=1_600;partial=00;start_type=ATG;rbs_motif=AGGAGG;rbs_spacer=5-10bp;gc_cont=0.484;conf=100.00;score=165.51;cscore=148.44;sscore=17.07;rscore=16.65;uscore=-3.51;tscore=3.92;
NODE_1_length_651596_cov_115.359902	Prodigal_v2.6.3	CDS	628854	629558	65.5	-	0	ID=1_601;partial=00;start_type=GTG;rbs_motif=GGAGG;rbs_spacer=5-10bp;gc_cont=0.455;conf=100.00;score=65.54;cscore=52.10;sscore=13.44;rscore=16.07;uscore=2.39;tscore=-4.36;
NODE_1_length_651596_cov_115.359902	Prodigal_v2.6.3	CDS	629834	630499	90.8	-	0	ID=1_602;partial=00;start_type=ATG;rbs_motif=GGAGG;rbs_spacer=5-10bp;gc_cont=0.465;conf=100.00;score=90.84;cscore=70.40;sscore=20.44;rscore=16.07;uscore=1.10;tscore=3.92;
NODE_1_length_651596_cov_115.359902	Prodigal_v2.6.3	CDS	631001	632371	151.5	-	0	ID=1_603;partial=00;start_type=GTG;rbs_motif=AGGAGG;rbs_spacer=5-10bp;gc_cont=0.449;conf=100.00;score=151.53;cscore=138.27;sscore=13.26;rscore=16.65;uscore=1.63;tscore=-4.36;
NODE_1_length_651596_cov_115.359902	Prodigal_v2.6.3	CDS	632777	633757	122.5	-	0	ID=1_604;partial=00;start_type=GTG;rbs_motif=AGGA;rbs_spacer=5-10bp;gc_cont=0.468;conf=100.00;score=122.50;cscore=117.72;sscore=4.78;rscore=7.02;uscore=2.77;tscore=-4.36;
NODE_1_length_651596_cov_115.359902	Prodigal_v2.6.3	CDS	634431	634988	76.5	+	0	ID=1_605;partial=00;start_type=ATG;rbs_motif=AGGAGG;rbs_spacer=11-12bp;gc_cont=0.459;conf=100.00;score=76.54;cscore=57.20;sscore=19.34;rscore=14.31;uscore=1.10;tscore=3.92;
NODE_1_length_651596_cov_115.359902	Prodigal_v2.6.3	CDS	635061	638585	487.9	+	0	ID=1_606;partial=00;start_type=ATG;rbs_motif=AGxAGG/AGGxGG;rbs_spacer=5-10bp;gc_cont=0.485;conf=99.99;score=487.94;cscore=470.34;sscore=17.60;rscore=11.15;uscore=2.53;tscore=3.92;
NODE_1_length_651596_cov_115.359902	Prodigal_v2.6.3	CDS	638706	640283	191.6	+	0	ID=1_607;partial=00;start_type=ATG;rbs_motif=AGGAGG;rbs_spacer=5-10bp;gc_cont=0.501;conf=99.99;score=191.56;cscore=170.68;sscore=20.88;rscore=16.65;uscore=0.30;tscore=3.92;
NODE_1_length_651596_cov_115.359902	Prodigal_v2.6.3	CDS	640287	640550	45.9	+	0	ID=1_608;partial=00;start_type=ATG;rbs_motif=GGAG/GAGG;rbs_spacer=5-10bp;gc_cont=0.402;conf=100.00;score=45.88;cscore=28.89;sscore=17.00;rscore=10.35;uscore=1.48;tscore=3.92;
NODE_1_length_651596_cov_115.359902	Prodigal_v2.6.3	CDS	640620	641051	40.8	+	0	ID=1_609;partial=00;start_type=ATG;rbs_motif=GGA/GAG/AGG;rbs_spacer=5-10bp;gc_cont=0.463;conf=99.99;score=40.81;cscore=37.65;sscore=3.16;rscore=-1.95;uscore=1.19;tscore=3.92;
NODE_1_length_651596_cov_115.359902	Prodigal_v2.6.3	CDS	641407	641892	70.9	+	0	ID=1_610;partial=00;start_type=ATG;rbs_motif=AGGAGG;rbs_spacer=11-12bp;gc_cont=0.500;conf=100.00;score=70.87;cscore=49.65;sscore=21.22;rscore=14.31;uscore=3.63;tscore=3.92;
NODE_1_length_651596_cov_115.359902	Prodigal_v2.6.3	CDS	641970	643280	132.4	+	0	ID=1_611;partial=00;start_type=ATG;rbs_motif=GGAGG;rbs_spacer=5-10bp;gc_cont=0.508;conf=100.00;score=132.40;cscore=112.94;sscore=19.47;rscore=16.07;uscore=-0.53;tscore=3.92;
NODE_1_length_651596_cov_115.359902	Prodigal_v2.6.3	CDS	643277	643822	81.1	+	0	ID=1_612;partial=00;start_type=ATG;rbs_motif=GGAG/GAGG;rbs_spacer=5-10bp;gc_cont=0.454;conf=100.00;score=81.09;cscore=63.41;sscore=17.68;rscore=10.35;uscore=2.11;tscore=3.92;
NODE_1_length_651596_cov_115.359902	Prodigal_v2.6.3	CDS	643884	646031	306.1	+	0	ID=1_613;partial=00;start_type=ATG;rbs_motif=GGAGG;rbs_spacer=5-10bp;gc_cont=0.489;conf=99.99;score=306.12;cscore=284.81;sscore=21.31;rscore=16.07;uscore=1.31;tscore=3.92;
NODE_1_length_651596_cov_115.359902	Prodigal_v2.6.3	CDS	646439	647338	127.0	+	0	ID=1_614;partial=00;start_type=ATG;rbs_motif=GGAG/GAGG;rbs_spacer=5-10bp;gc_cont=0.493;conf=100.00;score=127.02;cscore=109.02;sscore=18.00;rscore=10.35;uscore=4.38;tscore=3.92;
NODE_1_length_651596_cov_115.359902	Prodigal_v2.6.3	CDS	647595	648479	118.9	+	0	ID=1_615;partial=00;start_type=ATG;rbs_motif=GGAG/GAGG;rbs_spacer=5-10bp;gc_cont=0.501;conf=100.00;score=118.88;cscore=103.54;sscore=15.33;rscore=10.35;uscore=1.71;tscore=3.92;
NODE_1_length_651596_cov_115.359902	Prodigal_v2.6.3	CDS	648542	649543	148.1	+	0	ID=1_616;partial=00;start_type=ATG;rbs_motif=AGxAGG/AGGxGG;rbs_spacer=5-10bp;gc_cont=0.503;conf=100.00;score=148.07;cscore=131.70;sscore=16.37;rscore=11.15;uscore=1.30;tscore=3.92;
NODE_1_length_651596_cov_115.359902	Prodigal_v2.6.3	CDS	649680	651179	223.5	+	0	ID=1_617;partial=00;start_type=GTG;rbs_motif=GGAGG;rbs_spacer=5-10bp;gc_cont=0.472;conf=99.99;score=223.51;cscore=209.30;sscore=14.21;rscore=16.07;uscore=2.51;tscore=-4.36;
# Sequence Data: seqnum=2;seqlen=515833;seqhdr="NODE_2_length_515833_cov_109.460731"
# Model Data: version=Prodigal.v2.6.3;run_type=Single;model="Ab initio";gc_cont=46.10;transl_table=11;uses_sd=1
NODE_2_length_515833_cov_109.460731	Prodigal_v2.6.3	CDS	141	1091	124.5	-	0	ID=2_1;partial=00;start_type=ATG;rbs_motif=AGGAGG;rbs_spacer=5-10bp;gc_cont=0.470;conf=100.00;score=124.48;cscore=105.24;sscore=19.25;rscore=16.65;uscore=-0.68;tscore=3.92;
NODE_2_length_515833_cov_109.460731	Prodigal_v2.6.3	CDS	1381	3063	185.6	-	0	ID=2_2;partial=00;start_type=ATG;rbs_motif=None;rbs_spacer=None;gc_cont=0.463;conf=99.99;score=185.58;cscore=196.44;sscore=-10.86;rscore=-15.61;uscore=-0.41;tscore=3.92;
NODE_2_length_515833_cov_109.460731	Prodigal_v2.6.3	CDS	3068	3280	28.5	-	0	ID=2_3;partial=00;start_type=ATG;rbs_motif=AGGAG;rbs_spacer=5-10bp;gc_cont=0.427;conf=99.86;score=28.47;cscore=15.07;sscore=13.41;rscore=12.86;uscore=-2.10;tscore=3.30;
NODE_2_length_515833_cov_109.460731	Prodigal_v2.6.3	CDS	3900	4349	42.4	+	0	ID=2_4;partial=00;start_type=GTG;rbs_motif=GGAG/GAGG;rbs_spacer=5-10bp;gc_cont=0.451;conf=99.99;score=42.41;cscore=33.78;sscore=8.63;rscore=10.35;uscore=2.64;tscore=-4.36;
NODE_2_length_515833_cov_109.460731	Prodigal_v2.6.3	CDS	4380	4673	29.8	+	0	ID=2_5;partial=00;start_type=GTG;rbs_motif=GGAGG;rbs_spacer=5-10bp;gc_cont=0.473;conf=99.89;score=29.77;cscore=17.09;sscore=12.68;rscore=16.07;uscore=0.03;tscore=-4.36;
NODE_2_length_515833_cov_109.460731	Prodigal_v2.6.3	CDS	4737	5291	77.5	-	0	ID=2_6;partial=00;start_type=GTG;rbs_motif=GGAGG;rbs_spacer=5-10bp;gc_cont=0.470;conf=100.00;score=77.45;cscore=62.96;sscore=14.49;rscore=16.07;uscore=3.44;tscore=-4.36;
NODE_2_length_515833_cov_109.460731	Prodigal_v2.6.3	CDS	6064	6879	90.8	+	0	ID=2_7;partial=00;start_type=ATG;rbs_motif=AGGAG;rbs_spacer=5-10bp;gc_cont=0.517;conf=100.00;score=90.84;cscore=74.63;sscore=16.21;rscore=15.31;uscore=-3.02;tscore=3.92;
NODE_2_length_515833_cov_109.460731	Prodigal_v2.6.3	CDS	7140	8252	163.1	+	0	ID=2_8;partial=00;start_type=ATG;rbs_motif=GGAG/GAGG;rbs_spacer=5-10bp;gc_cont=0.482;conf=100.00;score=163.14;cscore=147.41;sscore=15.73;rscore=10.35;uscore=2.11;tscore=3.92;
NODE_2_length_515833_cov_109.460731	Prodigal_v2.6.3	CDS	8255	9232	144.3	+	0	ID=2_9;partial=00;start_type=ATG;rbs_motif=AGGAG/GGAGG;rbs_spacer=11-12bp;gc_cont=0.497;conf=100.00;score=144.33;cscore=124.94;sscore=19.39;rscore=12.17;uscore=2.05;tscore=3.92;
NODE_2_length_515833_cov_109.460731	Prodigal_v2.6.3	CDS	9250	10914	258.1	+	0	ID=2_10;partial=00;start_type=ATG;rbs_motif=GGAG/GAGG;rbs_spacer=5-10bp;gc_cont=0.494;conf=99.99;score=258.07;cscore=238.99;sscore=19.08;rscore=10.35;uscore=3.71;tscore=3.92;
NODE_2_length_515833_cov_109.460731	Prodigal_v2.6.3	CDS	10917	12320	223.3	+	0	ID=2_11;partial=00;start_type=ATG;rbs_motif=GGAGG;rbs_spacer=5-10bp;gc_cont=0.493;conf=99.99;score=223.28;cscore=203.43;sscore=19.85;rscore=16.07;uscore=-1.39;tscore=3.92;
NODE_2_length_515833_cov_109.460731	Prodigal_v2.6.3	CDS	12557	13447	107.3	+	0	ID=2_12;partial=00;start_type=ATG;rbs_motif=AGGAG/GGAGG;rbs_spacer=11-12bp;gc_cont=0.461;conf=100.00;score=107.26;cscore=90.06;sscore=17.20;rscore=12.17;uscore=1.76;tscore=3.92;
NODE_2_length_515833_cov_109.460731	Prodigal_v2.6.3	CDS	13437	13718	50.6	+	0	ID=2_13;partial=00;start_type=ATG;rbs_motif=AGGAG;rbs_spacer=5-10bp;gc_cont=0.433;conf=100.00;score=50.58;cscore=27.27;sscore=23.31;rscore=15.31;uscore=2.86;tscore=3.92;
NODE_2_length_515833_cov_109.460731	Prodigal_v2.6.3	CDS	13721	14512	108.1	+	0	ID=2_14;partial=00;start_type=ATG;rbs_motif=GGA/GAG/AGG;rbs_spacer=5-10bp;gc_cont=0.486;conf=100.00;score=108.06;cscore=103.03;sscore=5.03;rscore=-1.95;uscore=1.81;tscore=3.92;
NODE_2_length_515833_cov_109.460731	Prodigal_v2.6.3	CDS	14771	16615	251.6	+	0	ID=2_15;partial=00;start_type=GTG;rbs_motif=AGGA;rbs_spacer=5-10bp;gc_cont=0.474;conf=99.99;score=251.61;cscore=249.07;sscore=2.54;rscore=7.02;uscore=0.54;tscore=-4.36;
NODE_2_length_515833_cov_109.460731	Prodigal_v2.6.3	CDS	16855	18024	111.1	+	0	ID=2_16;partial=00;start_type=ATG;rbs_motif=3Base/5BMM;rbs_spacer=13-15bp;gc_cont=0.468;conf=100.00;score=111.06;cscore=117.89;sscore=-6.83;rscore=-11.64;uscore=1.54;tscore=3.92;
NODE_2_length_515833_cov_109.460731	Prodigal_v2.6.3	CDS	18017	21454	461.0	+	0	ID=2_17;partial=00;start_type=ATG;rbs_motif=GGA/GAG/AGG;rbs_spacer=5-10bp;gc_cont=0.490;conf=99.99;score=461.00;cscore=456.35;sscore=4.64;rscore=-1.95;uscore=1.42;tscore=3.92;
NODE_2_length_515833_cov_109.460731	Prodigal_v2.6.3	CDS	21451	21828	27.3	+	0	ID=2_18;partial=00;start_type=GTG;rbs_motif=None;rbs_spacer=None;gc_cont=0.463;conf=99.81;score=27.28;cscore=30.35;sscore=-3.07;rscore=-15.61;uscore=-3.91;tscore=-4.36;
NODE_2_length_515833_cov_109.460731	Prodigal_v2.6.3	CDS	21815	22381	76.2	+	0	ID=2_19;partial=00;start_type=ATG;rbs_motif=AGxAGG/AGGxGG;rbs_spacer=5-10bp;gc_cont=0.513;conf=100.00;score=76.23;cscore=64.24;sscore=11.99;rscore=11.15;uscore=-4.27;tscore=3.92;
NODE_2_length_515833_cov_109.460731	Prodigal_v2.6.3	CDS	22374	22877	70.3	+	0	ID=2_20;partial=00;start_type=ATG;rbs_motif=GGAG/GAGG;rbs_spacer=5-10bp;gc_cont=0.470;conf=100.00;score=70.26;cscore=55.24;sscore=15.02;rscore=10.35;uscore=-0.50;tscore=3.92;
NODE_2_length_515833_cov_109.460731	Prodigal_v2.6.3	CDS	22933	23937	114.6	+	0	ID=2_21;partial=00;start_type=TTG;rbs_motif=AGxAG;rbs_spacer=5-10bp;gc_cont=0.479;conf=100.00;score=114.62;cscore=123.54;sscore=-8.91;rscore=-2.05;uscore=-0.04;tscore=-7.50;
NODE_2_length_515833_cov_109.460731	Prodigal_v2.6.3	CDS	24051	24734	75.7	+	0	ID=2_22;partial=00;start_type=ATG;rbs_motif=GGAG/GAGG;rbs_spacer=5-10bp;gc_cont=0.509;conf=100.00;score=75.70;cscore=62.14;sscore=13.56;rscore=10.35;uscore=-0.71;tscore=3.92;
NODE_2_length_515833_cov_109.460731	Prodigal_v2.6.3	CDS	24731	26935	190.1	+	0	ID=2_23;partial=00;start_type=ATG;rbs_motif=None;rbs_spacer=None;gc_cont=0.480;conf=99.99;score=190.14;cscore=184.09;sscore=6.06;rscore=-15.61;uscore=0.84;tscore=3.92;
NODE_2_length_515833_cov_109.460731	Prodigal_v2.6.3	CDS	26922	27965	152.9	+	0	ID=2_24;partial=00;start_type=ATG;rbs_motif=AGGAG;rbs_spacer=5-10bp;gc_cont=0.488;conf=100.00;score=152.90;cscore=130.70;sscore=22.21;rscore=15.31;uscore=1.79;tscore=3.92;
NODE_2_length_515833_cov_109.460731	Prodigal_v2.6.3	CDS	28056	28310	41.7	-	0	ID=2_25;partial=00;start_type=ATG;rbs_motif=GGAGG;rbs_spacer=5-10bp;gc_cont=0.478;conf=99.99;score=41.66;cscore=18.87;sscore=22.79;rscore=16.07;uscore=1.78;tscore=3.92;
NODE_2_length_515833_cov_109.460731	Prodigal_v2.6.3	CDS	28558	28827	39.8	+	0	ID=2_26;partial=00;start_type=ATG;rbs_motif=AGxAGG/AGGxGG;rbs_spacer=5-10bp;gc_cont=0.415;conf=99.99;score=39.77;cscore=23.14;sscore=16.63;rscore=11.15;uscore=1.56;tscore=3.92;
NODE_2_length_515833_cov_109.460731	Prodigal_v2.6.3	CDS	29019	29714	85.0	+	0	ID=2_27;partial=00;start_type=ATG;rbs_motif=AGGAG;rbs_spacer=5-10bp;gc_cont=0.496;conf=100.00;score=84.98;cscore=64.94;sscore=20.04;rscore=15.31;uscore=1.46;tscore=3.92;
NODE_2_length_515833_cov_109.460731	Prodigal_v2.6.3	CDS	29890	31572	224.3	+	0	ID=2_28;partial=00;start_type=ATG;rbs_motif=GGAG/GAGG;rbs_spacer=5-10bp;gc_cont=0.455;conf=99.99;score=224.25;cscore=208.53;sscore=15.72;rscore=10.35;uscore=1.45;tscore=3.92;
NODE_2_length_515833_cov_109.460731	Prodigal_v2.6.3	CDS	31659	32570	121.6	+	0	ID=2_29;partial=00;start_type=ATG;rbs_motif=AGGAGG;rbs_spacer=5-10bp;gc_cont=0.477;conf=100.00;score=121.57;cscore=102.10;sscore=19.47;rscore=16.65;uscore=-1.11;tscore=3.92;
NODE_2_length_515833_cov_109.460731	Prodigal_v2.6.3	CDS	32781	33971	195.6	+	0	ID=2_30;partial=00;start_type=ATG;rbs_motif=AGGAGG;rbs_spacer=11-12bp;gc_cont=0.479;conf=99.99;score=195.59;cscore=174.89;sscore=20.70;rscore=14.31;uscore=3.12;tscore=3.92;
NODE_2_length_515833_cov_109.460731	Prodigal_v2.6.3	CDS	34425	36161	207.2	+	0	ID=2_31;partial=00;start_type=ATG;rbs_motif=AGGAGG;rbs_spacer=5-10bp;gc_cont=0.470;conf=99.99;score=207.19;cscore=186.19;sscore=21.00;rscore=16.65;uscore=1.07;tscore=3.92;
NODE_2_length_515833_cov_109.460731	Prodigal_v2.6.3	CDS	36352	37689	241.0	+	0	ID=2_32;partial=00;start_type=ATG;rbs_motif=GGAGG;rbs_spacer=5-10bp;gc_cont=0.450;conf=99.99;score=240.95;cscore=220.59;sscore=20.36;rscore=16.07;uscore=1.02;tscore=3.92;
NODE_2_length_515833_cov_109.460731	Prodigal_v2.6.3	CDS	37884	39134	181.4	+	0	ID=2_33;partial=00;start_type=ATG;rbs_motif=GGA/GAG/AGG;rbs_spacer=5-10bp;gc_cont=0.456;conf=99.99;score=181.37;cscore=177.67;sscore=3.70;rscore=-1.95;uscore=2.39;tscore=3.92;
NODE_2_length_515833_cov_109.460731	Prodigal_v2.6.3	CDS	39352	39948	83.6	+	0	ID=2_34;partial=00;start_type=ATG;rbs_motif=AGGAGG;rbs_spacer=5-10bp;gc_cont=0.471;conf=100.00;score=83.63;cscore=62.00;sscore=21.63;rscore=16.65;uscore=1.71;tscore=3.92;
NODE_2_length_515833_cov_109.460731	Prodigal_v2.6.3	CDS	39952	40242	46.4	+	0	ID=2_35;partial=00;start_type=ATG;rbs_motif=AGGAG/GGAGG;rbs_spacer=11-12bp;gc_cont=0.409;conf=100.00;score=46.41;cscore=31.10;sscore=15.31;rscore=12.17;uscore=-2.02;tscore=3.92;
NODE_2_length_515833_cov_109.460731	Prodigal_v2.6.3	CDS	40286	40447	17.4	-	0	ID=2_36;partial=00;start_type=ATG;rbs_motif=GGxGG;rbs_spacer=5-10bp;gc_cont=0.444;conf=98.20;score=17.39;cscore=13.24;sscore=4.16;rscore=2.02;uscore=0.30;tscore=2.50;
NODE_2_length_515833_cov_109.460731	Prodigal_v2.6.3	CDS	40602	42059	191.5	+	0	ID=2_37;partial=00;start_type=ATG;rbs_motif=AGGAGG;rbs_spacer=5-10bp;gc_cont=0.460;conf=99.99;score=191.48;cscore=168.18;sscore=23.30;rscore=16.65;uscore=2.72;tscore=3.92;
NODE_2_length_515833_cov_109.460731	Prodigal_v2.6.3	CDS	42049	42795	116.6	+	0	ID=2_38;partial=00;start_type=ATG;rbs_motif=AGGA;rbs_spacer=5-10bp;gc_cont=0.444;conf=100.00;score=116.58;cscore=103.33;sscore=13.26;rscore=7.02;uscore=1.09;tscore=3.92;
NODE_2_length_515833_cov_109.460731	Prodigal_v2.6.3	CDS	42972	44780	226.2	+	0	ID=2_39;partial=00;start_type=ATG;rbs_motif=AGGAG;rbs_spacer=5-10bp;gc_cont=0.453;conf=99.99;score=226.22;cscore=206.97;sscore=19.25;rscore=15.31;uscore=0.02;tscore=3.92;
NODE_2_length_515833_cov_109.460731	Prodigal_v2.6.3	CDS	45155	47125	288.6	-	0	ID=2_40;partial=00;start_type=ATG;rbs_motif=AGGAGG;rbs_spacer=5-10bp;gc_cont=0.493;conf=99.99;score=288.56;cscore=263.58;sscore=24.99;rscore=16.65;uscore=3.23;tscore=3.92;
NODE_2_length_515833_cov_109.460731	Prodigal_v2.6.3	CDS	47135	48049	117.3	-	0	ID=2_41;partial=00;start_type=TTG;rbs_motif=AGGAGG;rbs_spacer=5-10bp;gc_cont=0.485;conf=100.00;score=117.30;cscore=104.44;sscore=12.86;rscore=16.65;uscore=2.41;tscore=-7.50;
NODE_2_length_515833_cov_109.460731	Prodigal_v2.6.3	CDS	48046	48795	96.7	-	0	ID=2_42;partial=00;start_type=GTG;rbs_motif=GGAG/GAGG;rbs_spacer=5-10bp;gc_cont=0.485;conf=100.00;score=96.66;cscore=89.62;sscore=7.03;rscore=10.35;uscore=1.70;tscore=-4.36;
NODE_2_length_515833_cov_109.460731	Prodigal_v2.6.3	CDS	49044	50330	200.4	+	0	ID=2_43;partial=00;start_type=ATG;rbs_motif=AGGAG;rbs_spacer=5-10bp;gc_cont=0.503;conf=99.99;score=200.40;cscore=181.26;sscore=19.14;rscore=15.31;uscore=-0.09;tscore=3.92;
NODE_2_length_515833_cov_109.460731	Prodigal_v2.6.3	CDS	50385	52364	199.9	+	0	ID=2_44;partial=00;start_type=TTG;rbs_motif=GGxGG;rbs_spacer=5-10bp;gc_cont=0.446;conf=99.99;score=199.86;cscore=201.19;sscore=-1.34;rscore=3.18;uscore=2.30;tscore=-7.50;
NODE_2_length_515833_cov_109.460731	Prodigal_v2.6.3	CDS	52593	53555	104.8	+	0	ID=2_45;partial=00;start_type=ATG;rbs_motif=AGGA;rbs_spacer=5-10bp;gc_cont=0.466;conf=100.00;score=104.77;cscore=94.19;sscore=10.58;rscore=7.02;uscore=0.29;tscore=3.92;
NODE_2_length_515833_cov_109.460731	Prodigal_v2.6.3	CDS	53599	54384	109.6	+	0	ID=2_46;partial=00;start_type=ATG;rbs_motif=AGGAGG;rbs_spacer=5-10bp;gc_cont=0.486;conf=100.00;score=109.59;cscore=84.16;sscore=25.42;rscore=16.65;uscore=4.04;tscore=3.92;
NODE_2_length_515833_cov_109.460731	Prodigal_v2.6.3	CDS	54398	54733	34.7	+	0	ID=2_47;partial=00;start_type=ATG;rbs_motif=GGA/GAG/AGG;rbs_spacer=5-10bp;gc_cont=0.429;conf=99.97;score=34.74;cscore=30.31;sscore=4.43;rscore=-1.95;uscore=1.33;tscore=3.92;
NODE_2_length_515833_cov_109.460731	Prodigal_v2.6.3	CDS	55090	57696	380.6	+	0	ID=2_48;partial=00;start_type=ATG;rbs_motif=AGGAG/GGAGG;rbs_spacer=11-12bp;gc_cont=0.478;conf=99.99;score=380.65;cscore=361.83;sscore=18.82;rscore=12.17;uscore=3.38;tscore=3.92;
NODE_2_length_515833_cov_109.460731	Prodigal_v2.6.3	CDS	57877	58068	8.2	+	0	ID=2_49;partial=00;start_type=ATG;rbs_motif=GGA/GAG/AGG;rbs_spacer=11-12bp;gc_cont=0.500;conf=86.69;score=8.15;cscore=5.69;sscore=2.46;rscore=-5.44;uscore=5.58;tscore=2.97;
NODE_2_length_515833_cov_109.460731	Prodigal_v2.6.3	CDS	58425	58976	85.8	+	0	ID=2_50;partial=00;start_type=ATG;rbs_motif=AGxAGG/AGGxGG;rbs_spacer=5-10bp;gc_cont=0.424;conf=100.00;score=85.76;cscore=69.91;sscore=15.85;rscore=11.15;uscore=1.43;tscore=3.92;
NODE_2_length_515833_cov_109.460731	Prodigal_v2.6.3	CDS	58973	60526	198.9	+	0	ID=2_51;partial=00;start_type=ATG;rbs_motif=GGA/GAG/AGG;rbs_spacer=5-10bp;gc_cont=0.474;conf=99.99;score=198.94;cscore=192.53;sscore=6.41;rscore=-1.95;uscore=1.19;tscore=3.92;
NODE_2_length_515833_cov_109.460731	Prodigal_v2.6.3	CDS	60569	61480	100.7	+	0	ID=2_52;partial=00;start_type=ATG;rbs_motif=AGGA;rbs_spacer=5-10bp;gc_cont=0.469;conf=100.00;score=100.67;cscore=89.05;sscore=11.62;rscore=7.02;uscore=-0.14;tscore=3.92;
NODE_2_length_515833_cov_109.460731	Prodigal_v2.6.3	CDS	61588	61782	20.3	-	0	ID=2_53;partial=00;start_type=ATG;rbs_motif=GGAG/GAGG;rbs_spacer=5-10bp;gc_cont=0.497;conf=99.08;score=20.34;cscore=9.76;sscore=10.58;rscore=7.95;uscore=0.27;tscore=3.01;
NODE_2_length_515833_cov_109.460731	Prodigal_v2.6.3	CDS	61878	65174	432.5	+	0	ID=2_54;partial=00;start_type=ATG;rbs_motif=GGAG/GAGG;rbs_spacer=5-10bp;gc_cont=0.472;conf=99.99;score=432.48;cscore=414.98;sscore=17.49;rscore=10.35;uscore=3.22;tscore=3.92;
NODE_2_length_515833_cov_109.460731	Prodigal_v2.6.3	CDS	65286	66245	143.1	+	0	ID=2_55;partial=00;start_type=ATG;rbs_motif=GGAG/GAGG;rbs_spacer=5-10bp;gc_cont=0.504;conf=100.00;score=143.11;cscore=126.47;sscore=16.63;rscore=10.35;uscore=2.36;tscore=3.92;
NODE_2_length_515833_cov_109.460731	Prodigal_v2.6.3	CDS	66304	68070	275.5	+	0	ID=2_56;partial=00;start_type=ATG;rbs_motif=AGGAG/GGAGG;rbs_spacer=11-12bp;gc_cont=0.478;conf=99.99;score=275.51;cscore=255.96;sscore=19.55;rscore=12.17;uscore=3.46;tscore=3.92;
NODE_2_length_515833_cov_109.460731	Prodigal_v2.6.3	CDS	68295	68756	54.4	+	0	ID=2_57;partial=00;start_type=GTG;rbs_motif=GGAGG;rbs_spacer=5-10bp;gc_cont=0.465;conf=100.00;score=54.37;cscore=42.57;sscore=11.80;rscore=16.07;uscore=0.75;tscore=-4.36;
NODE_2_length_515833_cov_109.460731	Prodigal_v2.6.3	CDS	68796	69674	138.7	+	0	ID=2_58;partial=00;start_type=ATG;rbs_motif=AGGAG;rbs_spacer=5-10bp;gc_cont=0.480;conf=100.00;score=138.66;cscore=121.30;sscore=17.36;rscore=15.31;uscore=-2.72;tscore=3.92;
NODE_2_length_515833_cov_109.460731	Prodigal_v2.6.3	CDS	69679	70560	86.9	+	0	ID=2_59;partial=00;start_type=ATG;rbs_motif=GGAG/GAGG;rbs_spacer=5-10bp;gc_cont=0.466;conf=100.00;score=86.85;cscore=73.86;sscore=13.00;rscore=10.35;uscore=-2.51;tscore=3.92;
NODE_2_length_515833_cov_109.460731	Prodigal_v2.6.3	CDS	70814	71200	51.6	+	0	ID=2_60;partial=00;start_type=ATG;rbs_motif=GGAGG;rbs_spacer=5-10bp;gc_cont=0.421;conf=100.00;score=51.58;cscore=32.06;sscore=19.52;rscore=16.07;uscore=0.17;tscore=3.92;
NODE_2_length_515833_cov_109.460731	Prodigal_v2.6.3	CDS	71175	71900	105.9	+	0	ID=2_61;partial=00;start_type=ATG;rbs_motif=GGAG/GAGG;rbs_spacer=5-10bp;gc_cont=0.485;conf=100.00;score=105.88;cscore=92.35;sscore=13.53;rscore=10.35;uscore=-0.75;tscore=3.92;
NODE_2_length_515833_cov_109.460731	Prodigal_v2.6.3	CDS	71900	72520	88.2	+	0	ID=2_62;partial=00;start_type=ATG;rbs_motif=AGGAGG;rbs_spacer=5-10bp;gc_cont=0.502;conf=100.00;score=88.17;cscore=66.31;sscore=21.86;rscore=16.65;uscore=-1.72;tscore=3.92;
NODE_2_length_515833_cov_109.460731	Prodigal_v2.6.3	CDS	72504	73247	94.3	+	0	ID=2_63;partial=00;start_type=ATG;rbs_motif=4Base/6BMM;rbs_spacer=13-15bp;gc_cont=0.453;conf=100.00;score=94.25;cscore=91.89;sscore=2.37;rscore=-7.75;uscore=5.04;tscore=3.92;
NODE_2_length_515833_cov_109.460731	Prodigal_v2.6.3	CDS	73550	74128	72.7	+	0	ID=2_64;partial=00;start_type=ATG;rbs_motif=GGAGG;rbs_spacer=5-10bp;gc_cont=0.485;conf=100.00;score=72.69;cscore=55.83;sscore=16.86;rscore=16.07;uscore=-2.48;tscore=3.92;
NODE_2_length_515833_cov_109.460731	Prodigal_v2.6.3	CDS	74275	74532	27.1	-	0	ID=2_65;partial=00;start_type=ATG;rbs_motif=AGGAG;rbs_spacer=5-10bp;gc_cont=0.500;conf=99.80;score=27.12;cscore=7.43;sscore=19.69;rscore=15.31;uscore=1.11;tscore=3.92;
NODE_2_length_515833_cov_109.460731	Prodigal_v2.6.3	CDS	74598	75578	93.4	+	0	ID=2_66;partial=00;start_type=TTG;rbs_motif=GGAG/GAGG;rbs_spacer=5-10bp;gc_cont=0.499;conf=100.00;score=93.40;cscore=87.23;sscore=6.17;rscore=10.35;uscore=3.31;tscore=-7.50;
NODE_2_length_515833_cov_109.460731	Prodigal_v2.6.3	CDS	75565	76974	142.0	+	0	ID=2_67;partial=00;start_type=GTG;rbs_motif=GGAGG;rbs_spacer=5-10bp;gc_cont=0.484;conf=100.00;score=141.98;cscore=128.46;sscore=13.53;rscore=16.07;uscore=0.64;tscore=-4.36;
NODE_2_length_515833_cov_109.460731	Prodigal_v2.6.3	CDS	77033	77653	59.4	+	0	ID=2_68;partial=00;start_type=ATG;rbs_motif=AGxAGG/AGGxGG;rbs_spacer=5-10bp;gc_cont=0.457;conf=100.00;score=59.41;cscore=43.42;sscore=15.98;rscore=11.15;uscore=0.91;tscore=3.92;
NODE_2_length_515833_cov_109.460731	Prodigal_v2.6.3	CDS	77719	78384	93.7	+	0	ID=2_69;partial=00;start_type=ATG;rbs_motif=GGAGG;rbs_spacer=5-10bp;gc_cont=0.500;conf=100.00;score=93.71;cscore=76.49;sscore=17.22;rscore=16.07;uscore=-2.77;tscore=3.92;
NODE_2_length_515833_cov_109.460731	Prodigal_v2.6.3	CDS	78472	79791	200.1	+	0	ID=2_70;partial=00;start_type=ATG;rbs_motif=AGGAGG;rbs_spacer=5-10bp;gc_cont=0.470;conf=99.99;score=200.06;cscore=178.83;sscore=21.23;rscore=16.65;uscore=0.65;tscore=3.92;
NODE_2_length_515833_cov_109.460731	Prodigal_v2.6.3	CDS	79881	81188	194.0	+	0	ID=2_71;partial=00;start_type=ATG;rbs_motif=AGGAGG;rbs_spacer=5-10bp;gc_cont=0.461;conf=99.99;score=194.03;cscore=173.50;sscore=20.53;rscore=16.65;uscore=-0.05;tscore=3.92;
NODE_2_length_515833_cov_109.460731	Prodigal_v2.6.3	CDS	81432	81707	42.5	+	0	ID=2_72;partial=00;start_type=ATG;rbs_motif=GGAGG;rbs_spacer=5-10bp;gc_cont=0.500;conf=99.99;score=42.51;cscore=19.58;sscore=22.92;rscore=16.07;uscore=3.58;tscore=3.92;
NODE_2_length_515833_cov_109.460731	Prodigal_v2.6.3	CDS	81952	83220	214.6	+	0	ID=2_73;partial=00;start_type=ATG;rbs_motif=GGAGG;rbs_spacer=5-10bp;gc_cont=0.482;conf=99.99;score=214.58;cscore=190.90;sscore=23.68;rscore=16.07;uscore=4.34;tscore=3.92;
NODE_2_length_515833_cov_109.460731	Prodigal_v2.6.3	CDS	83231	84109	110.0	-	0	ID=2_74;partial=00;start_type=ATG;rbs_motif=GGAGG;rbs_spacer=5-10bp;gc_cont=0.493;conf=100.00;score=109.99;cscore=88.91;sscore=21.08;rscore=16.07;uscore=1.74;tscore=3.92;
NODE_2_length_515833_cov_109.460731	Prodigal_v2.6.3	CDS	84213	85409	153.3	+	0	ID=2_75;partial=00;start_type=ATG;rbs_motif=AGGAG;rbs_spacer=5-10bp;gc_cont=0.503;conf=100.00;score=153.34;cscore=134.50;sscore=18.84;rscore=15.31;uscore=-0.39;tscore=3.92;
NODE_2_length_515833_cov_109.460731	Prodigal_v2.6.3	CDS	85547	86002	55.8	+	0	ID=2_76;partial=00;start_type=ATG;rbs_motif=AGxAGG/AGGxGG;rbs_spacer=5-10bp;gc_cont=0.450;conf=100.00;score=55.81;cscore=42.83;sscore=12.97;rscore=11.15;uscore=-2.10;tscore=3.92;
NODE_2_length_515833_cov_109.460731	Prodigal_v2.6.3	CDS	86098	87990	270.1	+	0	ID=2_77;partial=00;start_type=ATG;rbs_motif=GGAG/GAGG;rbs_spacer=5-10bp;gc_cont=0.469;conf=99.99;score=270.12;cscore=254.59;sscore=15.53;rscore=10.35;uscore=1.26;tscore=3.92;
NODE_2_length_515833_cov_109.460731	Prodigal_v2.6.3	CDS	88019	88969	111.4	+	0	ID=2_78;partial=00;start_type=ATG;rbs_motif=GGAGG;rbs_spacer=5-10bp;gc_cont=0.464;conf=100.00;score=111.45;cscore=92.06;sscore=19.39;rscore=16.07;uscore=-1.58;tscore=3.92;
NODE_2_length_515833_cov_109.460731	Prodigal_v2.6.3	CDS	89097	89588	69.2	+	0	ID=2_79;partial=00;start_type=ATG;rbs_motif=AGxAGG/AGGxGG;rbs_spacer=5-10bp;gc_cont=0.472;conf=100.00;score=69.24;cscore=53.07;sscore=16.17;rscore=11.15;uscore=1.09;tscore=3.92;
NODE_2_length_515833_cov_109.460731	Prodigal_v2.6.3	CDS	89743	90384	68.3	-	0	ID=2_80;partial=00;start_type=ATG;rbs_motif=AGGAGG;rbs_spacer=5-10bp;gc_cont=0.480;conf=100.00;score=68.29;cscore=50.99;sscore=17.30;rscore=16.65;uscore=-2.63;tscore=3.92;
NODE_2_length_515833_cov_109.460731	Prodigal_v2.6.3	CDS	90546	91430	105.9	+	0	ID=2_81;partial=00;start_type=ATG;rbs_motif=GGA/GAG/AGG;rbs_spacer=5-10bp;gc_cont=0.469;conf=100.00;score=105.88;cscore=102.93;sscore=2.95;rscore=-1.95;uscore=0.98;tscore=3.92;
NODE_2_length_515833_cov_109.460731	Prodigal_v2.6.3	CDS	91767	92612	115.1	+	0	ID=2_82;partial=00;start_type=ATG;rbs_motif=AGGAG;rbs_spacer=5-10bp;gc_cont=0.454;conf=100.00;score=115.15;cscore=93.63;sscore=21.52;rscore=15.31;uscore=2.94;tscore=3.92;
NODE_2_length_515833_cov_109.460731	Prodigal_v2.6.3	CDS	92618	93247	54.2	+	0	ID=2_83;partial=00;start_type=GTG;rbs_motif=GGAG/GAGG;rbs_spacer=5-10bp;gc_cont=0.429;conf=100.00;score=54.18;cscore=45.88;sscore=8.30;rscore=10.35;uscore=1.09;tscore=-4.36;
NODE_2_length_515833_cov_109.460731	Prodigal_v2.6.3	CDS	93318	93794	53.4	+	0	ID=2_84;partial=00;start_type=ATG;rbs_motif=GGA/GAG/AGG;rbs_spacer=11-12bp;gc_cont=0.497;conf=100.00;score=53.37;cscore=54.28;sscore=-0.92;rscore=-4.11;uscore=-0.73;tscore=3.92;
NODE_2_length_515833_cov_109.460731	Prodigal_v2.6.3	CDS	93794	94036	31.7	+	0	ID=2_85;partial=00;start_type=ATG;rbs_motif=AGGA;rbs_spacer=5-10bp;gc_cont=0.424;conf=99.93;score=31.67;cscore=19.76;sscore=11.92;rscore=6.74;uscore=0.12;tscore=3.77;
NODE_2_length_515833_cov_109.460731	Prodigal_v2.6.3	CDS	94062	95447	164.9	+	0	ID=2_86;partial=00;start_type=TTG;rbs_motif=GGxGG;rbs_spacer=5-10bp;gc_cont=0.486;conf=100.00;score=164.91;cscore=167.39;sscore=-2.47;rscore=3.18;uscore=0.85;tscore=-7.50;
NODE_2_length_515833_cov_109.460731	Prodigal_v2.6.3	CDS	95542	95856	9.9	+	0	ID=2_87;partial=00;start_type=ATG;rbs_motif=None;rbs_spacer=None;gc_cont=0.460;conf=90.78;score=9.95;cscore=23.25;sscore=-13.30;rscore=-15.61;uscore=-1.62;tscore=3.92;
NODE_2_length_515833_cov_109.460731	Prodigal_v2.6.3	CDS	96009	96869	126.9	+	0	ID=2_88;partial=00;start_type=ATG;rbs_motif=AGGAG;rbs_spacer=5-10bp;gc_cont=0.501;conf=100.00;score=126.90;cscore=107.09;sscore=19.81;rscore=15.31;uscore=0.58;tscore=3.92;
NODE_2_length_515833_cov_109.460731	Prodigal_v2.6.3	CDS	96844	97611	76.5	+	0	ID=2_89;partial=00;start_type=GTG;rbs_motif=GGA/GAG/AGG;rbs_spacer=5-10bp;gc_cont=0.516;conf=100.00;score=76.47;cscore=84.50;sscore=-8.03;rscore=-1.95;uscore=-1.71;tscore=-4.36;
NODE_2_length_515833_cov_109.460731	Prodigal_v2.6.3	CDS	97673	98488	110.2	+	0	ID=2_90;partial=00;start_type=ATG;rbs_motif=GGAGG;rbs_spacer=5-10bp;gc_cont=0.502;conf=100.00;score=110.18;cscore=91.20;sscore=18.99;rscore=16.07;uscore=-1.01;tscore=3.92;
NODE_2_length_515833_cov_109.460731	Prodigal_v2.6.3	CDS	98758	100842	261.5	+	0	ID=2_91;partial=00;start_type=ATG;rbs_motif=AGGAG;rbs_spacer=5-10bp;gc_cont=0.466;conf=99.99;score=261.48;cscore=245.24;sscore=16.24;rscore=15.31;uscore=-2.34;tscore=3.92;
NODE_2_length_515833_cov_109.460731	Prodigal_v2.6.3	CDS	101274	102593	159.3	+	0	ID=2_92;partial=00;start_type=ATG;rbs_motif=AGGAGG;rbs_spacer=5-10bp;gc_cont=0.492;conf=100.00;score=159.32;cscore=139.45;sscore=19.87;rscore=16.65;uscore=-0.05;tscore=3.92;
NODE_2_length_515833_cov_109.460731	Prodigal_v2.6.3	CDS	102718	103614	117.0	+	0	ID=2_93;partial=00;start_type=ATG;rbs_motif=GGAGG;rbs_spacer=5-10bp;gc_cont=0.431;conf=100.00;score=117.02;cscore=96.11;sscore=20.91;rscore=16.07;uscore=0.92;tscore=3.92;
NODE_2_length_515833_cov_109.460731	Prodigal_v2.6.3	CDS	103862	104386	77.8	+	0	ID=2_94;partial=00;start_type=ATG;rbs_motif=AGGAG;rbs_spacer=5-10bp;gc_cont=0.516;conf=100.00;score=77.81;cscore=59.26;sscore=18.56;rscore=15.31;uscore=-0.02;tscore=3.92;
NODE_2_length_515833_cov_109.460731	Prodigal_v2.6.3	CDS	104430	105839	229.6	+	0	ID=2_95;partial=00;start_type=ATG;rbs_motif=AGGAGG;rbs_spacer=5-10bp;gc_cont=0.464;conf=99.99;score=229.61;cscore=210.04;sscore=19.57;rscore=16.65;uscore=-1.82;tscore=3.92;
NODE_2_length_515833_cov_109.460731	Prodigal_v2.6.3	CDS	105875	106753	101.1	+	0	ID=2_96;partial=00;start_type=ATG;rbs_motif=AGGA;rbs_spacer=5-10bp;gc_cont=0.493;conf=100.00;score=101.05;cscore=88.15;sscore=12.90;rscore=7.02;uscore=1.06;tscore=3.92;
NODE_2_length_515833_cov_109.460731	Prodigal_v2.6.3	CDS	106835	107458	44.5	-	0	ID=2_97;partial=00;start_type=TTG;rbs_motif=AGGAGG;rbs_spacer=5-10bp;gc_cont=0.476;conf=100.00;score=44.51;cscore=33.59;sscore=10.92;rscore=16.65;uscore=2.42;tscore=-7.50;
NODE_2_length_515833_cov_109.460731	Prodigal_v2.6.3	CDS	107976	109988	296.3	+	0	ID=2_98;partial=00;start_type=ATG;rbs_motif=GGAG/GAGG;rbs_spacer=5-10bp;gc_cont=0.482;conf=99.99;score=296.30;cscore=279.75;sscore=16.55;rscore=10.35;uscore=2.28;tscore=3.92;
NODE_2_length_515833_cov_109.460731	Prodigal_v2.6.3	CDS	109995	112439	345.7	+	0	ID=2_99;partial=00;start_type=TTG;rbs_motif=AGGA/GGAG/GAGG;rbs_spacer=11-12bp;gc_cont=0.489;conf=99.99;score=345.71;cscore=343.72;sscore=1.99;rscore=5.64;uscore=2.64;tscore=-7.50;
NODE_2_length_515833_cov_109.460731	Prodigal_v2.6.3	CDS	112691	114952	324.1	+	0	ID=2_100;partial=00;start_type=ATG;rbs_motif=AGGAGG;rbs_spacer=5-10bp;gc_cont=0.464;conf=99.99;score=324.10;cscore=303.23;sscore=20.87;rscore=16.65;uscore=0.95;tscore=3.92;
NODE_2_length_515833_cov_109.460731	Prodigal_v2.6.3	CDS	115084	115935	107.8	+	0	ID=2_101;partial=00;start_type=ATG;rbs_motif=GGAGG;rbs_spacer=5-10bp;gc_cont=0.478;conf=100.00;score=107.78;cscore=86.36;sscore=21.42;rscore=16.07;uscore=1.42;tscore=3.92;
NODE_2_length_515833_cov_109.460731	Prodigal_v2.6.3	CDS	116060	117028	116.7	+	0	ID=2_102;partial=00;start_type=ATG;rbs_motif=GGA/GAG/AGG;rbs_spacer=5-10bp;gc_cont=0.441;conf=100.00;score=116.73;cscore=110.47;sscore=6.26;rscore=-1.95;uscore=4.29;tscore=3.92;
NODE_2_length_515833_cov_109.460731	Prodigal_v2.6.3	CDS	117058	117990	133.7	+	0	ID=2_103;partial=00;start_type=ATG;rbs_motif=AGGAG/GGAGG;rbs_spacer=11-12bp;gc_cont=0.491;conf=100.00;score=133.67;cscore=115.15;sscore=18.52;rscore=12.17;uscore=1.48;tscore=3.92;
NODE_2_length_515833_cov_109.460731	Prodigal_v2.6.3	CDS	119142	120254	128.8	+	0	ID=2_104;partial=00;start_type=GTG;rbs_motif=GGAG/GAGG;rbs_spacer=5-10bp;gc_cont=0.471;conf=100.00;score=128.77;cscore=121.17;sscore=7.60;rscore=10.35;uscore=2.26;tscore=-4.36;
NODE_2_length_515833_cov_109.460731	Prodigal_v2.6.3	CDS	120361	120714	51.6	+	0	ID=2_105;partial=00;start_type=GTG;rbs_motif=AGxAGG/AGGxGG;rbs_spacer=5-10bp;gc_cont=0.477;conf=100.00;score=51.59;cscore=42.43;sscore=9.16;rscore=11.15;uscore=2.37;tscore=-4.36;
NODE_2_length_515833_cov_109.460731	Prodigal_v2.6.3	CDS	120782	122773	203.6	-	0	ID=2_106;partial=00;start_type=ATG;rbs_motif=GGA/GAG/AGG;rbs_spacer=5-10bp;gc_cont=0.469;conf=99.99;score=203.64;cscore=198.19;sscore=5.45;rscore=-1.95;uscore=0.23;tscore=3.92;
NODE_2_length_515833_cov_109.460731	Prodigal_v2.6.3	CDS	122770	123540	80.2	-	0	ID=2_107;partial=00;start_type=ATG;rbs_motif=GGA/GAG/AGG;rbs_spacer=5-10bp;gc_cont=0.488;conf=100.00;score=80.20;cscore=75.62;sscore=4.58;rscore=-1.95;uscore=2.61;tscore=3.92;
NODE_2_length_515833_cov_109.460731	Prodigal_v2.6.3	CDS	123634	124590	109.7	-	0	ID=2_108;partial=00;start_type=ATG;rbs_motif=GGAG/GAGG;rbs_spacer=5-10bp;gc_cont=0.467;conf=100.00;score=109.70;cscore=94.13;sscore=15.57;rscore=10.35;uscore=-1.04;tscore=3.92;
NODE_2_length_515833_cov_109.460731	Prodigal_v2.6.3	CDS	124587	125279	78.6	-	0	ID=2_109;partial=00;start_type=ATG;rbs_motif=GGA/GAG/AGG;rbs_spacer=5-10bp;gc_cont=0.476;conf=100.00;score=78.65;cscore=76.38;sscore=2.27;rscore=-1.95;uscore=0.95;tscore=3.92;
NODE_2_length_515833_cov_109.460731	Prodigal_v2.6.3	CDS	125576	126640	90.4	+	0	ID=2_110;partial=00;start_type=ATG;rbs_motif=GGA/GAG/AGG;rbs_spacer=5-10bp;gc_cont=0.483;conf=100.00;score=90.45;cscore=89.75;sscore=0.70;rscore=-1.95;uscore=-1.27;tscore=3.92;
NODE_2_length_515833_cov_109.460731	Prodigal_v2.6.3	CDS	126877	127272	49.8	-	0	ID=2_111;partial=00;start_type=ATG;rbs_motif=GGAGG;rbs_spacer=5-10bp;gc_cont=0.472;conf=100.00;score=49.77;cscore=29.14;sscore=20.63;rscore=16.07;uscore=-0.62;tscore=3.92;
NODE_2_length_515833_cov_109.460731	Prodigal_v2.6.3	CDS	127275	127673	38.6	-	0	ID=2_112;partial=00;start_type=TTG;rbs_motif=AGGAG;rbs_spacer=5-10bp;gc_cont=0.456;conf=99.99;score=38.60;cscore=29.17;sscore=9.43;rscore=15.31;uscore=2.28;tscore=-7.50;
NODE_2_length_515833_cov_109.460731	Prodigal_v2.6.3	CDS	127894	128529	88.2	-	0	ID=2_113;partial=00;start_type=ATG;rbs_motif=GGAG/GAGG;rbs_spacer=5-10bp;gc_cont=0.453;conf=100.00;score=88.19;cscore=73.81;sscore=14.38;rscore=10.35;uscore=0.76;tscore=3.92;
NODE_2_length_515833_cov_109.460731	Prodigal_v2.6.3	CDS	128798	129889	126.5	-	0	ID=2_114;partial=00;start_type=ATG;rbs_motif=AGGAGG;rbs_spacer=5-10bp;gc_cont=0.476;conf=100.00;score=126.50;cscore=104.52;sscore=21.98;rscore=16.65;uscore=1.40;tscore=3.92;
NODE_2_length_515833_cov_109.460731	Prodigal_v2.6.3	CDS	129973	130305	53.4	-	0	ID=2_115;partial=00;start_type=ATG;rbs_motif=AGGA;rbs_spacer=5-10bp;gc_cont=0.438;conf=100.00;score=53.37;cscore=37.98;sscore=15.39;rscore=7.02;uscore=3.15;tscore=3.92;
NODE_2_length_515833_cov_109.460731	Prodigal_v2.6.3	CDS	130302	130634	39.3	-	0	ID=2_116;partial=00;start_type=ATG;rbs_motif=AGxAGG/AGGxGG;rbs_spacer=5-10bp;gc_cont=0.486;conf=99.99;score=39.27;cscore=22.64;sscore=16.64;rscore=11.15;uscore=0.27;tscore=3.92;
NODE_2_length_515833_cov_109.460731	Prodigal_v2.6.3	CDS	130631	131389	118.7	-	0	ID=2_117;partial=00;start_type=ATG;rbs_motif=GGAGG;rbs_spacer=5-10bp;gc_cont=0.509;conf=100.00;score=118.74;cscore=95.48;sscore=23.26;rscore=16.07;uscore=2.00;tscore=3.92;
NODE_2_length_515833_cov_109.460731	Prodigal_v2.6.3	CDS	131391	132107	102.9	-	0	ID=2_118;partial=00;start_type=ATG;rbs_motif=AGGAG;rbs_spacer=5-10bp;gc_cont=0.515;conf=100.00;score=102.89;cscore=82.87;sscore=20.02;rscore=15.31;uscore=0.79;tscore=3.92;
NODE_2_length_515833_cov_109.460731	Prodigal_v2.6.3	CDS	132085	132711	67.6	-	0	ID=2_119;partial=00;start_type=ATG;rbs_motif=GGA/GAG/AGG;rbs_spacer=11-12bp;gc_cont=0.494;conf=100.00;score=67.64;cscore=66.88;sscore=0.77;rscore=-4.11;uscore=-0.32;tscore=3.92;
NODE_2_length_515833_cov_109.460731	Prodigal_v2.6.3	CDS	132712	133296	97.0	-	0	ID=2_120;partial=00;start_type=ATG;rbs_motif=AGGAGG;rbs_spacer=5-10bp;gc_cont=0.479;conf=100.00;score=96.98;cscore=76.57;sscore=20.41;rscore=16.65;uscore=-1.41;tscore=3.92;
NODE_2_length_515833_cov_109.460731	Prodigal_v2.6.3	CDS	133300	134592	170.2	-	0	ID=2_121;partial=00;start_type=ATG;rbs_motif=AGGAGG;rbs_spacer=5-10bp;gc_cont=0.499;conf=100.00;score=170.21;cscore=148.33;sscore=21.87;rscore=16.65;uscore=-1.80;tscore=3.92;
NODE_2_length_515833_cov_109.460731	Prodigal_v2.6.3	CDS	134589	135224	92.9	-	0	ID=2_122;partial=00;start_type=ATG;rbs_motif=AGGAGG;rbs_spacer=5-10bp;gc_cont=0.484;conf=100.00;score=92.90;cscore=71.03;sscore=21.87;rscore=16.65;uscore=-3.00;tscore=3.92;
NODE_2_length_515833_cov_109.460731	Prodigal_v2.6.3	CDS	135221	136369	124.3	-	0	ID=2_123;partial=00;start_type=ATG;rbs_motif=AGGAG;rbs_spacer=5-10bp;gc_cont=0.489;conf=100.00;score=124.34;cscore=106.56;sscore=17.78;rscore=15.31;uscore=-0.80;tscore=3.92;
NODE_2_length_515833_cov_109.460731	Prodigal_v2.6.3	CDS	136940	138037	114.0	-	0	ID=2_124;partial=00;start_type=ATG;rbs_motif=AGxAGG/AGGxGG;rbs_spacer=5-10bp;gc_cont=0.490;conf=100.00;score=114.03;cscore=96.79;sscore=17.24;rscore=11.15;uscore=2.81;tscore=3.92;
NODE_2_length_515833_cov_109.460731	Prodigal_v2.6.3	CDS	138606	139166	82.1	-	0	ID=2_125;partial=00;start_type=ATG;rbs_motif=AGGAG;rbs_spacer=5-10bp;gc_cont=0.481;conf=100.00;score=82.12;cscore=62.06;sscore=20.06;rscore=15.31;uscore=0.08;tscore=3.92;
NODE_2_length_515833_cov_109.460731	Prodigal_v2.6.3	CDS	139216	140082	101.2	-	0	ID=2_126;partial=00;start_type=ATG;rbs_motif=None;rbs_spacer=None;gc_cont=0.461;conf=100.00;score=101.19;cscore=107.96;sscore=-6.77;rscore=-15.61;uscore=5.57;tscore=3.92;
NODE_2_length_515833_cov_109.460731	Prodigal_v2.6.3	CDS	140236	141939	202.2	+	0	ID=2_127;partial=00;start_type=ATG;rbs_motif=GGA/GAG/AGG;rbs_spacer=5-10bp;gc_cont=0.486;conf=99.99;score=202.21;cscore=196.08;sscore=6.12;rscore=-1.95;uscore=4.15;tscore=3.92;
NODE_2_length_515833_cov_109.460731	Prodigal_v2.6.3	CDS	141985	142296	37.8	+	0	ID=2_128;partial=00;start_type=ATG;rbs_motif=AGxAGG/AGGxGG;rbs_spacer=11-12bp;gc_cont=0.436;conf=99.98;score=37.77;cscore=28.97;sscore=8.80;rscore=5.02;uscore=-0.93;tscore=3.92;
NODE_2_length_515833_cov_109.460731	Prodigal_v2.6.3	CDS	142357	143505	127.4	-	0	ID=2_129;partial=00;start_type=ATG;rbs_motif=GGA/GAG/AGG;rbs_spacer=5-10bp;gc_cont=0.484;conf=100.00;score=127.42;cscore=121.56;sscore=5.86;rscore=-1.95;uscore=2.77;tscore=3.92;
NODE_2_length_515833_cov_109.460731	Prodigal_v2.6.3	CDS	143520	144464	138.2	-	0	ID=2_130;partial=00;start_type=ATG;rbs_motif=AGGAGG;rbs_spacer=5-10bp;gc_cont=0.466;conf=100.00;score=138.22;cscore=116.96;sscore=21.26;rscore=16.65;uscore=0.68;tscore=3.92;
NODE_2_length_515833_cov_109.460731	Prodigal_v2.6.3	CDS	144558	145883	157.5	-	0	ID=2_131;partial=00;start_type=ATG;rbs_motif=AGxAGG/AGGxGG;rbs_spacer=5-10bp;gc_cont=0.489;conf=100.00;score=157.49;cscore=140.00;sscore=17.49;rscore=11.15;uscore=1.33;tscore=3.92;
NODE_2_length_515833_cov_109.460731	Prodigal_v2.6.3	CDS	145901	146887	165.1	-	0	ID=2_132;partial=00;start_type=ATG;rbs_motif=AGGAGG;rbs_spacer=5-10bp;gc_cont=0.504;conf=100.00;score=165.12;cscore=142.67;sscore=22.45;rscore=16.65;uscore=1.87;tscore=3.92;
NODE_2_length_515833_cov_109.460731	Prodigal_v2.6.3	CDS	147027	148031	129.4	-	0	ID=2_133;partial=00;start_type=ATG;rbs_motif=GGA/GAG/AGG;rbs_spacer=5-10bp;gc_cont=0.490;conf=100.00;score=129.41;cscore=123.64;sscore=5.77;rscore=-1.95;uscore=2.71;tscore=3.92;
NODE_2_length_515833_cov_109.460731	Prodigal_v2.6.3	CDS	148049	149464	194.5	-	0	ID=2_134;partial=00;start_type=ATG;rbs_motif=AGxAGG/AGGxGG;rbs_spacer=5-10bp;gc_cont=0.487;conf=99.99;score=194.54;cscore=175.78;sscore=18.76;rscore=11.15;uscore=2.39;tscore=3.92;
NODE_2_length_515833_cov_109.460731	Prodigal_v2.6.3	CDS	149461	150582	160.1	-	0	ID=2_135;partial=00;start_type=ATG;rbs_motif=AGxAGG/AGGxGG;rbs_spacer=5-10bp;gc_cont=0.491;conf=100.00;score=160.06;cscore=143.69;sscore=16.37;rscore=11.15;uscore=-0.85;tscore=3.92;
NODE_2_length_515833_cov_109.460731	Prodigal_v2.6.3	CDS	150579	151430	108.4	-	0	ID=2_136;partial=00;start_type=ATG;rbs_motif=GGAGG;rbs_spacer=5-10bp;gc_cont=0.489;conf=100.00;score=108.39;cscore=90.58;sscore=17.81;rscore=16.07;uscore=-1.53;tscore=3.92;
NODE_2_length_515833_cov_109.460731	Prodigal_v2.6.3	CDS	151980	152621	85.0	-	0	ID=2_137;partial=00;start_type=ATG;rbs_motif=GGA/GAG/AGG;rbs_spacer=5-10bp;gc_cont=0.508;conf=100.00;score=85.01;cscore=80.62;sscore=4.39;rscore=-1.95;uscore=1.17;tscore=3.92;
NODE_2_length_515833_cov_109.460731	Prodigal_v2.6.3	CDS	152614	153333	93.8	-	0	ID=2_138;partial=00;start_type=ATG;rbs_motif=AGGA/GGAG/GAGG;rbs_spacer=11-12bp;gc_cont=0.500;conf=100.00;score=93.79;cscore=81.86;sscore=11.93;rscore=5.64;uscore=1.06;tscore=3.92;
NODE_2_length_515833_cov_109.460731	Prodigal_v2.6.3	CDS	153330	154205	128.1	-	0	ID=2_139;partial=00;start_type=ATG;rbs_motif=AGGAGG;rbs_spacer=5-10bp;gc_cont=0.527;conf=100.00;score=128.11;cscore=108.14;sscore=19.97;rscore=16.65;uscore=-0.61;tscore=3.92;
NODE_2_length_515833_cov_109.460731	Prodigal_v2.6.3	CDS	154366	157548	442.0	-	0	ID=2_140;partial=00;start_type=ATG;rbs_motif=AGGA;rbs_spacer=5-10bp;gc_cont=0.479;conf=99.99;score=441.99;cscore=429.28;sscore=12.70;rscore=7.02;uscore=0.51;tscore=3.92;
NODE_2_length_515833_cov_109.460731	Prodigal_v2.6.3	CDS	157551	158633	153.0	-	0	ID=2_141;partial=00;start_type=ATG;rbs_motif=AGGAGG;rbs_spacer=5-10bp;gc_cont=0.493;conf=100.00;score=152.95;cscore=134.95;sscore=18.00;rscore=16.65;uscore=-2.57;tscore=3.92;
NODE_2_length_515833_cov_109.460731	Prodigal_v2.6.3	CDS	158793	160058	175.0	-	0	ID=2_142;partial=00;start_type=ATG;rbs_motif=AGGAG;rbs_spacer=5-10bp;gc_cont=0.501;conf=100.00;score=174.97;cscore=155.18;sscore=19.79;rscore=15.31;uscore=-0.68;tscore=3.92;
NODE_2_length_515833_cov_109.460731	Prodigal_v2.6.3	CDS	160062	161003	124.4	-	0	ID=2_143;partial=00;start_type=ATG;rbs_motif=GGAG/GAGG;rbs_spacer=5-10bp;gc_cont=0.482;conf=100.00;score=124.43;cscore=107.25;sscore=17.17;rscore=10.35;uscore=1.71;tscore=3.92;
NODE_2_length_515833_cov_109.460731	Prodigal_v2.6.3	CDS	160990	162297	167.9	-	0	ID=2_144;partial=00;start_type=ATG;rbs_motif=GGAGG;rbs_spacer=5-10bp;gc_cont=0.486;conf=100.00;score=167.88;cscore=145.05;sscore=22.82;rscore=16.07;uscore=1.57;tscore=3.92;
NODE_2_length_515833_cov_109.460731	Prodigal_v2.6.3	CDS	162299	162847	75.3	-	0	ID=2_145;partial=00;start_type=ATG;rbs_motif=GGxGG;rbs_spacer=5-10bp;gc_cont=0.479;conf=100.00;score=75.30;cscore=65.89;sscore=9.40;rscore=3.18;uscore=2.96;tscore=3.92;
NODE_2_length_515833_cov_109.460731	Prodigal_v2.6.3	CDS	163174	164094	125.1	-	0	ID=2_146;partial=00;start_type=ATG;rbs_motif=AGxAGG/AGGxGG;rbs_spacer=5-10bp;gc_cont=0.508;conf=100.00;score=125.07;cscore=107.90;sscore=17.17;rscore=11.15;uscore=0.81;tscore=3.92;
NODE_2_length_515833_cov_109.460731	Prodigal_v2.6.3	CDS	164094	164558	54.9	-	0	ID=2_147;partial=00;start_type=GTG;rbs_motif=AGxAGG/AGGxGG;rbs_spacer=5-10bp;gc_cont=0.452;conf=100.00;score=54.90;cscore=48.44;sscore=6.46;rscore=11.15;uscore=-0.33;tscore=-4.36;
NODE_2_length_515833_cov_109.460731	Prodigal_v2.6.3	CDS	164669	166342	239.0	-	0	ID=2_148;partial=00;start_type=ATG;rbs_motif=AGGAG;rbs_spacer=5-10bp;gc_cont=0.507;conf=99.99;score=239.02;cscore=219.58;sscore=19.45;rscore=15.31;uscore=-0.92;tscore=3.92;
NODE_2_length_515833_cov_109.460731	Prodigal_v2.6.3	CDS	166355	166759	28.1	-	0	ID=2_149;partial=00;start_type=GTG;rbs_motif=AGGA;rbs_spacer=5-10bp;gc_cont=0.420;conf=99.85;score=28.14;cscore=26.61;sscore=1.53;rscore=7.02;uscore=-0.48;tscore=-4.36;
NODE_2_length_515833_cov_109.460731	Prodigal_v2.6.3	CDS	166784	167182	50.8	+	0	ID=2_150;partial=00;start_type=ATG;rbs_motif=AGGAG;rbs_spacer=5-10bp;gc_cont=0.494;conf=100.00;score=50.76;cscore=32.54;sscore=18.22;rscore=15.31;uscore=-1.01;tscore=3.92;
NODE_2_length_515833_cov_109.460731	Prodigal_v2.6.3	CDS	167423	168025	83.8	-	0	ID=2_151;partial=00;start_type=GTG;rbs_motif=AGxAGG/AGGxGG;rbs_spacer=5-10bp;gc_cont=0.444;conf=100.00;score=83.81;cscore=74.76;sscore=9.05;rscore=11.15;uscore=2.92;tscore=-4.36;
NODE_2_length_515833_cov_109.460731	Prodigal_v2.6.3	CDS	168335	169804	176.3	+	0	ID=2_152;partial=00;start_type=ATG;rbs_motif=GGAGG;rbs_spacer=5-10bp;gc_cont=0.458;conf=100.00;score=176.35;cscore=157.82;sscore=18.53;rscore=16.07;uscore=-1.46;tscore=3.92;
NODE_2_length_515833_cov_109.460731	Prodigal_v2.6.3	CDS	169873	170199	62.6	-	0	ID=2_153;partial=00;start_type=ATG;rbs_motif=GGAG/GAGG;rbs_spacer=5-10bp;gc_cont=0.477;conf=100.00;score=62.56;cscore=48.05;sscore=14.51;rscore=10.35;uscore=0.24;tscore=3.92;
NODE_2_length_515833_cov_109.460731	Prodigal_v2.6.3	CDS	170351	171802	133.3	-	0	ID=2_154;partial=00;start_type=ATG;rbs_motif=AGGAGG;rbs_spacer=5-10bp;gc_cont=0.490;conf=100.00;score=133.34;cscore=114.37;sscore=18.97;rscore=16.65;uscore=-0.96;tscore=3.92;
NODE_2_length_515833_cov_109.460731	Prodigal_v2.6.3	CDS	172176	172406	22.1	+	0	ID=2_155;partial=00;start_type=ATG;rbs_motif=AGGA;rbs_spacer=5-10bp;gc_cont=0.502;conf=99.39;score=22.14;cscore=10.35;sscore=11.80;rscore=6.40;uscore=1.81;tscore=3.58;
NODE_2_length_515833_cov_109.460731	Prodigal_v2.6.3	CDS	172476	174647	276.6	+	0	ID=2_156;partial=00;start_type=ATG;rbs_motif=AGxAGG/AGGxGG;rbs_spacer=5-10bp;gc_cont=0.463;conf=99.99;score=276.61;cscore=261.64;sscore=14.97;rscore=11.15;uscore=-0.11;tscore=3.92;
NODE_2_length_515833_cov_109.460731	Prodigal_v2.6.3	CDS	174700	175680	126.6	+	0	ID=2_157;partial=00;start_type=ATG;rbs_motif=GGAG/GAGG;rbs_spacer=5-10bp;gc_cont=0.428;conf=100.00;score=126.60;cscore=111.57;sscore=15.03;rscore=10.35;uscore=0.05;tscore=3.92;
NODE_2_length_515833_cov_109.460731	Prodigal_v2.6.3	CDS	175756	176637	110.3	-	0	ID=2_158;partial=00;start_type=ATG;rbs_motif=AGxAGG/AGGxGG;rbs_spacer=5-10bp;gc_cont=0.492;conf=100.00;score=110.28;cscore=94.83;sscore=15.45;rscore=11.15;uscore=1.03;tscore=3.92;
NODE_2_length_515833_cov_109.460731	Prodigal_v2.6.3	CDS	176865	178769	238.2	-	0	ID=2_159;partial=00;start_type=ATG;rbs_motif=GGA/GAG/AGG;rbs_spacer=5-10bp;gc_cont=0.468;conf=99.99;score=238.24;cscore=234.95;sscore=3.29;rscore=-1.95;uscore=1.97;tscore=3.92;
NODE_2_length_515833_cov_109.460731	Prodigal_v2.6.3	CDS	179009	180022	155.5	+	0	ID=2_160;partial=00;start_type=ATG;rbs_motif=AGGAGG;rbs_spacer=5-10bp;gc_cont=0.434;conf=100.00;score=155.54;cscore=136.83;sscore=18.71;rscore=16.65;uscore=-1.87;tscore=3.92;
NODE_2_length_515833_cov_109.460731	Prodigal_v2.6.3	CDS	180136	180363	36.3	-	0	ID=2_161;partial=00;start_type=ATG;rbs_motif=AGGAGG;rbs_spacer=5-10bp;gc_cont=0.491;conf=99.98;score=36.27;cscore=17.43;sscore=18.84;rscore=14.99;uscore=0.32;tscore=3.53;
NODE_2_length_515833_cov_109.460731	Prodigal_v2.6.3	CDS	180519	181454	126.0	-	0	ID=2_162;partial=00;start_type=ATG;rbs_motif=AGGAG;rbs_spacer=5-10bp;gc_cont=0.494;conf=100.00;score=126.04;cscore=105.95;sscore=20.09;rscore=15.31;uscore=0.85;tscore=3.92;
NODE_2_length_515833_cov_109.460731	Prodigal_v2.6.3	CDS	181590	182732	146.5	-	0	ID=2_163;partial=00;start_type=ATG;rbs_motif=AGGA;rbs_spacer=5-10bp;gc_cont=0.460;conf=100.00;score=146.46;cscore=135.21;sscore=11.25;rscore=7.02;uscore=0.96;tscore=3.92;
NODE_2_length_515833_cov_109.460731	Prodigal_v2.6.3	CDS	183533	183928	58.8	-	0	ID=2_164;partial=00;start_type=ATG;rbs_motif=GGAG/GAGG;rbs_spacer=5-10bp;gc_cont=0.439;conf=100.00;score=58.77;cscore=42.18;sscore=16.59;rscore=10.35;uscore=1.64;tscore=3.92;
NODE_2_length_515833_cov_109.460731	Prodigal_v2.6.3	CDS	183984	184559	92.4	-	0	ID=2_165;partial=00;start_type=ATG;rbs_motif=GGAGG;rbs_spacer=5-10bp;gc_cont=0.455;conf=100.00;score=92.37;cscore=71.17;sscore=21.20;rscore=16.07;uscore=1.86;tscore=3.92;
NODE_2_length_515833_cov_109.460731	Prodigal_v2.6.3	CDS	184626	185252	73.4	+	0	ID=2_166;partial=00;start_type=ATG;rbs_motif=AGGAG;rbs_spacer=5-10bp;gc_cont=0.443;conf=100.00;score=73.44;cscore=54.56;sscore=18.88;rscore=15.31;uscore=-0.35;tscore=3.92;
NODE_2_length_515833_cov_109.460731	Prodigal_v2.6.3	CDS	185245	187551	252.9	+	0	ID=2_167;partial=00;start_type=GTG;rbs_motif=AGxAGG/AGGxGG;rbs_spacer=5-10bp;gc_cont=0.473;conf=99.99;score=252.90;cscore=242.92;sscore=9.98;rscore=11.15;uscore=1.94;tscore=-4.36;
NODE_2_length_515833_cov_109.460731	Prodigal_v2.6.3	CDS	187660	188121	47.5	-	0	ID=2_168;partial=00;start_type=ATG;rbs_motif=AGxAGG/AGGxGG;rbs_spacer=5-10bp;gc_cont=0.489;conf=100.00;score=47.47;cscore=29.44;sscore=18.03;rscore=11.15;uscore=1.66;tscore=3.92;
NODE_2_length_515833_cov_109.460731	Prodigal_v2.6.3	CDS	188118	188807	93.0	-	0	ID=2_169;partial=00;start_type=ATG;rbs_motif=AGGA;rbs_spacer=5-10bp;gc_cont=0.500;conf=100.00;score=92.96;cscore=82.91;sscore=10.05;rscore=7.02;uscore=-1.78;tscore=3.92;
NODE_2_length_515833_cov_109.460731	Prodigal_v2.6.3	CDS	188843	189466	81.9	-	0	ID=2_170;partial=00;start_type=ATG;rbs_motif=GGAGG;rbs_spacer=5-10bp;gc_cont=0.458;conf=100.00;score=81.90;cscore=63.88;sscore=18.02;rscore=16.07;uscore=-2.66;tscore=3.92;
NODE_2_length_515833_cov_109.460731	Prodigal_v2.6.3	CDS	189521	190819	170.8	-	0	ID=2_171;partial=00;start_type=ATG;rbs_motif=GGAG/GAGG;rbs_spacer=5-10bp;gc_cont=0.461;conf=100.00;score=170.76;cscore=150.92;sscore=19.84;rscore=10.35;uscore=4.62;tscore=3.92;
NODE_2_length_515833_cov_109.460731	Prodigal_v2.6.3	CDS	190850	192025	147.6	-	0	ID=2_172;partial=00;start_type=GTG;rbs_motif=AGGAGG;rbs_spacer=5-10bp;gc_cont=0.493;conf=100.00;score=147.58;cscore=136.28;sscore=11.30;rscore=16.65;uscore=-1.67;tscore=-4.36;
NODE_2_length_515833_cov_109.460731	Prodigal_v2.6.3	CDS	192080	192568	60.9	-	0	ID=2_173;partial=00;start_type=ATG;rbs_motif=AGGAGG;rbs_spacer=5-10bp;gc_cont=0.417;conf=100.00;score=60.89;cscore=40.08;sscore=20.81;rscore=16.65;uscore=0.23;tscore=3.92;
NODE_2_length_515833_cov_109.460731	Prodigal_v2.6.3	CDS	192743	195529	303.4	-	0	ID=2_174;partial=00;start_type=ATG;rbs_motif=GGA/GAG/AGG;rbs_spacer=5-10bp;gc_cont=0.495;conf=99.99;score=303.41;cscore=296.90;sscore=6.51;rscore=-1.95;uscore=3.68;tscore=3.92;
NODE_2_length_515833_cov_109.460731	Prodigal_v2.6.3	CDS	195568	199272	510.1	-	0	ID=2_175;partial=00;start_type=ATG;rbs_motif=AGGAGG;rbs_spacer=5-10bp;gc_cont=0.481;conf=99.99;score=510.06;cscore=488.19;sscore=21.87;rscore=16.65;uscore=-1.41;tscore=3.92;
NODE_2_length_515833_cov_109.460731	Prodigal_v2.6.3	CDS	199269	202808	426.3	-	0	ID=2_176;partial=00;start_type=ATG;rbs_motif=AGGAGG;rbs_spacer=5-10bp;gc_cont=0.488;conf=99.99;score=426.29;cscore=407.73;sscore=18.57;rscore=16.65;uscore=-1.36;tscore=3.92;
NODE_2_length_515833_cov_109.460731	Prodigal_v2.6.3	CDS	203159	204094	112.7	+	0	ID=2_177;partial=00;start_type=ATG;rbs_motif=GGAG/GAGG;rbs_spacer=5-10bp;gc_cont=0.500;conf=100.00;score=112.72;cscore=96.96;sscore=15.76;rscore=10.35;uscore=1.48;tscore=3.92;
NODE_2_length_515833_cov_109.460731	Prodigal_v2.6.3	CDS	204102	205106	92.5	+	0	ID=2_178;partial=00;start_type=ATG;rbs_motif=GGAG/GAGG;rbs_spacer=5-10bp;gc_cont=0.500;conf=100.00;score=92.52;cscore=76.79;sscore=15.73;rscore=10.35;uscore=0.26;tscore=3.92;
NODE_2_length_515833_cov_109.460731	Prodigal_v2.6.3	CDS	205072	206106	131.8	+	0	ID=2_179;partial=00;start_type=ATG;rbs_motif=AGGAG;rbs_spacer=5-10bp;gc_cont=0.512;conf=100.00;score=131.85;cscore=115.73;sscore=16.12;rscore=15.31;uscore=-3.11;tscore=3.92;
NODE_2_length_515833_cov_109.460731	Prodigal_v2.6.3	CDS	206595	207926	130.1	-	0	ID=2_180;partial=00;start_type=GTG;rbs_motif=AGGA;rbs_spacer=5-10bp;gc_cont=0.495;conf=100.00;score=130.15;cscore=126.46;sscore=3.69;rscore=7.02;uscore=-0.16;tscore=-4.36;
NODE_2_length_515833_cov_109.460731	Prodigal_v2.6.3	CDS	207913	208869	88.1	-	0	ID=2_181;partial=00;start_type=GTG;rbs_motif=AGGAGG;rbs_spacer=5-10bp;gc_cont=0.457;conf=100.00;score=88.11;cscore=76.71;sscore=11.41;rscore=16.65;uscore=-1.59;tscore=-4.36;
NODE_2_length_515833_cov_109.460731	Prodigal_v2.6.3	CDS	208922	209665	80.3	-	0	ID=2_182;partial=00;start_type=ATG;rbs_motif=GGAG/GAGG;rbs_spacer=5-10bp;gc_cont=0.493;conf=100.00;score=80.26;cscore=64.57;sscore=15.69;rscore=10.35;uscore=1.41;tscore=3.92;
NODE_2_length_515833_cov_109.460731	Prodigal_v2.6.3	CDS	209758	210108	43.4	-	0	ID=2_183;partial=00;start_type=ATG;rbs_motif=GGA/GAG/AGG;rbs_spacer=5-10bp;gc_cont=0.467;conf=100.00;score=43.41;cscore=41.23;sscore=2.18;rscore=-1.95;uscore=-0.50;tscore=3.92;
NODE_2_length_515833_cov_109.460731	Prodigal_v2.6.3	CDS	210160	210348	29.6	-	0	ID=2_184;partial=00;start_type=ATG;rbs_motif=AGGAG;rbs_spacer=5-10bp;gc_cont=0.444;conf=99.89;score=29.58;cscore=17.92;sscore=11.65;rscore=11.39;uscore=-2.66;tscore=2.92;
NODE_2_length_515833_cov_109.460731	Prodigal_v2.6.3	CDS	210491	211285	126.0	-	0	ID=2_185;partial=00;start_type=ATG;rbs_motif=AGGAGG;rbs_spacer=11-12bp;gc_cont=0.488;conf=100.00;score=126.00;cscore=101.82;sscore=24.18;rscore=14.31;uscore=4.76;tscore=3.92;
NODE_2_length_515833_cov_109.460731	Prodigal_v2.6.3	CDS	211272	211982	111.9	-	0	ID=2_186;partial=00;start_type=ATG;rbs_motif=AGGAG/GGAGG;rbs_spacer=11-12bp;gc_cont=0.485;conf=100.00;score=111.89;cscore=92.70;sscore=19.19;rscore=12.17;uscore=3.75;tscore=3.92;
NODE_2_length_515833_cov_109.460731	Prodigal_v2.6.3	CDS	212198	213466	201.8	-	0	ID=2_187;partial=00;start_type=ATG;rbs_motif=GGAGG;rbs_spacer=5-10bp;gc_cont=0.478;conf=99.99;score=201.79;cscore=178.90;sscore=22.89;rscore=16.07;uscore=1.77;tscore=3.92;
NODE_2_length_515833_cov_109.460731	Prodigal_v2.6.3	CDS	213480	215267	209.5	-	0	ID=2_188;partial=00;start_type=ATG;rbs_motif=3Base/5BMM;rbs_spacer=13-15bp;gc_cont=0.481;conf=99.99;score=209.51;cscore=219.55;sscore=-10.04;rscore=-11.64;uscore=-1.67;tscore=3.92;
NODE_2_length_515833_cov_109.460731	Prodigal_v2.6.3	CDS	215460	217529	310.0	-	0	ID=2_189;partial=00;start_type=ATG;rbs_motif=GGAGG;rbs_spacer=5-10bp;gc_cont=0.480;conf=99.99;score=310.02;cscore=288.14;sscore=21.89;rscore=16.07;uscore=0.63;tscore=3.92;
NODE_2_length_515833_cov_109.460731	Prodigal_v2.6.3	CDS	217531	218427	108.2	-	0	ID=2_190;partial=00;start_type=ATG;rbs_motif=GGAG/GAGG;rbs_spacer=5-10bp;gc_cont=0.470;conf=100.00;score=108.19;cscore=97.15;sscore=11.04;rscore=10.35;uscore=-2.58;tscore=3.92;
NODE_2_length_515833_cov_109.460731	Prodigal_v2.6.3	CDS	218819	219988	66.8	-	0	ID=2_191;partial=00;start_type=ATG;rbs_motif=GGA/GAG/AGG;rbs_spacer=5-10bp;gc_cont=0.426;conf=100.00;score=66.78;cscore=65.55;sscore=1.23;rscore=-1.95;uscore=-1.56;tscore=3.92;
NODE_2_length_515833_cov_109.460731	Prodigal_v2.6.3	CDS	220031	220357	18.9	-	0	ID=2_192;partial=00;start_type=GTG;rbs_motif=GGAG/GAGG;rbs_spacer=5-10bp;gc_cont=0.407;conf=98.73;score=18.93;cscore=10.60;sscore=8.33;rscore=10.35;uscore=3.00;tscore=-4.36;
NODE_2_length_515833_cov_109.460731	Prodigal_v2.6.3	CDS	221182	222852	101.6	-	0	ID=2_193;partial=00;start_type=ATG;rbs_motif=GGA/GAG/AGG;rbs_spacer=5-10bp;gc_cont=0.330;conf=100.00;score=101.60;cscore=96.47;sscore=5.13;rscore=-1.95;uscore=3.82;tscore=3.92;
NODE_2_length_515833_cov_109.460731	Prodigal_v2.6.3	CDS	223059	224216	112.4	-	0	ID=2_194;partial=00;start_type=TTG;rbs_motif=AGxAGG/AGGxGG;rbs_spacer=5-10bp;gc_cont=0.454;conf=100.00;score=112.35;cscore=108.88;sscore=3.47;rscore=11.15;uscore=-1.43;tscore=-7.50;
NODE_2_length_515833_cov_109.460731	Prodigal_v2.6.3	CDS	224219	224551	60.3	-	0	ID=2_195;partial=00;start_type=ATG;rbs_motif=AGGAGG;rbs_spacer=5-10bp;gc_cont=0.426;conf=100.00;score=60.31;cscore=37.41;sscore=22.91;rscore=16.65;uscore=1.19;tscore=3.92;
NODE_2_length_515833_cov_109.460731	Prodigal_v2.6.3	CDS	224564	224779	4.7	-	0	ID=2_196;partial=00;start_type=ATG;rbs_motif=3Base/5BMM;rbs_spacer=13-15bp;gc_cont=0.421;conf=74.83;score=4.74;cscore=13.33;sscore=-8.59;rscore=-13.66;uscore=0.91;tscore=3.34;
NODE_2_length_515833_cov_109.460731	Prodigal_v2.6.3	CDS	224822	224953	5.3	-	0	ID=2_197;partial=00;start_type=GTG;rbs_motif=AGxAGG/AGGxGG;rbs_spacer=5-10bp;gc_cont=0.394;conf=77.19;score=5.30;cscore=6.56;sscore=-1.25;rscore=5.75;uscore=0.20;tscore=-8.46;
NODE_2_length_515833_cov_109.460731	Prodigal_v2.6.3	CDS	224946	225236	45.5	-	0	ID=2_198;partial=00;start_type=ATG;rbs_motif=AGGAGG;rbs_spacer=5-10bp;gc_cont=0.478;conf=100.00;score=45.48;cscore=22.87;sscore=22.61;rscore=16.65;uscore=0.86;tscore=3.92;
NODE_2_length_515833_cov_109.460731	Prodigal_v2.6.3	CDS	225246	227699	269.0	-	0	ID=2_199;partial=00;start_type=ATG;rbs_motif=AGGAGG;rbs_spacer=11-12bp;gc_cont=0.432;conf=99.99;score=269.03;cscore=248.32;sscore=20.72;rscore=14.31;uscore=1.21;tscore=3.92;
NODE_2_length_515833_cov_109.460731	Prodigal_v2.6.3	CDS	227700	229670	179.4	-	0	ID=2_200;partial=00;start_type=TTG;rbs_motif=AGGAGG;rbs_spacer=5-10bp;gc_cont=0.446;conf=99.99;score=179.35;cscore=167.66;sscore=11.69;rscore=16.65;uscore=1.27;tscore=-7.50;
NODE_2_length_515833_cov_109.460731	Prodigal_v2.6.3	CDS	229671	233594	447.8	-	0	ID=2_201;partial=00;start_type=GTG;rbs_motif=GGA/GAG/AGG;rbs_spacer=5-10bp;gc_cont=0.447;conf=99.99;score=447.76;cscore=450.83;sscore=-3.07;rscore=-1.95;uscore=-1.37;tscore=-4.36;
NODE_2_length_515833_cov_109.460731	Prodigal_v2.6.3	CDS	233591	233746	13.1	-	0	ID=2_202;partial=00;start_type=ATG;rbs_motif=AGGA;rbs_spacer=5-10bp;gc_cont=0.410;conf=95.27;score=13.06;cscore=6.26;sscore=6.80;rscore=4.30;uscore=-0.61;tscore=2.40;
NODE_2_length_515833_cov_109.460731	Prodigal_v2.6.3	CDS	233799	234149	49.7	-	0	ID=2_203;partial=00;start_type=ATG;rbs_motif=AGGA/GGAG/GAGG;rbs_spacer=11-12bp;gc_cont=0.396;conf=100.00;score=49.67;cscore=38.79;sscore=10.88;rscore=5.64;uscore=1.31;tscore=3.92;
NODE_2_length_515833_cov_109.460731	Prodigal_v2.6.3	CDS	234313	234924	100.3	-	0	ID=2_204;partial=00;start_type=ATG;rbs_motif=GGAGG;rbs_spacer=5-10bp;gc_cont=0.417;conf=100.00;score=100.32;cscore=76.07;sscore=24.26;rscore=16.07;uscore=2.99;tscore=3.92;
NODE_2_length_515833_cov_109.460731	Prodigal_v2.6.3	CDS	234925	235305	43.6	-	0	ID=2_205;partial=00;start_type=ATG;rbs_motif=GGxGG;rbs_spacer=5-10bp;gc_cont=0.402;conf=100.00;score=43.61;cscore=34.31;sscore=9.30;rscore=3.18;uscore=0.90;tscore=3.92;
NODE_2_length_515833_cov_109.460731	Prodigal_v2.6.3	CDS	235302	235721	64.3	-	0	ID=2_206;partial=00;start_type=ATG;rbs_motif=AGxAGG/AGGxGG;rbs_spacer=5-10bp;gc_cont=0.424;conf=100.00;score=64.34;cscore=49.66;sscore=14.68;rscore=11.15;uscore=0.26;tscore=3.92;
NODE_2_length_515833_cov_109.460731	Prodigal_v2.6.3	CDS	236058	236348	33.3	-	0	ID=2_207;partial=00;start_type=ATG;rbs_motif=GGAGG;rbs_spacer=5-10bp;gc_cont=0.399;conf=99.95;score=33.35;cscore=15.31;sscore=18.04;rscore=16.07;uscore=-1.96;tscore=3.92;
NODE_2_length_515833_cov_109.460731	Prodigal_v2.6.3	CDS	236419	238326	215.7	-	0	ID=2_208;partial=00;start_type=GTG;rbs_motif=GGA/GAG/AGG;rbs_spacer=11-12bp;gc_cont=0.414;conf=99.99;score=215.71;cscore=217.41;sscore=-1.70;rscore=-4.11;uscore=1.38;tscore=-4.36;
NODE_2_length_515833_cov_109.460731	Prodigal_v2.6.3	CDS	238326	239426	84.5	-	0	ID=2_209;partial=00;start_type=ATG;rbs_motif=AGxAGG/AGGxGG;rbs_spacer=5-10bp;gc_cont=0.412;conf=100.00;score=84.52;cscore=67.46;sscore=17.06;rscore=11.15;uscore=0.69;tscore=3.92;
NODE_2_length_515833_cov_109.460731	Prodigal_v2.6.3	CDS	239423	239605	7.8	-	0	ID=2_210;partial=00;start_type=GTG;rbs_motif=GGAGG;rbs_spacer=5-10bp;gc_cont=0.421;conf=85.63;score=7.77;cscore=0.81;sscore=6.95;rscore=11.57;uscore=1.45;tscore=-6.06;
NODE_2_length_515833_cov_109.460731	Prodigal_v2.6.3	CDS	239727	241628	147.9	-	0	ID=2_211;partial=00;start_type=TTG;rbs_motif=AGGA/GGAG/GAGG;rbs_spacer=11-12bp;gc_cont=0.414;conf=100.00;score=147.89;cscore=145.26;sscore=2.63;rscore=5.64;uscore=3.19;tscore=-7.50;
NODE_2_length_515833_cov_109.460731	Prodigal_v2.6.3	CDS	241625	242101	41.4	-	0	ID=2_212;partial=00;start_type=ATG;rbs_motif=GGAGG;rbs_spacer=5-10bp;gc_cont=0.417;conf=99.99;score=41.37;cscore=18.99;sscore=22.38;rscore=16.07;uscore=3.04;tscore=3.92;
NODE_2_length_515833_cov_109.460731	Prodigal_v2.6.3	CDS	242566	243564	105.9	-	0	ID=2_213;partial=00;start_type=GTG;rbs_motif=GGAGG;rbs_spacer=5-10bp;gc_cont=0.397;conf=100.00;score=105.93;cscore=92.83;sscore=13.10;rscore=16.07;uscore=0.10;tscore=-4.36;
NODE_2_length_515833_cov_109.460731	Prodigal_v2.6.3	CDS	243561	243788	24.2	-	0	ID=2_214;partial=00;start_type=ATG;rbs_motif=GGAGG;rbs_spacer=5-10bp;gc_cont=0.399;conf=99.62;score=24.21;cscore=3.39;sscore=20.81;rscore=14.46;uscore=1.77;tscore=3.53;
NODE_2_length_515833_cov_109.460731	Prodigal_v2.6.3	CDS	243809	244096	26.3	-	0	ID=2_215;partial=00;start_type=ATG;rbs_motif=GGAG/GAGG;rbs_spacer=5-10bp;gc_cont=0.378;conf=99.76;score=26.27;cscore=8.17;sscore=18.10;rscore=10.35;uscore=2.53;tscore=3.92;
NODE_2_length_515833_cov_109.460731	Prodigal_v2.6.3	CDS	244093	244542	5.1	-	0	ID=2_216;partial=00;start_type=GTG;rbs_motif=GGA/GAG/AGG;rbs_spacer=5-10bp;gc_cont=0.436;conf=76.42;score=5.11;cscore=12.09;sscore=-6.97;rscore=-1.95;uscore=-0.66;tscore=-4.36;
NODE_2_length_515833_cov_109.460731	Prodigal_v2.6.3	CDS	244622	244996	43.9	-	0	ID=2_217;partial=00;start_type=ATG;rbs_motif=AGGAG;rbs_spacer=5-10bp;gc_cont=0.408;conf=100.00;score=43.94;cscore=22.43;sscore=21.51;rscore=15.31;uscore=1.03;tscore=3.92;
NODE_2_length_515833_cov_109.460731	Prodigal_v2.6.3	CDS	244989	245813	24.4	-	0	ID=2_218;partial=00;start_type=TTG;rbs_motif=AGxAGG/AGGxGG;rbs_spacer=11-12bp;gc_cont=0.360;conf=99.63;score=24.39;cscore=26.70;sscore=-2.31;rscore=5.02;uscore=0.82;tscore=-7.50;
NODE_2_length_515833_cov_109.460731	Prodigal_v2.6.3	CDS	246057	246704	44.8	-	0	ID=2_219;partial=00;start_type=ATG;rbs_motif=AGGAG;rbs_spacer=5-10bp;gc_cont=0.404;conf=100.00;score=44.84;cscore=22.23;sscore=22.61;rscore=15.31;uscore=3.38;tscore=3.92;
NODE_2_length_515833_cov_109.460731	Prodigal_v2.6.3	CDS	246827	247972	84.4	-	0	ID=2_220;partial=00;start_type=ATG;rbs_motif=AGGA/GGAG/GAGG;rbs_spacer=11-12bp;gc_cont=0.386;conf=100.00;score=84.36;cscore=72.23;sscore=12.13;rscore=5.64;uscore=3.21;tscore=3.92;
NODE_2_length_515833_cov_109.460731	Prodigal_v2.6.3	CDS	250250	250561	26.7	+	0	ID=2_221;partial=00;start_type=ATG;rbs_motif=GGAG/GAGG;rbs_spacer=5-10bp;gc_cont=0.340;conf=99.78;score=26.67;cscore=12.11;sscore=14.56;rscore=10.35;uscore=0.28;tscore=3.92;
NODE_2_length_515833_cov_109.460731	Prodigal_v2.6.3	CDS	251549	251857	47.3	-	0	ID=2_222;partial=00;start_type=ATG;rbs_motif=AGGAGG;rbs_spacer=5-10bp;gc_cont=0.460;conf=100.00;score=47.30;cscore=25.80;sscore=21.50;rscore=16.65;uscore=0.92;tscore=3.92;
NODE_2_length_515833_cov_109.460731	Prodigal_v2.6.3	CDS	252002	252313	30.9	-	0	ID=2_223;partial=00;start_type=ATG;rbs_motif=AGGAG;rbs_spacer=5-10bp;gc_cont=0.426;conf=99.92;score=30.89;cscore=10.65;sscore=20.25;rscore=15.31;uscore=1.67;tscore=3.92;
NODE_2_length_515833_cov_109.460731	Prodigal_v2.6.3	CDS	252564	253343	91.9	-	0	ID=2_224;partial=00;start_type=ATG;rbs_motif=AGGA;rbs_spacer=5-10bp;gc_cont=0.445;conf=100.00;score=91.87;cscore=79.64;sscore=12.23;rscore=7.02;uscore=-1.50;tscore=3.92;
NODE_2_length_515833_cov_109.460731	Prodigal_v2.6.3	CDS	253343	254245	127.0	-	0	ID=2_225;partial=00;start_type=TTG;rbs_motif=AGGAG;rbs_spacer=5-10bp;gc_cont=0.462;conf=100.00;score=127.00;cscore=117.76;sscore=9.24;rscore=15.31;uscore=0.14;tscore=-7.50;
NODE_2_length_515833_cov_109.460731	Prodigal_v2.6.3	CDS	254242	254631	36.0	-	0	ID=2_226;partial=00;start_type=TTG;rbs_motif=AGGAG;rbs_spacer=5-10bp;gc_cont=0.508;conf=99.97;score=35.99;cscore=30.62;sscore=5.38;rscore=15.31;uscore=-3.69;tscore=-7.50;
NODE_2_length_515833_cov_109.460731	Prodigal_v2.6.3	CDS	254633	255031	33.3	-	0	ID=2_227;partial=00;start_type=ATG;rbs_motif=None;rbs_spacer=None;gc_cont=0.464;conf=99.95;score=33.27;cscore=40.73;sscore=-7.46;rscore=-15.61;uscore=3.07;tscore=3.92;
NODE_2_length_515833_cov_109.460731	Prodigal_v2.6.3	CDS	255015	255473	74.8	-	0	ID=2_228;partial=00;start_type=ATG;rbs_motif=AGGAG;rbs_spacer=5-10bp;gc_cont=0.477;conf=100.00;score=74.83;cscore=55.38;sscore=19.45;rscore=15.31;uscore=-1.02;tscore=3.92;
NODE_2_length_515833_cov_109.460731	Prodigal_v2.6.3	CDS	255477	256463	130.6	-	0	ID=2_229;partial=00;start_type=TTG;rbs_motif=AGxAGG/AGGxGG;rbs_spacer=5-10bp;gc_cont=0.485;conf=100.00;score=130.63;cscore=125.77;sscore=4.85;rscore=11.15;uscore=1.86;tscore=-7.50;
NODE_2_length_515833_cov_109.460731	Prodigal_v2.6.3	CDS	256676	256840	0.8	-	0	ID=2_230;partial=00;start_type=ATG;rbs_motif=GGA/GAG/AGG;rbs_spacer=5-10bp;gc_cont=0.461;conf=54.44;score=0.78;cscore=0.36;sscore=0.42;rscore=-3.02;uscore=0.89;tscore=2.54;
NODE_2_length_515833_cov_109.460731	Prodigal_v2.6.3	CDS	256797	257240	63.4	-	0	ID=2_231;partial=00;start_type=GTG;rbs_motif=AGGA/GGAG/GAGG;rbs_spacer=11-12bp;gc_cont=0.450;conf=100.00;score=63.38;cscore=56.67;sscore=6.71;rscore=5.64;uscore=4.36;tscore=-4.36;
NODE_2_length_515833_cov_109.460731	Prodigal_v2.6.3	CDS	257260	257436	15.3	-	0	ID=2_232;partial=00;start_type=ATG;rbs_motif=GGAGG;rbs_spacer=5-10bp;gc_cont=0.492;conf=97.10;score=15.28;cscore=1.61;sscore=13.67;rscore=11.18;uscore=0.40;tscore=2.73;
NODE_2_length_515833_cov_109.460731	Prodigal_v2.6.3	CDS	257740	258570	109.8	+	0	ID=2_233;partial=00;start_type=ATG;rbs_motif=GGAG/GAGG;rbs_spacer=5-10bp;gc_cont=0.457;conf=100.00;score=109.81;cscore=94.93;sscore=14.88;rscore=10.35;uscore=0.61;tscore=3.92;
NODE_2_length_515833_cov_109.460731	Prodigal_v2.6.3	CDS	258567	259454	135.2	-	0	ID=2_234;partial=00;start_type=ATG;rbs_motif=AGGAGG;rbs_spacer=5-10bp;gc_cont=0.471;conf=100.00;score=135.20;cscore=110.69;sscore=24.51;rscore=16.65;uscore=3.93;tscore=3.92;
NODE_2_length_515833_cov_109.460731	Prodigal_v2.6.3	CDS	259590	260510	84.1	-	0	ID=2_235;partial=00;start_type=ATG;rbs_motif=GGAG/GAGG;rbs_spacer=5-10bp;gc_cont=0.470;conf=100.00;score=84.10;cscore=72.11;sscore=11.99;rscore=10.35;uscore=-2.29;tscore=3.92;
NODE_2_length_515833_cov_109.460731	Prodigal_v2.6.3	CDS	260602	261054	48.1	-	0	ID=2_236;partial=00;start_type=TTG;rbs_motif=GGAGG;rbs_spacer=5-10bp;gc_cont=0.497;conf=100.00;score=48.09;cscore=40.87;sscore=7.23;rscore=16.07;uscore=-1.34;tscore=-7.50;
NODE_2_length_515833_cov_109.460731	Prodigal_v2.6.3	CDS	261144	262949	269.8	-	0	ID=2_237;partial=00;start_type=ATG;rbs_motif=GGAGG;rbs_spacer=5-10bp;gc_cont=0.483;conf=99.99;score=269.78;cscore=247.08;sscore=22.71;rscore=16.07;uscore=1.45;tscore=3.92;
NODE_2_length_515833_cov_109.460731	Prodigal_v2.6.3	CDS	262951	264234	186.4	-	0	ID=2_238;partial=00;start_type=ATG;rbs_motif=AGGAGG;rbs_spacer=5-10bp;gc_cont=0.483;conf=99.99;score=186.39;cscore=167.26;sscore=19.14;rscore=16.65;uscore=-0.79;tscore=3.92;
NODE_2_length_515833_cov_109.460731	Prodigal_v2.6.3	CDS	264754	265080	53.8	+	0	ID=2_239;partial=00;start_type=ATG;rbs_motif=AGGAG;rbs_spacer=5-10bp;gc_cont=0.462;conf=100.00;score=53.80;cscore=32.66;sscore=21.14;rscore=15.31;uscore=1.91;tscore=3.92;
NODE_2_length_515833_cov_109.460731	Prodigal_v2.6.3	CDS	265209	266714	97.0	-	0	ID=2_240;partial=00;start_type=ATG;rbs_motif=AGxAGG/AGGxGG;rbs_spacer=5-10bp;gc_cont=0.489;conf=100.00;score=96.99;cscore=80.62;sscore=16.37;rscore=11.15;uscore=-1.10;tscore=3.92;
NODE_2_length_515833_cov_109.460731	Prodigal_v2.6.3	CDS	266711	267586	121.2	-	0	ID=2_241;partial=00;start_type=ATG;rbs_motif=AGGAGG;rbs_spacer=5-10bp;gc_cont=0.476;conf=100.00;score=121.21;cscore=97.76;sscore=23.44;rscore=16.65;uscore=3.52;tscore=3.92;
NODE_2_length_515833_cov_109.460731	Prodigal_v2.6.3	CDS	267832	268272	43.1	+	0	ID=2_242;partial=00;start_type=ATG;rbs_motif=AGGA;rbs_spacer=5-10bp;gc_cont=0.447;conf=100.00;score=43.14;cscore=31.63;sscore=11.51;rscore=7.02;uscore=0.56;tscore=3.92;
NODE_2_length_515833_cov_109.460731	Prodigal_v2.6.3	CDS	268411	269733	146.0	+	0	ID=2_243;partial=00;start_type=ATG;rbs_motif=GGxGG;rbs_spacer=3-4bp;gc_cont=0.492;conf=100.00;score=146.03;cscore=140.11;sscore=5.92;rscore=-1.23;uscore=3.23;tscore=3.92;
NODE_2_length_515833_cov_109.460731	Prodigal_v2.6.3	CDS	269806	270432	92.6	-	0	ID=2_244;partial=00;start_type=ATG;rbs_motif=GGAGG;rbs_spacer=5-10bp;gc_cont=0.488;conf=100.00;score=92.64;cscore=70.94;sscore=21.71;rscore=16.07;uscore=0.43;tscore=3.92;
NODE_2_length_515833_cov_109.460731	Prodigal_v2.6.3	CDS	270432	270878	61.6	-	0	ID=2_245;partial=00;start_type=ATG;rbs_motif=GGA/GAG/AGG;rbs_spacer=5-10bp;gc_cont=0.483;conf=100.00;score=61.55;cscore=55.22;sscore=6.33;rscore=-1.95;uscore=4.36;tscore=3.92;
NODE_2_length_515833_cov_109.460731	Prodigal_v2.6.3	CDS	270999	273227	323.8	-	0	ID=2_246;partial=00;start_type=ATG;rbs_motif=AGGAGG;rbs_spacer=5-10bp;gc_cont=0.465;conf=99.99;score=323.80;cscore=307.95;sscore=15.84;rscore=16.65;uscore=-4.08;tscore=3.92;
NODE_2_length_515833_cov_109.460731	Prodigal_v2.6.3	CDS	273464	273787	41.4	-	0	ID=2_247;partial=00;start_type=ATG;rbs_motif=AGGAG/GGAGG;rbs_spacer=11-12bp;gc_cont=0.423;conf=99.99;score=41.43;cscore=21.73;sscore=19.70;rscore=12.17;uscore=2.62;tscore=3.92;
NODE_2_length_515833_cov_109.460731	Prodigal_v2.6.3	CDS	273814	274554	96.5	-	0	ID=2_248;partial=00;start_type=ATG;rbs_motif=AGGAGG;rbs_spacer=5-10bp;gc_cont=0.487;conf=100.00;score=96.50;cscore=77.24;sscore=19.25;rscore=16.65;uscore=-1.32;tscore=3.92;
NODE_2_length_515833_cov_109.460731	Prodigal_v2.6.3	CDS	274687	275634	135.0	-	0	ID=2_249;partial=00;start_type=ATG;rbs_motif=AGGAGG;rbs_spacer=5-10bp;gc_cont=0.511;conf=100.00;score=135.03;cscore=113.35;sscore=21.68;rscore=16.65;uscore=1.10;tscore=3.92;
NODE_2_length_515833_cov_109.460731	Prodigal_v2.6.3	CDS	275751	276245	88.5	-	0	ID=2_250;partial=00;start_type=ATG;rbs_motif=GGAG/GAGG;rbs_spacer=5-10bp;gc_cont=0.426;conf=100.00;score=88.50;cscore=71.20;sscore=17.31;rscore=10.35;uscore=1.73;tscore=3.92;
NODE_2_length_515833_cov_109.460731	Prodigal_v2.6.3	CDS	276242	276856	34.7	-	0	ID=2_251;partial=00;start_type=ATG;rbs_motif=GGA/GAG/AGG;rbs_spacer=5-10bp;gc_cont=0.512;conf=99.97;score=34.67;cscore=37.55;sscore=-2.88;rscore=-1.95;uscore=-4.20;tscore=3.92;
NODE_2_length_515833_cov_109.460731	Prodigal_v2.6.3	CDS	276953	277201	36.6	+	0	ID=2_252;partial=00;start_type=ATG;rbs_motif=AGGA;rbs_spacer=5-10bp;gc_cont=0.482;conf=99.98;score=36.57;cscore=23.79;sscore=12.78;rscore=6.91;uscore=2.00;tscore=3.86;
NODE_2_length_515833_cov_109.460731	Prodigal_v2.6.3	CDS	277271	277657	61.1	-	0	ID=2_253;partial=00;start_type=ATG;rbs_motif=AGGAG;rbs_spacer=5-10bp;gc_cont=0.416;conf=100.00;score=61.12;cscore=39.17;sscore=21.94;rscore=15.31;uscore=3.36;tscore=3.92;
NODE_2_length_515833_cov_109.460731	Prodigal_v2.6.3	CDS	278120	278302	20.3	-	0	ID=2_254;partial=00;start_type=ATG;rbs_motif=GGAGG;rbs_spacer=5-10bp;gc_cont=0.508;conf=99.06;score=20.27;cscore=3.98;sscore=16.29;rscore=11.57;uscore=0.61;tscore=2.83;
NODE_2_length_515833_cov_109.460731	Prodigal_v2.6.3	CDS	278302	278688	16.4	-	0	ID=2_255;partial=00;start_type=TTG;rbs_motif=GGA/GAG/AGG;rbs_spacer=5-10bp;gc_cont=0.452;conf=97.76;score=16.43;cscore=22.66;sscore=-6.23;rscore=-1.95;uscore=3.88;tscore=-7.50;
NODE_2_length_515833_cov_109.460731	Prodigal_v2.6.3	CDS	279396	280874	177.1	-	0	ID=2_256;partial=00;start_type=TTG;rbs_motif=AGGAGG;rbs_spacer=5-10bp;gc_cont=0.483;conf=100.00;score=177.09;cscore=169.10;sscore=7.98;rscore=16.65;uscore=-0.52;tscore=-7.50;
NODE_2_length_515833_cov_109.460731	Prodigal_v2.6.3	CDS	281484	282482	114.2	+	0	ID=2_257;partial=00;start_type=GTG;rbs_motif=GGAGG;rbs_spacer=5-10bp;gc_cont=0.482;conf=100.00;score=114.17;cscore=100.64;sscore=13.53;rscore=16.07;uscore=1.83;tscore=-4.36;
NODE_2_length_515833_cov_109.460731	Prodigal_v2.6.3	CDS	282633	284249	205.8	-	0	ID=2_258;partial=00;start_type=ATG;rbs_motif=AGGAG;rbs_spacer=5-10bp;gc_cont=0.445;conf=99.99;score=205.83;cscore=186.48;sscore=19.35;rscore=15.31;uscore=-1.02;tscore=3.92;
NODE_2_length_515833_cov_109.460731	Prodigal_v2.6.3	CDS	284262	285797	186.9	-	0	ID=2_259;partial=00;start_type=TTG;rbs_motif=GGxGG;rbs_spacer=5-10bp;gc_cont=0.445;conf=99.99;score=186.90;cscore=187.44;sscore=-0.54;rscore=3.18;uscore=3.02;tscore=-7.50;
NODE_2_length_515833_cov_109.460731	Prodigal_v2.6.3	CDS	285845	287194	176.6	-	0	ID=2_260;partial=00;start_type=ATG;rbs_motif=AGGAGG;rbs_spacer=5-10bp;gc_cont=0.484;conf=100.00;score=176.62;cscore=155.70;sscore=20.92;rscore=16.65;uscore=0.34;tscore=3.92;
NODE_2_length_515833_cov_109.460731	Prodigal_v2.6.3	CDS	287372	289105	151.9	-	0	ID=2_261;partial=00;start_type=ATG;rbs_motif=GGAGG;rbs_spacer=5-10bp;gc_cont=0.425;conf=100.00;score=151.88;cscore=132.49;sscore=19.39;rscore=16.07;uscore=-0.60;tscore=3.92;
NODE_2_length_515833_cov_109.460731	Prodigal_v2.6.3	CDS	289241	289480	31.8	-	0	ID=2_262;partial=00;start_type=ATG;rbs_motif=GGAG/GAGG;rbs_spacer=5-10bp;gc_cont=0.354;conf=99.93;score=31.82;cscore=16.64;sscore=15.18;rscore=9.81;uscore=0.44;tscore=3.72;
NODE_2_length_515833_cov_109.460731	Prodigal_v2.6.3	CDS	289487	292198	248.5	-	0	ID=2_263;partial=00;start_type=TTG;rbs_motif=GGxGG;rbs_spacer=5-10bp;gc_cont=0.454;conf=99.99;score=248.50;cscore=248.54;sscore=-0.04;rscore=3.18;uscore=4.94;tscore=-7.50;
NODE_2_length_515833_cov_109.460731	Prodigal_v2.6.3	CDS	292466	300406	708.0	-	0	ID=2_264;partial=00;start_type=ATG;rbs_motif=None;rbs_spacer=None;gc_cont=0.508;conf=99.99;score=707.98;cscore=717.67;sscore=-9.69;rscore=-15.61;uscore=2.65;tscore=3.92;
NODE_2_length_515833_cov_109.460731	Prodigal_v2.6.3	CDS	301392	302405	105.3	-	0	ID=2_265;partial=00;start_type=ATG;rbs_motif=AGxAGG/AGGxGG;rbs_spacer=5-10bp;gc_cont=0.448;conf=100.00;score=105.31;cscore=90.50;sscore=14.81;rscore=11.15;uscore=0.39;tscore=3.92;
NODE_2_length_515833_cov_109.460731	Prodigal_v2.6.3	CDS	302614	303417	77.7	-	0	ID=2_266;partial=00;start_type=ATG;rbs_motif=AGGAGG;rbs_spacer=5-10bp;gc_cont=0.448;conf=100.00;score=77.72;cscore=60.09;sscore=17.63;rscore=16.65;uscore=-2.29;tscore=3.92;
NODE_2_length_515833_cov_109.460731	Prodigal_v2.6.3	CDS	303840	304154	44.5	-	0	ID=2_267;partial=00;start_type=ATG;rbs_motif=AGGAG;rbs_spacer=5-10bp;gc_cont=0.467;conf=100.00;score=44.54;cscore=23.77;sscore=20.77;rscore=15.31;uscore=0.46;tscore=3.92;
NODE_2_length_515833_cov_109.460731	Prodigal_v2.6.3	CDS	304173	304676	80.2	-	0	ID=2_268;partial=00;start_type=ATG;rbs_motif=AGxAGG/AGGxGG;rbs_spacer=5-10bp;gc_cont=0.468;conf=100.00;score=80.24;cscore=69.63;sscore=10.62;rscore=11.15;uscore=-3.81;tscore=3.92;
NODE_2_length_515833_cov_109.460731	Prodigal_v2.6.3	CDS	305000	305527	85.1	-	0	ID=2_269;partial=00;start_type=ATG;rbs_motif=GGAG/GAGG;rbs_spacer=5-10bp;gc_cont=0.500;conf=100.00;score=85.05;cscore=69.48;sscore=15.57;rscore=10.35;uscore=-0.39;tscore=3.92;
NODE_2_length_515833_cov_109.460731	Prodigal_v2.6.3	CDS	305524	307818	311.0	-	0	ID=2_270;partial=00;start_type=ATG;rbs_motif=AGGA;rbs_spacer=5-10bp;gc_cont=0.501;conf=99.99;score=310.98;cscore=299.75;sscore=11.24;rscore=7.02;uscore=0.94;tscore=3.92;
NODE_2_length_515833_cov_109.460731	Prodigal_v2.6.3	CDS	308093	308464	67.7	+	0	ID=2_271;partial=00;start_type=ATG;rbs_motif=AGGAGG;rbs_spacer=5-10bp;gc_cont=0.427;conf=100.00;score=67.67;cscore=47.19;sscore=20.48;rscore=16.65;uscore=-0.10;tscore=3.92;
NODE_2_length_515833_cov_109.460731	Prodigal_v2.6.3	CDS	308788	309264	68.9	+	0	ID=2_272;partial=00;start_type=ATG;rbs_motif=AGGA;rbs_spacer=5-10bp;gc_cont=0.459;conf=100.00;score=68.87;cscore=53.08;sscore=15.78;rscore=7.02;uscore=5.49;tscore=3.92;
NODE_2_length_515833_cov_109.460731	Prodigal_v2.6.3	CDS	309270	309503	32.4	+	0	ID=2_273;partial=00;start_type=ATG;rbs_motif=GGAG/GAGG;rbs_spacer=5-10bp;gc_cont=0.479;conf=99.94;score=32.37;cscore=18.18;sscore=14.18;rscore=9.56;uscore=-0.23;tscore=3.63;
NODE_2_length_515833_cov_109.460731	Prodigal_v2.6.3	CDS	309596	311434	278.2	-	0	ID=2_274;partial=00;start_type=ATG;rbs_motif=AGxAGG/AGGxGG;rbs_spacer=11-12bp;gc_cont=0.479;conf=99.99;score=278.19;cscore=267.60;sscore=10.59;rscore=5.02;uscore=1.64;tscore=3.92;
NODE_2_length_515833_cov_109.460731	Prodigal_v2.6.3	CDS	311591	312499	103.0	-	0	ID=2_275;partial=00;start_type=ATG;rbs_motif=AGxAGG/AGGxGG;rbs_spacer=5-10bp;gc_cont=0.450;conf=100.00;score=102.98;cscore=84.74;sscore=18.23;rscore=11.15;uscore=3.81;tscore=3.92;
NODE_2_length_515833_cov_109.460731	Prodigal_v2.6.3	CDS	312591	312782	15.7	+	0	ID=2_276;partial=00;start_type=ATG;rbs_motif=GGAG/GAGG;rbs_spacer=5-10bp;gc_cont=0.469;conf=97.38;score=15.72;cscore=6.51;sscore=9.22;rscore=7.83;uscore=-1.58;tscore=2.97;
NODE_2_length_515833_cov_109.460731	Prodigal_v2.6.3	CDS	312798	314192	107.7	+	0	ID=2_277;partial=00;start_type=TTG;rbs_motif=None;rbs_spacer=None;gc_cont=0.457;conf=100.00;score=107.74;cscore=131.83;sscore=-24.09;rscore=-15.61;uscore=-2.09;tscore=-7.50;
NODE_2_length_515833_cov_109.460731	Prodigal_v2.6.3	CDS	314602	315765	161.2	-	0	ID=2_278;partial=00;start_type=ATG;rbs_motif=AGGAG;rbs_spacer=5-10bp;gc_cont=0.513;conf=100.00;score=161.21;cscore=142.74;sscore=18.47;rscore=15.31;uscore=-0.76;tscore=3.92;
NODE_2_length_515833_cov_109.460731	Prodigal_v2.6.3	CDS	315878	317752	311.2	-	0	ID=2_279;partial=00;start_type=ATG;rbs_motif=AGxAGG/AGGxGG;rbs_spacer=5-10bp;gc_cont=0.477;conf=99.99;score=311.18;cscore=291.02;sscore=20.16;rscore=11.15;uscore=4.13;tscore=3.92;
NODE_2_length_515833_cov_109.460731	Prodigal_v2.6.3	CDS	317782	318372	96.5	-	0	ID=2_280;partial=00;start_type=ATG;rbs_motif=AGGAGG;rbs_spacer=5-10bp;gc_cont=0.464;conf=100.00;score=96.50;cscore=76.88;sscore=19.62;rscore=16.65;uscore=-0.96;tscore=3.92;
NODE_2_length_515833_cov_109.460731	Prodigal_v2.6.3	CDS	318549	319595	124.7	-	0	ID=2_281;partial=00;start_type=ATG;rbs_motif=GGAG/GAGG;rbs_spacer=5-10bp;gc_cont=0.499;conf=100.00;score=124.74;cscore=107.67;sscore=17.06;rscore=10.35;uscore=2.79;tscore=3.92;
NODE_2_length_515833_cov_109.460731	Prodigal_v2.6.3	CDS	319758	320903	138.3	-	0	ID=2_282;partial=00;start_type=ATG;rbs_motif=AGxAGG/AGGxGG;rbs_spacer=5-10bp;gc_cont=0.449;conf=100.00;score=138.28;cscore=125.21;sscore=13.07;rscore=11.15;uscore=-3.26;tscore=3.92;
NODE_2_length_515833_cov_109.460731	Prodigal_v2.6.3	CDS	320905	321852	115.8	-	0	ID=2_283;partial=00;start_type=ATG;rbs_motif=None;rbs_spacer=None;gc_cont=0.470;conf=100.00;score=115.82;cscore=122.15;sscore=-6.33;rscore=-15.61;uscore=4.14;tscore=3.92;
NODE_2_length_515833_cov_109.460731	Prodigal_v2.6.3	CDS	321859	322764	123.7	-	0	ID=2_284;partial=00;start_type=ATG;rbs_motif=AGGA;rbs_spacer=5-10bp;gc_cont=0.500;conf=100.00;score=123.72;cscore=108.18;sscore=15.54;rscore=7.02;uscore=3.44;tscore=3.92;
NODE_2_length_515833_cov_109.460731	Prodigal_v2.6.3	CDS	322776	323567	55.8	-	0	ID=2_285;partial=00;start_type=ATG;rbs_motif=GGA/GAG/AGG;rbs_spacer=5-10bp;gc_cont=0.461;conf=100.00;score=55.82;cscore=57.28;sscore=-1.46;rscore=-1.95;uscore=-2.78;tscore=3.92;
NODE_2_length_515833_cov_109.460731	Prodigal_v2.6.3	CDS	323872	324225	62.5	-	0	ID=2_286;partial=00;start_type=ATG;rbs_motif=AGGAGG;rbs_spacer=5-10bp;gc_cont=0.486;conf=100.00;score=62.49;cscore=39.52;sscore=22.97;rscore=16.65;uscore=2.40;tscore=3.92;
NODE_2_length_515833_cov_109.460731	Prodigal_v2.6.3	CDS	324286	327117	378.2	-	0	ID=2_287;partial=00;start_type=ATG;rbs_motif=GGAG/GAGG;rbs_spacer=5-10bp;gc_cont=0.494;conf=99.99;score=378.16;cscore=362.48;sscore=15.68;rscore=10.35;uscore=0.35;tscore=3.92;
NODE_2_length_515833_cov_109.460731	Prodigal_v2.6.3	CDS	327138	327443	26.9	-	0	ID=2_288;partial=00;start_type=GTG;rbs_motif=None;rbs_spacer=None;gc_cont=0.474;conf=99.79;score=26.91;cscore=29.08;sscore=-2.17;rscore=-15.61;uscore=0.90;tscore=-4.36;
NODE_2_length_515833_cov_109.460731	Prodigal_v2.6.3	CDS	327440	327733	54.1	-	0	ID=2_289;partial=00;start_type=ATG;rbs_motif=AGGAGG;rbs_spacer=5-10bp;gc_cont=0.469;conf=100.00;score=54.09;cscore=35.96;sscore=18.13;rscore=16.65;uscore=-3.61;tscore=3.92;
NODE_2_length_515833_cov_109.460731	Prodigal_v2.6.3	CDS	327745	328998	215.0	-	0	ID=2_290;partial=00;start_type=ATG;rbs_motif=GGAGG;rbs_spacer=5-10bp;gc_cont=0.485;conf=99.99;score=215.02;cscore=195.35;sscore=19.67;rscore=16.07;uscore=-1.42;tscore=3.92;
NODE_2_length_515833_cov_109.460731	Prodigal_v2.6.3	CDS	329015	329494	65.0	-	0	ID=2_291;partial=00;start_type=TTG;rbs_motif=AGGAGG;rbs_spacer=5-10bp;gc_cont=0.481;conf=100.00;score=65.01;cscore=54.40;sscore=10.62;rscore=16.65;uscore=2.11;tscore=-7.50;
NODE_2_length_515833_cov_109.460731	Prodigal_v2.6.3	CDS	329749	334083	565.0	-	0	ID=2_292;partial=00;start_type=TTG;rbs_motif=GGAG/GAGG;rbs_spacer=5-10bp;gc_cont=0.466;conf=99.99;score=564.97;cscore=562.63;sscore=2.35;rscore=10.35;uscore=-0.51;tscore=-7.50;
NODE_2_length_515833_cov_109.460731	Prodigal_v2.6.3	CDS	334150	335877	265.6	-	0	ID=2_293;partial=00;start_type=ATG;rbs_motif=GGAGG;rbs_spacer=5-10bp;gc_cont=0.445;conf=99.99;score=265.58;cscore=241.58;sscore=23.99;rscore=16.07;uscore=2.99;tscore=3.92;
NODE_2_length_515833_cov_109.460731	Prodigal_v2.6.3	CDS	335902	337143	165.7	-	0	ID=2_294;partial=00;start_type=ATG;rbs_motif=AGGAG;rbs_spacer=5-10bp;gc_cont=0.476;conf=100.00;score=165.72;cscore=147.50;sscore=18.22;rscore=15.31;uscore=-2.11;tscore=3.92;
NODE_2_length_515833_cov_109.460731	Prodigal_v2.6.3	CDS	337160	337948	112.6	-	0	ID=2_295;partial=00;start_type=ATG;rbs_motif=GGAGG;rbs_spacer=5-10bp;gc_cont=0.465;conf=100.00;score=112.62;cscore=90.44;sscore=22.18;rscore=16.07;uscore=1.29;tscore=3.92;
NODE_2_length_515833_cov_109.460731	Prodigal_v2.6.3	CDS	337984	338736	85.6	-	0	ID=2_296;partial=00;start_type=TTG;rbs_motif=AGGAGG;rbs_spacer=5-10bp;gc_cont=0.481;conf=100.00;score=85.63;cscore=76.91;sscore=8.71;rscore=16.65;uscore=0.21;tscore=-7.50;
NODE_2_length_515833_cov_109.460731	Prodigal_v2.6.3	CDS	339267	339824	90.4	-	0	ID=2_297;partial=00;start_type=ATG;rbs_motif=GGAG/GAGG;rbs_spacer=5-10bp;gc_cont=0.466;conf=100.00;score=90.43;cscore=74.87;sscore=15.56;rscore=10.35;uscore=-0.76;tscore=3.92;
NODE_2_length_515833_cov_109.460731	Prodigal_v2.6.3	CDS	339824	340543	109.8	-	0	ID=2_298;partial=00;start_type=ATG;rbs_motif=GGAGG;rbs_spacer=5-10bp;gc_cont=0.494;conf=100.00;score=109.82;cscore=89.13;sscore=20.69;rscore=16.07;uscore=1.35;tscore=3.92;
NODE_2_length_515833_cov_109.460731	Prodigal_v2.6.3	CDS	340767	341648	173.5	-	0	ID=2_299;partial=00;start_type=ATG;rbs_motif=AGGAGG;rbs_spacer=5-10bp;gc_cont=0.465;conf=100.00;score=173.51;cscore=150.04;sscore=23.47;rscore=16.65;uscore=2.89;tscore=3.92;
NODE_2_length_515833_cov_109.460731	Prodigal_v2.6.3	CDS	341733	342521	126.4	-	0	ID=2_300;partial=00;start_type=ATG;rbs_motif=GGAGG;rbs_spacer=5-10bp;gc_cont=0.460;conf=100.00;score=126.35;cscore=104.35;sscore=22.00;rscore=16.07;uscore=2.66;tscore=3.92;
NODE_2_length_515833_cov_109.460731	Prodigal_v2.6.3	CDS	343051	343320	37.5	-	0	ID=2_301;partial=00;start_type=ATG;rbs_motif=AGGAGG;rbs_spacer=5-10bp;gc_cont=0.493;conf=99.98;score=37.47;cscore=19.25;sscore=18.22;rscore=16.65;uscore=-3.58;tscore=3.92;
NODE_2_length_515833_cov_109.460731	Prodigal_v2.6.3	CDS	343310	344053	73.8	-	0	ID=2_302;partial=00;start_type=GTG;rbs_motif=GGAGG;rbs_spacer=5-10bp;gc_cont=0.500;conf=100.00;score=73.76;cscore=63.62;sscore=10.14;rscore=16.07;uscore=-0.91;tscore=-4.36;
NODE_2_length_515833_cov_109.460731	Prodigal_v2.6.3	CDS	344706	344930	16.1	-	0	ID=2_303;partial=00;start_type=ATG;rbs_motif=GGA/GAG/AGG;rbs_spacer=5-10bp;gc_cont=0.444;conf=97.57;score=16.06;cscore=10.31;sscore=5.76;rscore=-2.20;uscore=3.68;tscore=3.49;
NODE_2_length_515833_cov_109.460731	Prodigal_v2.6.3	CDS	344975	346273	124.3	-	0	ID=2_304;partial=00;start_type=ATG;rbs_motif=GGAG/GAGG;rbs_spacer=5-10bp;gc_cont=0.486;conf=100.00;score=124.28;cscore=106.74;sscore=17.54;rscore=10.35;uscore=2.17;tscore=3.92;
NODE_2_length_515833_cov_109.460731	Prodigal_v2.6.3	CDS	346290	346499	27.4	-	0	ID=2_305;partial=00;start_type=ATG;rbs_motif=AGGAGG;rbs_spacer=5-10bp;gc_cont=0.343;conf=99.82;score=27.45;cscore=10.10;sscore=17.35;rscore=13.79;uscore=-0.83;tscore=3.25;
NODE_2_length_515833_cov_109.460731	Prodigal_v2.6.3	CDS	346512	346958	59.5	-	0	ID=2_306;partial=00;start_type=ATG;rbs_motif=AGGA;rbs_spacer=5-10bp;gc_cont=0.492;conf=100.00;score=59.50;cscore=47.98;sscore=11.52;rscore=7.02;uscore=-0.68;tscore=3.92;
NODE_2_length_515833_cov_109.460731	Prodigal_v2.6.3	CDS	346951	347160	8.6	-	0	ID=2_307;partial=00;start_type=GTG;rbs_motif=AGGAG;rbs_spacer=5-10bp;gc_cont=0.462;conf=87.81;score=8.59;cscore=3.76;sscore=4.83;rscore=12.67;uscore=-2.58;tscore=-5.27;
NODE_2_length_515833_cov_109.460731	Prodigal_v2.6.3	CDS	347129	347527	17.5	-	0	ID=2_308;partial=00;start_type=ATG;rbs_motif=AGGA;rbs_spacer=5-10bp;gc_cont=0.454;conf=98.23;score=17.47;cscore=4.57;sscore=12.91;rscore=7.02;uscore=1.01;tscore=3.92;
NODE_2_length_515833_cov_109.460731	Prodigal_v2.6.3	CDS	347558	347689	2.9	-	0	ID=2_309;partial=00;start_type=ATG;rbs_motif=AGGA/GGAG/GAGG;rbs_spacer=11-12bp;gc_cont=0.432;conf=66.10;score=2.90;cscore=-3.05;sscore=5.96;rscore=2.91;uscore=0.27;tscore=2.03;
NODE_2_length_515833_cov_109.460731	Prodigal_v2.6.3	CDS	347682	347972	34.4	-	0	ID=2_310;partial=00;start_type=ATG;rbs_motif=GGxGG;rbs_spacer=5-10bp;gc_cont=0.491;conf=99.96;score=34.45;cscore=27.55;sscore=6.90;rscore=3.18;uscore=-1.46;tscore=3.92;
NODE_2_length_515833_cov_109.460731	Prodigal_v2.6.3	CDS	347974	350463	272.0	-	0	ID=2_311;partial=00;start_type=ATG;rbs_motif=AGGAG/GGAGG;rbs_spacer=11-12bp;gc_cont=0.452;conf=99.99;score=272.02;cscore=253.98;sscore=18.04;rscore=12.17;uscore=0.68;tscore=3.92;
NODE_2_length_515833_cov_109.460731	Prodigal_v2.6.3	CDS	350464	352521	156.2	-	0	ID=2_312;partial=00;start_type=TTG;rbs_motif=GGA/GAG/AGG;rbs_spacer=11-12bp;gc_cont=0.454;conf=100.00;score=156.21;cscore=163.63;sscore=-7.43;rscore=-4.11;uscore=2.91;tscore=-7.50;
NODE_2_length_515833_cov_109.460731	Prodigal_v2.6.3	CDS	352522	357387	556.8	-	0	ID=2_313;partial=00;start_type=ATG;rbs_motif=AGGAGG;rbs_spacer=5-10bp;gc_cont=0.455;conf=99.99;score=556.80;cscore=536.05;sscore=20.76;rscore=16.65;uscore=0.18;tscore=3.92;
NODE_2_length_515833_cov_109.460731	Prodigal_v2.6.3	CDS	357510	357923	43.7	-	0	ID=2_314;partial=00;start_type=ATG;rbs_motif=AGGAG;rbs_spacer=5-10bp;gc_cont=0.423;conf=100.00;score=43.73;cscore=25.85;sscore=17.88;rscore=15.31;uscore=-0.70;tscore=3.92;
NODE_2_length_515833_cov_109.460731	Prodigal_v2.6.3	CDS	358239	358847	93.5	-	0	ID=2_315;partial=00;start_type=ATG;rbs_motif=AGGAGG;rbs_spacer=5-10bp;gc_cont=0.443;conf=100.00;score=93.53;cscore=70.07;sscore=23.46;rscore=16.65;uscore=1.97;tscore=3.92;
NODE_2_length_515833_cov_109.460731	Prodigal_v2.6.3	CDS	358881	359267	40.8	-	0	ID=2_316;partial=00;start_type=ATG;rbs_motif=AGxAGG/AGGxGG;rbs_spacer=5-10bp;gc_cont=0.432;conf=99.99;score=40.80;cscore=23.22;sscore=17.58;rscore=11.15;uscore=1.22;tscore=3.92;
NODE_2_length_515833_cov_109.460731	Prodigal_v2.6.3	CDS	359267	359653	51.0	-	0	ID=2_317;partial=00;start_type=ATG;rbs_motif=AGxAGG/AGGxGG;rbs_spacer=5-10bp;gc_cont=0.486;conf=100.00;score=51.00;cscore=34.64;sscore=16.36;rscore=11.15;uscore=-0.70;tscore=3.92;
NODE_2_length_515833_cov_109.460731	Prodigal_v2.6.3	CDS	359653	359982	26.7	-	0	ID=2_318;partial=00;start_type=ATG;rbs_motif=AGGA/GGAG/GAGG;rbs_spacer=11-12bp;gc_cont=0.461;conf=99.78;score=26.68;cscore=15.76;sscore=10.92;rscore=5.64;uscore=0.14;tscore=3.92;
NODE_2_length_515833_cov_109.460731	Prodigal_v2.6.3	CDS	359972	360331	21.0	-	0	ID=2_319;partial=00;start_type=TTG;rbs_motif=GGA/GAG/AGG;rbs_spacer=5-10bp;gc_cont=0.453;conf=99.21;score=21.01;cscore=30.21;sscore=-9.20;rscore=-1.95;uscore=-0.90;tscore=-7.50;
NODE_2_length_515833_cov_109.460731	Prodigal_v2.6.3	CDS	360342	360581	17.4	-	0	ID=2_320;partial=00;start_type=TTG;rbs_motif=GGAG/GAGG;rbs_spacer=5-10bp;gc_cont=0.500;conf=98.19;score=17.38;cscore=17.17;sscore=0.21;rscore=9.81;uscore=-2.78;tscore=-7.91;
NODE_2_length_515833_cov_109.460731	Prodigal_v2.6.3	CDS	360599	361801	179.8	-	0	ID=2_321;partial=00;start_type=ATG;rbs_motif=AGGAGG;rbs_spacer=5-10bp;gc_cont=0.457;conf=99.99;score=179.80;cscore=154.78;sscore=25.02;rscore=16.65;uscore=3.60;tscore=3.92;
NODE_2_length_515833_cov_109.460731	Prodigal_v2.6.3	CDS	361842	362471	83.6	-	0	ID=2_322;partial=00;start_type=ATG;rbs_motif=GGAGG;rbs_spacer=5-10bp;gc_cont=0.446;conf=100.00;score=83.63;cscore=61.41;sscore=22.22;rscore=16.07;uscore=2.23;tscore=3.92;
NODE_2_length_515833_cov_109.460731	Prodigal_v2.6.3	CDS	362425	363678	119.4	-	0	ID=2_323;partial=00;start_type=ATG;rbs_motif=GGAGG;rbs_spacer=5-10bp;gc_cont=0.451;conf=100.00;score=119.43;cscore=97.03;sscore=22.40;rscore=16.07;uscore=1.19;tscore=3.92;
NODE_2_length_515833_cov_109.460731	Prodigal_v2.6.3	CDS	363684	363875	10.3	-	0	ID=2_324;partial=00;start_type=GTG;rbs_motif=AGGAGG;rbs_spacer=5-10bp;gc_cont=0.411;conf=91.42;score=10.29;cscore=4.92;sscore=5.37;rscore=12.59;uscore=-2.60;tscore=-5.77;
NODE_2_length_515833_cov_109.460731	Prodigal_v2.6.3	CDS	363887	365599	185.9	-	0	ID=2_325;partial=00;start_type=TTG;rbs_motif=GGAG/GAGG;rbs_spacer=5-10bp;gc_cont=0.443;conf=99.99;score=185.94;cscore=182.66;sscore=3.28;rscore=10.35;uscore=-0.62;tscore=-7.50;
NODE_2_length_515833_cov_109.460731	Prodigal_v2.6.3	CDS	365621	366076	56.1	-	0	ID=2_326;partial=00;start_type=ATG;rbs_motif=AGGAGG;rbs_spacer=11-12bp;gc_cont=0.412;conf=100.00;score=56.09;cscore=36.57;sscore=19.52;rscore=14.31;uscore=1.94;tscore=3.92;
NODE_2_length_515833_cov_109.460731	Prodigal_v2.6.3	CDS	366276	367070	30.1	-	0	ID=2_327;partial=00;start_type=ATG;rbs_motif=None;rbs_spacer=None;gc_cont=0.449;conf=99.90;score=30.11;cscore=43.49;sscore=-13.38;rscore=-15.61;uscore=-2.92;tscore=3.92;
NODE_2_length_515833_cov_109.460731	Prodigal_v2.6.3	CDS	367060	367617	60.7	-	0	ID=2_328;partial=00;start_type=ATG;rbs_motif=GGAGG;rbs_spacer=5-10bp;gc_cont=0.425;conf=100.00;score=60.66;cscore=38.83;sscore=21.83;rscore=16.07;uscore=0.55;tscore=3.92;
NODE_2_length_515833_cov_109.460731	Prodigal_v2.6.3	CDS	367614	368006	25.6	-	0	ID=2_329;partial=00;start_type=ATG;rbs_motif=GGAG/GAGG;rbs_spacer=5-10bp;gc_cont=0.422;conf=99.72;score=25.58;cscore=8.73;sscore=16.85;rscore=10.35;uscore=1.33;tscore=3.92;
NODE_2_length_515833_cov_109.460731	Prodigal_v2.6.3	CDS	367999	369147	110.6	-	0	ID=2_330;partial=00;start_type=ATG;rbs_motif=AGGAGG;rbs_spacer=5-10bp;gc_cont=0.457;conf=100.00;score=110.61;cscore=91.27;sscore=19.33;rscore=16.65;uscore=-0.59;tscore=3.92;
NODE_2_length_515833_cov_109.460731	Prodigal_v2.6.3	CDS	369569	369787	50.5	+	0	ID=2_331;partial=00;start_type=ATG;rbs_motif=AGGAGG;rbs_spacer=5-10bp;gc_cont=0.416;conf=100.00;score=50.54;cscore=29.83;sscore=20.71;rscore=14.39;uscore=2.93;tscore=3.39;
NODE_2_length_515833_cov_109.460731	Prodigal_v2.6.3	CDS	370045	370542	26.8	-	0	ID=2_332;partial=00;start_type=ATG;rbs_motif=GGA/GAG/AGG;rbs_spacer=5-10bp;gc_cont=0.380;conf=99.79;score=26.76;cscore=25.65;sscore=1.11;rscore=-1.95;uscore=-0.86;tscore=3.92;
NODE_2_length_515833_cov_109.460731	Prodigal_v2.6.3	CDS	370511	370951	41.1	-	0	ID=2_333;partial=00;start_type=ATG;rbs_motif=AGGAGG;rbs_spacer=5-10bp;gc_cont=0.413;conf=99.99;score=41.08;cscore=21.78;sscore=19.30;rscore=16.65;uscore=-0.63;tscore=3.92;
NODE_2_length_515833_cov_109.460731	Prodigal_v2.6.3	CDS	371717	372169	26.4	-	0	ID=2_334;partial=00;start_type=GTG;rbs_motif=AGGAG;rbs_spacer=5-10bp;gc_cont=0.439;conf=99.77;score=26.39;cscore=15.18;sscore=11.20;rscore=15.31;uscore=0.91;tscore=-4.36;
NODE_2_length_515833_cov_109.460731	Prodigal_v2.6.3	CDS	372587	372769	6.5	-	0	ID=2_335;partial=00;start_type=ATG;rbs_motif=GGAGG;rbs_spacer=5-10bp;gc_cont=0.372;conf=81.50;score=6.45;cscore=-8.74;sscore=15.19;rscore=11.57;uscore=-0.18;tscore=2.83;
NODE_2_length_515833_cov_109.460731	Prodigal_v2.6.3	CDS	372766	373164	65.8	-	0	ID=2_336;partial=00;start_type=ATG;rbs_motif=GGAGG;rbs_spacer=5-10bp;gc_cont=0.434;conf=100.00;score=65.77;cscore=44.48;sscore=21.29;rscore=16.07;uscore=-3.64;tscore=3.92;
NODE_2_length_515833_cov_109.460731	Prodigal_v2.6.3	CDS	373161	373358	18.5	-	0	ID=2_337;partial=00;start_type=ATG;rbs_motif=GGAGG;rbs_spacer=5-10bp;gc_cont=0.495;conf=98.60;score=18.52;cscore=-0.30;sscore=18.81;rscore=12.53;uscore=2.42;tscore=3.06;
NODE_2_length_515833_cov_109.460731	Prodigal_v2.6.3	CDS	373355	373732	36.5	-	0	ID=2_338;partial=00;start_type=ATG;rbs_motif=GGAG/GAGG;rbs_spacer=5-10bp;gc_cont=0.511;conf=99.98;score=36.49;cscore=21.46;sscore=15.02;rscore=10.35;uscore=-0.47;tscore=3.92;
NODE_2_length_515833_cov_109.460731	Prodigal_v2.6.3	CDS	373722	373940	37.7	-	0	ID=2_339;partial=00;start_type=ATG;rbs_motif=GGAG/GAGG;rbs_spacer=5-10bp;gc_cont=0.470;conf=99.98;score=37.73;cscore=22.82;sscore=14.91;rscore=8.94;uscore=1.42;tscore=3.39;
NODE_2_length_515833_cov_109.460731	Prodigal_v2.6.3	CDS	373924	374463	79.0	-	0	ID=2_340;partial=00;start_type=ATG;rbs_motif=AGGAGG;rbs_spacer=5-10bp;gc_cont=0.437;conf=100.00;score=79.05;cscore=56.78;sscore=22.26;rscore=16.65;uscore=0.39;tscore=3.92;
NODE_2_length_515833_cov_109.460731	Prodigal_v2.6.3	CDS	374460	374738	48.0	-	0	ID=2_341;partial=00;start_type=ATG;rbs_motif=GGAG/GAGG;rbs_spacer=5-10bp;gc_cont=0.419;conf=100.00;score=47.99;cscore=29.84;sscore=18.15;rscore=10.35;uscore=3.88;tscore=3.92;
NODE_2_length_515833_cov_109.460731	Prodigal_v2.6.3	CDS	374809	375294	32.3	-	0	ID=2_342;partial=00;start_type=ATG;rbs_motif=GGAG/GAGG;rbs_spacer=5-10bp;gc_cont=0.451;conf=99.94;score=32.30;cscore=14.10;sscore=18.20;rscore=10.35;uscore=2.64;tscore=3.92;
NODE_2_length_515833_cov_109.460731	Prodigal_v2.6.3	CDS	375294	376118	76.6	-	0	ID=2_343;partial=00;start_type=ATG;rbs_motif=GGAG/GAGG;rbs_spacer=5-10bp;gc_cont=0.458;conf=100.00;score=76.59;cscore=60.67;sscore=15.92;rscore=10.35;uscore=0.52;tscore=3.92;
NODE_2_length_515833_cov_109.460731	Prodigal_v2.6.3	CDS	376133	376882	72.8	-	0	ID=2_344;partial=00;start_type=ATG;rbs_motif=AGxAGG/AGGxGG;rbs_spacer=5-10bp;gc_cont=0.415;conf=100.00;score=72.85;cscore=55.63;sscore=17.22;rscore=11.15;uscore=0.89;tscore=3.92;
NODE_2_length_515833_cov_109.460731	Prodigal_v2.6.3	CDS	376875	377189	38.5	-	0	ID=2_345;partial=00;start_type=ATG;rbs_motif=GGAG/GAGG;rbs_spacer=5-10bp;gc_cont=0.413;conf=99.99;score=38.54;cscore=20.64;sscore=17.90;rscore=10.35;uscore=2.78;tscore=3.92;
NODE_2_length_515833_cov_109.460731	Prodigal_v2.6.3	CDS	377229	377327	0.7	-	0	ID=2_346;partial=00;start_type=ATG;rbs_motif=AGGAG;rbs_spacer=5-10bp;gc_cont=0.384;conf=54.04;score=0.70;cscore=-5.71;sscore=6.41;rscore=5.88;uscore=0.18;tscore=1.51;
NODE_2_length_515833_cov_109.460731	Prodigal_v2.6.3	CDS	377372	377917	25.6	+	0	ID=2_347;partial=00;start_type=ATG;rbs_motif=GGAG/GAGG;rbs_spacer=5-10bp;gc_cont=0.381;conf=99.72;score=25.64;cscore=13.19;sscore=12.45;rscore=10.35;uscore=-1.83;tscore=3.92;
NODE_2_length_515833_cov_109.460731	Prodigal_v2.6.3	CDS	377900	378103	15.3	-	0	ID=2_348;partial=00;start_type=TTG;rbs_motif=GGAGG;rbs_spacer=5-10bp;gc_cont=0.377;conf=97.12;score=15.31;cscore=11.09;sscore=4.22;rscore=12.92;uscore=-0.63;tscore=-9.33;
NODE_2_length_515833_cov_109.460731	Prodigal_v2.6.3	CDS	378096	378188	1.3	-	0	ID=2_349;partial=00;start_type=ATG;rbs_motif=AGxAGG/AGGxGG;rbs_spacer=5-10bp;gc_cont=0.484;conf=57.37;score=1.29;cscore=-5.36;sscore=6.66;rscore=4.01;uscore=0.45;tscore=1.41;
NODE_2_length_515833_cov_109.460731	Prodigal_v2.6.3	CDS	378188	378544	41.4	-	0	ID=2_350;partial=00;start_type=ATG;rbs_motif=AGGAGG;rbs_spacer=5-10bp;gc_cont=0.459;conf=99.99;score=41.43;cscore=20.30;sscore=21.13;rscore=16.65;uscore=1.20;tscore=3.92;
NODE_2_length_515833_cov_109.460731	Prodigal_v2.6.3	CDS	378611	378862	35.5	+	0	ID=2_351;partial=00;start_type=ATG;rbs_motif=AGGAGG;rbs_spacer=5-10bp;gc_cont=0.484;conf=99.97;score=35.53;cscore=13.10;sscore=22.43;rscore=16.59;uscore=1.94;tscore=3.91;
NODE_2_length_515833_cov_109.460731	Prodigal_v2.6.3	CDS	378855	379034	24.1	-	0	ID=2_352;partial=00;start_type=ATG;rbs_motif=AGGAGG;rbs_spacer=5-10bp;gc_cont=0.394;conf=99.61;score=24.09;cscore=10.65;sscore=13.43;rscore=11.79;uscore=-2.41;tscore=2.78;
NODE_2_length_515833_cov_109.460731	Prodigal_v2.6.3	CDS	379035	379850	83.5	-	0	ID=2_353;partial=00;start_type=TTG;rbs_motif=AGxAGG/AGGxGG;rbs_spacer=5-10bp;gc_cont=0.468;conf=100.00;score=83.55;cscore=80.19;sscore=3.36;rscore=11.15;uscore=0.36;tscore=-7.50;
NODE_2_length_515833_cov_109.460731	Prodigal_v2.6.3	CDS	379901	380362	28.4	+	0	ID=2_354;partial=00;start_type=ATG;rbs_motif=AGGAG;rbs_spacer=5-10bp;gc_cont=0.387;conf=99.85;score=28.36;cscore=8.07;sscore=20.29;rscore=15.31;uscore=1.05;tscore=3.92;
NODE_2_length_515833_cov_109.460731	Prodigal_v2.6.3	CDS	380468	380734	37.6	-	0	ID=2_355;partial=00;start_type=ATG;rbs_motif=AGGAGG;rbs_spacer=5-10bp;gc_cont=0.393;conf=99.98;score=37.63;cscore=17.24;sscore=20.39;rscore=16.65;uscore=0.46;tscore=3.92;
NODE_2_length_515833_cov_109.460731	Prodigal_v2.6.3	CDS	380883	381530	60.8	+	0	ID=2_356;partial=00;start_type=ATG;rbs_motif=GGAG/GAGG;rbs_spacer=5-10bp;gc_cont=0.423;conf=100.00;score=60.76;cscore=43.71;sscore=17.05;rscore=10.35;uscore=2.78;tscore=3.92;
NODE_2_length_515833_cov_109.460731	Prodigal_v2.6.3	CDS	381592	382269	51.8	+	0	ID=2_357;partial=00;start_type=ATG;rbs_motif=GGAGG;rbs_spacer=5-10bp;gc_cont=0.425;conf=100.00;score=51.82;cscore=34.18;sscore=17.64;rscore=16.07;uscore=-2.35;tscore=3.92;
NODE_2_length_515833_cov_109.460731	Prodigal_v2.6.3	CDS	382350	382994	46.8	+	0	ID=2_358;partial=00;start_type=ATG;rbs_motif=GGAGG;rbs_spacer=5-10bp;gc_cont=0.394;conf=100.00;score=46.82;cscore=26.65;sscore=20.17;rscore=16.07;uscore=0.17;tscore=3.92;
NODE_2_length_515833_cov_109.460731	Prodigal_v2.6.3	CDS	383114	384001	58.1	+	0	ID=2_359;partial=00;start_type=TTG;rbs_motif=GGAG/GAGG;rbs_spacer=5-10bp;gc_cont=0.357;conf=100.00;score=58.10;cscore=51.83;sscore=6.27;rscore=10.35;uscore=3.42;tscore=-7.50;
NODE_2_length_515833_cov_109.460731	Prodigal_v2.6.3	CDS	384078	384341	28.6	+	0	ID=2_360;partial=00;start_type=ATG;rbs_motif=AGGAGG;rbs_spacer=5-10bp;gc_cont=0.337;conf=99.86;score=28.61;cscore=10.34;sscore=18.27;rscore=16.65;uscore=-2.31;tscore=3.92;
NODE_2_length_515833_cov_109.460731	Prodigal_v2.6.3	CDS	384450	385622	83.4	+	0	ID=2_361;partial=00;start_type=GTG;rbs_motif=AGGAGG;rbs_spacer=5-10bp;gc_cont=0.434;conf=100.00;score=83.37;cscore=73.68;sscore=9.69;rscore=16.65;uscore=-2.59;tscore=-4.36;
NODE_2_length_515833_cov_109.460731	Prodigal_v2.6.3	CDS	385794	386444	79.4	+	0	ID=2_362;partial=00;start_type=ATG;rbs_motif=AGGA;rbs_spacer=5-10bp;gc_cont=0.479;conf=100.00;score=79.41;cscore=64.87;sscore=14.54;rscore=7.02;uscore=3.60;tscore=3.92;
NODE_2_length_515833_cov_109.460731	Prodigal_v2.6.3	CDS	386501	387895	146.6	+	0	ID=2_363;partial=00;start_type=ATG;rbs_motif=GGA/GAG/AGG;rbs_spacer=5-10bp;gc_cont=0.477;conf=100.00;score=146.63;cscore=140.10;sscore=6.53;rscore=-1.95;uscore=3.90;tscore=3.92;
NODE_2_length_515833_cov_109.460731	Prodigal_v2.6.3	CDS	387926	388717	78.4	+	0	ID=2_364;partial=00;start_type=TTG;rbs_motif=AGGA;rbs_spacer=5-10bp;gc_cont=0.423;conf=100.00;score=78.37;cscore=73.27;sscore=5.09;rscore=7.02;uscore=4.63;tscore=-7.50;
NODE_2_length_515833_cov_109.460731	Prodigal_v2.6.3	CDS	388815	390608	217.5	-	0	ID=2_365;partial=00;start_type=TTG;rbs_motif=AGxAGG/AGGxGG;rbs_spacer=5-10bp;gc_cont=0.457;conf=99.99;score=217.55;cscore=211.91;sscore=5.64;rscore=11.15;uscore=0.77;tscore=-7.50;
NODE_2_length_515833_cov_109.460731	Prodigal_v2.6.3	CDS	390598	392355	228.9	-	0	ID=2_366;partial=00;start_type=GTG;rbs_motif=AGGAG;rbs_spacer=5-10bp;gc_cont=0.472;conf=99.99;score=228.87;cscore=216.31;sscore=12.56;rscore=15.31;uscore=1.62;tscore=-4.36;
NODE_2_length_515833_cov_109.460731	Prodigal_v2.6.3	CDS	392497	392718	25.2	-	0	ID=2_367;partial=00;start_type=TTG;rbs_motif=AGGAGG;rbs_spacer=5-10bp;gc_cont=0.468;conf=99.69;score=25.17;cscore=18.52;sscore=6.65;rscore=14.59;uscore=0.63;tscore=-8.56;
NODE_2_length_515833_cov_109.460731	Prodigal_v2.6.3	CDS	392779	393024	39.7	-	0	ID=2_368;partial=00;start_type=ATG;rbs_motif=AGGAGG;rbs_spacer=5-10bp;gc_cont=0.431;conf=99.99;score=39.69;cscore=20.87;sscore=18.81;rscore=16.19;uscore=-1.19;tscore=3.81;
NODE_2_length_515833_cov_109.460731	Prodigal_v2.6.3	CDS	393057	393233	21.0	-	0	ID=2_369;partial=00;start_type=ATG;rbs_motif=GGAG/GAGG;rbs_spacer=5-10bp;gc_cont=0.492;conf=99.20;score=20.99;cscore=13.80;sscore=7.19;rscore=7.20;uscore=-2.10;tscore=2.73;
NODE_2_length_515833_cov_109.460731	Prodigal_v2.6.3	CDS	393460	393807	50.7	-	0	ID=2_370;partial=00;start_type=ATG;rbs_motif=AGGAG;rbs_spacer=5-10bp;gc_cont=0.497;conf=100.00;score=50.69;cscore=32.89;sscore=17.81;rscore=15.31;uscore=-1.42;tscore=3.92;
NODE_2_length_515833_cov_109.460731	Prodigal_v2.6.3	CDS	393944	394711	82.9	-	0	ID=2_371;partial=00;start_type=ATG;rbs_motif=GGA/GAG/AGG;rbs_spacer=11-12bp;gc_cont=0.493;conf=100.00;score=82.92;cscore=84.16;sscore=-1.25;rscore=-4.11;uscore=-2.28;tscore=3.92;
NODE_2_length_515833_cov_109.460731	Prodigal_v2.6.3	CDS	394701	395219	83.8	-	0	ID=2_372;partial=00;start_type=ATG;rbs_motif=AGGAGG;rbs_spacer=5-10bp;gc_cont=0.461;conf=100.00;score=83.83;cscore=65.03;sscore=18.80;rscore=16.65;uscore=-1.78;tscore=3.92;
NODE_2_length_515833_cov_109.460731	Prodigal_v2.6.3	CDS	395394	395648	41.0	-	0	ID=2_373;partial=00;start_type=ATG;rbs_motif=AGxAGG/AGGxGG;rbs_spacer=5-10bp;gc_cont=0.510;conf=99.99;score=40.96;cscore=24.61;sscore=16.35;rscore=11.15;uscore=0.14;tscore=3.92;
NODE_2_length_515833_cov_109.460731	Prodigal_v2.6.3	CDS	395661	395936	27.3	-	0	ID=2_374;partial=00;start_type=GTG;rbs_motif=AGGAGG;rbs_spacer=5-10bp;gc_cont=0.457;conf=99.81;score=27.28;cscore=14.27;sscore=13.01;rscore=16.65;uscore=0.72;tscore=-4.36;
NODE_2_length_515833_cov_109.460731	Prodigal_v2.6.3	CDS	396081	397517	214.0	-	0	ID=2_375;partial=00;start_type=ATG;rbs_motif=AGxAGG/AGGxGG;rbs_spacer=5-10bp;gc_cont=0.483;conf=99.99;score=213.95;cscore=197.44;sscore=16.51;rscore=11.15;uscore=0.30;tscore=3.92;
NODE_2_length_515833_cov_109.460731	Prodigal_v2.6.3	CDS	397530	397874	51.3	-	0	ID=2_376;partial=00;start_type=ATG;rbs_motif=AGGA;rbs_spacer=5-10bp;gc_cont=0.435;conf=100.00;score=51.33;cscore=40.32;sscore=11.02;rscore=7.02;uscore=0.72;tscore=3.92;
NODE_2_length_515833_cov_109.460731	Prodigal_v2.6.3	CDS	398279	398593	41.0	+	0	ID=2_377;partial=00;start_type=ATG;rbs_motif=GGAGG;rbs_spacer=5-10bp;gc_cont=0.476;conf=99.99;score=40.96;cscore=17.13;sscore=23.83;rscore=16.07;uscore=3.84;tscore=3.92;
NODE_2_length_515833_cov_109.460731	Prodigal_v2.6.3	CDS	398661	399656	158.1	-	0	ID=2_378;partial=00;start_type=ATG;rbs_motif=AGxAG;rbs_spacer=5-10bp;gc_cont=0.467;conf=100.00;score=158.14;cscore=149.49;sscore=8.66;rscore=-2.05;uscore=3.45;tscore=3.92;
NODE_2_length_515833_cov_109.460731	Prodigal_v2.6.3	CDS	399656	403210	470.4	-	0	ID=2_379;partial=00;start_type=ATG;rbs_motif=3Base/5BMM;rbs_spacer=13-15bp;gc_cont=0.474;conf=99.99;score=470.45;cscore=476.04;sscore=-5.59;rscore=-11.64;uscore=1.04;tscore=3.92;
NODE_2_length_515833_cov_109.460731	Prodigal_v2.6.3	CDS	403228	403923	109.4	-	0	ID=2_380;partial=00;start_type=ATG;rbs_motif=AGGAGG;rbs_spacer=5-10bp;gc_cont=0.458;conf=100.00;score=109.38;cscore=91.92;sscore=17.46;rscore=16.65;uscore=-2.46;tscore=3.92;
NODE_2_length_515833_cov_109.460731	Prodigal_v2.6.3	CDS	404142	405932	215.5	-	0	ID=2_381;partial=00;start_type=ATG;rbs_motif=AGxAGG/AGGxGG;rbs_spacer=5-10bp;gc_cont=0.428;conf=99.99;score=215.55;cscore=203.76;sscore=11.79;rscore=11.15;uscore=-2.64;tscore=3.92;
NODE_2_length_515833_cov_109.460731	Prodigal_v2.6.3	CDS	406126	407034	100.6	-	0	ID=2_382;partial=00;start_type=ATG;rbs_motif=AGxAGG/AGGxGG;rbs_spacer=5-10bp;gc_cont=0.448;conf=100.00;score=100.56;cscore=84.30;sscore=16.26;rscore=11.15;uscore=0.08;tscore=3.92;
NODE_2_length_515833_cov_109.460731	Prodigal_v2.6.3	CDS	407051	408013	102.8	-	0	ID=2_383;partial=00;start_type=ATG;rbs_motif=GGAG/GAGG;rbs_spacer=5-10bp;gc_cont=0.458;conf=100.00;score=102.79;cscore=86.30;sscore=16.50;rscore=10.35;uscore=0.94;tscore=3.92;
NODE_2_length_515833_cov_109.460731	Prodigal_v2.6.3	CDS	408013	408966	114.7	-	0	ID=2_384;partial=00;start_type=ATG;rbs_motif=GGA/GAG/AGG;rbs_spacer=5-10bp;gc_cont=0.444;conf=100.00;score=114.73;cscore=109.93;sscore=4.80;rscore=-1.95;uscore=1.59;tscore=3.92;
NODE_2_length_515833_cov_109.460731	Prodigal_v2.6.3	CDS	408970	409992	125.6	-	0	ID=2_385;partial=00;start_type=TTG;rbs_motif=AGGAGG;rbs_spacer=5-10bp;gc_cont=0.461;conf=100.00;score=125.59;cscore=118.95;sscore=6.64;rscore=16.65;uscore=-1.86;tscore=-7.50;
NODE_2_length_515833_cov_109.460731	Prodigal_v2.6.3	CDS	410442	410684	48.1	-	0	ID=2_386;partial=00;start_type=ATG;rbs_motif=GGAGG;rbs_spacer=5-10bp;gc_cont=0.412;conf=100.00;score=48.06;cscore=26.78;sscore=21.28;rscore=15.43;uscore=1.39;tscore=3.77;
NODE_2_length_515833_cov_109.460731	Prodigal_v2.6.3	CDS	410738	411763	159.8	-	0	ID=2_387;partial=00;start_type=ATG;rbs_motif=AGGA;rbs_spacer=5-10bp;gc_cont=0.489;conf=100.00;score=159.84;cscore=146.43;sscore=13.42;rscore=7.02;uscore=1.42;tscore=3.92;
NODE_2_length_515833_cov_109.460731	Prodigal_v2.6.3	CDS	411785	413824	263.2	-	0	ID=2_388;partial=00;start_type=ATG;rbs_motif=AGGAGG;rbs_spacer=5-10bp;gc_cont=0.486;conf=99.99;score=263.25;cscore=240.26;sscore=22.99;rscore=16.65;uscore=2.41;tscore=3.92;
NODE_2_length_515833_cov_109.460731	Prodigal_v2.6.3	CDS	413974	415650	248.4	-	0	ID=2_389;partial=00;start_type=GTG;rbs_motif=AGGAGG;rbs_spacer=5-10bp;gc_cont=0.473;conf=99.99;score=248.38;cscore=237.28;sscore=11.10;rscore=16.65;uscore=-1.19;tscore=-4.36;
NODE_2_length_515833_cov_109.460731	Prodigal_v2.6.3	CDS	415710	416072	57.3	-	0	ID=2_390;partial=00;start_type=ATG;rbs_motif=AGGAGG;rbs_spacer=5-10bp;gc_cont=0.460;conf=100.00;score=57.34;cscore=39.31;sscore=18.03;rscore=16.65;uscore=-1.90;tscore=3.92;
NODE_2_length_515833_cov_109.460731	Prodigal_v2.6.3	CDS	416489	416674	10.4	+	0	ID=2_391;partial=00;start_type=GTG;rbs_motif=AGGAGG;rbs_spacer=5-10bp;gc_cont=0.484;conf=91.55;score=10.37;cscore=1.47;sscore=8.90;rscore=12.19;uscore=2.67;tscore=-5.96;
NODE_2_length_515833_cov_109.460731	Prodigal_v2.6.3	CDS	416994	417662	77.1	-	0	ID=2_392;partial=00;start_type=ATG;rbs_motif=GGAG/GAGG;rbs_spacer=5-10bp;gc_cont=0.498;conf=100.00;score=77.09;cscore=61.12;sscore=15.98;rscore=10.35;uscore=0.41;tscore=3.92;
NODE_2_length_515833_cov_109.460731	Prodigal_v2.6.3	CDS	417659	418309	102.9	-	0	ID=2_393;partial=00;start_type=ATG;rbs_motif=GGAGG;rbs_spacer=5-10bp;gc_cont=0.473;conf=100.00;score=102.86;cscore=81.14;sscore=21.73;rscore=16.07;uscore=1.73;tscore=3.92;
NODE_2_length_515833_cov_109.460731	Prodigal_v2.6.3	CDS	418382	419287	97.5	-	0	ID=2_394;partial=00;start_type=ATG;rbs_motif=AGGA/GGAG/GAGG;rbs_spacer=11-12bp;gc_cont=0.489;conf=100.00;score=97.51;cscore=86.65;sscore=10.86;rscore=5.64;uscore=-1.86;tscore=3.92;
NODE_2_length_515833_cov_109.460731	Prodigal_v2.6.3	CDS	419284	421284	256.3	-	0	ID=2_395;partial=00;start_type=ATG;rbs_motif=GGAGG;rbs_spacer=5-10bp;gc_cont=0.480;conf=99.99;score=256.25;cscore=234.96;sscore=21.29;rscore=16.07;uscore=-0.03;tscore=3.92;
NODE_2_length_515833_cov_109.460731	Prodigal_v2.6.3	CDS	421281	422024	108.1	-	0	ID=2_396;partial=00;start_type=ATG;rbs_motif=GGAG/GAGG;rbs_spacer=5-10bp;gc_cont=0.472;conf=100.00;score=108.06;cscore=95.44;sscore=12.62;rscore=10.35;uscore=-2.83;tscore=3.92;
NODE_2_length_515833_cov_109.460731	Prodigal_v2.6.3	CDS	422034	423374	149.1	-	0	ID=2_397;partial=00;start_type=ATG;rbs_motif=AGxAGG/AGGxGG;rbs_spacer=5-10bp;gc_cont=0.474;conf=100.00;score=149.06;cscore=134.44;sscore=14.62;rscore=11.15;uscore=-1.64;tscore=3.92;
NODE_2_length_515833_cov_109.460731	Prodigal_v2.6.3	CDS	423361	424317	125.4	-	0	ID=2_398;partial=00;start_type=ATG;rbs_motif=GGAGG;rbs_spacer=5-10bp;gc_cont=0.493;conf=100.00;score=125.40;cscore=106.45;sscore=18.95;rscore=16.07;uscore=-1.04;tscore=3.92;
NODE_2_length_515833_cov_109.460731	Prodigal_v2.6.3	CDS	424386	426803	256.9	-	0	ID=2_399;partial=00;start_type=TTG;rbs_motif=GGA/GAG/AGG;rbs_spacer=5-10bp;gc_cont=0.504;conf=99.99;score=256.91;cscore=263.49;sscore=-6.58;rscore=-1.95;uscore=1.65;tscore=-7.50;
NODE_2_length_515833_cov_109.460731	Prodigal_v2.6.3	CDS	426808	428007	171.2	-	0	ID=2_400;partial=00;start_type=ATG;rbs_motif=AGGAG;rbs_spacer=5-10bp;gc_cont=0.499;conf=100.00;score=171.20;cscore=151.37;sscore=19.83;rscore=15.31;uscore=0.60;tscore=3.92;
NODE_2_length_515833_cov_109.460731	Prodigal_v2.6.3	CDS	428154	428402	49.5	-	0	ID=2_401;partial=00;start_type=ATG;rbs_motif=AGGAG;rbs_spacer=5-10bp;gc_cont=0.410;conf=100.00;score=49.48;cscore=27.33;sscore=22.15;rscore=15.06;uscore=3.22;tscore=3.86;
NODE_2_length_515833_cov_109.460731	Prodigal_v2.6.3	CDS	428469	429095	89.7	-	0	ID=2_402;partial=00;start_type=ATG;rbs_motif=GGAG/GAGG;rbs_spacer=5-10bp;gc_cont=0.469;conf=100.00;score=89.72;cscore=72.70;sscore=17.02;rscore=10.35;uscore=2.75;tscore=3.92;
NODE_2_length_515833_cov_109.460731	Prodigal_v2.6.3	CDS	429162	429848	68.9	-	0	ID=2_403;partial=00;start_type=ATG;rbs_motif=GGAG/GAGG;rbs_spacer=5-10bp;gc_cont=0.537;conf=100.00;score=68.88;cscore=57.00;sscore=11.88;rscore=10.35;uscore=-1.74;tscore=3.92;
NODE_2_length_515833_cov_109.460731	Prodigal_v2.6.3	CDS	429957	430259	41.4	+	0	ID=2_404;partial=00;start_type=ATG;rbs_motif=GGAGG;rbs_spacer=5-10bp;gc_cont=0.459;conf=99.99;score=41.41;cscore=17.80;sscore=23.62;rscore=16.07;uscore=3.62;tscore=3.92;
NODE_2_length_515833_cov_109.460731	Prodigal_v2.6.3	CDS	430256	430393	2.5	+	0	ID=2_405;partial=00;start_type=ATG;rbs_motif=None;rbs_spacer=None;gc_cont=0.486;conf=64.06;score=2.51;cscore=-0.40;sscore=2.91;rscore=-28.90;uscore=-5.67;tscore=2.12;
NODE_2_length_515833_cov_109.460731	Prodigal_v2.6.3	CDS	430564	432264	239.5	-	0	ID=2_406;partial=00;start_type=ATG;rbs_motif=GGxGG;rbs_spacer=5-10bp;gc_cont=0.465;conf=99.99;score=239.54;cscore=230.93;sscore=8.61;rscore=3.18;uscore=0.28;tscore=3.92;
NODE_2_length_515833_cov_109.460731	Prodigal_v2.6.3	CDS	432269	432721	65.6	-	0	ID=2_407;partial=00;start_type=ATG;rbs_motif=GGAG/GAGG;rbs_spacer=5-10bp;gc_cont=0.475;conf=100.00;score=65.57;cscore=48.64;sscore=16.93;rscore=10.35;uscore=2.65;tscore=3.92;
NODE_2_length_515833_cov_109.460731	Prodigal_v2.6.3	CDS	432835	433665	118.8	-	0	ID=2_408;partial=00;start_type=ATG;rbs_motif=GGxGG;rbs_spacer=5-10bp;gc_cont=0.457;conf=100.00;score=118.82;cscore=110.42;sscore=8.39;rscore=3.18;uscore=-2.65;tscore=3.92;
NODE_2_length_515833_cov_109.460731	Prodigal_v2.6.3	CDS	433662	434513	135.6	-	0	ID=2_409;partial=00;start_type=ATG;rbs_motif=AGGA;rbs_spacer=5-10bp;gc_cont=0.505;conf=100.00;score=135.57;cscore=123.33;sscore=12.24;rscore=7.02;uscore=-2.38;tscore=3.92;
NODE_2_length_515833_cov_109.460731	Prodigal_v2.6.3	CDS	434510	434737	40.9	-	0	ID=2_410;partial=00;start_type=ATG;rbs_motif=AGGAG;rbs_spacer=5-10bp;gc_cont=0.430;conf=99.99;score=40.93;cscore=24.66;sscore=16.27;rscore=13.78;uscore=-2.29;tscore=3.53;
NODE_2_length_515833_cov_109.460731	Prodigal_v2.6.3	CDS	434730	436079	168.0	-	0	ID=2_411;partial=00;start_type=ATG;rbs_motif=GGAG/GAGG;rbs_spacer=5-10bp;gc_cont=0.484;conf=100.00;score=168.01;cscore=154.28;sscore=13.74;rscore=10.35;uscore=-1.79;tscore=3.92;
NODE_2_length_515833_cov_109.460731	Prodigal_v2.6.3	CDS	436072	436923	120.4	-	0	ID=2_412;partial=00;start_type=TTG;rbs_motif=AGGAG;rbs_spacer=5-10bp;gc_cont=0.507;conf=100.00;score=120.39;cscore=111.29;sscore=9.10;rscore=15.31;uscore=1.29;tscore=-7.50;
NODE_2_length_515833_cov_109.460731	Prodigal_v2.6.3	CDS	437049	437456	56.9	-	0	ID=2_413;partial=00;start_type=ATG;rbs_motif=AGGA/GGAG/GAGG;rbs_spacer=11-12bp;gc_cont=0.478;conf=100.00;score=56.91;cscore=47.65;sscore=9.25;rscore=5.64;uscore=-1.58;tscore=3.92;
NODE_2_length_515833_cov_109.460731	Prodigal_v2.6.3	CDS	437458	437919	83.5	-	0	ID=2_414;partial=00;start_type=ATG;rbs_motif=AGGAGG;rbs_spacer=5-10bp;gc_cont=0.483;conf=100.00;score=83.52;cscore=65.38;sscore=18.13;rscore=16.65;uscore=-3.51;tscore=3.92;
NODE_2_length_515833_cov_109.460731	Prodigal_v2.6.3	CDS	437939	438502	88.5	-	0	ID=2_415;partial=00;start_type=ATG;rbs_motif=GGAGG;rbs_spacer=5-10bp;gc_cont=0.420;conf=100.00;score=88.51;cscore=67.06;sscore=21.45;rscore=16.07;uscore=2.11;tscore=3.92;
NODE_2_length_515833_cov_109.460731	Prodigal_v2.6.3	CDS	438692	438856	7.6	-	0	ID=2_416;partial=00;start_type=ATG;rbs_motif=GGAG/GAGG;rbs_spacer=5-10bp;gc_cont=0.521;conf=85.07;score=7.57;cscore=-2.08;sscore=9.65;rscore=6.71;uscore=0.90;tscore=2.54;
NODE_2_length_515833_cov_109.460731	Prodigal_v2.6.3	CDS	439001	440068	160.5	-	0	ID=2_417;partial=00;start_type=ATG;rbs_motif=AGGAG;rbs_spacer=5-10bp;gc_cont=0.463;conf=100.00;score=160.52;cscore=141.17;sscore=19.35;rscore=15.31;uscore=0.12;tscore=3.92;
NODE_2_length_515833_cov_109.460731	Prodigal_v2.6.3	CDS	440144	440434	42.0	-	0	ID=2_418;partial=00;start_type=ATG;rbs_motif=GGAGG;rbs_spacer=5-10bp;gc_cont=0.512;conf=99.99;score=41.99;cscore=20.67;sscore=21.32;rscore=16.07;uscore=0.25;tscore=3.92;
NODE_2_length_515833_cov_109.460731	Prodigal_v2.6.3	CDS	440453	440803	51.7	-	0	ID=2_419;partial=00;start_type=ATG;rbs_motif=AGGA/GGAG/GAGG;rbs_spacer=11-12bp;gc_cont=0.444;conf=100.00;score=51.70;cscore=39.13;sscore=12.57;rscore=5.64;uscore=1.89;tscore=3.92;
NODE_2_length_515833_cov_109.460731	Prodigal_v2.6.3	CDS	440819	441130	48.7	-	0	ID=2_420;partial=00;start_type=GTG;rbs_motif=AGGAGG;rbs_spacer=5-10bp;gc_cont=0.481;conf=100.00;score=48.73;cscore=37.41;sscore=11.32;rscore=16.65;uscore=-0.32;tscore=-4.36;
NODE_2_length_515833_cov_109.460731	Prodigal_v2.6.3	CDS	442036	442158	12.3	-	0	ID=2_421;partial=00;start_type=ATG;rbs_motif=GGAGG;rbs_spacer=5-10bp;gc_cont=0.374;conf=94.45;score=12.33;cscore=1.48;sscore=10.84;rscore=7.71;uscore=1.25;tscore=1.88;
NODE_2_length_515833_cov_109.460731	Prodigal_v2.6.3	CDS	442322	442612	10.0	-	0	ID=2_422;partial=00;start_type=GTG;rbs_motif=None;rbs_spacer=None;gc_cont=0.378;conf=90.97;score=10.05;cscore=30.31;sscore=-20.27;rscore=-15.61;uscore=0.36;tscore=-4.36;
NODE_2_length_515833_cov_109.460731	Prodigal_v2.6.3	CDS	443041	445440	290.2	+	0	ID=2_423;partial=00;start_type=ATG;rbs_motif=AGGA;rbs_spacer=5-10bp;gc_cont=0.480;conf=99.99;score=290.19;cscore=280.53;sscore=9.67;rscore=7.02;uscore=-1.28;tscore=3.92;
NODE_2_length_515833_cov_109.460731	Prodigal_v2.6.3	CDS	445591	446931	178.9	-	0	ID=2_424;partial=00;start_type=ATG;rbs_motif=AGGAG;rbs_spacer=5-10bp;gc_cont=0.453;conf=99.99;score=178.87;cscore=158.00;sscore=20.87;rscore=15.31;uscore=0.56;tscore=3.92;
NODE_2_length_515833_cov_109.460731	Prodigal_v2.6.3	CDS	446950	447312	40.9	-	0	ID=2_425;partial=00;start_type=ATG;rbs_motif=AGGAGG;rbs_spacer=5-10bp;gc_cont=0.501;conf=99.99;score=40.94;cscore=20.38;sscore=20.56;rscore=16.65;uscore=0.63;tscore=3.92;
NODE_2_length_515833_cov_109.460731	Prodigal_v2.6.3	CDS	447663	449753	225.6	+	0	ID=2_426;partial=00;start_type=ATG;rbs_motif=AGGA;rbs_spacer=5-10bp;gc_cont=0.499;conf=99.99;score=225.64;cscore=210.77;sscore=14.87;rscore=7.02;uscore=3.92;tscore=3.92;
NODE_2_length_515833_cov_109.460731	Prodigal_v2.6.3	CDS	449808	451064	200.8	-	0	ID=2_427;partial=00;start_type=ATG;rbs_motif=AGGAG;rbs_spacer=5-10bp;gc_cont=0.495;conf=99.99;score=200.75;cscore=180.98;sscore=19.78;rscore=15.31;uscore=0.55;tscore=3.92;
NODE_2_length_515833_cov_109.460731	Prodigal_v2.6.3	CDS	451208	452137	124.3	-	0	ID=2_428;partial=00;start_type=ATG;rbs_motif=GGAG/GAGG;rbs_spacer=5-10bp;gc_cont=0.512;conf=100.00;score=124.31;cscore=108.49;sscore=15.82;rscore=10.35;uscore=2.20;tscore=3.92;
NODE_2_length_515833_cov_109.460731	Prodigal_v2.6.3	CDS	452206	452385	25.6	+	0	ID=2_429;partial=00;start_type=ATG;rbs_motif=AGxAGG/AGGxGG;rbs_spacer=5-10bp;gc_cont=0.417;conf=99.72;score=25.61;cscore=12.03;sscore=13.58;rscore=7.89;uscore=2.90;tscore=2.78;
NODE_2_length_515833_cov_109.460731	Prodigal_v2.6.3	CDS	452488	452895	56.0	-	0	ID=2_430;partial=00;start_type=GTG;rbs_motif=AGGAG;rbs_spacer=5-10bp;gc_cont=0.449;conf=100.00;score=56.05;cscore=43.63;sscore=12.42;rscore=15.31;uscore=0.43;tscore=-4.36;
NODE_2_length_515833_cov_109.460731	Prodigal_v2.6.3	CDS	452917	453879	142.7	-	0	ID=2_431;partial=00;start_type=ATG;rbs_motif=GGAGG;rbs_spacer=5-10bp;gc_cont=0.475;conf=100.00;score=142.69;cscore=123.29;sscore=19.40;rscore=16.07;uscore=-1.85;tscore=3.92;
NODE_2_length_515833_cov_109.460731	Prodigal_v2.6.3	CDS	453872	454126	25.6	-	0	ID=2_432;partial=00;start_type=ATG;rbs_motif=GGA/GAG/AGG;rbs_spacer=5-10bp;gc_cont=0.459;conf=99.72;score=25.56;cscore=25.04;sscore=0.53;rscore=-1.95;uscore=-2.70;tscore=3.92;
NODE_2_length_515833_cov_109.460731	Prodigal_v2.6.3	CDS	454128	454811	50.0	-	0	ID=2_433;partial=00;start_type=ATG;rbs_motif=GGA/GAG/AGG;rbs_spacer=5-10bp;gc_cont=0.469;conf=100.00;score=50.03;cscore=50.70;sscore=-0.68;rscore=-1.95;uscore=-2.00;tscore=3.92;
NODE_2_length_515833_cov_109.460731	Prodigal_v2.6.3	CDS	455001	457127	269.7	-	0	ID=2_434;partial=00;start_type=GTG;rbs_motif=AGGAG;rbs_spacer=5-10bp;gc_cont=0.462;conf=99.99;score=269.65;cscore=256.97;sscore=12.69;rscore=15.31;uscore=2.40;tscore=-4.36;
NODE_2_length_515833_cov_109.460731	Prodigal_v2.6.3	CDS	457279	459885	231.0	+	0	ID=2_435;partial=00;start_type=GTG;rbs_motif=GGxGG;rbs_spacer=5-10bp;gc_cont=0.481;conf=99.99;score=230.96;cscore=227.88;sscore=3.08;rscore=3.18;uscore=4.27;tscore=-4.36;
NODE_2_length_515833_cov_109.460731	Prodigal_v2.6.3	CDS	460108	460407	39.7	-	0	ID=2_436;partial=00;start_type=TTG;rbs_motif=AGGAG;rbs_spacer=5-10bp;gc_cont=0.440;conf=99.99;score=39.74;cscore=31.33;sscore=8.41;rscore=15.31;uscore=0.60;tscore=-7.50;
NODE_2_length_515833_cov_109.460731	Prodigal_v2.6.3	CDS	460388	461053	104.2	-	0	ID=2_437;partial=00;start_type=ATG;rbs_motif=AGGA;rbs_spacer=5-10bp;gc_cont=0.465;conf=100.00;score=104.20;cscore=93.38;sscore=10.82;rscore=7.02;uscore=-1.37;tscore=3.92;
NODE_2_length_515833_cov_109.460731	Prodigal_v2.6.3	CDS	461046	462110	126.5	-	0	ID=2_438;partial=00;start_type=ATG;rbs_motif=GGAGG;rbs_spacer=5-10bp;gc_cont=0.477;conf=100.00;score=126.52;cscore=105.23;sscore=21.29;rscore=16.07;uscore=-2.82;tscore=3.92;
NODE_2_length_515833_cov_109.460731	Prodigal_v2.6.3	CDS	462107	462811	80.4	-	0	ID=2_439;partial=00;start_type=GTG;rbs_motif=AGxAGG/AGGxGG;rbs_spacer=5-10bp;gc_cont=0.472;conf=100.00;score=80.43;cscore=72.32;sscore=8.11;rscore=11.15;uscore=1.98;tscore=-4.36;
NODE_2_length_515833_cov_109.460731	Prodigal_v2.6.3	CDS	463061	463531	85.0	-	0	ID=2_440;partial=00;start_type=ATG;rbs_motif=GGAG/GAGG;rbs_spacer=5-10bp;gc_cont=0.452;conf=100.00;score=84.96;cscore=66.94;sscore=18.03;rscore=10.35;uscore=3.75;tscore=3.92;
NODE_2_length_515833_cov_109.460731	Prodigal_v2.6.3	CDS	463598	464236	76.6	-	0	ID=2_441;partial=00;start_type=GTG;rbs_motif=AGGAGG;rbs_spacer=5-10bp;gc_cont=0.432;conf=100.00;score=76.57;cscore=65.19;sscore=11.38;rscore=16.65;uscore=-0.91;tscore=-4.36;
NODE_2_length_515833_cov_109.460731	Prodigal_v2.6.3	CDS	464338	465540	140.0	-	0	ID=2_442;partial=00;start_type=GTG;rbs_motif=GGAG/GAGG;rbs_spacer=5-10bp;gc_cont=0.474;conf=100.00;score=139.98;cscore=136.03;sscore=3.95;rscore=10.35;uscore=-2.03;tscore=-4.36;
NODE_2_length_515833_cov_109.460731	Prodigal_v2.6.3	CDS	465704	468115	362.2	-	0	ID=2_443;partial=00;start_type=ATG;rbs_motif=AGGAGG;rbs_spacer=5-10bp;gc_cont=0.480;conf=99.99;score=362.18;cscore=340.07;sscore=22.11;rscore=16.65;uscore=0.27;tscore=3.92;
NODE_2_length_515833_cov_109.460731	Prodigal_v2.6.3	CDS	468117	469163	140.5	-	0	ID=2_444;partial=00;start_type=ATG;rbs_motif=AGGAGG;rbs_spacer=5-10bp;gc_cont=0.474;conf=100.00;score=140.46;cscore=120.09;sscore=20.38;rscore=16.65;uscore=0.45;tscore=3.92;
NODE_2_length_515833_cov_109.460731	Prodigal_v2.6.3	CDS	469680	470054	24.5	-	0	ID=2_445;partial=00;start_type=GTG;rbs_motif=GGAG/GAGG;rbs_spacer=5-10bp;gc_cont=0.480;conf=99.65;score=24.53;cscore=20.18;sscore=4.36;rscore=10.35;uscore=-0.98;tscore=-4.36;
NODE_2_length_515833_cov_109.460731	Prodigal_v2.6.3	CDS	470245	470748	51.5	-	0	ID=2_446;partial=00;start_type=TTG;rbs_motif=AGGAG;rbs_spacer=5-10bp;gc_cont=0.472;conf=100.00;score=51.54;cscore=40.00;sscore=11.54;rscore=15.31;uscore=3.73;tscore=-7.50;
NODE_2_length_515833_cov_109.460731	Prodigal_v2.6.3	CDS	470832	471593	118.7	-	0	ID=2_447;partial=00;start_type=ATG;rbs_motif=AGGAG;rbs_spacer=5-10bp;gc_cont=0.459;conf=100.00;score=118.73;cscore=95.23;sscore=23.50;rscore=15.31;uscore=4.92;tscore=3.92;
NODE_2_length_515833_cov_109.460731	Prodigal_v2.6.3	CDS	471742	472074	32.9	+	0	ID=2_448;partial=00;start_type=ATG;rbs_motif=GGAG/GAGG;rbs_spacer=5-10bp;gc_cont=0.498;conf=99.95;score=32.93;cscore=19.10;sscore=13.82;rscore=10.35;uscore=-0.45;tscore=3.92;
NODE_2_length_515833_cov_109.460731	Prodigal_v2.6.3	CDS	472133	473131	99.7	+	0	ID=2_449;partial=00;start_type=ATG;rbs_motif=GGA/GAG/AGG;rbs_spacer=5-10bp;gc_cont=0.478;conf=100.00;score=99.74;cscore=94.65;sscore=5.09;rscore=-1.95;uscore=3.12;tscore=3.92;
NODE_2_length_515833_cov_109.460731	Prodigal_v2.6.3	CDS	473340	474926	207.9	-	0	ID=2_450;partial=00;start_type=ATG;rbs_motif=None;rbs_spacer=None;gc_cont=0.459;conf=99.99;score=207.92;cscore=202.72;sscore=5.21;rscore=-15.61;uscore=-1.72;tscore=3.92;
NODE_2_length_515833_cov_109.460731	Prodigal_v2.6.3	CDS	474926	475612	112.4	-	0	ID=2_451;partial=00;start_type=ATG;rbs_motif=AGGAG;rbs_spacer=5-10bp;gc_cont=0.443;conf=100.00;score=112.44;cscore=92.58;sscore=19.86;rscore=15.31;uscore=1.28;tscore=3.92;
NODE_2_length_515833_cov_109.460731	Prodigal_v2.6.3	CDS	475882	477300	209.8	-	0	ID=2_452;partial=00;start_type=ATG;rbs_motif=AGGAGG;rbs_spacer=5-10bp;gc_cont=0.476;conf=99.99;score=209.80;cscore=185.60;sscore=24.20;rscore=16.65;uscore=4.27;tscore=3.92;
NODE_2_length_515833_cov_109.460731	Prodigal_v2.6.3	CDS	477484	477798	6.3	-	0	ID=2_453;partial=00;start_type=ATG;rbs_motif=None;rbs_spacer=None;gc_cont=0.384;conf=80.86;score=6.27;cscore=13.09;sscore=-6.82;rscore=-15.61;uscore=4.86;tscore=3.92;
NODE_2_length_515833_cov_109.460731	Prodigal_v2.6.3	CDS	477933	478481	87.9	-	0	ID=2_454;partial=00;start_type=ATG;rbs_motif=AGGAGG;rbs_spacer=5-10bp;gc_cont=0.457;conf=100.00;score=87.94;cscore=67.28;sscore=20.66;rscore=16.65;uscore=0.74;tscore=3.92;
NODE_2_length_515833_cov_109.460731	Prodigal_v2.6.3	CDS	478547	478801	1.1	+	0	ID=2_455;partial=00;start_type=ATG;rbs_motif=AGGA/GGAG/GAGG;rbs_spacer=11-12bp;gc_cont=0.545;conf=56.31;score=1.10;cscore=-8.23;sscore=9.34;rscore=5.64;uscore=0.27;tscore=3.92;
NODE_2_length_515833_cov_109.460731	Prodigal_v2.6.3	CDS	478745	479881	170.3	-	0	ID=2_456;partial=00;start_type=ATG;rbs_motif=AGGAGG;rbs_spacer=5-10bp;gc_cont=0.509;conf=100.00;score=170.34;cscore=147.31;sscore=23.03;rscore=16.65;uscore=1.56;tscore=3.92;
NODE_2_length_515833_cov_109.460731	Prodigal_v2.6.3	CDS	479917	480654	89.9	-	0	ID=2_457;partial=00;start_type=ATG;rbs_motif=None;rbs_spacer=None;gc_cont=0.465;conf=100.00;score=89.86;cscore=84.64;sscore=5.22;rscore=-15.61;uscore=-0.70;tscore=3.92;
NODE_2_length_515833_cov_109.460731	Prodigal_v2.6.3	CDS	480651	481010	73.9	-	0	ID=2_458;partial=00;start_type=ATG;rbs_motif=AGGAG;rbs_spacer=5-10bp;gc_cont=0.439;conf=100.00;score=73.85;cscore=49.66;sscore=24.19;rscore=15.31;uscore=3.72;tscore=3.92;
NODE_2_length_515833_cov_109.460731	Prodigal_v2.6.3	CDS	481014	481613	94.7	-	0	ID=2_459;partial=00;start_type=GTG;rbs_motif=GGAG/GAGG;rbs_spacer=5-10bp;gc_cont=0.452;conf=100.00;score=94.73;cscore=81.85;sscore=12.88;rscore=10.35;uscore=5.65;tscore=-4.36;
NODE_2_length_515833_cov_109.460731	Prodigal_v2.6.3	CDS	481606	482256	83.0	-	0	ID=2_460;partial=00;start_type=ATG;rbs_motif=GGAG/GAGG;rbs_spacer=5-10bp;gc_cont=0.464;conf=100.00;score=83.04;cscore=67.86;sscore=15.18;rscore=10.35;uscore=-0.26;tscore=3.92;
NODE_2_length_515833_cov_109.460731	Prodigal_v2.6.3	CDS	482267	482578	58.0	-	0	ID=2_461;partial=00;start_type=ATG;rbs_motif=AGGAG;rbs_spacer=5-10bp;gc_cont=0.471;conf=100.00;score=58.01;cscore=39.55;sscore=18.46;rscore=15.31;uscore=-0.77;tscore=3.92;
NODE_2_length_515833_cov_109.460731	Prodigal_v2.6.3	CDS	482718	483842	137.9	-	0	ID=2_462;partial=00;start_type=ATG;rbs_motif=AGGAGG;rbs_spacer=5-10bp;gc_cont=0.475;conf=100.00;score=137.92;cscore=116.29;sscore=21.63;rscore=16.65;uscore=1.05;tscore=3.92;
NODE_2_length_515833_cov_109.460731	Prodigal_v2.6.3	CDS	483823	484359	46.3	-	0	ID=2_463;partial=00;start_type=GTG;rbs_motif=GGA/GAG/AGG;rbs_spacer=5-10bp;gc_cont=0.479;conf=100.00;score=46.26;cscore=50.64;sscore=-4.38;rscore=-1.95;uscore=2.59;tscore=-4.36;
NODE_2_length_515833_cov_109.460731	Prodigal_v2.6.3	CDS	484766	485665	125.9	+	0	ID=2_464;partial=00;start_type=ATG;rbs_motif=AGGAGG;rbs_spacer=5-10bp;gc_cont=0.489;conf=100.00;score=125.95;cscore=101.21;sscore=24.74;rscore=16.65;uscore=4.16;tscore=3.92;
NODE_2_length_515833_cov_109.460731	Prodigal_v2.6.3	CDS	485658	486626	139.0	+	0	ID=2_465;partial=00;start_type=ATG;rbs_motif=AGGAG;rbs_spacer=5-10bp;gc_cont=0.456;conf=100.00;score=139.02;cscore=115.17;sscore=23.84;rscore=15.31;uscore=3.36;tscore=3.92;
NODE_2_length_515833_cov_109.460731	Prodigal_v2.6.3	CDS	486642	487283	72.1	+	0	ID=2_466;partial=00;start_type=ATG;rbs_motif=GGAGG;rbs_spacer=5-10bp;gc_cont=0.463;conf=100.00;score=72.07;cscore=53.13;sscore=18.94;rscore=16.07;uscore=-2.17;tscore=3.92;
NODE_2_length_515833_cov_109.460731	Prodigal_v2.6.3	CDS	487290	488258	139.1	+	0	ID=2_467;partial=00;start_type=ATG;rbs_motif=GGAGG;rbs_spacer=5-10bp;gc_cont=0.481;conf=100.00;score=139.12;cscore=120.63;sscore=18.50;rscore=16.07;uscore=-2.70;tscore=3.92;
NODE_2_length_515833_cov_109.460731	Prodigal_v2.6.3	CDS	488335	488898	79.3	+	0	ID=2_468;partial=00;start_type=ATG;rbs_motif=AGxAGG/AGGxGG;rbs_spacer=5-10bp;gc_cont=0.507;conf=100.00;score=79.31;cscore=64.50;sscore=14.82;rscore=11.15;uscore=-0.26;tscore=3.92;
NODE_2_length_515833_cov_109.460731	Prodigal_v2.6.3	CDS	489017	489373	57.0	-	0	ID=2_469;partial=00;start_type=ATG;rbs_motif=AGGAGG;rbs_spacer=5-10bp;gc_cont=0.482;conf=100.00;score=56.99;cscore=34.44;sscore=22.54;rscore=16.65;uscore=1.06;tscore=3.92;
NODE_2_length_515833_cov_109.460731	Prodigal_v2.6.3	CDS	489408	489608	12.7	-	0	ID=2_470;partial=00;start_type=ATG;rbs_motif=AGGAGG;rbs_spacer=5-10bp;gc_cont=0.498;conf=94.85;score=12.67;cscore=-2.15;sscore=14.83;rscore=13.19;uscore=-0.97;tscore=3.11;
NODE_2_length_515833_cov_109.460731	Prodigal_v2.6.3	CDS	489688	490152	26.0	-	0	ID=2_471;partial=00;start_type=TTG;rbs_motif=None;rbs_spacer=None;gc_cont=0.510;conf=99.75;score=26.03;cscore=52.21;sscore=-26.18;rscore=-15.61;uscore=-2.42;tscore=-7.50;
NODE_2_length_515833_cov_109.460731	Prodigal_v2.6.3	CDS	490402	491097	78.3	-	0	ID=2_472;partial=00;start_type=ATG;rbs_motif=GGA/GAG/AGG;rbs_spacer=5-10bp;gc_cont=0.451;conf=100.00;score=78.32;cscore=73.23;sscore=5.09;rscore=-1.95;uscore=1.87;tscore=3.92;
NODE_2_length_515833_cov_109.460731	Prodigal_v2.6.3	CDS	491090	491575	36.0	-	0	ID=2_473;partial=00;start_type=TTG;rbs_motif=AGGA;rbs_spacer=5-10bp;gc_cont=0.465;conf=99.97;score=35.98;cscore=37.20;sscore=-1.22;rscore=7.02;uscore=-0.09;tscore=-7.50;
NODE_2_length_515833_cov_109.460731	Prodigal_v2.6.3	CDS	491629	492198	58.8	+	0	ID=2_474;partial=00;start_type=ATG;rbs_motif=GGAG/GAGG;rbs_spacer=5-10bp;gc_cont=0.451;conf=100.00;score=58.79;cscore=39.10;sscore=19.69;rscore=10.35;uscore=5.41;tscore=3.92;
NODE_2_length_515833_cov_109.460731	Prodigal_v2.6.3	CDS	492319	494292	324.7	-	0	ID=2_475;partial=00;start_type=ATG;rbs_motif=AGGAG;rbs_spacer=5-10bp;gc_cont=0.471;conf=99.99;score=324.67;cscore=299.63;sscore=25.05;rscore=15.31;uscore=5.13;tscore=3.92;
NODE_2_length_515833_cov_109.460731	Prodigal_v2.6.3	CDS	494347	494778	4.7	-	0	ID=2_476;partial=00;start_type=ATG;rbs_motif=None;rbs_spacer=None;gc_cont=0.500;conf=74.48;score=4.66;cscore=14.23;sscore=-9.57;rscore=-15.61;uscore=1.29;tscore=3.92;
NODE_2_length_515833_cov_109.460731	Prodigal_v2.6.3	CDS	494821	495756	121.4	-	0	ID=2_477;partial=00;start_type=ATG;rbs_motif=AGGAGG;rbs_spacer=5-10bp;gc_cont=0.422;conf=100.00;score=121.43;cscore=97.41;sscore=24.01;rscore=16.65;uscore=2.28;tscore=3.92;
NODE_2_length_515833_cov_109.460731	Prodigal_v2.6.3	CDS	495740	497101	178.7	-	0	ID=2_478;partial=00;start_type=ATG;rbs_motif=GGAG/GAGG;rbs_spacer=5-10bp;gc_cont=0.481;conf=99.99;score=178.68;cscore=163.62;sscore=15.06;rscore=10.35;uscore=0.79;tscore=3.92;
NODE_2_length_515833_cov_109.460731	Prodigal_v2.6.3	CDS	497181	497648	50.1	-	0	ID=2_479;partial=00;start_type=GTG;rbs_motif=GGAG/GAGG;rbs_spacer=5-10bp;gc_cont=0.466;conf=100.00;score=50.14;cscore=41.10;sscore=9.04;rscore=10.35;uscore=2.37;tscore=-4.36;
NODE_2_length_515833_cov_109.460731	Prodigal_v2.6.3	CDS	497703	498305	80.4	-	0	ID=2_480;partial=00;start_type=GTG;rbs_motif=AGGAGG;rbs_spacer=5-10bp;gc_cont=0.547;conf=100.00;score=80.44;cscore=66.86;sscore=13.58;rscore=16.65;uscore=-0.22;tscore=-4.36;
NODE_2_length_515833_cov_109.460731	Prodigal_v2.6.3	CDS	498302	499150	94.0	-	0	ID=2_481;partial=00;start_type=ATG;rbs_motif=AGGAG;rbs_spacer=5-10bp;gc_cont=0.497;conf=100.00;score=94.03;cscore=74.51;sscore=19.52;rscore=15.31;uscore=-0.87;tscore=3.92;
NODE_2_length_515833_cov_109.460731	Prodigal_v2.6.3	CDS	499161	501806	381.8	-	0	ID=2_482;partial=00;start_type=ATG;rbs_motif=AGGA;rbs_spacer=5-10bp;gc_cont=0.449;conf=99.99;score=381.76;cscore=371.73;sscore=10.03;rscore=7.02;uscore=-0.92;tscore=3.92;
NODE_2_length_515833_cov_109.460731	Prodigal_v2.6.3	CDS	501969	502679	80.8	-	0	ID=2_483;partial=00;start_type=ATG;rbs_motif=AGGA;rbs_spacer=5-10bp;gc_cont=0.489;conf=100.00;score=80.80;cscore=68.32;sscore=12.48;rscore=7.02;uscore=1.54;tscore=3.92;
NODE_2_length_515833_cov_109.460731	Prodigal_v2.6.3	CDS	502840	504150	208.2	-	0	ID=2_484;partial=00;start_type=ATG;rbs_motif=GGAG/GAGG;rbs_spacer=5-10bp;gc_cont=0.461;conf=99.99;score=208.24;cscore=187.49;sscore=20.75;rscore=10.35;uscore=5.18;tscore=3.92;
NODE_2_length_515833_cov_109.460731	Prodigal_v2.6.3	CDS	504147	506648	279.1	-	0	ID=2_485;partial=00;start_type=ATG;rbs_motif=AGxAGG/AGGxGG;rbs_spacer=5-10bp;gc_cont=0.503;conf=99.99;score=279.08;cscore=261.50;sscore=17.58;rscore=11.15;uscore=3.16;tscore=3.92;
NODE_2_length_515833_cov_109.460731	Prodigal_v2.6.3	CDS	506883	507524	104.7	-	0	ID=2_486;partial=00;start_type=ATG;rbs_motif=GGAGG;rbs_spacer=5-10bp;gc_cont=0.484;conf=100.00;score=104.73;cscore=82.16;sscore=22.57;rscore=16.07;uscore=1.47;tscore=3.92;
NODE_2_length_515833_cov_109.460731	Prodigal_v2.6.3	CDS	507540	507857	43.9	-	0	ID=2_487;partial=00;start_type=ATG;rbs_motif=AGGA;rbs_spacer=5-10bp;gc_cont=0.393;conf=100.00;score=43.87;cscore=32.35;sscore=11.51;rscore=7.02;uscore=1.22;tscore=3.92;
NODE_2_length_515833_cov_109.460731	Prodigal_v2.6.3	CDS	508115	508456	26.1	+	0	ID=2_488;partial=00;start_type=TTG;rbs_motif=AGxAGG/AGGxGG;rbs_spacer=5-10bp;gc_cont=0.494;conf=99.75;score=26.07;cscore=21.40;sscore=4.67;rscore=11.15;uscore=1.02;tscore=-7.50;
NODE_2_length_515833_cov_109.460731	Prodigal_v2.6.3	CDS	508446	509090	84.0	-	0	ID=2_489;partial=00;start_type=ATG;rbs_motif=AGGAG;rbs_spacer=5-10bp;gc_cont=0.450;conf=100.00;score=84.03;cscore=63.63;sscore=20.39;rscore=15.31;uscore=1.16;tscore=3.92;
NODE_2_length_515833_cov_109.460731	Prodigal_v2.6.3	CDS	509219	509992	84.9	-	0	ID=2_490;partial=00;start_type=ATG;rbs_motif=AGGAG;rbs_spacer=5-10bp;gc_cont=0.501;conf=100.00;score=84.87;cscore=66.17;sscore=18.70;rscore=15.31;uscore=-0.53;tscore=3.92;
NODE_2_length_515833_cov_109.460731	Prodigal_v2.6.3	CDS	510081	510179	0.7	-	0	ID=2_491;partial=00;start_type=ATG;rbs_motif=AGGA/GGAG/GAGG;rbs_spacer=11-12bp;gc_cont=0.505;conf=54.14;score=0.72;cscore=-2.42;sscore=3.14;rscore=2.17;uscore=0.62;tscore=1.51;
NODE_2_length_515833_cov_109.460731	Prodigal_v2.6.3	CDS	510382	511596	124.1	-	0	ID=2_492;partial=00;start_type=ATG;rbs_motif=GGAGG;rbs_spacer=5-10bp;gc_cont=0.473;conf=100.00;score=124.12;cscore=100.60;sscore=23.52;rscore=16.07;uscore=2.25;tscore=3.92;
NODE_2_length_515833_cov_109.460731	Prodigal_v2.6.3	CDS	511596	512324	82.5	-	0	ID=2_493;partial=00;start_type=ATG;rbs_motif=GGA/GAG/AGG;rbs_spacer=5-10bp;gc_cont=0.442;conf=100.00;score=82.50;cscore=78.75;sscore=3.75;rscore=-1.95;uscore=2.44;tscore=3.92;
NODE_2_length_515833_cov_109.460731	Prodigal_v2.6.3	CDS	512421	512855	62.0	+	0	ID=2_494;partial=00;start_type=ATG;rbs_motif=GGAG/GAGG;rbs_spacer=5-10bp;gc_cont=0.437;conf=100.00;score=61.99;cscore=44.83;sscore=17.16;rscore=10.35;uscore=2.88;tscore=3.92;
NODE_2_length_515833_cov_109.460731	Prodigal_v2.6.3	CDS	512852	513223	59.2	+	0	ID=2_495;partial=00;start_type=ATG;rbs_motif=GGAGG;rbs_spacer=5-10bp;gc_cont=0.452;conf=100.00;score=59.20;cscore=37.86;sscore=21.35;rscore=16.07;uscore=0.06;tscore=3.92;
NODE_2_length_515833_cov_109.460731	Prodigal_v2.6.3	CDS	513360	514262	114.4	+	0	ID=2_496;partial=00;start_type=ATG;rbs_motif=AGGA/GGAG/GAGG;rbs_spacer=11-12bp;gc_cont=0.427;conf=100.00;score=114.36;cscore=102.76;sscore=11.60;rscore=5.64;uscore=2.03;tscore=3.92;
NODE_2_length_515833_cov_109.460731	Prodigal_v2.6.3	CDS	514457	515434	107.5	-	0	ID=2_497;partial=00;start_type=GTG;rbs_motif=GGA/GAG/AGG;rbs_spacer=5-10bp;gc_cont=0.437;conf=100.00;score=107.55;cscore=111.37;sscore=-3.82;rscore=-1.95;uscore=2.50;tscore=-4.36;
# Sequence Data: seqnum=3;seqlen=404174;seqhdr="NODE_3_length_404174_cov_108.718135"
# Model Data: version=Prodigal.v2.6.3;run_type=Single;model="Ab initio";gc_cont=46.10;transl_table=11;uses_sd=1
NODE_3_length_404174_cov_108.718135	Prodigal_v2.6.3	CDS	1	129	31.4	-	0	ID=3_1;partial=10;start_type=ATG;rbs_motif=AGGAG;rbs_spacer=5-10bp;gc_cont=0.411;conf=99.93;score=31.43;cscore=13.50;sscore=17.93;rscore=15.31;uscore=-2.55;tscore=3.92;
NODE_3_length_404174_cov_108.718135	Prodigal_v2.6.3	CDS	122	1720	200.5	-	0	ID=3_2;partial=00;start_type=ATG;rbs_motif=GGAGG;rbs_spacer=5-10bp;gc_cont=0.428;conf=99.99;score=200.55;cscore=180.07;sscore=20.48;rscore=16.07;uscore=-0.60;tscore=3.92;
NODE_3_length_404174_cov_108.718135	Prodigal_v2.6.3	CDS	1738	4788	378.7	-	0	ID=3_3;partial=00;start_type=ATG;rbs_motif=AGGAGG;rbs_spacer=5-10bp;gc_cont=0.425;conf=99.99;score=378.73;cscore=360.64;sscore=18.09;rscore=16.65;uscore=-1.83;tscore=3.92;
NODE_3_length_404174_cov_108.718135	Prodigal_v2.6.3	CDS	5259	5825	61.4	-	0	ID=3_4;partial=00;start_type=ATG;rbs_motif=AGGAGG;rbs_spacer=5-10bp;gc_cont=0.392;conf=100.00;score=61.43;cscore=40.40;sscore=21.03;rscore=16.65;uscore=1.11;tscore=3.92;
NODE_3_length_404174_cov_108.718135	Prodigal_v2.6.3	CDS	8266	10059	130.2	-	0	ID=3_5;partial=00;start_type=ATG;rbs_motif=GGAGG;rbs_spacer=5-10bp;gc_cont=0.347;conf=100.00;score=130.22;cscore=108.15;sscore=22.07;rscore=16.07;uscore=0.97;tscore=3.92;
NODE_3_length_404174_cov_108.718135	Prodigal_v2.6.3	CDS	10075	13020	210.0	-	0	ID=3_6;partial=00;start_type=GTG;rbs_motif=GGAG/GAGG;rbs_spacer=5-10bp;gc_cont=0.354;conf=99.99;score=210.02;cscore=202.20;sscore=7.81;rscore=10.35;uscore=2.48;tscore=-4.36;
NODE_3_length_404174_cov_108.718135	Prodigal_v2.6.3	CDS	13238	14422	106.5	+	0	ID=3_7;partial=00;start_type=TTG;rbs_motif=AGGA/GGAG/GAGG;rbs_spacer=11-12bp;gc_cont=0.480;conf=100.00;score=106.52;cscore=108.36;sscore=-1.84;rscore=5.64;uscore=0.01;tscore=-7.50;
NODE_3_length_404174_cov_108.718135	Prodigal_v2.6.3	CDS	14964	16925	263.1	-	0	ID=3_8;partial=00;start_type=ATG;rbs_motif=GGAG/GAGG;rbs_spacer=5-10bp;gc_cont=0.506;conf=99.99;score=263.08;cscore=246.73;sscore=16.35;rscore=10.35;uscore=0.82;tscore=3.92;
NODE_3_length_404174_cov_108.718135	Prodigal_v2.6.3	CDS	16928	18595	175.1	-	0	ID=3_9;partial=00;start_type=ATG;rbs_motif=GGAGG;rbs_spacer=5-10bp;gc_cont=0.509;conf=100.00;score=175.10;cscore=155.02;sscore=20.09;rscore=16.07;uscore=0.09;tscore=3.92;
NODE_3_length_404174_cov_108.718135	Prodigal_v2.6.3	CDS	18670	19671	134.3	-	0	ID=3_10;partial=00;start_type=ATG;rbs_motif=AGGAG;rbs_spacer=5-10bp;gc_cont=0.541;conf=100.00;score=134.26;cscore=112.00;sscore=22.26;rscore=15.31;uscore=3.03;tscore=3.92;
NODE_3_length_404174_cov_108.718135	Prodigal_v2.6.3	CDS	19816	21294	163.9	-	0	ID=3_11;partial=00;start_type=ATG;rbs_motif=AGxAGG/AGGxGG;rbs_spacer=5-10bp;gc_cont=0.518;conf=100.00;score=163.89;cscore=146.92;sscore=16.97;rscore=11.15;uscore=2.55;tscore=3.92;
NODE_3_length_404174_cov_108.718135	Prodigal_v2.6.3	CDS	21891	22766	108.5	-	0	ID=3_12;partial=00;start_type=TTG;rbs_motif=AGGAG;rbs_spacer=5-10bp;gc_cont=0.492;conf=100.00;score=108.50;cscore=99.75;sscore=8.75;rscore=15.31;uscore=0.94;tscore=-7.50;
NODE_3_length_404174_cov_108.718135	Prodigal_v2.6.3	CDS	22847	24028	163.0	-	0	ID=3_13;partial=00;start_type=ATG;rbs_motif=GGAGG;rbs_spacer=5-10bp;gc_cont=0.458;conf=100.00;score=163.01;cscore=142.53;sscore=20.47;rscore=16.07;uscore=0.48;tscore=3.92;
NODE_3_length_404174_cov_108.718135	Prodigal_v2.6.3	CDS	24128	24901	114.4	-	0	ID=3_14;partial=00;start_type=ATG;rbs_motif=AGGAGG;rbs_spacer=5-10bp;gc_cont=0.523;conf=100.00;score=114.40;cscore=92.46;sscore=21.94;rscore=16.65;uscore=1.36;tscore=3.92;
NODE_3_length_404174_cov_108.718135	Prodigal_v2.6.3	CDS	25053	25868	85.4	-	0	ID=3_15;partial=00;start_type=ATG;rbs_motif=AGGA;rbs_spacer=5-10bp;gc_cont=0.506;conf=100.00;score=85.39;cscore=73.86;sscore=11.54;rscore=7.02;uscore=0.59;tscore=3.92;
NODE_3_length_404174_cov_108.718135	Prodigal_v2.6.3	CDS	25983	27347	168.6	-	0	ID=3_16;partial=00;start_type=TTG;rbs_motif=GGAG/GAGG;rbs_spacer=5-10bp;gc_cont=0.517;conf=100.00;score=168.57;cscore=165.62;sscore=2.95;rscore=10.35;uscore=-0.74;tscore=-7.50;
NODE_3_length_404174_cov_108.718135	Prodigal_v2.6.3	CDS	27388	27828	76.7	-	0	ID=3_17;partial=00;start_type=ATG;rbs_motif=AGGAGG;rbs_spacer=5-10bp;gc_cont=0.476;conf=100.00;score=76.74;cscore=57.84;sscore=18.90;rscore=16.65;uscore=-1.67;tscore=3.92;
NODE_3_length_404174_cov_108.718135	Prodigal_v2.6.3	CDS	27941	28390	66.8	-	0	ID=3_18;partial=00;start_type=ATG;rbs_motif=AGxAGG/AGGxGG;rbs_spacer=5-10bp;gc_cont=0.480;conf=100.00;score=66.77;cscore=49.22;sscore=17.55;rscore=11.15;uscore=1.26;tscore=3.92;
NODE_3_length_404174_cov_108.718135	Prodigal_v2.6.3	CDS	28396	29616	179.5	-	0	ID=3_19;partial=00;start_type=TTG;rbs_motif=GGAGG;rbs_spacer=5-10bp;gc_cont=0.505;conf=99.99;score=179.48;cscore=168.33;sscore=11.15;rscore=16.07;uscore=1.55;tscore=-7.50;
NODE_3_length_404174_cov_108.718135	Prodigal_v2.6.3	CDS	29639	30367	95.7	-	0	ID=3_20;partial=00;start_type=TTG;rbs_motif=GGAG/GAGG;rbs_spacer=5-10bp;gc_cont=0.498;conf=100.00;score=95.72;cscore=91.57;sscore=4.15;rscore=10.35;uscore=-1.15;tscore=-7.50;
NODE_3_length_404174_cov_108.718135	Prodigal_v2.6.3	CDS	30364	31287	117.3	-	0	ID=3_21;partial=00;start_type=TTG;rbs_motif=AGGAGG;rbs_spacer=5-10bp;gc_cont=0.527;conf=100.00;score=117.30;cscore=107.40;sscore=9.90;rscore=16.65;uscore=-0.13;tscore=-7.50;
NODE_3_length_404174_cov_108.718135	Prodigal_v2.6.3	CDS	31324	32310	155.8	-	0	ID=3_22;partial=00;start_type=ATG;rbs_motif=GGAG/GAGG;rbs_spacer=5-10bp;gc_cont=0.511;conf=100.00;score=155.77;cscore=140.77;sscore=15.00;rscore=10.35;uscore=-0.30;tscore=3.92;
NODE_3_length_404174_cov_108.718135	Prodigal_v2.6.3	CDS	32334	32573	53.7	-	0	ID=3_23;partial=00;start_type=ATG;rbs_motif=AGGAG;rbs_spacer=5-10bp;gc_cont=0.396;conf=100.00;score=53.66;cscore=31.36;sscore=22.30;rscore=14.51;uscore=4.07;tscore=3.72;
NODE_3_length_404174_cov_108.718135	Prodigal_v2.6.3	CDS	32677	33639	118.1	-	0	ID=3_24;partial=00;start_type=TTG;rbs_motif=AGxAGG/AGGxGG;rbs_spacer=5-10bp;gc_cont=0.507;conf=100.00;score=118.10;cscore=109.89;sscore=8.21;rscore=11.15;uscore=3.45;tscore=-7.50;
NODE_3_length_404174_cov_108.718135	Prodigal_v2.6.3	CDS	33655	34104	61.8	-	0	ID=3_25;partial=00;start_type=ATG;rbs_motif=GGAGG;rbs_spacer=5-10bp;gc_cont=0.447;conf=100.00;score=61.82;cscore=40.81;sscore=21.01;rscore=16.07;uscore=1.01;tscore=3.92;
NODE_3_length_404174_cov_108.718135	Prodigal_v2.6.3	CDS	34175	34612	65.0	-	0	ID=3_26;partial=00;start_type=ATG;rbs_motif=AGGAGG;rbs_spacer=5-10bp;gc_cont=0.436;conf=100.00;score=65.00;cscore=43.69;sscore=21.31;rscore=16.65;uscore=1.38;tscore=3.92;
NODE_3_length_404174_cov_108.718135	Prodigal_v2.6.3	CDS	35108	36091	101.2	-	0	ID=3_27;partial=00;start_type=TTG;rbs_motif=AGxAGG/AGGxGG;rbs_spacer=5-10bp;gc_cont=0.490;conf=100.00;score=101.18;cscore=97.22;sscore=3.96;rscore=11.15;uscore=0.31;tscore=-7.50;
NODE_3_length_404174_cov_108.718135	Prodigal_v2.6.3	CDS	36155	37348	149.2	-	0	ID=3_28;partial=00;start_type=TTG;rbs_motif=AGGAG;rbs_spacer=5-10bp;gc_cont=0.481;conf=100.00;score=149.21;cscore=138.97;sscore=10.25;rscore=15.31;uscore=3.09;tscore=-7.50;
NODE_3_length_404174_cov_108.718135	Prodigal_v2.6.3	CDS	37901	38200	40.1	-	0	ID=3_29;partial=00;start_type=ATG;rbs_motif=GGAG/GAGG;rbs_spacer=5-10bp;gc_cont=0.473;conf=99.99;score=40.13;cscore=26.00;sscore=14.13;rscore=10.35;uscore=-0.99;tscore=3.92;
NODE_3_length_404174_cov_108.718135	Prodigal_v2.6.3	CDS	38240	38656	58.4	-	0	ID=3_30;partial=00;start_type=ATG;rbs_motif=GGAGG;rbs_spacer=5-10bp;gc_cont=0.453;conf=100.00;score=58.40;cscore=38.04;sscore=20.36;rscore=16.07;uscore=1.02;tscore=3.92;
NODE_3_length_404174_cov_108.718135	Prodigal_v2.6.3	CDS	38944	39732	82.7	-	0	ID=3_31;partial=00;start_type=ATG;rbs_motif=AGxAGG/AGGxGG;rbs_spacer=5-10bp;gc_cont=0.510;conf=100.00;score=82.74;cscore=64.88;sscore=17.86;rscore=11.15;uscore=2.11;tscore=3.92;
NODE_3_length_404174_cov_108.718135	Prodigal_v2.6.3	CDS	39788	40795	65.8	-	0	ID=3_32;partial=00;start_type=GTG;rbs_motif=GGxGG;rbs_spacer=5-10bp;gc_cont=0.524;conf=100.00;score=65.79;cscore=68.93;sscore=-3.14;rscore=3.18;uscore=-1.95;tscore=-4.36;
NODE_3_length_404174_cov_108.718135	Prodigal_v2.6.3	CDS	40962	42059	73.4	-	0	ID=3_33;partial=00;start_type=TTG;rbs_motif=GGAGG;rbs_spacer=5-10bp;gc_cont=0.520;conf=100.00;score=73.41;cscore=62.07;sscore=11.34;rscore=16.07;uscore=3.42;tscore=-7.50;
NODE_3_length_404174_cov_108.718135	Prodigal_v2.6.3	CDS	42476	43063	76.1	-	0	ID=3_34;partial=00;start_type=ATG;rbs_motif=AGGAG;rbs_spacer=5-10bp;gc_cont=0.495;conf=100.00;score=76.13;cscore=52.77;sscore=23.36;rscore=15.31;uscore=4.12;tscore=3.92;
NODE_3_length_404174_cov_108.718135	Prodigal_v2.6.3	CDS	43165	44940	233.6	-	0	ID=3_35;partial=00;start_type=ATG;rbs_motif=GGAGG;rbs_spacer=5-10bp;gc_cont=0.491;conf=99.99;score=233.61;cscore=213.15;sscore=20.46;rscore=16.07;uscore=0.47;tscore=3.92;
NODE_3_length_404174_cov_108.718135	Prodigal_v2.6.3	CDS	45110	45577	58.6	-	0	ID=3_36;partial=00;start_type=GTG;rbs_motif=GGAG/GAGG;rbs_spacer=5-10bp;gc_cont=0.474;conf=100.00;score=58.64;cscore=51.17;sscore=7.47;rscore=10.35;uscore=2.14;tscore=-4.36;
NODE_3_length_404174_cov_108.718135	Prodigal_v2.6.3	CDS	45827	46516	91.1	-	0	ID=3_37;partial=00;start_type=ATG;rbs_motif=AGGA/GGAG/GAGG;rbs_spacer=11-12bp;gc_cont=0.475;conf=100.00;score=91.06;cscore=81.22;sscore=9.84;rscore=5.64;uscore=0.92;tscore=3.92;
NODE_3_length_404174_cov_108.718135	Prodigal_v2.6.3	CDS	46750	46956	21.9	+	0	ID=3_38;partial=00;start_type=GTG;rbs_motif=GGAGG;rbs_spacer=5-10bp;gc_cont=0.449;conf=99.35;score=21.90;cscore=11.83;sscore=10.08;rscore=13.11;uscore=2.31;tscore=-5.35;
NODE_3_length_404174_cov_108.718135	Prodigal_v2.6.3	CDS	47049	48128	105.6	+	0	ID=3_39;partial=00;start_type=ATG;rbs_motif=GGAGG;rbs_spacer=5-10bp;gc_cont=0.481;conf=100.00;score=105.59;cscore=84.88;sscore=20.72;rscore=16.07;uscore=0.72;tscore=3.92;
NODE_3_length_404174_cov_108.718135	Prodigal_v2.6.3	CDS	48235	49329	144.7	-	0	ID=3_40;partial=00;start_type=ATG;rbs_motif=AGGAG;rbs_spacer=5-10bp;gc_cont=0.479;conf=100.00;score=144.66;cscore=126.78;sscore=17.88;rscore=15.31;uscore=-2.61;tscore=3.92;
NODE_3_length_404174_cov_108.718135	Prodigal_v2.6.3	CDS	49322	50395	108.7	-	0	ID=3_41;partial=00;start_type=ATG;rbs_motif=GGA/GAG/AGG;rbs_spacer=5-10bp;gc_cont=0.452;conf=100.00;score=108.71;cscore=106.80;sscore=1.91;rscore=-1.95;uscore=-0.06;tscore=3.92;
NODE_3_length_404174_cov_108.718135	Prodigal_v2.6.3	CDS	50480	51181	87.3	-	0	ID=3_42;partial=00;start_type=ATG;rbs_motif=AGGAGG;rbs_spacer=5-10bp;gc_cont=0.422;conf=100.00;score=87.29;cscore=71.32;sscore=15.97;rscore=16.65;uscore=-3.96;tscore=3.92;
NODE_3_length_404174_cov_108.718135	Prodigal_v2.6.3	CDS	51624	52034	47.3	+	0	ID=3_43;partial=00;start_type=TTG;rbs_motif=AGGAGG;rbs_spacer=5-10bp;gc_cont=0.387;conf=100.00;score=47.33;cscore=38.34;sscore=8.99;rscore=16.65;uscore=-0.16;tscore=-7.50;
NODE_3_length_404174_cov_108.718135	Prodigal_v2.6.3	CDS	52088	53020	113.2	-	0	ID=3_44;partial=00;start_type=ATG;rbs_motif=GGAG/GAGG;rbs_spacer=5-10bp;gc_cont=0.471;conf=100.00;score=113.21;cscore=96.93;sscore=16.28;rscore=10.35;uscore=2.66;tscore=3.92;
NODE_3_length_404174_cov_108.718135	Prodigal_v2.6.3	CDS	53232	54992	246.5	-	0	ID=3_45;partial=00;start_type=ATG;rbs_motif=GGAGG;rbs_spacer=5-10bp;gc_cont=0.508;conf=99.99;score=246.51;cscore=230.01;sscore=16.50;rscore=16.07;uscore=-2.84;tscore=3.92;
NODE_3_length_404174_cov_108.718135	Prodigal_v2.6.3	CDS	55569	56471	119.1	-	0	ID=3_46;partial=00;start_type=TTG;rbs_motif=AGGAGG;rbs_spacer=5-10bp;gc_cont=0.482;conf=100.00;score=119.12;cscore=111.25;sscore=7.87;rscore=16.65;uscore=-2.44;tscore=-7.50;
NODE_3_length_404174_cov_108.718135	Prodigal_v2.6.3	CDS	56483	57334	103.4	-	0	ID=3_47;partial=00;start_type=ATG;rbs_motif=AGGAGG;rbs_spacer=5-10bp;gc_cont=0.484;conf=100.00;score=103.36;cscore=82.43;sscore=20.93;rscore=16.65;uscore=-0.90;tscore=3.92;
NODE_3_length_404174_cov_108.718135	Prodigal_v2.6.3	CDS	57327	58550	202.0	-	0	ID=3_48;partial=00;start_type=ATG;rbs_motif=AGGAG;rbs_spacer=5-10bp;gc_cont=0.465;conf=99.99;score=201.95;cscore=179.80;sscore=22.15;rscore=15.31;uscore=3.57;tscore=3.92;
NODE_3_length_404174_cov_108.718135	Prodigal_v2.6.3	CDS	58819	59550	94.1	-	0	ID=3_49;partial=00;start_type=ATG;rbs_motif=GGAGG;rbs_spacer=5-10bp;gc_cont=0.492;conf=100.00;score=94.09;cscore=73.09;sscore=21.00;rscore=16.07;uscore=1.01;tscore=3.92;
NODE_3_length_404174_cov_108.718135	Prodigal_v2.6.3	CDS	59657	60118	54.1	-	0	ID=3_50;partial=00;start_type=TTG;rbs_motif=AGxAGG/AGGxGG;rbs_spacer=5-10bp;gc_cont=0.498;conf=100.00;score=54.12;cscore=48.51;sscore=5.60;rscore=11.15;uscore=1.20;tscore=-7.50;
NODE_3_length_404174_cov_108.718135	Prodigal_v2.6.3	CDS	60167	61426	143.6	-	0	ID=3_51;partial=00;start_type=ATG;rbs_motif=AGGAG/GGAGG;rbs_spacer=11-12bp;gc_cont=0.437;conf=100.00;score=143.56;cscore=127.75;sscore=15.81;rscore=12.17;uscore=0.37;tscore=3.92;
NODE_3_length_404174_cov_108.718135	Prodigal_v2.6.3	CDS	61711	62592	113.5	-	0	ID=3_52;partial=00;start_type=ATG;rbs_motif=AGGAGG;rbs_spacer=5-10bp;gc_cont=0.515;conf=100.00;score=113.49;cscore=95.29;sscore=18.20;rscore=16.65;uscore=-2.38;tscore=3.92;
NODE_3_length_404174_cov_108.718135	Prodigal_v2.6.3	CDS	62558	64072	209.7	-	0	ID=3_53;partial=00;start_type=ATG;rbs_motif=AGGAG;rbs_spacer=5-10bp;gc_cont=0.487;conf=99.99;score=209.68;cscore=188.94;sscore=20.74;rscore=15.31;uscore=2.16;tscore=3.92;
NODE_3_length_404174_cov_108.718135	Prodigal_v2.6.3	CDS	64181	65380	178.3	+	0	ID=3_54;partial=00;start_type=ATG;rbs_motif=AGGAG;rbs_spacer=5-10bp;gc_cont=0.496;conf=100.00;score=178.29;cscore=154.95;sscore=23.34;rscore=15.31;uscore=4.11;tscore=3.92;
NODE_3_length_404174_cov_108.718135	Prodigal_v2.6.3	CDS	65377	66723	190.8	+	0	ID=3_55;partial=00;start_type=ATG;rbs_motif=AGGAGG;rbs_spacer=5-10bp;gc_cont=0.486;conf=99.99;score=190.78;cscore=168.90;sscore=21.87;rscore=16.65;uscore=-2.26;tscore=3.92;
NODE_3_length_404174_cov_108.718135	Prodigal_v2.6.3	CDS	66843	68360	246.5	-	0	ID=3_56;partial=00;start_type=ATG;rbs_motif=AGGAGG;rbs_spacer=5-10bp;gc_cont=0.491;conf=99.99;score=246.49;cscore=225.99;sscore=20.50;rscore=16.65;uscore=-0.92;tscore=3.92;
NODE_3_length_404174_cov_108.718135	Prodigal_v2.6.3	CDS	68400	68780	47.5	-	0	ID=3_57;partial=00;start_type=ATG;rbs_motif=GGAG/GAGG;rbs_spacer=5-10bp;gc_cont=0.486;conf=100.00;score=47.47;cscore=29.15;sscore=18.32;rscore=10.35;uscore=4.70;tscore=3.92;
NODE_3_length_404174_cov_108.718135	Prodigal_v2.6.3	CDS	69069	70112	143.7	-	0	ID=3_58;partial=00;start_type=ATG;rbs_motif=GGAGG;rbs_spacer=5-10bp;gc_cont=0.502;conf=100.00;score=143.73;cscore=123.81;sscore=19.92;rscore=16.07;uscore=-1.17;tscore=3.92;
NODE_3_length_404174_cov_108.718135	Prodigal_v2.6.3	CDS	70129	71121	162.3	-	0	ID=3_59;partial=00;start_type=ATG;rbs_motif=GGAGG;rbs_spacer=5-10bp;gc_cont=0.477;conf=100.00;score=162.29;cscore=141.18;sscore=21.11;rscore=16.07;uscore=0.31;tscore=3.92;
NODE_3_length_404174_cov_108.718135	Prodigal_v2.6.3	CDS	71165	72328	170.7	-	0	ID=3_60;partial=00;start_type=ATG;rbs_motif=GGAGG;rbs_spacer=5-10bp;gc_cont=0.490;conf=100.00;score=170.71;cscore=147.47;sscore=23.25;rscore=16.07;uscore=3.90;tscore=3.92;
NODE_3_length_404174_cov_108.718135	Prodigal_v2.6.3	CDS	72783	73103	48.5	-	0	ID=3_61;partial=00;start_type=ATG;rbs_motif=AGGAG;rbs_spacer=5-10bp;gc_cont=0.402;conf=100.00;score=48.50;cscore=29.89;sscore=18.60;rscore=15.31;uscore=0.03;tscore=3.92;
NODE_3_length_404174_cov_108.718135	Prodigal_v2.6.3	CDS	73434	74138	102.4	+	0	ID=3_62;partial=00;start_type=ATG;rbs_motif=AGGAG;rbs_spacer=5-10bp;gc_cont=0.481;conf=100.00;score=102.41;cscore=78.56;sscore=23.85;rscore=15.31;uscore=4.61;tscore=3.92;
NODE_3_length_404174_cov_108.718135	Prodigal_v2.6.3	CDS	74291	74671	33.1	-	0	ID=3_63;partial=00;start_type=ATG;rbs_motif=AGGA;rbs_spacer=5-10bp;gc_cont=0.483;conf=99.95;score=33.06;cscore=20.21;sscore=12.85;rscore=7.02;uscore=1.90;tscore=3.92;
NODE_3_length_404174_cov_108.718135	Prodigal_v2.6.3	CDS	74774	76678	233.4	-	0	ID=3_64;partial=00;start_type=ATG;rbs_motif=GGA/GAG/AGG;rbs_spacer=5-10bp;gc_cont=0.445;conf=99.99;score=233.41;cscore=231.48;sscore=1.93;rscore=-1.95;uscore=0.61;tscore=3.92;
NODE_3_length_404174_cov_108.718135	Prodigal_v2.6.3	CDS	77659	78729	105.9	-	0	ID=3_65;partial=00;start_type=ATG;rbs_motif=GGAGG;rbs_spacer=5-10bp;gc_cont=0.489;conf=100.00;score=105.94;cscore=83.38;sscore=22.56;rscore=16.07;uscore=1.57;tscore=3.92;
NODE_3_length_404174_cov_108.718135	Prodigal_v2.6.3	CDS	78755	79669	94.8	-	0	ID=3_66;partial=00;start_type=ATG;rbs_motif=GGAGG;rbs_spacer=5-10bp;gc_cont=0.472;conf=100.00;score=94.84;cscore=73.49;sscore=21.35;rscore=16.07;uscore=2.01;tscore=3.92;
NODE_3_length_404174_cov_108.718135	Prodigal_v2.6.3	CDS	79745	80713	110.7	+	0	ID=3_67;partial=00;start_type=ATG;rbs_motif=GGA/GAG/AGG;rbs_spacer=5-10bp;gc_cont=0.506;conf=100.00;score=110.68;cscore=106.40;sscore=4.28;rscore=-1.95;uscore=2.31;tscore=3.92;
NODE_3_length_404174_cov_108.718135	Prodigal_v2.6.3	CDS	81004	82209	138.4	+	0	ID=3_68;partial=00;start_type=ATG;rbs_motif=GGA/GAG/AGG;rbs_spacer=5-10bp;gc_cont=0.495;conf=100.00;score=138.41;cscore=133.60;sscore=4.81;rscore=-1.95;uscore=3.49;tscore=3.92;
NODE_3_length_404174_cov_108.718135	Prodigal_v2.6.3	CDS	82800	83687	117.7	+	0	ID=3_69;partial=00;start_type=ATG;rbs_motif=AGGAG;rbs_spacer=5-10bp;gc_cont=0.464;conf=100.00;score=117.74;cscore=95.82;sscore=21.91;rscore=15.31;uscore=3.33;tscore=3.92;
NODE_3_length_404174_cov_108.718135	Prodigal_v2.6.3	CDS	83690	84961	143.3	+	0	ID=3_70;partial=00;start_type=ATG;rbs_motif=GGAG/GAGG;rbs_spacer=5-10bp;gc_cont=0.489;conf=100.00;score=143.28;cscore=124.85;sscore=18.43;rscore=10.35;uscore=2.90;tscore=3.92;
NODE_3_length_404174_cov_108.718135	Prodigal_v2.6.3	CDS	84975	85370	61.4	+	0	ID=3_71;partial=00;start_type=ATG;rbs_motif=GGAG/GAGG;rbs_spacer=5-10bp;gc_cont=0.455;conf=100.00;score=61.36;cscore=45.91;sscore=15.45;rscore=10.35;uscore=0.05;tscore=3.92;
NODE_3_length_404174_cov_108.718135	Prodigal_v2.6.3	CDS	85360	86226	120.3	+	0	ID=3_72;partial=00;start_type=ATG;rbs_motif=AGGAG/GGAGG;rbs_spacer=11-12bp;gc_cont=0.468;conf=100.00;score=120.29;cscore=102.94;sscore=17.35;rscore=12.17;uscore=0.04;tscore=3.92;
NODE_3_length_404174_cov_108.718135	Prodigal_v2.6.3	CDS	86219	86863	78.5	+	0	ID=3_73;partial=00;start_type=ATG;rbs_motif=AGGAGG;rbs_spacer=5-10bp;gc_cont=0.481;conf=100.00;score=78.47;cscore=54.31;sscore=24.16;rscore=16.65;uscore=2.33;tscore=3.92;
NODE_3_length_404174_cov_108.718135	Prodigal_v2.6.3	CDS	86971	87756	115.7	-	0	ID=3_74;partial=00;start_type=ATG;rbs_motif=GGAG/GAGG;rbs_spacer=5-10bp;gc_cont=0.477;conf=100.00;score=115.74;cscore=103.14;sscore=12.60;rscore=10.35;uscore=-1.02;tscore=3.92;
NODE_3_length_404174_cov_108.718135	Prodigal_v2.6.3	CDS	88386	89507	143.0	+	0	ID=3_75;partial=00;start_type=GTG;rbs_motif=AGGA;rbs_spacer=5-10bp;gc_cont=0.504;conf=100.00;score=142.98;cscore=139.40;sscore=3.58;rscore=7.02;uscore=0.92;tscore=-4.36;
NODE_3_length_404174_cov_108.718135	Prodigal_v2.6.3	CDS	89520	90539	151.6	+	0	ID=3_76;partial=00;start_type=ATG;rbs_motif=AGGAGG;rbs_spacer=5-10bp;gc_cont=0.493;conf=100.00;score=151.56;cscore=130.65;sscore=20.91;rscore=16.65;uscore=-0.81;tscore=3.92;
NODE_3_length_404174_cov_108.718135	Prodigal_v2.6.3	CDS	90655	92580	243.6	+	0	ID=3_77;partial=00;start_type=ATG;rbs_motif=AGxAGG/AGGxGG;rbs_spacer=5-10bp;gc_cont=0.498;conf=99.99;score=243.58;cscore=228.44;sscore=15.14;rscore=11.15;uscore=0.07;tscore=3.92;
NODE_3_length_404174_cov_108.718135	Prodigal_v2.6.3	CDS	92594	92950	40.8	+	0	ID=3_78;partial=00;start_type=ATG;rbs_motif=GGAG/GAGG;rbs_spacer=5-10bp;gc_cont=0.426;conf=99.99;score=40.77;cscore=23.36;sscore=17.40;rscore=10.35;uscore=1.99;tscore=3.92;
NODE_3_length_404174_cov_108.718135	Prodigal_v2.6.3	CDS	93087	94514	180.2	+	0	ID=3_79;partial=00;start_type=ATG;rbs_motif=GGAGG;rbs_spacer=5-10bp;gc_cont=0.473;conf=99.99;score=180.18;cscore=161.58;sscore=18.60;rscore=16.07;uscore=-1.39;tscore=3.92;
NODE_3_length_404174_cov_108.718135	Prodigal_v2.6.3	CDS	94616	95947	167.9	-	0	ID=3_80;partial=00;start_type=ATG;rbs_motif=AGGAGG;rbs_spacer=5-10bp;gc_cont=0.492;conf=100.00;score=167.90;cscore=149.12;sscore=18.79;rscore=16.65;uscore=-1.14;tscore=3.92;
NODE_3_length_404174_cov_108.718135	Prodigal_v2.6.3	CDS	96153	97571	156.9	-	0	ID=3_81;partial=00;start_type=ATG;rbs_motif=AGGA;rbs_spacer=5-10bp;gc_cont=0.479;conf=100.00;score=156.92;cscore=148.79;sscore=8.13;rscore=7.02;uscore=-2.17;tscore=3.92;
NODE_3_length_404174_cov_108.718135	Prodigal_v2.6.3	CDS	97985	98551	83.0	-	0	ID=3_82;partial=00;start_type=ATG;rbs_motif=GGAGG;rbs_spacer=5-10bp;gc_cont=0.497;conf=100.00;score=83.01;cscore=60.74;sscore=22.27;rscore=16.07;uscore=2.28;tscore=3.92;
NODE_3_length_404174_cov_108.718135	Prodigal_v2.6.3	CDS	98678	100126	169.9	-	0	ID=3_83;partial=00;start_type=ATG;rbs_motif=AGGAG;rbs_spacer=5-10bp;gc_cont=0.445;conf=100.00;score=169.94;cscore=153.69;sscore=16.24;rscore=15.31;uscore=-2.99;tscore=3.92;
NODE_3_length_404174_cov_108.718135	Prodigal_v2.6.3	CDS	100297	102135	224.9	-	0	ID=3_84;partial=00;start_type=ATG;rbs_motif=AGxAGG/AGGxGG;rbs_spacer=5-10bp;gc_cont=0.487;conf=99.99;score=224.90;cscore=210.52;sscore=14.39;rscore=11.15;uscore=-0.03;tscore=3.92;
NODE_3_length_404174_cov_108.718135	Prodigal_v2.6.3	CDS	102587	103444	120.7	-	0	ID=3_85;partial=00;start_type=ATG;rbs_motif=GGAGG;rbs_spacer=5-10bp;gc_cont=0.455;conf=100.00;score=120.70;cscore=100.37;sscore=20.33;rscore=16.07;uscore=0.34;tscore=3.92;
NODE_3_length_404174_cov_108.718135	Prodigal_v2.6.3	CDS	103582	105213	198.0	-	0	ID=3_86;partial=00;start_type=ATG;rbs_motif=AGxAGG/AGGxGG;rbs_spacer=5-10bp;gc_cont=0.494;conf=99.99;score=198.03;cscore=178.26;sscore=19.78;rscore=11.15;uscore=3.41;tscore=3.92;
NODE_3_length_404174_cov_108.718135	Prodigal_v2.6.3	CDS	105210	106901	187.1	-	0	ID=3_87;partial=00;start_type=TTG;rbs_motif=GGAG/GAGG;rbs_spacer=5-10bp;gc_cont=0.478;conf=99.99;score=187.06;cscore=184.21;sscore=2.85;rscore=10.35;uscore=0.65;tscore=-7.50;
NODE_3_length_404174_cov_108.718135	Prodigal_v2.6.3	CDS	107098	107523	35.0	-	0	ID=3_88;partial=00;start_type=GTG;rbs_motif=AGxAGG/AGGxGG;rbs_spacer=5-10bp;gc_cont=0.460;conf=99.97;score=35.03;cscore=30.82;sscore=4.21;rscore=11.15;uscore=-2.58;tscore=-4.36;
NODE_3_length_404174_cov_108.718135	Prodigal_v2.6.3	CDS	107674	108774	151.6	-	0	ID=3_89;partial=00;start_type=ATG;rbs_motif=AGGAGG;rbs_spacer=5-10bp;gc_cont=0.470;conf=100.00;score=151.57;cscore=129.70;sscore=21.87;rscore=16.65;uscore=1.94;tscore=3.92;
NODE_3_length_404174_cov_108.718135	Prodigal_v2.6.3	CDS	109156	109950	83.1	-	0	ID=3_90;partial=00;start_type=TTG;rbs_motif=AGGAGG;rbs_spacer=5-10bp;gc_cont=0.469;conf=100.00;score=83.12;cscore=72.12;sscore=11.00;rscore=16.65;uscore=0.58;tscore=-7.50;
NODE_3_length_404174_cov_108.718135	Prodigal_v2.6.3	CDS	109951	111141	113.4	-	0	ID=3_91;partial=00;start_type=TTG;rbs_motif=GGA/GAG/AGG;rbs_spacer=11-12bp;gc_cont=0.423;conf=100.00;score=113.45;cscore=122.57;sscore=-9.12;rscore=-4.11;uscore=3.14;tscore=-7.50;
NODE_3_length_404174_cov_108.718135	Prodigal_v2.6.3	CDS	111347	111715	60.5	+	0	ID=3_92;partial=00;start_type=ATG;rbs_motif=GGAGG;rbs_spacer=5-10bp;gc_cont=0.444;conf=100.00;score=60.54;cscore=39.85;sscore=20.69;rscore=16.07;uscore=0.69;tscore=3.92;
NODE_3_length_404174_cov_108.718135	Prodigal_v2.6.3	CDS	111784	112107	37.7	+	0	ID=3_93;partial=00;start_type=ATG;rbs_motif=AGGAG;rbs_spacer=5-10bp;gc_cont=0.444;conf=99.98;score=37.75;cscore=17.24;sscore=20.50;rscore=15.31;uscore=1.27;tscore=3.92;
NODE_3_length_404174_cov_108.718135	Prodigal_v2.6.3	CDS	112179	113906	202.9	-	0	ID=3_94;partial=00;start_type=ATG;rbs_motif=GGAG/GAGG;rbs_spacer=5-10bp;gc_cont=0.479;conf=99.99;score=202.85;cscore=189.21;sscore=13.65;rscore=10.35;uscore=-0.63;tscore=3.92;
NODE_3_length_404174_cov_108.718135	Prodigal_v2.6.3	CDS	113887	115629	228.7	-	0	ID=3_95;partial=00;start_type=ATG;rbs_motif=AGGAG;rbs_spacer=5-10bp;gc_cont=0.477;conf=99.99;score=228.75;cscore=206.84;sscore=21.91;rscore=15.31;uscore=1.39;tscore=3.92;
NODE_3_length_404174_cov_108.718135	Prodigal_v2.6.3	CDS	115626	116639	128.4	-	0	ID=3_96;partial=00;start_type=ATG;rbs_motif=AGGAGG;rbs_spacer=5-10bp;gc_cont=0.471;conf=100.00;score=128.38;cscore=105.98;sscore=22.40;rscore=16.65;uscore=0.52;tscore=3.92;
NODE_3_length_404174_cov_108.718135	Prodigal_v2.6.3	CDS	116636	118060	170.9	-	0	ID=3_97;partial=00;start_type=ATG;rbs_motif=GGAGG;rbs_spacer=5-10bp;gc_cont=0.458;conf=100.00;score=170.91;cscore=146.62;sscore=24.29;rscore=16.07;uscore=3.59;tscore=3.92;
NODE_3_length_404174_cov_108.718135	Prodigal_v2.6.3	CDS	118113	118256	1.4	-	0	ID=3_98;partial=00;start_type=ATG;rbs_motif=GGA/GAG/AGG;rbs_spacer=5-10bp;gc_cont=0.306;conf=58.15;score=1.43;cscore=1.82;sscore=-0.39;rscore=-3.47;uscore=0.05;tscore=2.21;
NODE_3_length_404174_cov_108.718135	Prodigal_v2.6.3	CDS	118299	119603	182.5	-	0	ID=3_99;partial=00;start_type=ATG;rbs_motif=GGA/GAG/AGG;rbs_spacer=5-10bp;gc_cont=0.491;conf=99.99;score=182.52;cscore=179.46;sscore=3.06;rscore=-1.95;uscore=1.74;tscore=3.92;
NODE_3_length_404174_cov_108.718135	Prodigal_v2.6.3	CDS	120186	121205	109.3	+	0	ID=3_100;partial=00;start_type=ATG;rbs_motif=AGGAGG;rbs_spacer=5-10bp;gc_cont=0.482;conf=100.00;score=109.33;cscore=90.72;sscore=18.61;rscore=16.65;uscore=-1.97;tscore=3.92;
NODE_3_length_404174_cov_108.718135	Prodigal_v2.6.3	CDS	121424	121666	31.3	+	0	ID=3_101;partial=00;start_type=ATG;rbs_motif=AGxAGG/AGGxGG;rbs_spacer=5-10bp;gc_cont=0.457;conf=99.93;score=31.30;cscore=13.78;sscore=17.52;rscore=10.70;uscore=3.70;tscore=3.77;
NODE_3_length_404174_cov_108.718135	Prodigal_v2.6.3	CDS	121667	122155	75.5	-	0	ID=3_102;partial=00;start_type=ATG;rbs_motif=GGAGG;rbs_spacer=5-10bp;gc_cont=0.452;conf=100.00;score=75.48;cscore=52.88;sscore=22.60;rscore=16.07;uscore=3.26;tscore=3.92;
NODE_3_length_404174_cov_108.718135	Prodigal_v2.6.3	CDS	122278	122451	16.5	+	0	ID=3_103;partial=00;start_type=ATG;rbs_motif=GGAG/GAGG;rbs_spacer=5-10bp;gc_cont=0.460;conf=97.81;score=16.53;cscore=5.68;sscore=10.85;rscore=7.08;uscore=1.09;tscore=2.68;
NODE_3_length_404174_cov_108.718135	Prodigal_v2.6.3	CDS	122555	123475	87.0	-	0	ID=3_104;partial=00;start_type=GTG;rbs_motif=GGAG/GAGG;rbs_spacer=5-10bp;gc_cont=0.477;conf=100.00;score=87.03;cscore=81.27;sscore=5.76;rscore=10.35;uscore=-1.18;tscore=-4.36;
NODE_3_length_404174_cov_108.718135	Prodigal_v2.6.3	CDS	123506	124120	87.3	-	0	ID=3_105;partial=00;start_type=ATG;rbs_motif=GGAGG;rbs_spacer=5-10bp;gc_cont=0.447;conf=100.00;score=87.25;cscore=67.27;sscore=19.98;rscore=16.07;uscore=0.64;tscore=3.92;
NODE_3_length_404174_cov_108.718135	Prodigal_v2.6.3	CDS	124405	124851	63.7	-	0	ID=3_106;partial=00;start_type=ATG;rbs_motif=AGGA;rbs_spacer=5-10bp;gc_cont=0.461;conf=100.00;score=63.67;cscore=52.30;sscore=11.38;rscore=7.02;uscore=1.08;tscore=3.92;
NODE_3_length_404174_cov_108.718135	Prodigal_v2.6.3	CDS	125161	125550	42.7	+	0	ID=3_107;partial=00;start_type=ATG;rbs_motif=GGxGG;rbs_spacer=3-4bp;gc_cont=0.472;conf=99.99;score=42.74;cscore=36.36;sscore=6.38;rscore=-1.23;uscore=3.68;tscore=3.92;
NODE_3_length_404174_cov_108.718135	Prodigal_v2.6.3	CDS	125778	126566	96.9	+	0	ID=3_108;partial=00;start_type=TTG;rbs_motif=GGAGG;rbs_spacer=5-10bp;gc_cont=0.479;conf=100.00;score=96.91;cscore=88.18;sscore=8.73;rscore=16.07;uscore=0.81;tscore=-7.50;
NODE_3_length_404174_cov_108.718135	Prodigal_v2.6.3	CDS	126852	127994	112.3	+	0	ID=3_109;partial=00;start_type=ATG;rbs_motif=GGAG/GAGG;rbs_spacer=5-10bp;gc_cont=0.478;conf=100.00;score=112.32;cscore=100.25;sscore=12.07;rscore=10.35;uscore=-1.56;tscore=3.92;
NODE_3_length_404174_cov_108.718135	Prodigal_v2.6.3	CDS	128034	128399	41.1	+	0	ID=3_110;partial=00;start_type=TTG;rbs_motif=GGAG/GAGG;rbs_spacer=5-10bp;gc_cont=0.418;conf=99.99;score=41.14;cscore=34.25;sscore=6.88;rscore=10.35;uscore=3.18;tscore=-7.50;
NODE_3_length_404174_cov_108.718135	Prodigal_v2.6.3	CDS	128481	129017	56.9	-	0	ID=3_111;partial=00;start_type=ATG;rbs_motif=GGA/GAG/AGG;rbs_spacer=11-12bp;gc_cont=0.482;conf=100.00;score=56.89;cscore=53.41;sscore=3.48;rscore=-4.11;uscore=3.67;tscore=3.92;
NODE_3_length_404174_cov_108.718135	Prodigal_v2.6.3	CDS	129156	129560	58.6	-	0	ID=3_112;partial=00;start_type=GTG;rbs_motif=AGGAG;rbs_spacer=5-10bp;gc_cont=0.402;conf=100.00;score=58.64;cscore=49.66;sscore=8.97;rscore=15.31;uscore=-1.32;tscore=-4.36;
NODE_3_length_404174_cov_108.718135	Prodigal_v2.6.3	CDS	130066	130248	19.2	-	0	ID=3_113;partial=00;start_type=ATG;rbs_motif=AGGAG;rbs_spacer=5-10bp;gc_cont=0.443;conf=98.81;score=19.23;cscore=4.43;sscore=14.80;rscore=11.02;uscore=-0.20;tscore=2.83;
NODE_3_length_404174_cov_108.718135	Prodigal_v2.6.3	CDS	130260	131300	140.8	-	0	ID=3_114;partial=00;start_type=ATG;rbs_motif=AGGAGG;rbs_spacer=5-10bp;gc_cont=0.492;conf=100.00;score=140.80;cscore=122.80;sscore=18.00;rscore=16.65;uscore=-2.58;tscore=3.92;
NODE_3_length_404174_cov_108.718135	Prodigal_v2.6.3	CDS	131459	132112	77.6	-	0	ID=3_115;partial=00;start_type=TTG;rbs_motif=GGAGG;rbs_spacer=5-10bp;gc_cont=0.457;conf=100.00;score=77.58;cscore=70.06;sscore=7.51;rscore=16.07;uscore=-0.40;tscore=-7.50;
NODE_3_length_404174_cov_108.718135	Prodigal_v2.6.3	CDS	132963	133523	41.7	+	0	ID=3_116;partial=00;start_type=ATG;rbs_motif=GGA/GAG/AGG;rbs_spacer=5-10bp;gc_cont=0.501;conf=99.99;score=41.65;cscore=38.39;sscore=3.26;rscore=-1.95;uscore=1.29;tscore=3.92;
NODE_3_length_404174_cov_108.718135	Prodigal_v2.6.3	CDS	133621	134664	138.4	-	0	ID=3_117;partial=00;start_type=ATG;rbs_motif=AGGAGG;rbs_spacer=5-10bp;gc_cont=0.505;conf=100.00;score=138.42;cscore=117.18;sscore=21.24;rscore=16.65;uscore=1.31;tscore=3.92;
NODE_3_length_404174_cov_108.718135	Prodigal_v2.6.3	CDS	134875	135495	90.0	-	0	ID=3_118;partial=00;start_type=ATG;rbs_motif=AGGAG;rbs_spacer=5-10bp;gc_cont=0.514;conf=100.00;score=90.03;cscore=70.40;sscore=19.64;rscore=15.31;uscore=-0.59;tscore=3.92;
NODE_3_length_404174_cov_108.718135	Prodigal_v2.6.3	CDS	135521	136264	107.8	-	0	ID=3_119;partial=00;start_type=ATG;rbs_motif=AGxAGG/AGGxGG;rbs_spacer=5-10bp;gc_cont=0.487;conf=100.00;score=107.81;cscore=91.32;sscore=16.49;rscore=11.15;uscore=2.06;tscore=3.92;
NODE_3_length_404174_cov_108.718135	Prodigal_v2.6.3	CDS	136400	137791	212.1	+	0	ID=3_120;partial=00;start_type=ATG;rbs_motif=GGAG/GAGG;rbs_spacer=5-10bp;gc_cont=0.432;conf=99.99;score=212.07;cscore=193.71;sscore=18.36;rscore=10.35;uscore=4.09;tscore=3.92;
NODE_3_length_404174_cov_108.718135	Prodigal_v2.6.3	CDS	138000	139454	141.2	+	0	ID=3_121;partial=00;start_type=TTG;rbs_motif=AGGA;rbs_spacer=5-10bp;gc_cont=0.489;conf=100.00;score=141.17;cscore=138.78;sscore=2.39;rscore=7.02;uscore=3.52;tscore=-7.50;
NODE_3_length_404174_cov_108.718135	Prodigal_v2.6.3	CDS	139451	139945	63.4	+	0	ID=3_122;partial=00;start_type=ATG;rbs_motif=GGAGG;rbs_spacer=5-10bp;gc_cont=0.475;conf=100.00;score=63.41;cscore=39.15;sscore=24.27;rscore=16.07;uscore=2.98;tscore=3.92;
NODE_3_length_404174_cov_108.718135	Prodigal_v2.6.3	CDS	140387	140944	63.1	-	0	ID=3_123;partial=00;start_type=ATG;rbs_motif=GGA/GAG/AGG;rbs_spacer=5-10bp;gc_cont=0.522;conf=100.00;score=63.06;cscore=57.84;sscore=5.22;rscore=-1.95;uscore=-0.05;tscore=3.92;
NODE_3_length_404174_cov_108.718135	Prodigal_v2.6.3	CDS	140941	142896	230.7	-	0	ID=3_124;partial=00;start_type=ATG;rbs_motif=AGxAG;rbs_spacer=5-10bp;gc_cont=0.493;conf=99.99;score=230.73;cscore=223.76;sscore=6.97;rscore=-2.05;uscore=3.87;tscore=3.92;
NODE_3_length_404174_cov_108.718135	Prodigal_v2.6.3	CDS	142901	145483	333.3	-	0	ID=3_125;partial=00;start_type=GTG;rbs_motif=AGGA;rbs_spacer=5-10bp;gc_cont=0.475;conf=99.99;score=333.30;cscore=328.46;sscore=4.84;rscore=7.02;uscore=2.83;tscore=-4.36;
NODE_3_length_404174_cov_108.718135	Prodigal_v2.6.3	CDS	145741	147570	218.6	-	0	ID=3_126;partial=00;start_type=ATG;rbs_motif=AGGAG;rbs_spacer=5-10bp;gc_cont=0.468;conf=99.99;score=218.59;cscore=199.36;sscore=19.23;rscore=15.31;uscore=0.65;tscore=3.92;
NODE_3_length_404174_cov_108.718135	Prodigal_v2.6.3	CDS	147800	148144	36.3	-	0	ID=3_127;partial=00;start_type=ATG;rbs_motif=GGA/GAG/AGG;rbs_spacer=5-10bp;gc_cont=0.406;conf=99.98;score=36.26;cscore=34.39;sscore=1.87;rscore=-1.95;uscore=0.56;tscore=3.92;
NODE_3_length_404174_cov_108.718135	Prodigal_v2.6.3	CDS	148638	150272	282.9	-	0	ID=3_128;partial=00;start_type=ATG;rbs_motif=AGGA/GGAG/GAGG;rbs_spacer=11-12bp;gc_cont=0.475;conf=99.99;score=282.93;cscore=269.96;sscore=12.97;rscore=5.64;uscore=2.52;tscore=3.92;
NODE_3_length_404174_cov_108.718135	Prodigal_v2.6.3	CDS	150309	150590	47.7	-	0	ID=3_129;partial=00;start_type=TTG;rbs_motif=GGAGG;rbs_spacer=5-10bp;gc_cont=0.461;conf=100.00;score=47.66;cscore=35.94;sscore=11.72;rscore=16.07;uscore=3.80;tscore=-7.50;
NODE_3_length_404174_cov_108.718135	Prodigal_v2.6.3	CDS	150742	151386	73.9	+	0	ID=3_130;partial=00;start_type=ATG;rbs_motif=AGGAG;rbs_spacer=5-10bp;gc_cont=0.482;conf=100.00;score=73.85;cscore=53.53;sscore=20.33;rscore=15.31;uscore=1.09;tscore=3.92;
NODE_3_length_404174_cov_108.718135	Prodigal_v2.6.3	CDS	151467	152525	137.5	+	0	ID=3_131;partial=00;start_type=ATG;rbs_motif=AGGAG;rbs_spacer=5-10bp;gc_cont=0.463;conf=100.00;score=137.53;cscore=114.59;sscore=22.94;rscore=15.31;uscore=3.71;tscore=3.92;
NODE_3_length_404174_cov_108.718135	Prodigal_v2.6.3	CDS	152587	153615	92.6	-	0	ID=3_132;partial=00;start_type=ATG;rbs_motif=GGAGG;rbs_spacer=5-10bp;gc_cont=0.429;conf=100.00;score=92.58;cscore=70.65;sscore=21.93;rscore=16.07;uscore=0.67;tscore=3.92;
NODE_3_length_404174_cov_108.718135	Prodigal_v2.6.3	CDS	153616	154503	120.7	-	0	ID=3_133;partial=00;start_type=ATG;rbs_motif=AGGAGG;rbs_spacer=5-10bp;gc_cont=0.484;conf=100.00;score=120.69;cscore=98.82;sscore=21.87;rscore=16.65;uscore=-0.53;tscore=3.92;
NODE_3_length_404174_cov_108.718135	Prodigal_v2.6.3	CDS	154500	154865	57.9	-	0	ID=3_134;partial=00;start_type=ATG;rbs_motif=AGxAGG/AGGxGG;rbs_spacer=5-10bp;gc_cont=0.503;conf=100.00;score=57.85;cscore=39.02;sscore=18.83;rscore=11.15;uscore=3.76;tscore=3.92;
NODE_3_length_404174_cov_108.718135	Prodigal_v2.6.3	CDS	155007	155660	97.5	-	0	ID=3_135;partial=00;start_type=ATG;rbs_motif=AGGAGG;rbs_spacer=5-10bp;gc_cont=0.442;conf=100.00;score=97.46;cscore=76.75;sscore=20.71;rscore=16.65;uscore=0.78;tscore=3.92;
NODE_3_length_404174_cov_108.718135	Prodigal_v2.6.3	CDS	155878	157830	264.8	+	0	ID=3_136;partial=00;start_type=GTG;rbs_motif=AGxAGG/AGGxGG;rbs_spacer=5-10bp;gc_cont=0.456;conf=99.99;score=264.82;cscore=255.90;sscore=8.93;rscore=11.15;uscore=2.14;tscore=-4.36;
NODE_3_length_404174_cov_108.718135	Prodigal_v2.6.3	CDS	158104	158439	47.6	-	0	ID=3_137;partial=00;start_type=ATG;rbs_motif=AGGA;rbs_spacer=5-10bp;gc_cont=0.473;conf=100.00;score=47.57;cscore=34.60;sscore=12.98;rscore=7.02;uscore=2.03;tscore=3.92;
NODE_3_length_404174_cov_108.718135	Prodigal_v2.6.3	CDS	158535	159560	137.2	-	0	ID=3_138;partial=00;start_type=GTG;rbs_motif=AGGAG;rbs_spacer=5-10bp;gc_cont=0.485;conf=100.00;score=137.20;cscore=126.89;sscore=10.32;rscore=15.31;uscore=-1.54;tscore=-4.36;
NODE_3_length_404174_cov_108.718135	Prodigal_v2.6.3	CDS	159594	160133	68.1	-	0	ID=3_139;partial=00;start_type=ATG;rbs_motif=GGAG/GAGG;rbs_spacer=5-10bp;gc_cont=0.448;conf=100.00;score=68.13;cscore=58.34;sscore=9.79;rscore=10.35;uscore=-4.48;tscore=3.92;
NODE_3_length_404174_cov_108.718135	Prodigal_v2.6.3	CDS	160111	160833	101.5	-	0	ID=3_140;partial=00;start_type=ATG;rbs_motif=GGAGG;rbs_spacer=5-10bp;gc_cont=0.484;conf=100.00;score=101.46;cscore=79.38;sscore=22.08;rscore=16.07;uscore=2.74;tscore=3.92;
NODE_3_length_404174_cov_108.718135	Prodigal_v2.6.3	CDS	161569	162174	75.7	-	0	ID=3_141;partial=00;start_type=ATG;rbs_motif=AGxAGG/AGGxGG;rbs_spacer=5-10bp;gc_cont=0.483;conf=100.00;score=75.73;cscore=56.51;sscore=19.22;rscore=11.15;uscore=4.79;tscore=3.92;
NODE_3_length_404174_cov_108.718135	Prodigal_v2.6.3	CDS	162405	162923	51.2	-	0	ID=3_142;partial=00;start_type=ATG;rbs_motif=AGGAG;rbs_spacer=5-10bp;gc_cont=0.491;conf=100.00;score=51.18;cscore=30.20;sscore=20.98;rscore=15.31;uscore=2.40;tscore=3.92;
NODE_3_length_404174_cov_108.718135	Prodigal_v2.6.3	CDS	163401	164375	121.0	+	0	ID=3_143;partial=00;start_type=GTG;rbs_motif=AGGA;rbs_spacer=5-10bp;gc_cont=0.507;conf=100.00;score=120.99;cscore=115.58;sscore=5.41;rscore=7.02;uscore=2.76;tscore=-4.36;
NODE_3_length_404174_cov_108.718135	Prodigal_v2.6.3	CDS	164471	165214	114.5	-	0	ID=3_144;partial=00;start_type=ATG;rbs_motif=AGGAGG;rbs_spacer=5-10bp;gc_cont=0.491;conf=100.00;score=114.50;cscore=92.49;sscore=22.01;rscore=16.65;uscore=1.43;tscore=3.92;
NODE_3_length_404174_cov_108.718135	Prodigal_v2.6.3	CDS	165309	166166	113.3	-	0	ID=3_145;partial=00;start_type=TTG;rbs_motif=GGAG/GAGG;rbs_spacer=5-10bp;gc_cont=0.479;conf=100.00;score=113.28;cscore=107.16;sscore=6.12;rscore=10.35;uscore=2.01;tscore=-7.50;
NODE_3_length_404174_cov_108.718135	Prodigal_v2.6.3	CDS	166168	166506	43.1	-	0	ID=3_146;partial=00;start_type=GTG;rbs_motif=AGxAGG/AGGxGG;rbs_spacer=5-10bp;gc_cont=0.425;conf=99.99;score=43.06;cscore=33.91;sscore=9.15;rscore=11.15;uscore=1.14;tscore=-4.36;
NODE_3_length_404174_cov_108.718135	Prodigal_v2.6.3	CDS	166511	167488	102.8	-	0	ID=3_147;partial=00;start_type=ATG;rbs_motif=None;rbs_spacer=None;gc_cont=0.492;conf=100.00;score=102.76;cscore=97.55;sscore=5.21;rscore=-15.61;uscore=-4.13;tscore=3.92;
NODE_3_length_404174_cov_108.718135	Prodigal_v2.6.3	CDS	167488	167817	53.8	-	0	ID=3_148;partial=00;start_type=ATG;rbs_motif=AGGAGG;rbs_spacer=5-10bp;gc_cont=0.439;conf=100.00;score=53.77;cscore=33.59;sscore=20.17;rscore=16.65;uscore=-1.31;tscore=3.92;
NODE_3_length_404174_cov_108.718135	Prodigal_v2.6.3	CDS	167852	168496	75.6	-	0	ID=3_149;partial=00;start_type=GTG;rbs_motif=AGGAG;rbs_spacer=5-10bp;gc_cont=0.490;conf=100.00;score=75.59;cscore=64.59;sscore=11.01;rscore=15.31;uscore=0.72;tscore=-4.36;
NODE_3_length_404174_cov_108.718135	Prodigal_v2.6.3	CDS	168859	169095	1.0	+	0	ID=3_150;partial=00;start_type=ATG;rbs_motif=GGAG/GAGG;rbs_spacer=5-10bp;gc_cont=0.502;conf=55.55;score=0.97;cscore=-9.95;sscore=10.92;rscore=9.69;uscore=-1.94;tscore=3.67;
NODE_3_length_404174_cov_108.718135	Prodigal_v2.6.3	CDS	169090	169353	42.2	-	0	ID=3_151;partial=00;start_type=ATG;rbs_motif=AGGA;rbs_spacer=5-10bp;gc_cont=0.515;conf=99.99;score=42.18;cscore=29.38;sscore=12.80;rscore=7.02;uscore=0.57;tscore=3.92;
NODE_3_length_404174_cov_108.718135	Prodigal_v2.6.3	CDS	169353	169952	77.3	-	0	ID=3_152;partial=00;start_type=ATG;rbs_motif=GGAG/GAGG;rbs_spacer=5-10bp;gc_cont=0.463;conf=100.00;score=77.28;cscore=62.70;sscore=14.58;rscore=10.35;uscore=0.95;tscore=3.92;
NODE_3_length_404174_cov_108.718135	Prodigal_v2.6.3	CDS	170267	170575	61.6	-	0	ID=3_153;partial=00;start_type=ATG;rbs_motif=AGGA;rbs_spacer=5-10bp;gc_cont=0.437;conf=100.00;score=61.61;cscore=44.74;sscore=16.86;rscore=7.02;uscore=4.82;tscore=3.92;
NODE_3_length_404174_cov_108.718135	Prodigal_v2.6.3	CDS	170592	172289	230.0	-	0	ID=3_154;partial=00;start_type=GTG;rbs_motif=AGGAGG;rbs_spacer=5-10bp;gc_cont=0.464;conf=99.99;score=230.03;cscore=218.94;sscore=11.09;rscore=16.65;uscore=-0.55;tscore=-4.36;
NODE_3_length_404174_cov_108.718135	Prodigal_v2.6.3	CDS	172638	173144	61.9	-	0	ID=3_155;partial=00;start_type=ATG;rbs_motif=AGGAG/GGAGG;rbs_spacer=11-12bp;gc_cont=0.513;conf=100.00;score=61.86;cscore=41.22;sscore=20.64;rscore=12.17;uscore=4.55;tscore=3.92;
NODE_3_length_404174_cov_108.718135	Prodigal_v2.6.3	CDS	173286	173615	49.2	-	0	ID=3_156;partial=00;start_type=ATG;rbs_motif=AGGAG;rbs_spacer=5-10bp;gc_cont=0.509;conf=100.00;score=49.18;cscore=27.69;sscore=21.48;rscore=15.31;uscore=1.59;tscore=3.92;
NODE_3_length_404174_cov_108.718135	Prodigal_v2.6.3	CDS	173672	174268	77.1	-	0	ID=3_157;partial=00;start_type=TTG;rbs_motif=AGGAGG;rbs_spacer=5-10bp;gc_cont=0.461;conf=100.00;score=77.07;cscore=66.58;sscore=10.49;rscore=16.65;uscore=1.34;tscore=-7.50;
NODE_3_length_404174_cov_108.718135	Prodigal_v2.6.3	CDS	174373	176982	317.0	-	0	ID=3_158;partial=00;start_type=ATG;rbs_motif=GGAGG;rbs_spacer=5-10bp;gc_cont=0.477;conf=99.99;score=316.96;cscore=295.93;sscore=21.03;rscore=16.07;uscore=1.69;tscore=3.92;
NODE_3_length_404174_cov_108.718135	Prodigal_v2.6.3	CDS	177386	177799	70.0	+	0	ID=3_159;partial=00;start_type=ATG;rbs_motif=AGGAGG;rbs_spacer=5-10bp;gc_cont=0.447;conf=100.00;score=70.02;cscore=48.08;sscore=21.94;rscore=16.65;uscore=1.37;tscore=3.92;
NODE_3_length_404174_cov_108.718135	Prodigal_v2.6.3	CDS	177949	178881	115.0	+	0	ID=3_160;partial=00;start_type=ATG;rbs_motif=GGAGG;rbs_spacer=5-10bp;gc_cont=0.486;conf=100.00;score=115.01;cscore=93.09;sscore=21.92;rscore=16.07;uscore=1.93;tscore=3.92;
NODE_3_length_404174_cov_108.718135	Prodigal_v2.6.3	CDS	178990	184698	778.9	-	0	ID=3_161;partial=00;start_type=ATG;rbs_motif=GGAGG;rbs_spacer=5-10bp;gc_cont=0.476;conf=99.99;score=778.88;cscore=758.50;sscore=20.38;rscore=16.07;uscore=1.04;tscore=3.92;
NODE_3_length_404174_cov_108.718135	Prodigal_v2.6.3	CDS	184988	185887	113.4	+	0	ID=3_162;partial=00;start_type=ATG;rbs_motif=AGGAG;rbs_spacer=5-10bp;gc_cont=0.422;conf=100.00;score=113.42;cscore=93.84;sscore=19.58;rscore=15.31;uscore=0.35;tscore=3.92;
NODE_3_length_404174_cov_108.718135	Prodigal_v2.6.3	CDS	186061	186429	89.4	-	0	ID=3_163;partial=00;start_type=ATG;rbs_motif=GGAGG;rbs_spacer=5-10bp;gc_cont=0.482;conf=100.00;score=89.44;cscore=62.98;sscore=26.46;rscore=16.07;uscore=5.63;tscore=3.92;
NODE_3_length_404174_cov_108.718135	Prodigal_v2.6.3	CDS	186470	186976	95.5	-	0	ID=3_164;partial=00;start_type=ATG;rbs_motif=GGAGG;rbs_spacer=5-10bp;gc_cont=0.477;conf=100.00;score=95.46;cscore=71.69;sscore=23.77;rscore=16.07;uscore=4.43;tscore=3.92;
NODE_3_length_404174_cov_108.718135	Prodigal_v2.6.3	CDS	187401	188633	127.3	+	0	ID=3_165;partial=00;start_type=TTG;rbs_motif=AGGA/GGAG/GAGG;rbs_spacer=11-12bp;gc_cont=0.486;conf=100.00;score=127.34;cscore=124.19;sscore=3.15;rscore=5.64;uscore=5.01;tscore=-7.50;
NODE_3_length_404174_cov_108.718135	Prodigal_v2.6.3	CDS	188690	189523	89.3	-	0	ID=3_166;partial=00;start_type=ATG;rbs_motif=AGGA/GGAG/GAGG;rbs_spacer=11-12bp;gc_cont=0.484;conf=100.00;score=89.28;cscore=77.98;sscore=11.30;rscore=5.64;uscore=0.48;tscore=3.92;
NODE_3_length_404174_cov_108.718135	Prodigal_v2.6.3	CDS	189516	190046	77.3	-	0	ID=3_167;partial=00;start_type=ATG;rbs_motif=GGAG/GAGG;rbs_spacer=5-10bp;gc_cont=0.435;conf=100.00;score=77.26;cscore=59.24;sscore=18.01;rscore=10.35;uscore=4.39;tscore=3.92;
NODE_3_length_404174_cov_108.718135	Prodigal_v2.6.3	CDS	190303	191508	137.9	+	0	ID=3_168;partial=00;start_type=ATG;rbs_motif=AGGAGG;rbs_spacer=5-10bp;gc_cont=0.505;conf=100.00;score=137.90;cscore=115.92;sscore=21.98;rscore=16.65;uscore=1.40;tscore=3.92;
NODE_3_length_404174_cov_108.718135	Prodigal_v2.6.3	CDS	191580	192953	190.3	-	0	ID=3_169;partial=00;start_type=ATG;rbs_motif=AGGA/GGAG/GAGG;rbs_spacer=11-12bp;gc_cont=0.481;conf=99.99;score=190.35;cscore=177.59;sscore=12.76;rscore=5.64;uscore=3.84;tscore=3.92;
NODE_3_length_404174_cov_108.718135	Prodigal_v2.6.3	CDS	193141	193830	114.6	-	0	ID=3_170;partial=00;start_type=ATG;rbs_motif=AGGAGG;rbs_spacer=5-10bp;gc_cont=0.488;conf=100.00;score=114.58;cscore=94.62;sscore=19.96;rscore=16.65;uscore=-0.62;tscore=3.92;
NODE_3_length_404174_cov_108.718135	Prodigal_v2.6.3	CDS	193930	194355	66.9	-	0	ID=3_171;partial=00;start_type=GTG;rbs_motif=AGGAGG;rbs_spacer=5-10bp;gc_cont=0.495;conf=100.00;score=66.88;cscore=54.92;sscore=11.96;rscore=16.65;uscore=0.32;tscore=-4.36;
NODE_3_length_404174_cov_108.718135	Prodigal_v2.6.3	CDS	194648	197278	336.3	-	0	ID=3_172;partial=00;start_type=ATG;rbs_motif=AGGAG;rbs_spacer=5-10bp;gc_cont=0.502;conf=99.99;score=336.28;cscore=320.61;sscore=15.67;rscore=15.31;uscore=-2.91;tscore=3.92;
NODE_3_length_404174_cov_108.718135	Prodigal_v2.6.3	CDS	197541	199004	175.2	+	0	ID=3_173;partial=00;start_type=ATG;rbs_motif=GGAGG;rbs_spacer=5-10bp;gc_cont=0.538;conf=100.00;score=175.24;cscore=151.13;sscore=24.10;rscore=16.07;uscore=4.11;tscore=3.92;
NODE_3_length_404174_cov_108.718135	Prodigal_v2.6.3	CDS	199004	199372	43.2	+	0	ID=3_174;partial=00;start_type=ATG;rbs_motif=AGGAG;rbs_spacer=5-10bp;gc_cont=0.472;conf=100.00;score=43.23;cscore=22.72;sscore=20.51;rscore=15.31;uscore=-0.29;tscore=3.92;
NODE_3_length_404174_cov_108.718135	Prodigal_v2.6.3	CDS	199463	199999	58.0	-	0	ID=3_175;partial=00;start_type=TTG;rbs_motif=AGGAGG;rbs_spacer=5-10bp;gc_cont=0.523;conf=100.00;score=58.02;cscore=49.96;sscore=8.05;rscore=16.65;uscore=-1.10;tscore=-7.50;
NODE_3_length_404174_cov_108.718135	Prodigal_v2.6.3	CDS	199974	200546	51.4	-	0	ID=3_176;partial=00;start_type=ATG;rbs_motif=GGA/GAG/AGG;rbs_spacer=5-10bp;gc_cont=0.473;conf=100.00;score=51.42;cscore=46.20;sscore=5.22;rscore=-1.95;uscore=-1.03;tscore=3.92;
NODE_3_length_404174_cov_108.718135	Prodigal_v2.6.3	CDS	200543	200929	41.7	-	0	ID=3_177;partial=00;start_type=TTG;rbs_motif=GGAGG;rbs_spacer=5-10bp;gc_cont=0.424;conf=99.99;score=41.74;cscore=29.31;sscore=12.44;rscore=16.07;uscore=2.82;tscore=-7.50;
NODE_3_length_404174_cov_108.718135	Prodigal_v2.6.3	CDS	200951	203197	258.2	-	0	ID=3_178;partial=00;start_type=ATG;rbs_motif=GGAGG;rbs_spacer=5-10bp;gc_cont=0.487;conf=99.99;score=258.23;cscore=237.04;sscore=21.19;rscore=16.07;uscore=1.85;tscore=3.92;
NODE_3_length_404174_cov_108.718135	Prodigal_v2.6.3	CDS	203389	203832	74.6	-	0	ID=3_179;partial=00;start_type=ATG;rbs_motif=GGAGG;rbs_spacer=5-10bp;gc_cont=0.477;conf=100.00;score=74.58;cscore=51.96;sscore=22.61;rscore=16.07;uscore=1.75;tscore=3.92;
NODE_3_length_404174_cov_108.718135	Prodigal_v2.6.3	CDS	203870	204715	84.3	-	0	ID=3_180;partial=00;start_type=ATG;rbs_motif=GGA/GAG/AGG;rbs_spacer=5-10bp;gc_cont=0.514;conf=100.00;score=84.29;cscore=81.28;sscore=3.01;rscore=-1.95;uscore=-0.14;tscore=3.92;
NODE_3_length_404174_cov_108.718135	Prodigal_v2.6.3	CDS	204725	205279	94.1	-	0	ID=3_181;partial=00;start_type=ATG;rbs_motif=AGGAG;rbs_spacer=5-10bp;gc_cont=0.454;conf=100.00;score=94.05;cscore=73.38;sscore=20.67;rscore=15.31;uscore=1.44;tscore=3.92;
NODE_3_length_404174_cov_108.718135	Prodigal_v2.6.3	CDS	205383	205553	23.3	-	0	ID=3_182;partial=00;start_type=ATG;rbs_motif=AGGAG;rbs_spacer=5-10bp;gc_cont=0.427;conf=99.53;score=23.30;cscore=8.20;sscore=15.10;rscore=10.29;uscore=1.12;tscore=2.64;
NODE_3_length_404174_cov_108.718135	Prodigal_v2.6.3	CDS	205906	206865	95.9	-	0	ID=3_183;partial=00;start_type=ATG;rbs_motif=GGxGG;rbs_spacer=5-10bp;gc_cont=0.474;conf=100.00;score=95.88;cscore=87.48;sscore=8.39;rscore=3.18;uscore=-0.42;tscore=3.92;
NODE_3_length_404174_cov_108.718135	Prodigal_v2.6.3	CDS	206862	207800	104.9	-	0	ID=3_184;partial=00;start_type=ATG;rbs_motif=AGxAGG/AGGxGG;rbs_spacer=5-10bp;gc_cont=0.469;conf=100.00;score=104.87;cscore=84.79;sscore=20.08;rscore=11.15;uscore=3.86;tscore=3.92;
NODE_3_length_404174_cov_108.718135	Prodigal_v2.6.3	CDS	207812	208879	173.6	-	0	ID=3_185;partial=00;start_type=ATG;rbs_motif=GGAGG;rbs_spacer=5-10bp;gc_cont=0.467;conf=100.00;score=173.58;cscore=156.60;sscore=16.98;rscore=16.07;uscore=-3.01;tscore=3.92;
NODE_3_length_404174_cov_108.718135	Prodigal_v2.6.3	CDS	209055	209969	121.3	-	0	ID=3_186;partial=00;start_type=ATG;rbs_motif=GGA/GAG/AGG;rbs_spacer=5-10bp;gc_cont=0.431;conf=100.00;score=121.32;cscore=116.85;sscore=4.47;rscore=-1.95;uscore=3.15;tscore=3.92;
NODE_3_length_404174_cov_108.718135	Prodigal_v2.6.3	CDS	210256	212154	232.8	+	0	ID=3_187;partial=00;start_type=ATG;rbs_motif=AGGAG;rbs_spacer=5-10bp;gc_cont=0.490;conf=99.99;score=232.82;cscore=212.06;sscore=20.76;rscore=15.31;uscore=1.52;tscore=3.92;
NODE_3_length_404174_cov_108.718135	Prodigal_v2.6.3	CDS	212329	212772	44.5	+	0	ID=3_188;partial=00;start_type=ATG;rbs_motif=GGAG/GAGG;rbs_spacer=5-10bp;gc_cont=0.502;conf=100.00;score=44.46;cscore=31.15;sscore=13.31;rscore=10.35;uscore=-0.96;tscore=3.92;
NODE_3_length_404174_cov_108.718135	Prodigal_v2.6.3	CDS	212769	213356	50.9	+	0	ID=3_189;partial=00;start_type=ATG;rbs_motif=AGxAGG/AGGxGG;rbs_spacer=11-12bp;gc_cont=0.502;conf=100.00;score=50.90;cscore=40.66;sscore=10.24;rscore=5.02;uscore=-1.20;tscore=3.92;
NODE_3_length_404174_cov_108.718135	Prodigal_v2.6.3	CDS	213331	214308	114.1	+	0	ID=3_190;partial=00;start_type=ATG;rbs_motif=AGGAG;rbs_spacer=5-10bp;gc_cont=0.504;conf=100.00;score=114.06;cscore=95.88;sscore=18.18;rscore=15.31;uscore=-1.05;tscore=3.92;
NODE_3_length_404174_cov_108.718135	Prodigal_v2.6.3	CDS	214999	215241	17.8	-	0	ID=3_191;partial=00;start_type=GTG;rbs_motif=GGAG/GAGG;rbs_spacer=5-10bp;gc_cont=0.449;conf=98.34;score=17.77;cscore=12.51;sscore=5.26;rscore=9.94;uscore=-0.13;tscore=-4.55;
NODE_3_length_404174_cov_108.718135	Prodigal_v2.6.3	CDS	215415	216098	110.5	-	0	ID=3_192;partial=00;start_type=ATG;rbs_motif=AGxAGG/AGGxGG;rbs_spacer=5-10bp;gc_cont=0.474;conf=100.00;score=110.48;cscore=93.74;sscore=16.74;rscore=11.15;uscore=0.37;tscore=3.92;
NODE_3_length_404174_cov_108.718135	Prodigal_v2.6.3	CDS	216095	217150	150.7	-	0	ID=3_193;partial=00;start_type=ATG;rbs_motif=GGAGG;rbs_spacer=5-10bp;gc_cont=0.501;conf=100.00;score=150.73;cscore=131.02;sscore=19.72;rscore=16.07;uscore=0.38;tscore=3.92;
NODE_3_length_404174_cov_108.718135	Prodigal_v2.6.3	CDS	217646	217987	17.7	+	0	ID=3_194;partial=00;start_type=ATG;rbs_motif=AGGAG;rbs_spacer=5-10bp;gc_cont=0.395;conf=98.33;score=17.73;cscore=-1.03;sscore=18.76;rscore=15.31;uscore=0.03;tscore=3.92;
NODE_3_length_404174_cov_108.718135	Prodigal_v2.6.3	CDS	218190	218729	61.3	-	0	ID=3_195;partial=00;start_type=ATG;rbs_motif=GGAG/GAGG;rbs_spacer=5-10bp;gc_cont=0.506;conf=100.00;score=61.25;cscore=49.23;sscore=12.02;rscore=10.35;uscore=-3.53;tscore=3.92;
NODE_3_length_404174_cov_108.718135	Prodigal_v2.6.3	CDS	218730	219509	112.3	-	0	ID=3_196;partial=00;start_type=ATG;rbs_motif=AGxAGG/AGGxGG;rbs_spacer=11-12bp;gc_cont=0.513;conf=100.00;score=112.25;cscore=100.12;sscore=12.14;rscore=5.02;uscore=3.19;tscore=3.92;
NODE_3_length_404174_cov_108.718135	Prodigal_v2.6.3	CDS	219481	219909	49.2	-	0	ID=3_197;partial=00;start_type=ATG;rbs_motif=GGxGG;rbs_spacer=5-10bp;gc_cont=0.501;conf=100.00;score=49.16;cscore=39.57;sscore=9.59;rscore=3.18;uscore=1.19;tscore=3.92;
NODE_3_length_404174_cov_108.718135	Prodigal_v2.6.3	CDS	219906	221312	184.5	-	0	ID=3_198;partial=00;start_type=ATG;rbs_motif=AGGA;rbs_spacer=5-10bp;gc_cont=0.468;conf=99.99;score=184.54;cscore=174.70;sscore=9.85;rscore=7.02;uscore=-0.44;tscore=3.92;
NODE_3_length_404174_cov_108.718135	Prodigal_v2.6.3	CDS	221553	222947	206.5	-	0	ID=3_199;partial=00;start_type=ATG;rbs_motif=AGGAGG;rbs_spacer=5-10bp;gc_cont=0.496;conf=99.99;score=206.47;cscore=189.37;sscore=17.10;rscore=16.65;uscore=-3.48;tscore=3.92;
NODE_3_length_404174_cov_108.718135	Prodigal_v2.6.3	CDS	223073	223660	58.2	-	0	ID=3_200;partial=00;start_type=ATG;rbs_motif=AGGAG;rbs_spacer=5-10bp;gc_cont=0.507;conf=100.00;score=58.18;cscore=37.62;sscore=20.56;rscore=15.31;uscore=1.98;tscore=3.92;
NODE_3_length_404174_cov_108.718135	Prodigal_v2.6.3	CDS	223986	224093	4.1	-	0	ID=3_201;partial=00;start_type=ATG;rbs_motif=AGGA;rbs_spacer=5-10bp;gc_cont=0.398;conf=72.17;score=4.15;cscore=0.03;sscore=4.11;rscore=2.95;uscore=0.17;tscore=1.65;
NODE_3_length_404174_cov_108.718135	Prodigal_v2.6.3	CDS	224327	225820	201.4	-	0	ID=3_202;partial=00;start_type=TTG;rbs_motif=GGAGG;rbs_spacer=5-10bp;gc_cont=0.485;conf=99.99;score=201.41;cscore=190.38;sscore=11.03;rscore=16.07;uscore=2.46;tscore=-7.50;
NODE_3_length_404174_cov_108.718135	Prodigal_v2.6.3	CDS	225968	226948	138.0	-	0	ID=3_203;partial=00;start_type=ATG;rbs_motif=AGGA;rbs_spacer=5-10bp;gc_cont=0.462;conf=100.00;score=137.95;cscore=125.14;sscore=12.81;rscore=7.02;uscore=1.87;tscore=3.92;
NODE_3_length_404174_cov_108.718135	Prodigal_v2.6.3	CDS	227064	227735	72.5	-	0	ID=3_204;partial=00;start_type=ATG;rbs_motif=AGGA;rbs_spacer=5-10bp;gc_cont=0.490;conf=100.00;score=72.50;cscore=55.60;sscore=16.90;rscore=7.02;uscore=6.61;tscore=3.92;
NODE_3_length_404174_cov_108.718135	Prodigal_v2.6.3	CDS	227919	228749	120.9	+	0	ID=3_205;partial=00;start_type=ATG;rbs_motif=AGGAG;rbs_spacer=5-10bp;gc_cont=0.467;conf=100.00;score=120.89;cscore=97.53;sscore=23.36;rscore=15.31;uscore=4.13;tscore=3.92;
NODE_3_length_404174_cov_108.718135	Prodigal_v2.6.3	CDS	228895	229734	94.6	-	0	ID=3_206;partial=00;start_type=ATG;rbs_motif=GGAG/GAGG;rbs_spacer=5-10bp;gc_cont=0.469;conf=100.00;score=94.56;cscore=79.86;sscore=14.70;rscore=10.35;uscore=-0.72;tscore=3.92;
NODE_3_length_404174_cov_108.718135	Prodigal_v2.6.3	CDS	229747	230763	105.7	-	0	ID=3_207;partial=00;start_type=ATG;rbs_motif=AGGAG;rbs_spacer=5-10bp;gc_cont=0.482;conf=100.00;score=105.70;cscore=84.73;sscore=20.97;rscore=15.31;uscore=0.54;tscore=3.92;
NODE_3_length_404174_cov_108.718135	Prodigal_v2.6.3	CDS	230770	231144	53.3	-	0	ID=3_208;partial=00;start_type=GTG;rbs_motif=AGxAGG/AGGxGG;rbs_spacer=5-10bp;gc_cont=0.515;conf=100.00;score=53.28;cscore=43.85;sscore=9.43;rscore=11.15;uscore=2.64;tscore=-4.36;
NODE_3_length_404174_cov_108.718135	Prodigal_v2.6.3	CDS	231308	232579	121.7	-	0	ID=3_209;partial=00;start_type=TTG;rbs_motif=AGxAGG/AGGxGG;rbs_spacer=5-10bp;gc_cont=0.483;conf=100.00;score=121.66;cscore=119.86;sscore=1.79;rscore=11.15;uscore=-1.20;tscore=-7.50;
NODE_3_length_404174_cov_108.718135	Prodigal_v2.6.3	CDS	232897	233673	50.9	-	0	ID=3_210;partial=00;start_type=TTG;rbs_motif=AGGAGG;rbs_spacer=5-10bp;gc_cont=0.376;conf=100.00;score=50.87;cscore=34.92;sscore=15.95;rscore=16.65;uscore=5.71;tscore=-7.50;
NODE_3_length_404174_cov_108.718135	Prodigal_v2.6.3	CDS	233691	234578	84.1	-	0	ID=3_211;partial=00;start_type=ATG;rbs_motif=None;rbs_spacer=None;gc_cont=0.404;conf=100.00;score=84.15;cscore=100.17;sscore=-16.02;rscore=-15.61;uscore=-3.69;tscore=3.92;
NODE_3_length_404174_cov_108.718135	Prodigal_v2.6.3	CDS	234762	235658	73.7	+	0	ID=3_212;partial=00;start_type=ATG;rbs_motif=GGAG/GAGG;rbs_spacer=5-10bp;gc_cont=0.369;conf=100.00;score=73.75;cscore=54.66;sscore=19.09;rscore=10.35;uscore=4.81;tscore=3.92;
NODE_3_length_404174_cov_108.718135	Prodigal_v2.6.3	CDS	235771	236886	150.1	-	0	ID=3_213;partial=00;start_type=ATG;rbs_motif=AGxAGG/AGGxGG;rbs_spacer=5-10bp;gc_cont=0.479;conf=100.00;score=150.13;cscore=130.56;sscore=19.58;rscore=11.15;uscore=3.46;tscore=3.92;
NODE_3_length_404174_cov_108.718135	Prodigal_v2.6.3	CDS	236908	238272	153.1	-	0	ID=3_214;partial=00;start_type=ATG;rbs_motif=GGA/GAG/AGG;rbs_spacer=5-10bp;gc_cont=0.503;conf=100.00;score=153.11;cscore=150.65;sscore=2.46;rscore=-1.95;uscore=-0.61;tscore=3.92;
NODE_3_length_404174_cov_108.718135	Prodigal_v2.6.3	CDS	238289	238831	72.6	-	0	ID=3_215;partial=00;start_type=ATG;rbs_motif=GGAGG;rbs_spacer=5-10bp;gc_cont=0.460;conf=100.00;score=72.60;cscore=54.06;sscore=18.55;rscore=16.07;uscore=-0.79;tscore=3.92;
NODE_3_length_404174_cov_108.718135	Prodigal_v2.6.3	CDS	239052	239342	45.7	+	0	ID=3_216;partial=00;start_type=ATG;rbs_motif=AGGAGG;rbs_spacer=5-10bp;gc_cont=0.512;conf=100.00;score=45.70;cscore=25.94;sscore=19.77;rscore=16.65;uscore=-0.81;tscore=3.92;
NODE_3_length_404174_cov_108.718135	Prodigal_v2.6.3	CDS	239458	239835	40.4	-	0	ID=3_217;partial=00;start_type=ATG;rbs_motif=AGxAGG/AGGxGG;rbs_spacer=5-10bp;gc_cont=0.413;conf=99.99;score=40.37;cscore=22.44;sscore=17.93;rscore=11.15;uscore=3.51;tscore=3.92;
NODE_3_length_404174_cov_108.718135	Prodigal_v2.6.3	CDS	240080	241399	194.4	+	0	ID=3_218;partial=00;start_type=ATG;rbs_motif=AGGAG;rbs_spacer=5-10bp;gc_cont=0.469;conf=99.99;score=194.44;cscore=172.28;sscore=22.16;rscore=15.31;uscore=2.93;tscore=3.92;
NODE_3_length_404174_cov_108.718135	Prodigal_v2.6.3	CDS	241633	242979	176.5	+	0	ID=3_219;partial=00;start_type=ATG;rbs_motif=AGGAG;rbs_spacer=5-10bp;gc_cont=0.467;conf=100.00;score=176.45;cscore=157.27;sscore=19.18;rscore=15.31;uscore=0.60;tscore=3.92;
NODE_3_length_404174_cov_108.718135	Prodigal_v2.6.3	CDS	243207	244307	95.2	+	0	ID=3_220;partial=00;start_type=ATG;rbs_motif=GGAGG;rbs_spacer=5-10bp;gc_cont=0.495;conf=100.00;score=95.17;cscore=78.58;sscore=16.59;rscore=16.07;uscore=-2.75;tscore=3.92;
NODE_3_length_404174_cov_108.718135	Prodigal_v2.6.3	CDS	244307	245500	116.9	+	0	ID=3_221;partial=00;start_type=ATG;rbs_motif=AGGAGG;rbs_spacer=5-10bp;gc_cont=0.477;conf=100.00;score=116.88;cscore=94.08;sscore=22.80;rscore=16.65;uscore=0.94;tscore=3.92;
NODE_3_length_404174_cov_108.718135	Prodigal_v2.6.3	CDS	245686	246564	85.4	+	0	ID=3_222;partial=00;start_type=ATG;rbs_motif=AGGAGG;rbs_spacer=5-10bp;gc_cont=0.468;conf=100.00;score=85.41;cscore=64.87;sscore=20.54;rscore=16.65;uscore=0.61;tscore=3.92;
NODE_3_length_404174_cov_108.718135	Prodigal_v2.6.3	CDS	246726	248780	254.3	+	0	ID=3_223;partial=00;start_type=ATG;rbs_motif=AGGAGG;rbs_spacer=5-10bp;gc_cont=0.473;conf=99.99;score=254.27;cscore=233.57;sscore=20.70;rscore=16.65;uscore=0.12;tscore=3.92;
NODE_3_length_404174_cov_108.718135	Prodigal_v2.6.3	CDS	248937	251567	361.4	-	0	ID=3_224;partial=00;start_type=ATG;rbs_motif=AGGA;rbs_spacer=5-10bp;gc_cont=0.512;conf=99.99;score=361.36;cscore=348.46;sscore=12.90;rscore=7.02;uscore=1.95;tscore=3.92;
NODE_3_length_404174_cov_108.718135	Prodigal_v2.6.3	CDS	251729	252286	49.3	-	0	ID=3_225;partial=00;start_type=ATG;rbs_motif=GGA/GAG/AGG;rbs_spacer=5-10bp;gc_cont=0.452;conf=100.00;score=49.27;cscore=47.51;sscore=1.76;rscore=-1.95;uscore=0.44;tscore=3.92;
NODE_3_length_404174_cov_108.718135	Prodigal_v2.6.3	CDS	252851	253522	65.1	-	0	ID=3_226;partial=00;start_type=GTG;rbs_motif=AGGAGG;rbs_spacer=5-10bp;gc_cont=0.515;conf=100.00;score=65.12;cscore=56.26;sscore=8.86;rscore=16.65;uscore=-2.77;tscore=-4.36;
NODE_3_length_404174_cov_108.718135	Prodigal_v2.6.3	CDS	254035	255156	109.8	+	0	ID=3_227;partial=00;start_type=ATG;rbs_motif=AGxAGG/AGGxGG;rbs_spacer=5-10bp;gc_cont=0.456;conf=100.00;score=109.80;cscore=94.67;sscore=15.13;rscore=11.15;uscore=0.06;tscore=3.92;
NODE_3_length_404174_cov_108.718135	Prodigal_v2.6.3	CDS	255170	255454	37.4	+	0	ID=3_228;partial=00;start_type=ATG;rbs_motif=GGAG/GAGG;rbs_spacer=5-10bp;gc_cont=0.481;conf=99.98;score=37.43;cscore=20.47;sscore=16.96;rscore=10.35;uscore=1.55;tscore=3.92;
NODE_3_length_404174_cov_108.718135	Prodigal_v2.6.3	CDS	255645	256760	171.9	-	0	ID=3_229;partial=00;start_type=ATG;rbs_motif=GGAGG;rbs_spacer=5-10bp;gc_cont=0.493;conf=100.00;score=171.89;cscore=149.39;sscore=22.50;rscore=16.07;uscore=3.16;tscore=3.92;
NODE_3_length_404174_cov_108.718135	Prodigal_v2.6.3	CDS	256948	257154	50.0	-	0	ID=3_230;partial=00;start_type=ATG;rbs_motif=AGGAGG;rbs_spacer=5-10bp;gc_cont=0.406;conf=100.00;score=49.98;cscore=30.54;sscore=19.43;rscore=13.59;uscore=2.64;tscore=3.20;
NODE_3_length_404174_cov_108.718135	Prodigal_v2.6.3	CDS	257287	257544	32.3	-	0	ID=3_231;partial=00;start_type=GTG;rbs_motif=AGGAGG;rbs_spacer=5-10bp;gc_cont=0.457;conf=99.94;score=32.30;cscore=23.66;sscore=8.65;rscore=16.65;uscore=-3.64;tscore=-4.36;
NODE_3_length_404174_cov_108.718135	Prodigal_v2.6.3	CDS	257615	257821	19.5	-	0	ID=3_232;partial=00;start_type=ATG;rbs_motif=AGxAGG/AGGxGG;rbs_spacer=11-12bp;gc_cont=0.478;conf=98.89;score=19.54;cscore=10.98;sscore=8.57;rscore=4.10;uscore=1.92;tscore=3.20;
NODE_3_length_404174_cov_108.718135	Prodigal_v2.6.3	CDS	258046	258297	31.2	-	0	ID=3_233;partial=00;start_type=ATG;rbs_motif=AGxAGG/AGGxGG;rbs_spacer=5-10bp;gc_cont=0.409;conf=99.92;score=31.22;cscore=14.34;sscore=16.88;rscore=11.11;uscore=2.52;tscore=3.91;
NODE_3_length_404174_cov_108.718135	Prodigal_v2.6.3	CDS	258625	259857	95.2	+	0	ID=3_234;partial=00;start_type=GTG;rbs_motif=GGA/GAG/AGG;rbs_spacer=11-12bp;gc_cont=0.455;conf=100.00;score=95.23;cscore=101.03;sscore=-5.80;rscore=-4.11;uscore=2.68;tscore=-4.36;
NODE_3_length_404174_cov_108.718135	Prodigal_v2.6.3	CDS	259936	261192	189.9	-	0	ID=3_235;partial=00;start_type=ATG;rbs_motif=AGGAG;rbs_spacer=5-10bp;gc_cont=0.521;conf=99.99;score=189.89;cscore=168.94;sscore=20.95;rscore=15.31;uscore=1.71;tscore=3.92;
NODE_3_length_404174_cov_108.718135	Prodigal_v2.6.3	CDS	261281	262114	117.1	-	0	ID=3_236;partial=00;start_type=ATG;rbs_motif=GGAGG;rbs_spacer=5-10bp;gc_cont=0.506;conf=100.00;score=117.12;cscore=97.59;sscore=19.53;rscore=16.07;uscore=0.19;tscore=3.92;
NODE_3_length_404174_cov_108.718135	Prodigal_v2.6.3	CDS	262431	262625	14.4	-	0	ID=3_237;partial=00;start_type=ATG;rbs_motif=GGAGG;rbs_spacer=5-10bp;gc_cont=0.426;conf=96.48;score=14.40;cscore=0.51;sscore=13.89;rscore=12.34;uscore=-0.82;tscore=3.01;
NODE_3_length_404174_cov_108.718135	Prodigal_v2.6.3	CDS	262879	263415	45.5	-	0	ID=3_238;partial=00;start_type=ATG;rbs_motif=GGxGG;rbs_spacer=5-10bp;gc_cont=0.527;conf=100.00;score=45.46;cscore=37.32;sscore=8.14;rscore=3.18;uscore=1.69;tscore=3.92;
NODE_3_length_404174_cov_108.718135	Prodigal_v2.6.3	CDS	263604	264827	135.9	-	0	ID=3_239;partial=00;start_type=ATG;rbs_motif=AGGAG;rbs_spacer=5-10bp;gc_cont=0.452;conf=100.00;score=135.94;cscore=115.20;sscore=20.74;rscore=15.31;uscore=2.16;tscore=3.92;
NODE_3_length_404174_cov_108.718135	Prodigal_v2.6.3	CDS	265417	266244	66.7	-	0	ID=3_240;partial=00;start_type=ATG;rbs_motif=None;rbs_spacer=None;gc_cont=0.517;conf=100.00;score=66.71;cscore=75.02;sscore=-8.30;rscore=-15.61;uscore=2.17;tscore=3.92;
NODE_3_length_404174_cov_108.718135	Prodigal_v2.6.3	CDS	266251	267810	215.2	-	0	ID=3_241;partial=00;start_type=ATG;rbs_motif=GGAG/GAGG;rbs_spacer=5-10bp;gc_cont=0.473;conf=99.99;score=215.19;cscore=195.73;sscore=19.46;rscore=10.35;uscore=3.89;tscore=3.92;
NODE_3_length_404174_cov_108.718135	Prodigal_v2.6.3	CDS	267807	269129	146.6	-	0	ID=3_242;partial=00;start_type=ATG;rbs_motif=AGGAGG;rbs_spacer=5-10bp;gc_cont=0.475;conf=100.00;score=146.57;cscore=123.60;sscore=22.97;rscore=16.65;uscore=1.13;tscore=3.92;
NODE_3_length_404174_cov_108.718135	Prodigal_v2.6.3	CDS	269131	272136	353.7	-	0	ID=3_243;partial=00;start_type=ATG;rbs_motif=AGGAGG;rbs_spacer=5-10bp;gc_cont=0.485;conf=99.99;score=353.73;cscore=332.75;sscore=20.98;rscore=16.65;uscore=1.06;tscore=3.92;
NODE_3_length_404174_cov_108.718135	Prodigal_v2.6.3	CDS	272414	272971	97.9	-	0	ID=3_244;partial=00;start_type=ATG;rbs_motif=AGGAG;rbs_spacer=5-10bp;gc_cont=0.477;conf=100.00;score=97.89;cscore=76.77;sscore=21.12;rscore=15.31;uscore=1.88;tscore=3.92;
NODE_3_length_404174_cov_108.718135	Prodigal_v2.6.3	CDS	273066	274262	151.6	-	0	ID=3_245;partial=00;start_type=ATG;rbs_motif=GGAGG;rbs_spacer=5-10bp;gc_cont=0.471;conf=100.00;score=151.59;cscore=133.66;sscore=17.93;rscore=16.07;uscore=-1.41;tscore=3.92;
NODE_3_length_404174_cov_108.718135	Prodigal_v2.6.3	CDS	274471	275526	104.6	+	0	ID=3_246;partial=00;start_type=ATG;rbs_motif=AGGAG;rbs_spacer=5-10bp;gc_cont=0.497;conf=100.00;score=104.57;cscore=81.26;sscore=23.31;rscore=15.31;uscore=4.08;tscore=3.92;
NODE_3_length_404174_cov_108.718135	Prodigal_v2.6.3	CDS	275777	276406	65.6	+	0	ID=3_247;partial=00;start_type=ATG;rbs_motif=AGxAGG/AGGxGG;rbs_spacer=5-10bp;gc_cont=0.425;conf=100.00;score=65.56;cscore=48.37;sscore=17.18;rscore=11.15;uscore=2.76;tscore=3.92;
NODE_3_length_404174_cov_108.718135	Prodigal_v2.6.3	CDS	276542	276871	51.5	+	0	ID=3_248;partial=00;start_type=ATG;rbs_motif=AGGAGG;rbs_spacer=5-10bp;gc_cont=0.458;conf=100.00;score=51.45;cscore=29.29;sscore=22.16;rscore=16.65;uscore=1.58;tscore=3.92;
NODE_3_length_404174_cov_108.718135	Prodigal_v2.6.3	CDS	276868	277656	78.3	+	0	ID=3_249;partial=00;start_type=ATG;rbs_motif=AGGAGG;rbs_spacer=5-10bp;gc_cont=0.459;conf=100.00;score=78.30;cscore=56.43;sscore=21.87;rscore=16.65;uscore=-1.13;tscore=3.92;
NODE_3_length_404174_cov_108.718135	Prodigal_v2.6.3	CDS	277709	278497	81.4	+	0	ID=3_250;partial=00;start_type=ATG;rbs_motif=GGAGG;rbs_spacer=5-10bp;gc_cont=0.468;conf=100.00;score=81.35;cscore=61.45;sscore=19.90;rscore=16.07;uscore=-0.80;tscore=3.92;
NODE_3_length_404174_cov_108.718135	Prodigal_v2.6.3	CDS	278542	278820	47.4	-	0	ID=3_251;partial=00;start_type=ATG;rbs_motif=AGGAGG;rbs_spacer=5-10bp;gc_cont=0.430;conf=100.00;score=47.42;cscore=23.98;sscore=23.44;rscore=16.65;uscore=1.84;tscore=3.92;
NODE_3_length_404174_cov_108.718135	Prodigal_v2.6.3	CDS	278844	279128	23.6	-	0	ID=3_252;partial=00;start_type=TTG;rbs_motif=AGGAG;rbs_spacer=5-10bp;gc_cont=0.491;conf=99.56;score=23.62;cscore=17.46;sscore=6.16;rscore=15.31;uscore=-1.00;tscore=-7.50;
NODE_3_length_404174_cov_108.718135	Prodigal_v2.6.3	CDS	279322	279618	36.6	-	0	ID=3_253;partial=00;start_type=ATG;rbs_motif=GGAG/GAGG;rbs_spacer=5-10bp;gc_cont=0.431;conf=99.98;score=36.58;cscore=20.74;sscore=15.84;rscore=10.35;uscore=1.56;tscore=3.92;
NODE_3_length_404174_cov_108.718135	Prodigal_v2.6.3	CDS	279720	281075	132.9	-	0	ID=3_254;partial=00;start_type=ATG;rbs_motif=AGGA/GGAG/GAGG;rbs_spacer=11-12bp;gc_cont=0.507;conf=100.00;score=132.89;cscore=120.56;sscore=12.34;rscore=5.64;uscore=3.42;tscore=3.92;
NODE_3_length_404174_cov_108.718135	Prodigal_v2.6.3	CDS	281381	281641	2.4	-	0	ID=3_255;partial=00;start_type=ATG;rbs_motif=GGA/GAG/AGG;rbs_spacer=5-10bp;gc_cont=0.421;conf=63.45;score=2.40;cscore=1.62;sscore=0.78;rscore=-1.95;uscore=-1.19;tscore=3.92;
NODE_3_length_404174_cov_108.718135	Prodigal_v2.6.3	CDS	281765	282076	22.8	-	0	ID=3_256;partial=00;start_type=ATG;rbs_motif=AGGA;rbs_spacer=5-10bp;gc_cont=0.478;conf=99.48;score=22.84;cscore=9.56;sscore=13.28;rscore=7.02;uscore=2.99;tscore=3.92;
NODE_3_length_404174_cov_108.718135	Prodigal_v2.6.3	CDS	282289	283668	183.7	-	0	ID=3_257;partial=00;start_type=ATG;rbs_motif=AGGAGG;rbs_spacer=5-10bp;gc_cont=0.481;conf=99.99;score=183.69;cscore=162.00;sscore=21.69;rscore=16.65;uscore=-0.05;tscore=3.92;
NODE_3_length_404174_cov_108.718135	Prodigal_v2.6.3	CDS	283679	285871	277.1	-	0	ID=3_258;partial=00;start_type=ATG;rbs_motif=AGGAGG;rbs_spacer=5-10bp;gc_cont=0.438;conf=99.99;score=277.14;cscore=255.88;sscore=21.26;rscore=16.65;uscore=1.33;tscore=3.92;
NODE_3_length_404174_cov_108.718135	Prodigal_v2.6.3	CDS	286337	286477	1.8	-	0	ID=3_259;partial=00;start_type=ATG;rbs_motif=AGxAGG/AGGxGG;rbs_spacer=5-10bp;gc_cont=0.376;conf=60.41;score=1.84;cscore=-6.11;sscore=7.95;rscore=6.15;uscore=0.78;tscore=2.17;
NODE_3_length_404174_cov_108.718135	Prodigal_v2.6.3	CDS	286668	287966	71.9	+	0	ID=3_260;partial=00;start_type=ATG;rbs_motif=GGAG/GAGG;rbs_spacer=5-10bp;gc_cont=0.376;conf=100.00;score=71.93;cscore=57.54;sscore=14.39;rscore=10.35;uscore=0.12;tscore=3.92;
NODE_3_length_404174_cov_108.718135	Prodigal_v2.6.3	CDS	287971	288777	84.0	+	0	ID=3_261;partial=00;start_type=ATG;rbs_motif=GGAG/GAGG;rbs_spacer=5-10bp;gc_cont=0.419;conf=100.00;score=84.04;cscore=66.62;sscore=17.42;rscore=10.35;uscore=1.92;tscore=3.92;
NODE_3_length_404174_cov_108.718135	Prodigal_v2.6.3	CDS	289139	289336	13.1	-	0	ID=3_262;partial=00;start_type=ATG;rbs_motif=AGGAGG;rbs_spacer=5-10bp;gc_cont=0.374;conf=95.36;score=13.14;cscore=-3.73;sscore=16.87;rscore=12.99;uscore=1.97;tscore=3.06;
NODE_3_length_404174_cov_108.718135	Prodigal_v2.6.3	CDS	289882	290121	8.2	+	0	ID=3_263;partial=00;start_type=TTG;rbs_motif=GGAGG;rbs_spacer=5-10bp;gc_cont=0.388;conf=86.95;score=8.25;cscore=-1.07;sscore=9.32;rscore=15.23;uscore=2.50;tscore=-7.91;
NODE_3_length_404174_cov_108.718135	Prodigal_v2.6.3	CDS	290381	290563	20.6	-	0	ID=3_264;partial=00;start_type=ATG;rbs_motif=AGGA;rbs_spacer=5-10bp;gc_cont=0.492;conf=99.13;score=20.58;cscore=11.50;sscore=9.08;rscore=5.06;uscore=0.20;tscore=2.83;
NODE_3_length_404174_cov_108.718135	Prodigal_v2.6.3	CDS	290589	290777	15.8	-	0	ID=3_265;partial=00;start_type=ATG;rbs_motif=GGAGG;rbs_spacer=5-10bp;gc_cont=0.434;conf=97.41;score=15.77;cscore=-1.08;sscore=16.85;rscore=11.96;uscore=3.13;tscore=2.92;
NODE_3_length_404174_cov_108.718135	Prodigal_v2.6.3	CDS	291099	291323	19.1	+	0	ID=3_266;partial=00;start_type=ATG;rbs_motif=GGAG/GAGG;rbs_spacer=5-10bp;gc_cont=0.396;conf=98.79;score=19.14;cscore=4.13;sscore=15.02;rscore=9.19;uscore=2.34;tscore=3.49;
NODE_3_length_404174_cov_108.718135	Prodigal_v2.6.3	CDS	291355	291525	6.0	-	0	ID=3_267;partial=00;start_type=ATG;rbs_motif=GGA/GAG/AGG;rbs_spacer=5-10bp;gc_cont=0.339;conf=79.87;score=5.99;cscore=6.05;sscore=-0.06;rscore=-2.91;uscore=0.22;tscore=2.64;
NODE_3_length_404174_cov_108.718135	Prodigal_v2.6.3	CDS	292124	292936	53.3	-	0	ID=3_268;partial=00;start_type=ATG;rbs_motif=GGA/GAG/AGG;rbs_spacer=5-10bp;gc_cont=0.445;conf=100.00;score=53.29;cscore=53.50;sscore=-0.20;rscore=-1.95;uscore=-1.52;tscore=3.92;
NODE_3_length_404174_cov_108.718135	Prodigal_v2.6.3	CDS	293221	293379	8.2	-	0	ID=3_269;partial=00;start_type=ATG;rbs_motif=AGxAGG/AGGxGG;rbs_spacer=11-12bp;gc_cont=0.403;conf=86.78;score=8.19;cscore=2.08;sscore=6.11;rscore=3.13;uscore=0.52;tscore=2.45;
NODE_3_length_404174_cov_108.718135	Prodigal_v2.6.3	CDS	293495	293827	33.4	-	0	ID=3_270;partial=00;start_type=ATG;rbs_motif=4Base/6BMM;rbs_spacer=13-15bp;gc_cont=0.411;conf=99.95;score=33.40;cscore=34.57;sscore=-1.17;rscore=-7.75;uscore=3.31;tscore=3.92;
NODE_3_length_404174_cov_108.718135	Prodigal_v2.6.3	CDS	294079	294270	1.9	-	0	ID=3_271;partial=00;start_type=TTG;rbs_motif=GGxGG;rbs_spacer=5-10bp;gc_cont=0.495;conf=60.70;score=1.89;cscore=9.43;sscore=-7.54;rscore=2.40;uscore=0.64;tscore=-9.92;
NODE_3_length_404174_cov_108.718135	Prodigal_v2.6.3	CDS	294583	294918	48.2	-	0	ID=3_272;partial=00;start_type=ATG;rbs_motif=AGGA;rbs_spacer=5-10bp;gc_cont=0.488;conf=100.00;score=48.24;cscore=37.72;sscore=10.52;rscore=7.02;uscore=-0.43;tscore=3.92;
NODE_3_length_404174_cov_108.718135	Prodigal_v2.6.3	CDS	295037	295633	69.8	-	0	ID=3_273;partial=00;start_type=ATG;rbs_motif=GGAG/GAGG;rbs_spacer=5-10bp;gc_cont=0.494;conf=100.00;score=69.83;cscore=54.36;sscore=15.47;rscore=10.35;uscore=1.85;tscore=3.92;
NODE_3_length_404174_cov_108.718135	Prodigal_v2.6.3	CDS	295904	296212	14.5	-	0	ID=3_274;partial=00;start_type=ATG;rbs_motif=GGAG/GAGG;rbs_spacer=5-10bp;gc_cont=0.353;conf=96.56;score=14.51;cscore=-1.23;sscore=15.74;rscore=10.35;uscore=1.96;tscore=3.92;
NODE_3_length_404174_cov_108.718135	Prodigal_v2.6.3	CDS	296348	296563	21.6	-	0	ID=3_275;partial=00;start_type=ATG;rbs_motif=AGGAG;rbs_spacer=5-10bp;gc_cont=0.449;conf=99.30;score=21.56;cscore=3.37;sscore=18.18;rscore=13.04;uscore=0.51;tscore=3.34;
NODE_3_length_404174_cov_108.718135	Prodigal_v2.6.3	CDS	296560	296793	14.1	-	0	ID=3_276;partial=00;start_type=ATG;rbs_motif=AGGA;rbs_spacer=5-10bp;gc_cont=0.466;conf=96.26;score=14.13;cscore=2.86;sscore=11.27;rscore=6.49;uscore=1.81;tscore=3.63;
NODE_3_length_404174_cov_108.718135	Prodigal_v2.6.3	CDS	297027	297980	114.4	-	0	ID=3_277;partial=00;start_type=ATG;rbs_motif=GGAG/GAGG;rbs_spacer=5-10bp;gc_cont=0.486;conf=100.00;score=114.36;cscore=97.92;sscore=16.44;rscore=10.35;uscore=2.82;tscore=3.92;
NODE_3_length_404174_cov_108.718135	Prodigal_v2.6.3	CDS	298185	298919	105.9	+	0	ID=3_278;partial=00;start_type=TTG;rbs_motif=AGGAGG;rbs_spacer=5-10bp;gc_cont=0.502;conf=100.00;score=105.89;cscore=93.42;sscore=12.47;rscore=16.65;uscore=3.32;tscore=-7.50;
NODE_3_length_404174_cov_108.718135	Prodigal_v2.6.3	CDS	298945	300108	150.3	+	0	ID=3_279;partial=00;start_type=ATG;rbs_motif=AGGAG;rbs_spacer=5-10bp;gc_cont=0.515;conf=100.00;score=150.25;cscore=129.45;sscore=20.81;rscore=15.31;uscore=0.58;tscore=3.92;
NODE_3_length_404174_cov_108.718135	Prodigal_v2.6.3	CDS	300284	301660	164.2	-	0	ID=3_280;partial=00;start_type=ATG;rbs_motif=GGAGG;rbs_spacer=5-10bp;gc_cont=0.490;conf=100.00;score=164.19;cscore=142.33;sscore=21.86;rscore=16.07;uscore=1.87;tscore=3.92;
NODE_3_length_404174_cov_108.718135	Prodigal_v2.6.3	CDS	301793	302551	67.9	-	0	ID=3_281;partial=00;start_type=ATG;rbs_motif=GGA/GAG/AGG;rbs_spacer=5-10bp;gc_cont=0.469;conf=100.00;score=67.90;cscore=63.05;sscore=4.85;rscore=-1.95;uscore=2.88;tscore=3.92;
NODE_3_length_404174_cov_108.718135	Prodigal_v2.6.3	CDS	302716	302859	11.1	-	0	ID=3_282;partial=00;start_type=ATG;rbs_motif=GGAG/GAGG;rbs_spacer=5-10bp;gc_cont=0.444;conf=92.84;score=11.14;cscore=0.85;sscore=10.29;rscore=5.84;uscore=1.08;tscore=2.21;
NODE_3_length_404174_cov_108.718135	Prodigal_v2.6.3	CDS	302843	304450	180.3	-	0	ID=3_283;partial=00;start_type=GTG;rbs_motif=GGAG/GAGG;rbs_spacer=5-10bp;gc_cont=0.471;conf=99.99;score=180.35;cscore=173.69;sscore=6.66;rscore=10.35;uscore=1.33;tscore=-4.36;
NODE_3_length_404174_cov_108.718135	Prodigal_v2.6.3	CDS	304838	307555	343.3	+	0	ID=3_284;partial=00;start_type=ATG;rbs_motif=GGAG/GAGG;rbs_spacer=5-10bp;gc_cont=0.498;conf=99.99;score=343.26;cscore=324.70;sscore=18.56;rscore=10.35;uscore=4.28;tscore=3.92;
NODE_3_length_404174_cov_108.718135	Prodigal_v2.6.3	CDS	307855	308220	42.1	+	0	ID=3_285;partial=00;start_type=TTG;rbs_motif=AGGAG;rbs_spacer=5-10bp;gc_cont=0.467;conf=99.99;score=42.08;cscore=30.71;sscore=11.37;rscore=15.31;uscore=4.22;tscore=-7.50;
NODE_3_length_404174_cov_108.718135	Prodigal_v2.6.3	CDS	308374	309747	137.5	-	0	ID=3_286;partial=00;start_type=ATG;rbs_motif=None;rbs_spacer=None;gc_cont=0.501;conf=100.00;score=137.47;cscore=144.16;sscore=-6.69;rscore=-15.61;uscore=4.14;tscore=3.92;
NODE_3_length_404174_cov_108.718135	Prodigal_v2.6.3	CDS	309787	311316	194.5	-	0	ID=3_287;partial=00;start_type=ATG;rbs_motif=AGxAGG/AGGxGG;rbs_spacer=5-10bp;gc_cont=0.497;conf=99.99;score=194.52;cscore=181.41;sscore=13.12;rscore=11.15;uscore=-1.31;tscore=3.92;
NODE_3_length_404174_cov_108.718135	Prodigal_v2.6.3	CDS	311562	311753	25.4	+	0	ID=3_288;partial=00;start_type=ATG;rbs_motif=AGGAGG;rbs_spacer=5-10bp;gc_cont=0.490;conf=99.71;score=25.39;cscore=9.26;sscore=16.12;rscore=12.59;uscore=0.57;tscore=2.97;
NODE_3_length_404174_cov_108.718135	Prodigal_v2.6.3	CDS	311882	312520	72.2	+	0	ID=3_289;partial=00;start_type=ATG;rbs_motif=GGAG/GAGG;rbs_spacer=5-10bp;gc_cont=0.466;conf=100.00;score=72.15;cscore=56.26;sscore=15.89;rscore=10.35;uscore=1.61;tscore=3.92;
NODE_3_length_404174_cov_108.718135	Prodigal_v2.6.3	CDS	312541	312873	55.7	+	0	ID=3_290;partial=00;start_type=ATG;rbs_motif=GGAGG;rbs_spacer=5-10bp;gc_cont=0.511;conf=100.00;score=55.73;cscore=32.53;sscore=23.20;rscore=16.07;uscore=2.15;tscore=3.92;
NODE_3_length_404174_cov_108.718135	Prodigal_v2.6.3	CDS	312994	313935	134.0	-	0	ID=3_291;partial=00;start_type=ATG;rbs_motif=AGGAGG;rbs_spacer=5-10bp;gc_cont=0.459;conf=100.00;score=134.05;cscore=112.18;sscore=21.87;rscore=16.65;uscore=-4.36;tscore=3.92;
NODE_3_length_404174_cov_108.718135	Prodigal_v2.6.3	CDS	313932	314828	112.0	-	0	ID=3_292;partial=00;start_type=ATG;rbs_motif=AGGAGG;rbs_spacer=5-10bp;gc_cont=0.492;conf=100.00;score=112.03;cscore=90.16;sscore=21.87;rscore=16.65;uscore=-1.91;tscore=3.92;
NODE_3_length_404174_cov_108.718135	Prodigal_v2.6.3	CDS	314825	315568	105.1	-	0	ID=3_293;partial=00;start_type=ATG;rbs_motif=GGAGG;rbs_spacer=5-10bp;gc_cont=0.478;conf=100.00;score=105.08;cscore=83.34;sscore=21.75;rscore=16.07;uscore=2.40;tscore=3.92;
NODE_3_length_404174_cov_108.718135	Prodigal_v2.6.3	CDS	315845	317311	213.9	-	0	ID=3_294;partial=00;start_type=ATG;rbs_motif=AGGAGG;rbs_spacer=5-10bp;gc_cont=0.488;conf=99.99;score=213.85;cscore=193.09;sscore=20.77;rscore=16.65;uscore=0.84;tscore=3.92;
NODE_3_length_404174_cov_108.718135	Prodigal_v2.6.3	CDS	317512	317781	16.3	-	0	ID=3_295;partial=00;start_type=TTG;rbs_motif=GGAG/GAGG;rbs_spacer=5-10bp;gc_cont=0.437;conf=97.67;score=16.26;cscore=12.31;sscore=3.94;rscore=10.35;uscore=1.74;tscore=-7.50;
NODE_3_length_404174_cov_108.718135	Prodigal_v2.6.3	CDS	318190	319107	105.0	+	0	ID=3_296;partial=00;start_type=ATG;rbs_motif=AGGA/GGAG/GAGG;rbs_spacer=11-12bp;gc_cont=0.450;conf=100.00;score=104.97;cscore=92.38;sscore=12.59;rscore=5.64;uscore=3.02;tscore=3.92;
NODE_3_length_404174_cov_108.718135	Prodigal_v2.6.3	CDS	319347	319988	82.9	+	0	ID=3_297;partial=00;start_type=ATG;rbs_motif=AGGA;rbs_spacer=5-10bp;gc_cont=0.489;conf=100.00;score=82.90;cscore=71.14;sscore=11.75;rscore=7.02;uscore=1.46;tscore=3.92;
NODE_3_length_404174_cov_108.718135	Prodigal_v2.6.3	CDS	320106	320738	77.6	-	0	ID=3_298;partial=00;start_type=TTG;rbs_motif=AGGAGG;rbs_spacer=5-10bp;gc_cont=0.480;conf=100.00;score=77.57;cscore=72.40;sscore=5.17;rscore=16.65;uscore=-3.98;tscore=-7.50;
NODE_3_length_404174_cov_108.718135	Prodigal_v2.6.3	CDS	320895	321419	36.9	-	0	ID=3_299;partial=00;start_type=TTG;rbs_motif=GGAGG;rbs_spacer=5-10bp;gc_cont=0.446;conf=99.98;score=36.88;cscore=29.34;sscore=7.54;rscore=16.07;uscore=-0.38;tscore=-7.50;
NODE_3_length_404174_cov_108.718135	Prodigal_v2.6.3	CDS	321682	323478	115.4	+	0	ID=3_300;partial=00;start_type=ATG;rbs_motif=AGGA;rbs_spacer=5-10bp;gc_cont=0.499;conf=100.00;score=115.44;cscore=102.70;sscore=12.74;rscore=7.02;uscore=1.80;tscore=3.92;
NODE_3_length_404174_cov_108.718135	Prodigal_v2.6.3	CDS	323629	324531	117.4	+	0	ID=3_301;partial=00;start_type=ATG;rbs_motif=AGGAG;rbs_spacer=5-10bp;gc_cont=0.481;conf=100.00;score=117.42;cscore=96.55;sscore=20.88;rscore=15.31;uscore=1.65;tscore=3.92;
NODE_3_length_404174_cov_108.718135	Prodigal_v2.6.3	CDS	324775	324924	14.7	+	0	ID=3_302;partial=00;start_type=ATG;rbs_motif=GGAG/GAGG;rbs_spacer=5-10bp;gc_cont=0.453;conf=96.70;score=14.69;cscore=4.40;sscore=10.29;rscore=6.09;uscore=2.55;tscore=2.31;
NODE_3_length_404174_cov_108.718135	Prodigal_v2.6.3	CDS	325532	327880	184.3	-	0	ID=3_303;partial=00;start_type=ATG;rbs_motif=GGAGG;rbs_spacer=5-10bp;gc_cont=0.459;conf=99.99;score=184.28;cscore=161.59;sscore=22.69;rscore=16.07;uscore=2.70;tscore=3.92;
NODE_3_length_404174_cov_108.718135	Prodigal_v2.6.3	CDS	328055	329239	129.7	-	0	ID=3_304;partial=00;start_type=ATG;rbs_motif=GGAGG;rbs_spacer=5-10bp;gc_cont=0.424;conf=100.00;score=129.70;cscore=107.31;sscore=22.39;rscore=16.07;uscore=3.05;tscore=3.92;
NODE_3_length_404174_cov_108.718135	Prodigal_v2.6.3	CDS	329691	329978	5.3	-	0	ID=3_305;partial=00;start_type=GTG;rbs_motif=GGAG/GAGG;rbs_spacer=5-10bp;gc_cont=0.438;conf=77.09;score=5.28;cscore=-2.60;sscore=7.88;rscore=10.35;uscore=3.05;tscore=-4.36;
NODE_3_length_404174_cov_108.718135	Prodigal_v2.6.3	CDS	330985	331341	22.3	-	0	ID=3_306;partial=00;start_type=ATG;rbs_motif=AGxAGG/AGGxGG;rbs_spacer=11-12bp;gc_cont=0.515;conf=99.41;score=22.27;cscore=12.11;sscore=10.16;rscore=5.02;uscore=-0.04;tscore=3.92;
NODE_3_length_404174_cov_108.718135	Prodigal_v2.6.3	CDS	331335	331745	45.5	-	0	ID=3_307;partial=00;start_type=ATG;rbs_motif=AGGAG;rbs_spacer=5-10bp;gc_cont=0.489;conf=100.00;score=45.51;cscore=30.97;sscore=14.55;rscore=15.31;uscore=-4.03;tscore=3.92;
NODE_3_length_404174_cov_108.718135	Prodigal_v2.6.3	CDS	331840	331959	5.3	+	0	ID=3_308;partial=00;start_type=ATG;rbs_motif=GGAG/GAGG;rbs_spacer=5-10bp;gc_cont=0.408;conf=77.14;score=5.29;cscore=-0.95;sscore=6.24;rscore=4.84;uscore=0.06;tscore=1.84;
NODE_3_length_404174_cov_108.718135	Prodigal_v2.6.3	CDS	332171	332473	10.9	-	0	ID=3_309;partial=00;start_type=ATG;rbs_motif=GGA/GAG/AGG;rbs_spacer=5-10bp;gc_cont=0.485;conf=92.42;score=10.88;cscore=10.13;sscore=0.75;rscore=-1.95;uscore=-1.22;tscore=3.92;
NODE_3_length_404174_cov_108.718135	Prodigal_v2.6.3	CDS	332451	332633	1.4	-	0	ID=3_310;partial=00;start_type=ATG;rbs_motif=GGA/GAG/AGG;rbs_spacer=5-10bp;gc_cont=0.372;conf=57.92;score=1.39;cscore=5.43;sscore=-4.04;rscore=-2.72;uscore=-3.50;tscore=2.83;
NODE_3_length_404174_cov_108.718135	Prodigal_v2.6.3	CDS	333026	333313	7.5	-	0	ID=3_311;partial=00;start_type=TTG;rbs_motif=GGAG/GAGG;rbs_spacer=5-10bp;gc_cont=0.455;conf=84.85;score=7.49;cscore=6.37;sscore=1.13;rscore=10.35;uscore=-1.07;tscore=-7.50;
NODE_3_length_404174_cov_108.718135	Prodigal_v2.6.3	CDS	333490	334776	207.0	+	0	ID=3_312;partial=00;start_type=ATG;rbs_motif=AGGAG;rbs_spacer=5-10bp;gc_cont=0.497;conf=99.99;score=206.96;cscore=185.93;sscore=21.03;rscore=15.31;uscore=1.80;tscore=3.92;
NODE_3_length_404174_cov_108.718135	Prodigal_v2.6.3	CDS	334852	337107	235.2	+	0	ID=3_313;partial=00;start_type=ATG;rbs_motif=AGGA;rbs_spacer=5-10bp;gc_cont=0.484;conf=99.99;score=235.22;cscore=224.92;sscore=10.31;rscore=7.02;uscore=-0.64;tscore=3.92;
NODE_3_length_404174_cov_108.718135	Prodigal_v2.6.3	CDS	337488	338435	125.4	+	0	ID=3_314;partial=00;start_type=ATG;rbs_motif=GGAGG;rbs_spacer=5-10bp;gc_cont=0.435;conf=100.00;score=125.40;cscore=105.93;sscore=19.48;rscore=16.07;uscore=0.14;tscore=3.92;
NODE_3_length_404174_cov_108.718135	Prodigal_v2.6.3	CDS	338495	339268	104.3	+	0	ID=3_315;partial=00;start_type=ATG;rbs_motif=GGAGG;rbs_spacer=5-10bp;gc_cont=0.452;conf=100.00;score=104.30;cscore=86.15;sscore=18.15;rscore=16.07;uscore=-1.84;tscore=3.92;
NODE_3_length_404174_cov_108.718135	Prodigal_v2.6.3	CDS	339268	340050	119.3	+	0	ID=3_316;partial=00;start_type=ATG;rbs_motif=AGGAGG;rbs_spacer=5-10bp;gc_cont=0.444;conf=100.00;score=119.34;cscore=95.60;sscore=23.75;rscore=16.65;uscore=1.89;tscore=3.92;
NODE_3_length_404174_cov_108.718135	Prodigal_v2.6.3	CDS	340047	340850	82.5	+	0	ID=3_317;partial=00;start_type=ATG;rbs_motif=GGAGG;rbs_spacer=5-10bp;gc_cont=0.460;conf=100.00;score=82.47;cscore=61.19;sscore=21.29;rscore=16.07;uscore=-2.21;tscore=3.92;
NODE_3_length_404174_cov_108.718135	Prodigal_v2.6.3	CDS	341229	342203	143.9	-	0	ID=3_318;partial=00;start_type=ATG;rbs_motif=AGxAGG/AGGxGG;rbs_spacer=5-10bp;gc_cont=0.471;conf=100.00;score=143.87;cscore=128.26;sscore=15.61;rscore=11.15;uscore=-0.68;tscore=3.92;
NODE_3_length_404174_cov_108.718135	Prodigal_v2.6.3	CDS	342193	343725	188.3	-	0	ID=3_319;partial=00;start_type=ATG;rbs_motif=AGGAG;rbs_spacer=5-10bp;gc_cont=0.498;conf=99.99;score=188.32;cscore=169.13;sscore=19.19;rscore=15.31;uscore=-0.04;tscore=3.92;
NODE_3_length_404174_cov_108.718135	Prodigal_v2.6.3	CDS	343682	344914	102.0	-	0	ID=3_320;partial=00;start_type=ATG;rbs_motif=GGA/GAG/AGG;rbs_spacer=11-12bp;gc_cont=0.457;conf=100.00;score=101.95;cscore=96.74;sscore=5.22;rscore=-4.11;uscore=-2.41;tscore=3.92;
NODE_3_length_404174_cov_108.718135	Prodigal_v2.6.3	CDS	344911	345612	92.8	-	0	ID=3_321;partial=00;start_type=ATG;rbs_motif=AGGAGG;rbs_spacer=5-10bp;gc_cont=0.479;conf=100.00;score=92.81;cscore=70.94;sscore=21.87;rscore=16.65;uscore=-0.17;tscore=3.92;
NODE_3_length_404174_cov_108.718135	Prodigal_v2.6.3	CDS	345609	346424	82.1	-	0	ID=3_322;partial=00;start_type=ATG;rbs_motif=AGGAG;rbs_spacer=5-10bp;gc_cont=0.485;conf=100.00;score=82.14;cscore=61.38;sscore=20.76;rscore=15.31;uscore=2.18;tscore=3.92;
NODE_3_length_404174_cov_108.718135	Prodigal_v2.6.3	CDS	346719	347498	82.2	-	0	ID=3_323;partial=00;start_type=ATG;rbs_motif=GGAGG;rbs_spacer=5-10bp;gc_cont=0.403;conf=100.00;score=82.16;cscore=63.18;sscore=18.98;rscore=16.07;uscore=-2.25;tscore=3.92;
NODE_3_length_404174_cov_108.718135	Prodigal_v2.6.3	CDS	347502	348272	79.5	-	0	ID=3_324;partial=00;start_type=ATG;rbs_motif=AGxAGG/AGGxGG;rbs_spacer=5-10bp;gc_cont=0.442;conf=100.00;score=79.46;cscore=62.52;sscore=16.94;rscore=11.15;uscore=0.57;tscore=3.92;
NODE_3_length_404174_cov_108.718135	Prodigal_v2.6.3	CDS	348269	349219	107.0	-	0	ID=3_325;partial=00;start_type=ATG;rbs_motif=AGxAGG/AGGxGG;rbs_spacer=5-10bp;gc_cont=0.442;conf=100.00;score=107.04;cscore=91.31;sscore=15.73;rscore=11.15;uscore=1.31;tscore=3.92;
NODE_3_length_404174_cov_108.718135	Prodigal_v2.6.3	CDS	349694	349942	9.4	-	0	ID=3_326;partial=00;start_type=ATG;rbs_motif=AGxAGG/AGGxGG;rbs_spacer=5-10bp;gc_cont=0.514;conf=89.64;score=9.39;cscore=-4.90;sscore=14.29;rscore=10.97;uscore=0.60;tscore=3.86;
NODE_3_length_404174_cov_108.718135	Prodigal_v2.6.3	CDS	350190	350630	27.2	+	0	ID=3_327;partial=00;start_type=ATG;rbs_motif=GGA/GAG/AGG;rbs_spacer=11-12bp;gc_cont=0.463;conf=99.81;score=27.22;cscore=22.20;sscore=5.02;rscore=-4.11;uscore=5.21;tscore=3.92;
NODE_3_length_404174_cov_108.718135	Prodigal_v2.6.3	CDS	350609	350995	27.8	+	0	ID=3_328;partial=00;start_type=ATG;rbs_motif=GGA/GAG/AGG;rbs_spacer=5-10bp;gc_cont=0.460;conf=99.83;score=27.79;cscore=27.13;sscore=0.66;rscore=-1.95;uscore=-1.31;tscore=3.92;
NODE_3_length_404174_cov_108.718135	Prodigal_v2.6.3	CDS	350997	351956	80.2	-	0	ID=3_329;partial=00;start_type=ATG;rbs_motif=None;rbs_spacer=None;gc_cont=0.481;conf=100.00;score=80.17;cscore=92.85;sscore=-12.68;rscore=-15.61;uscore=-0.34;tscore=3.92;
NODE_3_length_404174_cov_108.718135	Prodigal_v2.6.3	CDS	352326	352649	45.7	+	0	ID=3_330;partial=00;start_type=ATG;rbs_motif=GGAG/GAGG;rbs_spacer=5-10bp;gc_cont=0.423;conf=100.00;score=45.75;cscore=30.56;sscore=15.19;rscore=10.35;uscore=0.91;tscore=3.92;
NODE_3_length_404174_cov_108.718135	Prodigal_v2.6.3	CDS	352816	353208	52.1	-	0	ID=3_331;partial=00;start_type=GTG;rbs_motif=AGGAGG;rbs_spacer=5-10bp;gc_cont=0.547;conf=100.00;score=52.13;cscore=36.71;sscore=15.42;rscore=16.65;uscore=2.00;tscore=-4.36;
NODE_3_length_404174_cov_108.718135	Prodigal_v2.6.3	CDS	353222	353668	55.1	-	0	ID=3_332;partial=00;start_type=GTG;rbs_motif=GGAGG;rbs_spacer=5-10bp;gc_cont=0.465;conf=100.00;score=55.06;cscore=41.32;sscore=13.74;rscore=16.07;uscore=2.69;tscore=-4.36;
NODE_3_length_404174_cov_108.718135	Prodigal_v2.6.3	CDS	353912	354523	47.9	-	0	ID=3_333;partial=00;start_type=ATG;rbs_motif=GGA/GAG/AGG;rbs_spacer=5-10bp;gc_cont=0.444;conf=100.00;score=47.88;cscore=43.30;sscore=4.58;rscore=-1.95;uscore=3.26;tscore=3.92;
NODE_3_length_404174_cov_108.718135	Prodigal_v2.6.3	CDS	354604	355662	115.3	+	0	ID=3_334;partial=00;start_type=ATG;rbs_motif=GGAG/GAGG;rbs_spacer=5-10bp;gc_cont=0.466;conf=100.00;score=115.28;cscore=96.89;sscore=18.39;rscore=10.35;uscore=4.11;tscore=3.92;
NODE_3_length_404174_cov_108.718135	Prodigal_v2.6.3	CDS	355664	356374	89.5	+	0	ID=3_335;partial=00;start_type=ATG;rbs_motif=GGAGG;rbs_spacer=5-10bp;gc_cont=0.464;conf=100.00;score=89.51;cscore=69.14;sscore=20.37;rscore=16.07;uscore=-0.89;tscore=3.92;
NODE_3_length_404174_cov_108.718135	Prodigal_v2.6.3	CDS	356548	356769	40.9	+	0	ID=3_336;partial=00;start_type=ATG;rbs_motif=GGAGG;rbs_spacer=5-10bp;gc_cont=0.446;conf=99.99;score=40.90;cscore=19.97;sscore=20.93;rscore=14.08;uscore=3.42;tscore=3.44;
NODE_3_length_404174_cov_108.718135	Prodigal_v2.6.3	CDS	357042	357803	109.5	+	0	ID=3_337;partial=00;start_type=ATG;rbs_motif=AGGAGG;rbs_spacer=5-10bp;gc_cont=0.459;conf=100.00;score=109.46;cscore=93.55;sscore=15.91;rscore=16.65;uscore=-4.02;tscore=3.92;
NODE_3_length_404174_cov_108.718135	Prodigal_v2.6.3	CDS	357898	358641	105.9	-	0	ID=3_338;partial=00;start_type=ATG;rbs_motif=AGxAGG/AGGxGG;rbs_spacer=5-10bp;gc_cont=0.462;conf=100.00;score=105.91;cscore=90.77;sscore=15.15;rscore=11.15;uscore=-1.06;tscore=3.92;
NODE_3_length_404174_cov_108.718135	Prodigal_v2.6.3	CDS	358655	359449	82.7	-	0	ID=3_339;partial=00;start_type=GTG;rbs_motif=GGAGG;rbs_spacer=5-10bp;gc_cont=0.484;conf=100.00;score=82.65;cscore=70.71;sscore=11.94;rscore=16.07;uscore=-1.01;tscore=-4.36;
NODE_3_length_404174_cov_108.718135	Prodigal_v2.6.3	CDS	359442	360287	97.2	-	0	ID=3_340;partial=00;start_type=GTG;rbs_motif=None;rbs_spacer=None;gc_cont=0.492;conf=100.00;score=97.25;cscore=100.32;sscore=-3.07;rscore=-15.61;uscore=-0.17;tscore=-4.36;
NODE_3_length_404174_cov_108.718135	Prodigal_v2.6.3	CDS	360284	361120	116.2	-	0	ID=3_341;partial=00;start_type=GTG;rbs_motif=AGxAGG/AGGxGG;rbs_spacer=5-10bp;gc_cont=0.489;conf=100.00;score=116.22;cscore=107.02;sscore=9.21;rscore=11.15;uscore=2.42;tscore=-4.36;
NODE_3_length_404174_cov_108.718135	Prodigal_v2.6.3	CDS	361264	361935	49.9	-	0	ID=3_342;partial=00;start_type=ATG;rbs_motif=GGAGG;rbs_spacer=5-10bp;gc_cont=0.433;conf=100.00;score=49.93;cscore=25.87;sscore=24.05;rscore=16.07;uscore=4.71;tscore=3.92;
NODE_3_length_404174_cov_108.718135	Prodigal_v2.6.3	CDS	362352	362735	65.4	-	0	ID=3_343;partial=00;start_type=ATG;rbs_motif=AGGAGG;rbs_spacer=5-10bp;gc_cont=0.510;conf=100.00;score=65.41;cscore=39.72;sscore=25.69;rscore=16.65;uscore=4.07;tscore=3.92;
NODE_3_length_404174_cov_108.718135	Prodigal_v2.6.3	CDS	362757	363695	111.3	-	0	ID=3_344;partial=00;start_type=ATG;rbs_motif=GGA/GAG/AGG;rbs_spacer=11-12bp;gc_cont=0.455;conf=100.00;score=111.26;cscore=110.44;sscore=0.81;rscore=-4.11;uscore=1.00;tscore=3.92;
NODE_3_length_404174_cov_108.718135	Prodigal_v2.6.3	CDS	363770	364159	51.2	-	0	ID=3_345;partial=00;start_type=ATG;rbs_motif=AGGAGG;rbs_spacer=5-10bp;gc_cont=0.533;conf=100.00;score=51.21;cscore=24.50;sscore=26.71;rscore=16.65;uscore=5.08;tscore=3.92;
NODE_3_length_404174_cov_108.718135	Prodigal_v2.6.3	CDS	364180	364545	64.5	-	0	ID=3_346;partial=00;start_type=ATG;rbs_motif=AGGAGG;rbs_spacer=11-12bp;gc_cont=0.478;conf=100.00;score=64.46;cscore=41.06;sscore=23.40;rscore=14.31;uscore=4.25;tscore=3.92;
NODE_3_length_404174_cov_108.718135	Prodigal_v2.6.3	CDS	364579	364695	1.6	-	0	ID=3_347;partial=00;start_type=ATG;rbs_motif=AGGAGG;rbs_spacer=5-10bp;gc_cont=0.462;conf=59.25;score=1.63;cscore=-8.99;sscore=10.62;rscore=7.59;uscore=0.76;tscore=1.79;
NODE_3_length_404174_cov_108.718135	Prodigal_v2.6.3	CDS	364723	364941	29.7	-	0	ID=3_348;partial=00;start_type=GTG;rbs_motif=AGGAGG;rbs_spacer=5-10bp;gc_cont=0.475;conf=99.89;score=29.74;cscore=17.09;sscore=12.64;rscore=14.39;uscore=3.30;tscore=-5.05;
NODE_3_length_404174_cov_108.718135	Prodigal_v2.6.3	CDS	365085	365741	85.6	-	0	ID=3_349;partial=00;start_type=GTG;rbs_motif=AGGAGG;rbs_spacer=5-10bp;gc_cont=0.481;conf=100.00;score=85.61;cscore=74.27;sscore=11.33;rscore=16.65;uscore=-0.95;tscore=-4.36;
NODE_3_length_404174_cov_108.718135	Prodigal_v2.6.3	CDS	365889	367214	163.4	-	0	ID=3_350;partial=00;start_type=ATG;rbs_motif=GGAG/GAGG;rbs_spacer=5-10bp;gc_cont=0.477;conf=100.00;score=163.43;cscore=147.87;sscore=15.56;rscore=10.35;uscore=-3.02;tscore=3.92;
NODE_3_length_404174_cov_108.718135	Prodigal_v2.6.3	CDS	367214	367654	65.3	-	0	ID=3_351;partial=00;start_type=ATG;rbs_motif=AGGAGG;rbs_spacer=11-12bp;gc_cont=0.519;conf=100.00;score=65.33;cscore=44.33;sscore=20.99;rscore=14.31;uscore=1.84;tscore=3.92;
NODE_3_length_404174_cov_108.718135	Prodigal_v2.6.3	CDS	367688	367873	27.2	-	0	ID=3_352;partial=00;start_type=ATG;rbs_motif=AGGAGG;rbs_spacer=5-10bp;gc_cont=0.446;conf=99.81;score=27.20;cscore=10.89;sscore=16.31;rscore=12.19;uscore=0.09;tscore=2.87;
NODE_3_length_404174_cov_108.718135	Prodigal_v2.6.3	CDS	367885	368388	80.9	-	0	ID=3_353;partial=00;start_type=ATG;rbs_motif=AGGAGG;rbs_spacer=11-12bp;gc_cont=0.512;conf=100.00;score=80.93;cscore=57.88;sscore=23.05;rscore=14.31;uscore=3.78;tscore=3.92;
NODE_3_length_404174_cov_108.718135	Prodigal_v2.6.3	CDS	368411	368770	40.7	-	0	ID=3_354;partial=00;start_type=GTG;rbs_motif=GGAG/GAGG;rbs_spacer=5-10bp;gc_cont=0.492;conf=99.99;score=40.71;cscore=31.04;sscore=9.66;rscore=10.35;uscore=2.81;tscore=-4.36;
NODE_3_length_404174_cov_108.718135	Prodigal_v2.6.3	CDS	368808	369338	89.5	-	0	ID=3_355;partial=00;start_type=GTG;rbs_motif=AGGAGG;rbs_spacer=5-10bp;gc_cont=0.493;conf=100.00;score=89.49;cscore=71.14;sscore=18.35;rscore=16.65;uscore=5.11;tscore=-4.36;
NODE_3_length_404174_cov_108.718135	Prodigal_v2.6.3	CDS	369369	369767	67.0	-	0	ID=3_356;partial=00;start_type=ATG;rbs_motif=AGGAGG;rbs_spacer=5-10bp;gc_cont=0.459;conf=100.00;score=67.03;cscore=44.53;sscore=22.50;rscore=16.65;uscore=0.92;tscore=3.92;
NODE_3_length_404174_cov_108.718135	Prodigal_v2.6.3	CDS	369993	370535	88.5	-	0	ID=3_357;partial=00;start_type=ATG;rbs_motif=AGGAGG;rbs_spacer=11-12bp;gc_cont=0.481;conf=100.00;score=88.50;cscore=67.37;sscore=21.13;rscore=14.31;uscore=1.88;tscore=3.92;
NODE_3_length_404174_cov_108.718135	Prodigal_v2.6.3	CDS	370560	370871	59.2	-	0	ID=3_358;partial=00;start_type=ATG;rbs_motif=AGGAGG;rbs_spacer=5-10bp;gc_cont=0.452;conf=100.00;score=59.22;cscore=36.20;sscore=23.02;rscore=16.65;uscore=1.49;tscore=3.92;
NODE_3_length_404174_cov_108.718135	Prodigal_v2.6.3	CDS	370901	371269	48.0	-	0	ID=3_359;partial=00;start_type=GTG;rbs_motif=AGGAGG;rbs_spacer=5-10bp;gc_cont=0.518;conf=100.00;score=48.03;cscore=31.76;sscore=16.26;rscore=16.65;uscore=3.04;tscore=-4.36;
NODE_3_length_404174_cov_108.718135	Prodigal_v2.6.3	CDS	371301	371564	33.7	-	0	ID=3_360;partial=00;start_type=TTG;rbs_motif=AGGAG;rbs_spacer=5-10bp;gc_cont=0.451;conf=99.96;score=33.74;cscore=22.29;sscore=11.45;rscore=15.31;uscore=2.59;tscore=-7.50;
NODE_3_length_404174_cov_108.718135	Prodigal_v2.6.3	CDS	371585	371779	25.3	-	0	ID=3_361;partial=00;start_type=ATG;rbs_motif=AGxAGG/AGGxGG;rbs_spacer=5-10bp;gc_cont=0.446;conf=99.71;score=25.34;cscore=15.18;sscore=10.17;rscore=8.56;uscore=-2.63;tscore=3.01;
NODE_3_length_404174_cov_108.718135	Prodigal_v2.6.3	CDS	371769	372203	64.7	-	0	ID=3_362;partial=00;start_type=ATG;rbs_motif=AGGAGG;rbs_spacer=5-10bp;gc_cont=0.499;conf=100.00;score=64.72;cscore=40.86;sscore=23.87;rscore=16.65;uscore=2.05;tscore=3.92;
NODE_3_length_404174_cov_108.718135	Prodigal_v2.6.3	CDS	372207	372869	93.3	-	0	ID=3_363;partial=00;start_type=GTG;rbs_motif=AGGAGG;rbs_spacer=5-10bp;gc_cont=0.478;conf=100.00;score=93.27;cscore=76.98;sscore=16.28;rscore=16.65;uscore=2.86;tscore=-4.36;
NODE_3_length_404174_cov_108.718135	Prodigal_v2.6.3	CDS	372883	373236	48.3	-	0	ID=3_364;partial=00;start_type=ATG;rbs_motif=AGGAG;rbs_spacer=5-10bp;gc_cont=0.500;conf=100.00;score=48.29;cscore=25.56;sscore=22.73;rscore=15.31;uscore=2.41;tscore=3.92;
NODE_3_length_404174_cov_108.718135	Prodigal_v2.6.3	CDS	373254	373535	45.5	-	0	ID=3_365;partial=00;start_type=ATG;rbs_motif=AGGAGG;rbs_spacer=5-10bp;gc_cont=0.482;conf=100.00;score=45.48;cscore=21.88;sscore=23.59;rscore=16.65;uscore=2.16;tscore=3.92;
NODE_3_length_404174_cov_108.718135	Prodigal_v2.6.3	CDS	373575	374411	104.1	-	0	ID=3_366;partial=00;start_type=GTG;rbs_motif=AGGAGG;rbs_spacer=5-10bp;gc_cont=0.484;conf=100.00;score=104.09;cscore=87.64;sscore=16.45;rscore=16.65;uscore=3.19;tscore=-4.36;
NODE_3_length_404174_cov_108.718135	Prodigal_v2.6.3	CDS	374440	374742	56.4	-	0	ID=3_367;partial=00;start_type=ATG;rbs_motif=AGGAGG;rbs_spacer=5-10bp;gc_cont=0.475;conf=100.00;score=56.42;cscore=33.71;sscore=22.71;rscore=16.65;uscore=0.85;tscore=3.92;
NODE_3_length_404174_cov_108.718135	Prodigal_v2.6.3	CDS	374742	375365	84.9	-	0	ID=3_368;partial=00;start_type=ATG;rbs_motif=GGAGG;rbs_spacer=5-10bp;gc_cont=0.503;conf=100.00;score=84.86;cscore=60.74;sscore=24.12;rscore=16.07;uscore=3.10;tscore=3.92;
NODE_3_length_404174_cov_108.718135	Prodigal_v2.6.3	CDS	375388	376020	100.0	-	0	ID=3_369;partial=00;start_type=ATG;rbs_motif=AGGAGG;rbs_spacer=5-10bp;gc_cont=0.504;conf=100.00;score=99.98;cscore=72.08;sscore=27.90;rscore=16.65;uscore=6.32;tscore=3.92;
NODE_3_length_404174_cov_108.718135	Prodigal_v2.6.3	CDS	376046	376354	46.2	-	0	ID=3_370;partial=00;start_type=ATG;rbs_motif=AGGAGG;rbs_spacer=5-10bp;gc_cont=0.466;conf=100.00;score=46.23;cscore=26.13;sscore=20.10;rscore=16.65;uscore=0.17;tscore=3.92;
NODE_3_length_404174_cov_108.718135	Prodigal_v2.6.3	CDS	376679	377116	66.3	+	0	ID=3_371;partial=00;start_type=ATG;rbs_motif=GGAGG;rbs_spacer=5-10bp;gc_cont=0.411;conf=100.00;score=66.30;cscore=42.89;sscore=23.41;rscore=16.07;uscore=3.41;tscore=3.92;
NODE_3_length_404174_cov_108.718135	Prodigal_v2.6.3	CDS	377259	377822	90.5	-	0	ID=3_372;partial=00;start_type=ATG;rbs_motif=GGAGG;rbs_spacer=5-10bp;gc_cont=0.498;conf=100.00;score=90.54;cscore=64.54;sscore=26.00;rscore=16.07;uscore=6.66;tscore=3.92;
NODE_3_length_404174_cov_108.718135	Prodigal_v2.6.3	CDS	378102	379136	112.3	-	0	ID=3_373;partial=00;start_type=GTG;rbs_motif=AGxAGG/AGGxGG;rbs_spacer=5-10bp;gc_cont=0.479;conf=100.00;score=112.33;cscore=104.98;sscore=7.35;rscore=11.15;uscore=1.21;tscore=-4.36;
NODE_3_length_404174_cov_108.718135	Prodigal_v2.6.3	CDS	379318	381420	330.5	-	0	ID=3_374;partial=00;start_type=ATG;rbs_motif=AGGAG/GGAGG;rbs_spacer=11-12bp;gc_cont=0.488;conf=99.99;score=330.52;cscore=311.25;sscore=19.27;rscore=12.17;uscore=3.18;tscore=3.92;
NODE_3_length_404174_cov_108.718135	Prodigal_v2.6.3	CDS	381510	381980	66.9	-	0	ID=3_375;partial=00;start_type=ATG;rbs_motif=AGGAGG;rbs_spacer=5-10bp;gc_cont=0.469;conf=100.00;score=66.88;cscore=47.36;sscore=19.52;rscore=16.65;uscore=-0.41;tscore=3.92;
NODE_3_length_404174_cov_108.718135	Prodigal_v2.6.3	CDS	382178	382594	59.7	-	0	ID=3_376;partial=00;start_type=ATG;rbs_motif=AGGAG;rbs_spacer=5-10bp;gc_cont=0.487;conf=100.00;score=59.69;cscore=36.64;sscore=23.05;rscore=15.31;uscore=4.47;tscore=3.92;
NODE_3_length_404174_cov_108.718135	Prodigal_v2.6.3	CDS	383325	391499	1070.9	-	0	ID=3_377;partial=00;start_type=ATG;rbs_motif=AGGAGG;rbs_spacer=11-12bp;gc_cont=0.487;conf=99.99;score=1070.85;cscore=1051.00;sscore=19.86;rscore=14.31;uscore=2.27;tscore=3.92;
NODE_3_length_404174_cov_108.718135	Prodigal_v2.6.3	CDS	391887	392381	21.1	+	0	ID=3_378;partial=00;start_type=ATG;rbs_motif=GGAG/GAGG;rbs_spacer=5-10bp;gc_cont=0.485;conf=99.22;score=21.06;cscore=5.58;sscore=15.49;rscore=10.35;uscore=1.21;tscore=3.92;
NODE_3_length_404174_cov_108.718135	Prodigal_v2.6.3	CDS	392572	396234	495.0	-	0	ID=3_379;partial=00;start_type=TTG;rbs_motif=AGGAGG;rbs_spacer=5-10bp;gc_cont=0.499;conf=99.99;score=494.99;cscore=483.28;sscore=11.70;rscore=16.65;uscore=1.41;tscore=-7.50;
NODE_3_length_404174_cov_108.718135	Prodigal_v2.6.3	CDS	396247	399831	485.8	-	0	ID=3_380;partial=00;start_type=GTG;rbs_motif=AGGA;rbs_spacer=5-10bp;gc_cont=0.482;conf=99.99;score=485.77;cscore=483.51;sscore=2.27;rscore=7.02;uscore=0.26;tscore=-4.36;
NODE_3_length_404174_cov_108.718135	Prodigal_v2.6.3	CDS	400176	402683	390.2	-	0	ID=3_381;partial=00;start_type=ATG;rbs_motif=GGAG/GAGG;rbs_spacer=5-10bp;gc_cont=0.483;conf=99.99;score=390.21;cscore=370.60;sscore=19.61;rscore=10.35;uscore=4.49;tscore=3.92;
NODE_3_length_404174_cov_108.718135	Prodigal_v2.6.3	CDS	402723	403190	48.1	-	0	ID=3_382;partial=00;start_type=ATG;rbs_motif=AGGA;rbs_spacer=5-10bp;gc_cont=0.470;conf=100.00;score=48.07;cscore=34.60;sscore=13.47;rscore=7.02;uscore=3.18;tscore=3.92;
NODE_3_length_404174_cov_108.718135	Prodigal_v2.6.3	CDS	403873	404076	6.8	-	0	ID=3_383;partial=00;start_type=TTG;rbs_motif=GGAGG;rbs_spacer=5-10bp;gc_cont=0.520;conf=82.63;score=6.78;cscore=3.75;sscore=3.04;rscore=12.92;uscore=-0.56;tscore=-9.33;
# Sequence Data: seqnum=4;seqlen=348303;seqhdr="NODE_4_length_348303_cov_114.329901"
# Model Data: version=Prodigal.v2.6.3;run_type=Single;model="Ab initio";gc_cont=46.10;transl_table=11;uses_sd=1
NODE_4_length_348303_cov_114.329901	Prodigal_v2.6.3	CDS	1	408	32.5	-	0	ID=4_1;partial=10;start_type=ATG;rbs_motif=GGAG/GAGG;rbs_spacer=5-10bp;gc_cont=0.527;conf=99.94;score=32.51;cscore=20.44;sscore=12.06;rscore=10.35;uscore=-1.56;tscore=3.92;
NODE_4_length_348303_cov_114.329901	Prodigal_v2.6.3	CDS	597	1070	52.1	-	0	ID=4_2;partial=00;start_type=ATG;rbs_motif=AGGA/GGAG/GAGG;rbs_spacer=11-12bp;gc_cont=0.473;conf=100.00;score=52.05;cscore=37.86;sscore=14.19;rscore=5.64;uscore=4.62;tscore=3.92;
NODE_4_length_348303_cov_114.329901	Prodigal_v2.6.3	CDS	1196	2329	142.7	-	0	ID=4_3;partial=00;start_type=ATG;rbs_motif=AGGAGG;rbs_spacer=5-10bp;gc_cont=0.460;conf=100.00;score=142.72;cscore=119.77;sscore=22.96;rscore=16.65;uscore=3.03;tscore=3.92;
NODE_4_length_348303_cov_114.329901	Prodigal_v2.6.3	CDS	2821	3282	69.1	+	0	ID=4_4;partial=00;start_type=ATG;rbs_motif=GGAGG;rbs_spacer=5-10bp;gc_cont=0.450;conf=100.00;score=69.07;cscore=49.30;sscore=19.77;rscore=16.07;uscore=-0.22;tscore=3.92;
NODE_4_length_348303_cov_114.329901	Prodigal_v2.6.3	CDS	3292	3945	100.8	+	0	ID=4_5;partial=00;start_type=ATG;rbs_motif=AGGAGG;rbs_spacer=5-10bp;gc_cont=0.446;conf=100.00;score=100.78;cscore=77.48;sscore=23.30;rscore=16.65;uscore=1.55;tscore=3.92;
NODE_4_length_348303_cov_114.329901	Prodigal_v2.6.3	CDS	3955	4800	103.3	-	0	ID=4_6;partial=00;start_type=ATG;rbs_motif=AGGAG;rbs_spacer=5-10bp;gc_cont=0.476;conf=100.00;score=103.32;cscore=82.80;sscore=20.53;rscore=15.31;uscore=-1.69;tscore=3.92;
NODE_4_length_348303_cov_114.329901	Prodigal_v2.6.3	CDS	4797	5774	71.0	-	0	ID=4_7;partial=00;start_type=ATG;rbs_motif=None;rbs_spacer=None;gc_cont=0.464;conf=100.00;score=71.02;cscore=80.02;sscore=-9.00;rscore=-15.61;uscore=3.33;tscore=3.92;
NODE_4_length_348303_cov_114.329901	Prodigal_v2.6.3	CDS	5963	6787	124.3	+	0	ID=4_8;partial=00;start_type=ATG;rbs_motif=AGGAGG;rbs_spacer=5-10bp;gc_cont=0.470;conf=100.00;score=124.30;cscore=101.59;sscore=22.71;rscore=16.65;uscore=2.13;tscore=3.92;
NODE_4_length_348303_cov_114.329901	Prodigal_v2.6.3	CDS	6931	7404	76.1	+	0	ID=4_9;partial=00;start_type=ATG;rbs_motif=GGAG/GAGG;rbs_spacer=5-10bp;gc_cont=0.458;conf=100.00;score=76.13;cscore=60.03;sscore=16.10;rscore=10.35;uscore=1.82;tscore=3.92;
NODE_4_length_348303_cov_114.329901	Prodigal_v2.6.3	CDS	7414	8346	99.1	-	0	ID=4_10;partial=00;start_type=GTG;rbs_motif=GGAGG;rbs_spacer=5-10bp;gc_cont=0.476;conf=100.00;score=99.06;cscore=86.28;sscore=12.78;rscore=16.07;uscore=1.73;tscore=-4.36;
NODE_4_length_348303_cov_114.329901	Prodigal_v2.6.3	CDS	8468	8926	62.8	+	0	ID=4_11;partial=00;start_type=ATG;rbs_motif=GGAGG;rbs_spacer=5-10bp;gc_cont=0.458;conf=100.00;score=62.81;cscore=42.60;sscore=20.21;rscore=16.07;uscore=0.21;tscore=3.92;
NODE_4_length_348303_cov_114.329901	Prodigal_v2.6.3	CDS	9014	9682	97.4	-	0	ID=4_12;partial=00;start_type=ATG;rbs_motif=AGxAGG/AGGxGG;rbs_spacer=5-10bp;gc_cont=0.454;conf=100.00;score=97.37;cscore=85.45;sscore=11.92;rscore=11.15;uscore=-3.15;tscore=3.92;
NODE_4_length_348303_cov_114.329901	Prodigal_v2.6.3	CDS	9800	10954	161.6	-	0	ID=4_13;partial=00;start_type=ATG;rbs_motif=GGAGG;rbs_spacer=5-10bp;gc_cont=0.479;conf=100.00;score=161.57;cscore=137.21;sscore=24.36;rscore=16.07;uscore=3.41;tscore=3.92;
NODE_4_length_348303_cov_114.329901	Prodigal_v2.6.3	CDS	10984	11505	82.2	-	0	ID=4_14;partial=00;start_type=ATG;rbs_motif=AGGAG;rbs_spacer=5-10bp;gc_cont=0.485;conf=100.00;score=82.25;cscore=64.30;sscore=17.95;rscore=15.31;uscore=-0.63;tscore=3.92;
NODE_4_length_348303_cov_114.329901	Prodigal_v2.6.3	CDS	11773	12120	50.7	-	0	ID=4_15;partial=00;start_type=ATG;rbs_motif=GGAGG;rbs_spacer=5-10bp;gc_cont=0.489;conf=100.00;score=50.69;cscore=26.69;sscore=24.00;rscore=16.07;uscore=3.29;tscore=3.92;
NODE_4_length_348303_cov_114.329901	Prodigal_v2.6.3	CDS	12172	13095	101.9	-	0	ID=4_16;partial=00;start_type=ATG;rbs_motif=AGxAG;rbs_spacer=5-10bp;gc_cont=0.475;conf=100.00;score=101.91;cscore=99.79;sscore=2.12;rscore=-2.05;uscore=0.90;tscore=3.92;
NODE_4_length_348303_cov_114.329901	Prodigal_v2.6.3	CDS	13273	15621	286.0	+	0	ID=4_17;partial=00;start_type=ATG;rbs_motif=GGAGG;rbs_spacer=5-10bp;gc_cont=0.474;conf=99.99;score=286.02;cscore=263.59;sscore=22.43;rscore=16.07;uscore=2.44;tscore=3.92;
NODE_4_length_348303_cov_114.329901	Prodigal_v2.6.3	CDS	15724	16173	60.6	+	0	ID=4_18;partial=00;start_type=ATG;rbs_motif=GGAG/GAGG;rbs_spacer=5-10bp;gc_cont=0.513;conf=100.00;score=60.61;cscore=42.00;sscore=18.60;rscore=10.35;uscore=4.33;tscore=3.92;
NODE_4_length_348303_cov_114.329901	Prodigal_v2.6.3	CDS	16201	16935	89.7	+	0	ID=4_19;partial=00;start_type=ATG;rbs_motif=AGxAG;rbs_spacer=5-10bp;gc_cont=0.476;conf=100.00;score=89.74;cscore=83.00;sscore=6.74;rscore=-2.05;uscore=3.88;tscore=3.92;
NODE_4_length_348303_cov_114.329901	Prodigal_v2.6.3	CDS	17118	17468	50.1	-	0	ID=4_20;partial=00;start_type=ATG;rbs_motif=AGGA/GGAG/GAGG;rbs_spacer=11-12bp;gc_cont=0.450;conf=100.00;score=50.08;cscore=36.97;sscore=13.11;rscore=5.64;uscore=4.20;tscore=3.92;
NODE_4_length_348303_cov_114.329901	Prodigal_v2.6.3	CDS	17613	19424	270.0	+	0	ID=4_21;partial=00;start_type=ATG;rbs_motif=AGGAGG;rbs_spacer=5-10bp;gc_cont=0.482;conf=99.99;score=269.95;cscore=249.20;sscore=20.75;rscore=16.65;uscore=0.17;tscore=3.92;
NODE_4_length_348303_cov_114.329901	Prodigal_v2.6.3	CDS	19830	20321	47.9	-	0	ID=4_22;partial=00;start_type=ATG;rbs_motif=AGGAGG;rbs_spacer=5-10bp;gc_cont=0.461;conf=100.00;score=47.86;cscore=31.28;sscore=16.58;rscore=16.65;uscore=-3.35;tscore=3.92;
NODE_4_length_348303_cov_114.329901	Prodigal_v2.6.3	CDS	20595	21092	56.6	+	0	ID=4_23;partial=00;start_type=TTG;rbs_motif=AGGAG;rbs_spacer=5-10bp;gc_cont=0.458;conf=100.00;score=56.57;cscore=46.60;sscore=9.96;rscore=15.31;uscore=2.16;tscore=-7.50;
NODE_4_length_348303_cov_114.329901	Prodigal_v2.6.3	CDS	21137	22123	102.1	-	0	ID=4_24;partial=00;start_type=TTG;rbs_motif=GGxGG;rbs_spacer=5-10bp;gc_cont=0.473;conf=100.00;score=102.06;cscore=107.72;sscore=-5.66;rscore=3.18;uscore=-2.58;tscore=-7.50;
NODE_4_length_348303_cov_114.329901	Prodigal_v2.6.3	CDS	22127	23794	227.3	-	0	ID=4_25;partial=00;start_type=TTG;rbs_motif=AGGAG;rbs_spacer=5-10bp;gc_cont=0.467;conf=99.99;score=227.28;cscore=221.28;sscore=6.00;rscore=15.31;uscore=-1.15;tscore=-7.50;
NODE_4_length_348303_cov_114.329901	Prodigal_v2.6.3	CDS	24246	25121	92.8	+	0	ID=4_26;partial=00;start_type=TTG;rbs_motif=GGAGG;rbs_spacer=5-10bp;gc_cont=0.478;conf=100.00;score=92.78;cscore=86.14;sscore=6.64;rscore=16.07;uscore=-1.93;tscore=-7.50;
NODE_4_length_348303_cov_114.329901	Prodigal_v2.6.3	CDS	25346	26281	119.7	-	0	ID=4_27;partial=00;start_type=ATG;rbs_motif=GGAG/GAGG;rbs_spacer=5-10bp;gc_cont=0.471;conf=100.00;score=119.75;cscore=108.42;sscore=11.32;rscore=10.35;uscore=-2.30;tscore=3.92;
NODE_4_length_348303_cov_114.329901	Prodigal_v2.6.3	CDS	26491	26841	29.2	+	0	ID=4_28;partial=00;start_type=TTG;rbs_motif=GGAG/GAGG;rbs_spacer=5-10bp;gc_cont=0.464;conf=99.88;score=29.23;cscore=26.66;sscore=2.57;rscore=10.35;uscore=-0.28;tscore=-7.50;
NODE_4_length_348303_cov_114.329901	Prodigal_v2.6.3	CDS	26849	27409	72.2	+	0	ID=4_29;partial=00;start_type=ATG;rbs_motif=GGAG/GAGG;rbs_spacer=5-10bp;gc_cont=0.528;conf=100.00;score=72.24;cscore=54.98;sscore=17.26;rscore=10.35;uscore=1.79;tscore=3.92;
NODE_4_length_348303_cov_114.329901	Prodigal_v2.6.3	CDS	27504	28412	79.8	+	0	ID=4_30;partial=00;start_type=ATG;rbs_motif=AGGAGG;rbs_spacer=5-10bp;gc_cont=0.491;conf=100.00;score=79.77;cscore=56.69;sscore=23.08;rscore=16.65;uscore=2.50;tscore=3.92;
NODE_4_length_348303_cov_114.329901	Prodigal_v2.6.3	CDS	28674	29291	70.4	+	0	ID=4_31;partial=00;start_type=ATG;rbs_motif=GGAGG;rbs_spacer=5-10bp;gc_cont=0.519;conf=100.00;score=70.38;cscore=54.02;sscore=16.36;rscore=16.07;uscore=-2.98;tscore=3.92;
NODE_4_length_348303_cov_114.329901	Prodigal_v2.6.3	CDS	29314	30261	92.9	+	0	ID=4_32;partial=00;start_type=TTG;rbs_motif=AGGAG;rbs_spacer=5-10bp;gc_cont=0.447;conf=100.00;score=92.87;cscore=80.82;sscore=12.05;rscore=15.31;uscore=3.21;tscore=-7.50;
NODE_4_length_348303_cov_114.329901	Prodigal_v2.6.3	CDS	30275	30748	46.2	+	0	ID=4_33;partial=00;start_type=ATG;rbs_motif=AGGAG;rbs_spacer=5-10bp;gc_cont=0.449;conf=100.00;score=46.23;cscore=26.78;sscore=19.45;rscore=15.31;uscore=-0.91;tscore=3.92;
NODE_4_length_348303_cov_114.329901	Prodigal_v2.6.3	CDS	30879	31505	88.3	-	0	ID=4_34;partial=00;start_type=ATG;rbs_motif=AGxAGG/AGGxGG;rbs_spacer=5-10bp;gc_cont=0.467;conf=100.00;score=88.29;cscore=73.12;sscore=15.18;rscore=11.15;uscore=0.10;tscore=3.92;
NODE_4_length_348303_cov_114.329901	Prodigal_v2.6.3	CDS	31634	31828	18.9	-	0	ID=4_35;partial=00;start_type=ATG;rbs_motif=AGGAG;rbs_spacer=5-10bp;gc_cont=0.436;conf=98.71;score=18.88;cscore=3.40;sscore=15.48;rscore=11.76;uscore=1.36;tscore=3.01;
NODE_4_length_348303_cov_114.329901	Prodigal_v2.6.3	CDS	32333	33499	123.4	+	0	ID=4_36;partial=00;start_type=TTG;rbs_motif=AGGAGG;rbs_spacer=5-10bp;gc_cont=0.446;conf=100.00;score=123.37;cscore=112.05;sscore=11.33;rscore=16.65;uscore=2.17;tscore=-7.50;
NODE_4_length_348303_cov_114.329901	Prodigal_v2.6.3	CDS	33492	33971	52.9	+	0	ID=4_37;partial=00;start_type=ATG;rbs_motif=AGGAG;rbs_spacer=5-10bp;gc_cont=0.467;conf=100.00;score=52.94;cscore=32.39;sscore=20.55;rscore=15.31;uscore=0.07;tscore=3.92;
NODE_4_length_348303_cov_114.329901	Prodigal_v2.6.3	CDS	34110	34472	48.2	-	0	ID=4_38;partial=00;start_type=GTG;rbs_motif=AGGAGG;rbs_spacer=5-10bp;gc_cont=0.482;conf=100.00;score=48.16;cscore=34.90;sscore=13.26;rscore=16.65;uscore=0.97;tscore=-4.36;
NODE_4_length_348303_cov_114.329901	Prodigal_v2.6.3	CDS	34453	34611	1.7	-	0	ID=4_39;partial=00;start_type=ATG;rbs_motif=AGGA;rbs_spacer=5-10bp;gc_cont=0.440;conf=59.64;score=1.70;cscore=-4.94;sscore=6.63;rscore=4.38;uscore=0.96;tscore=2.45;
NODE_4_length_348303_cov_114.329901	Prodigal_v2.6.3	CDS	34725	35747	116.7	+	0	ID=4_40;partial=00;start_type=ATG;rbs_motif=GGA/GAG/AGG;rbs_spacer=5-10bp;gc_cont=0.501;conf=100.00;score=116.72;cscore=113.56;sscore=3.16;rscore=-1.95;uscore=1.19;tscore=3.92;
NODE_4_length_348303_cov_114.329901	Prodigal_v2.6.3	CDS	35807	36106	56.0	-	0	ID=4_41;partial=00;start_type=ATG;rbs_motif=AGGAGG;rbs_spacer=5-10bp;gc_cont=0.483;conf=100.00;score=56.03;cscore=34.88;sscore=21.15;rscore=16.65;uscore=1.23;tscore=3.92;
NODE_4_length_348303_cov_114.329901	Prodigal_v2.6.3	CDS	36262	36567	43.9	+	0	ID=4_42;partial=00;start_type=ATG;rbs_motif=AGGAGG;rbs_spacer=5-10bp;gc_cont=0.441;conf=100.00;score=43.94;cscore=19.92;sscore=24.02;rscore=16.65;uscore=3.44;tscore=3.92;
NODE_4_length_348303_cov_114.329901	Prodigal_v2.6.3	CDS	36728	37066	50.3	+	0	ID=4_43;partial=00;start_type=GTG;rbs_motif=GGAGG;rbs_spacer=5-10bp;gc_cont=0.460;conf=100.00;score=50.27;cscore=36.68;sscore=13.59;rscore=16.07;uscore=1.89;tscore=-4.36;
NODE_4_length_348303_cov_114.329901	Prodigal_v2.6.3	CDS	37084	38124	123.4	+	0	ID=4_44;partial=00;start_type=ATG;rbs_motif=GGAGG;rbs_spacer=5-10bp;gc_cont=0.498;conf=100.00;score=123.44;cscore=103.16;sscore=20.28;rscore=16.07;uscore=-0.80;tscore=3.92;
NODE_4_length_348303_cov_114.329901	Prodigal_v2.6.3	CDS	38646	39752	158.0	-	0	ID=4_45;partial=00;start_type=ATG;rbs_motif=GGAG/GAGG;rbs_spacer=5-10bp;gc_cont=0.518;conf=100.00;score=157.98;cscore=142.11;sscore=15.86;rscore=10.35;uscore=1.59;tscore=3.92;
NODE_4_length_348303_cov_114.329901	Prodigal_v2.6.3	CDS	39822	40481	92.9	-	0	ID=4_46;partial=00;start_type=ATG;rbs_motif=GGAG/GAGG;rbs_spacer=5-10bp;gc_cont=0.447;conf=100.00;score=92.93;cscore=72.88;sscore=20.05;rscore=10.35;uscore=4.98;tscore=3.92;
NODE_4_length_348303_cov_114.329901	Prodigal_v2.6.3	CDS	40526	41371	119.5	-	0	ID=4_47;partial=00;start_type=ATG;rbs_motif=AGGAG;rbs_spacer=5-10bp;gc_cont=0.485;conf=100.00;score=119.50;cscore=100.90;sscore=18.60;rscore=15.31;uscore=-0.63;tscore=3.92;
NODE_4_length_348303_cov_114.329901	Prodigal_v2.6.3	CDS	41447	42307	143.5	-	0	ID=4_48;partial=00;start_type=ATG;rbs_motif=AGGAGG;rbs_spacer=5-10bp;gc_cont=0.473;conf=100.00;score=143.51;cscore=124.19;sscore=19.32;rscore=16.65;uscore=-0.61;tscore=3.92;
NODE_4_length_348303_cov_114.329901	Prodigal_v2.6.3	CDS	42508	43992	128.5	+	0	ID=4_49;partial=00;start_type=ATG;rbs_motif=GGAG/GAGG;rbs_spacer=5-10bp;gc_cont=0.457;conf=100.00;score=128.49;cscore=118.44;sscore=10.05;rscore=10.35;uscore=-4.22;tscore=3.92;
NODE_4_length_348303_cov_114.329901	Prodigal_v2.6.3	CDS	44085	44465	57.5	+	0	ID=4_50;partial=00;start_type=ATG;rbs_motif=AGGAG;rbs_spacer=5-10bp;gc_cont=0.441;conf=100.00;score=57.46;cscore=39.08;sscore=18.37;rscore=15.31;uscore=-0.86;tscore=3.92;
NODE_4_length_348303_cov_114.329901	Prodigal_v2.6.3	CDS	44581	45876	152.1	-	0	ID=4_51;partial=00;start_type=ATG;rbs_motif=GGAGG;rbs_spacer=5-10bp;gc_cont=0.467;conf=100.00;score=152.06;cscore=130.77;sscore=21.29;rscore=16.07;uscore=-0.17;tscore=3.92;
NODE_4_length_348303_cov_114.329901	Prodigal_v2.6.3	CDS	45873	46544	83.5	-	0	ID=4_52;partial=00;start_type=GTG;rbs_motif=GGA/GAG/AGG;rbs_spacer=5-10bp;gc_cont=0.430;conf=100.00;score=83.45;cscore=88.63;sscore=-5.18;rscore=-1.95;uscore=1.79;tscore=-4.36;
NODE_4_length_348303_cov_114.329901	Prodigal_v2.6.3	CDS	46726	47133	44.5	+	0	ID=4_53;partial=00;start_type=ATG;rbs_motif=AGxAGG/AGGxGG;rbs_spacer=5-10bp;gc_cont=0.439;conf=100.00;score=44.53;cscore=28.55;sscore=15.98;rscore=11.15;uscore=0.90;tscore=3.92;
NODE_4_length_348303_cov_114.329901	Prodigal_v2.6.3	CDS	47120	49270	208.6	+	0	ID=4_54;partial=00;start_type=ATG;rbs_motif=GGAG/GAGG;rbs_spacer=5-10bp;gc_cont=0.512;conf=99.99;score=208.59;cscore=188.70;sscore=19.89;rscore=10.35;uscore=4.43;tscore=3.92;
NODE_4_length_348303_cov_114.329901	Prodigal_v2.6.3	CDS	49306	50283	131.3	+	0	ID=4_55;partial=00;start_type=ATG;rbs_motif=AGGAG;rbs_spacer=5-10bp;gc_cont=0.496;conf=100.00;score=131.31;cscore=109.69;sscore=21.63;rscore=15.31;uscore=1.50;tscore=3.92;
NODE_4_length_348303_cov_114.329901	Prodigal_v2.6.3	CDS	50522	53185	361.4	+	0	ID=4_56;partial=00;start_type=ATG;rbs_motif=AGGA;rbs_spacer=5-10bp;gc_cont=0.511;conf=99.99;score=361.39;cscore=348.77;sscore=12.62;rscore=7.02;uscore=2.33;tscore=3.92;
NODE_4_length_348303_cov_114.329901	Prodigal_v2.6.3	CDS	53295	54254	130.1	+	0	ID=4_57;partial=00;start_type=ATG;rbs_motif=AGGAGG;rbs_spacer=5-10bp;gc_cont=0.515;conf=100.00;score=130.12;cscore=110.25;sscore=19.87;rscore=16.65;uscore=-0.70;tscore=3.92;
NODE_4_length_348303_cov_114.329901	Prodigal_v2.6.3	CDS	54482	55285	114.9	-	0	ID=4_58;partial=00;start_type=ATG;rbs_motif=AGGAGG;rbs_spacer=5-10bp;gc_cont=0.495;conf=100.00;score=114.93;cscore=92.93;sscore=22.01;rscore=16.65;uscore=0.18;tscore=3.92;
NODE_4_length_348303_cov_114.329901	Prodigal_v2.6.3	CDS	55288	56259	142.6	-	0	ID=4_59;partial=00;start_type=ATG;rbs_motif=AGGAG;rbs_spacer=5-10bp;gc_cont=0.499;conf=100.00;score=142.60;cscore=123.66;sscore=18.94;rscore=15.31;uscore=0.36;tscore=3.92;
NODE_4_length_348303_cov_114.329901	Prodigal_v2.6.3	CDS	56462	57430	136.0	-	0	ID=4_60;partial=00;start_type=ATG;rbs_motif=AGGAGG;rbs_spacer=5-10bp;gc_cont=0.494;conf=100.00;score=135.96;cscore=119.16;sscore=16.80;rscore=16.65;uscore=-3.12;tscore=3.92;
NODE_4_length_348303_cov_114.329901	Prodigal_v2.6.3	CDS	57989	58945	133.4	-	0	ID=4_61;partial=00;start_type=ATG;rbs_motif=AGGAGG;rbs_spacer=5-10bp;gc_cont=0.474;conf=100.00;score=133.37;cscore=118.74;sscore=14.63;rscore=16.65;uscore=-5.30;tscore=3.92;
NODE_4_length_348303_cov_114.329901	Prodigal_v2.6.3	CDS	59428	61815	297.2	-	0	ID=4_62;partial=00;start_type=ATG;rbs_motif=GGAG/GAGG;rbs_spacer=5-10bp;gc_cont=0.470;conf=99.99;score=297.25;cscore=282.21;sscore=15.04;rscore=10.35;uscore=1.42;tscore=3.92;
NODE_4_length_348303_cov_114.329901	Prodigal_v2.6.3	CDS	62533	63183	87.4	-	0	ID=4_63;partial=00;start_type=ATG;rbs_motif=GGAG/GAGG;rbs_spacer=5-10bp;gc_cont=0.513;conf=100.00;score=87.39;cscore=72.79;sscore=14.60;rscore=10.35;uscore=0.97;tscore=3.92;
NODE_4_length_348303_cov_114.329901	Prodigal_v2.6.3	CDS	63413	64243	102.2	+	0	ID=4_64;partial=00;start_type=ATG;rbs_motif=GGAG/GAGG;rbs_spacer=5-10bp;gc_cont=0.471;conf=100.00;score=102.20;cscore=85.39;sscore=16.81;rscore=10.35;uscore=2.53;tscore=3.92;
NODE_4_length_348303_cov_114.329901	Prodigal_v2.6.3	CDS	64236	65297	139.9	+	0	ID=4_65;partial=00;start_type=ATG;rbs_motif=AGGAGG;rbs_spacer=5-10bp;gc_cont=0.456;conf=100.00;score=139.85;cscore=116.06;sscore=23.79;rscore=16.65;uscore=1.96;tscore=3.92;
NODE_4_length_348303_cov_114.329901	Prodigal_v2.6.3	CDS	65471	66292	119.4	+	0	ID=4_66;partial=00;start_type=GTG;rbs_motif=AGGAGG;rbs_spacer=5-10bp;gc_cont=0.491;conf=100.00;score=119.37;cscore=108.79;sscore=10.57;rscore=16.65;uscore=-1.72;tscore=-4.36;
NODE_4_length_348303_cov_114.329901	Prodigal_v2.6.3	CDS	66364	66996	86.4	-	0	ID=4_67;partial=00;start_type=ATG;rbs_motif=AGGAGG;rbs_spacer=5-10bp;gc_cont=0.487;conf=100.00;score=86.37;cscore=66.65;sscore=19.72;rscore=16.65;uscore=-0.21;tscore=3.92;
NODE_4_length_348303_cov_114.329901	Prodigal_v2.6.3	CDS	67229	67753	62.7	-	0	ID=4_68;partial=00;start_type=ATG;rbs_motif=AGGAG;rbs_spacer=5-10bp;gc_cont=0.470;conf=100.00;score=62.73;cscore=41.67;sscore=21.06;rscore=15.31;uscore=1.82;tscore=3.92;
NODE_4_length_348303_cov_114.329901	Prodigal_v2.6.3	CDS	67831	68010	18.6	-	0	ID=4_69;partial=00;start_type=ATG;rbs_motif=GGA/GAG/AGG;rbs_spacer=5-10bp;gc_cont=0.467;conf=98.63;score=18.61;cscore=13.26;sscore=5.35;rscore=-2.76;uscore=1.28;tscore=2.78;
NODE_4_length_348303_cov_114.329901	Prodigal_v2.6.3	CDS	68007	68675	62.1	-	0	ID=4_70;partial=00;start_type=GTG;rbs_motif=AGGA;rbs_spacer=5-10bp;gc_cont=0.472;conf=100.00;score=62.15;cscore=58.55;sscore=3.60;rscore=7.02;uscore=-0.31;tscore=-4.36;
NODE_4_length_348303_cov_114.329901	Prodigal_v2.6.3	CDS	68678	69463	95.0	-	0	ID=4_71;partial=00;start_type=TTG;rbs_motif=GGAG/GAGG;rbs_spacer=5-10bp;gc_cont=0.478;conf=100.00;score=94.98;cscore=91.24;sscore=3.75;rscore=10.35;uscore=1.55;tscore=-7.50;
NODE_4_length_348303_cov_114.329901	Prodigal_v2.6.3	CDS	69674	70762	102.9	-	0	ID=4_72;partial=00;start_type=ATG;rbs_motif=None;rbs_spacer=None;gc_cont=0.511;conf=100.00;score=102.92;cscore=114.41;sscore=-11.50;rscore=-15.61;uscore=0.84;tscore=3.92;
NODE_4_length_348303_cov_114.329901	Prodigal_v2.6.3	CDS	71120	71353	15.1	+	0	ID=4_73;partial=00;start_type=ATG;rbs_motif=GGAG/GAGG;rbs_spacer=5-10bp;gc_cont=0.444;conf=96.98;score=15.09;cscore=1.13;sscore=13.96;rscore=9.56;uscore=0.77;tscore=3.63;
NODE_4_length_348303_cov_114.329901	Prodigal_v2.6.3	CDS	71347	71823	57.3	-	0	ID=4_74;partial=00;start_type=ATG;rbs_motif=AGGA/GGAG/GAGG;rbs_spacer=11-12bp;gc_cont=0.453;conf=100.00;score=57.26;cscore=45.90;sscore=11.35;rscore=5.64;uscore=2.44;tscore=3.92;
NODE_4_length_348303_cov_114.329901	Prodigal_v2.6.3	CDS	72402	72545	17.9	-	0	ID=4_75;partial=00;start_type=ATG;rbs_motif=GGAG/GAGG;rbs_spacer=5-10bp;gc_cont=0.424;conf=98.40;score=17.92;cscore=7.94;sscore=9.98;rscore=5.84;uscore=1.92;tscore=2.21;
NODE_4_length_348303_cov_114.329901	Prodigal_v2.6.3	CDS	72644	75769	418.4	-	0	ID=4_76;partial=00;start_type=ATG;rbs_motif=AGGAG;rbs_spacer=5-10bp;gc_cont=0.484;conf=99.99;score=418.41;cscore=397.83;sscore=20.58;rscore=15.31;uscore=0.07;tscore=3.92;
NODE_4_length_348303_cov_114.329901	Prodigal_v2.6.3	CDS	75769	76890	144.8	-	0	ID=4_77;partial=00;start_type=ATG;rbs_motif=GGA/GAG/AGG;rbs_spacer=5-10bp;gc_cont=0.460;conf=100.00;score=144.81;cscore=140.30;sscore=4.51;rscore=-1.95;uscore=3.19;tscore=3.92;
NODE_4_length_348303_cov_114.329901	Prodigal_v2.6.3	CDS	76951	77577	89.3	+	0	ID=4_78;partial=00;start_type=ATG;rbs_motif=GGAGG;rbs_spacer=5-10bp;gc_cont=0.504;conf=100.00;score=89.29;cscore=66.92;sscore=22.37;rscore=16.07;uscore=2.38;tscore=3.92;
NODE_4_length_348303_cov_114.329901	Prodigal_v2.6.3	CDS	78023	78799	94.4	+	0	ID=4_79;partial=00;start_type=ATG;rbs_motif=GGAG/GAGG;rbs_spacer=5-10bp;gc_cont=0.453;conf=100.00;score=94.39;cscore=80.18;sscore=14.21;rscore=10.35;uscore=0.59;tscore=3.92;
NODE_4_length_348303_cov_114.329901	Prodigal_v2.6.3	CDS	78804	79232	80.5	+	0	ID=4_80;partial=00;start_type=ATG;rbs_motif=AGGAG;rbs_spacer=5-10bp;gc_cont=0.469;conf=100.00;score=80.47;cscore=54.65;sscore=25.82;rscore=15.31;uscore=5.36;tscore=3.92;
NODE_4_length_348303_cov_114.329901	Prodigal_v2.6.3	CDS	79277	79795	86.8	+	0	ID=4_81;partial=00;start_type=ATG;rbs_motif=AGGA/GGAG/GAGG;rbs_spacer=11-12bp;gc_cont=0.437;conf=100.00;score=86.83;cscore=73.86;sscore=12.97;rscore=5.64;uscore=2.61;tscore=3.92;
NODE_4_length_348303_cov_114.329901	Prodigal_v2.6.3	CDS	79834	80835	156.5	+	0	ID=4_82;partial=00;start_type=ATG;rbs_motif=AGGAGG;rbs_spacer=5-10bp;gc_cont=0.485;conf=100.00;score=156.55;cscore=133.04;sscore=23.51;rscore=16.65;uscore=2.07;tscore=3.92;
NODE_4_length_348303_cov_114.329901	Prodigal_v2.6.3	CDS	80950	81888	141.1	+	0	ID=4_83;partial=00;start_type=ATG;rbs_motif=GGAGG;rbs_spacer=5-10bp;gc_cont=0.465;conf=100.00;score=141.09;cscore=122.09;sscore=19.00;rscore=16.07;uscore=-0.99;tscore=3.92;
NODE_4_length_348303_cov_114.329901	Prodigal_v2.6.3	CDS	81910	82590	77.1	+	0	ID=4_84;partial=00;start_type=ATG;rbs_motif=AGxAG;rbs_spacer=5-10bp;gc_cont=0.485;conf=100.00;score=77.11;cscore=73.47;sscore=3.64;rscore=-2.05;uscore=0.72;tscore=3.92;
NODE_4_length_348303_cov_114.329901	Prodigal_v2.6.3	CDS	83034	83228	19.3	+	0	ID=4_85;partial=00;start_type=ATG;rbs_motif=GGAGG;rbs_spacer=5-10bp;gc_cont=0.431;conf=98.84;score=19.35;cscore=3.96;sscore=15.38;rscore=12.34;uscore=0.68;tscore=3.01;
NODE_4_length_348303_cov_114.329901	Prodigal_v2.6.3	CDS	83439	84890	185.4	-	0	ID=4_86;partial=00;start_type=ATG;rbs_motif=AGGAG/GGAGG;rbs_spacer=11-12bp;gc_cont=0.447;conf=99.99;score=185.35;cscore=165.03;sscore=20.32;rscore=12.17;uscore=3.56;tscore=3.92;
NODE_4_length_348303_cov_114.329901	Prodigal_v2.6.3	CDS	84946	85254	63.3	-	0	ID=4_87;partial=00;start_type=ATG;rbs_motif=AGGAGG;rbs_spacer=5-10bp;gc_cont=0.411;conf=100.00;score=63.29;cscore=36.41;sscore=26.88;rscore=16.65;uscore=5.18;tscore=3.92;
NODE_4_length_348303_cov_114.329901	Prodigal_v2.6.3	CDS	85269	85763	83.6	-	0	ID=4_88;partial=00;start_type=ATG;rbs_motif=AGGAG;rbs_spacer=5-10bp;gc_cont=0.422;conf=100.00;score=83.56;cscore=61.21;sscore=22.35;rscore=15.31;uscore=3.77;tscore=3.92;
NODE_4_length_348303_cov_114.329901	Prodigal_v2.6.3	CDS	86068	86787	42.8	-	0	ID=4_89;partial=00;start_type=ATG;rbs_motif=AGGAG;rbs_spacer=5-10bp;gc_cont=0.419;conf=99.99;score=42.85;cscore=22.95;sscore=19.89;rscore=15.31;uscore=1.31;tscore=3.92;
NODE_4_length_348303_cov_114.329901	Prodigal_v2.6.3	CDS	87014	88024	130.3	-	0	ID=4_90;partial=00;start_type=ATG;rbs_motif=AGGAGG;rbs_spacer=5-10bp;gc_cont=0.487;conf=100.00;score=130.28;cscore=111.74;sscore=18.54;rscore=16.65;uscore=-2.04;tscore=3.92;
NODE_4_length_348303_cov_114.329901	Prodigal_v2.6.3	CDS	88173	89168	121.0	-	0	ID=4_91;partial=00;start_type=ATG;rbs_motif=GGAG/GAGG;rbs_spacer=5-10bp;gc_cont=0.515;conf=100.00;score=120.99;cscore=107.06;sscore=13.94;rscore=10.35;uscore=-1.04;tscore=3.92;
NODE_4_length_348303_cov_114.329901	Prodigal_v2.6.3	CDS	89222	90682	161.8	-	0	ID=4_92;partial=00;start_type=TTG;rbs_motif=4Base/6BMM;rbs_spacer=13-15bp;gc_cont=0.474;conf=100.00;score=161.85;cscore=167.00;sscore=-5.15;rscore=-7.75;uscore=1.05;tscore=-7.50;
NODE_4_length_348303_cov_114.329901	Prodigal_v2.6.3	CDS	90679	91674	146.3	-	0	ID=4_93;partial=00;start_type=ATG;rbs_motif=GGAG/GAGG;rbs_spacer=5-10bp;gc_cont=0.478;conf=100.00;score=146.26;cscore=128.25;sscore=18.00;rscore=10.35;uscore=3.73;tscore=3.92;
NODE_4_length_348303_cov_114.329901	Prodigal_v2.6.3	CDS	91769	92935	161.4	-	0	ID=4_94;partial=00;start_type=GTG;rbs_motif=AGGAGG;rbs_spacer=5-10bp;gc_cont=0.481;conf=100.00;score=161.36;cscore=148.12;sscore=13.24;rscore=16.65;uscore=1.61;tscore=-4.36;
NODE_4_length_348303_cov_114.329901	Prodigal_v2.6.3	CDS	93258	93980	92.6	+	0	ID=4_95;partial=00;start_type=ATG;rbs_motif=AGGAGG;rbs_spacer=5-10bp;gc_cont=0.477;conf=100.00;score=92.58;cscore=71.40;sscore=21.17;rscore=16.65;uscore=0.59;tscore=3.92;
NODE_4_length_348303_cov_114.329901	Prodigal_v2.6.3	CDS	94242	95759	192.7	+	0	ID=4_96;partial=00;start_type=GTG;rbs_motif=AGxAGG/AGGxGG;rbs_spacer=5-10bp;gc_cont=0.498;conf=99.99;score=192.72;cscore=184.25;sscore=8.48;rscore=11.15;uscore=2.34;tscore=-4.36;
NODE_4_length_348303_cov_114.329901	Prodigal_v2.6.3	CDS	95815	97668	259.7	+	0	ID=4_97;partial=00;start_type=ATG;rbs_motif=AGGAG;rbs_spacer=5-10bp;gc_cont=0.503;conf=99.99;score=259.75;cscore=238.34;sscore=21.41;rscore=15.31;uscore=1.50;tscore=3.92;
NODE_4_length_348303_cov_114.329901	Prodigal_v2.6.3	CDS	97683	98390	85.7	+	0	ID=4_98;partial=00;start_type=ATG;rbs_motif=GGAG/GAGG;rbs_spacer=5-10bp;gc_cont=0.534;conf=100.00;score=85.69;cscore=70.92;sscore=14.77;rscore=10.35;uscore=-0.63;tscore=3.92;
NODE_4_length_348303_cov_114.329901	Prodigal_v2.6.3	CDS	98501	99082	70.3	-	0	ID=4_99;partial=00;start_type=GTG;rbs_motif=AGGAGG;rbs_spacer=5-10bp;gc_cont=0.467;conf=100.00;score=70.27;cscore=54.81;sscore=15.46;rscore=16.65;uscore=1.88;tscore=-4.36;
NODE_4_length_348303_cov_114.329901	Prodigal_v2.6.3	CDS	99079	100755	194.9	-	0	ID=4_100;partial=00;start_type=ATG;rbs_motif=AGxAG;rbs_spacer=5-10bp;gc_cont=0.485;conf=99.99;score=194.87;cscore=193.07;sscore=1.80;rscore=-2.05;uscore=0.57;tscore=3.92;
NODE_4_length_348303_cov_114.329901	Prodigal_v2.6.3	CDS	101226	102875	187.1	-	0	ID=4_101;partial=00;start_type=TTG;rbs_motif=GGAG/GAGG;rbs_spacer=5-10bp;gc_cont=0.479;conf=99.99;score=187.11;cscore=181.91;sscore=5.20;rscore=10.35;uscore=3.00;tscore=-7.50;
NODE_4_length_348303_cov_114.329901	Prodigal_v2.6.3	CDS	103863	104552	32.3	+	0	ID=4_102;partial=00;start_type=ATG;rbs_motif=GGAGG;rbs_spacer=5-10bp;gc_cont=0.370;conf=99.94;score=32.29;cscore=11.55;sscore=20.75;rscore=16.07;uscore=0.75;tscore=3.92;
NODE_4_length_348303_cov_114.329901	Prodigal_v2.6.3	CDS	105077	105781	29.8	+	0	ID=4_103;partial=00;start_type=ATG;rbs_motif=GGAGG;rbs_spacer=5-10bp;gc_cont=0.332;conf=99.89;score=29.79;cscore=12.69;sscore=17.10;rscore=16.07;uscore=-2.24;tscore=3.92;
NODE_4_length_348303_cov_114.329901	Prodigal_v2.6.3	CDS	105950	106099	17.3	+	0	ID=4_104;partial=00;start_type=ATG;rbs_motif=GGAGG;rbs_spacer=5-10bp;gc_cont=0.407;conf=98.17;score=17.33;cscore=5.09;sscore=12.24;rscore=9.45;uscore=0.48;tscore=2.31;
NODE_4_length_348303_cov_114.329901	Prodigal_v2.6.3	CDS	106528	106737	1.6	+	0	ID=4_105;partial=00;start_type=ATG;rbs_motif=AGxAG;rbs_spacer=5-10bp;gc_cont=0.500;conf=59.32;score=1.64;cscore=1.85;sscore=-0.21;rscore=-2.47;uscore=-0.33;tscore=3.25;
NODE_4_length_348303_cov_114.329901	Prodigal_v2.6.3	CDS	106762	107037	6.7	+	0	ID=4_106;partial=00;start_type=ATG;rbs_motif=None;rbs_spacer=None;gc_cont=0.442;conf=82.40;score=6.72;cscore=21.73;sscore=-15.01;rscore=-15.61;uscore=-4.34;tscore=3.92;
NODE_4_length_348303_cov_114.329901	Prodigal_v2.6.3	CDS	107260	107418	7.2	+	0	ID=4_107;partial=00;start_type=ATG;rbs_motif=AGGAG;rbs_spacer=5-10bp;gc_cont=0.459;conf=83.95;score=7.20;cscore=-2.29;sscore=9.49;rscore=9.55;uscore=-2.01;tscore=2.45;
NODE_4_length_348303_cov_114.329901	Prodigal_v2.6.3	CDS	107545	107745	7.7	+	0	ID=4_108;partial=00;start_type=ATG;rbs_motif=AGxAG;rbs_spacer=5-10bp;gc_cont=0.353;conf=85.55;score=7.74;cscore=5.51;sscore=2.23;rscore=-2.59;uscore=1.71;tscore=3.11;
NODE_4_length_348303_cov_114.329901	Prodigal_v2.6.3	CDS	107880	108068	9.0	+	0	ID=4_109;partial=00;start_type=ATG;rbs_motif=GGAG/GAGG;rbs_spacer=5-10bp;gc_cont=0.444;conf=88.83;score=9.02;cscore=-1.31;sscore=10.32;rscore=7.70;uscore=0.20;tscore=2.92;
NODE_4_length_348303_cov_114.329901	Prodigal_v2.6.3	CDS	108592	108780	17.8	+	0	ID=4_110;partial=00;start_type=ATG;rbs_motif=AGxAGG/AGGxGG;rbs_spacer=5-10bp;gc_cont=0.370;conf=98.35;score=17.78;cscore=8.03;sscore=9.75;rscore=8.30;uscore=-0.82;tscore=2.92;
NODE_4_length_348303_cov_114.329901	Prodigal_v2.6.3	CDS	108953	109474	5.6	-	0	ID=4_111;partial=00;start_type=GTG;rbs_motif=GGA/GAG/AGG;rbs_spacer=5-10bp;gc_cont=0.374;conf=78.53;score=5.64;cscore=14.23;sscore=-8.59;rscore=-1.95;uscore=-2.27;tscore=-4.36;
NODE_4_length_348303_cov_114.329901	Prodigal_v2.6.3	CDS	109538	109768	6.9	-	0	ID=4_112;partial=00;start_type=ATG;rbs_motif=GGA/GAG/AGG;rbs_spacer=5-10bp;gc_cont=0.359;conf=83.04;score=6.91;cscore=4.64;sscore=2.27;rscore=-2.14;uscore=1.49;tscore=3.58;
NODE_4_length_348303_cov_114.329901	Prodigal_v2.6.3	CDS	110157	110975	79.8	+	0	ID=4_113;partial=00;start_type=TTG;rbs_motif=GGAGG;rbs_spacer=5-10bp;gc_cont=0.492;conf=100.00;score=79.85;cscore=72.79;sscore=7.06;rscore=16.07;uscore=-1.51;tscore=-7.50;
NODE_4_length_348303_cov_114.329901	Prodigal_v2.6.3	CDS	110983	111654	66.2	-	0	ID=4_114;partial=00;start_type=TTG;rbs_motif=GGA/GAG/AGG;rbs_spacer=5-10bp;gc_cont=0.475;conf=100.00;score=66.22;cscore=75.84;sscore=-9.62;rscore=-1.95;uscore=0.48;tscore=-7.50;
NODE_4_length_348303_cov_114.329901	Prodigal_v2.6.3	CDS	111784	112725	137.7	+	0	ID=4_115;partial=00;start_type=ATG;rbs_motif=GGAGG;rbs_spacer=5-10bp;gc_cont=0.480;conf=100.00;score=137.70;cscore=115.25;sscore=22.46;rscore=16.07;uscore=2.46;tscore=3.92;
NODE_4_length_348303_cov_114.329901	Prodigal_v2.6.3	CDS	113128	114444	140.9	+	0	ID=4_116;partial=00;start_type=ATG;rbs_motif=AGxAGG/AGGxGG;rbs_spacer=5-10bp;gc_cont=0.513;conf=100.00;score=140.93;cscore=126.24;sscore=14.69;rscore=11.15;uscore=0.26;tscore=3.92;
NODE_4_length_348303_cov_114.329901	Prodigal_v2.6.3	CDS	114682	115590	141.7	+	0	ID=4_117;partial=00;start_type=ATG;rbs_motif=AGGAGG;rbs_spacer=5-10bp;gc_cont=0.536;conf=100.00;score=141.65;cscore=123.06;sscore=18.60;rscore=16.65;uscore=-1.33;tscore=3.92;
NODE_4_length_348303_cov_114.329901	Prodigal_v2.6.3	CDS	115815	116141	58.8	+	0	ID=4_118;partial=00;start_type=ATG;rbs_motif=AGGAG;rbs_spacer=5-10bp;gc_cont=0.456;conf=100.00;score=58.76;cscore=38.68;sscore=20.08;rscore=15.31;uscore=1.50;tscore=3.92;
NODE_4_length_348303_cov_114.329901	Prodigal_v2.6.3	CDS	116352	117020	70.8	+	0	ID=4_119;partial=00;start_type=ATG;rbs_motif=AGGA;rbs_spacer=5-10bp;gc_cont=0.498;conf=100.00;score=70.82;cscore=61.61;sscore=9.21;rscore=7.02;uscore=-1.09;tscore=3.92;
NODE_4_length_348303_cov_114.329901	Prodigal_v2.6.3	CDS	117013	117792	81.7	+	0	ID=4_120;partial=00;start_type=ATG;rbs_motif=AGGAG/GGAGG;rbs_spacer=11-12bp;gc_cont=0.504;conf=100.00;score=81.71;cscore=62.94;sscore=18.77;rscore=12.17;uscore=1.43;tscore=3.92;
NODE_4_length_348303_cov_114.329901	Prodigal_v2.6.3	CDS	118023	118916	124.8	+	0	ID=4_121;partial=00;start_type=ATG;rbs_motif=AGxAGG/AGGxGG;rbs_spacer=5-10bp;gc_cont=0.475;conf=100.00;score=124.85;cscore=108.64;sscore=16.21;rscore=11.15;uscore=1.79;tscore=3.92;
NODE_4_length_348303_cov_114.329901	Prodigal_v2.6.3	CDS	118916	119782	102.5	+	0	ID=4_122;partial=00;start_type=ATG;rbs_motif=AGGAG;rbs_spacer=5-10bp;gc_cont=0.486;conf=100.00;score=102.47;cscore=81.93;sscore=20.55;rscore=15.31;uscore=0.03;tscore=3.92;
NODE_4_length_348303_cov_114.329901	Prodigal_v2.6.3	CDS	119834	120286	57.2	+	0	ID=4_123;partial=00;start_type=ATG;rbs_motif=AGGAG;rbs_spacer=5-10bp;gc_cont=0.453;conf=100.00;score=57.23;cscore=38.81;sscore=18.41;rscore=15.31;uscore=-1.54;tscore=3.92;
NODE_4_length_348303_cov_114.329901	Prodigal_v2.6.3	CDS	120297	120704	41.0	+	0	ID=4_124;partial=00;start_type=ATG;rbs_motif=AGxAGG/AGGxGG;rbs_spacer=5-10bp;gc_cont=0.466;conf=99.99;score=40.96;cscore=24.41;sscore=16.55;rscore=11.15;uscore=0.31;tscore=3.92;
NODE_4_length_348303_cov_114.329901	Prodigal_v2.6.3	CDS	121126	123108	200.7	+	0	ID=4_125;partial=00;start_type=TTG;rbs_motif=AGGA/GGAG/GAGG;rbs_spacer=11-12bp;gc_cont=0.480;conf=99.99;score=200.69;cscore=199.94;sscore=0.75;rscore=5.64;uscore=3.26;tscore=-7.50;
NODE_4_length_348303_cov_114.329901	Prodigal_v2.6.3	CDS	123201	125432	223.3	-	0	ID=4_126;partial=00;start_type=TTG;rbs_motif=GGAG/GAGG;rbs_spacer=5-10bp;gc_cont=0.500;conf=99.99;score=223.31;cscore=218.14;sscore=5.17;rscore=10.35;uscore=2.97;tscore=-7.50;
NODE_4_length_348303_cov_114.329901	Prodigal_v2.6.3	CDS	125670	127025	147.3	+	0	ID=4_127;partial=00;start_type=ATG;rbs_motif=AGxAG;rbs_spacer=5-10bp;gc_cont=0.473;conf=100.00;score=147.30;cscore=143.26;sscore=4.04;rscore=-2.05;uscore=2.17;tscore=3.92;
NODE_4_length_348303_cov_114.329901	Prodigal_v2.6.3	CDS	127204	128049	118.6	+	0	ID=4_128;partial=00;start_type=ATG;rbs_motif=AGGAG;rbs_spacer=5-10bp;gc_cont=0.473;conf=100.00;score=118.58;cscore=96.35;sscore=22.23;rscore=15.31;uscore=3.65;tscore=3.92;
NODE_4_length_348303_cov_114.329901	Prodigal_v2.6.3	CDS	128541	129164	72.0	+	0	ID=4_129;partial=00;start_type=TTG;rbs_motif=AGGA;rbs_spacer=5-10bp;gc_cont=0.513;conf=100.00;score=72.04;cscore=72.04;sscore=0.00;rscore=7.02;uscore=1.13;tscore=-7.50;
NODE_4_length_348303_cov_114.329901	Prodigal_v2.6.3	CDS	129515	130996	160.0	+	0	ID=4_130;partial=00;start_type=ATG;rbs_motif=AGGA;rbs_spacer=5-10bp;gc_cont=0.484;conf=100.00;score=159.96;cscore=152.69;sscore=7.27;rscore=7.02;uscore=-3.03;tscore=3.92;
NODE_4_length_348303_cov_114.329901	Prodigal_v2.6.3	CDS	131196	131636	56.1	+	0	ID=4_131;partial=00;start_type=ATG;rbs_motif=AGGA;rbs_spacer=5-10bp;gc_cont=0.488;conf=100.00;score=56.13;cscore=44.39;sscore=11.73;rscore=7.02;uscore=1.44;tscore=3.92;
NODE_4_length_348303_cov_114.329901	Prodigal_v2.6.3	CDS	131788	132225	37.8	+	0	ID=4_132;partial=00;start_type=ATG;rbs_motif=GGAGG;rbs_spacer=5-10bp;gc_cont=0.507;conf=99.98;score=37.75;cscore=18.41;sscore=19.35;rscore=16.07;uscore=-0.65;tscore=3.92;
NODE_4_length_348303_cov_114.329901	Prodigal_v2.6.3	CDS	132389	132589	38.0	-	0	ID=4_133;partial=00;start_type=ATG;rbs_motif=AGGAG;rbs_spacer=5-10bp;gc_cont=0.473;conf=99.98;score=37.97;cscore=19.56;sscore=18.41;rscore=12.12;uscore=3.18;tscore=3.11;
NODE_4_length_348303_cov_114.329901	Prodigal_v2.6.3	CDS	132762	134102	188.9	-	0	ID=4_134;partial=00;start_type=ATG;rbs_motif=AGxAGG/AGGxGG;rbs_spacer=5-10bp;gc_cont=0.507;conf=99.99;score=188.89;cscore=173.56;sscore=15.33;rscore=11.15;uscore=0.91;tscore=3.92;
NODE_4_length_348303_cov_114.329901	Prodigal_v2.6.3	CDS	134384	135322	133.4	+	0	ID=4_135;partial=00;start_type=ATG;rbs_motif=AGGAGG;rbs_spacer=5-10bp;gc_cont=0.473;conf=100.00;score=133.37;cscore=113.23;sscore=20.14;rscore=16.65;uscore=-0.44;tscore=3.92;
NODE_4_length_348303_cov_114.329901	Prodigal_v2.6.3	CDS	135448	136923	165.6	-	0	ID=4_136;partial=00;start_type=ATG;rbs_motif=GGAGG;rbs_spacer=5-10bp;gc_cont=0.512;conf=100.00;score=165.63;cscore=149.08;sscore=16.55;rscore=16.07;uscore=-2.79;tscore=3.92;
NODE_4_length_348303_cov_114.329901	Prodigal_v2.6.3	CDS	137144	138448	158.7	-	0	ID=4_137;partial=00;start_type=ATG;rbs_motif=AGGAGG;rbs_spacer=5-10bp;gc_cont=0.472;conf=100.00;score=158.70;cscore=136.91;sscore=21.79;rscore=16.65;uscore=1.87;tscore=3.92;
NODE_4_length_348303_cov_114.329901	Prodigal_v2.6.3	CDS	138788	140791	267.4	-	0	ID=4_138;partial=00;start_type=ATG;rbs_motif=AGxAGG/AGGxGG;rbs_spacer=5-10bp;gc_cont=0.489;conf=99.99;score=267.37;cscore=250.69;sscore=16.68;rscore=11.15;uscore=1.60;tscore=3.92;
NODE_4_length_348303_cov_114.329901	Prodigal_v2.6.3	CDS	140882	142528	184.3	-	0	ID=4_139;partial=00;start_type=ATG;rbs_motif=GGA/GAG/AGG;rbs_spacer=5-10bp;gc_cont=0.457;conf=99.99;score=184.34;cscore=182.62;sscore=1.72;rscore=-1.95;uscore=0.40;tscore=3.92;
NODE_4_length_348303_cov_114.329901	Prodigal_v2.6.3	CDS	142752	143468	86.0	-	0	ID=4_140;partial=00;start_type=ATG;rbs_motif=GGAGG;rbs_spacer=5-10bp;gc_cont=0.480;conf=100.00;score=85.96;cscore=66.13;sscore=19.83;rscore=16.07;uscore=0.49;tscore=3.92;
NODE_4_length_348303_cov_114.329901	Prodigal_v2.6.3	CDS	143754	144998	152.8	-	0	ID=4_141;partial=00;start_type=ATG;rbs_motif=GGAGG;rbs_spacer=5-10bp;gc_cont=0.520;conf=100.00;score=152.79;cscore=132.69;sscore=20.09;rscore=16.07;uscore=0.10;tscore=3.92;
NODE_4_length_348303_cov_114.329901	Prodigal_v2.6.3	CDS	145160	146941	229.4	-	0	ID=4_142;partial=00;start_type=ATG;rbs_motif=AGxAGG/AGGxGG;rbs_spacer=5-10bp;gc_cont=0.464;conf=99.99;score=229.41;cscore=212.53;sscore=16.89;rscore=11.15;uscore=0.58;tscore=3.92;
NODE_4_length_348303_cov_114.329901	Prodigal_v2.6.3	CDS	146946	148664	222.4	-	0	ID=4_143;partial=00;start_type=ATG;rbs_motif=AGGAG;rbs_spacer=5-10bp;gc_cont=0.475;conf=99.99;score=222.39;cscore=199.05;sscore=23.34;rscore=15.31;uscore=4.76;tscore=3.92;
NODE_4_length_348303_cov_114.329901	Prodigal_v2.6.3	CDS	149799	152084	292.4	+	0	ID=4_144;partial=00;start_type=ATG;rbs_motif=AGGAGG;rbs_spacer=5-10bp;gc_cont=0.476;conf=99.99;score=292.37;cscore=272.80;sscore=19.57;rscore=16.65;uscore=-1.01;tscore=3.92;
NODE_4_length_348303_cov_114.329901	Prodigal_v2.6.3	CDS	152062	152934	106.1	+	0	ID=4_145;partial=00;start_type=ATG;rbs_motif=AGGA;rbs_spacer=5-10bp;gc_cont=0.477;conf=100.00;score=106.07;cscore=94.16;sscore=11.91;rscore=7.02;uscore=0.96;tscore=3.92;
NODE_4_length_348303_cov_114.329901	Prodigal_v2.6.3	CDS	153317	154141	88.8	+	0	ID=4_146;partial=00;start_type=GTG;rbs_motif=AGGA;rbs_spacer=5-10bp;gc_cont=0.542;conf=100.00;score=88.75;cscore=85.14;sscore=3.62;rscore=7.02;uscore=1.61;tscore=-4.36;
NODE_4_length_348303_cov_114.329901	Prodigal_v2.6.3	CDS	154189	154737	69.7	+	0	ID=4_147;partial=00;start_type=ATG;rbs_motif=GGAGG;rbs_spacer=5-10bp;gc_cont=0.477;conf=100.00;score=69.71;cscore=49.08;sscore=20.63;rscore=16.07;uscore=-0.12;tscore=3.92;
NODE_4_length_348303_cov_114.329901	Prodigal_v2.6.3	CDS	154989	155783	103.4	+	0	ID=4_148;partial=00;start_type=ATG;rbs_motif=AGGAGG;rbs_spacer=5-10bp;gc_cont=0.481;conf=100.00;score=103.43;cscore=82.80;sscore=20.62;rscore=16.65;uscore=0.70;tscore=3.92;
NODE_4_length_348303_cov_114.329901	Prodigal_v2.6.3	CDS	155770	157497	189.1	+	0	ID=4_149;partial=00;start_type=ATG;rbs_motif=GGxGG;rbs_spacer=5-10bp;gc_cont=0.499;conf=99.99;score=189.11;cscore=181.55;sscore=7.56;rscore=3.18;uscore=-0.73;tscore=3.92;
NODE_4_length_348303_cov_114.329901	Prodigal_v2.6.3	CDS	157665	158639	82.3	+	0	ID=4_150;partial=00;start_type=ATG;rbs_motif=AGGA;rbs_spacer=5-10bp;gc_cont=0.501;conf=100.00;score=82.27;cscore=72.70;sscore=9.57;rscore=7.02;uscore=-1.38;tscore=3.92;
NODE_4_length_348303_cov_114.329901	Prodigal_v2.6.3	CDS	158715	160736	240.2	-	0	ID=4_151;partial=00;start_type=ATG;rbs_motif=AGGAGG;rbs_spacer=5-10bp;gc_cont=0.492;conf=99.99;score=240.21;cscore=221.08;sscore=19.13;rscore=16.65;uscore=-1.45;tscore=3.92;
NODE_4_length_348303_cov_114.329901	Prodigal_v2.6.3	CDS	160901	161602	85.0	-	0	ID=4_152;partial=00;start_type=ATG;rbs_motif=AGxAGG/AGGxGG;rbs_spacer=5-10bp;gc_cont=0.511;conf=100.00;score=85.00;cscore=68.18;sscore=16.82;rscore=11.15;uscore=0.60;tscore=3.92;
NODE_4_length_348303_cov_114.329901	Prodigal_v2.6.3	CDS	161586	161945	33.6	-	0	ID=4_153;partial=00;start_type=ATG;rbs_motif=AGxAGG/AGGxGG;rbs_spacer=5-10bp;gc_cont=0.511;conf=99.96;score=33.62;cscore=17.57;sscore=16.05;rscore=11.15;uscore=0.97;tscore=3.92;
NODE_4_length_348303_cov_114.329901	Prodigal_v2.6.3	CDS	162099	162800	101.0	-	0	ID=4_154;partial=00;start_type=ATG;rbs_motif=AGGAGG;rbs_spacer=5-10bp;gc_cont=0.484;conf=100.00;score=100.99;cscore=77.45;sscore=23.54;rscore=16.65;uscore=3.61;tscore=3.92;
NODE_4_length_348303_cov_114.329901	Prodigal_v2.6.3	CDS	163639	165636	213.9	-	0	ID=4_155;partial=00;start_type=ATG;rbs_motif=GGAGG;rbs_spacer=5-10bp;gc_cont=0.461;conf=99.99;score=213.85;cscore=192.56;sscore=21.29;rscore=16.07;uscore=-2.00;tscore=3.92;
NODE_4_length_348303_cov_114.329901	Prodigal_v2.6.3	CDS	165633	166010	51.0	-	0	ID=4_156;partial=00;start_type=ATG;rbs_motif=AGGAGG;rbs_spacer=5-10bp;gc_cont=0.508;conf=100.00;score=51.02;cscore=31.08;sscore=19.94;rscore=16.65;uscore=-0.64;tscore=3.92;
NODE_4_length_348303_cov_114.329901	Prodigal_v2.6.3	CDS	165991	167010	110.0	-	0	ID=4_157;partial=00;start_type=ATG;rbs_motif=GGxGG;rbs_spacer=5-10bp;gc_cont=0.478;conf=100.00;score=110.00;cscore=105.02;sscore=4.97;rscore=3.18;uscore=-2.13;tscore=3.92;
NODE_4_length_348303_cov_114.329901	Prodigal_v2.6.3	CDS	167078	167743	99.5	-	0	ID=4_158;partial=00;start_type=ATG;rbs_motif=GGAGG;rbs_spacer=5-10bp;gc_cont=0.474;conf=100.00;score=99.45;cscore=76.99;sscore=22.46;rscore=16.07;uscore=3.12;tscore=3.92;
NODE_4_length_348303_cov_114.329901	Prodigal_v2.6.3	CDS	168834	170222	178.6	+	0	ID=4_159;partial=00;start_type=ATG;rbs_motif=GGAGG;rbs_spacer=5-10bp;gc_cont=0.500;conf=99.99;score=178.65;cscore=154.74;sscore=23.91;rscore=16.07;uscore=3.91;tscore=3.92;
NODE_4_length_348303_cov_114.329901	Prodigal_v2.6.3	CDS	170496	171407	73.9	-	0	ID=4_160;partial=00;start_type=ATG;rbs_motif=AGGAGG;rbs_spacer=5-10bp;gc_cont=0.479;conf=100.00;score=73.95;cscore=54.54;sscore=19.40;rscore=16.65;uscore=-0.52;tscore=3.92;
NODE_4_length_348303_cov_114.329901	Prodigal_v2.6.3	CDS	172355	173068	73.2	+	0	ID=4_161;partial=00;start_type=ATG;rbs_motif=AGGAGG;rbs_spacer=5-10bp;gc_cont=0.500;conf=100.00;score=73.20;cscore=56.91;sscore=16.29;rscore=16.65;uscore=-4.28;tscore=3.92;
NODE_4_length_348303_cov_114.329901	Prodigal_v2.6.3	CDS	173100	173912	93.9	+	0	ID=4_162;partial=00;start_type=ATG;rbs_motif=AGGA;rbs_spacer=5-10bp;gc_cont=0.465;conf=100.00;score=93.91;cscore=79.61;sscore=14.30;rscore=7.02;uscore=2.42;tscore=3.92;
NODE_4_length_348303_cov_114.329901	Prodigal_v2.6.3	CDS	174014	175150	148.0	+	0	ID=4_163;partial=00;start_type=ATG;rbs_motif=AGGAGG;rbs_spacer=5-10bp;gc_cont=0.533;conf=100.00;score=147.95;cscore=126.15;sscore=21.81;rscore=16.65;uscore=1.23;tscore=3.92;
NODE_4_length_348303_cov_114.329901	Prodigal_v2.6.3	CDS	175415	175960	38.9	+	0	ID=4_164;partial=00;start_type=ATG;rbs_motif=GGAG/GAGG;rbs_spacer=5-10bp;gc_cont=0.408;conf=99.99;score=38.88;cscore=23.32;sscore=15.56;rscore=10.35;uscore=1.94;tscore=3.92;
NODE_4_length_348303_cov_114.329901	Prodigal_v2.6.3	CDS	176150	177079	149.7	-	0	ID=4_165;partial=00;start_type=ATG;rbs_motif=GGAGG;rbs_spacer=5-10bp;gc_cont=0.515;conf=100.00;score=149.67;cscore=124.40;sscore=25.26;rscore=16.07;uscore=4.36;tscore=3.92;
NODE_4_length_348303_cov_114.329901	Prodigal_v2.6.3	CDS	177113	177928	93.0	-	0	ID=4_166;partial=00;start_type=TTG;rbs_motif=AGGAGG;rbs_spacer=5-10bp;gc_cont=0.466;conf=100.00;score=92.97;cscore=81.81;sscore=11.15;rscore=16.65;uscore=2.65;tscore=-7.50;
NODE_4_length_348303_cov_114.329901	Prodigal_v2.6.3	CDS	178369	179268	123.4	-	0	ID=4_167;partial=00;start_type=ATG;rbs_motif=AGGAG;rbs_spacer=5-10bp;gc_cont=0.501;conf=100.00;score=123.38;cscore=100.30;sscore=23.08;rscore=15.31;uscore=2.77;tscore=3.92;
NODE_4_length_348303_cov_114.329901	Prodigal_v2.6.3	CDS	179287	180504	145.0	-	0	ID=4_168;partial=00;start_type=ATG;rbs_motif=AGGAG/GGAGG;rbs_spacer=11-12bp;gc_cont=0.505;conf=100.00;score=145.00;cscore=128.78;sscore=16.21;rscore=12.17;uscore=0.77;tscore=3.92;
NODE_4_length_348303_cov_114.329901	Prodigal_v2.6.3	CDS	180781	181677	128.5	-	0	ID=4_169;partial=00;start_type=ATG;rbs_motif=GGAGG;rbs_spacer=5-10bp;gc_cont=0.484;conf=100.00;score=128.51;cscore=104.00;sscore=24.51;rscore=16.07;uscore=4.52;tscore=3.92;
NODE_4_length_348303_cov_114.329901	Prodigal_v2.6.3	CDS	181774	182607	126.3	-	0	ID=4_170;partial=00;start_type=ATG;rbs_motif=AGGAG;rbs_spacer=5-10bp;gc_cont=0.486;conf=100.00;score=126.28;cscore=102.57;sscore=23.71;rscore=15.31;uscore=3.38;tscore=3.92;
NODE_4_length_348303_cov_114.329901	Prodigal_v2.6.3	CDS	182624	183490	121.7	-	0	ID=4_171;partial=00;start_type=ATG;rbs_motif=GGAGG;rbs_spacer=5-10bp;gc_cont=0.472;conf=100.00;score=121.66;cscore=99.18;sscore=22.47;rscore=16.07;uscore=3.13;tscore=3.92;
NODE_4_length_348303_cov_114.329901	Prodigal_v2.6.3	CDS	183645	184538	85.9	+	0	ID=4_172;partial=00;start_type=ATG;rbs_motif=AGGAGG;rbs_spacer=5-10bp;gc_cont=0.477;conf=100.00;score=85.86;cscore=69.49;sscore=16.37;rscore=16.65;uscore=-4.20;tscore=3.92;
NODE_4_length_348303_cov_114.329901	Prodigal_v2.6.3	CDS	184717	185244	59.9	+	0	ID=4_173;partial=00;start_type=ATG;rbs_motif=AGGAGG;rbs_spacer=5-10bp;gc_cont=0.506;conf=100.00;score=59.88;cscore=39.98;sscore=19.91;rscore=16.65;uscore=-0.02;tscore=3.92;
NODE_4_length_348303_cov_114.329901	Prodigal_v2.6.3	CDS	185330	186772	145.4	-	0	ID=4_174;partial=00;start_type=GTG;rbs_motif=GGAGG;rbs_spacer=5-10bp;gc_cont=0.460;conf=100.00;score=145.38;cscore=136.85;sscore=8.53;rscore=16.07;uscore=-2.52;tscore=-4.36;
NODE_4_length_348303_cov_114.329901	Prodigal_v2.6.3	CDS	187379	189913	359.3	-	0	ID=4_175;partial=00;start_type=ATG;rbs_motif=AGGAGG;rbs_spacer=5-10bp;gc_cont=0.489;conf=99.99;score=359.31;cscore=338.12;sscore=21.19;rscore=16.65;uscore=1.26;tscore=3.92;
NODE_4_length_348303_cov_114.329901	Prodigal_v2.6.3	CDS	190338	195839	638.0	+	0	ID=4_176;partial=00;start_type=ATG;rbs_motif=GGA/GAG/AGG;rbs_spacer=5-10bp;gc_cont=0.479;conf=99.99;score=638.03;cscore=634.39;sscore=3.65;rscore=-1.95;uscore=1.68;tscore=3.92;
NODE_4_length_348303_cov_114.329901	Prodigal_v2.6.3	CDS	196381	203076	733.3	+	0	ID=4_177;partial=00;start_type=ATG;rbs_motif=GGAGG;rbs_spacer=5-10bp;gc_cont=0.467;conf=99.99;score=733.28;cscore=714.87;sscore=18.41;rscore=16.07;uscore=-0.93;tscore=3.92;
NODE_4_length_348303_cov_114.329901	Prodigal_v2.6.3	CDS	203266	203895	64.6	-	0	ID=4_178;partial=00;start_type=ATG;rbs_motif=AGGAGG;rbs_spacer=5-10bp;gc_cont=0.468;conf=100.00;score=64.59;cscore=42.24;sscore=22.35;rscore=16.65;uscore=1.77;tscore=3.92;
NODE_4_length_348303_cov_114.329901	Prodigal_v2.6.3	CDS	203834	204982	113.0	-	0	ID=4_179;partial=00;start_type=ATG;rbs_motif=AGGAGG;rbs_spacer=5-10bp;gc_cont=0.465;conf=100.00;score=113.01;cscore=90.88;sscore=22.13;rscore=16.65;uscore=0.26;tscore=3.92;
NODE_4_length_348303_cov_114.329901	Prodigal_v2.6.3	CDS	204979	205860	118.0	-	0	ID=4_180;partial=00;start_type=ATG;rbs_motif=AGGAGG;rbs_spacer=5-10bp;gc_cont=0.482;conf=100.00;score=118.00;cscore=94.73;sscore=23.27;rscore=16.65;uscore=2.69;tscore=3.92;
NODE_4_length_348303_cov_114.329901	Prodigal_v2.6.3	CDS	205963	207078	121.9	-	0	ID=4_181;partial=00;start_type=ATG;rbs_motif=GGAG/GAGG;rbs_spacer=5-10bp;gc_cont=0.461;conf=100.00;score=121.90;cscore=107.51;sscore=14.39;rscore=10.35;uscore=-1.08;tscore=3.92;
NODE_4_length_348303_cov_114.329901	Prodigal_v2.6.3	CDS	207066	207764	85.9	-	0	ID=4_182;partial=00;start_type=ATG;rbs_motif=GGAGG;rbs_spacer=5-10bp;gc_cont=0.464;conf=100.00;score=85.88;cscore=65.28;sscore=20.60;rscore=16.07;uscore=1.26;tscore=3.92;
NODE_4_length_348303_cov_114.329901	Prodigal_v2.6.3	CDS	208060	209676	140.9	-	0	ID=4_183;partial=00;start_type=ATG;rbs_motif=GGAG/GAGG;rbs_spacer=5-10bp;gc_cont=0.460;conf=100.00;score=140.94;cscore=126.86;sscore=14.08;rscore=10.35;uscore=-1.45;tscore=3.92;
NODE_4_length_348303_cov_114.329901	Prodigal_v2.6.3	CDS	209669	210403	89.9	-	0	ID=4_184;partial=00;start_type=ATG;rbs_motif=AGxAGG/AGGxGG;rbs_spacer=5-10bp;gc_cont=0.471;conf=100.00;score=89.87;cscore=76.71;sscore=13.16;rscore=11.15;uscore=-1.27;tscore=3.92;
NODE_4_length_348303_cov_114.329901	Prodigal_v2.6.3	CDS	210594	211670	85.9	-	0	ID=4_185;partial=00;start_type=GTG;rbs_motif=GGAG/GAGG;rbs_spacer=5-10bp;gc_cont=0.442;conf=100.00;score=85.94;cscore=82.12;sscore=3.82;rscore=10.35;uscore=-2.17;tscore=-4.36;
NODE_4_length_348303_cov_114.329901	Prodigal_v2.6.3	CDS	211744	212748	152.1	-	0	ID=4_186;partial=00;start_type=ATG;rbs_motif=GGAG/GAGG;rbs_spacer=5-10bp;gc_cont=0.449;conf=100.00;score=152.10;cscore=131.62;sscore=20.48;rscore=10.35;uscore=5.04;tscore=3.92;
NODE_4_length_348303_cov_114.329901	Prodigal_v2.6.3	CDS	212759	213475	71.4	-	0	ID=4_187;partial=00;start_type=ATG;rbs_motif=GGxGG;rbs_spacer=5-10bp;gc_cont=0.455;conf=100.00;score=71.42;cscore=61.86;sscore=9.56;rscore=3.18;uscore=1.20;tscore=3.92;
NODE_4_length_348303_cov_114.329901	Prodigal_v2.6.3	CDS	213468	216197	324.3	-	0	ID=4_188;partial=00;start_type=GTG;rbs_motif=AGGAGG;rbs_spacer=5-10bp;gc_cont=0.451;conf=99.99;score=324.31;cscore=311.87;sscore=12.44;rscore=16.65;uscore=0.80;tscore=-4.36;
NODE_4_length_348303_cov_114.329901	Prodigal_v2.6.3	CDS	216456	217040	67.9	+	0	ID=4_189;partial=00;start_type=ATG;rbs_motif=AGGAG;rbs_spacer=5-10bp;gc_cont=0.441;conf=100.00;score=67.94;cscore=48.62;sscore=19.32;rscore=15.31;uscore=0.09;tscore=3.92;
NODE_4_length_348303_cov_114.329901	Prodigal_v2.6.3	CDS	217166	219076	169.1	-	0	ID=4_190;partial=00;start_type=ATG;rbs_motif=GGA/GAG/AGG;rbs_spacer=5-10bp;gc_cont=0.403;conf=100.00;score=169.14;cscore=166.19;sscore=2.95;rscore=-1.95;uscore=1.63;tscore=3.92;
NODE_4_length_348303_cov_114.329901	Prodigal_v2.6.3	CDS	219251	219562	53.3	+	0	ID=4_191;partial=00;start_type=ATG;rbs_motif=AGGAG;rbs_spacer=5-10bp;gc_cont=0.474;conf=100.00;score=53.32;cscore=31.98;sscore=21.34;rscore=15.31;uscore=2.11;tscore=3.92;
NODE_4_length_348303_cov_114.329901	Prodigal_v2.6.3	CDS	219586	220824	117.8	+	0	ID=4_192;partial=00;start_type=ATG;rbs_motif=GGAGG;rbs_spacer=5-10bp;gc_cont=0.437;conf=100.00;score=117.82;cscore=97.24;sscore=20.58;rscore=16.07;uscore=-0.44;tscore=3.92;
NODE_4_length_348303_cov_114.329901	Prodigal_v2.6.3	CDS	220861	221226	50.7	+	0	ID=4_193;partial=00;start_type=ATG;rbs_motif=AGGAG;rbs_spacer=5-10bp;gc_cont=0.467;conf=100.00;score=50.68;cscore=29.44;sscore=21.24;rscore=15.31;uscore=1.13;tscore=3.92;
NODE_4_length_348303_cov_114.329901	Prodigal_v2.6.3	CDS	221245	222675	172.4	+	0	ID=4_194;partial=00;start_type=ATG;rbs_motif=AGGAG;rbs_spacer=5-10bp;gc_cont=0.445;conf=100.00;score=172.41;cscore=150.39;sscore=22.01;rscore=15.31;uscore=1.70;tscore=3.92;
NODE_4_length_348303_cov_114.329901	Prodigal_v2.6.3	CDS	222675	223277	56.3	+	0	ID=4_195;partial=00;start_type=ATG;rbs_motif=None;rbs_spacer=None;gc_cont=0.488;conf=100.00;score=56.30;cscore=50.74;sscore=5.56;rscore=-15.61;uscore=0.36;tscore=3.92;
NODE_4_length_348303_cov_114.329901	Prodigal_v2.6.3	CDS	223341	223685	31.0	-	0	ID=4_196;partial=00;start_type=ATG;rbs_motif=GGA/GAG/AGG;rbs_spacer=5-10bp;gc_cont=0.478;conf=99.92;score=30.97;cscore=28.12;sscore=2.85;rscore=-1.95;uscore=1.54;tscore=3.92;
NODE_4_length_348303_cov_114.329901	Prodigal_v2.6.3	CDS	223831	224853	105.7	+	0	ID=4_197;partial=00;start_type=ATG;rbs_motif=AGGA;rbs_spacer=5-10bp;gc_cont=0.497;conf=100.00;score=105.69;cscore=92.36;sscore=13.33;rscore=7.02;uscore=2.39;tscore=3.92;
NODE_4_length_348303_cov_114.329901	Prodigal_v2.6.3	CDS	224975	225841	125.0	-	0	ID=4_198;partial=00;start_type=ATG;rbs_motif=AGGAGG;rbs_spacer=5-10bp;gc_cont=0.458;conf=100.00;score=125.01;cscore=105.72;sscore=19.29;rscore=16.65;uscore=-0.63;tscore=3.92;
NODE_4_length_348303_cov_114.329901	Prodigal_v2.6.3	CDS	226013	226441	64.1	+	0	ID=4_199;partial=00;start_type=ATG;rbs_motif=GGAGG;rbs_spacer=5-10bp;gc_cont=0.466;conf=100.00;score=64.08;cscore=38.84;sscore=25.25;rscore=16.07;uscore=5.25;tscore=3.92;
NODE_4_length_348303_cov_114.329901	Prodigal_v2.6.3	CDS	226505	227860	151.2	-	0	ID=4_200;partial=00;start_type=ATG;rbs_motif=AGGAG(G)/GGAGG;rbs_spacer=13-15bp;gc_cont=0.507;conf=100.00;score=151.21;cscore=144.00;sscore=7.20;rscore=1.83;uscore=1.45;tscore=3.92;
NODE_4_length_348303_cov_114.329901	Prodigal_v2.6.3	CDS	227982	229109	121.3	-	0	ID=4_201;partial=00;start_type=TTG;rbs_motif=AGGAGG;rbs_spacer=5-10bp;gc_cont=0.489;conf=100.00;score=121.33;cscore=112.88;sscore=8.45;rscore=16.65;uscore=-0.71;tscore=-7.50;
NODE_4_length_348303_cov_114.329901	Prodigal_v2.6.3	CDS	229238	230581	188.9	-	0	ID=4_202;partial=00;start_type=ATG;rbs_motif=AGGAGG;rbs_spacer=5-10bp;gc_cont=0.497;conf=99.99;score=188.90;cscore=166.60;sscore=22.30;rscore=16.65;uscore=2.37;tscore=3.92;
NODE_4_length_348303_cov_114.329901	Prodigal_v2.6.3	CDS	230909	231661	106.2	-	0	ID=4_203;partial=00;start_type=GTG;rbs_motif=AGxAGG/AGGxGG;rbs_spacer=5-10bp;gc_cont=0.466;conf=100.00;score=106.23;cscore=94.25;sscore=11.98;rscore=11.15;uscore=4.24;tscore=-4.36;
NODE_4_length_348303_cov_114.329901	Prodigal_v2.6.3	CDS	231691	232440	99.3	-	0	ID=4_204;partial=00;start_type=ATG;rbs_motif=AGGAG;rbs_spacer=5-10bp;gc_cont=0.471;conf=100.00;score=99.34;cscore=78.29;sscore=21.06;rscore=15.31;uscore=2.48;tscore=3.92;
NODE_4_length_348303_cov_114.329901	Prodigal_v2.6.3	CDS	232653	233720	114.4	+	0	ID=4_205;partial=00;start_type=ATG;rbs_motif=AGGAG;rbs_spacer=5-10bp;gc_cont=0.537;conf=100.00;score=114.41;cscore=93.67;sscore=20.73;rscore=15.31;uscore=1.50;tscore=3.92;
NODE_4_length_348303_cov_114.329901	Prodigal_v2.6.3	CDS	233876	234889	110.7	+	0	ID=4_206;partial=00;start_type=TTG;rbs_motif=AGGAGG;rbs_spacer=5-10bp;gc_cont=0.484;conf=100.00;score=110.71;cscore=105.00;sscore=5.71;rscore=16.65;uscore=-3.45;tscore=-7.50;
NODE_4_length_348303_cov_114.329901	Prodigal_v2.6.3	CDS	234975	236708	252.2	-	0	ID=4_207;partial=00;start_type=ATG;rbs_motif=AGGAG;rbs_spacer=5-10bp;gc_cont=0.474;conf=99.99;score=252.23;cscore=230.66;sscore=21.57;rscore=15.31;uscore=2.99;tscore=3.92;
NODE_4_length_348303_cov_114.329901	Prodigal_v2.6.3	CDS	237295	238176	139.3	+	0	ID=4_208;partial=00;start_type=ATG;rbs_motif=AGGAGG;rbs_spacer=5-10bp;gc_cont=0.499;conf=100.00;score=139.32;cscore=119.14;sscore=20.18;rscore=16.65;uscore=-0.40;tscore=3.92;
NODE_4_length_348303_cov_114.329901	Prodigal_v2.6.3	CDS	238248	238823	70.4	-	0	ID=4_209;partial=00;start_type=ATG;rbs_motif=GGAGG;rbs_spacer=5-10bp;gc_cont=0.464;conf=100.00;score=70.45;cscore=50.56;sscore=19.89;rscore=16.07;uscore=-1.33;tscore=3.92;
NODE_4_length_348303_cov_114.329901	Prodigal_v2.6.3	CDS	238813	239424	57.8	-	0	ID=4_210;partial=00;start_type=ATG;rbs_motif=AGxAGG/AGGxGG;rbs_spacer=5-10bp;gc_cont=0.472;conf=100.00;score=57.76;cscore=43.49;sscore=14.27;rscore=11.15;uscore=-0.16;tscore=3.92;
NODE_4_length_348303_cov_114.329901	Prodigal_v2.6.3	CDS	239607	240770	111.0	-	0	ID=4_211;partial=00;start_type=ATG;rbs_motif=GGAG/GAGG;rbs_spacer=5-10bp;gc_cont=0.479;conf=100.00;score=110.98;cscore=93.71;sscore=17.26;rscore=10.35;uscore=2.99;tscore=3.92;
NODE_4_length_348303_cov_114.329901	Prodigal_v2.6.3	CDS	240849	241142	3.3	-	0	ID=4_212;partial=00;start_type=ATG;rbs_motif=None;rbs_spacer=None;gc_cont=0.449;conf=67.94;score=3.27;cscore=15.20;sscore=-11.94;rscore=-15.61;uscore=0.40;tscore=3.92;
NODE_4_length_348303_cov_114.329901	Prodigal_v2.6.3	CDS	241375	242811	155.3	+	0	ID=4_213;partial=00;start_type=ATG;rbs_motif=AGGAGG;rbs_spacer=5-10bp;gc_cont=0.517;conf=100.00;score=155.33;cscore=133.92;sscore=21.41;rscore=16.65;uscore=0.83;tscore=3.92;
NODE_4_length_348303_cov_114.329901	Prodigal_v2.6.3	CDS	242846	243274	63.1	+	0	ID=4_214;partial=00;start_type=ATG;rbs_motif=AGGAGG;rbs_spacer=5-10bp;gc_cont=0.499;conf=100.00;score=63.10;cscore=39.52;sscore=23.57;rscore=16.65;uscore=2.09;tscore=3.92;
NODE_4_length_348303_cov_114.329901	Prodigal_v2.6.3	CDS	243665	244684	167.8	+	0	ID=4_215;partial=00;start_type=ATG;rbs_motif=GGAG/GAGG;rbs_spacer=5-10bp;gc_cont=0.493;conf=100.00;score=167.76;cscore=150.84;sscore=16.92;rscore=10.35;uscore=3.29;tscore=3.92;
NODE_4_length_348303_cov_114.329901	Prodigal_v2.6.3	CDS	244671	245252	84.4	+	0	ID=4_216;partial=00;start_type=ATG;rbs_motif=GGxGG;rbs_spacer=5-10bp;gc_cont=0.509;conf=100.00;score=84.38;cscore=78.28;sscore=6.11;rscore=3.18;uscore=-2.18;tscore=3.92;
NODE_4_length_348303_cov_114.329901	Prodigal_v2.6.3	CDS	245302	245670	71.3	+	0	ID=4_217;partial=00;start_type=ATG;rbs_motif=AGGAG;rbs_spacer=5-10bp;gc_cont=0.453;conf=100.00;score=71.30;cscore=50.86;sscore=20.44;rscore=15.31;uscore=0.47;tscore=3.92;
NODE_4_length_348303_cov_114.329901	Prodigal_v2.6.3	CDS	245755	246318	70.4	+	0	ID=4_218;partial=00;start_type=ATG;rbs_motif=AGGAG;rbs_spacer=5-10bp;gc_cont=0.470;conf=100.00;score=70.43;cscore=52.78;sscore=17.65;rscore=15.31;uscore=-1.59;tscore=3.92;
NODE_4_length_348303_cov_114.329901	Prodigal_v2.6.3	CDS	246414	246542	10.7	+	0	ID=4_219;partial=00;start_type=ATG;rbs_motif=AGGA/GGAG/GAGG;rbs_spacer=11-12bp;gc_cont=0.473;conf=92.17;score=10.73;cscore=4.49;sscore=6.23;rscore=2.84;uscore=1.41;tscore=1.98;
NODE_4_length_348303_cov_114.329901	Prodigal_v2.6.3	CDS	246554	248248	217.4	+	0	ID=4_220;partial=00;start_type=ATG;rbs_motif=AGGAGG;rbs_spacer=5-10bp;gc_cont=0.461;conf=99.99;score=217.37;cscore=197.69;sscore=19.68;rscore=16.65;uscore=-2.05;tscore=3.92;
NODE_4_length_348303_cov_114.329901	Prodigal_v2.6.3	CDS	248395	249375	122.4	+	0	ID=4_221;partial=00;start_type=ATG;rbs_motif=GGAGG;rbs_spacer=5-10bp;gc_cont=0.458;conf=100.00;score=122.36;cscore=100.35;sscore=22.01;rscore=16.07;uscore=2.02;tscore=3.92;
NODE_4_length_348303_cov_114.329901	Prodigal_v2.6.3	CDS	249495	250511	122.3	-	0	ID=4_222;partial=00;start_type=ATG;rbs_motif=GGA/GAG/AGG;rbs_spacer=5-10bp;gc_cont=0.466;conf=100.00;score=122.26;cscore=118.08;sscore=4.18;rscore=-1.95;uscore=2.21;tscore=3.92;
NODE_4_length_348303_cov_114.329901	Prodigal_v2.6.3	CDS	250668	251534	100.0	-	0	ID=4_223;partial=00;start_type=ATG;rbs_motif=AGGAGG;rbs_spacer=5-10bp;gc_cont=0.422;conf=100.00;score=99.97;cscore=79.66;sscore=20.31;rscore=16.65;uscore=0.38;tscore=3.92;
NODE_4_length_348303_cov_114.329901	Prodigal_v2.6.3	CDS	252069	253499	183.5	-	0	ID=4_224;partial=00;start_type=ATG;rbs_motif=AGGAGG;rbs_spacer=5-10bp;gc_cont=0.455;conf=99.99;score=183.48;cscore=157.83;sscore=25.66;rscore=16.65;uscore=4.04;tscore=3.92;
NODE_4_length_348303_cov_114.329901	Prodigal_v2.6.3	CDS	253521	254720	105.1	-	0	ID=4_225;partial=00;start_type=ATG;rbs_motif=AGxAGG/AGGxGG;rbs_spacer=5-10bp;gc_cont=0.430;conf=100.00;score=105.07;cscore=86.67;sscore=18.40;rscore=11.15;uscore=3.98;tscore=3.92;
NODE_4_length_348303_cov_114.329901	Prodigal_v2.6.3	CDS	254945	257170	188.9	-	0	ID=4_226;partial=00;start_type=ATG;rbs_motif=GGAGG;rbs_spacer=5-10bp;gc_cont=0.433;conf=99.99;score=188.91;cscore=167.93;sscore=20.98;rscore=16.07;uscore=1.64;tscore=3.92;
NODE_4_length_348303_cov_114.329901	Prodigal_v2.6.3	CDS	257519	260251	348.9	+	0	ID=4_227;partial=00;start_type=ATG;rbs_motif=GGAGG;rbs_spacer=5-10bp;gc_cont=0.482;conf=99.99;score=348.91;cscore=327.10;sscore=21.81;rscore=16.07;uscore=1.82;tscore=3.92;
NODE_4_length_348303_cov_114.329901	Prodigal_v2.6.3	CDS	261216	262925	202.0	+	0	ID=4_228;partial=00;start_type=ATG;rbs_motif=GGAGG;rbs_spacer=5-10bp;gc_cont=0.506;conf=99.99;score=202.00;cscore=178.78;sscore=23.21;rscore=16.07;uscore=3.87;tscore=3.92;
NODE_4_length_348303_cov_114.329901	Prodigal_v2.6.3	CDS	262918	264729	204.2	+	0	ID=4_229;partial=00;start_type=TTG;rbs_motif=GGAGG;rbs_spacer=5-10bp;gc_cont=0.501;conf=99.99;score=204.18;cscore=195.48;sscore=8.70;rscore=16.07;uscore=-1.12;tscore=-7.50;
NODE_4_length_348303_cov_114.329901	Prodigal_v2.6.3	CDS	264912	266600	203.7	-	0	ID=4_230;partial=00;start_type=ATG;rbs_motif=GGAG/GAGG;rbs_spacer=5-10bp;gc_cont=0.453;conf=99.99;score=203.74;cscore=187.48;sscore=16.26;rscore=10.35;uscore=0.76;tscore=3.92;
NODE_4_length_348303_cov_114.329901	Prodigal_v2.6.3	CDS	266590	267006	76.6	-	0	ID=4_231;partial=00;start_type=ATG;rbs_motif=AGGAGG;rbs_spacer=5-10bp;gc_cont=0.480;conf=100.00;score=76.61;cscore=54.82;sscore=21.79;rscore=16.65;uscore=1.21;tscore=3.92;
NODE_4_length_348303_cov_114.329901	Prodigal_v2.6.3	CDS	267096	269339	252.6	-	0	ID=4_232;partial=00;start_type=TTG;rbs_motif=GGAG/GAGG;rbs_spacer=5-10bp;gc_cont=0.465;conf=99.99;score=252.58;cscore=248.10;sscore=4.48;rscore=10.35;uscore=0.67;tscore=-7.50;
NODE_4_length_348303_cov_114.329901	Prodigal_v2.6.3	CDS	269369	270220	122.4	-	0	ID=4_233;partial=00;start_type=ATG;rbs_motif=AGGAG;rbs_spacer=5-10bp;gc_cont=0.460;conf=100.00;score=122.43;cscore=102.14;sscore=20.29;rscore=15.31;uscore=-0.19;tscore=3.92;
NODE_4_length_348303_cov_114.329901	Prodigal_v2.6.3	CDS	270213	271022	115.3	-	0	ID=4_234;partial=00;start_type=ATG;rbs_motif=AGGAGG;rbs_spacer=5-10bp;gc_cont=0.458;conf=100.00;score=115.28;cscore=95.19;sscore=20.09;rscore=16.65;uscore=-1.30;tscore=3.92;
NODE_4_length_348303_cov_114.329901	Prodigal_v2.6.3	CDS	271065	271556	75.6	-	0	ID=4_235;partial=00;start_type=ATG;rbs_motif=GGAGG;rbs_spacer=5-10bp;gc_cont=0.459;conf=100.00;score=75.63;cscore=50.52;sscore=25.12;rscore=16.07;uscore=4.41;tscore=3.92;
NODE_4_length_348303_cov_114.329901	Prodigal_v2.6.3	CDS	271608	272615	140.6	-	0	ID=4_236;partial=00;start_type=ATG;rbs_motif=AGGAG;rbs_spacer=5-10bp;gc_cont=0.478;conf=100.00;score=140.63;cscore=120.43;sscore=20.20;rscore=15.31;uscore=1.62;tscore=3.92;
NODE_4_length_348303_cov_114.329901	Prodigal_v2.6.3	CDS	272856	273125	21.1	+	0	ID=4_237;partial=00;start_type=ATG;rbs_motif=GGA/GAG/AGG;rbs_spacer=5-10bp;gc_cont=0.493;conf=99.23;score=21.15;cscore=14.70;sscore=6.45;rscore=-1.95;uscore=4.48;tscore=3.92;
NODE_4_length_348303_cov_114.329901	Prodigal_v2.6.3	CDS	273432	274259	100.1	+	0	ID=4_238;partial=00;start_type=GTG;rbs_motif=GGAG/GAGG;rbs_spacer=5-10bp;gc_cont=0.486;conf=100.00;score=100.09;cscore=99.92;sscore=0.18;rscore=10.35;uscore=-5.16;tscore=-4.36;
NODE_4_length_348303_cov_114.329901	Prodigal_v2.6.3	CDS	274623	275993	191.8	+	0	ID=4_239;partial=00;start_type=GTG;rbs_motif=AGGAGG;rbs_spacer=5-10bp;gc_cont=0.494;conf=99.99;score=191.83;cscore=179.01;sscore=12.82;rscore=16.65;uscore=1.18;tscore=-4.36;
NODE_4_length_348303_cov_114.329901	Prodigal_v2.6.3	CDS	276284	276652	38.4	+	0	ID=4_240;partial=00;start_type=ATG;rbs_motif=GGxGG;rbs_spacer=5-10bp;gc_cont=0.398;conf=99.99;score=38.39;cscore=28.24;sscore=10.15;rscore=3.18;uscore=3.70;tscore=3.92;
NODE_4_length_348303_cov_114.329901	Prodigal_v2.6.3	CDS	276652	276912	29.5	+	0	ID=4_241;partial=00;start_type=ATG;rbs_motif=AGGA;rbs_spacer=5-10bp;gc_cont=0.418;conf=99.89;score=29.53;cscore=17.30;sscore=12.23;rscore=7.02;uscore=-0.36;tscore=3.92;
NODE_4_length_348303_cov_114.329901	Prodigal_v2.6.3	CDS	277025	277714	95.9	-	0	ID=4_242;partial=00;start_type=ATG;rbs_motif=GGAGG;rbs_spacer=5-10bp;gc_cont=0.486;conf=100.00;score=95.88;cscore=77.03;sscore=18.85;rscore=16.07;uscore=-2.37;tscore=3.92;
NODE_4_length_348303_cov_114.329901	Prodigal_v2.6.3	CDS	277719	278780	130.6	-	0	ID=4_243;partial=00;start_type=ATG;rbs_motif=AGGAG;rbs_spacer=5-10bp;gc_cont=0.480;conf=100.00;score=130.61;cscore=111.34;sscore=19.27;rscore=15.31;uscore=-1.19;tscore=3.92;
NODE_4_length_348303_cov_114.329901	Prodigal_v2.6.3	CDS	278785	279288	65.2	-	0	ID=4_244;partial=00;start_type=ATG;rbs_motif=AGxAGG/AGGxGG;rbs_spacer=5-10bp;gc_cont=0.516;conf=100.00;score=65.17;cscore=51.36;sscore=13.81;rscore=11.15;uscore=-0.61;tscore=3.92;
NODE_4_length_348303_cov_114.329901	Prodigal_v2.6.3	CDS	279498	280262	98.0	-	0	ID=4_245;partial=00;start_type=ATG;rbs_motif=AGGAGG;rbs_spacer=5-10bp;gc_cont=0.546;conf=100.00;score=97.99;cscore=77.81;sscore=20.18;rscore=16.65;uscore=-1.56;tscore=3.92;
NODE_4_length_348303_cov_114.329901	Prodigal_v2.6.3	CDS	280273	280425	25.7	-	0	ID=4_246;partial=00;start_type=ATG;rbs_motif=AGGAGG;rbs_spacer=5-10bp;gc_cont=0.444;conf=99.73;score=25.66;cscore=15.77;sscore=9.89;rscore=9.99;uscore=-2.46;tscore=2.35;
NODE_4_length_348303_cov_114.329901	Prodigal_v2.6.3	CDS	280593	281123	42.5	-	0	ID=4_247;partial=00;start_type=ATG;rbs_motif=GGA/GAG/AGG;rbs_spacer=5-10bp;gc_cont=0.493;conf=99.99;score=42.49;cscore=44.48;sscore=-2.00;rscore=-1.95;uscore=-3.32;tscore=3.92;
NODE_4_length_348303_cov_114.329901	Prodigal_v2.6.3	CDS	281525	282793	108.0	+	0	ID=4_248;partial=00;start_type=ATG;rbs_motif=AGxAGG/AGGxGG;rbs_spacer=5-10bp;gc_cont=0.501;conf=100.00;score=108.03;cscore=91.78;sscore=16.25;rscore=11.15;uscore=1.18;tscore=3.92;
NODE_4_length_348303_cov_114.329901	Prodigal_v2.6.3	CDS	282918	283562	73.4	-	0	ID=4_249;partial=00;start_type=TTG;rbs_motif=AGGA;rbs_spacer=5-10bp;gc_cont=0.448;conf=100.00;score=73.40;cscore=71.78;sscore=1.62;rscore=7.02;uscore=2.75;tscore=-7.50;
NODE_4_length_348303_cov_114.329901	Prodigal_v2.6.3	CDS	283731	284054	19.4	+	0	ID=4_250;partial=00;start_type=ATG;rbs_motif=AGGAG;rbs_spacer=5-10bp;gc_cont=0.460;conf=98.85;score=19.36;cscore=-1.66;sscore=21.02;rscore=15.31;uscore=2.29;tscore=3.92;
NODE_4_length_348303_cov_114.329901	Prodigal_v2.6.3	CDS	284398	285573	154.5	-	0	ID=4_251;partial=00;start_type=ATG;rbs_motif=GGAGG;rbs_spacer=5-10bp;gc_cont=0.426;conf=100.00;score=154.54;cscore=132.62;sscore=21.92;rscore=16.07;uscore=1.92;tscore=3.92;
NODE_4_length_348303_cov_114.329901	Prodigal_v2.6.3	CDS	285655	287580	246.7	-	0	ID=4_252;partial=00;start_type=ATG;rbs_motif=AGGAGG;rbs_spacer=5-10bp;gc_cont=0.422;conf=99.99;score=246.75;cscore=224.67;sscore=22.08;rscore=16.65;uscore=1.50;tscore=3.92;
NODE_4_length_348303_cov_114.329901	Prodigal_v2.6.3	CDS	287643	288446	100.5	-	0	ID=4_253;partial=00;start_type=ATG;rbs_motif=AGGAG;rbs_spacer=5-10bp;gc_cont=0.433;conf=100.00;score=100.53;cscore=79.88;sscore=20.64;rscore=15.31;uscore=2.07;tscore=3.92;
NODE_4_length_348303_cov_114.329901	Prodigal_v2.6.3	CDS	288662	289435	77.5	+	0	ID=4_254;partial=00;start_type=GTG;rbs_motif=GGA/GAG/AGG;rbs_spacer=5-10bp;gc_cont=0.437;conf=100.00;score=77.52;cscore=81.12;sscore=-3.60;rscore=-1.95;uscore=2.72;tscore=-4.36;
NODE_4_length_348303_cov_114.329901	Prodigal_v2.6.3	CDS	289556	290119	91.9	-	0	ID=4_255;partial=00;start_type=ATG;rbs_motif=AGGAG;rbs_spacer=5-10bp;gc_cont=0.504;conf=100.00;score=91.93;cscore=70.48;sscore=21.45;rscore=15.31;uscore=1.11;tscore=3.92;
NODE_4_length_348303_cov_114.329901	Prodigal_v2.6.3	CDS	290135	290782	103.7	-	0	ID=4_256;partial=00;start_type=ATG;rbs_motif=AGGAGG;rbs_spacer=5-10bp;gc_cont=0.474;conf=100.00;score=103.71;cscore=81.64;sscore=22.07;rscore=16.65;uscore=2.14;tscore=3.92;
NODE_4_length_348303_cov_114.329901	Prodigal_v2.6.3	CDS	290956	291717	81.8	+	0	ID=4_257;partial=00;start_type=ATG;rbs_motif=AGxAGG/AGGxGG;rbs_spacer=5-10bp;gc_cont=0.454;conf=100.00;score=81.80;cscore=64.69;sscore=17.10;rscore=11.15;uscore=2.03;tscore=3.92;
NODE_4_length_348303_cov_114.329901	Prodigal_v2.6.3	CDS	291755	292417	81.3	+	0	ID=4_258;partial=00;start_type=GTG;rbs_motif=AGGAGG;rbs_spacer=5-10bp;gc_cont=0.454;conf=100.00;score=81.33;cscore=65.43;sscore=15.90;rscore=16.65;uscore=2.74;tscore=-4.36;
NODE_4_length_348303_cov_114.329901	Prodigal_v2.6.3	CDS	292781	293041	5.1	+	0	ID=4_259;partial=00;start_type=ATG;rbs_motif=AGxAGG/AGGxGG;rbs_spacer=5-10bp;gc_cont=0.456;conf=76.30;score=5.09;cscore=-8.80;sscore=13.88;rscore=11.15;uscore=-0.04;tscore=3.92;
NODE_4_length_348303_cov_114.329901	Prodigal_v2.6.3	CDS	293497	293814	49.1	-	0	ID=4_260;partial=00;start_type=ATG;rbs_motif=AGxAGG/AGGxGG;rbs_spacer=5-10bp;gc_cont=0.437;conf=100.00;score=49.08;cscore=30.83;sscore=18.26;rscore=11.15;uscore=2.27;tscore=3.92;
NODE_4_length_348303_cov_114.329901	Prodigal_v2.6.3	CDS	293848	294693	105.6	-	0	ID=4_261;partial=00;start_type=ATG;rbs_motif=AGGAGG;rbs_spacer=5-10bp;gc_cont=0.474;conf=100.00;score=105.58;cscore=82.26;sscore=23.32;rscore=16.65;uscore=1.49;tscore=3.92;
NODE_4_length_348303_cov_114.329901	Prodigal_v2.6.3	CDS	294696	295658	89.3	-	0	ID=4_262;partial=00;start_type=ATG;rbs_motif=GGA/GAG/AGG;rbs_spacer=5-10bp;gc_cont=0.512;conf=100.00;score=89.28;cscore=86.19;sscore=3.08;rscore=-1.95;uscore=1.11;tscore=3.92;
NODE_4_length_348303_cov_114.329901	Prodigal_v2.6.3	CDS	295810	296304	79.4	-	0	ID=4_263;partial=00;start_type=ATG;rbs_motif=AGGAG;rbs_spacer=5-10bp;gc_cont=0.444;conf=100.00;score=79.40;cscore=59.93;sscore=19.47;rscore=15.31;uscore=-0.91;tscore=3.92;
NODE_4_length_348303_cov_114.329901	Prodigal_v2.6.3	CDS	296317	296754	45.6	-	0	ID=4_264;partial=00;start_type=ATG;rbs_motif=GGA/GAG/AGG;rbs_spacer=5-10bp;gc_cont=0.450;conf=100.00;score=45.62;cscore=42.97;sscore=2.65;rscore=-1.95;uscore=1.33;tscore=3.92;
NODE_4_length_348303_cov_114.329901	Prodigal_v2.6.3	CDS	297038	299572	238.5	+	0	ID=4_265;partial=00;start_type=TTG;rbs_motif=GGxGG;rbs_spacer=5-10bp;gc_cont=0.441;conf=99.99;score=238.46;cscore=244.91;sscore=-6.45;rscore=3.18;uscore=-2.12;tscore=-7.50;
NODE_4_length_348303_cov_114.329901	Prodigal_v2.6.3	CDS	299809	299913	1.6	-	0	ID=4_266;partial=00;start_type=ATG;rbs_motif=AGxAGG/AGGxGG;rbs_spacer=11-12bp;gc_cont=0.352;conf=58.82;score=1.55;cscore=-1.80;sscore=3.35;rscore=2.05;uscore=0.20;tscore=1.60;
NODE_4_length_348303_cov_114.329901	Prodigal_v2.6.3	CDS	299867	300178	37.4	-	0	ID=4_267;partial=00;start_type=ATG;rbs_motif=AGGAG;rbs_spacer=5-10bp;gc_cont=0.378;conf=99.98;score=37.35;cscore=17.79;sscore=19.57;rscore=15.31;uscore=0.99;tscore=3.92;
NODE_4_length_348303_cov_114.329901	Prodigal_v2.6.3	CDS	300962	301177	0.4	-	0	ID=4_268;partial=00;start_type=ATG;rbs_motif=GGA/GAG/AGG;rbs_spacer=5-10bp;gc_cont=0.431;conf=52.04;score=0.36;cscore=1.91;sscore=-1.56;rscore=-2.29;uscore=-2.61;tscore=3.34;
NODE_4_length_348303_cov_114.329901	Prodigal_v2.6.3	CDS	301355	302182	102.8	-	0	ID=4_269;partial=00;start_type=ATG;rbs_motif=GGAGG;rbs_spacer=5-10bp;gc_cont=0.467;conf=100.00;score=102.81;cscore=81.52;sscore=21.29;rscore=16.07;uscore=-0.12;tscore=3.92;
NODE_4_length_348303_cov_114.329901	Prodigal_v2.6.3	CDS	302179	303879	215.1	-	0	ID=4_270;partial=00;start_type=ATG;rbs_motif=GGA/GAG/AGG;rbs_spacer=5-10bp;gc_cont=0.501;conf=99.99;score=215.10;cscore=211.95;sscore=3.15;rscore=-1.95;uscore=-0.08;tscore=3.92;
NODE_4_length_348303_cov_114.329901	Prodigal_v2.6.3	CDS	303881	304441	70.5	-	0	ID=4_271;partial=00;start_type=ATG;rbs_motif=AGGAGG;rbs_spacer=5-10bp;gc_cont=0.440;conf=100.00;score=70.51;cscore=50.72;sscore=19.80;rscore=16.65;uscore=-0.78;tscore=3.92;
NODE_4_length_348303_cov_114.329901	Prodigal_v2.6.3	CDS	304533	305375	109.1	-	0	ID=4_272;partial=00;start_type=ATG;rbs_motif=AGxAGG/AGGxGG;rbs_spacer=5-10bp;gc_cont=0.467;conf=100.00;score=109.10;cscore=99.27;sscore=9.83;rscore=11.15;uscore=-4.59;tscore=3.92;
NODE_4_length_348303_cov_114.329901	Prodigal_v2.6.3	CDS	305649	306536	88.8	-	0	ID=4_273;partial=00;start_type=ATG;rbs_motif=AGxAGG/AGGxGG;rbs_spacer=5-10bp;gc_cont=0.381;conf=100.00;score=88.84;cscore=71.61;sscore=17.23;rscore=11.15;uscore=2.81;tscore=3.92;
NODE_4_length_348303_cov_114.329901	Prodigal_v2.6.3	CDS	306690	307967	106.8	+	0	ID=4_274;partial=00;start_type=ATG;rbs_motif=AGGAGG;rbs_spacer=5-10bp;gc_cont=0.397;conf=100.00;score=106.78;cscore=85.66;sscore=21.12;rscore=16.65;uscore=0.54;tscore=3.92;
NODE_4_length_348303_cov_114.329901	Prodigal_v2.6.3	CDS	307969	309453	100.9	+	0	ID=4_275;partial=00;start_type=ATG;rbs_motif=GGAG/GAGG;rbs_spacer=5-10bp;gc_cont=0.415;conf=100.00;score=100.95;cscore=86.46;sscore=14.49;rscore=10.35;uscore=-1.05;tscore=3.92;
NODE_4_length_348303_cov_114.329901	Prodigal_v2.6.3	CDS	309620	310513	113.4	-	0	ID=4_276;partial=00;start_type=ATG;rbs_motif=AGGAG/GGAGG;rbs_spacer=11-12bp;gc_cont=0.414;conf=100.00;score=113.39;cscore=96.12;sscore=17.27;rscore=12.17;uscore=1.83;tscore=3.92;
NODE_4_length_348303_cov_114.329901	Prodigal_v2.6.3	CDS	310702	311550	91.8	-	0	ID=4_277;partial=00;start_type=ATG;rbs_motif=AGGA/GGAG/GAGG;rbs_spacer=11-12bp;gc_cont=0.431;conf=100.00;score=91.76;cscore=79.53;sscore=12.23;rscore=5.64;uscore=1.58;tscore=3.92;
NODE_4_length_348303_cov_114.329901	Prodigal_v2.6.3	CDS	311569	312402	112.9	-	0	ID=4_278;partial=00;start_type=ATG;rbs_motif=AGxAGG/AGGxGG;rbs_spacer=5-10bp;gc_cont=0.465;conf=100.00;score=112.88;cscore=94.28;sscore=18.60;rscore=11.15;uscore=2.40;tscore=3.92;
NODE_4_length_348303_cov_114.329901	Prodigal_v2.6.3	CDS	312416	312910	77.8	-	0	ID=4_279;partial=00;start_type=ATG;rbs_motif=AGGAGG;rbs_spacer=5-10bp;gc_cont=0.398;conf=100.00;score=77.84;cscore=53.66;sscore=24.18;rscore=16.65;uscore=2.32;tscore=3.92;
NODE_4_length_348303_cov_114.329901	Prodigal_v2.6.3	CDS	312910	313326	39.0	-	0	ID=4_280;partial=00;start_type=ATG;rbs_motif=AGGA/GGAG/GAGG;rbs_spacer=11-12bp;gc_cont=0.408;conf=99.99;score=39.04;cscore=26.33;sscore=12.71;rscore=5.64;uscore=2.20;tscore=3.92;
NODE_4_length_348303_cov_114.329901	Prodigal_v2.6.3	CDS	313357	314157	107.9	-	0	ID=4_281;partial=00;start_type=ATG;rbs_motif=AGGAG;rbs_spacer=5-10bp;gc_cont=0.451;conf=100.00;score=107.89;cscore=86.68;sscore=21.21;rscore=15.31;uscore=2.63;tscore=3.92;
NODE_4_length_348303_cov_114.329901	Prodigal_v2.6.3	CDS	314294	315250	76.0	+	0	ID=4_282;partial=00;start_type=ATG;rbs_motif=GGAG/GAGG;rbs_spacer=5-10bp;gc_cont=0.445;conf=100.00;score=75.97;cscore=61.97;sscore=14.00;rscore=10.35;uscore=-0.28;tscore=3.92;
NODE_4_length_348303_cov_114.329901	Prodigal_v2.6.3	CDS	315381	316619	153.1	+	0	ID=4_283;partial=00;start_type=ATG;rbs_motif=GGAGG;rbs_spacer=5-10bp;gc_cont=0.440;conf=100.00;score=153.10;cscore=128.92;sscore=24.18;rscore=16.07;uscore=4.18;tscore=3.92;
NODE_4_length_348303_cov_114.329901	Prodigal_v2.6.3	CDS	316787	317527	56.5	-	0	ID=4_284;partial=00;start_type=ATG;rbs_motif=GGA/GAG/AGG;rbs_spacer=5-10bp;gc_cont=0.421;conf=100.00;score=56.50;cscore=53.98;sscore=2.52;rscore=-1.95;uscore=0.55;tscore=3.92;
NODE_4_length_348303_cov_114.329901	Prodigal_v2.6.3	CDS	317624	318187	55.6	-	0	ID=4_285;partial=00;start_type=ATG;rbs_motif=GGAGG;rbs_spacer=5-10bp;gc_cont=0.436;conf=100.00;score=55.60;cscore=33.55;sscore=22.05;rscore=16.07;uscore=0.76;tscore=3.92;
NODE_4_length_348303_cov_114.329901	Prodigal_v2.6.3	CDS	318184	318846	90.2	-	0	ID=4_286;partial=00;start_type=TTG;rbs_motif=GGAG/GAGG;rbs_spacer=5-10bp;gc_cont=0.443;conf=100.00;score=90.16;cscore=85.04;sscore=5.12;rscore=10.35;uscore=1.12;tscore=-7.50;
NODE_4_length_348303_cov_114.329901	Prodigal_v2.6.3	CDS	318859	319869	120.1	-	0	ID=4_287;partial=00;start_type=ATG;rbs_motif=AGxAGG/AGGxGG;rbs_spacer=5-10bp;gc_cont=0.445;conf=100.00;score=120.14;cscore=100.54;sscore=19.60;rscore=11.15;uscore=3.47;tscore=3.92;
NODE_4_length_348303_cov_114.329901	Prodigal_v2.6.3	CDS	319890	320534	72.9	-	0	ID=4_288;partial=00;start_type=TTG;rbs_motif=AGGAGG;rbs_spacer=5-10bp;gc_cont=0.423;conf=100.00;score=72.94;cscore=61.46;sscore=11.48;rscore=16.65;uscore=1.21;tscore=-7.50;
NODE_4_length_348303_cov_114.329901	Prodigal_v2.6.3	CDS	320549	321724	128.9	-	0	ID=4_289;partial=00;start_type=ATG;rbs_motif=AGGA;rbs_spacer=5-10bp;gc_cont=0.401;conf=100.00;score=128.86;cscore=116.58;sscore=12.28;rscore=7.02;uscore=0.26;tscore=3.92;
NODE_4_length_348303_cov_114.329901	Prodigal_v2.6.3	CDS	321743	322618	107.3	-	0	ID=4_290;partial=00;start_type=ATG;rbs_motif=AGGAGG;rbs_spacer=5-10bp;gc_cont=0.428;conf=100.00;score=107.26;cscore=83.87;sscore=23.39;rscore=16.65;uscore=1.53;tscore=3.92;
NODE_4_length_348303_cov_114.329901	Prodigal_v2.6.3	CDS	322618	323367	98.4	-	0	ID=4_291;partial=00;start_type=ATG;rbs_motif=GGAGG;rbs_spacer=5-10bp;gc_cont=0.432;conf=100.00;score=98.44;cscore=75.59;sscore=22.86;rscore=16.07;uscore=1.60;tscore=3.92;
NODE_4_length_348303_cov_114.329901	Prodigal_v2.6.3	CDS	323369	323872	71.9	-	0	ID=4_292;partial=00;start_type=ATG;rbs_motif=AGGAGG;rbs_spacer=5-10bp;gc_cont=0.425;conf=100.00;score=71.87;cscore=47.53;sscore=24.33;rscore=16.65;uscore=2.47;tscore=3.92;
NODE_4_length_348303_cov_114.329901	Prodigal_v2.6.3	CDS	323872	324318	56.5	-	0	ID=4_293;partial=00;start_type=ATG;rbs_motif=GGAGG;rbs_spacer=5-10bp;gc_cont=0.427;conf=100.00;score=56.53;cscore=34.54;sscore=21.99;rscore=16.07;uscore=0.74;tscore=3.92;
NODE_4_length_348303_cov_114.329901	Prodigal_v2.6.3	CDS	324311	325111	83.9	-	0	ID=4_294;partial=00;start_type=ATG;rbs_motif=GGAGG;rbs_spacer=5-10bp;gc_cont=0.449;conf=100.00;score=83.89;cscore=62.02;sscore=21.87;rscore=16.07;uscore=2.53;tscore=3.92;
NODE_4_length_348303_cov_114.329901	Prodigal_v2.6.3	CDS	325318	327261	251.6	-	0	ID=4_295;partial=00;start_type=ATG;rbs_motif=GGAGG;rbs_spacer=5-10bp;gc_cont=0.440;conf=99.99;score=251.55;cscore=230.77;sscore=20.78;rscore=16.07;uscore=-0.06;tscore=3.92;
NODE_4_length_348303_cov_114.329901	Prodigal_v2.6.3	CDS	327301	328167	124.7	-	0	ID=4_296;partial=00;start_type=ATG;rbs_motif=AGGAG;rbs_spacer=5-10bp;gc_cont=0.430;conf=100.00;score=124.72;cscore=99.12;sscore=25.60;rscore=15.31;uscore=5.15;tscore=3.92;
NODE_4_length_348303_cov_114.329901	Prodigal_v2.6.3	CDS	328157	330022	167.2	-	0	ID=4_297;partial=00;start_type=ATG;rbs_motif=AGxAGG/AGGxGG;rbs_spacer=5-10bp;gc_cont=0.379;conf=100.00;score=167.21;cscore=151.92;sscore=15.29;rscore=11.15;uscore=0.86;tscore=3.92;
NODE_4_length_348303_cov_114.329901	Prodigal_v2.6.3	CDS	330377	332101	161.6	-	0	ID=4_298;partial=00;start_type=ATG;rbs_motif=AGGAG/GGAGG;rbs_spacer=11-12bp;gc_cont=0.409;conf=100.00;score=161.63;cscore=141.32;sscore=20.31;rscore=12.17;uscore=2.96;tscore=3.92;
NODE_4_length_348303_cov_114.329901	Prodigal_v2.6.3	CDS	332103	333305	108.1	-	0	ID=4_299;partial=00;start_type=ATG;rbs_motif=GGA/GAG/AGG;rbs_spacer=5-10bp;gc_cont=0.422;conf=100.00;score=108.07;cscore=103.47;sscore=4.60;rscore=-1.95;uscore=1.67;tscore=3.92;
NODE_4_length_348303_cov_114.329901	Prodigal_v2.6.3	CDS	333334	334881	205.3	-	0	ID=4_300;partial=00;start_type=ATG;rbs_motif=AGGAGG;rbs_spacer=5-10bp;gc_cont=0.455;conf=99.99;score=205.29;cscore=180.30;sscore=24.99;rscore=16.65;uscore=3.53;tscore=3.92;
NODE_4_length_348303_cov_114.329901	Prodigal_v2.6.3	CDS	334918	335361	72.1	-	0	ID=4_301;partial=00;start_type=ATG;rbs_motif=AGGAG;rbs_spacer=5-10bp;gc_cont=0.414;conf=100.00;score=72.10;cscore=48.71;sscore=23.39;rscore=15.31;uscore=4.81;tscore=3.92;
NODE_4_length_348303_cov_114.329901	Prodigal_v2.6.3	CDS	335544	337010	161.6	-	0	ID=4_302;partial=00;start_type=ATG;rbs_motif=GGAGG;rbs_spacer=5-10bp;gc_cont=0.450;conf=100.00;score=161.60;cscore=146.04;sscore=15.56;rscore=16.07;uscore=-4.44;tscore=3.92;
NODE_4_length_348303_cov_114.329901	Prodigal_v2.6.3	CDS	337129	337815	73.9	-	0	ID=4_303;partial=00;start_type=ATG;rbs_motif=AGGAG/GGAGG;rbs_spacer=11-12bp;gc_cont=0.400;conf=100.00;score=73.87;cscore=55.58;sscore=18.29;rscore=12.17;uscore=0.99;tscore=3.92;
NODE_4_length_348303_cov_114.329901	Prodigal_v2.6.3	CDS	337822	338796	97.3	-	0	ID=4_304;partial=00;start_type=ATG;rbs_motif=AGGAG;rbs_spacer=5-10bp;gc_cont=0.422;conf=100.00;score=97.26;cscore=75.20;sscore=22.06;rscore=15.31;uscore=1.79;tscore=3.92;
NODE_4_length_348303_cov_114.329901	Prodigal_v2.6.3	CDS	338819	339904	152.2	-	0	ID=4_305;partial=00;start_type=ATG;rbs_motif=AGxAGG/AGGxGG;rbs_spacer=5-10bp;gc_cont=0.464;conf=100.00;score=152.24;cscore=133.55;sscore=18.69;rscore=11.15;uscore=2.50;tscore=3.92;
NODE_4_length_348303_cov_114.329901	Prodigal_v2.6.3	CDS	339920	340237	39.0	-	0	ID=4_306;partial=00;start_type=ATG;rbs_motif=GGA/GAG/AGG;rbs_spacer=5-10bp;gc_cont=0.443;conf=99.99;score=38.95;cscore=32.58;sscore=6.37;rscore=-1.95;uscore=1.15;tscore=3.92;
NODE_4_length_348303_cov_114.329901	Prodigal_v2.6.3	CDS	340234	340707	72.7	-	0	ID=4_307;partial=00;start_type=ATG;rbs_motif=AGxAGG/AGGxGG;rbs_spacer=5-10bp;gc_cont=0.395;conf=100.00;score=72.71;cscore=52.79;sscore=19.92;rscore=11.15;uscore=3.88;tscore=3.92;
NODE_4_length_348303_cov_114.329901	Prodigal_v2.6.3	CDS	340737	341678	151.1	-	0	ID=4_308;partial=00;start_type=ATG;rbs_motif=GGAGG;rbs_spacer=5-10bp;gc_cont=0.421;conf=100.00;score=151.12;cscore=125.49;sscore=25.63;rscore=16.07;uscore=4.38;tscore=3.92;
NODE_4_length_348303_cov_114.329901	Prodigal_v2.6.3	CDS	341680	342150	42.6	-	0	ID=4_309;partial=00;start_type=ATG;rbs_motif=AGxAGG/AGGxGG;rbs_spacer=5-10bp;gc_cont=0.418;conf=99.99;score=42.62;cscore=26.10;sscore=16.52;rscore=11.15;uscore=0.18;tscore=3.92;
NODE_4_length_348303_cov_114.329901	Prodigal_v2.6.3	CDS	342152	343609	158.4	-	0	ID=4_310;partial=00;start_type=ATG;rbs_motif=AGGAG;rbs_spacer=5-10bp;gc_cont=0.415;conf=100.00;score=158.42;cscore=138.18;sscore=20.25;rscore=15.31;uscore=1.67;tscore=3.92;
NODE_4_length_348303_cov_114.329901	Prodigal_v2.6.3	CDS	344019	345314	104.9	-	0	ID=4_311;partial=00;start_type=ATG;rbs_motif=GGA/GAG/AGG;rbs_spacer=11-12bp;gc_cont=0.421;conf=100.00;score=104.91;cscore=101.05;sscore=3.86;rscore=-4.11;uscore=3.22;tscore=3.92;
NODE_4_length_348303_cov_114.329901	Prodigal_v2.6.3	CDS	345356	348094	278.6	-	0	ID=4_312;partial=00;start_type=ATG;rbs_motif=GGAG/GAGG;rbs_spacer=5-10bp;gc_cont=0.392;conf=99.99;score=278.65;cscore=263.75;sscore=14.90;rscore=10.35;uscore=0.62;tscore=3.92;
# Sequence Data: seqnum=5;seqlen=328887;seqhdr="NODE_5_length_328887_cov_107.457170"
# Model Data: version=Prodigal.v2.6.3;run_type=Single;model="Ab initio";gc_cont=46.10;transl_table=11;uses_sd=1
NODE_5_length_328887_cov_107.457170	Prodigal_v2.6.3	CDS	206	496	35.6	-	0	ID=5_1;partial=00;start_type=ATG;rbs_motif=GGxGG;rbs_spacer=5-10bp;gc_cont=0.474;conf=99.97;score=35.63;cscore=28.21;sscore=7.42;rscore=3.18;uscore=-0.95;tscore=3.92;
NODE_5_length_328887_cov_107.457170	Prodigal_v2.6.3	CDS	498	2933	271.8	-	0	ID=5_2;partial=00;start_type=ATG;rbs_motif=AGGAG/GGAGG;rbs_spacer=11-12bp;gc_cont=0.449;conf=99.99;score=271.82;cscore=254.04;sscore=17.78;rscore=12.17;uscore=0.42;tscore=3.92;
NODE_5_length_328887_cov_107.457170	Prodigal_v2.6.3	CDS	2934	4958	158.2	-	0	ID=5_3;partial=00;start_type=TTG;rbs_motif=3Base/5BMM;rbs_spacer=13-15bp;gc_cont=0.459;conf=100.00;score=158.16;cscore=172.82;sscore=-14.66;rscore=-11.64;uscore=3.23;tscore=-7.50;
NODE_5_length_328887_cov_107.457170	Prodigal_v2.6.3	CDS	4961	8050	268.1	-	0	ID=5_4;partial=00;start_type=ATG;rbs_motif=AGGAGG;rbs_spacer=5-10bp;gc_cont=0.457;conf=99.99;score=268.08;cscore=243.59;sscore=24.49;rscore=16.65;uscore=2.66;tscore=3.92;
NODE_5_length_328887_cov_107.457170	Prodigal_v2.6.3	CDS	8043	8450	17.0	-	0	ID=5_5;partial=00;start_type=TTG;rbs_motif=None;rbs_spacer=None;gc_cont=0.431;conf=98.05;score=17.04;cscore=36.15;sscore=-19.11;rscore=-15.61;uscore=3.27;tscore=-7.50;
NODE_5_length_328887_cov_107.457170	Prodigal_v2.6.3	CDS	8501	8833	50.1	-	0	ID=5_6;partial=00;start_type=ATG;rbs_motif=AGGA;rbs_spacer=5-10bp;gc_cont=0.417;conf=100.00;score=50.07;cscore=37.66;sscore=12.41;rscore=7.02;uscore=1.47;tscore=3.92;
NODE_5_length_328887_cov_107.457170	Prodigal_v2.6.3	CDS	8919	9521	91.6	-	0	ID=5_7;partial=00;start_type=ATG;rbs_motif=AGGAGG;rbs_spacer=5-10bp;gc_cont=0.483;conf=100.00;score=91.56;cscore=66.20;sscore=25.37;rscore=16.65;uscore=3.64;tscore=3.92;
NODE_5_length_328887_cov_107.457170	Prodigal_v2.6.3	CDS	9533	9937	28.6	-	0	ID=5_8;partial=00;start_type=GTG;rbs_motif=AGxAG;rbs_spacer=5-10bp;gc_cont=0.462;conf=99.86;score=28.61;cscore=31.94;sscore=-3.33;rscore=-2.05;uscore=1.81;tscore=-4.36;
NODE_5_length_328887_cov_107.457170	Prodigal_v2.6.3	CDS	9938	10303	29.5	-	0	ID=5_9;partial=00;start_type=ATG;rbs_motif=GGA/GAG/AGG;rbs_spacer=5-10bp;gc_cont=0.456;conf=99.89;score=29.46;cscore=24.24;sscore=5.22;rscore=-1.95;uscore=-1.32;tscore=3.92;
NODE_5_length_328887_cov_107.457170	Prodigal_v2.6.3	CDS	10300	10602	41.5	-	0	ID=5_10;partial=00;start_type=ATG;rbs_motif=GGAG/GAGG;rbs_spacer=5-10bp;gc_cont=0.462;conf=99.99;score=41.46;cscore=30.87;sscore=10.59;rscore=10.35;uscore=-4.91;tscore=3.92;
NODE_5_length_328887_cov_107.457170	Prodigal_v2.6.3	CDS	10607	10981	42.6	-	0	ID=5_11;partial=00;start_type=ATG;rbs_motif=AGGAGG;rbs_spacer=5-10bp;gc_cont=0.443;conf=99.99;score=42.62;cscore=25.30;sscore=17.31;rscore=16.65;uscore=-2.61;tscore=3.92;
NODE_5_length_328887_cov_107.457170	Prodigal_v2.6.3	CDS	11209	12222	138.3	-	0	ID=5_12;partial=00;start_type=ATG;rbs_motif=GGAG/GAGG;rbs_spacer=5-10bp;gc_cont=0.481;conf=100.00;score=138.33;cscore=118.73;sscore=19.60;rscore=10.35;uscore=4.22;tscore=3.92;
NODE_5_length_328887_cov_107.457170	Prodigal_v2.6.3	CDS	12238	12891	92.4	-	0	ID=5_13;partial=00;start_type=ATG;rbs_motif=AGGAG;rbs_spacer=5-10bp;gc_cont=0.479;conf=100.00;score=92.44;cscore=72.71;sscore=19.73;rscore=15.31;uscore=0.50;tscore=3.92;
NODE_5_length_328887_cov_107.457170	Prodigal_v2.6.3	CDS	13016	14008	96.7	-	0	ID=5_14;partial=00;start_type=ATG;rbs_motif=GGxGG;rbs_spacer=5-10bp;gc_cont=0.463;conf=100.00;score=96.70;cscore=88.96;sscore=7.74;rscore=3.18;uscore=0.64;tscore=3.92;
NODE_5_length_328887_cov_107.457170	Prodigal_v2.6.3	CDS	13974	15401	122.9	-	0	ID=5_15;partial=00;start_type=GTG;rbs_motif=None;rbs_spacer=None;gc_cont=0.457;conf=100.00;score=122.86;cscore=139.66;sscore=-16.80;rscore=-15.61;uscore=1.94;tscore=-4.36;
NODE_5_length_328887_cov_107.457170	Prodigal_v2.6.3	CDS	15406	16665	102.6	-	0	ID=5_16;partial=00;start_type=ATG;rbs_motif=AGGA;rbs_spacer=5-10bp;gc_cont=0.459;conf=100.00;score=102.59;cscore=91.78;sscore=10.82;rscore=7.02;uscore=-0.13;tscore=3.92;
NODE_5_length_328887_cov_107.457170	Prodigal_v2.6.3	CDS	16643	17224	77.0	-	0	ID=5_17;partial=00;start_type=GTG;rbs_motif=AGGAG/GGAGG;rbs_spacer=11-12bp;gc_cont=0.483;conf=100.00;score=76.98;cscore=68.64;sscore=8.34;rscore=12.17;uscore=-0.38;tscore=-4.36;
NODE_5_length_328887_cov_107.457170	Prodigal_v2.6.3	CDS	17258	17581	14.0	-	0	ID=5_18;partial=00;start_type=ATG;rbs_motif=GGAG/GAGG;rbs_spacer=5-10bp;gc_cont=0.475;conf=96.15;score=14.00;cscore=-1.34;sscore=15.34;rscore=10.35;uscore=0.32;tscore=3.92;
NODE_5_length_328887_cov_107.457170	Prodigal_v2.6.3	CDS	17574	17867	9.3	-	0	ID=5_19;partial=00;start_type=ATG;rbs_motif=GGA/GAG/AGG;rbs_spacer=3-4bp;gc_cont=0.473;conf=89.53;score=9.33;cscore=20.26;sscore=-10.93;rscore=-13.79;uscore=-1.84;tscore=3.92;
NODE_5_length_328887_cov_107.457170	Prodigal_v2.6.3	CDS	17913	18722	88.6	-	0	ID=5_20;partial=00;start_type=ATG;rbs_motif=GGAGG;rbs_spacer=5-10bp;gc_cont=0.463;conf=100.00;score=88.58;cscore=70.23;sscore=18.34;rscore=16.07;uscore=-1.00;tscore=3.92;
NODE_5_length_328887_cov_107.457170	Prodigal_v2.6.3	CDS	19129	19500	34.7	-	0	ID=5_21;partial=00;start_type=ATG;rbs_motif=AGGA/GGAG/GAGG;rbs_spacer=11-12bp;gc_cont=0.360;conf=99.97;score=34.66;cscore=22.62;sscore=12.04;rscore=5.64;uscore=2.47;tscore=3.92;
NODE_5_length_328887_cov_107.457170	Prodigal_v2.6.3	CDS	19478	20545	98.6	-	0	ID=5_22;partial=00;start_type=ATG;rbs_motif=GGAG/GAGG;rbs_spacer=5-10bp;gc_cont=0.374;conf=100.00;score=98.56;cscore=85.50;sscore=13.05;rscore=10.35;uscore=-0.57;tscore=3.92;
NODE_5_length_328887_cov_107.457170	Prodigal_v2.6.3	CDS	21169	21603	23.2	-	0	ID=5_23;partial=00;start_type=GTG;rbs_motif=AGGAG;rbs_spacer=5-10bp;gc_cont=0.444;conf=99.51;score=23.15;cscore=11.44;sscore=11.71;rscore=15.31;uscore=0.77;tscore=-4.36;
NODE_5_length_328887_cov_107.457170	Prodigal_v2.6.3	CDS	21677	21898	18.0	-	0	ID=5_24;partial=00;start_type=ATG;rbs_motif=GGAG/GAGG;rbs_spacer=5-10bp;gc_cont=0.450;conf=98.45;score=18.05;cscore=7.22;sscore=10.83;rscore=9.07;uscore=-1.68;tscore=3.44;
NODE_5_length_328887_cov_107.457170	Prodigal_v2.6.3	CDS	21970	22098	1.0	-	0	ID=5_25;partial=00;start_type=ATG;rbs_motif=GGAGG;rbs_spacer=5-10bp;gc_cont=0.349;conf=55.73;score=1.00;cscore=-10.63;sscore=11.63;rscore=8.10;uscore=0.76;tscore=1.98;
NODE_5_length_328887_cov_107.457170	Prodigal_v2.6.3	CDS	22095	22451	36.2	-	0	ID=5_26;partial=00;start_type=ATG;rbs_motif=GGAG/GAGG;rbs_spacer=5-10bp;gc_cont=0.513;conf=99.98;score=36.22;cscore=21.19;sscore=15.02;rscore=10.35;uscore=-0.47;tscore=3.92;
NODE_5_length_328887_cov_107.457170	Prodigal_v2.6.3	CDS	22441	22659	37.6	-	0	ID=5_27;partial=00;start_type=ATG;rbs_motif=AGxAGG/AGGxGG;rbs_spacer=5-10bp;gc_cont=0.466;conf=99.98;score=37.57;cscore=23.04;sscore=14.53;rscore=9.63;uscore=0.25;tscore=3.39;
NODE_5_length_328887_cov_107.457170	Prodigal_v2.6.3	CDS	22662	23039	37.6	-	0	ID=5_28;partial=00;start_type=ATG;rbs_motif=GGAG/GAGG;rbs_spacer=5-10bp;gc_cont=0.450;conf=99.98;score=37.57;cscore=21.00;sscore=16.57;rscore=10.35;uscore=1.11;tscore=3.92;
NODE_5_length_328887_cov_107.457170	Prodigal_v2.6.3	CDS	23026	23589	61.3	-	0	ID=5_29;partial=00;start_type=ATG;rbs_motif=GGAG/GAGG;rbs_spacer=5-10bp;gc_cont=0.431;conf=100.00;score=61.27;cscore=41.95;sscore=19.32;rscore=10.35;uscore=3.75;tscore=3.92;
NODE_5_length_328887_cov_107.457170	Prodigal_v2.6.3	CDS	23586	23696	17.8	-	0	ID=5_30;partial=00;start_type=ATG;rbs_motif=GGAGG;rbs_spacer=5-10bp;gc_cont=0.441;conf=98.37;score=17.85;cscore=7.33;sscore=10.52;rscore=6.94;uscore=0.86;tscore=1.70;
NODE_5_length_328887_cov_107.457170	Prodigal_v2.6.3	CDS	23720	24298	36.8	-	0	ID=5_31;partial=00;start_type=ATG;rbs_motif=GGAG/GAGG;rbs_spacer=5-10bp;gc_cont=0.411;conf=99.98;score=36.81;cscore=23.52;sscore=13.29;rscore=10.35;uscore=-2.15;tscore=3.92;
NODE_5_length_328887_cov_107.457170	Prodigal_v2.6.3	CDS	24309	25232	74.8	-	0	ID=5_32;partial=00;start_type=TTG;rbs_motif=AGGAGG;rbs_spacer=5-10bp;gc_cont=0.440;conf=100.00;score=74.80;cscore=63.79;sscore=11.01;rscore=16.65;uscore=0.67;tscore=-7.50;
NODE_5_length_328887_cov_107.457170	Prodigal_v2.6.3	CDS	25219	25929	72.2	-	0	ID=5_33;partial=00;start_type=ATG;rbs_motif=GGAG/GAGG;rbs_spacer=5-10bp;gc_cont=0.435;conf=100.00;score=72.20;cscore=57.31;sscore=14.89;rscore=10.35;uscore=-0.53;tscore=3.92;
NODE_5_length_328887_cov_107.457170	Prodigal_v2.6.3	CDS	25941	26324	25.3	-	0	ID=5_34;partial=00;start_type=ATG;rbs_motif=GGA/GAG/AGG;rbs_spacer=5-10bp;gc_cont=0.458;conf=99.70;score=25.32;cscore=23.13;sscore=2.19;rscore=-1.95;uscore=-1.03;tscore=3.92;
NODE_5_length_328887_cov_107.457170	Prodigal_v2.6.3	CDS	26327	26776	52.3	-	0	ID=5_35;partial=00;start_type=ATG;rbs_motif=AGGAGG;rbs_spacer=5-10bp;gc_cont=0.453;conf=100.00;score=52.35;cscore=28.27;sscore=24.08;rscore=16.65;uscore=2.21;tscore=3.92;
NODE_5_length_328887_cov_107.457170	Prodigal_v2.6.3	CDS	26773	27105	35.9	-	0	ID=5_36;partial=00;start_type=GTG;rbs_motif=AGxAGG/AGGxGG;rbs_spacer=5-10bp;gc_cont=0.453;conf=99.97;score=35.89;cscore=25.78;sscore=10.11;rscore=11.15;uscore=2.03;tscore=-4.36;
NODE_5_length_328887_cov_107.457170	Prodigal_v2.6.3	CDS	27102	27884	83.4	-	0	ID=5_37;partial=00;start_type=ATG;rbs_motif=AGGAG;rbs_spacer=5-10bp;gc_cont=0.478;conf=100.00;score=83.39;cscore=61.58;sscore=21.81;rscore=15.31;uscore=1.39;tscore=3.92;
NODE_5_length_328887_cov_107.457170	Prodigal_v2.6.3	CDS	27871	28722	46.5	-	0	ID=5_38;partial=00;start_type=ATG;rbs_motif=AGGAGG;rbs_spacer=11-12bp;gc_cont=0.461;conf=100.00;score=46.55;cscore=27.43;sscore=19.12;rscore=14.31;uscore=-0.23;tscore=3.92;
NODE_5_length_328887_cov_107.457170	Prodigal_v2.6.3	CDS	28738	29562	48.6	-	0	ID=5_39;partial=00;start_type=ATG;rbs_motif=None;rbs_spacer=None;gc_cont=0.468;conf=100.00;score=48.59;cscore=61.13;sscore=-12.55;rscore=-15.61;uscore=-0.87;tscore=3.92;
NODE_5_length_328887_cov_107.457170	Prodigal_v2.6.3	CDS	29519	30385	100.8	-	0	ID=5_40;partial=00;start_type=ATG;rbs_motif=AGGAGG;rbs_spacer=5-10bp;gc_cont=0.475;conf=100.00;score=100.77;cscore=76.61;sscore=24.16;rscore=16.65;uscore=2.44;tscore=3.92;
NODE_5_length_328887_cov_107.457170	Prodigal_v2.6.3	CDS	30398	30805	62.8	-	0	ID=5_41;partial=00;start_type=ATG;rbs_motif=AGxAGG/AGGxGG;rbs_spacer=5-10bp;gc_cont=0.441;conf=100.00;score=62.75;cscore=42.58;sscore=20.18;rscore=11.15;uscore=3.85;tscore=3.92;
NODE_5_length_328887_cov_107.457170	Prodigal_v2.6.3	CDS	30798	30917	0.2	-	0	ID=5_42;partial=00;start_type=ATG;rbs_motif=AGGAGG;rbs_spacer=5-10bp;gc_cont=0.400;conf=51.24;score=0.22;cscore=-7.65;sscore=7.86;rscore=7.79;uscore=-2.46;tscore=1.84;
NODE_5_length_328887_cov_107.457170	Prodigal_v2.6.3	CDS	30905	31033	5.0	-	0	ID=5_43;partial=00;start_type=ATG;rbs_motif=AGGAGG;rbs_spacer=5-10bp;gc_cont=0.465;conf=75.84;score=4.98;cscore=-5.68;sscore=10.66;rscore=8.39;uscore=-0.35;tscore=1.98;
NODE_5_length_328887_cov_107.457170	Prodigal_v2.6.3	CDS	31046	31267	16.3	-	0	ID=5_44;partial=00;start_type=ATG;rbs_motif=AGGA;rbs_spacer=5-10bp;gc_cont=0.514;conf=97.69;score=16.29;cscore=4.84;sscore=11.45;rscore=6.15;uscore=1.86;tscore=3.44;
NODE_5_length_328887_cov_107.457170	Prodigal_v2.6.3	CDS	31246	31794	46.0	-	0	ID=5_45;partial=00;start_type=ATG;rbs_motif=AGGA;rbs_spacer=5-10bp;gc_cont=0.430;conf=100.00;score=45.99;cscore=33.28;sscore=12.71;rscore=7.02;uscore=1.76;tscore=3.92;
NODE_5_length_328887_cov_107.457170	Prodigal_v2.6.3	CDS	31860	32006	22.8	-	0	ID=5_46;partial=00;start_type=ATG;rbs_motif=AGGAGG;rbs_spacer=5-10bp;gc_cont=0.483;conf=99.47;score=22.81;cscore=11.32;sscore=11.49;rscore=9.59;uscore=0.29;tscore=2.26;
NODE_5_length_328887_cov_107.457170	Prodigal_v2.6.3	CDS	32094	32303	12.2	+	0	ID=5_47;partial=00;start_type=ATG;rbs_motif=GGAGG;rbs_spacer=5-10bp;gc_cont=0.419;conf=94.28;score=12.19;cscore=-2.62;sscore=14.81;rscore=13.31;uscore=-1.24;tscore=3.25;
NODE_5_length_328887_cov_107.457170	Prodigal_v2.6.3	CDS	32300	32611	32.2	-	0	ID=5_48;partial=00;start_type=ATG;rbs_motif=AGGAGG;rbs_spacer=5-10bp;gc_cont=0.404;conf=99.94;score=32.18;cscore=10.31;sscore=21.87;rscore=16.65;uscore=-0.84;tscore=3.92;
NODE_5_length_328887_cov_107.457170	Prodigal_v2.6.3	CDS	32608	32871	21.6	-	0	ID=5_49;partial=00;start_type=ATG;rbs_motif=AGGA;rbs_spacer=5-10bp;gc_cont=0.417;conf=99.31;score=21.59;cscore=9.73;sscore=11.87;rscore=7.02;uscore=1.57;tscore=3.92;
NODE_5_length_328887_cov_107.457170	Prodigal_v2.6.3	CDS	33035	33493	56.2	+	0	ID=5_50;partial=00;start_type=ATG;rbs_motif=GGAG/GAGG;rbs_spacer=5-10bp;gc_cont=0.383;conf=100.00;score=56.17;cscore=39.57;sscore=16.60;rscore=10.35;uscore=2.33;tscore=3.92;
NODE_5_length_328887_cov_107.457170	Prodigal_v2.6.3	CDS	33512	33958	16.7	+	0	ID=5_51;partial=00;start_type=TTG;rbs_motif=AGxAGG/AGGxGG;rbs_spacer=5-10bp;gc_cont=0.425;conf=97.89;score=16.70;cscore=11.27;sscore=5.42;rscore=11.15;uscore=0.70;tscore=-7.50;
NODE_5_length_328887_cov_107.457170	Prodigal_v2.6.3	CDS	33982	34845	59.9	+	0	ID=5_52;partial=00;start_type=ATG;rbs_motif=GGAG/GAGG;rbs_spacer=5-10bp;gc_cont=0.383;conf=100.00;score=59.91;cscore=45.18;sscore=14.73;rscore=10.35;uscore=-0.57;tscore=3.92;
NODE_5_length_328887_cov_107.457170	Prodigal_v2.6.3	CDS	34869	35459	64.0	+	0	ID=5_53;partial=00;start_type=ATG;rbs_motif=GGAGG;rbs_spacer=5-10bp;gc_cont=0.401;conf=100.00;score=64.04;cscore=41.95;sscore=22.09;rscore=16.07;uscore=1.07;tscore=3.92;
NODE_5_length_328887_cov_107.457170	Prodigal_v2.6.3	CDS	35794	36219	28.5	+	0	ID=5_54;partial=00;start_type=ATG;rbs_motif=AGGAG;rbs_spacer=5-10bp;gc_cont=0.434;conf=99.86;score=28.47;cscore=10.49;sscore=17.98;rscore=15.31;uscore=-0.60;tscore=3.92;
NODE_5_length_328887_cov_107.457170	Prodigal_v2.6.3	CDS	36243	36446	18.4	+	0	ID=5_55;partial=00;start_type=ATG;rbs_motif=GGAG/GAGG;rbs_spacer=5-10bp;gc_cont=0.451;conf=98.56;score=18.37;cscore=6.85;sscore=11.52;rscore=8.32;uscore=-0.98;tscore=3.16;
NODE_5_length_328887_cov_107.457170	Prodigal_v2.6.3	CDS	36536	37720	104.3	+	0	ID=5_56;partial=00;start_type=ATG;rbs_motif=AGGAG;rbs_spacer=5-10bp;gc_cont=0.409;conf=100.00;score=104.30;cscore=81.14;sscore=23.16;rscore=15.31;uscore=3.93;tscore=3.92;
NODE_5_length_328887_cov_107.457170	Prodigal_v2.6.3	CDS	37846	39186	205.7	-	0	ID=5_57;partial=00;start_type=ATG;rbs_motif=AGGAGG;rbs_spacer=5-10bp;gc_cont=0.487;conf=99.99;score=205.69;cscore=183.98;sscore=21.71;rscore=16.65;uscore=1.78;tscore=3.92;
NODE_5_length_328887_cov_107.457170	Prodigal_v2.6.3	CDS	39400	40257	104.7	-	0	ID=5_58;partial=00;start_type=ATG;rbs_motif=GGAG/GAGG;rbs_spacer=5-10bp;gc_cont=0.483;conf=100.00;score=104.73;cscore=85.37;sscore=19.36;rscore=10.35;uscore=5.08;tscore=3.92;
NODE_5_length_328887_cov_107.457170	Prodigal_v2.6.3	CDS	40429	41034	52.9	-	0	ID=5_59;partial=00;start_type=ATG;rbs_motif=GGAGG;rbs_spacer=5-10bp;gc_cont=0.426;conf=100.00;score=52.89;cscore=32.58;sscore=20.31;rscore=16.07;uscore=0.97;tscore=3.92;
NODE_5_length_328887_cov_107.457170	Prodigal_v2.6.3	CDS	41500	43755	239.0	+	0	ID=5_60;partial=00;start_type=TTG;rbs_motif=AGGAG;rbs_spacer=5-10bp;gc_cont=0.454;conf=99.99;score=239.00;cscore=228.41;sscore=10.59;rscore=15.31;uscore=2.78;tscore=-7.50;
NODE_5_length_328887_cov_107.457170	Prodigal_v2.6.3	CDS	43841	44587	54.7	+	0	ID=5_61;partial=00;start_type=ATG;rbs_motif=AGGA/GGAG/GAGG;rbs_spacer=11-12bp;gc_cont=0.434;conf=100.00;score=54.69;cscore=45.37;sscore=9.32;rscore=5.64;uscore=-0.25;tscore=3.92;
NODE_5_length_328887_cov_107.457170	Prodigal_v2.6.3	CDS	44597	45166	54.8	+	0	ID=5_62;partial=00;start_type=ATG;rbs_motif=AGGAG;rbs_spacer=5-10bp;gc_cont=0.432;conf=100.00;score=54.78;cscore=37.91;sscore=16.86;rscore=15.31;uscore=-3.55;tscore=3.92;
NODE_5_length_328887_cov_107.457170	Prodigal_v2.6.3	CDS	45288	46583	179.3	-	0	ID=5_63;partial=00;start_type=GTG;rbs_motif=AGGAGG;rbs_spacer=5-10bp;gc_cont=0.505;conf=99.99;score=179.28;cscore=166.05;sscore=13.23;rscore=16.65;uscore=0.94;tscore=-4.36;
NODE_5_length_328887_cov_107.457170	Prodigal_v2.6.3	CDS	46653	47762	161.0	-	0	ID=5_64;partial=00;start_type=GTG;rbs_motif=GGAG/GAGG;rbs_spacer=5-10bp;gc_cont=0.483;conf=100.00;score=160.97;cscore=150.41;sscore=10.56;rscore=10.35;uscore=3.52;tscore=-4.36;
NODE_5_length_328887_cov_107.457170	Prodigal_v2.6.3	CDS	47783	49111	153.4	-	0	ID=5_65;partial=00;start_type=ATG;rbs_motif=AGGAG/GGAGG;rbs_spacer=11-12bp;gc_cont=0.477;conf=100.00;score=153.44;cscore=139.04;sscore=14.39;rscore=12.17;uscore=-2.90;tscore=3.92;
NODE_5_length_328887_cov_107.457170	Prodigal_v2.6.3	CDS	49118	49696	67.4	-	0	ID=5_66;partial=00;start_type=GTG;rbs_motif=AGGAG;rbs_spacer=5-10bp;gc_cont=0.458;conf=100.00;score=67.36;cscore=52.71;sscore=14.65;rscore=15.31;uscore=4.36;tscore=-4.36;
NODE_5_length_328887_cov_107.457170	Prodigal_v2.6.3	CDS	49887	50522	85.5	-	0	ID=5_67;partial=00;start_type=TTG;rbs_motif=AGGAG;rbs_spacer=5-10bp;gc_cont=0.459;conf=100.00;score=85.45;cscore=73.63;sscore=11.82;rscore=15.31;uscore=2.79;tscore=-7.50;
NODE_5_length_328887_cov_107.457170	Prodigal_v2.6.3	CDS	50528	51010	64.2	-	0	ID=5_68;partial=00;start_type=ATG;rbs_motif=AGxAGG/AGGxGG;rbs_spacer=11-12bp;gc_cont=0.501;conf=100.00;score=64.16;cscore=53.40;sscore=10.76;rscore=5.02;uscore=2.47;tscore=3.92;
NODE_5_length_328887_cov_107.457170	Prodigal_v2.6.3	CDS	51252	51452	37.4	-	0	ID=5_69;partial=00;start_type=ATG;rbs_motif=AGGAGG;rbs_spacer=5-10bp;gc_cont=0.473;conf=99.98;score=37.35;cscore=20.58;sscore=16.77;rscore=13.19;uscore=1.12;tscore=3.11;
NODE_5_length_328887_cov_107.457170	Prodigal_v2.6.3	CDS	52136	52363	2.7	-	0	ID=5_70;partial=00;start_type=GTG;rbs_motif=GGA/GAG/AGG;rbs_spacer=5-10bp;gc_cont=0.434;conf=64.86;score=2.67;cscore=7.50;sscore=-4.83;rscore=-2.17;uscore=1.44;tscore=-4.85;
NODE_5_length_328887_cov_107.457170	Prodigal_v2.6.3	CDS	52412	53377	116.4	-	0	ID=5_71;partial=00;start_type=ATG;rbs_motif=GGAGG;rbs_spacer=5-10bp;gc_cont=0.468;conf=100.00;score=116.35;cscore=97.10;sscore=19.25;rscore=16.07;uscore=-0.09;tscore=3.92;
NODE_5_length_328887_cov_107.457170	Prodigal_v2.6.3	CDS	53505	54143	82.5	+	0	ID=5_72;partial=00;start_type=ATG;rbs_motif=AGGAG;rbs_spacer=5-10bp;gc_cont=0.430;conf=100.00;score=82.50;cscore=60.76;sscore=21.74;rscore=15.31;uscore=2.51;tscore=3.92;
NODE_5_length_328887_cov_107.457170	Prodigal_v2.6.3	CDS	54230	55159	118.9	+	0	ID=5_73;partial=00;start_type=ATG;rbs_motif=AGGAGG;rbs_spacer=5-10bp;gc_cont=0.487;conf=100.00;score=118.94;cscore=95.03;sscore=23.91;rscore=16.65;uscore=3.33;tscore=3.92;
NODE_5_length_328887_cov_107.457170	Prodigal_v2.6.3	CDS	55511	57250	181.9	-	0	ID=5_74;partial=00;start_type=ATG;rbs_motif=GGAGG;rbs_spacer=5-10bp;gc_cont=0.496;conf=99.99;score=181.89;cscore=161.00;sscore=20.90;rscore=16.07;uscore=1.55;tscore=3.92;
NODE_5_length_328887_cov_107.457170	Prodigal_v2.6.3	CDS	57561	60224	253.4	+	0	ID=5_75;partial=00;start_type=ATG;rbs_motif=AGGAG/GGAGG;rbs_spacer=11-12bp;gc_cont=0.491;conf=99.99;score=253.37;cscore=235.45;sscore=17.92;rscore=12.17;uscore=1.83;tscore=3.92;
NODE_5_length_328887_cov_107.457170	Prodigal_v2.6.3	CDS	60889	61719	100.3	+	0	ID=5_76;partial=00;start_type=ATG;rbs_motif=GGA/GAG/AGG;rbs_spacer=5-10bp;gc_cont=0.467;conf=100.00;score=100.33;cscore=100.67;sscore=-0.34;rscore=-1.95;uscore=-1.66;tscore=3.92;
NODE_5_length_328887_cov_107.457170	Prodigal_v2.6.3	CDS	61807	63660	228.0	+	0	ID=5_77;partial=00;start_type=ATG;rbs_motif=AGGAGG;rbs_spacer=5-10bp;gc_cont=0.526;conf=99.99;score=227.97;cscore=211.04;sscore=16.93;rscore=16.65;uscore=-3.65;tscore=3.92;
NODE_5_length_328887_cov_107.457170	Prodigal_v2.6.3	CDS	63741	65189	173.9	+	0	ID=5_78;partial=00;start_type=ATG;rbs_motif=AGGAG;rbs_spacer=5-10bp;gc_cont=0.505;conf=100.00;score=173.91;cscore=157.06;sscore=16.85;rscore=15.31;uscore=-2.38;tscore=3.92;
NODE_5_length_328887_cov_107.457170	Prodigal_v2.6.3	CDS	65593	66333	70.4	-	0	ID=5_79;partial=00;start_type=ATG;rbs_motif=AGGAGG;rbs_spacer=5-10bp;gc_cont=0.371;conf=100.00;score=70.42;cscore=47.97;sscore=22.45;rscore=16.65;uscore=2.52;tscore=3.92;
NODE_5_length_328887_cov_107.457170	Prodigal_v2.6.3	CDS	67097	68719	117.7	-	0	ID=5_80;partial=00;start_type=ATG;rbs_motif=GGAG/GAGG;rbs_spacer=5-10bp;gc_cont=0.451;conf=100.00;score=117.73;cscore=101.44;sscore=16.29;rscore=10.35;uscore=0.88;tscore=3.92;
NODE_5_length_328887_cov_107.457170	Prodigal_v2.6.3	CDS	68733	69053	35.3	-	0	ID=5_81;partial=00;start_type=ATG;rbs_motif=AGGAGG;rbs_spacer=5-10bp;gc_cont=0.495;conf=99.97;score=35.30;cscore=13.36;sscore=21.95;rscore=16.65;uscore=1.37;tscore=3.92;
NODE_5_length_328887_cov_107.457170	Prodigal_v2.6.3	CDS	69028	70071	93.2	-	0	ID=5_82;partial=00;start_type=ATG;rbs_motif=3Base/5BMM;rbs_spacer=13-15bp;gc_cont=0.468;conf=100.00;score=93.23;cscore=102.46;sscore=-9.23;rscore=-11.64;uscore=-1.52;tscore=3.92;
NODE_5_length_328887_cov_107.457170	Prodigal_v2.6.3	CDS	70168	70905	75.0	-	0	ID=5_83;partial=00;start_type=ATG;rbs_motif=GGAG/GAGG;rbs_spacer=5-10bp;gc_cont=0.476;conf=100.00;score=74.96;cscore=60.54;sscore=14.43;rscore=10.35;uscore=0.80;tscore=3.92;
NODE_5_length_328887_cov_107.457170	Prodigal_v2.6.3	CDS	71585	72322	42.1	-	0	ID=5_84;partial=00;start_type=ATG;rbs_motif=None;rbs_spacer=None;gc_cont=0.458;conf=99.99;score=42.12;cscore=54.55;sscore=-12.43;rscore=-15.61;uscore=-0.09;tscore=3.92;
NODE_5_length_328887_cov_107.457170	Prodigal_v2.6.3	CDS	72941	76105	78.0	-	0	ID=5_85;partial=00;start_type=GTG;rbs_motif=3Base/5BMM;rbs_spacer=13-15bp;gc_cont=0.480;conf=100.00;score=78.02;cscore=79.75;sscore=-1.72;rscore=-11.64;uscore=1.35;tscore=-4.36;
NODE_5_length_328887_cov_107.457170	Prodigal_v2.6.3	CDS	76102	82740	324.1	-	0	ID=5_86;partial=00;start_type=ATG;rbs_motif=3Base/5BMM;rbs_spacer=13-15bp;gc_cont=0.449;conf=99.99;score=324.07;cscore=333.65;sscore=-9.58;rscore=-11.64;uscore=-1.21;tscore=3.92;
NODE_5_length_328887_cov_107.457170	Prodigal_v2.6.3	CDS	83226	83405	8.5	-	0	ID=5_87;partial=00;start_type=ATG;rbs_motif=AGGAG(G)/GGAGG;rbs_spacer=13-15bp;gc_cont=0.444;conf=87.54;score=8.48;cscore=2.94;sscore=5.54;rscore=1.30;uscore=2.12;tscore=2.78;
NODE_5_length_328887_cov_107.457170	Prodigal_v2.6.3	CDS	83919	84785	117.1	-	0	ID=5_88;partial=00;start_type=ATG;rbs_motif=GGAGG;rbs_spacer=5-10bp;gc_cont=0.451;conf=100.00;score=117.05;cscore=96.70;sscore=20.35;rscore=16.07;uscore=-0.86;tscore=3.92;
NODE_5_length_328887_cov_107.457170	Prodigal_v2.6.3	CDS	84775	86217	206.2	-	0	ID=5_89;partial=00;start_type=ATG;rbs_motif=AGGAG;rbs_spacer=5-10bp;gc_cont=0.439;conf=99.99;score=206.15;cscore=185.47;sscore=20.68;rscore=15.31;uscore=0.47;tscore=3.92;
NODE_5_length_328887_cov_107.457170	Prodigal_v2.6.3	CDS	86245	86994	77.5	-	0	ID=5_90;partial=00;start_type=ATG;rbs_motif=GGAG/GAGG;rbs_spacer=5-10bp;gc_cont=0.444;conf=100.00;score=77.46;cscore=61.33;sscore=16.13;rscore=10.35;uscore=0.80;tscore=3.92;
NODE_5_length_328887_cov_107.457170	Prodigal_v2.6.3	CDS	87015	88628	175.3	-	0	ID=5_91;partial=00;start_type=GTG;rbs_motif=AGxAGG/AGGxGG;rbs_spacer=5-10bp;gc_cont=0.448;conf=100.00;score=175.33;cscore=164.90;sscore=10.42;rscore=11.15;uscore=2.38;tscore=-4.36;
NODE_5_length_328887_cov_107.457170	Prodigal_v2.6.3	CDS	88621	90234	190.2	-	0	ID=5_92;partial=00;start_type=ATG;rbs_motif=GGAGG;rbs_spacer=5-10bp;gc_cont=0.456;conf=99.99;score=190.21;cscore=167.55;sscore=22.67;rscore=16.07;uscore=1.55;tscore=3.92;
NODE_5_length_328887_cov_107.457170	Prodigal_v2.6.3	CDS	90249	91472	120.6	-	0	ID=5_93;partial=00;start_type=GTG;rbs_motif=AGxAGG/AGGxGG;rbs_spacer=5-10bp;gc_cont=0.453;conf=100.00;score=120.57;cscore=112.37;sscore=8.20;rscore=11.15;uscore=1.41;tscore=-4.36;
NODE_5_length_328887_cov_107.457170	Prodigal_v2.6.3	CDS	91532	93919	278.5	-	0	ID=5_94;partial=00;start_type=TTG;rbs_motif=AGGAG;rbs_spacer=5-10bp;gc_cont=0.449;conf=99.99;score=278.53;cscore=270.41;sscore=8.12;rscore=15.31;uscore=0.96;tscore=-7.50;
NODE_5_length_328887_cov_107.457170	Prodigal_v2.6.3	CDS	94006	94194	0.5	+	0	ID=5_95;partial=00;start_type=ATG;rbs_motif=None;rbs_spacer=None;gc_cont=0.413;conf=52.64;score=0.46;cscore=14.60;sscore=-14.14;rscore=-20.97;uscore=3.91;tscore=2.92;
NODE_5_length_328887_cov_107.457170	Prodigal_v2.6.3	CDS	94298	95227	89.9	+	0	ID=5_96;partial=00;start_type=ATG;rbs_motif=AGGAG(G)/GGAGG;rbs_spacer=13-15bp;gc_cont=0.425;conf=100.00;score=89.92;cscore=81.80;sscore=8.12;rscore=1.83;uscore=2.36;tscore=3.92;
NODE_5_length_328887_cov_107.457170	Prodigal_v2.6.3	CDS	95273	96181	68.8	+	0	ID=5_97;partial=00;start_type=TTG;rbs_motif=AGxAGG/AGGxGG;rbs_spacer=5-10bp;gc_cont=0.394;conf=100.00;score=68.84;cscore=65.75;sscore=3.09;rscore=11.15;uscore=-1.34;tscore=-7.50;
NODE_5_length_328887_cov_107.457170	Prodigal_v2.6.3	CDS	96217	97119	92.5	+	0	ID=5_98;partial=00;start_type=ATG;rbs_motif=GGAGG;rbs_spacer=5-10bp;gc_cont=0.408;conf=100.00;score=92.46;cscore=75.81;sscore=16.65;rscore=16.07;uscore=-4.23;tscore=3.92;
NODE_5_length_328887_cov_107.457170	Prodigal_v2.6.3	CDS	97285	98187	92.4	+	0	ID=5_99;partial=00;start_type=ATG;rbs_motif=GGAGG;rbs_spacer=5-10bp;gc_cont=0.377;conf=100.00;score=92.40;cscore=72.55;sscore=19.85;rscore=16.07;uscore=-0.15;tscore=3.92;
NODE_5_length_328887_cov_107.457170	Prodigal_v2.6.3	CDS	98292	99206	118.2	-	0	ID=5_100;partial=00;start_type=GTG;rbs_motif=GGA/GAG/AGG;rbs_spacer=11-12bp;gc_cont=0.462;conf=100.00;score=118.16;cscore=122.63;sscore=-4.47;rscore=-4.11;uscore=4.01;tscore=-4.36;
NODE_5_length_328887_cov_107.457170	Prodigal_v2.6.3	CDS	99364	100437	102.2	-	0	ID=5_101;partial=00;start_type=GTG;rbs_motif=GGA/GAG/AGG;rbs_spacer=11-12bp;gc_cont=0.488;conf=100.00;score=102.18;cscore=108.84;sscore=-6.65;rscore=-4.11;uscore=2.47;tscore=-4.36;
NODE_5_length_328887_cov_107.457170	Prodigal_v2.6.3	CDS	100816	101025	33.8	+	0	ID=5_102;partial=00;start_type=ATG;rbs_motif=AGGAGG;rbs_spacer=5-10bp;gc_cont=0.510;conf=99.96;score=33.84;cscore=16.83;sscore=17.00;rscore=13.79;uscore=-0.03;tscore=3.25;
NODE_5_length_328887_cov_107.457170	Prodigal_v2.6.3	CDS	101041	101298	46.7	+	0	ID=5_103;partial=00;start_type=ATG;rbs_motif=GGAGG;rbs_spacer=5-10bp;gc_cont=0.473;conf=100.00;score=46.73;cscore=23.95;sscore=22.79;rscore=16.07;uscore=1.68;tscore=3.92;
NODE_5_length_328887_cov_107.457170	Prodigal_v2.6.3	CDS	101517	102578	125.2	-	0	ID=5_104;partial=00;start_type=ATG;rbs_motif=GGAG/GAGG;rbs_spacer=5-10bp;gc_cont=0.479;conf=100.00;score=125.18;cscore=110.93;sscore=14.25;rscore=10.35;uscore=0.63;tscore=3.92;
NODE_5_length_328887_cov_107.457170	Prodigal_v2.6.3	CDS	102857	103681	110.8	-	0	ID=5_105;partial=00;start_type=TTG;rbs_motif=GGAGG;rbs_spacer=5-10bp;gc_cont=0.490;conf=100.00;score=110.82;cscore=102.63;sscore=8.19;rscore=16.07;uscore=0.27;tscore=-7.50;
NODE_5_length_328887_cov_107.457170	Prodigal_v2.6.3	CDS	103914	104837	83.2	+	0	ID=5_106;partial=00;start_type=ATG;rbs_motif=GGAG/GAGG;rbs_spacer=5-10bp;gc_cont=0.389;conf=100.00;score=83.15;cscore=68.51;sscore=14.64;rscore=10.35;uscore=0.37;tscore=3.92;
NODE_5_length_328887_cov_107.457170	Prodigal_v2.6.3	CDS	105090	105551	74.5	+	0	ID=5_107;partial=00;start_type=ATG;rbs_motif=AGGA/GGAG/GAGG;rbs_spacer=11-12bp;gc_cont=0.478;conf=100.00;score=74.49;cscore=65.75;sscore=8.73;rscore=5.64;uscore=-0.18;tscore=3.92;
NODE_5_length_328887_cov_107.457170	Prodigal_v2.6.3	CDS	105637	106644	108.6	-	0	ID=5_108;partial=00;start_type=ATG;rbs_motif=AGGAGG;rbs_spacer=5-10bp;gc_cont=0.483;conf=100.00;score=108.61;cscore=87.03;sscore=21.58;rscore=16.65;uscore=1.00;tscore=3.92;
NODE_5_length_328887_cov_107.457170	Prodigal_v2.6.3	CDS	106785	108158	154.3	-	0	ID=5_109;partial=00;start_type=ATG;rbs_motif=GGAG/GAGG;rbs_spacer=5-10bp;gc_cont=0.479;conf=100.00;score=154.27;cscore=139.59;sscore=14.68;rscore=10.35;uscore=1.05;tscore=3.92;
NODE_5_length_328887_cov_107.457170	Prodigal_v2.6.3	CDS	108548	109156	61.5	-	0	ID=5_110;partial=00;start_type=ATG;rbs_motif=GGA/GAG/AGG;rbs_spacer=5-10bp;gc_cont=0.450;conf=100.00;score=61.51;cscore=55.51;sscore=6.01;rscore=-1.95;uscore=4.69;tscore=3.92;
NODE_5_length_328887_cov_107.457170	Prodigal_v2.6.3	CDS	109481	110716	162.0	+	0	ID=5_111;partial=00;start_type=ATG;rbs_motif=GGAGG;rbs_spacer=5-10bp;gc_cont=0.514;conf=100.00;score=162.01;cscore=143.47;sscore=18.54;rscore=16.07;uscore=-1.45;tscore=3.92;
NODE_5_length_328887_cov_107.457170	Prodigal_v2.6.3	CDS	110871	112649	204.9	-	0	ID=5_112;partial=00;start_type=ATG;rbs_motif=AGxAGG/AGGxGG;rbs_spacer=5-10bp;gc_cont=0.492;conf=99.99;score=204.89;cscore=189.22;sscore=15.67;rscore=11.15;uscore=0.59;tscore=3.92;
NODE_5_length_328887_cov_107.457170	Prodigal_v2.6.3	CDS	112735	113457	66.2	-	0	ID=5_113;partial=00;start_type=ATG;rbs_motif=AGGAG;rbs_spacer=5-10bp;gc_cont=0.510;conf=100.00;score=66.24;cscore=47.69;sscore=18.55;rscore=15.31;uscore=-0.03;tscore=3.92;
NODE_5_length_328887_cov_107.457170	Prodigal_v2.6.3	CDS	113755	114177	56.9	-	0	ID=5_114;partial=00;start_type=ATG;rbs_motif=GGAG/GAGG;rbs_spacer=5-10bp;gc_cont=0.492;conf=100.00;score=56.85;cscore=42.94;sscore=13.91;rscore=10.35;uscore=-0.36;tscore=3.92;
NODE_5_length_328887_cov_107.457170	Prodigal_v2.6.3	CDS	114251	114619	63.4	-	0	ID=5_115;partial=00;start_type=ATG;rbs_motif=AGGA;rbs_spacer=5-10bp;gc_cont=0.499;conf=100.00;score=63.38;cscore=51.15;sscore=12.23;rscore=7.02;uscore=-1.73;tscore=3.92;
NODE_5_length_328887_cov_107.457170	Prodigal_v2.6.3	CDS	114619	115905	153.3	-	0	ID=5_116;partial=00;start_type=GTG;rbs_motif=GGAG/GAGG;rbs_spacer=5-10bp;gc_cont=0.517;conf=100.00;score=153.32;cscore=146.34;sscore=6.98;rscore=10.35;uscore=-0.14;tscore=-4.36;
NODE_5_length_328887_cov_107.457170	Prodigal_v2.6.3	CDS	115919	116872	138.5	-	0	ID=5_117;partial=00;start_type=ATG;rbs_motif=AGxAGG/AGGxGG;rbs_spacer=5-10bp;gc_cont=0.477;conf=100.00;score=138.54;cscore=124.36;sscore=14.17;rscore=11.15;uscore=-0.25;tscore=3.92;
NODE_5_length_328887_cov_107.457170	Prodigal_v2.6.3	CDS	117219	117575	56.1	+	0	ID=5_118;partial=00;start_type=ATG;rbs_motif=GGAGG;rbs_spacer=5-10bp;gc_cont=0.504;conf=100.00;score=56.06;cscore=31.56;sscore=24.51;rscore=16.07;uscore=4.51;tscore=3.92;
NODE_5_length_328887_cov_107.457170	Prodigal_v2.6.3	CDS	117787	118143	51.6	-	0	ID=5_119;partial=00;start_type=ATG;rbs_motif=GGAG/GAGG;rbs_spacer=5-10bp;gc_cont=0.443;conf=100.00;score=51.64;cscore=38.76;sscore=12.88;rscore=10.35;uscore=-1.39;tscore=3.92;
NODE_5_length_328887_cov_107.457170	Prodigal_v2.6.3	CDS	118276	119013	63.6	-	0	ID=5_120;partial=00;start_type=GTG;rbs_motif=AGGAGG;rbs_spacer=5-10bp;gc_cont=0.491;conf=100.00;score=63.62;cscore=52.85;sscore=10.77;rscore=16.65;uscore=-0.87;tscore=-4.36;
NODE_5_length_328887_cov_107.457170	Prodigal_v2.6.3	CDS	119520	119714	27.2	+	0	ID=5_121;partial=00;start_type=ATG;rbs_motif=AGGAG;rbs_spacer=5-10bp;gc_cont=0.467;conf=99.81;score=27.19;cscore=15.77;sscore=11.42;rscore=11.76;uscore=-3.35;tscore=3.01;
NODE_5_length_328887_cov_107.457170	Prodigal_v2.6.3	CDS	119799	120725	148.9	+	0	ID=5_122;partial=00;start_type=ATG;rbs_motif=AGGAG;rbs_spacer=5-10bp;gc_cont=0.442;conf=100.00;score=148.91;cscore=129.04;sscore=19.88;rscore=15.31;uscore=0.65;tscore=3.92;
NODE_5_length_328887_cov_107.457170	Prodigal_v2.6.3	CDS	120983	121855	94.0	+	0	ID=5_123;partial=00;start_type=ATG;rbs_motif=GGAG/GAGG;rbs_spacer=5-10bp;gc_cont=0.481;conf=100.00;score=94.01;cscore=83.63;sscore=10.39;rscore=10.35;uscore=-3.24;tscore=3.92;
NODE_5_length_328887_cov_107.457170	Prodigal_v2.6.3	CDS	122153	122605	60.4	+	0	ID=5_124;partial=00;start_type=ATG;rbs_motif=AGGAGG;rbs_spacer=5-10bp;gc_cont=0.510;conf=100.00;score=60.38;cscore=40.07;sscore=20.30;rscore=16.65;uscore=0.38;tscore=3.92;
NODE_5_length_328887_cov_107.457170	Prodigal_v2.6.3	CDS	122690	124105	122.4	-	0	ID=5_125;partial=00;start_type=ATG;rbs_motif=GGA/GAG/AGG;rbs_spacer=5-10bp;gc_cont=0.511;conf=100.00;score=122.40;cscore=114.38;sscore=8.03;rscore=-1.95;uscore=6.06;tscore=3.92;
NODE_5_length_328887_cov_107.457170	Prodigal_v2.6.3	CDS	124234	126138	245.0	-	0	ID=5_126;partial=00;start_type=ATG;rbs_motif=AGGAGG;rbs_spacer=5-10bp;gc_cont=0.494;conf=99.99;score=245.01;cscore=224.16;sscore=20.85;rscore=16.65;uscore=0.92;tscore=3.92;
NODE_5_length_328887_cov_107.457170	Prodigal_v2.6.3	CDS	126307	127182	117.8	+	0	ID=5_127;partial=00;start_type=ATG;rbs_motif=GGAG/GAGG;rbs_spacer=5-10bp;gc_cont=0.427;conf=100.00;score=117.84;cscore=100.42;sscore=17.43;rscore=10.35;uscore=3.15;tscore=3.92;
NODE_5_length_328887_cov_107.457170	Prodigal_v2.6.3	CDS	127262	128074	89.4	-	0	ID=5_128;partial=00;start_type=TTG;rbs_motif=GGAG/GAGG;rbs_spacer=5-10bp;gc_cont=0.514;conf=100.00;score=89.45;cscore=82.05;sscore=7.40;rscore=10.35;uscore=3.84;tscore=-7.50;
NODE_5_length_328887_cov_107.457170	Prodigal_v2.6.3	CDS	128127	129371	135.6	-	0	ID=5_129;partial=00;start_type=ATG;rbs_motif=GGA/GAG/AGG;rbs_spacer=11-12bp;gc_cont=0.455;conf=100.00;score=135.59;cscore=132.90;sscore=2.69;rscore=-4.11;uscore=3.53;tscore=3.92;
NODE_5_length_328887_cov_107.457170	Prodigal_v2.6.3	CDS	129932	131296	179.3	-	0	ID=5_130;partial=00;start_type=TTG;rbs_motif=AGGA;rbs_spacer=5-10bp;gc_cont=0.482;conf=99.99;score=179.28;cscore=177.67;sscore=1.62;rscore=7.02;uscore=0.83;tscore=-7.50;
NODE_5_length_328887_cov_107.457170	Prodigal_v2.6.3	CDS	131298	132332	155.1	-	0	ID=5_131;partial=00;start_type=ATG;rbs_motif=AGGAG;rbs_spacer=5-10bp;gc_cont=0.476;conf=100.00;score=155.07;cscore=136.29;sscore=18.78;rscore=15.31;uscore=0.20;tscore=3.92;
NODE_5_length_328887_cov_107.457170	Prodigal_v2.6.3	CDS	132605	134035	193.1	-	0	ID=5_132;partial=00;start_type=ATG;rbs_motif=GGxGG;rbs_spacer=5-10bp;gc_cont=0.481;conf=99.99;score=193.07;cscore=187.97;sscore=5.11;rscore=3.18;uscore=-3.26;tscore=3.92;
NODE_5_length_328887_cov_107.457170	Prodigal_v2.6.3	CDS	134037	135491	202.3	-	0	ID=5_133;partial=00;start_type=GTG;rbs_motif=AGGAGG;rbs_spacer=5-10bp;gc_cont=0.505;conf=99.99;score=202.28;cscore=187.09;sscore=15.19;rscore=16.65;uscore=1.66;tscore=-4.36;
NODE_5_length_328887_cov_107.457170	Prodigal_v2.6.3	CDS	135495	135791	25.6	-	0	ID=5_134;partial=00;start_type=ATG;rbs_motif=GGA/GAG/AGG;rbs_spacer=3-4bp;gc_cont=0.485;conf=99.72;score=25.59;cscore=33.41;sscore=-7.82;rscore=-13.79;uscore=1.33;tscore=3.92;
NODE_5_length_328887_cov_107.457170	Prodigal_v2.6.3	CDS	135843	136994	167.9	-	0	ID=5_135;partial=00;start_type=ATG;rbs_motif=GGAG/GAGG;rbs_spacer=5-10bp;gc_cont=0.454;conf=100.00;score=167.90;cscore=151.81;sscore=16.09;rscore=10.35;uscore=0.64;tscore=3.92;
NODE_5_length_328887_cov_107.457170	Prodigal_v2.6.3	CDS	137004	139028	270.4	-	0	ID=5_136;partial=00;start_type=GTG;rbs_motif=AGGAGG;rbs_spacer=5-10bp;gc_cont=0.500;conf=99.99;score=270.43;cscore=257.46;sscore=12.97;rscore=16.65;uscore=0.01;tscore=-4.36;
NODE_5_length_328887_cov_107.457170	Prodigal_v2.6.3	CDS	139085	141340	320.4	-	0	ID=5_137;partial=00;start_type=ATG;rbs_motif=AGGA/GGAG/GAGG;rbs_spacer=11-12bp;gc_cont=0.467;conf=99.99;score=320.39;cscore=308.35;sscore=12.05;rscore=5.64;uscore=2.48;tscore=3.92;
NODE_5_length_328887_cov_107.457170	Prodigal_v2.6.3	CDS	141447	141635	3.6	-	0	ID=5_138;partial=00;start_type=ATG;rbs_motif=GGAG/GAGG;rbs_spacer=5-10bp;gc_cont=0.550;conf=69.48;score=3.58;cscore=-7.25;sscore=10.82;rscore=7.70;uscore=1.36;tscore=2.92;
NODE_5_length_328887_cov_107.457170	Prodigal_v2.6.3	CDS	141806	142126	34.5	+	0	ID=5_139;partial=00;start_type=ATG;rbs_motif=AGGAG/GGAGG;rbs_spacer=11-12bp;gc_cont=0.436;conf=99.96;score=34.53;cscore=16.18;sscore=18.35;rscore=12.17;uscore=2.26;tscore=3.92;
NODE_5_length_328887_cov_107.457170	Prodigal_v2.6.3	CDS	142158	142949	82.6	+	0	ID=5_140;partial=00;start_type=ATG;rbs_motif=AGxAGG/AGGxGG;rbs_spacer=5-10bp;gc_cont=0.514;conf=100.00;score=82.56;cscore=67.88;sscore=14.68;rscore=11.15;uscore=-1.33;tscore=3.92;
NODE_5_length_328887_cov_107.457170	Prodigal_v2.6.3	CDS	142953	144146	143.4	+	0	ID=5_141;partial=00;start_type=ATG;rbs_motif=GGAGG;rbs_spacer=5-10bp;gc_cont=0.486;conf=100.00;score=143.38;cscore=122.12;sscore=21.26;rscore=16.07;uscore=0.02;tscore=3.92;
NODE_5_length_328887_cov_107.457170	Prodigal_v2.6.3	CDS	144282	144458	13.8	+	0	ID=5_142;partial=00;start_type=ATG;rbs_motif=AGGAGG;rbs_spacer=5-10bp;gc_cont=0.492;conf=95.99;score=13.81;cscore=0.71;sscore=13.10;rscore=11.59;uscore=-1.22;tscore=2.73;
NODE_5_length_328887_cov_107.457170	Prodigal_v2.6.3	CDS	144593	145900	155.2	+	0	ID=5_143;partial=00;start_type=ATG;rbs_motif=GGAG/GAGG;rbs_spacer=5-10bp;gc_cont=0.459;conf=100.00;score=155.18;cscore=139.10;sscore=16.08;rscore=10.35;uscore=1.81;tscore=3.92;
NODE_5_length_328887_cov_107.457170	Prodigal_v2.6.3	CDS	145878	146213	35.5	+	0	ID=5_144;partial=00;start_type=ATG;rbs_motif=AGGAGG;rbs_spacer=5-10bp;gc_cont=0.473;conf=99.97;score=35.47;cscore=17.71;sscore=17.76;rscore=16.65;uscore=-2.82;tscore=3.92;
NODE_5_length_328887_cov_107.457170	Prodigal_v2.6.3	CDS	146294	146797	56.1	-	0	ID=5_145;partial=00;start_type=ATG;rbs_motif=GGAG/GAGG;rbs_spacer=5-10bp;gc_cont=0.484;conf=100.00;score=56.09;cscore=42.07;sscore=14.02;rscore=10.35;uscore=-1.27;tscore=3.92;
NODE_5_length_328887_cov_107.457170	Prodigal_v2.6.3	CDS	146822	147256	49.3	-	0	ID=5_146;partial=00;start_type=GTG;rbs_motif=GGAGG;rbs_spacer=5-10bp;gc_cont=0.464;conf=100.00;score=49.30;cscore=38.58;sscore=10.73;rscore=16.07;uscore=-0.33;tscore=-4.36;
NODE_5_length_328887_cov_107.457170	Prodigal_v2.6.3	CDS	147704	147913	15.3	+	0	ID=5_147;partial=00;start_type=ATG;rbs_motif=AGxAGG/AGGxGG;rbs_spacer=5-10bp;gc_cont=0.438;conf=97.10;score=15.27;cscore=2.54;sscore=12.73;rscore=9.23;uscore=0.25;tscore=3.25;
NODE_5_length_328887_cov_107.457170	Prodigal_v2.6.3	CDS	147975	148508	87.2	-	0	ID=5_148;partial=00;start_type=ATG;rbs_motif=AGGAG;rbs_spacer=5-10bp;gc_cont=0.500;conf=100.00;score=87.25;cscore=65.22;sscore=22.02;rscore=15.31;uscore=3.45;tscore=3.92;
NODE_5_length_328887_cov_107.457170	Prodigal_v2.6.3	CDS	148777	150252	183.4	-	0	ID=5_149;partial=00;start_type=ATG;rbs_motif=None;rbs_spacer=None;gc_cont=0.444;conf=99.99;score=183.35;cscore=178.14;sscore=5.22;rscore=-15.61;uscore=-0.60;tscore=3.92;
NODE_5_length_328887_cov_107.457170	Prodigal_v2.6.3	CDS	150249	150977	123.7	-	0	ID=5_150;partial=00;start_type=ATG;rbs_motif=GGAG/GAGG;rbs_spacer=5-10bp;gc_cont=0.447;conf=100.00;score=123.72;cscore=105.19;sscore=18.52;rscore=10.35;uscore=3.14;tscore=3.92;
NODE_5_length_328887_cov_107.457170	Prodigal_v2.6.3	CDS	150993	151388	42.0	-	0	ID=5_151;partial=00;start_type=ATG;rbs_motif=GGAGG;rbs_spacer=5-10bp;gc_cont=0.472;conf=99.99;score=42.01;cscore=22.31;sscore=19.70;rscore=16.07;uscore=0.35;tscore=3.92;
NODE_5_length_328887_cov_107.457170	Prodigal_v2.6.3	CDS	152048	152356	46.0	+	0	ID=5_152;partial=00;start_type=ATG;rbs_motif=AGGAGG;rbs_spacer=5-10bp;gc_cont=0.427;conf=100.00;score=46.01;cscore=23.23;sscore=22.77;rscore=16.65;uscore=2.20;tscore=3.92;
NODE_5_length_328887_cov_107.457170	Prodigal_v2.6.3	CDS	152626	154917	240.4	-	0	ID=5_153;partial=00;start_type=TTG;rbs_motif=AGGAGG;rbs_spacer=5-10bp;gc_cont=0.485;conf=99.99;score=240.39;cscore=230.36;sscore=10.03;rscore=16.65;uscore=1.53;tscore=-7.50;
NODE_5_length_328887_cov_107.457170	Prodigal_v2.6.3	CDS	155195	156064	81.6	-	0	ID=5_154;partial=00;start_type=ATG;rbs_motif=GGxGG;rbs_spacer=3-4bp;gc_cont=0.480;conf=100.00;score=81.57;cscore=76.16;sscore=5.41;rscore=-1.23;uscore=0.19;tscore=3.92;
NODE_5_length_328887_cov_107.457170	Prodigal_v2.6.3	CDS	156061	157017	109.2	-	0	ID=5_155;partial=00;start_type=ATG;rbs_motif=AGxAG;rbs_spacer=5-10bp;gc_cont=0.449;conf=100.00;score=109.23;cscore=104.45;sscore=4.78;rscore=-2.05;uscore=1.63;tscore=3.92;
NODE_5_length_328887_cov_107.457170	Prodigal_v2.6.3	CDS	157018	157857	91.1	-	0	ID=5_156;partial=00;start_type=ATG;rbs_motif=AGGAGG;rbs_spacer=5-10bp;gc_cont=0.450;conf=100.00;score=91.09;cscore=68.60;sscore=22.49;rscore=16.65;uscore=0.62;tscore=3.92;
NODE_5_length_328887_cov_107.457170	Prodigal_v2.6.3	CDS	157854	158618	71.5	-	0	ID=5_157;partial=00;start_type=ATG;rbs_motif=GGAG/GAGG;rbs_spacer=5-10bp;gc_cont=0.514;conf=100.00;score=71.45;cscore=57.86;sscore=13.59;rscore=10.35;uscore=-0.03;tscore=3.92;
NODE_5_length_328887_cov_107.457170	Prodigal_v2.6.3	CDS	158818	160206	147.3	-	0	ID=5_158;partial=00;start_type=ATG;rbs_motif=AGGAGG;rbs_spacer=5-10bp;gc_cont=0.467;conf=100.00;score=147.26;cscore=127.10;sscore=20.17;rscore=16.65;uscore=-0.41;tscore=3.92;
NODE_5_length_328887_cov_107.457170	Prodigal_v2.6.3	CDS	160345	160803	55.8	-	0	ID=5_159;partial=00;start_type=ATG;rbs_motif=AGGAG;rbs_spacer=5-10bp;gc_cont=0.455;conf=100.00;score=55.84;cscore=36.71;sscore=19.13;rscore=15.31;uscore=-0.10;tscore=3.92;
NODE_5_length_328887_cov_107.457170	Prodigal_v2.6.3	CDS	161022	162032	143.7	-	0	ID=5_160;partial=00;start_type=TTG;rbs_motif=AGxAGG/AGGxGG;rbs_spacer=5-10bp;gc_cont=0.467;conf=100.00;score=143.72;cscore=137.76;sscore=5.96;rscore=11.15;uscore=2.31;tscore=-7.50;
NODE_5_length_328887_cov_107.457170	Prodigal_v2.6.3	CDS	162135	162467	15.2	-	0	ID=5_161;partial=00;start_type=ATG;rbs_motif=GGxGG;rbs_spacer=11-12bp;gc_cont=0.465;conf=97.07;score=15.23;cscore=16.05;sscore=-0.82;rscore=-5.13;uscore=-0.77;tscore=3.92;
NODE_5_length_328887_cov_107.457170	Prodigal_v2.6.3	CDS	162451	162912	47.3	-	0	ID=5_162;partial=00;start_type=ATG;rbs_motif=AGGAGG;rbs_spacer=5-10bp;gc_cont=0.452;conf=100.00;score=47.26;cscore=26.95;sscore=20.31;rscore=16.65;uscore=-0.27;tscore=3.92;
NODE_5_length_328887_cov_107.457170	Prodigal_v2.6.3	CDS	162872	163192	8.3	-	0	ID=5_163;partial=00;start_type=ATG;rbs_motif=None;rbs_spacer=None;gc_cont=0.498;conf=87.02;score=8.28;cscore=21.27;sscore=-12.99;rscore=-15.61;uscore=-1.31;tscore=3.92;
NODE_5_length_328887_cov_107.457170	Prodigal_v2.6.3	CDS	163153	163593	37.4	-	0	ID=5_164;partial=00;start_type=ATG;rbs_motif=None;rbs_spacer=None;gc_cont=0.442;conf=99.98;score=37.43;cscore=32.21;sscore=5.22;rscore=-15.61;uscore=-2.37;tscore=3.92;
NODE_5_length_328887_cov_107.457170	Prodigal_v2.6.3	CDS	163590	163913	58.3	-	0	ID=5_165;partial=00;start_type=ATG;rbs_motif=GGAGG;rbs_spacer=5-10bp;gc_cont=0.426;conf=100.00;score=58.26;cscore=36.98;sscore=21.28;rscore=16.07;uscore=0.04;tscore=3.92;
NODE_5_length_328887_cov_107.457170	Prodigal_v2.6.3	CDS	163916	164863	116.3	-	0	ID=5_166;partial=00;start_type=ATG;rbs_motif=AGxAGG/AGGxGG;rbs_spacer=5-10bp;gc_cont=0.488;conf=100.00;score=116.35;cscore=99.00;sscore=17.35;rscore=11.15;uscore=1.02;tscore=3.92;
NODE_5_length_328887_cov_107.457170	Prodigal_v2.6.3	CDS	164866	165771	100.0	-	0	ID=5_167;partial=00;start_type=ATG;rbs_motif=AGGA/GGAG/GAGG;rbs_spacer=11-12bp;gc_cont=0.501;conf=100.00;score=100.03;cscore=86.83;sscore=13.20;rscore=5.64;uscore=3.63;tscore=3.92;
NODE_5_length_328887_cov_107.457170	Prodigal_v2.6.3	CDS	165858	166589	119.1	-	0	ID=5_168;partial=00;start_type=ATG;rbs_motif=GGAG/GAGG;rbs_spacer=5-10bp;gc_cont=0.463;conf=100.00;score=119.10;cscore=102.14;sscore=16.96;rscore=10.35;uscore=2.69;tscore=3.92;
NODE_5_length_328887_cov_107.457170	Prodigal_v2.6.3	CDS	166660	167151	48.5	-	0	ID=5_169;partial=00;start_type=GTG;rbs_motif=AGxAGG/AGGxGG;rbs_spacer=5-10bp;gc_cont=0.445;conf=100.00;score=48.53;cscore=40.03;sscore=8.51;rscore=11.15;uscore=2.37;tscore=-4.36;
NODE_5_length_328887_cov_107.457170	Prodigal_v2.6.3	CDS	167226	169031	226.0	+	0	ID=5_170;partial=00;start_type=ATG;rbs_motif=AGGA;rbs_spacer=5-10bp;gc_cont=0.468;conf=99.99;score=225.97;cscore=213.38;sscore=12.59;rscore=7.02;uscore=1.64;tscore=3.92;
NODE_5_length_328887_cov_107.457170	Prodigal_v2.6.3	CDS	169121	169261	5.2	+	0	ID=5_171;partial=00;start_type=ATG;rbs_motif=GGAG/GAGG;rbs_spacer=5-10bp;gc_cont=0.433;conf=76.94;score=5.24;cscore=-2.86;sscore=8.10;rscore=5.71;uscore=0.72;tscore=2.17;
NODE_5_length_328887_cov_107.457170	Prodigal_v2.6.3	CDS	169239	171050	282.2	-	0	ID=5_172;partial=00;start_type=ATG;rbs_motif=AGGA;rbs_spacer=5-10bp;gc_cont=0.475;conf=99.99;score=282.23;cscore=269.02;sscore=13.21;rscore=7.02;uscore=2.92;tscore=3.92;
NODE_5_length_328887_cov_107.457170	Prodigal_v2.6.3	CDS	171366	172730	211.9	-	0	ID=5_173;partial=00;start_type=ATG;rbs_motif=GGAG/GAGG;rbs_spacer=5-10bp;gc_cont=0.473;conf=99.99;score=211.91;cscore=195.45;sscore=16.46;rscore=10.35;uscore=1.14;tscore=3.92;
NODE_5_length_328887_cov_107.457170	Prodigal_v2.6.3	CDS	172752	173837	119.5	-	0	ID=5_174;partial=00;start_type=ATG;rbs_motif=AGGAGG;rbs_spacer=5-10bp;gc_cont=0.465;conf=100.00;score=119.47;cscore=96.25;sscore=23.22;rscore=16.65;uscore=1.35;tscore=3.92;
NODE_5_length_328887_cov_107.457170	Prodigal_v2.6.3	CDS	173834	174691	118.3	-	0	ID=5_175;partial=00;start_type=ATG;rbs_motif=GGAGG;rbs_spacer=5-10bp;gc_cont=0.462;conf=100.00;score=118.30;cscore=97.85;sscore=20.45;rscore=16.07;uscore=1.11;tscore=3.92;
NODE_5_length_328887_cov_107.457170	Prodigal_v2.6.3	CDS	174955	175689	83.9	+	0	ID=5_176;partial=00;start_type=ATG;rbs_motif=None;rbs_spacer=None;gc_cont=0.498;conf=100.00;score=83.90;cscore=92.80;sscore=-8.91;rscore=-15.61;uscore=2.77;tscore=3.92;
NODE_5_length_328887_cov_107.457170	Prodigal_v2.6.3	CDS	175679	176818	134.4	+	0	ID=5_177;partial=00;start_type=ATG;rbs_motif=GGAGG;rbs_spacer=5-10bp;gc_cont=0.450;conf=100.00;score=134.38;cscore=116.33;sscore=18.05;rscore=16.07;uscore=-3.16;tscore=3.92;
NODE_5_length_328887_cov_107.457170	Prodigal_v2.6.3	CDS	176836	177501	78.5	+	0	ID=5_178;partial=00;start_type=ATG;rbs_motif=GGA/GAG/AGG;rbs_spacer=5-10bp;gc_cont=0.494;conf=100.00;score=78.50;cscore=76.66;sscore=1.84;rscore=-1.95;uscore=-1.22;tscore=3.92;
NODE_5_length_328887_cov_107.457170	Prodigal_v2.6.3	CDS	177616	180408	333.3	+	0	ID=5_179;partial=00;start_type=ATG;rbs_motif=AGGAG(G)/GGAGG;rbs_spacer=13-15bp;gc_cont=0.481;conf=99.99;score=333.33;cscore=323.38;sscore=9.96;rscore=1.83;uscore=4.20;tscore=3.92;
NODE_5_length_328887_cov_107.457170	Prodigal_v2.6.3	CDS	180627	180821	11.6	+	0	ID=5_180;partial=00;start_type=ATG;rbs_motif=GGAGG;rbs_spacer=5-10bp;gc_cont=0.390;conf=93.46;score=11.57;cscore=-2.85;sscore=14.42;rscore=12.34;uscore=0.22;tscore=3.01;
NODE_5_length_328887_cov_107.457170	Prodigal_v2.6.3	CDS	181426	182499	144.9	-	0	ID=5_181;partial=00;start_type=ATG;rbs_motif=GGAG/GAGG;rbs_spacer=5-10bp;gc_cont=0.427;conf=100.00;score=144.85;cscore=127.99;sscore=16.86;rscore=10.35;uscore=1.43;tscore=3.92;
NODE_5_length_328887_cov_107.457170	Prodigal_v2.6.3	CDS	182483	183322	95.9	-	0	ID=5_182;partial=00;start_type=ATG;rbs_motif=AGxAGG/AGGxGG;rbs_spacer=5-10bp;gc_cont=0.439;conf=100.00;score=95.91;cscore=76.93;sscore=18.98;rscore=11.15;uscore=2.69;tscore=3.92;
NODE_5_length_328887_cov_107.457170	Prodigal_v2.6.3	CDS	183312	184136	93.4	-	0	ID=5_183;partial=00;start_type=GTG;rbs_motif=AGGAGG;rbs_spacer=5-10bp;gc_cont=0.447;conf=100.00;score=93.36;cscore=80.95;sscore=12.41;rscore=16.65;uscore=0.12;tscore=-4.36;
NODE_5_length_328887_cov_107.457170	Prodigal_v2.6.3	CDS	184236	185324	156.5	-	0	ID=5_184;partial=00;start_type=TTG;rbs_motif=AGGAG;rbs_spacer=5-10bp;gc_cont=0.465;conf=100.00;score=156.48;cscore=146.75;sscore=9.73;rscore=15.31;uscore=0.79;tscore=-7.50;
NODE_5_length_328887_cov_107.457170	Prodigal_v2.6.3	CDS	185338	185877	68.2	-	0	ID=5_185;partial=00;start_type=ATG;rbs_motif=AGxAGG/AGGxGG;rbs_spacer=5-10bp;gc_cont=0.446;conf=100.00;score=68.16;cscore=53.84;sscore=14.33;rscore=11.15;uscore=-0.10;tscore=3.92;
NODE_5_length_328887_cov_107.457170	Prodigal_v2.6.3	CDS	186183	188291	245.8	-	0	ID=5_186;partial=00;start_type=ATG;rbs_motif=GGA/GAG/AGG;rbs_spacer=5-10bp;gc_cont=0.481;conf=99.99;score=245.79;cscore=241.24;sscore=4.55;rscore=-1.95;uscore=1.53;tscore=3.92;
NODE_5_length_328887_cov_107.457170	Prodigal_v2.6.3	CDS	188313	189218	111.6	-	0	ID=5_187;partial=00;start_type=GTG;rbs_motif=AGGA;rbs_spacer=5-10bp;gc_cont=0.486;conf=100.00;score=111.64;cscore=107.65;sscore=3.99;rscore=7.02;uscore=1.99;tscore=-4.36;
NODE_5_length_328887_cov_107.457170	Prodigal_v2.6.3	CDS	189478	190236	95.6	+	0	ID=5_188;partial=00;start_type=ATG;rbs_motif=AGGAG/GGAGG;rbs_spacer=11-12bp;gc_cont=0.443;conf=100.00;score=95.59;cscore=78.17;sscore=17.41;rscore=12.17;uscore=1.32;tscore=3.92;
NODE_5_length_328887_cov_107.457170	Prodigal_v2.6.3	CDS	190248	190790	68.4	+	0	ID=5_189;partial=00;start_type=ATG;rbs_motif=AGGAG;rbs_spacer=5-10bp;gc_cont=0.483;conf=100.00;score=68.44;cscore=48.27;sscore=20.18;rscore=15.31;uscore=-0.20;tscore=3.92;
NODE_5_length_328887_cov_107.457170	Prodigal_v2.6.3	CDS	190925	192184	138.6	-	0	ID=5_190;partial=00;start_type=ATG;rbs_motif=AGxAGG/AGGxGG;rbs_spacer=5-10bp;gc_cont=0.465;conf=100.00;score=138.58;cscore=121.50;sscore=17.08;rscore=11.15;uscore=0.75;tscore=3.92;
NODE_5_length_328887_cov_107.457170	Prodigal_v2.6.3	CDS	192177	193073	129.5	-	0	ID=5_191;partial=00;start_type=ATG;rbs_motif=AGGAG;rbs_spacer=5-10bp;gc_cont=0.453;conf=100.00;score=129.51;cscore=110.39;sscore=19.12;rscore=15.31;uscore=0.54;tscore=3.92;
NODE_5_length_328887_cov_107.457170	Prodigal_v2.6.3	CDS	193336	193440	3.0	-	0	ID=5_192;partial=00;start_type=ATG;rbs_motif=AGxAGG/AGGxGG;rbs_spacer=5-10bp;gc_cont=0.457;conf=66.51;score=2.98;cscore=-4.12;sscore=7.11;rscore=4.55;uscore=1.46;tscore=1.60;
NODE_5_length_328887_cov_107.457170	Prodigal_v2.6.3	CDS	193523	193984	61.3	-	0	ID=5_193;partial=00;start_type=ATG;rbs_motif=None;rbs_spacer=None;gc_cont=0.472;conf=100.00;score=61.27;cscore=55.93;sscore=5.34;rscore=-15.61;uscore=0.12;tscore=3.92;
NODE_5_length_328887_cov_107.457170	Prodigal_v2.6.3	CDS	193981	194958	151.6	-	0	ID=5_194;partial=00;start_type=TTG;rbs_motif=GGAGG;rbs_spacer=5-10bp;gc_cont=0.479;conf=100.00;score=151.60;cscore=140.84;sscore=10.76;rscore=16.07;uscore=2.19;tscore=-7.50;
NODE_5_length_328887_cov_107.457170	Prodigal_v2.6.3	CDS	195080	195766	71.0	-	0	ID=5_195;partial=00;start_type=TTG;rbs_motif=GGAGG;rbs_spacer=5-10bp;gc_cont=0.505;conf=100.00;score=70.99;cscore=62.87;sscore=8.13;rscore=16.07;uscore=0.21;tscore=-7.50;
NODE_5_length_328887_cov_107.457170	Prodigal_v2.6.3	CDS	195886	196779	136.0	+	0	ID=5_196;partial=00;start_type=ATG;rbs_motif=AGGAG/GGAGG;rbs_spacer=11-12bp;gc_cont=0.465;conf=100.00;score=135.96;cscore=120.46;sscore=15.50;rscore=12.17;uscore=-0.59;tscore=3.92;
NODE_5_length_328887_cov_107.457170	Prodigal_v2.6.3	CDS	196992	197498	64.6	+	0	ID=5_197;partial=00;start_type=ATG;rbs_motif=GGAGG;rbs_spacer=5-10bp;gc_cont=0.458;conf=100.00;score=64.62;cscore=47.50;sscore=17.13;rscore=16.07;uscore=-2.21;tscore=3.92;
NODE_5_length_328887_cov_107.457170	Prodigal_v2.6.3	CDS	197806	198387	68.5	-	0	ID=5_198;partial=00;start_type=TTG;rbs_motif=AGGAG;rbs_spacer=5-10bp;gc_cont=0.481;conf=100.00;score=68.53;cscore=58.37;sscore=10.16;rscore=15.31;uscore=3.00;tscore=-7.50;
NODE_5_length_328887_cov_107.457170	Prodigal_v2.6.3	CDS	198757	199818	132.0	+	0	ID=5_199;partial=00;start_type=TTG;rbs_motif=AGGAG;rbs_spacer=5-10bp;gc_cont=0.487;conf=100.00;score=132.00;cscore=122.39;sscore=9.62;rscore=15.31;uscore=1.81;tscore=-7.50;
NODE_5_length_328887_cov_107.457170	Prodigal_v2.6.3	CDS	199808	200701	85.4	+	0	ID=5_200;partial=00;start_type=ATG;rbs_motif=GGxGG;rbs_spacer=5-10bp;gc_cont=0.446;conf=100.00;score=85.39;cscore=78.20;sscore=7.18;rscore=3.18;uscore=-1.14;tscore=3.92;
NODE_5_length_328887_cov_107.457170	Prodigal_v2.6.3	CDS	200717	201538	102.9	+	0	ID=5_201;partial=00;start_type=ATG;rbs_motif=AGGAGG;rbs_spacer=5-10bp;gc_cont=0.457;conf=100.00;score=102.88;cscore=79.11;sscore=23.77;rscore=16.65;uscore=2.09;tscore=3.92;
NODE_5_length_328887_cov_107.457170	Prodigal_v2.6.3	CDS	201548	202861	152.8	+	0	ID=5_202;partial=00;start_type=ATG;rbs_motif=AGGA/GGAG/GAGG;rbs_spacer=11-12bp;gc_cont=0.455;conf=100.00;score=152.81;cscore=139.89;sscore=12.93;rscore=5.64;uscore=2.18;tscore=3.92;
NODE_5_length_328887_cov_107.457170	Prodigal_v2.6.3	CDS	202990	204231	151.0	+	0	ID=5_203;partial=00;start_type=GTG;rbs_motif=GGAGG;rbs_spacer=5-10bp;gc_cont=0.494;conf=100.00;score=151.01;cscore=135.44;sscore=15.57;rscore=16.07;uscore=3.87;tscore=-4.36;
NODE_5_length_328887_cov_107.457170	Prodigal_v2.6.3	CDS	204551	204739	9.1	-	0	ID=5_204;partial=00;start_type=ATG;rbs_motif=GGA/GAG/AGG;rbs_spacer=5-10bp;gc_cont=0.455;conf=88.94;score=9.07;cscore=9.46;sscore=-0.39;rscore=-2.63;uscore=-1.90;tscore=2.92;
NODE_5_length_328887_cov_107.457170	Prodigal_v2.6.3	CDS	204729	205031	23.2	-	0	ID=5_205;partial=00;start_type=ATG;rbs_motif=GGA/GAG/AGG;rbs_spacer=5-10bp;gc_cont=0.376;conf=99.52;score=23.24;cscore=19.41;sscore=3.83;rscore=-1.95;uscore=2.51;tscore=3.92;
NODE_5_length_328887_cov_107.457170	Prodigal_v2.6.3	CDS	205506	206363	103.7	-	0	ID=5_206;partial=00;start_type=ATG;rbs_motif=AGGAGG;rbs_spacer=5-10bp;gc_cont=0.432;conf=100.00;score=103.73;cscore=79.44;sscore=24.30;rscore=16.65;uscore=2.50;tscore=3.92;
NODE_5_length_328887_cov_107.457170	Prodigal_v2.6.3	CDS	206369	207727	145.5	-	0	ID=5_207;partial=00;start_type=ATG;rbs_motif=AGGAG;rbs_spacer=5-10bp;gc_cont=0.448;conf=100.00;score=145.49;cscore=128.80;sscore=16.69;rscore=15.31;uscore=-2.55;tscore=3.92;
NODE_5_length_328887_cov_107.457170	Prodigal_v2.6.3	CDS	207798	209030	145.5	-	0	ID=5_208;partial=00;start_type=ATG;rbs_motif=AGxAGG/AGGxGG;rbs_spacer=5-10bp;gc_cont=0.463;conf=100.00;score=145.49;cscore=129.18;sscore=16.31;rscore=11.15;uscore=0.39;tscore=3.92;
NODE_5_length_328887_cov_107.457170	Prodigal_v2.6.3	CDS	209070	210695	182.2	-	0	ID=5_209;partial=00;start_type=ATG;rbs_motif=GGAGG;rbs_spacer=5-10bp;gc_cont=0.471;conf=99.99;score=182.24;cscore=160.42;sscore=21.82;rscore=16.07;uscore=0.85;tscore=3.92;
NODE_5_length_328887_cov_107.457170	Prodigal_v2.6.3	CDS	210723	211853	157.1	-	0	ID=5_210;partial=00;start_type=ATG;rbs_motif=AGGAG/GGAGG;rbs_spacer=11-12bp;gc_cont=0.481;conf=100.00;score=157.13;cscore=136.36;sscore=20.77;rscore=12.17;uscore=3.45;tscore=3.92;
NODE_5_length_328887_cov_107.457170	Prodigal_v2.6.3	CDS	211858	212550	94.5	-	0	ID=5_211;partial=00;start_type=ATG;rbs_motif=AGxAGG/AGGxGG;rbs_spacer=5-10bp;gc_cont=0.449;conf=100.00;score=94.55;cscore=77.09;sscore=17.45;rscore=11.15;uscore=1.13;tscore=3.92;
NODE_5_length_328887_cov_107.457170	Prodigal_v2.6.3	CDS	212543	214804	275.6	-	0	ID=5_212;partial=00;start_type=ATG;rbs_motif=AGGA/GGAG/GAGG;rbs_spacer=11-12bp;gc_cont=0.472;conf=99.99;score=275.60;cscore=263.58;sscore=12.02;rscore=5.64;uscore=2.46;tscore=3.92;
NODE_5_length_328887_cov_107.457170	Prodigal_v2.6.3	CDS	214934	216679	201.1	-	0	ID=5_213;partial=00;start_type=ATG;rbs_motif=AGGAG/GGAGG;rbs_spacer=11-12bp;gc_cont=0.454;conf=99.99;score=201.06;cscore=181.62;sscore=19.44;rscore=12.17;uscore=2.06;tscore=3.92;
NODE_5_length_328887_cov_107.457170	Prodigal_v2.6.3	CDS	216676	218352	178.9	-	0	ID=5_214;partial=00;start_type=ATG;rbs_motif=AGxAGG/AGGxGG;rbs_spacer=5-10bp;gc_cont=0.479;conf=99.99;score=178.87;cscore=162.33;sscore=16.54;rscore=11.15;uscore=2.12;tscore=3.92;
NODE_5_length_328887_cov_107.457170	Prodigal_v2.6.3	CDS	218557	219510	111.6	-	0	ID=5_215;partial=00;start_type=GTG;rbs_motif=GGAGG;rbs_spacer=5-10bp;gc_cont=0.441;conf=100.00;score=111.60;cscore=100.39;sscore=11.22;rscore=16.07;uscore=0.16;tscore=-4.36;
NODE_5_length_328887_cov_107.457170	Prodigal_v2.6.3	CDS	219908	220381	72.2	-	0	ID=5_216;partial=00;start_type=ATG;rbs_motif=AGxAGG/AGGxGG;rbs_spacer=5-10bp;gc_cont=0.473;conf=100.00;score=72.16;cscore=55.15;sscore=17.01;rscore=11.15;uscore=1.00;tscore=3.92;
NODE_5_length_328887_cov_107.457170	Prodigal_v2.6.3	CDS	220413	222782	319.7	-	0	ID=5_217;partial=00;start_type=ATG;rbs_motif=GGAG/GAGG;rbs_spacer=5-10bp;gc_cont=0.459;conf=99.99;score=319.71;cscore=301.69;sscore=18.02;rscore=10.35;uscore=2.49;tscore=3.92;
NODE_5_length_328887_cov_107.457170	Prodigal_v2.6.3	CDS	222784	223518	88.5	-	0	ID=5_218;partial=00;start_type=ATG;rbs_motif=AGGA/GGAG/GAGG;rbs_spacer=11-12bp;gc_cont=0.491;conf=100.00;score=88.47;cscore=79.38;sscore=9.08;rscore=5.64;uscore=0.17;tscore=3.92;
NODE_5_length_328887_cov_107.457170	Prodigal_v2.6.3	CDS	223761	224084	23.7	-	0	ID=5_219;partial=00;start_type=ATG;rbs_motif=AGxAGG/AGGxGG;rbs_spacer=11-12bp;gc_cont=0.448;conf=99.58;score=23.74;cscore=14.05;sscore=9.68;rscore=5.02;uscore=0.74;tscore=3.92;
NODE_5_length_328887_cov_107.457170	Prodigal_v2.6.3	CDS	224182	225753	142.3	-	0	ID=5_220;partial=00;start_type=TTG;rbs_motif=GGAGG;rbs_spacer=5-10bp;gc_cont=0.480;conf=100.00;score=142.30;cscore=133.49;sscore=8.80;rscore=16.07;uscore=0.23;tscore=-7.50;
NODE_5_length_328887_cov_107.457170	Prodigal_v2.6.3	CDS	225842	226144	22.2	-	0	ID=5_221;partial=00;start_type=ATG;rbs_motif=AGGA;rbs_spacer=5-10bp;gc_cont=0.465;conf=99.40;score=22.23;cscore=13.17;sscore=9.06;rscore=7.02;uscore=-1.88;tscore=3.92;
NODE_5_length_328887_cov_107.457170	Prodigal_v2.6.3	CDS	226204	227466	147.0	-	0	ID=5_222;partial=00;start_type=ATG;rbs_motif=AGGA;rbs_spacer=5-10bp;gc_cont=0.480;conf=100.00;score=147.00;cscore=133.53;sscore=13.47;rscore=7.02;uscore=3.18;tscore=3.92;
NODE_5_length_328887_cov_107.457170	Prodigal_v2.6.3	CDS	227796	229100	205.2	-	0	ID=5_223;partial=00;start_type=ATG;rbs_motif=AGGAG;rbs_spacer=5-10bp;gc_cont=0.489;conf=99.99;score=205.21;cscore=183.32;sscore=21.89;rscore=15.31;uscore=1.91;tscore=3.92;
NODE_5_length_328887_cov_107.457170	Prodigal_v2.6.3	CDS	229149	229904	118.4	-	0	ID=5_224;partial=00;start_type=ATG;rbs_motif=AGGA;rbs_spacer=5-10bp;gc_cont=0.470;conf=100.00;score=118.39;cscore=107.02;sscore=11.37;rscore=7.02;uscore=0.42;tscore=3.92;
NODE_5_length_328887_cov_107.457170	Prodigal_v2.6.3	CDS	229979	231169	181.8	-	0	ID=5_225;partial=00;start_type=TTG;rbs_motif=AGGAGG;rbs_spacer=5-10bp;gc_cont=0.473;conf=99.99;score=181.83;cscore=170.05;sscore=11.78;rscore=16.65;uscore=3.28;tscore=-7.50;
NODE_5_length_328887_cov_107.457170	Prodigal_v2.6.3	CDS	231360	232382	132.7	-	0	ID=5_226;partial=00;start_type=ATG;rbs_motif=AGGAGG;rbs_spacer=5-10bp;gc_cont=0.475;conf=100.00;score=132.72;cscore=108.94;sscore=23.78;rscore=16.65;uscore=2.32;tscore=3.92;
NODE_5_length_328887_cov_107.457170	Prodigal_v2.6.3	CDS	232419	233456	126.9	-	0	ID=5_227;partial=00;start_type=ATG;rbs_motif=AGxAGG/AGGxGG;rbs_spacer=5-10bp;gc_cont=0.491;conf=100.00;score=126.94;cscore=110.27;sscore=16.67;rscore=11.15;uscore=2.24;tscore=3.92;
NODE_5_length_328887_cov_107.457170	Prodigal_v2.6.3	CDS	233545	233790	4.6	+	0	ID=5_228;partial=00;start_type=ATG;rbs_motif=AGGA;rbs_spacer=5-10bp;gc_cont=0.394;conf=74.07;score=4.57;cscore=-6.58;sscore=11.15;rscore=6.83;uscore=1.01;tscore=3.81;
NODE_5_length_328887_cov_107.457170	Prodigal_v2.6.3	CDS	234257	234847	93.9	-	0	ID=5_229;partial=00;start_type=ATG;rbs_motif=AGGAGG;rbs_spacer=5-10bp;gc_cont=0.469;conf=100.00;score=93.87;cscore=69.56;sscore=24.31;rscore=16.65;uscore=3.73;tscore=3.92;
NODE_5_length_328887_cov_107.457170	Prodigal_v2.6.3	CDS	234964	235419	61.2	-	0	ID=5_230;partial=00;start_type=ATG;rbs_motif=AGGAGG;rbs_spacer=5-10bp;gc_cont=0.447;conf=100.00;score=61.19;cscore=42.36;sscore=18.83;rscore=16.65;uscore=-1.10;tscore=3.92;
NODE_5_length_328887_cov_107.457170	Prodigal_v2.6.3	CDS	235805	236752	121.5	-	0	ID=5_231;partial=00;start_type=ATG;rbs_motif=GGAGG;rbs_spacer=5-10bp;gc_cont=0.438;conf=100.00;score=121.55;cscore=102.00;sscore=19.54;rscore=16.07;uscore=-1.68;tscore=3.92;
NODE_5_length_328887_cov_107.457170	Prodigal_v2.6.3	CDS	236757	237785	153.2	-	0	ID=5_232;partial=00;start_type=ATG;rbs_motif=AGGAG(G)/GGAGG;rbs_spacer=13-15bp;gc_cont=0.459;conf=100.00;score=153.21;cscore=143.40;sscore=9.81;rscore=1.83;uscore=2.76;tscore=3.92;
NODE_5_length_328887_cov_107.457170	Prodigal_v2.6.3	CDS	237782	238669	124.5	-	0	ID=5_233;partial=00;start_type=ATG;rbs_motif=AGGAG;rbs_spacer=5-10bp;gc_cont=0.447;conf=100.00;score=124.54;cscore=102.63;sscore=21.91;rscore=15.31;uscore=2.67;tscore=3.92;
NODE_5_length_328887_cov_107.457170	Prodigal_v2.6.3	CDS	238832	239371	66.8	-	0	ID=5_234;partial=00;start_type=ATG;rbs_motif=AGxAGG/AGGxGG;rbs_spacer=5-10bp;gc_cont=0.446;conf=100.00;score=66.77;cscore=48.23;sscore=18.54;rscore=11.15;uscore=4.12;tscore=3.92;
NODE_5_length_328887_cov_107.457170	Prodigal_v2.6.3	CDS	239723	242614	351.1	-	0	ID=5_235;partial=00;start_type=ATG;rbs_motif=AGGAG/GGAGG;rbs_spacer=11-12bp;gc_cont=0.479;conf=99.99;score=351.09;cscore=334.76;sscore=16.33;rscore=12.17;uscore=0.89;tscore=3.92;
NODE_5_length_328887_cov_107.457170	Prodigal_v2.6.3	CDS	242882	244897	305.0	-	0	ID=5_236;partial=00;start_type=ATG;rbs_motif=AGGAGG;rbs_spacer=5-10bp;gc_cont=0.464;conf=99.99;score=305.02;cscore=284.35;sscore=20.67;rscore=16.65;uscore=0.75;tscore=3.92;
NODE_5_length_328887_cov_107.457170	Prodigal_v2.6.3	CDS	245103	245750	97.7	-	0	ID=5_237;partial=00;start_type=ATG;rbs_motif=AGGAGG;rbs_spacer=5-10bp;gc_cont=0.452;conf=100.00;score=97.67;cscore=77.35;sscore=20.32;rscore=16.65;uscore=0.39;tscore=3.92;
NODE_5_length_328887_cov_107.457170	Prodigal_v2.6.3	CDS	246180	248546	258.8	-	0	ID=5_238;partial=00;start_type=ATG;rbs_motif=GGxGG;rbs_spacer=5-10bp;gc_cont=0.480;conf=99.99;score=258.78;cscore=249.96;sscore=8.82;rscore=3.18;uscore=0.50;tscore=3.92;
NODE_5_length_328887_cov_107.457170	Prodigal_v2.6.3	CDS	248552	249217	90.3	-	0	ID=5_239;partial=00;start_type=GTG;rbs_motif=AGGAGG;rbs_spacer=5-10bp;gc_cont=0.488;conf=100.00;score=90.34;cscore=81.47;sscore=8.87;rscore=16.65;uscore=-3.42;tscore=-4.36;
NODE_5_length_328887_cov_107.457170	Prodigal_v2.6.3	CDS	249317	250327	99.3	-	0	ID=5_240;partial=00;start_type=ATG;rbs_motif=None;rbs_spacer=None;gc_cont=0.479;conf=100.00;score=99.29;cscore=111.79;sscore=-12.50;rscore=-15.61;uscore=-2.07;tscore=3.92;
NODE_5_length_328887_cov_107.457170	Prodigal_v2.6.3	CDS	250320	250967	86.2	-	0	ID=5_241;partial=00;start_type=ATG;rbs_motif=GGxGG;rbs_spacer=5-10bp;gc_cont=0.489;conf=100.00;score=86.24;cscore=78.62;sscore=7.62;rscore=3.18;uscore=1.17;tscore=3.92;
NODE_5_length_328887_cov_107.457170	Prodigal_v2.6.3	CDS	251202	252929	260.7	-	0	ID=5_242;partial=00;start_type=GTG;rbs_motif=GGAG/GAGG;rbs_spacer=5-10bp;gc_cont=0.477;conf=99.99;score=260.68;cscore=252.24;sscore=8.44;rscore=10.35;uscore=3.11;tscore=-4.36;
NODE_5_length_328887_cov_107.457170	Prodigal_v2.6.3	CDS	253161	254108	156.0	-	0	ID=5_243;partial=00;start_type=ATG;rbs_motif=AGGAG;rbs_spacer=5-10bp;gc_cont=0.506;conf=100.00;score=156.03;cscore=133.62;sscore=22.41;rscore=15.31;uscore=3.18;tscore=3.92;
NODE_5_length_328887_cov_107.457170	Prodigal_v2.6.3	CDS	254174	255229	156.4	-	0	ID=5_244;partial=00;start_type=GTG;rbs_motif=AGGAG;rbs_spacer=5-10bp;gc_cont=0.487;conf=100.00;score=156.43;cscore=144.68;sscore=11.76;rscore=15.31;uscore=-0.35;tscore=-4.36;
NODE_5_length_328887_cov_107.457170	Prodigal_v2.6.3	CDS	255240	256067	85.3	-	0	ID=5_245;partial=00;start_type=TTG;rbs_motif=GGxGG;rbs_spacer=5-10bp;gc_cont=0.481;conf=100.00;score=85.28;cscore=88.44;sscore=-3.16;rscore=3.18;uscore=-0.10;tscore=-7.50;
NODE_5_length_328887_cov_107.457170	Prodigal_v2.6.3	CDS	256069	257028	125.0	-	0	ID=5_246;partial=00;start_type=ATG;rbs_motif=AGxAGG/AGGxGG;rbs_spacer=5-10bp;gc_cont=0.490;conf=100.00;score=125.01;cscore=106.38;sscore=18.63;rscore=11.15;uscore=4.21;tscore=3.92;
NODE_5_length_328887_cov_107.457170	Prodigal_v2.6.3	CDS	257220	257555	42.0	-	0	ID=5_247;partial=00;start_type=ATG;rbs_motif=GGAG/GAGG;rbs_spacer=5-10bp;gc_cont=0.470;conf=99.99;score=41.98;cscore=26.42;sscore=15.56;rscore=10.35;uscore=-2.35;tscore=3.92;
NODE_5_length_328887_cov_107.457170	Prodigal_v2.6.3	CDS	257555	257824	25.3	-	0	ID=5_248;partial=00;start_type=ATG;rbs_motif=GGAG/GAGG;rbs_spacer=5-10bp;gc_cont=0.481;conf=99.71;score=25.33;cscore=7.45;sscore=17.88;rscore=10.35;uscore=2.45;tscore=3.92;
NODE_5_length_328887_cov_107.457170	Prodigal_v2.6.3	CDS	257836	259317	219.6	-	0	ID=5_249;partial=00;start_type=ATG;rbs_motif=GGAGG;rbs_spacer=5-10bp;gc_cont=0.471;conf=99.99;score=219.58;cscore=200.17;sscore=19.40;rscore=16.07;uscore=0.06;tscore=3.92;
NODE_5_length_328887_cov_107.457170	Prodigal_v2.6.3	CDS	259735	260412	102.8	-	0	ID=5_250;partial=00;start_type=ATG;rbs_motif=AGGAGG;rbs_spacer=5-10bp;gc_cont=0.448;conf=100.00;score=102.80;cscore=83.48;sscore=19.32;rscore=16.65;uscore=-2.42;tscore=3.92;
NODE_5_length_328887_cov_107.457170	Prodigal_v2.6.3	CDS	260423	261187	107.5	-	0	ID=5_251;partial=00;start_type=ATG;rbs_motif=AGGAGG;rbs_spacer=5-10bp;gc_cont=0.430;conf=100.00;score=107.54;cscore=87.46;sscore=20.08;rscore=16.65;uscore=-1.68;tscore=3.92;
NODE_5_length_328887_cov_107.457170	Prodigal_v2.6.3	CDS	261197	262015	117.2	-	0	ID=5_252;partial=00;start_type=ATG;rbs_motif=GGAGG;rbs_spacer=5-10bp;gc_cont=0.459;conf=100.00;score=117.23;cscore=97.05;sscore=20.17;rscore=16.07;uscore=0.18;tscore=3.92;
NODE_5_length_328887_cov_107.457170	Prodigal_v2.6.3	CDS	262095	262979	103.2	-	0	ID=5_253;partial=00;start_type=ATG;rbs_motif=GGAG/GAGG;rbs_spacer=5-10bp;gc_cont=0.489;conf=100.00;score=103.19;cscore=86.45;sscore=16.74;rscore=10.35;uscore=1.17;tscore=3.92;
NODE_5_length_328887_cov_107.457170	Prodigal_v2.6.3	CDS	262976	263899	105.3	-	0	ID=5_254;partial=00;start_type=ATG;rbs_motif=AGGAGG;rbs_spacer=5-10bp;gc_cont=0.468;conf=100.00;score=105.30;cscore=87.11;sscore=18.19;rscore=16.65;uscore=-2.39;tscore=3.92;
NODE_5_length_328887_cov_107.457170	Prodigal_v2.6.3	CDS	264040	264900	103.4	-	0	ID=5_255;partial=00;start_type=GTG;rbs_motif=GGAGG;rbs_spacer=5-10bp;gc_cont=0.485;conf=100.00;score=103.36;cscore=89.94;sscore=13.42;rscore=16.07;uscore=1.72;tscore=-4.36;
NODE_5_length_328887_cov_107.457170	Prodigal_v2.6.3	CDS	265003	266670	204.0	-	0	ID=5_256;partial=00;start_type=ATG;rbs_motif=GGAGG;rbs_spacer=5-10bp;gc_cont=0.485;conf=99.99;score=203.98;cscore=183.23;sscore=20.75;rscore=16.07;uscore=-0.49;tscore=3.92;
NODE_5_length_328887_cov_107.457170	Prodigal_v2.6.3	CDS	266663	267370	112.5	-	0	ID=5_257;partial=00;start_type=ATG;rbs_motif=GGAGG;rbs_spacer=5-10bp;gc_cont=0.463;conf=100.00;score=112.55;cscore=91.26;sscore=21.29;rscore=16.07;uscore=-0.74;tscore=3.92;
NODE_5_length_328887_cov_107.457170	Prodigal_v2.6.3	CDS	267367	268470	98.5	-	0	ID=5_258;partial=00;start_type=ATG;rbs_motif=GGAGG;rbs_spacer=5-10bp;gc_cont=0.521;conf=100.00;score=98.46;cscore=78.80;sscore=19.66;rscore=16.07;uscore=0.32;tscore=3.92;
NODE_5_length_328887_cov_107.457170	Prodigal_v2.6.3	CDS	268794	269681	86.7	-	0	ID=5_259;partial=00;start_type=ATG;rbs_motif=AGGAGG;rbs_spacer=11-12bp;gc_cont=0.449;conf=100.00;score=86.70;cscore=67.51;sscore=19.19;rscore=14.31;uscore=-0.26;tscore=3.92;
NODE_5_length_328887_cov_107.457170	Prodigal_v2.6.3	CDS	269671	270357	97.6	-	0	ID=5_260;partial=00;start_type=ATG;rbs_motif=AGGAG;rbs_spacer=5-10bp;gc_cont=0.454;conf=100.00;score=97.62;cscore=76.45;sscore=21.17;rscore=15.31;uscore=1.94;tscore=3.92;
NODE_5_length_328887_cov_107.457170	Prodigal_v2.6.3	CDS	270434	271540	115.7	-	0	ID=5_261;partial=00;start_type=GTG;rbs_motif=GGA/GAG/AGG;rbs_spacer=5-10bp;gc_cont=0.478;conf=100.00;score=115.73;cscore=120.47;sscore=-4.74;rscore=-1.95;uscore=1.57;tscore=-4.36;
NODE_5_length_328887_cov_107.457170	Prodigal_v2.6.3	CDS	271674	274037	342.5	-	0	ID=5_262;partial=00;start_type=ATG;rbs_motif=GGAG/GAGG;rbs_spacer=5-10bp;gc_cont=0.470;conf=99.99;score=342.47;cscore=326.70;sscore=15.76;rscore=10.35;uscore=2.14;tscore=3.92;
NODE_5_length_328887_cov_107.457170	Prodigal_v2.6.3	CDS	274371	274928	72.1	-	0	ID=5_263;partial=00;start_type=ATG;rbs_motif=GGAG/GAGG;rbs_spacer=5-10bp;gc_cont=0.473;conf=100.00;score=72.11;cscore=56.11;sscore=15.99;rscore=10.35;uscore=1.72;tscore=3.92;
NODE_5_length_328887_cov_107.457170	Prodigal_v2.6.3	CDS	275052	275726	35.0	-	0	ID=5_264;partial=00;start_type=ATG;rbs_motif=GGA/GAG/AGG;rbs_spacer=5-10bp;gc_cont=0.487;conf=99.97;score=35.04;cscore=29.84;sscore=5.21;rscore=-1.95;uscore=-0.78;tscore=3.92;
NODE_5_length_328887_cov_107.457170	Prodigal_v2.6.3	CDS	275726	276991	96.5	-	0	ID=5_265;partial=00;start_type=ATG;rbs_motif=GGAG/GAGG;rbs_spacer=5-10bp;gc_cont=0.526;conf=100.00;score=96.54;cscore=83.51;sscore=13.03;rscore=10.35;uscore=-0.59;tscore=3.92;
NODE_5_length_328887_cov_107.457170	Prodigal_v2.6.3	CDS	277016	277666	85.0	+	0	ID=5_266;partial=00;start_type=ATG;rbs_motif=AGGAG;rbs_spacer=5-10bp;gc_cont=0.476;conf=100.00;score=84.95;cscore=68.10;sscore=16.85;rscore=15.31;uscore=-2.38;tscore=3.92;
NODE_5_length_328887_cov_107.457170	Prodigal_v2.6.3	CDS	277760	279331	226.2	-	0	ID=5_267;partial=00;start_type=ATG;rbs_motif=GGAGG;rbs_spacer=5-10bp;gc_cont=0.481;conf=99.99;score=226.17;cscore=205.34;sscore=20.83;rscore=16.07;uscore=1.48;tscore=3.92;
NODE_5_length_328887_cov_107.457170	Prodigal_v2.6.3	CDS	279626	280687	169.2	-	0	ID=5_268;partial=00;start_type=ATG;rbs_motif=AGGAGG;rbs_spacer=5-10bp;gc_cont=0.501;conf=100.00;score=169.21;cscore=148.11;sscore=21.10;rscore=16.65;uscore=-0.15;tscore=3.92;
NODE_5_length_328887_cov_107.457170	Prodigal_v2.6.3	CDS	280744	281985	178.3	-	0	ID=5_269;partial=00;start_type=ATG;rbs_motif=AGxAGG/AGGxGG;rbs_spacer=5-10bp;gc_cont=0.514;conf=100.00;score=178.28;cscore=163.27;sscore=15.02;rscore=11.15;uscore=0.59;tscore=3.92;
NODE_5_length_328887_cov_107.457170	Prodigal_v2.6.3	CDS	282359	282952	64.9	-	0	ID=5_270;partial=00;start_type=ATG;rbs_motif=GGAG/GAGG;rbs_spacer=5-10bp;gc_cont=0.443;conf=100.00;score=64.93;cscore=49.35;sscore=15.57;rscore=10.35;uscore=-0.49;tscore=3.92;
NODE_5_length_328887_cov_107.457170	Prodigal_v2.6.3	CDS	282949	283878	72.6	-	0	ID=5_271;partial=00;start_type=ATG;rbs_motif=None;rbs_spacer=None;gc_cont=0.476;conf=100.00;score=72.60;cscore=81.06;sscore=-8.47;rscore=-15.61;uscore=3.22;tscore=3.92;
NODE_5_length_328887_cov_107.457170	Prodigal_v2.6.3	CDS	283965	284693	111.4	-	0	ID=5_272;partial=00;start_type=ATG;rbs_motif=GGAGG;rbs_spacer=5-10bp;gc_cont=0.462;conf=100.00;score=111.40;cscore=89.84;sscore=21.56;rscore=16.07;uscore=0.28;tscore=3.92;
NODE_5_length_328887_cov_107.457170	Prodigal_v2.6.3	CDS	284693	285985	182.7	-	0	ID=5_273;partial=00;start_type=ATG;rbs_motif=GGAGG;rbs_spacer=5-10bp;gc_cont=0.470;conf=99.99;score=182.72;cscore=161.43;sscore=21.29;rscore=16.07;uscore=-2.48;tscore=3.92;
NODE_5_length_328887_cov_107.457170	Prodigal_v2.6.3	CDS	285982	287244	170.1	-	0	ID=5_274;partial=00;start_type=ATG;rbs_motif=AGGA;rbs_spacer=5-10bp;gc_cont=0.487;conf=100.00;score=170.11;cscore=159.54;sscore=10.57;rscore=7.02;uscore=-1.57;tscore=3.92;
NODE_5_length_328887_cov_107.457170	Prodigal_v2.6.3	CDS	287253	289574	251.8	-	0	ID=5_275;partial=00;start_type=ATG;rbs_motif=AGGAG;rbs_spacer=5-10bp;gc_cont=0.491;conf=99.99;score=251.78;cscore=234.02;sscore=17.76;rscore=15.31;uscore=-1.47;tscore=3.92;
NODE_5_length_328887_cov_107.457170	Prodigal_v2.6.3	CDS	289747	290157	67.2	-	0	ID=5_276;partial=00;start_type=ATG;rbs_motif=AGGAGG;rbs_spacer=5-10bp;gc_cont=0.440;conf=100.00;score=67.15;cscore=48.83;sscore=18.32;rscore=16.65;uscore=-2.26;tscore=3.92;
NODE_5_length_328887_cov_107.457170	Prodigal_v2.6.3	CDS	290284	290793	40.0	-	0	ID=5_277;partial=00;start_type=ATG;rbs_motif=GGA/GAG/AGG;rbs_spacer=5-10bp;gc_cont=0.449;conf=99.99;score=40.01;cscore=38.00;sscore=2.01;rscore=-1.95;uscore=0.70;tscore=3.92;
NODE_5_length_328887_cov_107.457170	Prodigal_v2.6.3	CDS	291048	291890	95.2	-	0	ID=5_278;partial=00;start_type=ATG;rbs_motif=AGGAGG;rbs_spacer=5-10bp;gc_cont=0.511;conf=100.00;score=95.17;cscore=72.78;sscore=22.39;rscore=16.65;uscore=2.47;tscore=3.92;
NODE_5_length_328887_cov_107.457170	Prodigal_v2.6.3	CDS	291956	292903	107.3	+	0	ID=5_279;partial=00;start_type=ATG;rbs_motif=AGGAG;rbs_spacer=5-10bp;gc_cont=0.451;conf=100.00;score=107.34;cscore=83.72;sscore=23.62;rscore=15.31;uscore=4.39;tscore=3.92;
NODE_5_length_328887_cov_107.457170	Prodigal_v2.6.3	CDS	293131	294120	136.7	+	0	ID=5_280;partial=00;start_type=ATG;rbs_motif=AGGA;rbs_spacer=5-10bp;gc_cont=0.468;conf=100.00;score=136.72;cscore=127.52;sscore=9.20;rscore=7.02;uscore=-1.10;tscore=3.92;
NODE_5_length_328887_cov_107.457170	Prodigal_v2.6.3	CDS	294248	294517	42.3	+	0	ID=5_281;partial=00;start_type=ATG;rbs_motif=AGGAG/GGAGG;rbs_spacer=11-12bp;gc_cont=0.481;conf=99.99;score=42.33;cscore=20.06;sscore=22.28;rscore=12.17;uscore=6.19;tscore=3.92;
NODE_5_length_328887_cov_107.457170	Prodigal_v2.6.3	CDS	294630	295007	60.3	-	0	ID=5_282;partial=00;start_type=ATG;rbs_motif=GGAGG;rbs_spacer=5-10bp;gc_cont=0.466;conf=100.00;score=60.34;cscore=36.79;sscore=23.55;rscore=16.07;uscore=4.21;tscore=3.92;
NODE_5_length_328887_cov_107.457170	Prodigal_v2.6.3	CDS	295279	296319	144.0	+	0	ID=5_283;partial=00;start_type=ATG;rbs_motif=AGGAG;rbs_spacer=5-10bp;gc_cont=0.473;conf=100.00;score=144.01;cscore=120.11;sscore=23.90;rscore=15.31;uscore=4.67;tscore=3.92;
NODE_5_length_328887_cov_107.457170	Prodigal_v2.6.3	CDS	296522	297340	89.2	+	0	ID=5_284;partial=00;start_type=ATG;rbs_motif=GGAGG;rbs_spacer=5-10bp;gc_cont=0.449;conf=100.00;score=89.22;cscore=67.11;sscore=22.11;rscore=16.07;uscore=2.77;tscore=3.92;
NODE_5_length_328887_cov_107.457170	Prodigal_v2.6.3	CDS	297362	297997	110.7	+	0	ID=5_285;partial=00;start_type=ATG;rbs_motif=GGAGG;rbs_spacer=5-10bp;gc_cont=0.478;conf=100.00;score=110.65;cscore=87.59;sscore=23.06;rscore=16.07;uscore=2.02;tscore=3.92;
NODE_5_length_328887_cov_107.457170	Prodigal_v2.6.3	CDS	298154	299212	143.5	+	0	ID=5_286;partial=00;start_type=ATG;rbs_motif=GGAG/GAGG;rbs_spacer=5-10bp;gc_cont=0.460;conf=100.00;score=143.52;cscore=125.36;sscore=18.16;rscore=10.35;uscore=3.88;tscore=3.92;
NODE_5_length_328887_cov_107.457170	Prodigal_v2.6.3	CDS	299321	300223	98.1	-	0	ID=5_287;partial=00;start_type=ATG;rbs_motif=GGAG/GAGG;rbs_spacer=5-10bp;gc_cont=0.486;conf=100.00;score=98.15;cscore=82.59;sscore=15.56;rscore=10.35;uscore=-1.30;tscore=3.92;
NODE_5_length_328887_cov_107.457170	Prodigal_v2.6.3	CDS	300223	301020	88.4	-	0	ID=5_288;partial=00;start_type=ATG;rbs_motif=AGGA;rbs_spacer=5-10bp;gc_cont=0.476;conf=100.00;score=88.37;cscore=74.14;sscore=14.23;rscore=7.02;uscore=2.02;tscore=3.92;
NODE_5_length_328887_cov_107.457170	Prodigal_v2.6.3	CDS	301022	301693	94.1	-	0	ID=5_289;partial=00;start_type=ATG;rbs_motif=GGAGG;rbs_spacer=5-10bp;gc_cont=0.439;conf=100.00;score=94.05;cscore=74.32;sscore=19.73;rscore=16.07;uscore=0.39;tscore=3.92;
NODE_5_length_328887_cov_107.457170	Prodigal_v2.6.3	CDS	301887	302480	83.8	+	0	ID=5_290;partial=00;start_type=ATG;rbs_motif=GGAGG;rbs_spacer=5-10bp;gc_cont=0.441;conf=100.00;score=83.81;cscore=66.29;sscore=17.52;rscore=16.07;uscore=-2.48;tscore=3.92;
NODE_5_length_328887_cov_107.457170	Prodigal_v2.6.3	CDS	302550	303185	57.9	+	0	ID=5_291;partial=00;start_type=GTG;rbs_motif=GGAGG;rbs_spacer=5-10bp;gc_cont=0.448;conf=100.00;score=57.86;cscore=44.65;sscore=13.21;rscore=16.07;uscore=1.51;tscore=-4.36;
NODE_5_length_328887_cov_107.457170	Prodigal_v2.6.3	CDS	303375	304430	74.7	-	0	ID=5_292;partial=00;start_type=ATG;rbs_motif=GGAG/GAGG;rbs_spacer=5-10bp;gc_cont=0.491;conf=100.00;score=74.71;cscore=61.61;sscore=13.10;rscore=10.35;uscore=-1.17;tscore=3.92;
NODE_5_length_328887_cov_107.457170	Prodigal_v2.6.3	CDS	304540	305883	192.2	-	0	ID=5_293;partial=00;start_type=ATG;rbs_motif=AGGAG;rbs_spacer=5-10bp;gc_cont=0.502;conf=99.99;score=192.17;cscore=172.58;sscore=19.58;rscore=15.31;uscore=-0.40;tscore=3.92;
NODE_5_length_328887_cov_107.457170	Prodigal_v2.6.3	CDS	305932	306198	37.0	-	0	ID=5_294;partial=00;start_type=ATG;rbs_motif=AGGA/GGAG/GAGG;rbs_spacer=11-12bp;gc_cont=0.404;conf=99.98;score=37.05;cscore=27.54;sscore=9.51;rscore=5.64;uscore=0.59;tscore=3.92;
NODE_5_length_328887_cov_107.457170	Prodigal_v2.6.3	CDS	306389	307717	156.7	+	0	ID=5_295;partial=00;start_type=ATG;rbs_motif=GGAGG;rbs_spacer=5-10bp;gc_cont=0.470;conf=100.00;score=156.72;cscore=134.37;sscore=22.35;rscore=16.07;uscore=2.35;tscore=3.92;
NODE_5_length_328887_cov_107.457170	Prodigal_v2.6.3	CDS	307851	309056	159.6	-	0	ID=5_296;partial=00;start_type=ATG;rbs_motif=AGxAGG/AGGxGG;rbs_spacer=5-10bp;gc_cont=0.493;conf=100.00;score=159.61;cscore=140.99;sscore=18.61;rscore=11.15;uscore=3.54;tscore=3.92;
NODE_5_length_328887_cov_107.457170	Prodigal_v2.6.3	CDS	309037	309150	2.6	-	0	ID=5_297;partial=00;start_type=ATG;rbs_motif=GGAG/GAGG;rbs_spacer=5-10bp;gc_cont=0.465;conf=64.39;score=2.58;cscore=-2.98;sscore=5.56;rscore=4.60;uscore=0.37;tscore=1.74;
NODE_5_length_328887_cov_107.457170	Prodigal_v2.6.3	CDS	309399	309872	68.9	-	0	ID=5_298;partial=00;start_type=ATG;rbs_motif=GGAGG;rbs_spacer=5-10bp;gc_cont=0.443;conf=100.00;score=68.90;cscore=46.90;sscore=22.00;rscore=16.07;uscore=2.01;tscore=3.92;
NODE_5_length_328887_cov_107.457170	Prodigal_v2.6.3	CDS	309969	311528	181.8	-	0	ID=5_299;partial=00;start_type=ATG;rbs_motif=AGGAGG;rbs_spacer=5-10bp;gc_cont=0.483;conf=99.99;score=181.81;cscore=161.04;sscore=20.77;rscore=16.65;uscore=-0.79;tscore=3.92;
NODE_5_length_328887_cov_107.457170	Prodigal_v2.6.3	CDS	311556	313067	170.5	-	0	ID=5_300;partial=00;start_type=ATG;rbs_motif=GGA/GAG/AGG;rbs_spacer=5-10bp;gc_cont=0.476;conf=100.00;score=170.49;cscore=167.97;sscore=2.52;rscore=-1.95;uscore=1.20;tscore=3.92;
NODE_5_length_328887_cov_107.457170	Prodigal_v2.6.3	CDS	313531	314034	47.0	+	0	ID=5_301;partial=00;start_type=ATG;rbs_motif=GGAGG;rbs_spacer=5-10bp;gc_cont=0.482;conf=100.00;score=46.99;cscore=30.19;sscore=16.80;rscore=16.07;uscore=-3.19;tscore=3.92;
NODE_5_length_328887_cov_107.457170	Prodigal_v2.6.3	CDS	314031	314852	114.3	+	0	ID=5_302;partial=00;start_type=ATG;rbs_motif=AGxAGG/AGGxGG;rbs_spacer=5-10bp;gc_cont=0.524;conf=100.00;score=114.29;cscore=94.56;sscore=19.73;rscore=11.15;uscore=3.36;tscore=3.92;
NODE_5_length_328887_cov_107.457170	Prodigal_v2.6.3	CDS	314969	315184	4.0	-	0	ID=5_303;partial=00;start_type=ATG;rbs_motif=GGA/GAG/AGG;rbs_spacer=5-10bp;gc_cont=0.407;conf=71.50;score=4.00;cscore=0.85;sscore=3.15;rscore=-2.29;uscore=2.10;tscore=3.34;
NODE_5_length_328887_cov_107.457170	Prodigal_v2.6.3	CDS	315327	316037	74.4	-	0	ID=5_304;partial=00;start_type=ATG;rbs_motif=None;rbs_spacer=None;gc_cont=0.478;conf=100.00;score=74.36;cscore=84.04;sscore=-9.68;rscore=-15.61;uscore=0.77;tscore=3.92;
NODE_5_length_328887_cov_107.457170	Prodigal_v2.6.3	CDS	316042	317685	184.8	-	0	ID=5_305;partial=00;start_type=ATG;rbs_motif=AGGAG;rbs_spacer=5-10bp;gc_cont=0.468;conf=99.99;score=184.80;cscore=164.90;sscore=19.91;rscore=15.31;uscore=1.33;tscore=3.92;
NODE_5_length_328887_cov_107.457170	Prodigal_v2.6.3	CDS	317952	320363	332.3	-	0	ID=5_306;partial=00;start_type=ATG;rbs_motif=GGAGG;rbs_spacer=5-10bp;gc_cont=0.471;conf=99.99;score=332.34;cscore=310.55;sscore=21.79;rscore=16.07;uscore=2.44;tscore=3.92;
NODE_5_length_328887_cov_107.457170	Prodigal_v2.6.3	CDS	320817	321500	56.4	+	0	ID=5_307;partial=00;start_type=GTG;rbs_motif=AGGAGG;rbs_spacer=5-10bp;gc_cont=0.458;conf=100.00;score=56.37;cscore=45.29;sscore=11.07;rscore=16.65;uscore=-1.22;tscore=-4.36;
NODE_5_length_328887_cov_107.457170	Prodigal_v2.6.3	CDS	321601	322326	106.4	-	0	ID=5_308;partial=00;start_type=ATG;rbs_motif=AGxAGG/AGGxGG;rbs_spacer=5-10bp;gc_cont=0.471;conf=100.00;score=106.43;cscore=86.69;sscore=19.74;rscore=11.15;uscore=3.37;tscore=3.92;
NODE_5_length_328887_cov_107.457170	Prodigal_v2.6.3	CDS	322323	323801	157.3	-	0	ID=5_309;partial=00;start_type=ATG;rbs_motif=GGA/GAG/AGG;rbs_spacer=5-10bp;gc_cont=0.463;conf=100.00;score=157.26;cscore=150.59;sscore=6.67;rscore=-1.95;uscore=5.35;tscore=3.92;
NODE_5_length_328887_cov_107.457170	Prodigal_v2.6.3	CDS	324043	324513	56.8	+	0	ID=5_310;partial=00;start_type=ATG;rbs_motif=GGAG/GAGG;rbs_spacer=5-10bp;gc_cont=0.452;conf=100.00;score=56.80;cscore=40.80;sscore=15.99;rscore=10.35;uscore=1.72;tscore=3.92;
NODE_5_length_328887_cov_107.457170	Prodigal_v2.6.3	CDS	324609	326102	166.4	-	0	ID=5_311;partial=00;start_type=ATG;rbs_motif=AGxAGG/AGGxGG;rbs_spacer=5-10bp;gc_cont=0.467;conf=100.00;score=166.42;cscore=153.54;sscore=12.88;rscore=11.15;uscore=-2.20;tscore=3.92;
NODE_5_length_328887_cov_107.457170	Prodigal_v2.6.3	CDS	326216	327400	182.0	-	0	ID=5_312;partial=00;start_type=ATG;rbs_motif=AGxAGG/AGGxGG;rbs_spacer=5-10bp;gc_cont=0.479;conf=99.99;score=181.99;cscore=163.00;sscore=18.99;rscore=11.15;uscore=4.57;tscore=3.92;
NODE_5_length_328887_cov_107.457170	Prodigal_v2.6.3	CDS	327581	328228	55.3	+	0	ID=5_313;partial=00;start_type=TTG;rbs_motif=AGGA;rbs_spacer=5-10bp;gc_cont=0.441;conf=100.00;score=55.34;cscore=53.03;sscore=2.31;rscore=7.02;uscore=2.78;tscore=-7.50;
# Sequence Data: seqnum=6;seqlen=211744;seqhdr="NODE_6_length_211744_cov_108.724426"
# Model Data: version=Prodigal.v2.6.3;run_type=Single;model="Ab initio";gc_cont=46.10;transl_table=11;uses_sd=1
NODE_6_length_211744_cov_108.724426	Prodigal_v2.6.3	CDS	175	2310	209.1	+	0	ID=6_1;partial=00;start_type=GTG;rbs_motif=None;rbs_spacer=None;gc_cont=0.440;conf=99.99;score=209.06;cscore=228.62;sscore=-19.56;rscore=-15.61;uscore=0.41;tscore=-4.36;
NODE_6_length_211744_cov_108.724426	Prodigal_v2.6.3	CDS	2357	3163	87.2	+	0	ID=6_2;partial=00;start_type=ATG;rbs_motif=AGGAG;rbs_spacer=5-10bp;gc_cont=0.472;conf=100.00;score=87.18;cscore=64.29;sscore=22.90;rscore=15.31;uscore=2.89;tscore=3.92;
NODE_6_length_211744_cov_108.724426	Prodigal_v2.6.3	CDS	3224	3844	77.4	+	0	ID=6_3;partial=00;start_type=ATG;rbs_motif=GGA/GAG/AGG;rbs_spacer=11-12bp;gc_cont=0.530;conf=100.00;score=77.42;cscore=80.64;sscore=-3.22;rscore=-4.11;uscore=-3.03;tscore=3.92;
NODE_6_length_211744_cov_108.724426	Prodigal_v2.6.3	CDS	4167	4979	98.1	+	0	ID=6_4;partial=00;start_type=TTG;rbs_motif=AGGAG;rbs_spacer=5-10bp;gc_cont=0.520;conf=100.00;score=98.10;cscore=91.64;sscore=6.45;rscore=15.31;uscore=-0.70;tscore=-7.50;
NODE_6_length_211744_cov_108.724426	Prodigal_v2.6.3	CDS	5666	6271	66.7	-	0	ID=6_5;partial=00;start_type=ATG;rbs_motif=GGxGG;rbs_spacer=5-10bp;gc_cont=0.513;conf=100.00;score=66.73;cscore=59.10;sscore=7.63;rscore=3.18;uscore=1.18;tscore=3.92;
NODE_6_length_211744_cov_108.724426	Prodigal_v2.6.3	CDS	6697	7287	65.7	+	0	ID=6_6;partial=00;start_type=ATG;rbs_motif=GGAG/GAGG;rbs_spacer=5-10bp;gc_cont=0.503;conf=100.00;score=65.75;cscore=49.37;sscore=16.38;rscore=10.35;uscore=2.10;tscore=3.92;
NODE_6_length_211744_cov_108.724426	Prodigal_v2.6.3	CDS	7328	9910	347.2	+	0	ID=6_7;partial=00;start_type=ATG;rbs_motif=AGGAGG;rbs_spacer=5-10bp;gc_cont=0.496;conf=99.99;score=347.18;cscore=322.52;sscore=24.67;rscore=16.65;uscore=3.25;tscore=3.92;
NODE_6_length_211744_cov_108.724426	Prodigal_v2.6.3	CDS	10257	11003	73.0	-	0	ID=6_8;partial=00;start_type=ATG;rbs_motif=GGA/GAG/AGG;rbs_spacer=5-10bp;gc_cont=0.485;conf=100.00;score=73.05;cscore=67.00;sscore=6.05;rscore=-1.95;uscore=4.73;tscore=3.92;
NODE_6_length_211744_cov_108.724426	Prodigal_v2.6.3	CDS	11281	12024	56.0	-	0	ID=6_9;partial=00;start_type=ATG;rbs_motif=GGA/GAG/AGG;rbs_spacer=5-10bp;gc_cont=0.499;conf=100.00;score=55.99;cscore=53.10;sscore=2.89;rscore=-1.95;uscore=0.92;tscore=3.92;
NODE_6_length_211744_cov_108.724426	Prodigal_v2.6.3	CDS	12087	14309	231.7	-	0	ID=6_10;partial=00;start_type=ATG;rbs_motif=GGxGG;rbs_spacer=5-10bp;gc_cont=0.503;conf=99.99;score=231.74;cscore=227.78;sscore=3.96;rscore=3.18;uscore=-2.49;tscore=3.92;
NODE_6_length_211744_cov_108.724426	Prodigal_v2.6.3	CDS	15174	16598	184.2	+	0	ID=6_11;partial=00;start_type=ATG;rbs_motif=GGAG/GAGG;rbs_spacer=5-10bp;gc_cont=0.494;conf=99.99;score=184.23;cscore=167.02;sscore=17.21;rscore=10.35;uscore=2.93;tscore=3.92;
NODE_6_length_211744_cov_108.724426	Prodigal_v2.6.3	CDS	16595	16801	3.2	+	0	ID=6_12;partial=00;start_type=TTG;rbs_motif=GGA/GAG/AGG;rbs_spacer=5-10bp;gc_cont=0.488;conf=67.61;score=3.20;cscore=11.10;sscore=-7.90;rscore=-2.40;uscore=-2.21;tscore=-9.19;
NODE_6_length_211744_cov_108.724426	Prodigal_v2.6.3	CDS	16773	17183	48.0	+	0	ID=6_13;partial=00;start_type=ATG;rbs_motif=AGGAGG;rbs_spacer=5-10bp;gc_cont=0.521;conf=100.00;score=47.98;cscore=25.24;sscore=22.74;rscore=16.65;uscore=2.16;tscore=3.92;
NODE_6_length_211744_cov_108.724426	Prodigal_v2.6.3	CDS	17293	18393	155.9	+	0	ID=6_14;partial=00;start_type=ATG;rbs_motif=AGGAGG;rbs_spacer=5-10bp;gc_cont=0.501;conf=100.00;score=155.92;cscore=133.78;sscore=22.14;rscore=16.65;uscore=1.56;tscore=3.92;
NODE_6_length_211744_cov_108.724426	Prodigal_v2.6.3	CDS	18450	18785	60.7	+	0	ID=6_15;partial=00;start_type=ATG;rbs_motif=AGGAG;rbs_spacer=5-10bp;gc_cont=0.509;conf=100.00;score=60.69;cscore=39.34;sscore=21.35;rscore=15.31;uscore=1.46;tscore=3.92;
NODE_6_length_211744_cov_108.724426	Prodigal_v2.6.3	CDS	19037	19603	99.8	-	0	ID=6_16;partial=00;start_type=ATG;rbs_motif=GGAGG;rbs_spacer=5-10bp;gc_cont=0.480;conf=100.00;score=99.75;cscore=76.49;sscore=23.26;rscore=16.07;uscore=3.92;tscore=3.92;
NODE_6_length_211744_cov_108.724426	Prodigal_v2.6.3	CDS	20074	20856	96.4	+	0	ID=6_17;partial=00;start_type=ATG;rbs_motif=AGGAGG;rbs_spacer=5-10bp;gc_cont=0.488;conf=100.00;score=96.40;cscore=71.73;sscore=24.67;rscore=16.65;uscore=4.09;tscore=3.92;
NODE_6_length_211744_cov_108.724426	Prodigal_v2.6.3	CDS	20853	22337	182.1	+	0	ID=6_18;partial=00;start_type=ATG;rbs_motif=AGGAGG;rbs_spacer=5-10bp;gc_cont=0.495;conf=99.99;score=182.06;cscore=159.71;sscore=22.34;rscore=16.65;uscore=0.47;tscore=3.92;
NODE_6_length_211744_cov_108.724426	Prodigal_v2.6.3	CDS	22330	23037	99.4	+	0	ID=6_19;partial=00;start_type=ATG;rbs_motif=GGAGG;rbs_spacer=5-10bp;gc_cont=0.514;conf=100.00;score=99.39;cscore=78.72;sscore=20.68;rscore=16.07;uscore=-0.57;tscore=3.92;
NODE_6_length_211744_cov_108.724426	Prodigal_v2.6.3	CDS	24257	24820	91.4	+	0	ID=6_20;partial=00;start_type=ATG;rbs_motif=AGGAG;rbs_spacer=5-10bp;gc_cont=0.486;conf=100.00;score=91.44;cscore=72.02;sscore=19.41;rscore=15.31;uscore=0.83;tscore=3.92;
NODE_6_length_211744_cov_108.724426	Prodigal_v2.6.3	CDS	25048	26478	120.1	+	0	ID=6_21;partial=00;start_type=ATG;rbs_motif=GGA/GAG/AGG;rbs_spacer=5-10bp;gc_cont=0.495;conf=100.00;score=120.13;cscore=117.31;sscore=2.82;rscore=-1.95;uscore=1.51;tscore=3.92;
NODE_6_length_211744_cov_108.724426	Prodigal_v2.6.3	CDS	26910	28532	200.1	+	0	ID=6_22;partial=00;start_type=ATG;rbs_motif=AGGAGG;rbs_spacer=5-10bp;gc_cont=0.461;conf=99.99;score=200.13;cscore=179.95;sscore=20.18;rscore=16.65;uscore=0.25;tscore=3.92;
NODE_6_length_211744_cov_108.724426	Prodigal_v2.6.3	CDS	28707	29630	110.1	+	0	ID=6_23;partial=00;start_type=ATG;rbs_motif=AGGAG;rbs_spacer=5-10bp;gc_cont=0.484;conf=100.00;score=110.10;cscore=91.55;sscore=18.55;rscore=15.31;uscore=-0.68;tscore=3.92;
NODE_6_length_211744_cov_108.724426	Prodigal_v2.6.3	CDS	29630	30628	133.3	+	0	ID=6_24;partial=00;start_type=ATG;rbs_motif=GGAGG;rbs_spacer=5-10bp;gc_cont=0.481;conf=100.00;score=133.33;cscore=112.06;sscore=21.28;rscore=16.07;uscore=-0.86;tscore=3.92;
NODE_6_length_211744_cov_108.724426	Prodigal_v2.6.3	CDS	30640	31692	158.0	+	0	ID=6_25;partial=00;start_type=ATG;rbs_motif=AGGAGG;rbs_spacer=5-10bp;gc_cont=0.490;conf=100.00;score=158.04;cscore=138.01;sscore=20.03;rscore=16.65;uscore=-1.70;tscore=3.92;
NODE_6_length_211744_cov_108.724426	Prodigal_v2.6.3	CDS	31694	32671	141.4	+	0	ID=6_26;partial=00;start_type=GTG;rbs_motif=AGxAGG/AGGxGG;rbs_spacer=5-10bp;gc_cont=0.486;conf=100.00;score=141.39;cscore=128.86;sscore=12.53;rscore=11.15;uscore=4.48;tscore=-4.36;
NODE_6_length_211744_cov_108.724426	Prodigal_v2.6.3	CDS	32980	33618	83.4	+	0	ID=6_27;partial=00;start_type=ATG;rbs_motif=AGGAG;rbs_spacer=5-10bp;gc_cont=0.520;conf=100.00;score=83.45;cscore=63.66;sscore=19.78;rscore=15.31;uscore=1.21;tscore=3.92;
NODE_6_length_211744_cov_108.724426	Prodigal_v2.6.3	CDS	33878	34189	37.6	+	0	ID=6_28;partial=00;start_type=ATG;rbs_motif=AGxAGG/AGGxGG;rbs_spacer=5-10bp;gc_cont=0.474;conf=99.98;score=37.58;cscore=20.66;sscore=16.92;rscore=11.15;uscore=2.50;tscore=3.92;
NODE_6_length_211744_cov_108.724426	Prodigal_v2.6.3	CDS	34474	34698	35.2	+	0	ID=6_29;partial=00;start_type=ATG;rbs_motif=AGGAG;rbs_spacer=5-10bp;gc_cont=0.476;conf=99.97;score=35.23;cscore=15.51;sscore=19.73;rscore=13.59;uscore=3.30;tscore=3.49;
NODE_6_length_211744_cov_108.724426	Prodigal_v2.6.3	CDS	34695	35408	97.1	+	0	ID=6_30;partial=00;start_type=ATG;rbs_motif=None;rbs_spacer=None;gc_cont=0.567;conf=100.00;score=97.09;cscore=91.87;sscore=5.22;rscore=-15.61;uscore=-0.20;tscore=3.92;
NODE_6_length_211744_cov_108.724426	Prodigal_v2.6.3	CDS	35520	36020	58.2	+	0	ID=6_31;partial=00;start_type=ATG;rbs_motif=AGGAG;rbs_spacer=5-10bp;gc_cont=0.523;conf=100.00;score=58.22;cscore=40.48;sscore=17.74;rscore=15.31;uscore=-1.49;tscore=3.92;
NODE_6_length_211744_cov_108.724426	Prodigal_v2.6.3	CDS	36303	37022	87.1	-	0	ID=6_32;partial=00;start_type=ATG;rbs_motif=GGxGG;rbs_spacer=11-12bp;gc_cont=0.499;conf=100.00;score=87.12;cscore=85.60;sscore=1.52;rscore=-5.13;uscore=3.37;tscore=3.92;
NODE_6_length_211744_cov_108.724426	Prodigal_v2.6.3	CDS	37379	38359	97.9	+	0	ID=6_33;partial=00;start_type=TTG;rbs_motif=AGGAG/GGAGG;rbs_spacer=11-12bp;gc_cont=0.424;conf=100.00;score=97.89;cscore=91.60;sscore=6.29;rscore=12.17;uscore=1.62;tscore=-7.50;
NODE_6_length_211744_cov_108.724426	Prodigal_v2.6.3	CDS	38757	39668	100.3	+	0	ID=6_34;partial=00;start_type=ATG;rbs_motif=AGxAGG/AGGxGG;rbs_spacer=11-12bp;gc_cont=0.413;conf=100.00;score=100.28;cscore=90.13;sscore=10.15;rscore=5.02;uscore=1.86;tscore=3.92;
NODE_6_length_211744_cov_108.724426	Prodigal_v2.6.3	CDS	39682	40434	78.5	+	0	ID=6_35;partial=00;start_type=ATG;rbs_motif=AGGAG;rbs_spacer=5-10bp;gc_cont=0.429;conf=100.00;score=78.50;cscore=60.58;sscore=17.92;rscore=15.31;uscore=-2.45;tscore=3.92;
NODE_6_length_211744_cov_108.724426	Prodigal_v2.6.3	CDS	40517	41641	144.5	+	0	ID=6_36;partial=00;start_type=ATG;rbs_motif=GGxGG;rbs_spacer=5-10bp;gc_cont=0.398;conf=100.00;score=144.50;cscore=133.67;sscore=10.83;rscore=3.18;uscore=3.73;tscore=3.92;
NODE_6_length_211744_cov_108.724426	Prodigal_v2.6.3	CDS	41729	43126	76.8	+	0	ID=6_37;partial=00;start_type=ATG;rbs_motif=None;rbs_spacer=None;gc_cont=0.402;conf=100.00;score=76.82;cscore=85.36;sscore=-8.54;rscore=-15.61;uscore=3.14;tscore=3.92;
NODE_6_length_211744_cov_108.724426	Prodigal_v2.6.3	CDS	43191	44558	71.8	+	0	ID=6_38;partial=00;start_type=ATG;rbs_motif=AGGAG;rbs_spacer=5-10bp;gc_cont=0.363;conf=100.00;score=71.82;cscore=47.91;sscore=23.92;rscore=15.31;uscore=4.68;tscore=3.92;
NODE_6_length_211744_cov_108.724426	Prodigal_v2.6.3	CDS	44613	45677	35.7	+	0	ID=6_39;partial=00;start_type=ATG;rbs_motif=GGxGG;rbs_spacer=5-10bp;gc_cont=0.409;conf=99.97;score=35.69;cscore=25.93;sscore=9.76;rscore=3.18;uscore=1.97;tscore=3.92;
NODE_6_length_211744_cov_108.724426	Prodigal_v2.6.3	CDS	45718	46854	64.6	+	0	ID=6_40;partial=00;start_type=TTG;rbs_motif=AGGAGG;rbs_spacer=5-10bp;gc_cont=0.376;conf=100.00;score=64.63;cscore=55.43;sscore=9.20;rscore=16.65;uscore=-0.80;tscore=-7.50;
NODE_6_length_211744_cov_108.724426	Prodigal_v2.6.3	CDS	46869	47960	70.9	+	0	ID=6_41;partial=00;start_type=GTG;rbs_motif=AGGAG;rbs_spacer=5-10bp;gc_cont=0.364;conf=100.00;score=70.87;cscore=53.93;sscore=16.94;rscore=15.31;uscore=4.87;tscore=-4.36;
NODE_6_length_211744_cov_108.724426	Prodigal_v2.6.3	CDS	48054	48851	63.5	+	0	ID=6_42;partial=00;start_type=ATG;rbs_motif=AGGAG;rbs_spacer=5-10bp;gc_cont=0.376;conf=100.00;score=63.47;cscore=42.26;sscore=21.21;rscore=15.31;uscore=1.98;tscore=3.92;
NODE_6_length_211744_cov_108.724426	Prodigal_v2.6.3	CDS	48943	49971	28.3	+	0	ID=6_43;partial=00;start_type=TTG;rbs_motif=GGA/GAG/AGG;rbs_spacer=5-10bp;gc_cont=0.323;conf=99.85;score=28.31;cscore=36.82;sscore=-8.51;rscore=-1.95;uscore=0.94;tscore=-7.50;
NODE_6_length_211744_cov_108.724426	Prodigal_v2.6.3	CDS	49968	50378	2.7	+	0	ID=6_44;partial=00;start_type=TTG;rbs_motif=3Base/5BMM;rbs_spacer=13-15bp;gc_cont=0.414;conf=65.11;score=2.71;cscore=4.68;sscore=-1.97;rscore=-11.64;uscore=4.24;tscore=-7.50;
NODE_6_length_211744_cov_108.724426	Prodigal_v2.6.3	CDS	50587	51255	67.6	+	0	ID=6_45;partial=00;start_type=TTG;rbs_motif=GGAGG;rbs_spacer=5-10bp;gc_cont=0.430;conf=100.00;score=67.56;cscore=57.65;sscore=9.91;rscore=16.07;uscore=1.99;tscore=-7.50;
NODE_6_length_211744_cov_108.724426	Prodigal_v2.6.3	CDS	51438	52331	111.8	-	0	ID=6_46;partial=00;start_type=ATG;rbs_motif=GGAG/GAGG;rbs_spacer=5-10bp;gc_cont=0.450;conf=100.00;score=111.76;cscore=96.10;sscore=15.65;rscore=10.35;uscore=2.03;tscore=3.92;
NODE_6_length_211744_cov_108.724426	Prodigal_v2.6.3	CDS	52509	53273	78.2	+	0	ID=6_47;partial=00;start_type=ATG;rbs_motif=GGA/GAG/AGG;rbs_spacer=5-10bp;gc_cont=0.488;conf=100.00;score=78.22;cscore=74.45;sscore=3.77;rscore=-1.95;uscore=1.81;tscore=3.92;
NODE_6_length_211744_cov_108.724426	Prodigal_v2.6.3	CDS	53638	55788	350.2	+	0	ID=6_48;partial=00;start_type=ATG;rbs_motif=AGGAGG;rbs_spacer=5-10bp;gc_cont=0.472;conf=99.99;score=350.23;cscore=330.48;sscore=19.74;rscore=16.65;uscore=-0.18;tscore=3.92;
NODE_6_length_211744_cov_108.724426	Prodigal_v2.6.3	CDS	56421	56822	33.9	+	0	ID=6_49;partial=00;start_type=ATG;rbs_motif=GGAG/GAGG;rbs_spacer=5-10bp;gc_cont=0.488;conf=99.96;score=33.91;cscore=20.81;sscore=13.10;rscore=10.35;uscore=-0.53;tscore=3.92;
NODE_6_length_211744_cov_108.724426	Prodigal_v2.6.3	CDS	57254	59185	225.8	+	0	ID=6_50;partial=00;start_type=ATG;rbs_motif=AGGA;rbs_spacer=5-10bp;gc_cont=0.481;conf=99.99;score=225.81;cscore=213.13;sscore=12.68;rscore=7.02;uscore=2.38;tscore=3.92;
NODE_6_length_211744_cov_108.724426	Prodigal_v2.6.3	CDS	59652	60482	89.5	+	0	ID=6_51;partial=00;start_type=ATG;rbs_motif=GGxGG;rbs_spacer=3-4bp;gc_cont=0.504;conf=100.00;score=89.50;cscore=84.84;sscore=4.66;rscore=-1.23;uscore=2.62;tscore=3.92;
NODE_6_length_211744_cov_108.724426	Prodigal_v2.6.3	CDS	61072	62484	161.5	-	0	ID=6_52;partial=00;start_type=ATG;rbs_motif=GGAGG;rbs_spacer=5-10bp;gc_cont=0.480;conf=100.00;score=161.51;cscore=142.72;sscore=18.78;rscore=16.07;uscore=-1.21;tscore=3.92;
NODE_6_length_211744_cov_108.724426	Prodigal_v2.6.3	CDS	62574	62714	0.1	-	0	ID=6_53;partial=00;start_type=ATG;rbs_motif=AGxAGG/AGGxGG;rbs_spacer=5-10bp;gc_cont=0.376;conf=50.58;score=0.10;cscore=-7.35;sscore=7.46;rscore=6.15;uscore=0.29;tscore=2.17;
NODE_6_length_211744_cov_108.724426	Prodigal_v2.6.3	CDS	63089	63991	71.7	+	0	ID=6_54;partial=00;start_type=ATG;rbs_motif=GGAG/GAGG;rbs_spacer=5-10bp;gc_cont=0.522;conf=100.00;score=71.72;cscore=56.54;sscore=15.18;rscore=10.35;uscore=0.90;tscore=3.92;
NODE_6_length_211744_cov_108.724426	Prodigal_v2.6.3	CDS	64258	65289	143.9	-	0	ID=6_55;partial=00;start_type=ATG;rbs_motif=GGAGG;rbs_spacer=5-10bp;gc_cont=0.495;conf=100.00;score=143.86;cscore=122.13;sscore=21.73;rscore=16.07;uscore=2.39;tscore=3.92;
NODE_6_length_211744_cov_108.724426	Prodigal_v2.6.3	CDS	65666	67765	249.1	+	0	ID=6_56;partial=00;start_type=ATG;rbs_motif=GGAG/GAGG;rbs_spacer=5-10bp;gc_cont=0.492;conf=99.99;score=249.06;cscore=233.96;sscore=15.10;rscore=10.35;uscore=0.83;tscore=3.92;
NODE_6_length_211744_cov_108.724426	Prodigal_v2.6.3	CDS	67762	68904	149.2	+	0	ID=6_57;partial=00;start_type=ATG;rbs_motif=None;rbs_spacer=None;gc_cont=0.463;conf=100.00;score=149.19;cscore=143.98;sscore=5.22;rscore=-15.61;uscore=-3.12;tscore=3.92;
NODE_6_length_211744_cov_108.724426	Prodigal_v2.6.3	CDS	68901	70070	159.9	+	0	ID=6_58;partial=00;start_type=ATG;rbs_motif=AGGA;rbs_spacer=5-10bp;gc_cont=0.482;conf=100.00;score=159.92;cscore=146.58;sscore=13.33;rscore=7.02;uscore=1.09;tscore=3.92;
NODE_6_length_211744_cov_108.724426	Prodigal_v2.6.3	CDS	70063	71508	211.1	+	0	ID=6_59;partial=00;start_type=GTG;rbs_motif=AGxAGG/AGGxGG;rbs_spacer=5-10bp;gc_cont=0.468;conf=99.99;score=211.10;cscore=204.53;sscore=6.57;rscore=11.15;uscore=-1.47;tscore=-4.36;
NODE_6_length_211744_cov_108.724426	Prodigal_v2.6.3	CDS	71724	74132	323.6	+	0	ID=6_60;partial=00;start_type=ATG;rbs_motif=GGAG/GAGG;rbs_spacer=5-10bp;gc_cont=0.478;conf=99.99;score=323.65;cscore=308.29;sscore=15.36;rscore=10.35;uscore=1.73;tscore=3.92;
NODE_6_length_211744_cov_108.724426	Prodigal_v2.6.3	CDS	74382	76160	218.4	+	0	ID=6_61;partial=00;start_type=ATG;rbs_motif=GGAGG;rbs_spacer=5-10bp;gc_cont=0.487;conf=99.99;score=218.38;cscore=199.08;sscore=19.30;rscore=16.07;uscore=-0.04;tscore=3.92;
NODE_6_length_211744_cov_108.724426	Prodigal_v2.6.3	CDS	76608	77537	130.2	-	0	ID=6_62;partial=00;start_type=ATG;rbs_motif=GGAGG;rbs_spacer=5-10bp;gc_cont=0.510;conf=100.00;score=130.23;cscore=110.37;sscore=19.85;rscore=16.07;uscore=0.51;tscore=3.92;
NODE_6_length_211744_cov_108.724426	Prodigal_v2.6.3	CDS	77712	78047	48.9	+	0	ID=6_63;partial=00;start_type=ATG;rbs_motif=AGGAGG;rbs_spacer=5-10bp;gc_cont=0.443;conf=100.00;score=48.93;cscore=27.72;sscore=21.21;rscore=16.65;uscore=0.64;tscore=3.92;
NODE_6_length_211744_cov_108.724426	Prodigal_v2.6.3	CDS	78222	79166	133.6	+	0	ID=6_64;partial=00;start_type=ATG;rbs_motif=AGGAGG;rbs_spacer=5-10bp;gc_cont=0.502;conf=100.00;score=133.63;cscore=108.86;sscore=24.78;rscore=16.65;uscore=4.20;tscore=3.92;
NODE_6_length_211744_cov_108.724426	Prodigal_v2.6.3	CDS	79700	80974	174.6	+	0	ID=6_65;partial=00;start_type=ATG;rbs_motif=GGAGG;rbs_spacer=5-10bp;gc_cont=0.482;conf=100.00;score=174.60;cscore=154.34;sscore=20.26;rscore=16.07;uscore=0.92;tscore=3.92;
NODE_6_length_211744_cov_108.724426	Prodigal_v2.6.3	CDS	81282	82499	144.6	+	0	ID=6_66;partial=00;start_type=ATG;rbs_motif=AGGAG/GGAGG;rbs_spacer=11-12bp;gc_cont=0.469;conf=100.00;score=144.61;cscore=127.57;sscore=17.04;rscore=12.17;uscore=1.60;tscore=3.92;
NODE_6_length_211744_cov_108.724426	Prodigal_v2.6.3	CDS	82606	83013	61.7	+	0	ID=6_67;partial=00;start_type=ATG;rbs_motif=AGxAGG/AGGxGG;rbs_spacer=5-10bp;gc_cont=0.466;conf=100.00;score=61.69;cscore=41.83;sscore=19.86;rscore=11.15;uscore=4.78;tscore=3.92;
NODE_6_length_211744_cov_108.724426	Prodigal_v2.6.3	CDS	83130	83732	87.8	+	0	ID=6_68;partial=00;start_type=ATG;rbs_motif=AGGAGG;rbs_spacer=5-10bp;gc_cont=0.463;conf=100.00;score=87.75;cscore=64.58;sscore=23.17;rscore=16.65;uscore=2.59;tscore=3.92;
NODE_6_length_211744_cov_108.724426	Prodigal_v2.6.3	CDS	83802	83915	7.1	-	0	ID=6_69;partial=00;start_type=ATG;rbs_motif=AGGAGG;rbs_spacer=5-10bp;gc_cont=0.465;conf=83.62;score=7.09;cscore=-2.04;sscore=9.13;rscore=7.39;uscore=1.15;tscore=1.74;
NODE_6_length_211744_cov_108.724426	Prodigal_v2.6.3	CDS	84024	84470	42.4	+	0	ID=6_70;partial=00;start_type=ATG;rbs_motif=AGGAG;rbs_spacer=5-10bp;gc_cont=0.432;conf=99.99;score=42.35;cscore=22.26;sscore=20.09;rscore=15.31;uscore=0.86;tscore=3.92;
NODE_6_length_211744_cov_108.724426	Prodigal_v2.6.3	CDS	84762	85202	32.1	+	0	ID=6_71;partial=00;start_type=ATG;rbs_motif=AGGAG;rbs_spacer=5-10bp;gc_cont=0.483;conf=99.94;score=32.14;cscore=10.09;sscore=22.06;rscore=15.31;uscore=3.48;tscore=3.92;
NODE_6_length_211744_cov_108.724426	Prodigal_v2.6.3	CDS	85223	86209	119.3	+	0	ID=6_72;partial=00;start_type=ATG;rbs_motif=AGGA;rbs_spacer=5-10bp;gc_cont=0.494;conf=100.00;score=119.26;cscore=109.47;sscore=9.79;rscore=7.02;uscore=-2.21;tscore=3.92;
NODE_6_length_211744_cov_108.724426	Prodigal_v2.6.3	CDS	86626	87363	110.9	+	0	ID=6_73;partial=00;start_type=ATG;rbs_motif=AGGAGG;rbs_spacer=5-10bp;gc_cont=0.442;conf=100.00;score=110.90;cscore=88.66;sscore=22.23;rscore=16.65;uscore=2.31;tscore=3.92;
NODE_6_length_211744_cov_108.724426	Prodigal_v2.6.3	CDS	87491	88315	126.1	+	0	ID=6_74;partial=00;start_type=ATG;rbs_motif=AGGAGG;rbs_spacer=5-10bp;gc_cont=0.465;conf=100.00;score=126.05;cscore=105.95;sscore=20.10;rscore=16.65;uscore=-0.48;tscore=3.92;
NODE_6_length_211744_cov_108.724426	Prodigal_v2.6.3	CDS	88317	88961	89.4	+	0	ID=6_75;partial=00;start_type=ATG;rbs_motif=AGGAGG;rbs_spacer=5-10bp;gc_cont=0.471;conf=100.00;score=89.44;cscore=67.90;sscore=21.54;rscore=16.65;uscore=-0.30;tscore=3.92;
NODE_6_length_211744_cov_108.724426	Prodigal_v2.6.3	CDS	88977	89639	86.7	+	0	ID=6_76;partial=00;start_type=ATG;rbs_motif=AGGAG;rbs_spacer=5-10bp;gc_cont=0.471;conf=100.00;score=86.74;cscore=65.26;sscore=21.48;rscore=15.31;uscore=1.14;tscore=3.92;
NODE_6_length_211744_cov_108.724426	Prodigal_v2.6.3	CDS	89798	90733	107.4	+	0	ID=6_77;partial=00;start_type=TTG;rbs_motif=GGAGG;rbs_spacer=5-10bp;gc_cont=0.485;conf=100.00;score=107.42;cscore=95.56;sscore=11.86;rscore=16.07;uscore=3.29;tscore=-7.50;
NODE_6_length_211744_cov_108.724426	Prodigal_v2.6.3	CDS	90818	91573	74.9	+	0	ID=6_78;partial=00;start_type=TTG;rbs_motif=AGGAG;rbs_spacer=5-10bp;gc_cont=0.440;conf=100.00;score=74.89;cscore=65.09;sscore=9.80;rscore=15.31;uscore=2.00;tscore=-7.50;
NODE_6_length_211744_cov_108.724426	Prodigal_v2.6.3	CDS	91595	92335	82.7	+	0	ID=6_79;partial=00;start_type=ATG;rbs_motif=GGAG/GAGG;rbs_spacer=5-10bp;gc_cont=0.424;conf=100.00;score=82.70;cscore=66.87;sscore=15.83;rscore=10.35;uscore=0.51;tscore=3.92;
NODE_6_length_211744_cov_108.724426	Prodigal_v2.6.3	CDS	92466	93866	166.7	+	0	ID=6_80;partial=00;start_type=ATG;rbs_motif=GGAG/GAGG;rbs_spacer=5-10bp;gc_cont=0.407;conf=100.00;score=166.70;cscore=149.99;sscore=16.72;rscore=10.35;uscore=2.44;tscore=3.92;
NODE_6_length_211744_cov_108.724426	Prodigal_v2.6.3	CDS	94009	94875	89.5	+	0	ID=6_81;partial=00;start_type=ATG;rbs_motif=GGAGG;rbs_spacer=5-10bp;gc_cont=0.469;conf=100.00;score=89.52;cscore=66.49;sscore=23.02;rscore=16.07;uscore=3.03;tscore=3.92;
NODE_6_length_211744_cov_108.724426	Prodigal_v2.6.3	CDS	95137	96279	136.0	+	0	ID=6_82;partial=00;start_type=TTG;rbs_motif=GGAG/GAGG;rbs_spacer=5-10bp;gc_cont=0.444;conf=100.00;score=135.98;cscore=129.87;sscore=6.11;rscore=10.35;uscore=3.91;tscore=-7.50;
NODE_6_length_211744_cov_108.724426	Prodigal_v2.6.3	CDS	96351	97343	111.8	+	0	ID=6_83;partial=00;start_type=ATG;rbs_motif=AGGAGG;rbs_spacer=5-10bp;gc_cont=0.425;conf=100.00;score=111.78;cscore=90.44;sscore=21.34;rscore=16.65;uscore=0.76;tscore=3.92;
NODE_6_length_211744_cov_108.724426	Prodigal_v2.6.3	CDS	97471	98511	80.7	-	0	ID=6_84;partial=00;start_type=ATG;rbs_motif=GGAGG;rbs_spacer=5-10bp;gc_cont=0.410;conf=100.00;score=80.68;cscore=58.51;sscore=22.17;rscore=16.07;uscore=2.83;tscore=3.92;
NODE_6_length_211744_cov_108.724426	Prodigal_v2.6.3	CDS	98762	100249	141.8	+	0	ID=6_85;partial=00;start_type=ATG;rbs_motif=AGGA/GGAG/GAGG;rbs_spacer=11-12bp;gc_cont=0.395;conf=100.00;score=141.75;cscore=131.05;sscore=10.70;rscore=5.64;uscore=1.13;tscore=3.92;
NODE_6_length_211744_cov_108.724426	Prodigal_v2.6.3	CDS	100388	102469	239.7	+	0	ID=6_86;partial=00;start_type=ATG;rbs_motif=AGGAG;rbs_spacer=5-10bp;gc_cont=0.451;conf=99.99;score=239.73;cscore=216.66;sscore=23.08;rscore=15.31;uscore=3.85;tscore=3.92;
NODE_6_length_211744_cov_108.724426	Prodigal_v2.6.3	CDS	102665	104404	149.6	+	0	ID=6_87;partial=00;start_type=ATG;rbs_motif=GGAG/GAGG;rbs_spacer=5-10bp;gc_cont=0.423;conf=100.00;score=149.57;cscore=131.81;sscore=17.76;rscore=10.35;uscore=4.14;tscore=3.92;
NODE_6_length_211744_cov_108.724426	Prodigal_v2.6.3	CDS	104559	106232	86.2	-	0	ID=6_88;partial=00;start_type=ATG;rbs_motif=GGxGG;rbs_spacer=5-10bp;gc_cont=0.400;conf=100.00;score=86.25;cscore=78.25;sscore=7.99;rscore=3.18;uscore=1.55;tscore=3.92;
NODE_6_length_211744_cov_108.724426	Prodigal_v2.6.3	CDS	106643	107608	106.3	+	0	ID=6_89;partial=00;start_type=ATG;rbs_motif=AGGAG;rbs_spacer=5-10bp;gc_cont=0.413;conf=100.00;score=106.34;cscore=88.97;sscore=17.38;rscore=15.31;uscore=-1.86;tscore=3.92;
NODE_6_length_211744_cov_108.724426	Prodigal_v2.6.3	CDS	107663	108799	134.1	+	0	ID=6_90;partial=00;start_type=ATG;rbs_motif=GGAG/GAGG;rbs_spacer=5-10bp;gc_cont=0.419;conf=100.00;score=134.13;cscore=117.25;sscore=16.88;rscore=10.35;uscore=1.92;tscore=3.92;
NODE_6_length_211744_cov_108.724426	Prodigal_v2.6.3	CDS	108814	110253	96.5	+	0	ID=6_91;partial=00;start_type=TTG;rbs_motif=GGAG/GAGG;rbs_spacer=5-10bp;gc_cont=0.427;conf=100.00;score=96.52;cscore=90.54;sscore=5.98;rscore=10.35;uscore=2.01;tscore=-7.50;
NODE_6_length_211744_cov_108.724426	Prodigal_v2.6.3	CDS	110497	111189	72.9	+	0	ID=6_92;partial=00;start_type=ATG;rbs_motif=GGAG/GAGG;rbs_spacer=5-10bp;gc_cont=0.414;conf=100.00;score=72.88;cscore=56.79;sscore=16.10;rscore=10.35;uscore=2.47;tscore=3.92;
NODE_6_length_211744_cov_108.724426	Prodigal_v2.6.3	CDS	111247	111882	86.2	+	0	ID=6_93;partial=00;start_type=ATG;rbs_motif=AGGAG;rbs_spacer=5-10bp;gc_cont=0.478;conf=100.00;score=86.24;cscore=64.20;sscore=22.03;rscore=15.31;uscore=2.15;tscore=3.92;
NODE_6_length_211744_cov_108.724426	Prodigal_v2.6.3	CDS	111960	113009	81.2	+	0	ID=6_94;partial=00;start_type=GTG;rbs_motif=AGGAG;rbs_spacer=5-10bp;gc_cont=0.423;conf=100.00;score=81.21;cscore=69.29;sscore=11.92;rscore=15.31;uscore=0.98;tscore=-4.36;
NODE_6_length_211744_cov_108.724426	Prodigal_v2.6.3	CDS	113297	115621	232.1	+	0	ID=6_95;partial=00;start_type=GTG;rbs_motif=GGAGG;rbs_spacer=5-10bp;gc_cont=0.406;conf=99.99;score=232.06;cscore=223.73;sscore=8.33;rscore=16.07;uscore=-2.72;tscore=-4.36;
NODE_6_length_211744_cov_108.724426	Prodigal_v2.6.3	CDS	115931	116929	105.8	+	0	ID=6_96;partial=00;start_type=ATG;rbs_motif=GGAG/GAGG;rbs_spacer=5-10bp;gc_cont=0.506;conf=100.00;score=105.82;cscore=89.78;sscore=16.04;rscore=10.35;uscore=2.42;tscore=3.92;
NODE_6_length_211744_cov_108.724426	Prodigal_v2.6.3	CDS	117067	118362	162.9	-	0	ID=6_97;partial=00;start_type=ATG;rbs_motif=GGA/GAG/AGG;rbs_spacer=5-10bp;gc_cont=0.504;conf=100.00;score=162.90;cscore=165.45;sscore=-2.55;rscore=-1.95;uscore=-4.52;tscore=3.92;
NODE_6_length_211744_cov_108.724426	Prodigal_v2.6.3	CDS	118500	119381	116.0	-	0	ID=6_98;partial=00;start_type=ATG;rbs_motif=AGGAGG;rbs_spacer=5-10bp;gc_cont=0.508;conf=100.00;score=115.96;cscore=92.37;sscore=23.59;rscore=16.65;uscore=3.01;tscore=3.92;
NODE_6_length_211744_cov_108.724426	Prodigal_v2.6.3	CDS	119517	121172	173.5	-	0	ID=6_99;partial=00;start_type=ATG;rbs_motif=AGGAG;rbs_spacer=5-10bp;gc_cont=0.475;conf=100.00;score=173.53;cscore=154.42;sscore=19.11;rscore=15.31;uscore=0.53;tscore=3.92;
NODE_6_length_211744_cov_108.724426	Prodigal_v2.6.3	CDS	121473	122231	116.2	+	0	ID=6_100;partial=00;start_type=ATG;rbs_motif=GGAGG;rbs_spacer=5-10bp;gc_cont=0.457;conf=100.00;score=116.22;cscore=92.13;sscore=24.09;rscore=16.07;uscore=4.10;tscore=3.92;
NODE_6_length_211744_cov_108.724426	Prodigal_v2.6.3	CDS	122244	124052	210.6	+	0	ID=6_101;partial=00;start_type=ATG;rbs_motif=GGA/GAG/AGG;rbs_spacer=5-10bp;gc_cont=0.464;conf=99.99;score=210.61;cscore=207.05;sscore=3.56;rscore=-1.95;uscore=0.45;tscore=3.92;
NODE_6_length_211744_cov_108.724426	Prodigal_v2.6.3	CDS	124403	125062	87.1	-	0	ID=6_102;partial=00;start_type=ATG;rbs_motif=AGGAGG;rbs_spacer=11-12bp;gc_cont=0.467;conf=100.00;score=87.12;cscore=68.42;sscore=18.70;rscore=14.31;uscore=1.12;tscore=3.92;
NODE_6_length_211744_cov_108.724426	Prodigal_v2.6.3	CDS	125220	126185	123.3	+	0	ID=6_103;partial=00;start_type=ATG;rbs_motif=GGAGG;rbs_spacer=5-10bp;gc_cont=0.497;conf=100.00;score=123.29;cscore=104.08;sscore=19.21;rscore=16.07;uscore=-0.79;tscore=3.92;
NODE_6_length_211744_cov_108.724426	Prodigal_v2.6.3	CDS	126172	127524	171.6	+	0	ID=6_104;partial=00;start_type=ATG;rbs_motif=GGAGG;rbs_spacer=5-10bp;gc_cont=0.497;conf=100.00;score=171.56;cscore=150.26;sscore=21.30;rscore=16.07;uscore=0.12;tscore=3.92;
NODE_6_length_211744_cov_108.724426	Prodigal_v2.6.3	CDS	127635	128096	63.2	-	0	ID=6_105;partial=00;start_type=ATG;rbs_motif=AGGAG;rbs_spacer=5-10bp;gc_cont=0.487;conf=100.00;score=63.19;cscore=44.60;sscore=18.58;rscore=15.31;uscore=-1.30;tscore=3.92;
NODE_6_length_211744_cov_108.724426	Prodigal_v2.6.3	CDS	128154	129059	107.8	-	0	ID=6_106;partial=00;start_type=ATG;rbs_motif=GGA/GAG/AGG;rbs_spacer=5-10bp;gc_cont=0.468;conf=100.00;score=107.85;cscore=102.39;sscore=5.46;rscore=-1.95;uscore=2.82;tscore=3.92;
NODE_6_length_211744_cov_108.724426	Prodigal_v2.6.3	CDS	129115	130944	229.4	-	0	ID=6_107;partial=00;start_type=ATG;rbs_motif=GGAGG;rbs_spacer=5-10bp;gc_cont=0.475;conf=99.99;score=229.42;cscore=211.44;sscore=17.98;rscore=16.07;uscore=-1.37;tscore=3.92;
NODE_6_length_211744_cov_108.724426	Prodigal_v2.6.3	CDS	131016	131210	15.1	+	0	ID=6_108;partial=00;start_type=ATG;rbs_motif=AGGA;rbs_spacer=5-10bp;gc_cont=0.446;conf=97.00;score=15.12;cscore=4.11;sscore=11.01;rscore=5.39;uscore=2.60;tscore=3.01;
NODE_6_length_211744_cov_108.724426	Prodigal_v2.6.3	CDS	132171	134462	283.5	+	0	ID=6_109;partial=00;start_type=GTG;rbs_motif=GGA/GAG/AGG;rbs_spacer=5-10bp;gc_cont=0.478;conf=99.99;score=283.51;cscore=288.06;sscore=-4.55;rscore=-1.95;uscore=2.42;tscore=-4.36;
NODE_6_length_211744_cov_108.724426	Prodigal_v2.6.3	CDS	134467	134943	63.7	+	0	ID=6_110;partial=00;start_type=ATG;rbs_motif=GGAG/GAGG;rbs_spacer=5-10bp;gc_cont=0.524;conf=100.00;score=63.67;cscore=48.25;sscore=15.42;rscore=10.35;uscore=-0.08;tscore=3.92;
NODE_6_length_211744_cov_108.724426	Prodigal_v2.6.3	CDS	135118	135693	71.9	-	0	ID=6_111;partial=00;start_type=ATG;rbs_motif=AGGAG;rbs_spacer=5-10bp;gc_cont=0.448;conf=100.00;score=71.86;cscore=48.80;sscore=23.06;rscore=15.31;uscore=4.48;tscore=3.92;
NODE_6_length_211744_cov_108.724426	Prodigal_v2.6.3	CDS	136141	137550	167.2	+	0	ID=6_112;partial=00;start_type=TTG;rbs_motif=AGxAGG/AGGxGG;rbs_spacer=5-10bp;gc_cont=0.494;conf=100.00;score=167.22;cscore=161.20;sscore=6.01;rscore=11.15;uscore=2.36;tscore=-7.50;
NODE_6_length_211744_cov_108.724426	Prodigal_v2.6.3	CDS	137614	137904	26.6	-	0	ID=6_113;partial=00;start_type=ATG;rbs_motif=AGGAGG;rbs_spacer=5-10bp;gc_cont=0.467;conf=99.78;score=26.65;cscore=7.08;sscore=19.56;rscore=16.65;uscore=-1.79;tscore=3.92;
NODE_6_length_211744_cov_108.724426	Prodigal_v2.6.3	CDS	137951	138313	41.0	-	0	ID=6_114;partial=00;start_type=ATG;rbs_motif=GGAGG;rbs_spacer=5-10bp;gc_cont=0.488;conf=99.99;score=41.03;cscore=22.70;sscore=18.33;rscore=16.07;uscore=-1.01;tscore=3.92;
NODE_6_length_211744_cov_108.724426	Prodigal_v2.6.3	CDS	138469	139395	102.2	+	0	ID=6_115;partial=00;start_type=ATG;rbs_motif=AGGA/GGAG/GAGG;rbs_spacer=11-12bp;gc_cont=0.465;conf=100.00;score=102.22;cscore=89.36;sscore=12.86;rscore=5.64;uscore=3.29;tscore=3.92;
NODE_6_length_211744_cov_108.724426	Prodigal_v2.6.3	CDS	139568	141121	205.7	+	0	ID=6_116;partial=00;start_type=GTG;rbs_motif=AGGA/GGAG/GAGG;rbs_spacer=11-12bp;gc_cont=0.515;conf=99.99;score=205.71;cscore=201.81;sscore=3.90;rscore=5.64;uscore=2.62;tscore=-4.36;
NODE_6_length_211744_cov_108.724426	Prodigal_v2.6.3	CDS	141331	142095	35.8	-	0	ID=6_117;partial=00;start_type=ATG;rbs_motif=GGA/GAG/AGG;rbs_spacer=5-10bp;gc_cont=0.335;conf=99.97;score=35.79;cscore=35.98;sscore=-0.19;rscore=-1.95;uscore=-1.51;tscore=3.92;
NODE_6_length_211744_cov_108.724426	Prodigal_v2.6.3	CDS	142944	144398	114.3	-	0	ID=6_118;partial=00;start_type=ATG;rbs_motif=GGAG/GAGG;rbs_spacer=5-10bp;gc_cont=0.365;conf=100.00;score=114.35;cscore=97.78;sscore=16.57;rscore=10.35;uscore=2.94;tscore=3.92;
NODE_6_length_211744_cov_108.724426	Prodigal_v2.6.3	CDS	145413	145553	3.3	+	0	ID=6_119;partial=00;start_type=ATG;rbs_motif=AGGA;rbs_spacer=5-10bp;gc_cont=0.454;conf=67.94;score=3.27;cscore=0.06;sscore=3.21;rscore=3.88;uscore=-2.84;tscore=2.17;
NODE_6_length_211744_cov_108.724426	Prodigal_v2.6.3	CDS	145652	145981	38.3	-	0	ID=6_120;partial=00;start_type=GTG;rbs_motif=AGxAGG/AGGxGG;rbs_spacer=5-10bp;gc_cont=0.461;conf=99.99;score=38.34;cscore=31.72;sscore=6.62;rscore=11.15;uscore=0.48;tscore=-4.36;
NODE_6_length_211744_cov_108.724426	Prodigal_v2.6.3	CDS	146682	148277	168.4	-	0	ID=6_121;partial=00;start_type=ATG;rbs_motif=AGGA;rbs_spacer=5-10bp;gc_cont=0.520;conf=100.00;score=168.43;cscore=155.61;sscore=12.82;rscore=7.02;uscore=2.53;tscore=3.92;
NODE_6_length_211744_cov_108.724426	Prodigal_v2.6.3	CDS	148590	149357	68.5	+	0	ID=6_122;partial=00;start_type=ATG;rbs_motif=AGGAG;rbs_spacer=5-10bp;gc_cont=0.487;conf=100.00;score=68.48;cscore=46.33;sscore=22.15;rscore=15.31;uscore=2.92;tscore=3.92;
NODE_6_length_211744_cov_108.724426	Prodigal_v2.6.3	CDS	149339	149545	2.3	-	0	ID=6_123;partial=00;start_type=ATG;rbs_motif=GGA/GAG/AGG;rbs_spacer=5-10bp;gc_cont=0.300;conf=63.17;score=2.35;cscore=2.25;sscore=0.10;rscore=-2.40;uscore=-1.90;tscore=3.20;
NODE_6_length_211744_cov_108.724426	Prodigal_v2.6.3	CDS	149532	150293	82.6	-	0	ID=6_124;partial=00;start_type=ATG;rbs_motif=GGAG/GAGG;rbs_spacer=5-10bp;gc_cont=0.495;conf=100.00;score=82.58;cscore=66.61;sscore=15.96;rscore=10.35;uscore=2.34;tscore=3.92;
NODE_6_length_211744_cov_108.724426	Prodigal_v2.6.3	CDS	150646	154068	452.7	+	0	ID=6_125;partial=00;start_type=ATG;rbs_motif=GGAGG;rbs_spacer=5-10bp;gc_cont=0.469;conf=99.99;score=452.68;cscore=430.22;sscore=22.46;rscore=16.07;uscore=2.47;tscore=3.92;
NODE_6_length_211744_cov_108.724426	Prodigal_v2.6.3	CDS	154217	154510	18.0	+	0	ID=6_126;partial=00;start_type=GTG;rbs_motif=GGA/GAG/AGG;rbs_spacer=5-10bp;gc_cont=0.432;conf=98.42;score=17.99;cscore=22.09;sscore=-4.10;rscore=-1.95;uscore=2.21;tscore=-4.36;
NODE_6_length_211744_cov_108.724426	Prodigal_v2.6.3	CDS	154602	155000	43.9	+	0	ID=6_127;partial=00;start_type=ATG;rbs_motif=GGA/GAG/AGG;rbs_spacer=5-10bp;gc_cont=0.451;conf=100.00;score=43.88;cscore=38.82;sscore=5.06;rscore=-1.95;uscore=3.09;tscore=3.92;
NODE_6_length_211744_cov_108.724426	Prodigal_v2.6.3	CDS	155151	155252	5.6	+	0	ID=6_128;partial=00;start_type=ATG;rbs_motif=GGAGG;rbs_spacer=5-10bp;gc_cont=0.490;conf=78.49;score=5.63;cscore=-2.35;sscore=7.98;rscore=6.36;uscore=0.56;tscore=1.55;
NODE_6_length_211744_cov_108.724426	Prodigal_v2.6.3	CDS	155424	157025	172.9	+	0	ID=6_129;partial=00;start_type=ATG;rbs_motif=GGA/GAG/AGG;rbs_spacer=5-10bp;gc_cont=0.469;conf=100.00;score=172.90;cscore=170.31;sscore=2.59;rscore=-1.95;uscore=0.62;tscore=3.92;
NODE_6_length_211744_cov_108.724426	Prodigal_v2.6.3	CDS	157015	158670	179.7	+	0	ID=6_130;partial=00;start_type=ATG;rbs_motif=AGxAGG/AGGxGG;rbs_spacer=5-10bp;gc_cont=0.478;conf=99.99;score=179.74;cscore=162.44;sscore=17.30;rscore=11.15;uscore=1.00;tscore=3.92;
NODE_6_length_211744_cov_108.724426	Prodigal_v2.6.3	CDS	158777	159040	28.1	+	0	ID=6_131;partial=00;start_type=ATG;rbs_motif=AGxAGG/AGGxGG;rbs_spacer=5-10bp;gc_cont=0.489;conf=99.84;score=28.12;cscore=11.58;sscore=16.54;rscore=11.15;uscore=1.46;tscore=3.92;
NODE_6_length_211744_cov_108.724426	Prodigal_v2.6.3	CDS	159252	159584	23.0	+	0	ID=6_132;partial=00;start_type=ATG;rbs_motif=GGA/GAG/AGG;rbs_spacer=5-10bp;gc_cont=0.456;conf=99.50;score=23.04;cscore=18.14;sscore=4.90;rscore=-1.95;uscore=3.58;tscore=3.92;
NODE_6_length_211744_cov_108.724426	Prodigal_v2.6.3	CDS	159581	160261	87.6	+	0	ID=6_133;partial=00;start_type=ATG;rbs_motif=AGGAGG;rbs_spacer=5-10bp;gc_cont=0.421;conf=100.00;score=87.57;cscore=65.70;sscore=21.87;rscore=16.65;uscore=-0.57;tscore=3.92;
NODE_6_length_211744_cov_108.724426	Prodigal_v2.6.3	CDS	160624	162294	171.2	+	0	ID=6_134;partial=00;start_type=ATG;rbs_motif=AGGA/GGAG/GAGG;rbs_spacer=11-12bp;gc_cont=0.463;conf=100.00;score=171.23;cscore=162.05;sscore=9.19;rscore=5.64;uscore=0.27;tscore=3.92;
NODE_6_length_211744_cov_108.724426	Prodigal_v2.6.3	CDS	162398	163351	101.1	+	0	ID=6_135;partial=00;start_type=ATG;rbs_motif=AGxAGG/AGGxGG;rbs_spacer=11-12bp;gc_cont=0.472;conf=100.00;score=101.11;cscore=90.45;sscore=10.66;rscore=5.02;uscore=1.71;tscore=3.92;
NODE_6_length_211744_cov_108.724426	Prodigal_v2.6.3	CDS	163476	164459	112.3	+	0	ID=6_136;partial=00;start_type=ATG;rbs_motif=AGGAGG;rbs_spacer=11-12bp;gc_cont=0.478;conf=100.00;score=112.32;cscore=91.26;sscore=21.06;rscore=14.31;uscore=2.82;tscore=3.92;
NODE_6_length_211744_cov_108.724426	Prodigal_v2.6.3	CDS	164563	164874	36.6	+	0	ID=6_137;partial=00;start_type=ATG;rbs_motif=AGGAGG;rbs_spacer=11-12bp;gc_cont=0.455;conf=99.98;score=36.61;cscore=16.11;sscore=20.50;rscore=14.31;uscore=2.26;tscore=3.92;
NODE_6_length_211744_cov_108.724426	Prodigal_v2.6.3	CDS	164924	166012	133.9	+	0	ID=6_138;partial=00;start_type=ATG;rbs_motif=AGGA;rbs_spacer=5-10bp;gc_cont=0.499;conf=100.00;score=133.91;cscore=121.81;sscore=12.11;rscore=7.02;uscore=0.42;tscore=3.92;
NODE_6_length_211744_cov_108.724426	Prodigal_v2.6.3	CDS	166009	166887	97.6	+	0	ID=6_139;partial=00;start_type=TTG;rbs_motif=GGAGG;rbs_spacer=5-10bp;gc_cont=0.493;conf=100.00;score=97.62;cscore=87.76;sscore=9.86;rscore=16.07;uscore=-1.84;tscore=-7.50;
NODE_6_length_211744_cov_108.724426	Prodigal_v2.6.3	CDS	166901	167461	52.7	+	0	ID=6_140;partial=00;start_type=GTG;rbs_motif=GGAG/GAGG;rbs_spacer=5-10bp;gc_cont=0.480;conf=100.00;score=52.66;cscore=46.64;sscore=6.02;rscore=10.35;uscore=-1.10;tscore=-4.36;
NODE_6_length_211744_cov_108.724426	Prodigal_v2.6.3	CDS	167529	168269	64.9	-	0	ID=6_141;partial=00;start_type=ATG;rbs_motif=AGGA/GGAG/GAGG;rbs_spacer=11-12bp;gc_cont=0.430;conf=100.00;score=64.87;cscore=51.12;sscore=13.75;rscore=5.64;uscore=2.89;tscore=3.92;
NODE_6_length_211744_cov_108.724426	Prodigal_v2.6.3	CDS	168266	168979	102.8	-	0	ID=6_142;partial=00;start_type=ATG;rbs_motif=AGGAGG;rbs_spacer=5-10bp;gc_cont=0.444;conf=100.00;score=102.79;cscore=79.48;sscore=23.31;rscore=16.65;uscore=1.51;tscore=3.92;
NODE_6_length_211744_cov_108.724426	Prodigal_v2.6.3	CDS	168969	169346	59.4	-	0	ID=6_143;partial=00;start_type=GTG;rbs_motif=AGGAGG;rbs_spacer=5-10bp;gc_cont=0.429;conf=100.00;score=59.40;cscore=44.56;sscore=14.84;rscore=16.65;uscore=3.20;tscore=-4.36;
NODE_6_length_211744_cov_108.724426	Prodigal_v2.6.3	CDS	169528	170379	76.6	+	0	ID=6_144;partial=00;start_type=ATG;rbs_motif=GGAG/GAGG;rbs_spacer=5-10bp;gc_cont=0.507;conf=100.00;score=76.60;cscore=61.56;sscore=15.04;rscore=10.35;uscore=0.76;tscore=3.92;
NODE_6_length_211744_cov_108.724426	Prodigal_v2.6.3	CDS	170464	171498	119.9	-	0	ID=6_145;partial=00;start_type=ATG;rbs_motif=GGA/GAG/AGG;rbs_spacer=11-12bp;gc_cont=0.465;conf=100.00;score=119.94;cscore=116.85;sscore=3.09;rscore=-4.11;uscore=3.28;tscore=3.92;
NODE_6_length_211744_cov_108.724426	Prodigal_v2.6.3	CDS	171618	172355	90.5	-	0	ID=6_146;partial=00;start_type=ATG;rbs_motif=GGAGG;rbs_spacer=5-10bp;gc_cont=0.550;conf=100.00;score=90.55;cscore=66.88;sscore=23.67;rscore=16.07;uscore=4.33;tscore=3.92;
NODE_6_length_211744_cov_108.724426	Prodigal_v2.6.3	CDS	172518	173927	120.7	+	0	ID=6_147;partial=00;start_type=ATG;rbs_motif=GGA/GAG/AGG;rbs_spacer=5-10bp;gc_cont=0.462;conf=100.00;score=120.68;cscore=118.08;sscore=2.61;rscore=-1.95;uscore=0.64;tscore=3.92;
NODE_6_length_211744_cov_108.724426	Prodigal_v2.6.3	CDS	174015	174653	82.7	-	0	ID=6_148;partial=00;start_type=ATG;rbs_motif=AGGA;rbs_spacer=5-10bp;gc_cont=0.466;conf=100.00;score=82.71;cscore=70.47;sscore=12.24;rscore=7.02;uscore=-0.66;tscore=3.92;
NODE_6_length_211744_cov_108.724426	Prodigal_v2.6.3	CDS	174650	176266	171.7	-	0	ID=6_149;partial=00;start_type=ATG;rbs_motif=GGA/GAG/AGG;rbs_spacer=5-10bp;gc_cont=0.513;conf=100.00;score=171.69;cscore=164.67;sscore=7.02;rscore=-1.95;uscore=3.86;tscore=3.92;
NODE_6_length_211744_cov_108.724426	Prodigal_v2.6.3	CDS	176253	177170	119.6	-	0	ID=6_150;partial=00;start_type=ATG;rbs_motif=AGGAGG;rbs_spacer=5-10bp;gc_cont=0.461;conf=100.00;score=119.57;cscore=97.43;sscore=22.14;rscore=16.65;uscore=2.21;tscore=3.92;
NODE_6_length_211744_cov_108.724426	Prodigal_v2.6.3	CDS	177443	178198	86.5	-	0	ID=6_151;partial=00;start_type=TTG;rbs_motif=AGGAG;rbs_spacer=5-10bp;gc_cont=0.503;conf=100.00;score=86.46;cscore=74.73;sscore=11.74;rscore=15.31;uscore=3.93;tscore=-7.50;
NODE_6_length_211744_cov_108.724426	Prodigal_v2.6.3	CDS	178292	179149	89.4	-	0	ID=6_152;partial=00;start_type=ATG;rbs_motif=AGGAGG;rbs_spacer=5-10bp;gc_cont=0.422;conf=100.00;score=89.39;cscore=67.52;sscore=21.87;rscore=16.65;uscore=-0.51;tscore=3.92;
NODE_6_length_211744_cov_108.724426	Prodigal_v2.6.3	CDS	179146	179484	44.6	-	0	ID=6_153;partial=00;start_type=ATG;rbs_motif=GGAGG;rbs_spacer=5-10bp;gc_cont=0.496;conf=100.00;score=44.64;cscore=23.71;sscore=20.93;rscore=16.07;uscore=1.59;tscore=3.92;
NODE_6_length_211744_cov_108.724426	Prodigal_v2.6.3	CDS	179747	180364	91.8	+	0	ID=6_154;partial=00;start_type=ATG;rbs_motif=GGAG/GAGG;rbs_spacer=5-10bp;gc_cont=0.485;conf=100.00;score=91.84;cscore=75.46;sscore=16.38;rscore=10.35;uscore=2.11;tscore=3.92;
NODE_6_length_211744_cov_108.724426	Prodigal_v2.6.3	CDS	180384	180878	52.4	-	0	ID=6_155;partial=00;start_type=ATG;rbs_motif=AGGAG;rbs_spacer=5-10bp;gc_cont=0.479;conf=100.00;score=52.35;cscore=34.93;sscore=17.42;rscore=15.31;uscore=-1.16;tscore=3.92;
NODE_6_length_211744_cov_108.724426	Prodigal_v2.6.3	CDS	180929	181492	47.2	+	0	ID=6_156;partial=00;start_type=ATG;rbs_motif=GGA/GAG/AGG;rbs_spacer=5-10bp;gc_cont=0.482;conf=100.00;score=47.19;cscore=43.05;sscore=4.14;rscore=-1.95;uscore=2.17;tscore=3.92;
NODE_6_length_211744_cov_108.724426	Prodigal_v2.6.3	CDS	181566	181823	42.5	+	0	ID=6_157;partial=00;start_type=ATG;rbs_motif=AGGAGG;rbs_spacer=5-10bp;gc_cont=0.453;conf=99.99;score=42.47;cscore=18.44;sscore=24.03;rscore=16.65;uscore=3.45;tscore=3.92;
NODE_6_length_211744_cov_108.724426	Prodigal_v2.6.3	CDS	182108	183457	175.5	+	0	ID=6_158;partial=00;start_type=ATG;rbs_motif=GGAG/GAGG;rbs_spacer=5-10bp;gc_cont=0.476;conf=100.00;score=175.53;cscore=158.19;sscore=17.35;rscore=10.35;uscore=3.72;tscore=3.92;
NODE_6_length_211744_cov_108.724426	Prodigal_v2.6.3	CDS	183556	183882	50.7	+	0	ID=6_159;partial=00;start_type=ATG;rbs_motif=AGGAGG;rbs_spacer=5-10bp;gc_cont=0.505;conf=100.00;score=50.74;cscore=28.99;sscore=21.76;rscore=16.65;uscore=1.18;tscore=3.92;
NODE_6_length_211744_cov_108.724426	Prodigal_v2.6.3	CDS	183888	184286	65.7	+	0	ID=6_160;partial=00;start_type=ATG;rbs_motif=AGxAGG/AGGxGG;rbs_spacer=5-10bp;gc_cont=0.541;conf=100.00;score=65.71;cscore=45.37;sscore=20.34;rscore=11.15;uscore=4.05;tscore=3.92;
NODE_6_length_211744_cov_108.724426	Prodigal_v2.6.3	CDS	184301	185425	152.4	+	0	ID=6_161;partial=00;start_type=ATG;rbs_motif=AGGAGG;rbs_spacer=5-10bp;gc_cont=0.468;conf=100.00;score=152.36;cscore=128.93;sscore=23.43;rscore=16.65;uscore=1.74;tscore=3.92;
NODE_6_length_211744_cov_108.724426	Prodigal_v2.6.3	CDS	185599	185742	25.2	+	0	ID=6_162;partial=00;start_type=ATG;rbs_motif=GGAGG;rbs_spacer=5-10bp;gc_cont=0.410;conf=99.70;score=25.21;cscore=12.99;sscore=12.23;rscore=9.06;uscore=0.95;tscore=2.21;
NODE_6_length_211744_cov_108.724426	Prodigal_v2.6.3	CDS	185744	186748	106.1	+	0	ID=6_163;partial=00;start_type=ATG;rbs_motif=None;rbs_spacer=None;gc_cont=0.494;conf=100.00;score=106.08;cscore=112.30;sscore=-6.22;rscore=-15.61;uscore=4.20;tscore=3.92;
NODE_6_length_211744_cov_108.724426	Prodigal_v2.6.3	CDS	186738	187043	52.0	+	0	ID=6_164;partial=00;start_type=ATG;rbs_motif=AGGAG;rbs_spacer=5-10bp;gc_cont=0.480;conf=100.00;score=52.00;cscore=26.19;sscore=25.80;rscore=15.31;uscore=5.35;tscore=3.92;
NODE_6_length_211744_cov_108.724426	Prodigal_v2.6.3	CDS	187031	187909	150.1	+	0	ID=6_165;partial=00;start_type=ATG;rbs_motif=GGAGG;rbs_spacer=5-10bp;gc_cont=0.488;conf=100.00;score=150.07;cscore=129.72;sscore=20.35;rscore=16.07;uscore=-0.84;tscore=3.92;
NODE_6_length_211744_cov_108.724426	Prodigal_v2.6.3	CDS	187909	189441	224.4	+	0	ID=6_166;partial=00;start_type=ATG;rbs_motif=GGAGG;rbs_spacer=5-10bp;gc_cont=0.473;conf=99.99;score=224.43;cscore=203.16;sscore=21.28;rscore=16.07;uscore=-0.04;tscore=3.92;
NODE_6_length_211744_cov_108.724426	Prodigal_v2.6.3	CDS	189434	189973	30.8	+	0	ID=6_167;partial=00;start_type=ATG;rbs_motif=None;rbs_spacer=None;gc_cont=0.515;conf=99.92;score=30.82;cscore=41.96;sscore=-11.15;rscore=-15.61;uscore=-0.72;tscore=3.92;
NODE_6_length_211744_cov_108.724426	Prodigal_v2.6.3	CDS	190219	191622	214.6	+	0	ID=6_168;partial=00;start_type=ATG;rbs_motif=AGGAGG;rbs_spacer=5-10bp;gc_cont=0.494;conf=99.99;score=214.59;cscore=193.13;sscore=21.46;rscore=16.65;uscore=1.54;tscore=3.92;
NODE_6_length_211744_cov_108.724426	Prodigal_v2.6.3	CDS	191759	192454	97.3	+	0	ID=6_169;partial=00;start_type=ATG;rbs_motif=AGxAGG/AGGxGG;rbs_spacer=5-10bp;gc_cont=0.434;conf=100.00;score=97.27;cscore=83.41;sscore=13.86;rscore=11.15;uscore=-1.22;tscore=3.92;
NODE_6_length_211744_cov_108.724426	Prodigal_v2.6.3	CDS	192447	193289	87.4	+	0	ID=6_170;partial=00;start_type=TTG;rbs_motif=GGA/GAG/AGG;rbs_spacer=5-10bp;gc_cont=0.527;conf=100.00;score=87.37;cscore=94.81;sscore=-7.44;rscore=-1.95;uscore=0.76;tscore=-7.50;
NODE_6_length_211744_cov_108.724426	Prodigal_v2.6.3	CDS	193243	193668	50.8	-	0	ID=6_171;partial=00;start_type=ATG;rbs_motif=GGAG/GAGG;rbs_spacer=5-10bp;gc_cont=0.467;conf=100.00;score=50.83;cscore=36.20;sscore=14.63;rscore=10.35;uscore=1.01;tscore=3.92;
NODE_6_length_211744_cov_108.724426	Prodigal_v2.6.3	CDS	193892	194473	59.2	+	0	ID=6_172;partial=00;start_type=ATG;rbs_motif=GGAG/GAGG;rbs_spacer=5-10bp;gc_cont=0.509;conf=100.00;score=59.20;cscore=45.31;sscore=13.89;rscore=10.35;uscore=-0.39;tscore=3.92;
NODE_6_length_211744_cov_108.724426	Prodigal_v2.6.3	CDS	194625	195434	107.6	-	0	ID=6_173;partial=00;start_type=ATG;rbs_motif=AGGAGG;rbs_spacer=11-12bp;gc_cont=0.459;conf=100.00;score=107.58;cscore=86.13;sscore=21.45;rscore=14.31;uscore=3.87;tscore=3.92;
NODE_6_length_211744_cov_108.724426	Prodigal_v2.6.3	CDS	195569	196450	91.3	+	0	ID=6_174;partial=00;start_type=ATG;rbs_motif=AGGA;rbs_spacer=5-10bp;gc_cont=0.474;conf=100.00;score=91.34;cscore=80.46;sscore=10.88;rscore=7.02;uscore=-0.07;tscore=3.92;
NODE_6_length_211744_cov_108.724426	Prodigal_v2.6.3	CDS	196554	197171	52.2	-	0	ID=6_175;partial=00;start_type=ATG;rbs_motif=GGA/GAG/AGG;rbs_spacer=5-10bp;gc_cont=0.461;conf=100.00;score=52.17;cscore=49.12;sscore=3.05;rscore=-1.95;uscore=1.73;tscore=3.92;
NODE_6_length_211744_cov_108.724426	Prodigal_v2.6.3	CDS	197389	197538	17.1	-	0	ID=6_176;partial=00;start_type=ATG;rbs_motif=GGAG/GAGG;rbs_spacer=5-10bp;gc_cont=0.447;conf=98.09;score=17.14;cscore=6.09;sscore=11.05;rscore=6.09;uscore=2.65;tscore=2.31;
NODE_6_length_211744_cov_108.724426	Prodigal_v2.6.3	CDS	197601	198176	79.1	-	0	ID=6_177;partial=00;start_type=ATG;rbs_motif=AGGAGG;rbs_spacer=5-10bp;gc_cont=0.441;conf=100.00;score=79.10;cscore=58.58;sscore=20.52;rscore=16.65;uscore=0.59;tscore=3.92;
NODE_6_length_211744_cov_108.724426	Prodigal_v2.6.3	CDS	198474	199508	95.1	-	0	ID=6_178;partial=00;start_type=ATG;rbs_motif=GGAGG;rbs_spacer=5-10bp;gc_cont=0.480;conf=100.00;score=95.12;cscore=78.07;sscore=17.06;rscore=16.07;uscore=-2.28;tscore=3.92;
NODE_6_length_211744_cov_108.724426	Prodigal_v2.6.3	CDS	200111	200635	62.7	+	0	ID=6_179;partial=00;start_type=ATG;rbs_motif=AGGAG;rbs_spacer=5-10bp;gc_cont=0.484;conf=100.00;score=62.72;cscore=45.63;sscore=17.09;rscore=15.31;uscore=-2.14;tscore=3.92;
NODE_6_length_211744_cov_108.724426	Prodigal_v2.6.3	CDS	200755	201306	79.6	+	0	ID=6_180;partial=00;start_type=ATG;rbs_motif=GGAGG;rbs_spacer=5-10bp;gc_cont=0.417;conf=100.00;score=79.62;cscore=55.92;sscore=23.70;rscore=16.07;uscore=3.71;tscore=3.92;
NODE_6_length_211744_cov_108.724426	Prodigal_v2.6.3	CDS	201618	203294	225.8	+	0	ID=6_181;partial=00;start_type=ATG;rbs_motif=AGGAGG;rbs_spacer=5-10bp;gc_cont=0.482;conf=99.99;score=225.76;cscore=202.95;sscore=22.80;rscore=16.65;uscore=2.88;tscore=3.92;
NODE_6_length_211744_cov_108.724426	Prodigal_v2.6.3	CDS	203353	204063	84.8	+	0	ID=6_182;partial=00;start_type=GTG;rbs_motif=AGGAGG;rbs_spacer=5-10bp;gc_cont=0.460;conf=100.00;score=84.82;cscore=72.86;sscore=11.96;rscore=16.65;uscore=-0.33;tscore=-4.36;
NODE_6_length_211744_cov_108.724426	Prodigal_v2.6.3	CDS	204148	204291	2.2	+	0	ID=6_183;partial=00;start_type=ATG;rbs_motif=AGGA/GGAG/GAGG;rbs_spacer=11-12bp;gc_cont=0.562;conf=62.38;score=2.20;cscore=-4.58;sscore=6.78;rscore=3.18;uscore=1.88;tscore=2.21;
NODE_6_length_211744_cov_108.724426	Prodigal_v2.6.3	CDS	204804	206258	160.4	+	0	ID=6_184;partial=00;start_type=TTG;rbs_motif=AGGAG;rbs_spacer=5-10bp;gc_cont=0.478;conf=100.00;score=160.40;cscore=152.74;sscore=7.67;rscore=15.31;uscore=0.51;tscore=-7.50;
NODE_6_length_211744_cov_108.724426	Prodigal_v2.6.3	CDS	206322	207851	170.0	-	0	ID=6_185;partial=00;start_type=ATG;rbs_motif=AGxAGG/AGGxGG;rbs_spacer=5-10bp;gc_cont=0.440;conf=100.00;score=169.99;cscore=153.04;sscore=16.94;rscore=11.15;uscore=2.52;tscore=3.92;
NODE_6_length_211744_cov_108.724426	Prodigal_v2.6.3	CDS	208112	209689	189.1	+	0	ID=6_186;partial=00;start_type=ATG;rbs_motif=GGxGG;rbs_spacer=5-10bp;gc_cont=0.442;conf=99.99;score=189.14;cscore=178.16;sscore=10.97;rscore=3.18;uscore=3.87;tscore=3.92;
NODE_6_length_211744_cov_108.724426	Prodigal_v2.6.3	CDS	210061	211344	174.6	+	0	ID=6_187;partial=00;start_type=ATG;rbs_motif=AGGAGG;rbs_spacer=5-10bp;gc_cont=0.450;conf=100.00;score=174.63;cscore=153.35;sscore=21.28;rscore=16.65;uscore=1.36;tscore=3.92;
# Sequence Data: seqnum=7;seqlen=113986;seqhdr="NODE_7_length_113986_cov_103.583132"
# Model Data: version=Prodigal.v2.6.3;run_type=Single;model="Ab initio";gc_cont=46.10;transl_table=11;uses_sd=1
NODE_7_length_113986_cov_103.583132	Prodigal_v2.6.3	CDS	1	114	4.4	+	0	ID=7_1;partial=10;start_type=Edge;rbs_motif=None;rbs_spacer=None;gc_cont=0.395;conf=73.16;score=4.36;cscore=1.14;sscore=3.22;rscore=0.00;uscore=0.00;tscore=3.22;
NODE_7_length_113986_cov_103.583132	Prodigal_v2.6.3	CDS	105	1322	156.1	-	0	ID=7_2;partial=00;start_type=ATG;rbs_motif=AGGAG/GGAGG;rbs_spacer=11-12bp;gc_cont=0.442;conf=100.00;score=156.13;cscore=138.33;sscore=17.80;rscore=12.17;uscore=0.50;tscore=3.92;
NODE_7_length_113986_cov_103.583132	Prodigal_v2.6.3	CDS	1329	3797	340.7	-	0	ID=7_3;partial=00;start_type=ATG;rbs_motif=AGGAGG;rbs_spacer=5-10bp;gc_cont=0.476;conf=99.99;score=340.75;cscore=320.12;sscore=20.63;rscore=16.65;uscore=-1.13;tscore=3.92;
NODE_7_length_113986_cov_103.583132	Prodigal_v2.6.3	CDS	3784	4452	97.4	-	0	ID=7_4;partial=00;start_type=ATG;rbs_motif=GGAG/GAGG;rbs_spacer=5-10bp;gc_cont=0.493;conf=100.00;score=97.37;cscore=81.40;sscore=15.97;rscore=10.35;uscore=0.82;tscore=3.92;
NODE_7_length_113986_cov_103.583132	Prodigal_v2.6.3	CDS	4490	5152	69.6	-	0	ID=7_5;partial=00;start_type=GTG;rbs_motif=GGA/GAG/AGG;rbs_spacer=5-10bp;gc_cont=0.477;conf=100.00;score=69.65;cscore=74.86;sscore=-5.21;rscore=-1.95;uscore=0.18;tscore=-4.36;
NODE_7_length_113986_cov_103.583132	Prodigal_v2.6.3	CDS	5184	5336	1.3	-	0	ID=7_6;partial=00;start_type=ATG;rbs_motif=AGGA/GGAG/GAGG;rbs_spacer=11-12bp;gc_cont=0.471;conf=57.26;score=1.27;cscore=-0.80;sscore=2.08;rscore=3.39;uscore=-2.51;tscore=2.35;
NODE_7_length_113986_cov_103.583132	Prodigal_v2.6.3	CDS	5707	6960	140.7	-	0	ID=7_7;partial=00;start_type=ATG;rbs_motif=GGAG/GAGG;rbs_spacer=5-10bp;gc_cont=0.494;conf=100.00;score=140.70;cscore=125.35;sscore=15.35;rscore=10.35;uscore=1.73;tscore=3.92;
NODE_7_length_113986_cov_103.583132	Prodigal_v2.6.3	CDS	7017	7232	1.1	+	0	ID=7_8;partial=00;start_type=GTG;rbs_motif=GGAG/GAGG;rbs_spacer=5-10bp;gc_cont=0.551;conf=56.08;score=1.06;cscore=-2.54;sscore=3.60;rscore=8.82;uscore=0.41;tscore=-5.12;
NODE_7_length_113986_cov_103.583132	Prodigal_v2.6.3	CDS	7410	9692	261.4	-	0	ID=7_9;partial=00;start_type=ATG;rbs_motif=GGAGG;rbs_spacer=5-10bp;gc_cont=0.467;conf=99.99;score=261.37;cscore=238.30;sscore=23.07;rscore=16.07;uscore=3.73;tscore=3.92;
NODE_7_length_113986_cov_103.583132	Prodigal_v2.6.3	CDS	9910	10251	47.8	-	0	ID=7_10;partial=00;start_type=ATG;rbs_motif=GGAGG;rbs_spacer=5-10bp;gc_cont=0.421;conf=100.00;score=47.82;cscore=29.62;sscore=18.20;rscore=16.07;uscore=-1.14;tscore=3.92;
NODE_7_length_113986_cov_103.583132	Prodigal_v2.6.3	CDS	10462	11625	147.1	-	0	ID=7_11;partial=00;start_type=ATG;rbs_motif=AGGAG/GGAGG;rbs_spacer=11-12bp;gc_cont=0.481;conf=100.00;score=147.12;cscore=130.47;sscore=16.66;rscore=12.17;uscore=-0.54;tscore=3.92;
NODE_7_length_113986_cov_103.583132	Prodigal_v2.6.3	CDS	11641	12351	100.6	-	0	ID=7_12;partial=00;start_type=TTG;rbs_motif=GGAG/GAGG;rbs_spacer=5-10bp;gc_cont=0.489;conf=100.00;score=100.64;cscore=93.74;sscore=6.90;rscore=10.35;uscore=4.05;tscore=-7.50;
NODE_7_length_113986_cov_103.583132	Prodigal_v2.6.3	CDS	12454	12714	38.9	-	0	ID=7_13;partial=00;start_type=ATG;rbs_motif=AGGAGG;rbs_spacer=5-10bp;gc_cont=0.464;conf=99.99;score=38.85;cscore=20.73;sscore=18.12;rscore=16.65;uscore=-2.46;tscore=3.92;
NODE_7_length_113986_cov_103.583132	Prodigal_v2.6.3	CDS	12826	13362	61.8	-	0	ID=7_14;partial=00;start_type=GTG;rbs_motif=AGGAGG;rbs_spacer=5-10bp;gc_cont=0.492;conf=100.00;score=61.78;cscore=49.09;sscore=12.69;rscore=16.65;uscore=1.06;tscore=-4.36;
NODE_7_length_113986_cov_103.583132	Prodigal_v2.6.3	CDS	13664	14326	79.5	+	0	ID=7_15;partial=00;start_type=GTG;rbs_motif=GGAG/GAGG;rbs_spacer=5-10bp;gc_cont=0.463;conf=100.00;score=79.51;cscore=68.73;sscore=10.78;rscore=10.35;uscore=4.79;tscore=-4.36;
NODE_7_length_113986_cov_103.583132	Prodigal_v2.6.3	CDS	14332	15534	170.3	+	0	ID=7_16;partial=00;start_type=GTG;rbs_motif=GGAG/GAGG;rbs_spacer=5-10bp;gc_cont=0.435;conf=100.00;score=170.29;cscore=161.44;sscore=8.85;rscore=10.35;uscore=1.65;tscore=-4.36;
NODE_7_length_113986_cov_103.583132	Prodigal_v2.6.3	CDS	15629	17065	149.6	-	0	ID=7_17;partial=00;start_type=GTG;rbs_motif=AGGAG;rbs_spacer=5-10bp;gc_cont=0.448;conf=100.00;score=149.61;cscore=136.93;sscore=12.68;rscore=15.31;uscore=2.39;tscore=-4.36;
NODE_7_length_113986_cov_103.583132	Prodigal_v2.6.3	CDS	17241	18146	112.6	+	0	ID=7_18;partial=00;start_type=ATG;rbs_motif=GGAGG;rbs_spacer=5-10bp;gc_cont=0.461;conf=100.00;score=112.58;cscore=91.19;sscore=21.39;rscore=16.07;uscore=1.40;tscore=3.92;
NODE_7_length_113986_cov_103.583132	Prodigal_v2.6.3	CDS	18284	18505	31.1	-	0	ID=7_19;partial=00;start_type=ATG;rbs_motif=AGxAGG/AGGxGG;rbs_spacer=5-10bp;gc_cont=0.473;conf=99.92;score=31.06;cscore=16.44;sscore=14.62;rscore=9.77;uscore=0.27;tscore=3.44;
NODE_7_length_113986_cov_103.583132	Prodigal_v2.6.3	CDS	18518	21304	378.3	-	0	ID=7_20;partial=00;start_type=GTG;rbs_motif=AGGAG;rbs_spacer=5-10bp;gc_cont=0.471;conf=99.99;score=378.25;cscore=364.58;sscore=13.67;rscore=15.31;uscore=3.38;tscore=-4.36;
NODE_7_length_113986_cov_103.583132	Prodigal_v2.6.3	CDS	21551	22336	123.1	-	0	ID=7_21;partial=00;start_type=ATG;rbs_motif=AGGAGG;rbs_spacer=5-10bp;gc_cont=0.473;conf=100.00;score=123.10;cscore=99.98;sscore=23.13;rscore=16.65;uscore=1.90;tscore=3.92;
NODE_7_length_113986_cov_103.583132	Prodigal_v2.6.3	CDS	22394	23173	73.0	-	0	ID=7_22;partial=00;start_type=ATG;rbs_motif=None;rbs_spacer=None;gc_cont=0.479;conf=100.00;score=72.99;cscore=81.25;sscore=-8.27;rscore=-15.61;uscore=2.21;tscore=3.92;
NODE_7_length_113986_cov_103.583132	Prodigal_v2.6.3	CDS	23180	23473	13.8	-	0	ID=7_23;partial=00;start_type=GTG;rbs_motif=GGAG/GAGG;rbs_spacer=5-10bp;gc_cont=0.381;conf=96.00;score=13.82;cscore=7.36;sscore=6.47;rscore=10.35;uscore=-0.67;tscore=-4.36;
NODE_7_length_113986_cov_103.583132	Prodigal_v2.6.3	CDS	23485	23940	68.4	-	0	ID=7_24;partial=00;start_type=ATG;rbs_motif=AGGAGG;rbs_spacer=5-10bp;gc_cont=0.471;conf=100.00;score=68.40;cscore=47.23;sscore=21.17;rscore=16.65;uscore=-0.50;tscore=3.92;
NODE_7_length_113986_cov_103.583132	Prodigal_v2.6.3	CDS	23958	25217	199.2	-	0	ID=7_25;partial=00;start_type=ATG;rbs_motif=AGGAGG;rbs_spacer=5-10bp;gc_cont=0.503;conf=99.99;score=199.20;cscore=179.54;sscore=19.65;rscore=16.65;uscore=-1.93;tscore=3.92;
NODE_7_length_113986_cov_103.583132	Prodigal_v2.6.3	CDS	25242	26588	189.8	-	0	ID=7_26;partial=00;start_type=ATG;rbs_motif=AGGAGG;rbs_spacer=5-10bp;gc_cont=0.491;conf=99.99;score=189.81;cscore=165.69;sscore=24.12;rscore=16.65;uscore=3.54;tscore=3.92;
NODE_7_length_113986_cov_103.583132	Prodigal_v2.6.3	CDS	26698	27561	67.3	-	0	ID=7_27;partial=00;start_type=GTG;rbs_motif=None;rbs_spacer=None;gc_cont=0.463;conf=100.00;score=67.34;cscore=70.41;sscore=-3.07;rscore=-15.61;uscore=-0.29;tscore=-4.36;
NODE_7_length_113986_cov_103.583132	Prodigal_v2.6.3	CDS	27558	28649	129.5	-	0	ID=7_28;partial=00;start_type=ATG;rbs_motif=GGA/GAG/AGG;rbs_spacer=5-10bp;gc_cont=0.477;conf=100.00;score=129.45;cscore=123.83;sscore=5.62;rscore=-1.95;uscore=2.38;tscore=3.92;
NODE_7_length_113986_cov_103.583132	Prodigal_v2.6.3	CDS	28650	30029	186.8	-	0	ID=7_29;partial=00;start_type=GTG;rbs_motif=AGxAGG/AGGxGG;rbs_spacer=5-10bp;gc_cont=0.475;conf=99.99;score=186.84;cscore=175.61;sscore=11.23;rscore=11.15;uscore=3.50;tscore=-4.36;
NODE_7_length_113986_cov_103.583132	Prodigal_v2.6.3	CDS	30060	31025	105.9	-	0	ID=7_30;partial=00;start_type=ATG;rbs_motif=GGA/GAG/AGG;rbs_spacer=5-10bp;gc_cont=0.445;conf=100.00;score=105.87;cscore=97.94;sscore=7.93;rscore=-1.95;uscore=4.84;tscore=3.92;
NODE_7_length_113986_cov_103.583132	Prodigal_v2.6.3	CDS	31040	33187	266.0	-	0	ID=7_31;partial=00;start_type=ATG;rbs_motif=None;rbs_spacer=None;gc_cont=0.468;conf=99.99;score=265.99;cscore=257.45;sscore=8.54;rscore=-15.61;uscore=3.32;tscore=3.92;
NODE_7_length_113986_cov_103.583132	Prodigal_v2.6.3	CDS	33184	33549	31.5	-	0	ID=7_32;partial=00;start_type=ATG;rbs_motif=AGxAGG/AGGxGG;rbs_spacer=5-10bp;gc_cont=0.448;conf=99.93;score=31.53;cscore=13.81;sscore=17.72;rscore=11.15;uscore=1.50;tscore=3.92;
NODE_7_length_113986_cov_103.583132	Prodigal_v2.6.3	CDS	33562	34503	87.0	-	0	ID=7_33;partial=00;start_type=ATG;rbs_motif=3Base/5BMM;rbs_spacer=13-15bp;gc_cont=0.466;conf=100.00;score=87.03;cscore=92.58;sscore=-5.55;rscore=-11.64;uscore=0.92;tscore=3.92;
NODE_7_length_113986_cov_103.583132	Prodigal_v2.6.3	CDS	34506	34937	61.2	-	0	ID=7_34;partial=00;start_type=ATG;rbs_motif=GGAGG;rbs_spacer=5-10bp;gc_cont=0.458;conf=100.00;score=61.17;cscore=37.50;sscore=23.67;rscore=16.07;uscore=3.67;tscore=3.92;
NODE_7_length_113986_cov_103.583132	Prodigal_v2.6.3	CDS	35113	35445	28.5	-	0	ID=7_35;partial=00;start_type=ATG;rbs_motif=GGAGG;rbs_spacer=5-10bp;gc_cont=0.429;conf=99.86;score=28.46;cscore=12.15;sscore=16.31;rscore=16.07;uscore=-3.03;tscore=3.92;
NODE_7_length_113986_cov_103.583132	Prodigal_v2.6.3	CDS	35998	37431	175.6	-	0	ID=7_36;partial=00;start_type=ATG;rbs_motif=GGAGG;rbs_spacer=5-10bp;gc_cont=0.476;conf=100.00;score=175.64;cscore=157.66;sscore=17.98;rscore=16.07;uscore=-1.36;tscore=3.92;
NODE_7_length_113986_cov_103.583132	Prodigal_v2.6.3	CDS	37664	38476	106.4	-	0	ID=7_37;partial=00;start_type=ATG;rbs_motif=AGxAGG/AGGxGG;rbs_spacer=5-10bp;gc_cont=0.443;conf=100.00;score=106.36;cscore=89.99;sscore=16.37;rscore=11.15;uscore=-0.28;tscore=3.92;
NODE_7_length_113986_cov_103.583132	Prodigal_v2.6.3	CDS	38473	39111	98.6	-	0	ID=7_38;partial=00;start_type=ATG;rbs_motif=AGGAGG;rbs_spacer=5-10bp;gc_cont=0.482;conf=100.00;score=98.59;cscore=78.06;sscore=20.53;rscore=16.65;uscore=-1.19;tscore=3.92;
NODE_7_length_113986_cov_103.583132	Prodigal_v2.6.3	CDS	39124	39780	87.2	-	0	ID=7_39;partial=00;start_type=ATG;rbs_motif=AGGAGG;rbs_spacer=5-10bp;gc_cont=0.452;conf=100.00;score=87.16;cscore=66.38;sscore=20.78;rscore=16.65;uscore=0.85;tscore=3.92;
NODE_7_length_113986_cov_103.583132	Prodigal_v2.6.3	CDS	40446	41243	118.4	-	0	ID=7_40;partial=00;start_type=ATG;rbs_motif=GGAGG;rbs_spacer=5-10bp;gc_cont=0.471;conf=100.00;score=118.38;cscore=96.03;sscore=22.35;rscore=16.07;uscore=1.08;tscore=3.92;
NODE_7_length_113986_cov_103.583132	Prodigal_v2.6.3	CDS	41244	41900	69.2	-	0	ID=7_41;partial=00;start_type=GTG;rbs_motif=None;rbs_spacer=None;gc_cont=0.479;conf=100.00;score=69.22;cscore=85.61;sscore=-16.39;rscore=-15.61;uscore=2.45;tscore=-4.36;
NODE_7_length_113986_cov_103.583132	Prodigal_v2.6.3	CDS	41914	42444	58.1	-	0	ID=7_42;partial=00;start_type=ATG;rbs_motif=GGA/GAG/AGG;rbs_spacer=5-10bp;gc_cont=0.435;conf=100.00;score=58.08;cscore=57.05;sscore=1.03;rscore=-1.95;uscore=-2.20;tscore=3.92;
NODE_7_length_113986_cov_103.583132	Prodigal_v2.6.3	CDS	42446	43306	127.4	-	0	ID=7_43;partial=00;start_type=ATG;rbs_motif=GGAGG;rbs_spacer=5-10bp;gc_cont=0.475;conf=100.00;score=127.38;cscore=108.20;sscore=19.18;rscore=16.07;uscore=-0.82;tscore=3.92;
NODE_7_length_113986_cov_103.583132	Prodigal_v2.6.3	CDS	43395	44396	148.7	-	0	ID=7_44;partial=00;start_type=TTG;rbs_motif=GGAG/GAGG;rbs_spacer=5-10bp;gc_cont=0.477;conf=100.00;score=148.69;cscore=144.01;sscore=4.68;rscore=10.35;uscore=1.83;tscore=-7.50;
NODE_7_length_113986_cov_103.583132	Prodigal_v2.6.3	CDS	44536	45204	92.9	-	0	ID=7_45;partial=00;start_type=ATG;rbs_motif=AGxAGG/AGGxGG;rbs_spacer=5-10bp;gc_cont=0.489;conf=100.00;score=92.94;cscore=75.22;sscore=17.72;rscore=11.15;uscore=2.64;tscore=3.92;
NODE_7_length_113986_cov_103.583132	Prodigal_v2.6.3	CDS	45266	45910	92.0	-	0	ID=7_46;partial=00;start_type=ATG;rbs_motif=AGGAGG;rbs_spacer=5-10bp;gc_cont=0.505;conf=100.00;score=92.02;cscore=73.71;sscore=18.31;rscore=16.65;uscore=-1.61;tscore=3.92;
NODE_7_length_113986_cov_103.583132	Prodigal_v2.6.3	CDS	46182	47459	155.4	-	0	ID=7_47;partial=00;start_type=ATG;rbs_motif=AGGA/GGAG/GAGG;rbs_spacer=11-12bp;gc_cont=0.507;conf=100.00;score=155.37;cscore=147.60;sscore=7.77;rscore=5.64;uscore=-1.15;tscore=3.92;
NODE_7_length_113986_cov_103.583132	Prodigal_v2.6.3	CDS	47751	50393	361.6	-	0	ID=7_48;partial=00;start_type=ATG;rbs_motif=AGxAGG/AGGxGG;rbs_spacer=5-10bp;gc_cont=0.475;conf=99.99;score=361.60;cscore=345.58;sscore=16.02;rscore=11.15;uscore=1.59;tscore=3.92;
NODE_7_length_113986_cov_103.583132	Prodigal_v2.6.3	CDS	50768	51421	75.2	-	0	ID=7_49;partial=00;start_type=GTG;rbs_motif=GGAGG;rbs_spacer=5-10bp;gc_cont=0.491;conf=100.00;score=75.19;cscore=62.16;sscore=13.03;rscore=16.07;uscore=1.98;tscore=-4.36;
NODE_7_length_113986_cov_103.583132	Prodigal_v2.6.3	CDS	51727	52944	164.0	-	0	ID=7_50;partial=00;start_type=ATG;rbs_motif=AGGA;rbs_spacer=5-10bp;gc_cont=0.475;conf=100.00;score=164.02;cscore=153.22;sscore=10.79;rscore=7.02;uscore=-1.25;tscore=3.92;
NODE_7_length_113986_cov_103.583132	Prodigal_v2.6.3	CDS	52961	54250	141.4	-	0	ID=7_51;partial=00;start_type=ATG;rbs_motif=AGGA/GGAG/GAGG;rbs_spacer=11-12bp;gc_cont=0.495;conf=100.00;score=141.42;cscore=133.03;sscore=8.38;rscore=5.64;uscore=-1.19;tscore=3.92;
NODE_7_length_113986_cov_103.583132	Prodigal_v2.6.3	CDS	54427	56130	265.0	-	0	ID=7_52;partial=00;start_type=ATG;rbs_motif=GGAG/GAGG;rbs_spacer=5-10bp;gc_cont=0.465;conf=99.99;score=264.97;cscore=248.65;sscore=16.32;rscore=10.35;uscore=2.70;tscore=3.92;
NODE_7_length_113986_cov_103.583132	Prodigal_v2.6.3	CDS	56307	56789	49.4	+	0	ID=7_53;partial=00;start_type=ATG;rbs_motif=AGGA;rbs_spacer=5-10bp;gc_cont=0.513;conf=100.00;score=49.36;cscore=38.74;sscore=10.63;rscore=7.02;uscore=-0.32;tscore=3.92;
NODE_7_length_113986_cov_103.583132	Prodigal_v2.6.3	CDS	56965	57576	77.2	+	0	ID=7_54;partial=00;start_type=ATG;rbs_motif=GGAGG;rbs_spacer=5-10bp;gc_cont=0.498;conf=100.00;score=77.16;cscore=54.97;sscore=22.19;rscore=16.07;uscore=2.20;tscore=3.92;
NODE_7_length_113986_cov_103.583132	Prodigal_v2.6.3	CDS	57745	60156	186.0	-	0	ID=7_55;partial=00;start_type=ATG;rbs_motif=GGAG/GAGG;rbs_spacer=5-10bp;gc_cont=0.374;conf=99.99;score=185.96;cscore=171.32;sscore=14.65;rscore=10.35;uscore=1.02;tscore=3.92;
NODE_7_length_113986_cov_103.583132	Prodigal_v2.6.3	CDS	60981	63158	294.1	-	0	ID=7_56;partial=00;start_type=TTG;rbs_motif=GGAG/GAGG;rbs_spacer=5-10bp;gc_cont=0.489;conf=99.99;score=294.14;cscore=289.78;sscore=4.36;rscore=10.35;uscore=2.16;tscore=-7.50;
NODE_7_length_113986_cov_103.583132	Prodigal_v2.6.3	CDS	64038	64442	30.7	-	0	ID=7_57;partial=00;start_type=ATG;rbs_motif=GGA/GAG/AGG;rbs_spacer=5-10bp;gc_cont=0.417;conf=99.91;score=30.69;cscore=26.61;sscore=4.08;rscore=-1.95;uscore=2.76;tscore=3.92;
NODE_7_length_113986_cov_103.583132	Prodigal_v2.6.3	CDS	64640	65866	122.1	+	0	ID=7_58;partial=00;start_type=ATG;rbs_motif=AGGAG;rbs_spacer=5-10bp;gc_cont=0.480;conf=100.00;score=122.11;cscore=103.65;sscore=18.47;rscore=15.31;uscore=-0.76;tscore=3.92;
NODE_7_length_113986_cov_103.583132	Prodigal_v2.6.3	CDS	66064	66951	116.4	+	0	ID=7_59;partial=00;start_type=ATG;rbs_motif=GGAGG;rbs_spacer=5-10bp;gc_cont=0.445;conf=100.00;score=116.43;cscore=98.41;sscore=18.01;rscore=16.07;uscore=-1.33;tscore=3.92;
NODE_7_length_113986_cov_103.583132	Prodigal_v2.6.3	CDS	66948	67712	92.4	+	0	ID=7_60;partial=00;start_type=ATG;rbs_motif=AGGAG;rbs_spacer=5-10bp;gc_cont=0.437;conf=100.00;score=92.41;cscore=67.91;sscore=24.50;rscore=15.31;uscore=3.97;tscore=3.92;
NODE_7_length_113986_cov_103.583132	Prodigal_v2.6.3	CDS	67702	68817	87.4	+	0	ID=7_61;partial=00;start_type=GTG;rbs_motif=GGA/GAG/AGG;rbs_spacer=11-12bp;gc_cont=0.438;conf=100.00;score=87.42;cscore=92.92;sscore=-5.50;rscore=-4.11;uscore=1.75;tscore=-4.36;
NODE_7_length_113986_cov_103.583132	Prodigal_v2.6.3	CDS	68814	69422	92.3	+	0	ID=7_62;partial=00;start_type=ATG;rbs_motif=AGGAG/GGAGG;rbs_spacer=11-12bp;gc_cont=0.470;conf=100.00;score=92.32;cscore=73.26;sscore=19.06;rscore=12.17;uscore=1.67;tscore=3.92;
NODE_7_length_113986_cov_103.583132	Prodigal_v2.6.3	CDS	69540	70397	102.2	-	0	ID=7_63;partial=00;start_type=ATG;rbs_motif=AGGAGG;rbs_spacer=5-10bp;gc_cont=0.469;conf=100.00;score=102.17;cscore=80.19;sscore=21.98;rscore=16.65;uscore=2.05;tscore=3.92;
NODE_7_length_113986_cov_103.583132	Prodigal_v2.6.3	CDS	70595	72259	143.0	-	0	ID=7_64;partial=00;start_type=ATG;rbs_motif=GGxGG;rbs_spacer=5-10bp;gc_cont=0.447;conf=100.00;score=143.05;cscore=138.52;sscore=4.53;rscore=3.18;uscore=-3.84;tscore=3.92;
NODE_7_length_113986_cov_103.583132	Prodigal_v2.6.3	CDS	72260	73339	155.4	-	0	ID=7_65;partial=00;start_type=ATG;rbs_motif=GGAG/GAGG;rbs_spacer=5-10bp;gc_cont=0.476;conf=100.00;score=155.37;cscore=137.51;sscore=17.87;rscore=10.35;uscore=2.45;tscore=3.92;
NODE_7_length_113986_cov_103.583132	Prodigal_v2.6.3	CDS	73352	74410	149.5	-	0	ID=7_66;partial=00;start_type=ATG;rbs_motif=GGAGG;rbs_spacer=5-10bp;gc_cont=0.421;conf=100.00;score=149.55;cscore=129.81;sscore=19.74;rscore=16.07;uscore=-0.25;tscore=3.92;
NODE_7_length_113986_cov_103.583132	Prodigal_v2.6.3	CDS	74567	75328	112.6	-	0	ID=7_67;partial=00;start_type=ATG;rbs_motif=AGGAG;rbs_spacer=5-10bp;gc_cont=0.432;conf=100.00;score=112.60;cscore=94.70;sscore=17.90;rscore=15.31;uscore=-1.33;tscore=3.92;
NODE_7_length_113986_cov_103.583132	Prodigal_v2.6.3	CDS	75499	77127	182.3	-	0	ID=7_68;partial=00;start_type=ATG;rbs_motif=GGAG/GAGG;rbs_spacer=5-10bp;gc_cont=0.440;conf=99.99;score=182.33;cscore=166.53;sscore=15.80;rscore=10.35;uscore=1.53;tscore=3.92;
NODE_7_length_113986_cov_103.583132	Prodigal_v2.6.3	CDS	77239	77712	56.4	-	0	ID=7_69;partial=00;start_type=ATG;rbs_motif=AGGA;rbs_spacer=5-10bp;gc_cont=0.454;conf=100.00;score=56.37;cscore=43.77;sscore=12.59;rscore=7.02;uscore=0.46;tscore=3.92;
NODE_7_length_113986_cov_103.583132	Prodigal_v2.6.3	CDS	77699	78076	22.8	-	0	ID=7_70;partial=00;start_type=ATG;rbs_motif=None;rbs_spacer=None;gc_cont=0.421;conf=99.47;score=22.78;cscore=32.52;sscore=-9.74;rscore=-15.61;uscore=0.96;tscore=3.92;
NODE_7_length_113986_cov_103.583132	Prodigal_v2.6.3	CDS	78104	78592	66.3	-	0	ID=7_71;partial=00;start_type=ATG;rbs_motif=GGAGG;rbs_spacer=5-10bp;gc_cont=0.476;conf=100.00;score=66.31;cscore=48.88;sscore=17.43;rscore=16.07;uscore=-1.91;tscore=3.92;
NODE_7_length_113986_cov_103.583132	Prodigal_v2.6.3	CDS	78836	79471	70.6	-	0	ID=7_72;partial=00;start_type=ATG;rbs_motif=AGxAG;rbs_spacer=5-10bp;gc_cont=0.481;conf=100.00;score=70.56;cscore=65.34;sscore=5.22;rscore=-2.05;uscore=-0.61;tscore=3.92;
NODE_7_length_113986_cov_103.583132	Prodigal_v2.6.3	CDS	79468	79785	47.4	-	0	ID=7_73;partial=00;start_type=ATG;rbs_motif=GGAGG;rbs_spacer=5-10bp;gc_cont=0.475;conf=100.00;score=47.39;cscore=27.78;sscore=19.60;rscore=16.07;uscore=-1.65;tscore=3.92;
NODE_7_length_113986_cov_103.583132	Prodigal_v2.6.3	CDS	79787	80203	56.8	-	0	ID=7_74;partial=00;start_type=ATG;rbs_motif=AGxAGG/AGGxGG;rbs_spacer=5-10bp;gc_cont=0.487;conf=100.00;score=56.77;cscore=38.26;sscore=18.52;rscore=11.15;uscore=4.09;tscore=3.92;
NODE_7_length_113986_cov_103.583132	Prodigal_v2.6.3	CDS	80318	81196	123.5	+	0	ID=7_75;partial=00;start_type=ATG;rbs_motif=GGAGG;rbs_spacer=5-10bp;gc_cont=0.491;conf=100.00;score=123.48;cscore=99.99;sscore=23.49;rscore=16.07;uscore=3.50;tscore=3.92;
NODE_7_length_113986_cov_103.583132	Prodigal_v2.6.3	CDS	81271	82041	105.0	-	0	ID=7_76;partial=00;start_type=ATG;rbs_motif=AGGAGG;rbs_spacer=5-10bp;gc_cont=0.470;conf=100.00;score=104.97;cscore=81.24;sscore=23.73;rscore=16.65;uscore=1.86;tscore=3.92;
NODE_7_length_113986_cov_103.583132	Prodigal_v2.6.3	CDS	82038	82967	127.8	-	0	ID=7_77;partial=00;start_type=ATG;rbs_motif=GGAGG;rbs_spacer=5-10bp;gc_cont=0.451;conf=100.00;score=127.76;cscore=107.03;sscore=20.74;rscore=16.07;uscore=1.40;tscore=3.92;
NODE_7_length_113986_cov_103.583132	Prodigal_v2.6.3	CDS	83364	84041	93.5	+	0	ID=7_78;partial=00;start_type=ATG;rbs_motif=AGGAGG;rbs_spacer=5-10bp;gc_cont=0.447;conf=100.00;score=93.50;cscore=73.43;sscore=20.08;rscore=16.65;uscore=-0.50;tscore=3.92;
NODE_7_length_113986_cov_103.583132	Prodigal_v2.6.3	CDS	84112	85008	97.7	+	0	ID=7_79;partial=00;start_type=ATG;rbs_motif=AGGAG;rbs_spacer=5-10bp;gc_cont=0.462;conf=100.00;score=97.69;cscore=78.49;sscore=19.20;rscore=15.31;uscore=-0.03;tscore=3.92;
NODE_7_length_113986_cov_103.583132	Prodigal_v2.6.3	CDS	85146	86786	213.5	+	0	ID=7_80;partial=00;start_type=TTG;rbs_motif=GGAGG;rbs_spacer=5-10bp;gc_cont=0.478;conf=99.99;score=213.50;cscore=202.21;sscore=11.29;rscore=16.07;uscore=2.72;tscore=-7.50;
NODE_7_length_113986_cov_103.583132	Prodigal_v2.6.3	CDS	86974	87786	112.6	-	0	ID=7_81;partial=00;start_type=GTG;rbs_motif=AGGAGG;rbs_spacer=5-10bp;gc_cont=0.470;conf=100.00;score=112.62;cscore=98.43;sscore=14.19;rscore=16.65;uscore=2.55;tscore=-4.36;
NODE_7_length_113986_cov_103.583132	Prodigal_v2.6.3	CDS	88046	88774	108.1	-	0	ID=7_82;partial=00;start_type=GTG;rbs_motif=AGGAG;rbs_spacer=5-10bp;gc_cont=0.440;conf=100.00;score=108.14;cscore=94.51;sscore=13.64;rscore=15.31;uscore=2.69;tscore=-4.36;
NODE_7_length_113986_cov_103.583132	Prodigal_v2.6.3	CDS	88850	89581	63.2	-	0	ID=7_83;partial=00;start_type=GTG;rbs_motif=GGAG/GAGG;rbs_spacer=5-10bp;gc_cont=0.444;conf=100.00;score=63.15;cscore=55.13;sscore=8.03;rscore=10.35;uscore=2.69;tscore=-4.36;
NODE_7_length_113986_cov_103.583132	Prodigal_v2.6.3	CDS	89843	90778	91.4	-	0	ID=7_84;partial=00;start_type=ATG;rbs_motif=GGAGG;rbs_spacer=5-10bp;gc_cont=0.521;conf=100.00;score=91.44;cscore=71.04;sscore=20.40;rscore=16.07;uscore=-0.34;tscore=3.92;
NODE_7_length_113986_cov_103.583132	Prodigal_v2.6.3	CDS	90827	91657	107.4	-	0	ID=7_85;partial=00;start_type=ATG;rbs_motif=AGGAG;rbs_spacer=5-10bp;gc_cont=0.509;conf=100.00;score=107.37;cscore=84.21;sscore=23.16;rscore=15.31;uscore=4.58;tscore=3.92;
NODE_7_length_113986_cov_103.583132	Prodigal_v2.6.3	CDS	91913	92596	93.8	-	0	ID=7_86;partial=00;start_type=GTG;rbs_motif=AGGAGG;rbs_spacer=5-10bp;gc_cont=0.484;conf=100.00;score=93.78;cscore=77.79;sscore=15.99;rscore=16.65;uscore=3.70;tscore=-4.36;
NODE_7_length_113986_cov_103.583132	Prodigal_v2.6.3	CDS	92699	93565	128.5	-	0	ID=7_87;partial=00;start_type=ATG;rbs_motif=AGGAG;rbs_spacer=5-10bp;gc_cont=0.511;conf=100.00;score=128.46;cscore=108.45;sscore=20.01;rscore=15.31;uscore=0.03;tscore=3.92;
NODE_7_length_113986_cov_103.583132	Prodigal_v2.6.3	CDS	93614	94279	99.8	-	0	ID=7_88;partial=00;start_type=ATG;rbs_motif=AGGAG;rbs_spacer=5-10bp;gc_cont=0.461;conf=100.00;score=99.79;cscore=80.94;sscore=18.84;rscore=15.31;uscore=0.26;tscore=3.92;
NODE_7_length_113986_cov_103.583132	Prodigal_v2.6.3	CDS	94499	95101	40.9	-	0	ID=7_89;partial=00;start_type=GTG;rbs_motif=GGA/GAG/AGG;rbs_spacer=5-10bp;gc_cont=0.509;conf=99.99;score=40.89;cscore=48.94;sscore=-8.06;rscore=-1.95;uscore=-1.08;tscore=-4.36;
NODE_7_length_113986_cov_103.583132	Prodigal_v2.6.3	CDS	95172	95612	72.4	+	0	ID=7_90;partial=00;start_type=ATG;rbs_motif=AGGAGG;rbs_spacer=5-10bp;gc_cont=0.476;conf=100.00;score=72.36;cscore=49.21;sscore=23.15;rscore=16.65;uscore=2.57;tscore=3.92;
NODE_7_length_113986_cov_103.583132	Prodigal_v2.6.3	CDS	95644	97608	240.1	-	0	ID=7_91;partial=00;start_type=ATG;rbs_motif=AGGA;rbs_spacer=5-10bp;gc_cont=0.515;conf=99.99;score=240.09;cscore=225.77;sscore=14.33;rscore=7.02;uscore=4.03;tscore=3.92;
NODE_7_length_113986_cov_103.583132	Prodigal_v2.6.3	CDS	97826	99121	162.4	+	0	ID=7_92;partial=00;start_type=TTG;rbs_motif=AGGAGG;rbs_spacer=5-10bp;gc_cont=0.495;conf=100.00;score=162.42;cscore=152.55;sscore=9.87;rscore=16.65;uscore=0.71;tscore=-7.50;
NODE_7_length_113986_cov_103.583132	Prodigal_v2.6.3	CDS	99747	100025	32.4	+	0	ID=7_93;partial=00;start_type=GTG;rbs_motif=AGGAGG;rbs_spacer=5-10bp;gc_cont=0.427;conf=99.94;score=32.41;cscore=17.95;sscore=14.45;rscore=16.65;uscore=2.82;tscore=-4.36;
NODE_7_length_113986_cov_103.583132	Prodigal_v2.6.3	CDS	100086	100583	70.7	+	0	ID=7_94;partial=00;start_type=ATG;rbs_motif=GGAG/GAGG;rbs_spacer=5-10bp;gc_cont=0.466;conf=100.00;score=70.74;cscore=55.74;sscore=15.00;rscore=10.35;uscore=0.73;tscore=3.92;
NODE_7_length_113986_cov_103.583132	Prodigal_v2.6.3	CDS	100728	101615	111.7	-	0	ID=7_95;partial=00;start_type=ATG;rbs_motif=GGAG/GAGG;rbs_spacer=5-10bp;gc_cont=0.436;conf=100.00;score=111.69;cscore=98.53;sscore=13.16;rscore=10.35;uscore=-0.46;tscore=3.92;
NODE_7_length_113986_cov_103.583132	Prodigal_v2.6.3	CDS	101837	102490	86.2	-	0	ID=7_96;partial=00;start_type=TTG;rbs_motif=AGxAGG/AGGxGG;rbs_spacer=5-10bp;gc_cont=0.477;conf=100.00;score=86.18;cscore=79.20;sscore=6.98;rscore=11.15;uscore=2.39;tscore=-7.50;
NODE_7_length_113986_cov_103.583132	Prodigal_v2.6.3	CDS	102521	103489	116.4	-	0	ID=7_97;partial=00;start_type=TTG;rbs_motif=AGGAGG;rbs_spacer=5-10bp;gc_cont=0.450;conf=100.00;score=116.38;cscore=107.06;sscore=9.32;rscore=16.65;uscore=0.16;tscore=-7.50;
NODE_7_length_113986_cov_103.583132	Prodigal_v2.6.3	CDS	103590	103970	51.4	-	0	ID=7_98;partial=00;start_type=ATG;rbs_motif=AGGAGG;rbs_spacer=5-10bp;gc_cont=0.467;conf=100.00;score=51.41;cscore=32.51;sscore=18.90;rscore=16.65;uscore=-1.03;tscore=3.92;
NODE_7_length_113986_cov_103.583132	Prodigal_v2.6.3	CDS	104168	104350	28.4	-	0	ID=7_99;partial=00;start_type=ATG;rbs_motif=AGGAGG;rbs_spacer=5-10bp;gc_cont=0.415;conf=99.85;score=28.39;cscore=12.77;sscore=15.62;rscore=11.99;uscore=1.46;tscore=2.83;
NODE_7_length_113986_cov_103.583132	Prodigal_v2.6.3	CDS	104536	105972	177.1	-	0	ID=7_100;partial=00;start_type=ATG;rbs_motif=GGA/GAG/AGG;rbs_spacer=5-10bp;gc_cont=0.466;conf=100.00;score=177.14;cscore=174.95;sscore=2.19;rscore=-1.95;uscore=-1.03;tscore=3.92;
NODE_7_length_113986_cov_103.583132	Prodigal_v2.6.3	CDS	105965	106411	60.8	-	0	ID=7_101;partial=00;start_type=ATG;rbs_motif=AGGAGG;rbs_spacer=5-10bp;gc_cont=0.494;conf=100.00;score=60.80;cscore=40.81;sscore=19.99;rscore=16.65;uscore=-1.78;tscore=3.92;
NODE_7_length_113986_cov_103.583132	Prodigal_v2.6.3	CDS	106398	107594	171.5	-	0	ID=7_102;partial=00;start_type=ATG;rbs_motif=GGxGG;rbs_spacer=5-10bp;gc_cont=0.502;conf=100.00;score=171.48;cscore=163.80;sscore=7.68;rscore=3.18;uscore=-0.67;tscore=3.92;
NODE_7_length_113986_cov_103.583132	Prodigal_v2.6.3	CDS	107587	108618	137.9	-	0	ID=7_103;partial=00;start_type=ATG;rbs_motif=AGxAGG/AGGxGG;rbs_spacer=5-10bp;gc_cont=0.508;conf=100.00;score=137.89;cscore=120.01;sscore=17.88;rscore=11.15;uscore=1.56;tscore=3.92;
NODE_7_length_113986_cov_103.583132	Prodigal_v2.6.3	CDS	108611	109378	115.0	-	0	ID=7_104;partial=00;start_type=GTG;rbs_motif=GGxGG;rbs_spacer=5-10bp;gc_cont=0.453;conf=100.00;score=114.96;cscore=114.25;sscore=0.71;rscore=3.18;uscore=1.90;tscore=-4.36;
NODE_7_length_113986_cov_103.583132	Prodigal_v2.6.3	CDS	109510	110199	103.1	-	0	ID=7_105;partial=00;start_type=ATG;rbs_motif=AGGAGG;rbs_spacer=5-10bp;gc_cont=0.490;conf=100.00;score=103.14;cscore=77.93;sscore=25.20;rscore=16.65;uscore=3.39;tscore=3.92;
NODE_7_length_113986_cov_103.583132	Prodigal_v2.6.3	CDS	110204	111256	132.6	-	0	ID=7_106;partial=00;start_type=ATG;rbs_motif=GGA/GAG/AGG;rbs_spacer=5-10bp;gc_cont=0.483;conf=100.00;score=132.56;cscore=126.41;sscore=6.15;rscore=-1.95;uscore=3.10;tscore=3.92;
NODE_7_length_113986_cov_103.583132	Prodigal_v2.6.3	CDS	111275	112102	109.5	-	0	ID=7_107;partial=00;start_type=ATG;rbs_motif=AGGAGG;rbs_spacer=5-10bp;gc_cont=0.440;conf=100.00;score=109.50;cscore=88.56;sscore=20.94;rscore=16.65;uscore=1.01;tscore=3.92;
NODE_7_length_113986_cov_103.583132	Prodigal_v2.6.3	CDS	112880	113710	99.4	-	0	ID=7_108;partial=00;start_type=ATG;rbs_motif=AGGAGG;rbs_spacer=5-10bp;gc_cont=0.442;conf=100.00;score=99.37;cscore=78.45;sscore=20.92;rscore=16.65;uscore=0.34;tscore=3.92;
# Sequence Data: seqnum=8;seqlen=78957;seqhdr="NODE_8_length_78957_cov_311.645246"
# Model Data: version=Prodigal.v2.6.3;run_type=Single;model="Ab initio";gc_cont=46.10;transl_table=11;uses_sd=1
NODE_8_length_78957_cov_311.645246	Prodigal_v2.6.3	CDS	430	1488	101.3	+	0	ID=8_1;partial=00;start_type=ATG;rbs_motif=GGAGG;rbs_spacer=5-10bp;gc_cont=0.426;conf=100.00;score=101.34;cscore=76.96;sscore=24.38;rscore=16.07;uscore=4.39;tscore=3.92;
NODE_8_length_78957_cov_311.645246	Prodigal_v2.6.3	CDS	1478	2215	97.0	+	0	ID=8_2;partial=00;start_type=ATG;rbs_motif=GGAGG;rbs_spacer=5-10bp;gc_cont=0.432;conf=100.00;score=97.03;cscore=73.76;sscore=23.26;rscore=16.07;uscore=2.05;tscore=3.92;
NODE_8_length_78957_cov_311.645246	Prodigal_v2.6.3	CDS	2703	2930	29.1	+	0	ID=8_3;partial=00;start_type=ATG;rbs_motif=AGGAG;rbs_spacer=5-10bp;gc_cont=0.478;conf=99.88;score=29.09;cscore=12.43;sscore=16.66;rscore=13.78;uscore=0.01;tscore=3.53;
NODE_8_length_78957_cov_311.645246	Prodigal_v2.6.3	CDS	3457	3693	20.6	+	0	ID=8_4;partial=00;start_type=ATG;rbs_motif=AGGAG;rbs_spacer=5-10bp;gc_cont=0.414;conf=99.12;score=20.57;cscore=2.42;sscore=18.15;rscore=14.33;uscore=0.80;tscore=3.67;
NODE_8_length_78957_cov_311.645246	Prodigal_v2.6.3	CDS	3701	3859	15.1	+	0	ID=8_5;partial=00;start_type=ATG;rbs_motif=GGAG/GAGG;rbs_spacer=5-10bp;gc_cont=0.409;conf=97.01;score=15.13;cscore=4.25;sscore=10.88;rscore=6.46;uscore=0.78;tscore=2.45;
NODE_8_length_78957_cov_311.645246	Prodigal_v2.6.3	CDS	3912	4142	18.8	+	0	ID=8_6;partial=00;start_type=GTG;rbs_motif=AGGAG/GGAGG;rbs_spacer=11-12bp;gc_cont=0.442;conf=98.68;score=18.78;cscore=12.88;sscore=5.90;rscore=11.10;uscore=-1.12;tscore=-4.79;
NODE_8_length_78957_cov_311.645246	Prodigal_v2.6.3	CDS	4129	4404	49.8	+	0	ID=8_7;partial=00;start_type=ATG;rbs_motif=AGGAGG;rbs_spacer=5-10bp;gc_cont=0.380;conf=100.00;score=49.76;cscore=27.32;sscore=22.44;rscore=16.65;uscore=0.67;tscore=3.92;
NODE_8_length_78957_cov_311.645246	Prodigal_v2.6.3	CDS	4433	5830	173.6	+	0	ID=8_8;partial=00;start_type=ATG;rbs_motif=AGGAGG;rbs_spacer=5-10bp;gc_cont=0.479;conf=100.00;score=173.64;cscore=151.86;sscore=21.78;rscore=16.65;uscore=0.24;tscore=3.92;
NODE_8_length_78957_cov_311.645246	Prodigal_v2.6.3	CDS	5902	6114	6.1	+	0	ID=8_9;partial=00;start_type=GTG;rbs_motif=AGGAG;rbs_spacer=5-10bp;gc_cont=0.455;conf=80.42;score=6.15;cscore=-0.71;sscore=6.86;rscore=12.86;uscore=-0.31;tscore=-5.20;
NODE_8_length_78957_cov_311.645246	Prodigal_v2.6.3	CDS	6178	7440	103.6	+	0	ID=8_10;partial=00;start_type=ATG;rbs_motif=GGA/GAG/AGG;rbs_spacer=5-10bp;gc_cont=0.483;conf=100.00;score=103.61;cscore=98.44;sscore=5.17;rscore=-1.95;uscore=3.20;tscore=3.92;
NODE_8_length_78957_cov_311.645246	Prodigal_v2.6.3	CDS	7588	9906	323.8	+	0	ID=8_11;partial=00;start_type=ATG;rbs_motif=AGGAG;rbs_spacer=5-10bp;gc_cont=0.465;conf=99.99;score=323.84;cscore=300.79;sscore=23.05;rscore=15.31;uscore=3.82;tscore=3.92;
NODE_8_length_78957_cov_311.645246	Prodigal_v2.6.3	CDS	10294	10386	2.8	+	0	ID=8_12;partial=00;start_type=ATG;rbs_motif=AGGAGG;rbs_spacer=5-10bp;gc_cont=0.409;conf=65.79;score=2.84;cscore=-4.48;sscore=7.32;rscore=6.00;uscore=1.06;tscore=1.41;
NODE_8_length_78957_cov_311.645246	Prodigal_v2.6.3	CDS	10383	10496	3.6	+	0	ID=8_13;partial=00;start_type=ATG;rbs_motif=None;rbs_spacer=None;gc_cont=0.351;conf=69.41;score=3.56;cscore=0.53;sscore=3.04;rscore=-35.15;uscore=-5.86;tscore=1.74;
NODE_8_length_78957_cov_311.645246	Prodigal_v2.6.3	CDS	11065	11748	47.4	-	0	ID=8_14;partial=00;start_type=ATG;rbs_motif=AGGA;rbs_spacer=5-10bp;gc_cont=0.361;conf=100.00;score=47.42;cscore=33.85;sscore=13.57;rscore=7.02;uscore=3.27;tscore=3.92;
NODE_8_length_78957_cov_311.645246	Prodigal_v2.6.3	CDS	11933	13207	152.4	+	0	ID=8_15;partial=00;start_type=TTG;rbs_motif=AGGAG;rbs_spacer=5-10bp;gc_cont=0.422;conf=100.00;score=152.40;cscore=139.65;sscore=12.74;rscore=15.31;uscore=4.94;tscore=-7.50;
NODE_8_length_78957_cov_311.645246	Prodigal_v2.6.3	CDS	13218	13964	51.0	+	0	ID=8_16;partial=00;start_type=ATG;rbs_motif=None;rbs_spacer=None;gc_cont=0.442;conf=100.00;score=51.04;cscore=59.81;sscore=-8.76;rscore=-15.61;uscore=1.75;tscore=3.92;
NODE_8_length_78957_cov_311.645246	Prodigal_v2.6.3	CDS	13980	14771	100.8	+	0	ID=8_17;partial=00;start_type=ATG;rbs_motif=AGGAG;rbs_spacer=5-10bp;gc_cont=0.407;conf=100.00;score=100.84;cscore=75.85;sscore=24.99;rscore=15.31;uscore=4.65;tscore=3.92;
NODE_8_length_78957_cov_311.645246	Prodigal_v2.6.3	CDS	14861	15238	30.3	+	0	ID=8_18;partial=00;start_type=ATG;rbs_motif=GGA/GAG/AGG;rbs_spacer=5-10bp;gc_cont=0.373;conf=99.91;score=30.28;cscore=26.65;sscore=3.63;rscore=-1.95;uscore=1.66;tscore=3.92;
NODE_8_length_78957_cov_311.645246	Prodigal_v2.6.3	CDS	15284	16114	93.4	+	0	ID=8_19;partial=00;start_type=ATG;rbs_motif=AGGA/GGAG/GAGG;rbs_spacer=11-12bp;gc_cont=0.360;conf=100.00;score=93.37;cscore=80.72;sscore=12.65;rscore=5.64;uscore=2.29;tscore=3.92;
NODE_8_length_78957_cov_311.645246	Prodigal_v2.6.3	CDS	16122	16841	43.6	+	0	ID=8_20;partial=00;start_type=ATG;rbs_motif=GGxGG;rbs_spacer=11-12bp;gc_cont=0.407;conf=100.00;score=43.62;cscore=42.39;sscore=1.23;rscore=-5.13;uscore=1.24;tscore=3.92;
NODE_8_length_78957_cov_311.645246	Prodigal_v2.6.3	CDS	17004	18017	23.8	+	0	ID=8_21;partial=00;start_type=TTG;rbs_motif=GGA/GAG/AGG;rbs_spacer=5-10bp;gc_cont=0.356;conf=99.58;score=23.82;cscore=28.47;sscore=-4.65;rscore=-1.95;uscore=4.80;tscore=-7.50;
NODE_8_length_78957_cov_311.645246	Prodigal_v2.6.3	CDS	18560	18814	23.1	+	0	ID=8_22;partial=00;start_type=ATG;rbs_motif=AGGAGG;rbs_spacer=5-10bp;gc_cont=0.420;conf=99.51;score=23.11;cscore=0.09;sscore=23.02;rscore=16.65;uscore=3.10;tscore=3.92;
NODE_8_length_78957_cov_311.645246	Prodigal_v2.6.3	CDS	18889	19077	3.8	+	0	ID=8_23;partial=00;start_type=ATG;rbs_motif=GGAG/GAGG;rbs_spacer=5-10bp;gc_cont=0.434;conf=70.64;score=3.82;cscore=-4.81;sscore=8.63;rscore=7.70;uscore=-1.50;tscore=2.92;
NODE_8_length_78957_cov_311.645246	Prodigal_v2.6.3	CDS	19091	19249	10.2	+	0	ID=8_24;partial=00;start_type=ATG;rbs_motif=AGGAG;rbs_spacer=5-10bp;gc_cont=0.421;conf=91.18;score=10.16;cscore=-5.24;sscore=15.40;rscore=9.55;uscore=2.77;tscore=2.45;
NODE_8_length_78957_cov_311.645246	Prodigal_v2.6.3	CDS	19458	19736	33.7	+	0	ID=8_25;partial=00;start_type=ATG;rbs_motif=AGGAG;rbs_spacer=5-10bp;gc_cont=0.409;conf=99.96;score=33.70;cscore=13.32;sscore=20.38;rscore=15.31;uscore=1.80;tscore=3.92;
NODE_8_length_78957_cov_311.645246	Prodigal_v2.6.3	CDS	19748	20014	38.2	+	0	ID=8_26;partial=00;start_type=ATG;rbs_motif=AGGAGG;rbs_spacer=5-10bp;gc_cont=0.438;conf=99.98;score=38.17;cscore=15.24;sscore=22.93;rscore=16.65;uscore=1.19;tscore=3.92;
NODE_8_length_78957_cov_311.645246	Prodigal_v2.6.3	CDS	20033	20209	29.0	+	0	ID=8_27;partial=00;start_type=ATG;rbs_motif=AGGAGG;rbs_spacer=5-10bp;gc_cont=0.356;conf=99.87;score=28.99;cscore=11.53;sscore=17.46;rscore=11.59;uscore=2.06;tscore=2.73;
NODE_8_length_78957_cov_311.645246	Prodigal_v2.6.3	CDS	20211	20438	42.2	+	0	ID=8_28;partial=00;start_type=ATG;rbs_motif=AGxAGG/AGGxGG;rbs_spacer=5-10bp;gc_cont=0.461;conf=99.99;score=42.24;cscore=25.16;sscore=17.08;rscore=10.04;uscore=2.25;tscore=3.53;
NODE_8_length_78957_cov_311.645246	Prodigal_v2.6.3	CDS	20481	21722	116.4	+	0	ID=8_29;partial=00;start_type=GTG;rbs_motif=AGxAGG/AGGxGG;rbs_spacer=5-10bp;gc_cont=0.427;conf=100.00;score=116.42;cscore=107.21;sscore=9.21;rscore=11.15;uscore=1.61;tscore=-4.36;
NODE_8_length_78957_cov_311.645246	Prodigal_v2.6.3	CDS	21700	23229	198.4	+	0	ID=8_30;partial=00;start_type=ATG;rbs_motif=AGGAGG;rbs_spacer=11-12bp;gc_cont=0.468;conf=99.99;score=198.41;cscore=178.15;sscore=20.26;rscore=14.31;uscore=2.02;tscore=3.92;
NODE_8_length_78957_cov_311.645246	Prodigal_v2.6.3	CDS	23288	23707	47.9	+	0	ID=8_31;partial=00;start_type=ATG;rbs_motif=AGGAGG;rbs_spacer=5-10bp;gc_cont=0.448;conf=100.00;score=47.89;cscore=27.47;sscore=20.42;rscore=16.65;uscore=-0.16;tscore=3.92;
NODE_8_length_78957_cov_311.645246	Prodigal_v2.6.3	CDS	23716	24294	46.7	+	0	ID=8_32;partial=00;start_type=ATG;rbs_motif=AGGAG;rbs_spacer=5-10bp;gc_cont=0.453;conf=100.00;score=46.67;cscore=29.69;sscore=16.97;rscore=15.31;uscore=-3.44;tscore=3.92;
NODE_8_length_78957_cov_311.645246	Prodigal_v2.6.3	CDS	24321	26768	292.6	+	0	ID=8_33;partial=00;start_type=ATG;rbs_motif=AGGAGG;rbs_spacer=5-10bp;gc_cont=0.458;conf=99.99;score=292.58;cscore=271.28;sscore=21.31;rscore=16.65;uscore=-0.26;tscore=3.92;
NODE_8_length_78957_cov_311.645246	Prodigal_v2.6.3	CDS	26765	28822	187.5	+	0	ID=8_34;partial=00;start_type=TTG;rbs_motif=AGxAGG/AGGxGG;rbs_spacer=5-10bp;gc_cont=0.485;conf=99.99;score=187.51;cscore=179.15;sscore=8.36;rscore=11.15;uscore=3.42;tscore=-7.50;
NODE_8_length_78957_cov_311.645246	Prodigal_v2.6.3	CDS	28828	29163	47.3	+	0	ID=8_35;partial=00;start_type=ATG;rbs_motif=AGGAGG;rbs_spacer=5-10bp;gc_cont=0.440;conf=100.00;score=47.31;cscore=25.53;sscore=21.78;rscore=16.65;uscore=-0.01;tscore=3.92;
NODE_8_length_78957_cov_311.645246	Prodigal_v2.6.3	CDS	29147	29743	67.2	+	0	ID=8_36;partial=00;start_type=GTG;rbs_motif=GGAG/GAGG;rbs_spacer=5-10bp;gc_cont=0.439;conf=100.00;score=67.20;cscore=56.27;sscore=10.93;rscore=10.35;uscore=3.79;tscore=-4.36;
NODE_8_length_78957_cov_311.645246	Prodigal_v2.6.3	CDS	29724	31652	243.0	+	0	ID=8_37;partial=00;start_type=GTG;rbs_motif=GGAGG;rbs_spacer=5-10bp;gc_cont=0.441;conf=99.99;score=243.00;cscore=230.87;sscore=12.13;rscore=16.07;uscore=0.43;tscore=-4.36;
NODE_8_length_78957_cov_311.645246	Prodigal_v2.6.3	CDS	31654	32664	77.9	+	0	ID=8_38;partial=00;start_type=GTG;rbs_motif=GGxGG;rbs_spacer=5-10bp;gc_cont=0.488;conf=100.00;score=77.89;cscore=77.11;sscore=0.78;rscore=3.18;uscore=0.71;tscore=-4.36;
NODE_8_length_78957_cov_311.645246	Prodigal_v2.6.3	CDS	32680	33324	72.1	+	0	ID=8_39;partial=00;start_type=ATG;rbs_motif=AGGAGG;rbs_spacer=5-10bp;gc_cont=0.465;conf=100.00;score=72.07;cscore=48.30;sscore=23.77;rscore=16.65;uscore=2.08;tscore=3.92;
NODE_8_length_78957_cov_311.645246	Prodigal_v2.6.3	CDS	33321	33728	31.4	+	0	ID=8_40;partial=00;start_type=GTG;rbs_motif=GGxGG;rbs_spacer=5-10bp;gc_cont=0.466;conf=99.93;score=31.38;cscore=31.27;sscore=0.11;rscore=3.18;uscore=-0.71;tscore=-4.36;
NODE_8_length_78957_cov_311.645246	Prodigal_v2.6.3	CDS	33718	34539	78.3	+	0	ID=8_41;partial=00;start_type=GTG;rbs_motif=GGxGG;rbs_spacer=5-10bp;gc_cont=0.438;conf=100.00;score=78.27;cscore=81.02;sscore=-2.75;rscore=3.18;uscore=-2.78;tscore=-4.36;
NODE_8_length_78957_cov_311.645246	Prodigal_v2.6.3	CDS	35132	35311	17.3	+	0	ID=8_42;partial=00;start_type=ATG;rbs_motif=AGGAGG;rbs_spacer=5-10bp;gc_cont=0.428;conf=98.15;score=17.28;cscore=2.76;sscore=14.51;rscore=11.79;uscore=0.60;tscore=2.78;
NODE_8_length_78957_cov_311.645246	Prodigal_v2.6.3	CDS	35353	35598	42.6	+	0	ID=8_43;partial=00;start_type=ATG;rbs_motif=AGGAGG;rbs_spacer=5-10bp;gc_cont=0.435;conf=99.99;score=42.63;cscore=19.97;sscore=22.66;rscore=16.19;uscore=1.83;tscore=3.81;
NODE_8_length_78957_cov_311.645246	Prodigal_v2.6.3	CDS	35637	36074	45.2	+	0	ID=8_44;partial=00;start_type=TTG;rbs_motif=AGGAGG;rbs_spacer=5-10bp;gc_cont=0.447;conf=100.00;score=45.23;cscore=35.00;sscore=10.24;rscore=16.65;uscore=0.22;tscore=-7.50;
NODE_8_length_78957_cov_311.645246	Prodigal_v2.6.3	CDS	36061	37311	116.9	+	0	ID=8_45;partial=00;start_type=GTG;rbs_motif=GGAG/GAGG;rbs_spacer=5-10bp;gc_cont=0.464;conf=100.00;score=116.93;cscore=109.52;sscore=7.41;rscore=10.35;uscore=0.24;tscore=-4.36;
NODE_8_length_78957_cov_311.645246	Prodigal_v2.6.3	CDS	37353	37598	39.1	+	0	ID=8_46;partial=00;start_type=ATG;rbs_motif=AGGA;rbs_spacer=5-10bp;gc_cont=0.463;conf=99.99;score=39.11;cscore=25.48;sscore=13.63;rscore=6.83;uscore=2.17;tscore=3.81;
NODE_8_length_78957_cov_311.645246	Prodigal_v2.6.3	CDS	37585	40131	329.9	+	0	ID=8_47;partial=00;start_type=ATG;rbs_motif=AGGAGG;rbs_spacer=5-10bp;gc_cont=0.466;conf=99.99;score=329.88;cscore=307.39;sscore=22.50;rscore=16.65;uscore=0.73;tscore=3.92;
NODE_8_length_78957_cov_311.645246	Prodigal_v2.6.3	CDS	40131	40367	1.6	+	0	ID=8_48;partial=00;start_type=ATG;rbs_motif=GGA/GAG/AGG;rbs_spacer=11-12bp;gc_cont=0.570;conf=58.95;score=1.57;cscore=-2.88;sscore=4.46;rscore=-4.39;uscore=-0.98;tscore=3.67;
NODE_8_length_78957_cov_311.645246	Prodigal_v2.6.3	CDS	40731	41120	46.7	-	0	ID=8_49;partial=00;start_type=GTG;rbs_motif=GGAG/GAGG;rbs_spacer=5-10bp;gc_cont=0.436;conf=100.00;score=46.71;cscore=37.16;sscore=9.55;rscore=10.35;uscore=2.31;tscore=-4.36;
NODE_8_length_78957_cov_311.645246	Prodigal_v2.6.3	CDS	41123	41266	20.6	-	0	ID=8_50;partial=00;start_type=ATG;rbs_motif=AGxAGG/AGGxGG;rbs_spacer=5-10bp;gc_cont=0.479;conf=99.14;score=20.63;cscore=10.89;sscore=9.74;rscore=6.29;uscore=-0.02;tscore=2.21;
NODE_8_length_78957_cov_311.645246	Prodigal_v2.6.3	CDS	41259	41708	76.1	-	0	ID=8_51;partial=00;start_type=ATG;rbs_motif=AGGAGG;rbs_spacer=5-10bp;gc_cont=0.456;conf=100.00;score=76.12;cscore=53.50;sscore=22.62;rscore=16.65;uscore=0.90;tscore=3.92;
NODE_8_length_78957_cov_311.645246	Prodigal_v2.6.3	CDS	41721	42167	36.1	-	0	ID=8_52;partial=00;start_type=ATG;rbs_motif=GGA/GAG/AGG;rbs_spacer=5-10bp;gc_cont=0.432;conf=99.97;score=36.06;cscore=33.26;sscore=2.80;rscore=-1.95;uscore=1.48;tscore=3.92;
NODE_8_length_78957_cov_311.645246	Prodigal_v2.6.3	CDS	42833	43192	40.7	+	0	ID=8_53;partial=00;start_type=ATG;rbs_motif=AGGAG;rbs_spacer=5-10bp;gc_cont=0.411;conf=99.99;score=40.70;cscore=17.52;sscore=23.19;rscore=15.31;uscore=3.95;tscore=3.92;
NODE_8_length_78957_cov_311.645246	Prodigal_v2.6.3	CDS	43271	43942	65.5	+	0	ID=8_54;partial=00;start_type=ATG;rbs_motif=AGxAGG/AGGxGG;rbs_spacer=11-12bp;gc_cont=0.405;conf=100.00;score=65.48;cscore=52.02;sscore=13.45;rscore=5.02;uscore=4.51;tscore=3.92;
NODE_8_length_78957_cov_311.645246	Prodigal_v2.6.3	CDS	44075	44305	38.7	+	0	ID=8_55;partial=00;start_type=ATG;rbs_motif=AGGAG;rbs_spacer=5-10bp;gc_cont=0.364;conf=99.99;score=38.71;cscore=17.44;sscore=21.27;rscore=13.96;uscore=3.73;tscore=3.58;
NODE_8_length_78957_cov_311.645246	Prodigal_v2.6.3	CDS	44375	44560	4.2	+	0	ID=8_56;partial=00;start_type=ATG;rbs_motif=GGAG/GAGG;rbs_spacer=5-10bp;gc_cont=0.430;conf=72.63;score=4.24;cscore=-1.18;sscore=5.43;rscore=7.58;uscore=-4.53;tscore=2.87;
NODE_8_length_78957_cov_311.645246	Prodigal_v2.6.3	CDS	44925	46859	163.9	+	0	ID=8_57;partial=00;start_type=ATG;rbs_motif=AGGAGG;rbs_spacer=5-10bp;gc_cont=0.427;conf=100.00;score=163.90;cscore=141.80;sscore=22.10;rscore=16.65;uscore=2.18;tscore=3.92;
NODE_8_length_78957_cov_311.645246	Prodigal_v2.6.3	CDS	46859	47296	67.7	+	0	ID=8_58;partial=00;start_type=ATG;rbs_motif=GGAG/GAGG;rbs_spacer=5-10bp;gc_cont=0.416;conf=100.00;score=67.75;cscore=48.21;sscore=19.54;rscore=10.35;uscore=3.98;tscore=3.92;
NODE_8_length_78957_cov_311.645246	Prodigal_v2.6.3	CDS	47310	47630	53.4	+	0	ID=8_59;partial=00;start_type=ATG;rbs_motif=AGGAG;rbs_spacer=5-10bp;gc_cont=0.470;conf=100.00;score=53.40;cscore=29.90;sscore=23.49;rscore=15.31;uscore=3.13;tscore=3.92;
NODE_8_length_78957_cov_311.645246	Prodigal_v2.6.3	CDS	47645	48772	133.5	+	0	ID=8_60;partial=00;start_type=ATG;rbs_motif=AGGAG/GGAGG;rbs_spacer=11-12bp;gc_cont=0.468;conf=100.00;score=133.54;cscore=115.52;sscore=18.02;rscore=12.17;uscore=0.81;tscore=3.92;
NODE_8_length_78957_cov_311.645246	Prodigal_v2.6.3	CDS	48775	51369	239.6	+	0	ID=8_61;partial=00;start_type=ATG;rbs_motif=GGAG/GAGG;rbs_spacer=5-10bp;gc_cont=0.440;conf=99.99;score=239.61;cscore=224.17;sscore=15.44;rscore=10.35;uscore=-0.09;tscore=3.92;
NODE_8_length_78957_cov_311.645246	Prodigal_v2.6.3	CDS	51491	52354	39.1	+	0	ID=8_62;partial=00;start_type=TTG;rbs_motif=GGAG/GAGG;rbs_spacer=5-10bp;gc_cont=0.424;conf=99.99;score=39.07;cscore=33.23;sscore=5.83;rscore=10.35;uscore=2.98;tscore=-7.50;
NODE_8_length_78957_cov_311.645246	Prodigal_v2.6.3	CDS	52880	53359	1.6	+	0	ID=8_63;partial=00;start_type=TTG;rbs_motif=None;rbs_spacer=None;gc_cont=0.442;conf=58.98;score=1.58;cscore=26.43;sscore=-24.85;rscore=-15.61;uscore=-1.09;tscore=-7.50;
NODE_8_length_78957_cov_311.645246	Prodigal_v2.6.3	CDS	53682	54788	93.1	-	0	ID=8_64;partial=00;start_type=ATG;rbs_motif=AGGAG;rbs_spacer=5-10bp;gc_cont=0.379;conf=100.00;score=93.12;cscore=69.53;sscore=23.59;rscore=15.31;uscore=4.36;tscore=3.92;
NODE_8_length_78957_cov_311.645246	Prodigal_v2.6.3	CDS	54898	55017	4.8	-	0	ID=8_65;partial=00;start_type=ATG;rbs_motif=AGGAG/GGAGG;rbs_spacer=11-12bp;gc_cont=0.292;conf=75.14;score=4.81;cscore=-2.16;sscore=6.97;rscore=5.69;uscore=0.59;tscore=1.84;
NODE_8_length_78957_cov_311.645246	Prodigal_v2.6.3	CDS	55434	56159	42.1	-	0	ID=8_66;partial=00;start_type=ATG;rbs_motif=AGxAGG/AGGxGG;rbs_spacer=5-10bp;gc_cont=0.413;conf=99.99;score=42.07;cscore=25.79;sscore=16.28;rscore=11.15;uscore=1.86;tscore=3.92;
NODE_8_length_78957_cov_311.645246	Prodigal_v2.6.3	CDS	56230	56790	38.5	+	0	ID=8_67;partial=00;start_type=ATG;rbs_motif=AGGA;rbs_spacer=5-10bp;gc_cont=0.403;conf=99.99;score=38.52;cscore=25.63;sscore=12.89;rscore=7.02;uscore=1.94;tscore=3.92;
NODE_8_length_78957_cov_311.645246	Prodigal_v2.6.3	CDS	56890	57258	42.9	-	0	ID=8_68;partial=00;start_type=ATG;rbs_motif=AGGAG;rbs_spacer=5-10bp;gc_cont=0.355;conf=99.99;score=42.89;cscore=22.68;sscore=20.21;rscore=15.31;uscore=1.63;tscore=3.92;
NODE_8_length_78957_cov_311.645246	Prodigal_v2.6.3	CDS	57801	58997	50.9	+	0	ID=8_69;partial=00;start_type=ATG;rbs_motif=GGA/GAG/AGG;rbs_spacer=5-10bp;gc_cont=0.392;conf=100.00;score=50.92;cscore=46.34;sscore=4.58;rscore=-1.95;uscore=2.61;tscore=3.92;
NODE_8_length_78957_cov_311.645246	Prodigal_v2.6.3	CDS	59329	60966	151.1	+	0	ID=8_70;partial=00;start_type=ATG;rbs_motif=AGGAGG;rbs_spacer=5-10bp;gc_cont=0.404;conf=100.00;score=151.08;cscore=128.82;sscore=22.27;rscore=16.65;uscore=2.34;tscore=3.92;
NODE_8_length_78957_cov_311.645246	Prodigal_v2.6.3	CDS	60963	61274	32.9	+	0	ID=8_71;partial=00;start_type=TTG;rbs_motif=GGAG/GAGG;rbs_spacer=5-10bp;gc_cont=0.433;conf=99.95;score=32.93;cscore=27.67;sscore=5.25;rscore=10.35;uscore=1.10;tscore=-7.50;
NODE_8_length_78957_cov_311.645246	Prodigal_v2.6.3	CDS	61857	62132	1.6	-	0	ID=8_72;partial=00;start_type=ATG;rbs_motif=AGxAG;rbs_spacer=5-10bp;gc_cont=0.453;conf=58.85;score=1.56;cscore=2.94;sscore=-1.38;rscore=-2.05;uscore=-2.61;tscore=3.92;
NODE_8_length_78957_cov_311.645246	Prodigal_v2.6.3	CDS	62524	63354	102.1	-	0	ID=8_73;partial=00;start_type=ATG;rbs_motif=AGGAGG;rbs_spacer=5-10bp;gc_cont=0.431;conf=100.00;score=102.10;cscore=82.58;sscore=19.52;rscore=16.65;uscore=-1.06;tscore=3.92;
NODE_8_length_78957_cov_311.645246	Prodigal_v2.6.3	CDS	63421	64572	121.8	-	0	ID=8_74;partial=00;start_type=ATG;rbs_motif=AGxAGG/AGGxGG;rbs_spacer=5-10bp;gc_cont=0.392;conf=100.00;score=121.82;cscore=104.57;sscore=17.25;rscore=11.15;uscore=2.83;tscore=3.92;
NODE_8_length_78957_cov_311.645246	Prodigal_v2.6.3	CDS	65357	66406	128.0	-	0	ID=8_75;partial=00;start_type=ATG;rbs_motif=AGGAG;rbs_spacer=5-10bp;gc_cont=0.430;conf=100.00;score=128.03;cscore=106.93;sscore=21.10;rscore=15.31;uscore=1.16;tscore=3.92;
NODE_8_length_78957_cov_311.645246	Prodigal_v2.6.3	CDS	66459	67226	86.0	-	0	ID=8_76;partial=00;start_type=ATG;rbs_motif=AGGA;rbs_spacer=5-10bp;gc_cont=0.441;conf=100.00;score=86.03;cscore=72.79;sscore=13.24;rscore=7.02;uscore=1.03;tscore=3.92;
NODE_8_length_78957_cov_311.645246	Prodigal_v2.6.3	CDS	67220	68212	92.1	-	0	ID=8_77;partial=00;start_type=ATG;rbs_motif=AGGAG;rbs_spacer=5-10bp;gc_cont=0.417;conf=100.00;score=92.11;cscore=68.84;sscore=23.27;rscore=15.31;uscore=3.31;tscore=3.92;
NODE_8_length_78957_cov_311.645246	Prodigal_v2.6.3	CDS	68263	69246	49.7	-	0	ID=8_78;partial=00;start_type=GTG;rbs_motif=None;rbs_spacer=None;gc_cont=0.448;conf=100.00;score=49.71;cscore=70.41;sscore=-20.70;rscore=-15.61;uscore=-1.89;tscore=-4.36;
NODE_8_length_78957_cov_311.645246	Prodigal_v2.6.3	CDS	69231	70502	146.1	-	0	ID=8_79;partial=00;start_type=ATG;rbs_motif=AGGAG;rbs_spacer=5-10bp;gc_cont=0.430;conf=100.00;score=146.10;cscore=125.41;sscore=20.69;rscore=15.31;uscore=0.20;tscore=3.92;
NODE_8_length_78957_cov_311.645246	Prodigal_v2.6.3	CDS	70504	71643	130.0	-	0	ID=8_80;partial=00;start_type=ATG;rbs_motif=GGAG/GAGG;rbs_spacer=5-10bp;gc_cont=0.453;conf=100.00;score=129.98;cscore=113.83;sscore=16.15;rscore=10.35;uscore=0.70;tscore=3.92;
NODE_8_length_78957_cov_311.645246	Prodigal_v2.6.3	CDS	71653	72504	108.6	-	0	ID=8_81;partial=00;start_type=ATG;rbs_motif=AGxAGG/AGGxGG;rbs_spacer=5-10bp;gc_cont=0.405;conf=100.00;score=108.55;cscore=90.16;sscore=18.39;rscore=11.15;uscore=2.21;tscore=3.92;
NODE_8_length_78957_cov_311.645246	Prodigal_v2.6.3	CDS	72520	73284	102.7	-	0	ID=8_82;partial=00;start_type=ATG;rbs_motif=AGGAGG;rbs_spacer=5-10bp;gc_cont=0.434;conf=100.00;score=102.71;cscore=80.84;sscore=21.87;rscore=16.65;uscore=-0.61;tscore=3.92;
NODE_8_length_78957_cov_311.645246	Prodigal_v2.6.3	CDS	73281	74090	90.7	-	0	ID=8_83;partial=00;start_type=ATG;rbs_motif=GGAGG;rbs_spacer=5-10bp;gc_cont=0.442;conf=100.00;score=90.71;cscore=69.81;sscore=20.90;rscore=16.07;uscore=1.56;tscore=3.92;
NODE_8_length_78957_cov_311.645246	Prodigal_v2.6.3	CDS	74812	76452	171.7	-	0	ID=8_84;partial=00;start_type=ATG;rbs_motif=GGAGG;rbs_spacer=5-10bp;gc_cont=0.358;conf=100.00;score=171.72;cscore=148.80;sscore=22.92;rscore=16.07;uscore=3.58;tscore=3.92;
NODE_8_length_78957_cov_311.645246	Prodigal_v2.6.3	CDS	77047	77319	1.2	+	0	ID=8_85;partial=00;start_type=TTG;rbs_motif=GGA/GAG/AGG;rbs_spacer=11-12bp;gc_cont=0.451;conf=57.08;score=1.24;cscore=8.45;sscore=-7.21;rscore=-4.11;uscore=4.40;tscore=-7.50;
NODE_8_length_78957_cov_311.645246	Prodigal_v2.6.3	CDS	77572	77946	41.1	-	0	ID=8_86;partial=00;start_type=ATG;rbs_motif=AGGAG;rbs_spacer=5-10bp;gc_cont=0.405;conf=99.99;score=41.07;cscore=19.77;sscore=21.30;rscore=15.31;uscore=0.81;tscore=3.92;
NODE_8_length_78957_cov_311.645246	Prodigal_v2.6.3	CDS	77948	78757	105.2	-	0	ID=8_87;partial=00;start_type=ATG;rbs_motif=AGGAGG;rbs_spacer=5-10bp;gc_cont=0.405;conf=100.00;score=105.25;cscore=81.45;sscore=23.80;rscore=16.65;uscore=3.22;tscore=3.92;
# Sequence Data: seqnum=9;seqlen=65232;seqhdr="NODE_9_length_65232_cov_107.983117"
# Model Data: version=Prodigal.v2.6.3;run_type=Single;model="Ab initio";gc_cont=46.10;transl_table=11;uses_sd=1
NODE_9_length_65232_cov_107.983117	Prodigal_v2.6.3	CDS	3	170	10.4	-	0	ID=9_1;partial=10;start_type=ATG;rbs_motif=GGA/GAG/AGG;rbs_spacer=5-10bp;gc_cont=0.423;conf=91.62;score=10.41;cscore=7.24;sscore=3.16;rscore=-1.95;uscore=0.07;tscore=3.92;
NODE_9_length_65232_cov_107.983117	Prodigal_v2.6.3	CDS	185	1759	206.2	-	0	ID=9_2;partial=00;start_type=ATG;rbs_motif=AGGA;rbs_spacer=5-10bp;gc_cont=0.446;conf=99.99;score=206.21;cscore=195.20;sscore=11.00;rscore=7.02;uscore=0.06;tscore=3.92;
NODE_9_length_65232_cov_107.983117	Prodigal_v2.6.3	CDS	1825	3171	163.3	-	0	ID=9_3;partial=00;start_type=ATG;rbs_motif=GGA/GAG/AGG;rbs_spacer=11-12bp;gc_cont=0.477;conf=100.00;score=163.34;cscore=161.98;sscore=1.36;rscore=-4.11;uscore=1.55;tscore=3.92;
NODE_9_length_65232_cov_107.983117	Prodigal_v2.6.3	CDS	3247	4425	144.2	-	0	ID=9_4;partial=00;start_type=ATG;rbs_motif=GGAGG;rbs_spacer=5-10bp;gc_cont=0.414;conf=100.00;score=144.16;cscore=124.78;sscore=19.37;rscore=16.07;uscore=0.03;tscore=3.92;
NODE_9_length_65232_cov_107.983117	Prodigal_v2.6.3	CDS	4502	4936	64.1	+	0	ID=9_5;partial=00;start_type=TTG;rbs_motif=AGxAGG/AGGxGG;rbs_spacer=5-10bp;gc_cont=0.515;conf=100.00;score=64.10;cscore=55.69;sscore=8.41;rscore=11.15;uscore=4.76;tscore=-7.50;
NODE_9_length_65232_cov_107.983117	Prodigal_v2.6.3	CDS	5075	5593	67.5	-	0	ID=9_6;partial=00;start_type=ATG;rbs_motif=GGAGG;rbs_spacer=5-10bp;gc_cont=0.447;conf=100.00;score=67.49;cscore=48.09;sscore=19.40;rscore=16.07;uscore=-1.57;tscore=3.92;
NODE_9_length_65232_cov_107.983117	Prodigal_v2.6.3	CDS	5621	6157	37.0	-	0	ID=9_7;partial=00;start_type=ATG;rbs_motif=None;rbs_spacer=None;gc_cont=0.479;conf=99.98;score=36.99;cscore=47.47;sscore=-10.48;rscore=-15.61;uscore=1.86;tscore=3.92;
NODE_9_length_65232_cov_107.983117	Prodigal_v2.6.3	CDS	6407	7201	98.6	-	0	ID=9_8;partial=00;start_type=ATG;rbs_motif=GGA/GAG/AGG;rbs_spacer=5-10bp;gc_cont=0.477;conf=100.00;score=98.65;cscore=93.60;sscore=5.05;rscore=-1.95;uscore=3.73;tscore=3.92;
NODE_9_length_65232_cov_107.983117	Prodigal_v2.6.3	CDS	7275	8810	144.5	+	0	ID=9_9;partial=00;start_type=ATG;rbs_motif=GGAGG;rbs_spacer=5-10bp;gc_cont=0.417;conf=100.00;score=144.46;cscore=119.22;sscore=25.24;rscore=16.07;uscore=5.24;tscore=3.92;
NODE_9_length_65232_cov_107.983117	Prodigal_v2.6.3	CDS	8804	9178	47.9	-	0	ID=9_10;partial=00;start_type=GTG;rbs_motif=GGAGG;rbs_spacer=5-10bp;gc_cont=0.427;conf=100.00;score=47.92;cscore=34.94;sscore=12.99;rscore=16.07;uscore=1.93;tscore=-4.36;
NODE_9_length_65232_cov_107.983117	Prodigal_v2.6.3	CDS	9256	10623	154.8	+	0	ID=9_11;partial=00;start_type=ATG;rbs_motif=AGGAG;rbs_spacer=5-10bp;gc_cont=0.485;conf=100.00;score=154.83;cscore=133.46;sscore=21.38;rscore=15.31;uscore=2.15;tscore=3.92;
NODE_9_length_65232_cov_107.983117	Prodigal_v2.6.3	CDS	10908	11381	75.1	+	0	ID=9_12;partial=00;start_type=ATG;rbs_motif=GGAG/GAGG;rbs_spacer=5-10bp;gc_cont=0.460;conf=100.00;score=75.13;cscore=60.60;sscore=14.53;rscore=10.35;uscore=0.91;tscore=3.92;
NODE_9_length_65232_cov_107.983117	Prodigal_v2.6.3	CDS	11465	12202	64.8	-	0	ID=9_13;partial=00;start_type=TTG;rbs_motif=AGxAGG/AGGxGG;rbs_spacer=5-10bp;gc_cont=0.408;conf=100.00;score=64.79;cscore=58.66;sscore=6.13;rscore=11.15;uscore=2.48;tscore=-7.50;
NODE_9_length_65232_cov_107.983117	Prodigal_v2.6.3	CDS	12346	13782	184.2	-	0	ID=9_14;partial=00;start_type=TTG;rbs_motif=AGGAGG;rbs_spacer=5-10bp;gc_cont=0.422;conf=99.99;score=184.22;cscore=171.40;sscore=12.83;rscore=16.65;uscore=2.97;tscore=-7.50;
NODE_9_length_65232_cov_107.983117	Prodigal_v2.6.3	CDS	13835	15199	148.0	-	0	ID=9_15;partial=00;start_type=ATG;rbs_motif=AGGAG;rbs_spacer=5-10bp;gc_cont=0.421;conf=100.00;score=147.98;cscore=127.62;sscore=20.36;rscore=15.31;uscore=0.10;tscore=3.92;
NODE_9_length_65232_cov_107.983117	Prodigal_v2.6.3	CDS	15222	15716	25.1	-	0	ID=9_16;partial=00;start_type=ATG;rbs_motif=AGGA/GGAG/GAGG;rbs_spacer=11-12bp;gc_cont=0.368;conf=99.69;score=25.07;cscore=12.10;sscore=12.97;rscore=5.64;uscore=2.41;tscore=3.92;
NODE_9_length_65232_cov_107.983117	Prodigal_v2.6.3	CDS	15743	16060	47.3	-	0	ID=9_17;partial=00;start_type=ATG;rbs_motif=AGGAGG;rbs_spacer=5-10bp;gc_cont=0.412;conf=100.00;score=47.32;cscore=28.63;sscore=18.69;rscore=16.65;uscore=-3.07;tscore=3.92;
NODE_9_length_65232_cov_107.983117	Prodigal_v2.6.3	CDS	16070	16384	53.6	-	0	ID=9_18;partial=00;start_type=ATG;rbs_motif=GGAG/GAGG;rbs_spacer=5-10bp;gc_cont=0.394;conf=100.00;score=53.56;cscore=35.90;sscore=17.66;rscore=10.35;uscore=4.04;tscore=3.92;
NODE_9_length_65232_cov_107.983117	Prodigal_v2.6.3	CDS	16705	18459	256.7	-	0	ID=9_19;partial=00;start_type=ATG;rbs_motif=GGAGG;rbs_spacer=5-10bp;gc_cont=0.473;conf=99.99;score=256.71;cscore=232.13;sscore=24.58;rscore=16.07;uscore=5.24;tscore=3.92;
NODE_9_length_65232_cov_107.983117	Prodigal_v2.6.3	CDS	18783	19949	145.4	-	0	ID=9_20;partial=00;start_type=ATG;rbs_motif=AGxAGG/AGGxGG;rbs_spacer=11-12bp;gc_cont=0.480;conf=100.00;score=145.41;cscore=133.41;sscore=12.01;rscore=5.02;uscore=1.91;tscore=3.92;
NODE_9_length_65232_cov_107.983117	Prodigal_v2.6.3	CDS	19933	21213	151.8	-	0	ID=9_21;partial=00;start_type=ATG;rbs_motif=GGAG/GAGG;rbs_spacer=5-10bp;gc_cont=0.504;conf=100.00;score=151.75;cscore=140.43;sscore=11.33;rscore=10.35;uscore=-4.10;tscore=3.92;
NODE_9_length_65232_cov_107.983117	Prodigal_v2.6.3	CDS	21225	22406	164.2	-	0	ID=9_22;partial=00;start_type=ATG;rbs_motif=AGGAGG;rbs_spacer=5-10bp;gc_cont=0.525;conf=100.00;score=164.23;cscore=147.82;sscore=16.41;rscore=16.65;uscore=-3.51;tscore=3.92;
NODE_9_length_65232_cov_107.983117	Prodigal_v2.6.3	CDS	22751	23050	42.8	+	0	ID=9_23;partial=00;start_type=ATG;rbs_motif=AGxAGG/AGGxGG;rbs_spacer=5-10bp;gc_cont=0.433;conf=99.99;score=42.84;cscore=25.97;sscore=16.87;rscore=11.15;uscore=1.79;tscore=3.92;
NODE_9_length_65232_cov_107.983117	Prodigal_v2.6.3	CDS	23051	23881	106.7	-	0	ID=9_24;partial=00;start_type=ATG;rbs_motif=AGGAGG;rbs_spacer=5-10bp;gc_cont=0.469;conf=100.00;score=106.73;cscore=82.63;sscore=24.10;rscore=16.65;uscore=3.52;tscore=3.92;
NODE_9_length_65232_cov_107.983117	Prodigal_v2.6.3	CDS	24029	24592	62.4	-	0	ID=9_25;partial=00;start_type=ATG;rbs_motif=GGAG/GAGG;rbs_spacer=5-10bp;gc_cont=0.459;conf=100.00;score=62.44;cscore=47.01;sscore=15.43;rscore=10.35;uscore=1.80;tscore=3.92;
NODE_9_length_65232_cov_107.983117	Prodigal_v2.6.3	CDS	24705	25523	77.6	+	0	ID=9_26;partial=00;start_type=ATG;rbs_motif=AGGA/GGAG/GAGG;rbs_spacer=11-12bp;gc_cont=0.504;conf=100.00;score=77.62;cscore=65.66;sscore=11.96;rscore=5.64;uscore=2.39;tscore=3.92;
NODE_9_length_65232_cov_107.983117	Prodigal_v2.6.3	CDS	25583	26722	159.7	-	0	ID=9_27;partial=00;start_type=TTG;rbs_motif=GGAGG;rbs_spacer=5-10bp;gc_cont=0.485;conf=100.00;score=159.73;cscore=147.49;sscore=12.25;rscore=16.07;uscore=3.68;tscore=-7.50;
NODE_9_length_65232_cov_107.983117	Prodigal_v2.6.3	CDS	26801	27406	89.6	-	0	ID=9_28;partial=00;start_type=ATG;rbs_motif=GGAGG;rbs_spacer=5-10bp;gc_cont=0.470;conf=100.00;score=89.59;cscore=67.88;sscore=21.72;rscore=16.07;uscore=2.37;tscore=3.92;
NODE_9_length_65232_cov_107.983117	Prodigal_v2.6.3	CDS	28046	28510	67.5	+	0	ID=9_29;partial=00;start_type=ATG;rbs_motif=AGGAG;rbs_spacer=5-10bp;gc_cont=0.462;conf=100.00;score=67.50;cscore=47.37;sscore=20.13;rscore=15.31;uscore=0.90;tscore=3.92;
NODE_9_length_65232_cov_107.983117	Prodigal_v2.6.3	CDS	28503	28955	40.6	-	0	ID=9_30;partial=00;start_type=ATG;rbs_motif=GGAGG;rbs_spacer=5-10bp;gc_cont=0.501;conf=99.99;score=40.58;cscore=20.02;sscore=20.56;rscore=16.07;uscore=0.56;tscore=3.92;
NODE_9_length_65232_cov_107.983117	Prodigal_v2.6.3	CDS	29097	29849	85.0	-	0	ID=9_31;partial=00;start_type=ATG;rbs_motif=GGA/GAG/AGG;rbs_spacer=11-12bp;gc_cont=0.507;conf=100.00;score=85.03;cscore=83.28;sscore=1.75;rscore=-4.11;uscore=0.69;tscore=3.92;
NODE_9_length_65232_cov_107.983117	Prodigal_v2.6.3	CDS	29842	30741	122.9	-	0	ID=9_32;partial=00;start_type=ATG;rbs_motif=AGGA/GGAG/GAGG;rbs_spacer=11-12bp;gc_cont=0.478;conf=100.00;score=122.94;cscore=110.94;sscore=12.00;rscore=5.64;uscore=1.13;tscore=3.92;
NODE_9_length_65232_cov_107.983117	Prodigal_v2.6.3	CDS	30738	31733	143.6	-	0	ID=9_33;partial=00;start_type=ATG;rbs_motif=GGAGG;rbs_spacer=5-10bp;gc_cont=0.470;conf=100.00;score=143.62;cscore=121.02;sscore=22.60;rscore=16.07;uscore=3.26;tscore=3.92;
NODE_9_length_65232_cov_107.983117	Prodigal_v2.6.3	CDS	31847	32068	1.2	+	0	ID=9_34;partial=00;start_type=ATG;rbs_motif=AGGA/GGAG/GAGG;rbs_spacer=11-12bp;gc_cont=0.518;conf=56.68;score=1.17;cscore=-6.51;sscore=7.68;rscore=4.94;uscore=-0.20;tscore=3.44;
NODE_9_length_65232_cov_107.983117	Prodigal_v2.6.3	CDS	32219	32656	55.1	-	0	ID=9_35;partial=00;start_type=ATG;rbs_motif=AGGA;rbs_spacer=5-10bp;gc_cont=0.470;conf=100.00;score=55.06;cscore=42.25;sscore=12.82;rscore=7.02;uscore=1.87;tscore=3.92;
NODE_9_length_65232_cov_107.983117	Prodigal_v2.6.3	CDS	32793	35453	387.2	-	0	ID=9_36;partial=00;start_type=TTG;rbs_motif=AGGAGG;rbs_spacer=5-10bp;gc_cont=0.496;conf=99.99;score=387.20;cscore=379.69;sscore=7.51;rscore=16.65;uscore=-0.99;tscore=-7.50;
NODE_9_length_65232_cov_107.983117	Prodigal_v2.6.3	CDS	35762	36919	131.3	-	0	ID=9_37;partial=00;start_type=ATG;rbs_motif=AGGAG/GGAGG;rbs_spacer=11-12bp;gc_cont=0.466;conf=100.00;score=131.34;cscore=113.41;sscore=17.94;rscore=12.17;uscore=2.50;tscore=3.92;
NODE_9_length_65232_cov_107.983117	Prodigal_v2.6.3	CDS	36986	37228	7.4	+	0	ID=9_38;partial=00;start_type=ATG;rbs_motif=AGGA/GGAG/GAGG;rbs_spacer=11-12bp;gc_cont=0.444;conf=84.58;score=7.40;cscore=-2.37;sscore=9.77;rscore=5.42;uscore=1.09;tscore=3.77;
NODE_9_length_65232_cov_107.983117	Prodigal_v2.6.3	CDS	37138	37965	139.0	-	0	ID=9_39;partial=00;start_type=ATG;rbs_motif=AGGAG;rbs_spacer=5-10bp;gc_cont=0.470;conf=100.00;score=138.99;cscore=116.88;sscore=22.11;rscore=15.31;uscore=1.63;tscore=3.92;
NODE_9_length_65232_cov_107.983117	Prodigal_v2.6.3	CDS	37968	39161	126.2	-	0	ID=9_40;partial=00;start_type=ATG;rbs_motif=GGAG/GAGG;rbs_spacer=5-10bp;gc_cont=0.451;conf=100.00;score=126.24;cscore=114.79;sscore=11.45;rscore=10.35;uscore=-4.07;tscore=3.92;
NODE_9_length_65232_cov_107.983117	Prodigal_v2.6.3	CDS	39165	40628	182.6	-	0	ID=9_41;partial=00;start_type=ATG;rbs_motif=GGAG/GAGG;rbs_spacer=5-10bp;gc_cont=0.462;conf=99.99;score=182.64;cscore=171.33;sscore=11.31;rscore=10.35;uscore=-2.31;tscore=3.92;
NODE_9_length_65232_cov_107.983117	Prodigal_v2.6.3	CDS	41158	41859	108.1	-	0	ID=9_42;partial=00;start_type=ATG;rbs_motif=GGAGG;rbs_spacer=5-10bp;gc_cont=0.466;conf=100.00;score=108.08;cscore=87.38;sscore=20.70;rscore=16.07;uscore=-0.30;tscore=3.92;
NODE_9_length_65232_cov_107.983117	Prodigal_v2.6.3	CDS	41884	43029	176.2	-	0	ID=9_43;partial=00;start_type=GTG;rbs_motif=AGGAG;rbs_spacer=5-10bp;gc_cont=0.469;conf=100.00;score=176.21;cscore=161.48;sscore=14.73;rscore=15.31;uscore=3.79;tscore=-4.36;
NODE_9_length_65232_cov_107.983117	Prodigal_v2.6.3	CDS	43136	43933	124.5	-	0	ID=9_44;partial=00;start_type=ATG;rbs_motif=AGGAGG;rbs_spacer=5-10bp;gc_cont=0.495;conf=100.00;score=124.46;cscore=101.80;sscore=22.65;rscore=16.65;uscore=0.93;tscore=3.92;
NODE_9_length_65232_cov_107.983117	Prodigal_v2.6.3	CDS	43946	45922	216.9	-	0	ID=9_45;partial=00;start_type=ATG;rbs_motif=GGA/GAG/AGG;rbs_spacer=5-10bp;gc_cont=0.477;conf=99.99;score=216.91;cscore=216.02;sscore=0.88;rscore=-1.95;uscore=-0.43;tscore=3.92;
NODE_9_length_65232_cov_107.983117	Prodigal_v2.6.3	CDS	46186	46296	7.2	-	0	ID=9_46;partial=00;start_type=ATG;rbs_motif=GGxGG;rbs_spacer=5-10bp;gc_cont=0.441;conf=84.10;score=7.25;cscore=4.73;sscore=2.51;rscore=1.37;uscore=-0.56;tscore=1.70;
NODE_9_length_65232_cov_107.983117	Prodigal_v2.6.3	CDS	46251	47078	106.5	-	0	ID=9_47;partial=00;start_type=ATG;rbs_motif=GGAGG;rbs_spacer=5-10bp;gc_cont=0.489;conf=100.00;score=106.49;cscore=86.23;sscore=20.26;rscore=16.07;uscore=0.27;tscore=3.92;
NODE_9_length_65232_cov_107.983117	Prodigal_v2.6.3	CDS	47140	48579	166.8	-	0	ID=9_48;partial=00;start_type=ATG;rbs_motif=AGGA;rbs_spacer=5-10bp;gc_cont=0.465;conf=100.00;score=166.79;cscore=152.70;sscore=14.09;rscore=7.02;uscore=3.80;tscore=3.92;
NODE_9_length_65232_cov_107.983117	Prodigal_v2.6.3	CDS	48991	51309	300.4	-	0	ID=9_49;partial=00;start_type=TTG;rbs_motif=GGAG/GAGG;rbs_spacer=5-10bp;gc_cont=0.447;conf=99.99;score=300.43;cscore=295.56;sscore=4.87;rscore=10.35;uscore=2.67;tscore=-7.50;
NODE_9_length_65232_cov_107.983117	Prodigal_v2.6.3	CDS	51735	52109	46.9	-	0	ID=9_50;partial=00;start_type=ATG;rbs_motif=AGxAGG/AGGxGG;rbs_spacer=5-10bp;gc_cont=0.464;conf=100.00;score=46.90;cscore=31.92;sscore=14.99;rscore=11.15;uscore=-0.09;tscore=3.92;
NODE_9_length_65232_cov_107.983117	Prodigal_v2.6.3	CDS	52249	52671	44.4	-	0	ID=9_51;partial=00;start_type=ATG;rbs_motif=AGxAGG/AGGxGG;rbs_spacer=5-10bp;gc_cont=0.428;conf=100.00;score=44.37;cscore=28.19;sscore=16.18;rscore=11.15;uscore=1.76;tscore=3.92;
NODE_9_length_65232_cov_107.983117	Prodigal_v2.6.3	CDS	53234	54664	170.2	+	0	ID=9_52;partial=00;start_type=ATG;rbs_motif=GGAGG;rbs_spacer=5-10bp;gc_cont=0.453;conf=100.00;score=170.17;cscore=151.97;sscore=18.20;rscore=16.07;uscore=-1.79;tscore=3.92;
NODE_9_length_65232_cov_107.983117	Prodigal_v2.6.3	CDS	54759	55895	107.4	+	0	ID=9_53;partial=00;start_type=ATG;rbs_motif=AGGAG;rbs_spacer=5-10bp;gc_cont=0.457;conf=100.00;score=107.37;cscore=88.63;sscore=18.74;rscore=15.31;uscore=-0.49;tscore=3.92;
NODE_9_length_65232_cov_107.983117	Prodigal_v2.6.3	CDS	56004	56321	28.2	-	0	ID=9_54;partial=00;start_type=ATG;rbs_motif=AGGAG;rbs_spacer=5-10bp;gc_cont=0.472;conf=99.85;score=28.17;cscore=10.26;sscore=17.91;rscore=15.31;uscore=-1.32;tscore=3.92;
NODE_9_length_65232_cov_107.983117	Prodigal_v2.6.3	CDS	56492	58159	216.0	-	0	ID=9_55;partial=00;start_type=ATG;rbs_motif=AGxAGG/AGGxGG;rbs_spacer=5-10bp;gc_cont=0.494;conf=99.99;score=216.04;cscore=200.18;sscore=15.86;rscore=11.15;uscore=1.44;tscore=3.92;
NODE_9_length_65232_cov_107.983117	Prodigal_v2.6.3	CDS	58374	58541	13.6	-	0	ID=9_56;partial=00;start_type=ATG;rbs_motif=GGAG/GAGG;rbs_spacer=5-10bp;gc_cont=0.435;conf=95.77;score=13.57;cscore=-0.37;sscore=13.94;rscore=6.83;uscore=4.13;tscore=2.59;
NODE_9_length_65232_cov_107.983117	Prodigal_v2.6.3	CDS	58577	60688	245.4	-	0	ID=9_57;partial=00;start_type=ATG;rbs_motif=GGAGG;rbs_spacer=5-10bp;gc_cont=0.482;conf=99.99;score=245.40;cscore=228.07;sscore=17.33;rscore=16.07;uscore=-3.85;tscore=3.92;
NODE_9_length_65232_cov_107.983117	Prodigal_v2.6.3	CDS	60675	61166	57.7	-	0	ID=9_58;partial=00;start_type=ATG;rbs_motif=GGA/GAG/AGG;rbs_spacer=5-10bp;gc_cont=0.528;conf=100.00;score=57.72;cscore=55.56;sscore=2.16;rscore=-1.95;uscore=0.85;tscore=3.92;
NODE_9_length_65232_cov_107.983117	Prodigal_v2.6.3	CDS	61366	62118	74.5	-	0	ID=9_59;partial=00;start_type=ATG;rbs_motif=GGA/GAG/AGG;rbs_spacer=5-10bp;gc_cont=0.477;conf=100.00;score=74.46;cscore=72.21;sscore=2.25;rscore=-1.95;uscore=0.93;tscore=3.92;
NODE_9_length_65232_cov_107.983117	Prodigal_v2.6.3	CDS	62729	63367	90.4	+	0	ID=9_60;partial=00;start_type=ATG;rbs_motif=AGGA/GGAG/GAGG;rbs_spacer=11-12bp;gc_cont=0.462;conf=100.00;score=90.42;cscore=77.12;sscore=13.30;rscore=5.64;uscore=3.73;tscore=3.92;
NODE_9_length_65232_cov_107.983117	Prodigal_v2.6.3	CDS	63406	63918	46.6	+	0	ID=9_61;partial=00;start_type=TTG;rbs_motif=GGAG/GAGG;rbs_spacer=5-10bp;gc_cont=0.456;conf=100.00;score=46.56;cscore=43.85;sscore=2.71;rscore=10.35;uscore=-1.00;tscore=-7.50;
NODE_9_length_65232_cov_107.983117	Prodigal_v2.6.3	CDS	64071	64595	58.2	-	0	ID=9_62;partial=00;start_type=ATG;rbs_motif=AGxAG;rbs_spacer=5-10bp;gc_cont=0.446;conf=100.00;score=58.22;cscore=53.44;sscore=4.78;rscore=-2.05;uscore=3.56;tscore=3.92;
NODE_9_length_65232_cov_107.983117	Prodigal_v2.6.3	CDS	65087	65230	2.8	+	0	ID=9_63;partial=01;start_type=ATG;rbs_motif=AGGA/GGAG/GAGG;rbs_spacer=11-12bp;gc_cont=0.556;conf=65.39;score=2.77;cscore=-1.54;sscore=4.31;rscore=5.64;uscore=-0.91;tscore=3.92;
# Sequence Data: seqnum=10;seqlen=64565;seqhdr="NODE_10_length_64565_cov_119.738261"
# Model Data: version=Prodigal.v2.6.3;run_type=Single;model="Ab initio";gc_cont=46.10;transl_table=11;uses_sd=1
NODE_10_length_64565_cov_119.738261	Prodigal_v2.6.3	CDS	146	352	12.3	-	0	ID=10_1;partial=00;start_type=ATG;rbs_motif=GGAG/GAGG;rbs_spacer=5-10bp;gc_cont=0.464;conf=94.42;score=12.30;cscore=2.04;sscore=10.26;rscore=8.45;uscore=-0.74;tscore=3.20;
NODE_10_length_64565_cov_119.738261	Prodigal_v2.6.3	CDS	622	1188	63.8	+	0	ID=10_2;partial=00;start_type=ATG;rbs_motif=GGxGG;rbs_spacer=5-10bp;gc_cont=0.501;conf=100.00;score=63.81;cscore=55.94;sscore=7.87;rscore=3.18;uscore=0.77;tscore=3.92;
NODE_10_length_64565_cov_119.738261	Prodigal_v2.6.3	CDS	1195	2538	156.6	+	0	ID=10_3;partial=00;start_type=ATG;rbs_motif=AGxAGG/AGGxGG;rbs_spacer=5-10bp;gc_cont=0.500;conf=100.00;score=156.59;cscore=142.04;sscore=14.55;rscore=11.15;uscore=-1.73;tscore=3.92;
NODE_10_length_64565_cov_119.738261	Prodigal_v2.6.3	CDS	2543	3190	52.4	+	0	ID=10_4;partial=00;start_type=ATG;rbs_motif=GGA/GAG/AGG;rbs_spacer=5-10bp;gc_cont=0.509;conf=100.00;score=52.41;cscore=51.62;sscore=0.79;rscore=-1.95;uscore=-2.41;tscore=3.92;
NODE_10_length_64565_cov_119.738261	Prodigal_v2.6.3	CDS	3278	3970	90.0	+	0	ID=10_5;partial=00;start_type=ATG;rbs_motif=AGGAG;rbs_spacer=5-10bp;gc_cont=0.499;conf=100.00;score=90.03;cscore=66.23;sscore=23.80;rscore=15.31;uscore=4.57;tscore=3.92;
NODE_10_length_64565_cov_119.738261	Prodigal_v2.6.3	CDS	3951	4451	47.3	+	0	ID=10_6;partial=00;start_type=ATG;rbs_motif=AGGAG;rbs_spacer=5-10bp;gc_cont=0.503;conf=100.00;score=47.25;cscore=29.24;sscore=18.01;rscore=15.31;uscore=-1.22;tscore=3.92;
NODE_10_length_64565_cov_119.738261	Prodigal_v2.6.3	CDS	4464	5306	109.1	+	0	ID=10_7;partial=00;start_type=ATG;rbs_motif=AGGAGG;rbs_spacer=5-10bp;gc_cont=0.512;conf=100.00;score=109.10;cscore=86.63;sscore=22.47;rscore=16.65;uscore=0.75;tscore=3.92;
NODE_10_length_64565_cov_119.738261	Prodigal_v2.6.3	CDS	5303	5944	92.8	+	0	ID=10_8;partial=00;start_type=ATG;rbs_motif=GGA/GAG/AGG;rbs_spacer=5-10bp;gc_cont=0.508;conf=100.00;score=92.79;cscore=87.57;sscore=5.22;rscore=-1.95;uscore=-1.64;tscore=3.92;
NODE_10_length_64565_cov_119.738261	Prodigal_v2.6.3	CDS	5934	6761	120.9	+	0	ID=10_9;partial=00;start_type=ATG;rbs_motif=AGxAGG/AGGxGG;rbs_spacer=5-10bp;gc_cont=0.528;conf=100.00;score=120.92;cscore=102.63;sscore=18.29;rscore=11.15;uscore=2.00;tscore=3.92;
NODE_10_length_64565_cov_119.738261	Prodigal_v2.6.3	CDS	7146	8594	134.0	+	0	ID=10_10;partial=00;start_type=GTG;rbs_motif=GGAGG;rbs_spacer=5-10bp;gc_cont=0.480;conf=100.00;score=133.99;cscore=124.32;sscore=9.67;rscore=16.07;uscore=-1.38;tscore=-4.36;
NODE_10_length_64565_cov_119.738261	Prodigal_v2.6.3	CDS	8899	9147	9.4	+	0	ID=10_11;partial=00;start_type=ATG;rbs_motif=GGA/GAG/AGG;rbs_spacer=5-10bp;gc_cont=0.402;conf=89.56;score=9.35;cscore=6.97;sscore=2.38;rscore=-1.99;uscore=0.50;tscore=3.86;
NODE_10_length_64565_cov_119.738261	Prodigal_v2.6.3	CDS	9528	10535	119.3	+	0	ID=10_12;partial=00;start_type=ATG;rbs_motif=GGA/GAG/AGG;rbs_spacer=11-12bp;gc_cont=0.477;conf=100.00;score=119.29;cscore=117.86;sscore=1.43;rscore=-4.11;uscore=2.27;tscore=3.92;
NODE_10_length_64565_cov_119.738261	Prodigal_v2.6.3	CDS	10595	10987	57.6	+	0	ID=10_13;partial=00;start_type=TTG;rbs_motif=AGGAGG;rbs_spacer=5-10bp;gc_cont=0.415;conf=100.00;score=57.57;cscore=47.31;sscore=10.26;rscore=16.65;uscore=1.11;tscore=-7.50;
NODE_10_length_64565_cov_119.738261	Prodigal_v2.6.3	CDS	11056	12558	215.6	+	0	ID=10_14;partial=00;start_type=ATG;rbs_motif=GGxGG;rbs_spacer=5-10bp;gc_cont=0.466;conf=99.99;score=215.63;cscore=209.33;sscore=6.29;rscore=3.18;uscore=-0.81;tscore=3.92;
NODE_10_length_64565_cov_119.738261	Prodigal_v2.6.3	CDS	12542	13522	116.1	+	0	ID=10_15;partial=00;start_type=ATG;rbs_motif=GGAG/GAGG;rbs_spacer=5-10bp;gc_cont=0.510;conf=100.00;score=116.13;cscore=100.73;sscore=15.41;rscore=10.35;uscore=-0.02;tscore=3.92;
NODE_10_length_64565_cov_119.738261	Prodigal_v2.6.3	CDS	13579	14538	139.4	+	0	ID=10_16;partial=00;start_type=ATG;rbs_motif=AGxAGG/AGGxGG;rbs_spacer=5-10bp;gc_cont=0.473;conf=100.00;score=139.42;cscore=122.63;sscore=16.79;rscore=11.15;uscore=1.05;tscore=3.92;
NODE_10_length_64565_cov_119.738261	Prodigal_v2.6.3	CDS	14678	15607	134.8	+	0	ID=10_17;partial=00;start_type=ATG;rbs_motif=GGAGG;rbs_spacer=5-10bp;gc_cont=0.528;conf=100.00;score=134.81;cscore=115.93;sscore=18.88;rscore=16.07;uscore=-1.12;tscore=3.92;
NODE_10_length_64565_cov_119.738261	Prodigal_v2.6.3	CDS	15741	15989	11.1	-	0	ID=10_18;partial=00;start_type=ATG;rbs_motif=None;rbs_spacer=None;gc_cont=0.454;conf=92.80;score=11.12;cscore=19.33;sscore=-8.21;rscore=-15.86;uscore=2.91;tscore=3.86;
NODE_10_length_64565_cov_119.738261	Prodigal_v2.6.3	CDS	16026	18017	257.2	-	0	ID=10_19;partial=00;start_type=ATG;rbs_motif=GGA/GAG/AGG;rbs_spacer=5-10bp;gc_cont=0.515;conf=99.99;score=257.17;cscore=251.07;sscore=6.10;rscore=-1.95;uscore=4.78;tscore=3.92;
NODE_10_length_64565_cov_119.738261	Prodigal_v2.6.3	CDS	18192	19574	131.8	+	0	ID=10_20;partial=00;start_type=TTG;rbs_motif=GGAGG;rbs_spacer=5-10bp;gc_cont=0.518;conf=100.00;score=131.80;cscore=122.75;sscore=9.05;rscore=16.07;uscore=0.48;tscore=-7.50;
NODE_10_length_64565_cov_119.738261	Prodigal_v2.6.3	CDS	19555	19989	40.8	+	0	ID=10_21;partial=00;start_type=ATG;rbs_motif=AGxAGG/AGGxGG;rbs_spacer=5-10bp;gc_cont=0.476;conf=99.99;score=40.80;cscore=25.90;sscore=14.90;rscore=11.15;uscore=-0.18;tscore=3.92;
NODE_10_length_64565_cov_119.738261	Prodigal_v2.6.3	CDS	19986	20549	46.7	+	0	ID=10_22;partial=00;start_type=TTG;rbs_motif=GGA/GAG/AGG;rbs_spacer=5-10bp;gc_cont=0.465;conf=100.00;score=46.74;cscore=49.58;sscore=-2.84;rscore=-1.95;uscore=3.37;tscore=-7.50;
NODE_10_length_64565_cov_119.738261	Prodigal_v2.6.3	CDS	20562	20777	37.3	+	0	ID=10_23;partial=00;start_type=ATG;rbs_motif=GGAG/GAGG;rbs_spacer=5-10bp;gc_cont=0.481;conf=99.98;score=37.34;cscore=28.03;sscore=9.31;rscore=8.82;uscore=-3.99;tscore=3.34;
NODE_10_length_64565_cov_119.738261	Prodigal_v2.6.3	CDS	21583	22281	4.2	+	0	ID=10_24;partial=00;start_type=GTG;rbs_motif=GGA/GAG/AGG;rbs_spacer=5-10bp;gc_cont=0.421;conf=72.54;score=4.23;cscore=12.53;sscore=-8.30;rscore=-1.95;uscore=-1.98;tscore=-4.36;
NODE_10_length_64565_cov_119.738261	Prodigal_v2.6.3	CDS	22315	23031	5.3	+	0	ID=10_25;partial=00;start_type=ATG;rbs_motif=None;rbs_spacer=None;gc_cont=0.367;conf=77.13;score=5.29;cscore=12.69;sscore=-7.41;rscore=-15.61;uscore=3.36;tscore=3.92;
NODE_10_length_64565_cov_119.738261	Prodigal_v2.6.3	CDS	23114	23503	22.1	-	0	ID=10_26;partial=00;start_type=ATG;rbs_motif=AGxAG;rbs_spacer=5-10bp;gc_cont=0.467;conf=99.39;score=22.14;cscore=22.26;sscore=-0.12;rscore=-2.05;uscore=-1.99;tscore=3.92;
NODE_10_length_64565_cov_119.738261	Prodigal_v2.6.3	CDS	23535	24059	47.3	-	0	ID=10_27;partial=00;start_type=ATG;rbs_motif=AGxAGG/AGGxGG;rbs_spacer=11-12bp;gc_cont=0.392;conf=100.00;score=47.28;cscore=33.95;sscore=13.33;rscore=5.02;uscore=3.17;tscore=3.92;
NODE_10_length_64565_cov_119.738261	Prodigal_v2.6.3	CDS	24049	24684	96.4	-	0	ID=10_28;partial=00;start_type=ATG;rbs_motif=AGGAG;rbs_spacer=5-10bp;gc_cont=0.409;conf=100.00;score=96.45;cscore=76.24;sscore=20.20;rscore=15.31;uscore=-0.16;tscore=3.92;
NODE_10_length_64565_cov_119.738261	Prodigal_v2.6.3	CDS	24698	25426	53.9	-	0	ID=10_29;partial=00;start_type=ATG;rbs_motif=AGGAGG;rbs_spacer=5-10bp;gc_cont=0.429;conf=100.00;score=53.85;cscore=31.98;sscore=21.87;rscore=16.65;uscore=-2.28;tscore=3.92;
NODE_10_length_64565_cov_119.738261	Prodigal_v2.6.3	CDS	25423	26103	29.2	-	0	ID=10_30;partial=00;start_type=TTG;rbs_motif=GGAG/GAGG;rbs_spacer=5-10bp;gc_cont=0.402;conf=99.88;score=29.19;cscore=25.31;sscore=3.88;rscore=10.35;uscore=-0.19;tscore=-7.50;
NODE_10_length_64565_cov_119.738261	Prodigal_v2.6.3	CDS	26093	26881	41.8	-	0	ID=10_31;partial=00;start_type=ATG;rbs_motif=GGAG/GAGG;rbs_spacer=5-10bp;gc_cont=0.404;conf=99.99;score=41.80;cscore=26.54;sscore=15.26;rscore=10.35;uscore=1.64;tscore=3.92;
NODE_10_length_64565_cov_119.738261	Prodigal_v2.6.3	CDS	27332	28858	210.5	+	0	ID=10_32;partial=00;start_type=TTG;rbs_motif=GGAGG;rbs_spacer=5-10bp;gc_cont=0.507;conf=99.99;score=210.54;cscore=198.01;sscore=12.54;rscore=16.07;uscore=3.97;tscore=-7.50;
NODE_10_length_64565_cov_119.738261	Prodigal_v2.6.3	CDS	29129	31225	258.8	+	0	ID=10_33;partial=00;start_type=ATG;rbs_motif=AGGAGG;rbs_spacer=5-10bp;gc_cont=0.443;conf=99.99;score=258.84;cscore=240.05;sscore=18.80;rscore=16.65;uscore=-1.13;tscore=3.92;
NODE_10_length_64565_cov_119.738261	Prodigal_v2.6.3	CDS	31226	31537	44.1	+	0	ID=10_34;partial=00;start_type=ATG;rbs_motif=AGGAG;rbs_spacer=5-10bp;gc_cont=0.442;conf=100.00;score=44.10;cscore=20.44;sscore=23.66;rscore=15.31;uscore=3.16;tscore=3.92;
NODE_10_length_64565_cov_119.738261	Prodigal_v2.6.3	CDS	31679	32965	161.3	+	0	ID=10_35;partial=00;start_type=ATG;rbs_motif=AGxAGG/AGGxGG;rbs_spacer=5-10bp;gc_cont=0.491;conf=100.00;score=161.34;cscore=145.53;sscore=15.82;rscore=11.15;uscore=0.74;tscore=3.92;
NODE_10_length_64565_cov_119.738261	Prodigal_v2.6.3	CDS	32982	33404	50.1	+	0	ID=10_36;partial=00;start_type=ATG;rbs_motif=GGA/GAG/AGG;rbs_spacer=5-10bp;gc_cont=0.433;conf=100.00;score=50.07;cscore=45.57;sscore=4.50;rscore=-1.95;uscore=1.43;tscore=3.92;
NODE_10_length_64565_cov_119.738261	Prodigal_v2.6.3	CDS	33426	34286	121.7	+	0	ID=10_37;partial=00;start_type=ATG;rbs_motif=GGAGG;rbs_spacer=5-10bp;gc_cont=0.466;conf=100.00;score=121.71;cscore=100.90;sscore=20.81;rscore=16.07;uscore=-0.23;tscore=3.92;
NODE_10_length_64565_cov_119.738261	Prodigal_v2.6.3	CDS	34399	35040	79.8	+	0	ID=10_38;partial=00;start_type=ATG;rbs_motif=AGGAG;rbs_spacer=5-10bp;gc_cont=0.481;conf=100.00;score=79.84;cscore=62.35;sscore=17.49;rscore=15.31;uscore=-1.74;tscore=3.92;
NODE_10_length_64565_cov_119.738261	Prodigal_v2.6.3	CDS	35327	36157	81.2	+	0	ID=10_39;partial=00;start_type=GTG;rbs_motif=GGAG/GAGG;rbs_spacer=5-10bp;gc_cont=0.419;conf=100.00;score=81.23;cscore=74.89;sscore=6.34;rscore=10.35;uscore=1.00;tscore=-4.36;
NODE_10_length_64565_cov_119.738261	Prodigal_v2.6.3	CDS	36150	37019	78.1	+	0	ID=10_40;partial=00;start_type=ATG;rbs_motif=GGA/GAG/AGG;rbs_spacer=5-10bp;gc_cont=0.416;conf=100.00;score=78.13;cscore=70.78;sscore=7.35;rscore=-1.95;uscore=4.13;tscore=3.92;
NODE_10_length_64565_cov_119.738261	Prodigal_v2.6.3	CDS	37059	38054	144.8	+	0	ID=10_41;partial=00;start_type=ATG;rbs_motif=AGGAGG;rbs_spacer=5-10bp;gc_cont=0.444;conf=100.00;score=144.76;cscore=122.84;sscore=21.92;rscore=16.65;uscore=0.49;tscore=3.92;
NODE_10_length_64565_cov_119.738261	Prodigal_v2.6.3	CDS	38609	39388	70.1	+	0	ID=10_42;partial=00;start_type=ATG;rbs_motif=AGGAGG;rbs_spacer=5-10bp;gc_cont=0.405;conf=100.00;score=70.07;cscore=48.60;sscore=21.47;rscore=16.65;uscore=1.55;tscore=3.92;
NODE_10_length_64565_cov_119.738261	Prodigal_v2.6.3	CDS	39659	39913	9.2	+	0	ID=10_43;partial=00;start_type=ATG;rbs_motif=AGxAGG/AGGxGG;rbs_spacer=5-10bp;gc_cont=0.333;conf=89.26;score=9.21;cscore=-4.31;sscore=13.52;rscore=11.15;uscore=-0.41;tscore=3.92;
NODE_10_length_64565_cov_119.738261	Prodigal_v2.6.3	CDS	40632	42671	159.1	+	0	ID=10_44;partial=00;start_type=ATG;rbs_motif=AGGAG;rbs_spacer=5-10bp;gc_cont=0.428;conf=100.00;score=159.10;cscore=138.92;sscore=20.17;rscore=15.31;uscore=1.59;tscore=3.92;
NODE_10_length_64565_cov_119.738261	Prodigal_v2.6.3	CDS	42676	43293	48.7	+	0	ID=10_45;partial=00;start_type=GTG;rbs_motif=GGxGG;rbs_spacer=5-10bp;gc_cont=0.421;conf=100.00;score=48.72;cscore=51.29;sscore=-2.57;rscore=3.18;uscore=-2.62;tscore=-4.36;
NODE_10_length_64565_cov_119.738261	Prodigal_v2.6.3	CDS	44723	44899	1.1	+	0	ID=10_46;partial=00;start_type=ATG;rbs_motif=AGGA/GGAG/GAGG;rbs_spacer=11-12bp;gc_cont=0.362;conf=56.24;score=1.09;cscore=-3.94;sscore=5.03;rscore=3.93;uscore=-0.48;tscore=2.73;
NODE_10_length_64565_cov_119.738261	Prodigal_v2.6.3	CDS	44905	45303	60.2	-	0	ID=10_47;partial=00;start_type=ATG;rbs_motif=AGGAG;rbs_spacer=5-10bp;gc_cont=0.409;conf=100.00;score=60.21;cscore=38.59;sscore=21.62;rscore=15.31;uscore=2.39;tscore=3.92;
NODE_10_length_64565_cov_119.738261	Prodigal_v2.6.3	CDS	45416	45787	13.3	-	0	ID=10_48;partial=00;start_type=GTG;rbs_motif=AGGA;rbs_spacer=5-10bp;gc_cont=0.403;conf=95.49;score=13.28;cscore=7.40;sscore=5.89;rscore=7.02;uscore=3.88;tscore=-4.36;
NODE_10_length_64565_cov_119.738261	Prodigal_v2.6.3	CDS	47714	48643	92.0	+	0	ID=10_49;partial=00;start_type=ATG;rbs_motif=GGAG/GAGG;rbs_spacer=5-10bp;gc_cont=0.417;conf=100.00;score=92.02;cscore=74.35;sscore=17.67;rscore=10.35;uscore=3.39;tscore=3.92;
NODE_10_length_64565_cov_119.738261	Prodigal_v2.6.3	CDS	48740	49450	45.7	-	0	ID=10_50;partial=00;start_type=ATG;rbs_motif=AGGAGG;rbs_spacer=5-10bp;gc_cont=0.416;conf=100.00;score=45.67;cscore=23.74;sscore=21.94;rscore=16.65;uscore=1.36;tscore=3.92;
NODE_10_length_64565_cov_119.738261	Prodigal_v2.6.3	CDS	49534	50517	99.7	-	0	ID=10_51;partial=00;start_type=TTG;rbs_motif=GGAG/GAGG;rbs_spacer=5-10bp;gc_cont=0.431;conf=100.00;score=99.73;cscore=94.13;sscore=5.60;rscore=10.35;uscore=3.40;tscore=-7.50;
NODE_10_length_64565_cov_119.738261	Prodigal_v2.6.3	CDS	50876	51700	93.6	+	0	ID=10_52;partial=00;start_type=ATG;rbs_motif=AGGAGG;rbs_spacer=5-10bp;gc_cont=0.444;conf=100.00;score=93.60;cscore=70.42;sscore=23.18;rscore=16.65;uscore=2.60;tscore=3.92;
NODE_10_length_64565_cov_119.738261	Prodigal_v2.6.3	CDS	51687	52523	99.6	+	0	ID=10_53;partial=00;start_type=ATG;rbs_motif=AGxAGG/AGGxGG;rbs_spacer=5-10bp;gc_cont=0.419;conf=100.00;score=99.63;cscore=83.33;sscore=16.30;rscore=11.15;uscore=0.04;tscore=3.92;
NODE_10_length_64565_cov_119.738261	Prodigal_v2.6.3	CDS	52548	54035	145.4	+	0	ID=10_54;partial=00;start_type=ATG;rbs_motif=AGGAGG;rbs_spacer=5-10bp;gc_cont=0.418;conf=100.00;score=145.39;cscore=122.96;sscore=22.43;rscore=16.65;uscore=0.84;tscore=3.92;
NODE_10_length_64565_cov_119.738261	Prodigal_v2.6.3	CDS	54061	54879	66.1	+	0	ID=10_55;partial=00;start_type=ATG;rbs_motif=AGxAGG/AGGxGG;rbs_spacer=5-10bp;gc_cont=0.458;conf=100.00;score=66.13;cscore=45.19;sscore=20.95;rscore=11.15;uscore=4.87;tscore=3.92;
NODE_10_length_64565_cov_119.738261	Prodigal_v2.6.3	CDS	54882	55661	70.7	+	0	ID=10_56;partial=00;start_type=ATG;rbs_motif=AGxAG;rbs_spacer=5-10bp;gc_cont=0.427;conf=100.00;score=70.66;cscore=63.03;sscore=7.63;rscore=-2.05;uscore=4.50;tscore=3.92;
NODE_10_length_64565_cov_119.738261	Prodigal_v2.6.3	CDS	55674	56798	87.5	+	0	ID=10_57;partial=00;start_type=ATG;rbs_motif=AGxAGG/AGGxGG;rbs_spacer=5-10bp;gc_cont=0.401;conf=100.00;score=87.54;cscore=69.91;sscore=17.63;rscore=11.15;uscore=1.41;tscore=3.92;
NODE_10_length_64565_cov_119.738261	Prodigal_v2.6.3	CDS	57146	58081	102.1	+	0	ID=10_58;partial=00;start_type=ATG;rbs_motif=AGGAGG;rbs_spacer=5-10bp;gc_cont=0.436;conf=100.00;score=102.08;cscore=80.12;sscore=21.96;rscore=16.65;uscore=2.03;tscore=3.92;
NODE_10_length_64565_cov_119.738261	Prodigal_v2.6.3	CDS	58093	59487	149.6	+	0	ID=10_59;partial=00;start_type=ATG;rbs_motif=AGGAGG;rbs_spacer=5-10bp;gc_cont=0.422;conf=100.00;score=149.61;cscore=126.86;sscore=22.74;rscore=16.65;uscore=1.01;tscore=3.92;
NODE_10_length_64565_cov_119.738261	Prodigal_v2.6.3	CDS	59503	60000	43.5	+	0	ID=10_60;partial=00;start_type=ATG;rbs_motif=GGAG/GAGG;rbs_spacer=5-10bp;gc_cont=0.418;conf=100.00;score=43.54;cscore=28.03;sscore=15.51;rscore=10.35;uscore=0.13;tscore=3.92;
NODE_10_length_64565_cov_119.738261	Prodigal_v2.6.3	CDS	60043	60783	79.3	+	0	ID=10_61;partial=00;start_type=ATG;rbs_motif=GGAG/GAGG;rbs_spacer=5-10bp;gc_cont=0.402;conf=100.00;score=79.26;cscore=61.19;sscore=18.08;rscore=10.35;uscore=2.99;tscore=3.92;
NODE_10_length_64565_cov_119.738261	Prodigal_v2.6.3	CDS	60928	61725	74.1	-	0	ID=10_62;partial=00;start_type=ATG;rbs_motif=GGAG/GAGG;rbs_spacer=5-10bp;gc_cont=0.410;conf=100.00;score=74.10;cscore=55.48;sscore=18.61;rscore=10.35;uscore=3.17;tscore=3.92;
NODE_10_length_64565_cov_119.738261	Prodigal_v2.6.3	CDS	61736	62578	102.4	-	0	ID=10_63;partial=00;start_type=ATG;rbs_motif=GGAGG;rbs_spacer=5-10bp;gc_cont=0.448;conf=100.00;score=102.44;cscore=79.22;sscore=23.22;rscore=16.07;uscore=1.99;tscore=3.92;
NODE_10_length_64565_cov_119.738261	Prodigal_v2.6.3	CDS	62582	63349	99.0	-	0	ID=10_64;partial=00;start_type=ATG;rbs_motif=AGGAGG;rbs_spacer=5-10bp;gc_cont=0.447;conf=100.00;score=98.98;cscore=73.38;sscore=25.60;rscore=16.65;uscore=4.02;tscore=3.92;
NODE_10_length_64565_cov_119.738261	Prodigal_v2.6.3	CDS	63375	63884	71.8	-	0	ID=10_65;partial=00;start_type=ATG;rbs_motif=GGAGG;rbs_spacer=5-10bp;gc_cont=0.388;conf=100.00;score=71.76;cscore=44.69;sscore=27.07;rscore=16.07;uscore=6.10;tscore=3.92;
NODE_10_length_64565_cov_119.738261	Prodigal_v2.6.3	CDS	63912	64319	60.1	-	0	ID=10_66;partial=00;start_type=ATG;rbs_motif=AGGAGG;rbs_spacer=5-10bp;gc_cont=0.402;conf=100.00;score=60.15;cscore=36.23;sscore=23.92;rscore=16.65;uscore=3.34;tscore=3.92;
# Sequence Data: seqnum=11;seqlen=60639;seqhdr="NODE_11_length_60639_cov_107.161487"
# Model Data: version=Prodigal.v2.6.3;run_type=Single;model="Ab initio";gc_cont=46.10;transl_table=11;uses_sd=1
NODE_11_length_60639_cov_107.161487	Prodigal_v2.6.3	CDS	399	758	37.6	-	0	ID=11_1;partial=00;start_type=TTG;rbs_motif=AGGAG;rbs_spacer=5-10bp;gc_cont=0.478;conf=99.98;score=37.55;cscore=28.93;sscore=8.62;rscore=15.31;uscore=0.81;tscore=-7.50;
NODE_11_length_60639_cov_107.161487	Prodigal_v2.6.3	CDS	846	1430	89.7	-	0	ID=11_2;partial=00;start_type=ATG;rbs_motif=AGGAG;rbs_spacer=5-10bp;gc_cont=0.456;conf=100.00;score=89.73;cscore=69.81;sscore=19.92;rscore=15.31;uscore=1.34;tscore=3.92;
NODE_11_length_60639_cov_107.161487	Prodigal_v2.6.3	CDS	1654	2640	140.5	+	0	ID=11_3;partial=00;start_type=ATG;rbs_motif=GGAG/GAGG;rbs_spacer=5-10bp;gc_cont=0.494;conf=100.00;score=140.48;cscore=122.46;sscore=18.02;rscore=10.35;uscore=3.74;tscore=3.92;
NODE_11_length_60639_cov_107.161487	Prodigal_v2.6.3	CDS	2679	3182	85.0	+	0	ID=11_4;partial=00;start_type=ATG;rbs_motif=AGGAG;rbs_spacer=5-10bp;gc_cont=0.440;conf=100.00;score=84.96;cscore=65.74;sscore=19.22;rscore=15.31;uscore=-0.87;tscore=3.92;
NODE_11_length_60639_cov_107.161487	Prodigal_v2.6.3	CDS	3268	3921	80.1	+	0	ID=11_5;partial=00;start_type=ATG;rbs_motif=AGGAG;rbs_spacer=5-10bp;gc_cont=0.505;conf=100.00;score=80.14;cscore=58.66;sscore=21.48;rscore=15.31;uscore=2.25;tscore=3.92;
NODE_11_length_60639_cov_107.161487	Prodigal_v2.6.3	CDS	4009	4632	62.9	-	0	ID=11_6;partial=00;start_type=ATG;rbs_motif=GGAGG;rbs_spacer=5-10bp;gc_cont=0.463;conf=100.00;score=62.89;cscore=42.28;sscore=20.61;rscore=16.07;uscore=-0.60;tscore=3.92;
NODE_11_length_60639_cov_107.161487	Prodigal_v2.6.3	CDS	4638	5414	121.5	-	0	ID=11_7;partial=00;start_type=TTG;rbs_motif=AGxAGG/AGGxGG;rbs_spacer=5-10bp;gc_cont=0.470;conf=100.00;score=121.48;cscore=113.59;sscore=7.89;rscore=11.15;uscore=3.05;tscore=-7.50;
NODE_11_length_60639_cov_107.161487	Prodigal_v2.6.3	CDS	5423	6067	80.2	-	0	ID=11_8;partial=00;start_type=ATG;rbs_motif=AGGAGG;rbs_spacer=5-10bp;gc_cont=0.465;conf=100.00;score=80.23;cscore=57.58;sscore=22.65;rscore=16.65;uscore=1.33;tscore=3.92;
NODE_11_length_60639_cov_107.161487	Prodigal_v2.6.3	CDS	6117	7493	173.3	-	0	ID=11_9;partial=00;start_type=GTG;rbs_motif=GGAGG;rbs_spacer=5-10bp;gc_cont=0.468;conf=100.00;score=173.34;cscore=162.41;sscore=10.92;rscore=16.07;uscore=-0.78;tscore=-4.36;
NODE_11_length_60639_cov_107.161487	Prodigal_v2.6.3	CDS	7605	8207	69.8	-	0	ID=11_10;partial=00;start_type=ATG;rbs_motif=AGGA;rbs_spacer=5-10bp;gc_cont=0.444;conf=100.00;score=69.83;cscore=59.50;sscore=10.33;rscore=7.02;uscore=-1.88;tscore=3.92;
NODE_11_length_60639_cov_107.161487	Prodigal_v2.6.3	CDS	8209	8946	94.6	-	0	ID=11_11;partial=00;start_type=ATG;rbs_motif=AGxAGG/AGGxGG;rbs_spacer=5-10bp;gc_cont=0.462;conf=100.00;score=94.59;cscore=76.45;sscore=18.15;rscore=11.15;uscore=1.78;tscore=3.92;
NODE_11_length_60639_cov_107.161487	Prodigal_v2.6.3	CDS	8943	10010	123.1	-	0	ID=11_12;partial=00;start_type=GTG;rbs_motif=AGGAGG;rbs_spacer=5-10bp;gc_cont=0.448;conf=100.00;score=123.13;cscore=113.26;sscore=9.87;rscore=16.65;uscore=-1.76;tscore=-4.36;
NODE_11_length_60639_cov_107.161487	Prodigal_v2.6.3	CDS	10314	10628	48.8	-	0	ID=11_13;partial=00;start_type=ATG;rbs_motif=AGGAG;rbs_spacer=5-10bp;gc_cont=0.448;conf=100.00;score=48.82;cscore=26.17;sscore=22.65;rscore=15.31;uscore=4.07;tscore=3.92;
NODE_11_length_60639_cov_107.161487	Prodigal_v2.6.3	CDS	10747	12087	151.4	+	0	ID=11_14;partial=00;start_type=ATG;rbs_motif=AGGAG;rbs_spacer=5-10bp;gc_cont=0.463;conf=100.00;score=151.41;cscore=130.98;sscore=20.43;rscore=15.31;uscore=1.20;tscore=3.92;
NODE_11_length_60639_cov_107.161487	Prodigal_v2.6.3	CDS	12226	13629	204.9	+	0	ID=11_15;partial=00;start_type=ATG;rbs_motif=AGxAGG/AGGxGG;rbs_spacer=5-10bp;gc_cont=0.490;conf=99.99;score=204.88;cscore=185.92;sscore=18.96;rscore=11.15;uscore=3.89;tscore=3.92;
NODE_11_length_60639_cov_107.161487	Prodigal_v2.6.3	CDS	13742	14494	79.2	+	0	ID=11_16;partial=00;start_type=ATG;rbs_motif=AGGA;rbs_spacer=5-10bp;gc_cont=0.507;conf=100.00;score=79.21;cscore=67.98;sscore=11.23;rscore=7.02;uscore=0.28;tscore=3.92;
NODE_11_length_60639_cov_107.161487	Prodigal_v2.6.3	CDS	14501	15184	86.6	-	0	ID=11_17;partial=00;start_type=ATG;rbs_motif=AGGAG;rbs_spacer=5-10bp;gc_cont=0.465;conf=100.00;score=86.64;cscore=67.59;sscore=19.04;rscore=15.31;uscore=0.46;tscore=3.92;
NODE_11_length_60639_cov_107.161487	Prodigal_v2.6.3	CDS	15486	18269	350.0	+	0	ID=11_18;partial=00;start_type=TTG;rbs_motif=AGxAGG/AGGxGG;rbs_spacer=5-10bp;gc_cont=0.468;conf=99.99;score=349.96;cscore=342.97;sscore=6.99;rscore=11.15;uscore=3.34;tscore=-7.50;
NODE_11_length_60639_cov_107.161487	Prodigal_v2.6.3	CDS	18394	19395	140.4	-	0	ID=11_19;partial=00;start_type=TTG;rbs_motif=AGGAG;rbs_spacer=5-10bp;gc_cont=0.463;conf=100.00;score=140.41;cscore=134.14;sscore=6.28;rscore=15.31;uscore=-0.88;tscore=-7.50;
NODE_11_length_60639_cov_107.161487	Prodigal_v2.6.3	CDS	19703	20806	155.3	+	0	ID=11_20;partial=00;start_type=ATG;rbs_motif=AGGAGG;rbs_spacer=5-10bp;gc_cont=0.490;conf=100.00;score=155.33;cscore=136.91;sscore=18.42;rscore=16.65;uscore=-2.16;tscore=3.92;
NODE_11_length_60639_cov_107.161487	Prodigal_v2.6.3	CDS	20900	21421	59.4	-	0	ID=11_21;partial=00;start_type=ATG;rbs_motif=AGGAG;rbs_spacer=5-10bp;gc_cont=0.500;conf=100.00;score=59.44;cscore=42.47;sscore=16.96;rscore=15.31;uscore=-1.61;tscore=3.92;
NODE_11_length_60639_cov_107.161487	Prodigal_v2.6.3	CDS	21647	22174	87.6	-	0	ID=11_22;partial=00;start_type=ATG;rbs_motif=AGxAGG/AGGxGG;rbs_spacer=5-10bp;gc_cont=0.464;conf=100.00;score=87.57;cscore=66.53;sscore=21.04;rscore=11.15;uscore=4.85;tscore=3.92;
NODE_11_length_60639_cov_107.161487	Prodigal_v2.6.3	CDS	22189	22617	71.9	-	0	ID=11_23;partial=00;start_type=ATG;rbs_motif=AGGAGG;rbs_spacer=5-10bp;gc_cont=0.492;conf=100.00;score=71.87;cscore=49.72;sscore=22.15;rscore=16.65;uscore=2.22;tscore=3.92;
NODE_11_length_60639_cov_107.161487	Prodigal_v2.6.3	CDS	22901	23785	104.5	+	0	ID=11_24;partial=00;start_type=GTG;rbs_motif=AGGAGG;rbs_spacer=5-10bp;gc_cont=0.470;conf=100.00;score=104.49;cscore=90.35;sscore=14.14;rscore=16.65;uscore=1.85;tscore=-4.36;
NODE_11_length_60639_cov_107.161487	Prodigal_v2.6.3	CDS	23846	24748	122.8	+	0	ID=11_25;partial=00;start_type=ATG;rbs_motif=AGGAG;rbs_spacer=5-10bp;gc_cont=0.492;conf=100.00;score=122.77;cscore=103.16;sscore=19.61;rscore=15.31;uscore=0.38;tscore=3.92;
NODE_11_length_60639_cov_107.161487	Prodigal_v2.6.3	CDS	24834	25319	66.7	-	0	ID=11_26;partial=00;start_type=ATG;rbs_motif=AGGAG;rbs_spacer=5-10bp;gc_cont=0.409;conf=100.00;score=66.70;cscore=47.22;sscore=19.48;rscore=15.31;uscore=0.90;tscore=3.92;
NODE_11_length_60639_cov_107.161487	Prodigal_v2.6.3	CDS	25643	26380	92.3	+	0	ID=11_27;partial=00;start_type=ATG;rbs_motif=GGAGG;rbs_spacer=5-10bp;gc_cont=0.515;conf=100.00;score=92.27;cscore=70.20;sscore=22.07;rscore=16.07;uscore=2.08;tscore=3.92;
NODE_11_length_60639_cov_107.161487	Prodigal_v2.6.3	CDS	26443	26967	81.9	-	0	ID=11_28;partial=00;start_type=ATG;rbs_motif=GGAGG;rbs_spacer=5-10bp;gc_cont=0.472;conf=100.00;score=81.94;cscore=60.65;sscore=21.29;rscore=16.07;uscore=-0.23;tscore=3.92;
NODE_11_length_60639_cov_107.161487	Prodigal_v2.6.3	CDS	26964	28418	189.0	-	0	ID=11_29;partial=00;start_type=ATG;rbs_motif=AGGAG;rbs_spacer=5-10bp;gc_cont=0.489;conf=99.99;score=189.01;cscore=169.82;sscore=19.20;rscore=15.31;uscore=0.62;tscore=3.92;
NODE_11_length_60639_cov_107.161487	Prodigal_v2.6.3	CDS	28862	29356	82.3	+	0	ID=11_30;partial=00;start_type=ATG;rbs_motif=AGGAGG;rbs_spacer=5-10bp;gc_cont=0.493;conf=100.00;score=82.29;cscore=57.75;sscore=24.54;rscore=16.65;uscore=3.96;tscore=3.92;
NODE_11_length_60639_cov_107.161487	Prodigal_v2.6.3	CDS	29498	30769	134.0	-	0	ID=11_31;partial=00;start_type=ATG;rbs_motif=3Base/5BMM;rbs_spacer=13-15bp;gc_cont=0.471;conf=100.00;score=134.03;cscore=127.29;sscore=6.74;rscore=-11.64;uscore=1.52;tscore=3.92;
NODE_11_length_60639_cov_107.161487	Prodigal_v2.6.3	CDS	30766	31011	43.4	-	0	ID=11_32;partial=00;start_type=ATG;rbs_motif=GGAG/GAGG;rbs_spacer=5-10bp;gc_cont=0.415;conf=100.00;score=43.45;cscore=26.99;sscore=16.46;rscore=10.06;uscore=2.58;tscore=3.81;
NODE_11_length_60639_cov_107.161487	Prodigal_v2.6.3	CDS	31080	32297	122.6	-	0	ID=11_33;partial=00;start_type=ATG;rbs_motif=GGAG/GAGG;rbs_spacer=5-10bp;gc_cont=0.423;conf=100.00;score=122.64;cscore=107.08;sscore=15.56;rscore=10.35;uscore=-0.78;tscore=3.92;
NODE_11_length_60639_cov_107.161487	Prodigal_v2.6.3	CDS	32297	33817	221.6	-	0	ID=11_34;partial=00;start_type=ATG;rbs_motif=AGGAGG;rbs_spacer=5-10bp;gc_cont=0.465;conf=99.99;score=221.59;cscore=200.39;sscore=21.20;rscore=16.65;uscore=0.62;tscore=3.92;
NODE_11_length_60639_cov_107.161487	Prodigal_v2.6.3	CDS	33885	34034	8.3	-	0	ID=11_35;partial=00;start_type=ATG;rbs_motif=GGxGG;rbs_spacer=3-4bp;gc_cont=0.333;conf=86.97;score=8.26;cscore=5.08;sscore=3.17;rscore=-2.09;uscore=3.61;tscore=2.31;
NODE_11_length_60639_cov_107.161487	Prodigal_v2.6.3	CDS	34532	34843	51.8	-	0	ID=11_36;partial=00;start_type=ATG;rbs_motif=AGGAGG;rbs_spacer=5-10bp;gc_cont=0.471;conf=100.00;score=51.75;cscore=25.78;sscore=25.98;rscore=16.65;uscore=5.40;tscore=3.92;
NODE_11_length_60639_cov_107.161487	Prodigal_v2.6.3	CDS	34910	37270	329.6	-	0	ID=11_37;partial=00;start_type=ATG;rbs_motif=AGGAG;rbs_spacer=5-10bp;gc_cont=0.491;conf=99.99;score=329.58;cscore=311.12;sscore=18.46;rscore=15.31;uscore=-0.77;tscore=3.92;
NODE_11_length_60639_cov_107.161487	Prodigal_v2.6.3	CDS	37339	37872	45.6	-	0	ID=11_38;partial=00;start_type=TTG;rbs_motif=GGxGG;rbs_spacer=5-10bp;gc_cont=0.459;conf=100.00;score=45.61;cscore=50.66;sscore=-5.05;rscore=3.18;uscore=-0.73;tscore=-7.50;
NODE_11_length_60639_cov_107.161487	Prodigal_v2.6.3	CDS	37885	38130	44.2	-	0	ID=11_39;partial=00;start_type=ATG;rbs_motif=GGAGG;rbs_spacer=5-10bp;gc_cont=0.476;conf=100.00;score=44.19;cscore=24.80;sscore=19.39;rscore=15.62;uscore=0.61;tscore=3.81;
NODE_11_length_60639_cov_107.161487	Prodigal_v2.6.3	CDS	38492	38812	57.6	-	0	ID=11_40;partial=00;start_type=ATG;rbs_motif=AGGAG;rbs_spacer=5-10bp;gc_cont=0.449;conf=100.00;score=57.61;cscore=41.09;sscore=16.52;rscore=15.31;uscore=-3.45;tscore=3.92;
NODE_11_length_60639_cov_107.161487	Prodigal_v2.6.3	CDS	38862	39296	69.1	-	0	ID=11_41;partial=00;start_type=ATG;rbs_motif=AGGAG;rbs_spacer=5-10bp;gc_cont=0.487;conf=100.00;score=69.09;cscore=48.58;sscore=20.51;rscore=15.31;uscore=-0.27;tscore=3.92;
NODE_11_length_60639_cov_107.161487	Prodigal_v2.6.3	CDS	39296	39556	40.6	-	0	ID=11_42;partial=00;start_type=ATG;rbs_motif=GGAG/GAGG;rbs_spacer=5-10bp;gc_cont=0.433;conf=99.99;score=40.56;cscore=26.28;sscore=14.28;rscore=10.35;uscore=-0.00;tscore=3.92;
NODE_11_length_60639_cov_107.161487	Prodigal_v2.6.3	CDS	39692	39853	8.5	-	0	ID=11_43;partial=00;start_type=ATG;rbs_motif=AGxAGG/AGGxGG;rbs_spacer=5-10bp;gc_cont=0.407;conf=87.67;score=8.53;cscore=-1.21;sscore=9.74;rscore=7.09;uscore=0.66;tscore=2.50;
NODE_11_length_60639_cov_107.161487	Prodigal_v2.6.3	CDS	40020	42665	388.4	-	0	ID=11_44;partial=00;start_type=ATG;rbs_motif=AGGAGG;rbs_spacer=5-10bp;gc_cont=0.479;conf=99.99;score=388.39;cscore=366.67;sscore=21.71;rscore=16.65;uscore=1.79;tscore=3.92;
NODE_11_length_60639_cov_107.161487	Prodigal_v2.6.3	CDS	43108	44043	89.1	-	0	ID=11_45;partial=00;start_type=ATG;rbs_motif=GGAG/GAGG;rbs_spacer=5-10bp;gc_cont=0.511;conf=100.00;score=89.14;cscore=72.38;sscore=16.77;rscore=10.35;uscore=1.26;tscore=3.92;
NODE_11_length_60639_cov_107.161487	Prodigal_v2.6.3	CDS	44048	45394	168.4	-	0	ID=11_46;partial=00;start_type=ATG;rbs_motif=AGGA/GGAG/GAGG;rbs_spacer=11-12bp;gc_cont=0.475;conf=100.00;score=168.44;cscore=157.86;sscore=10.59;rscore=5.64;uscore=-0.20;tscore=3.92;
NODE_11_length_60639_cov_107.161487	Prodigal_v2.6.3	CDS	45400	46356	137.6	-	0	ID=11_47;partial=00;start_type=ATG;rbs_motif=AGGA/GGAG/GAGG;rbs_spacer=11-12bp;gc_cont=0.481;conf=100.00;score=137.57;cscore=124.51;sscore=13.07;rscore=5.64;uscore=2.29;tscore=3.92;
NODE_11_length_60639_cov_107.161487	Prodigal_v2.6.3	CDS	46363	47676	142.8	-	0	ID=11_48;partial=00;start_type=ATG;rbs_motif=None;rbs_spacer=None;gc_cont=0.504;conf=100.00;score=142.76;cscore=156.03;sscore=-13.26;rscore=-15.61;uscore=-0.93;tscore=3.92;
NODE_11_length_60639_cov_107.161487	Prodigal_v2.6.3	CDS	47951	49054	132.4	-	0	ID=11_49;partial=00;start_type=ATG;rbs_motif=GGA/GAG/AGG;rbs_spacer=5-10bp;gc_cont=0.482;conf=100.00;score=132.37;cscore=128.21;sscore=4.17;rscore=-1.95;uscore=2.85;tscore=3.92;
NODE_11_length_60639_cov_107.161487	Prodigal_v2.6.3	CDS	49258	50745	195.9	-	0	ID=11_50;partial=00;start_type=ATG;rbs_motif=AGxAGG/AGGxGG;rbs_spacer=5-10bp;gc_cont=0.467;conf=99.99;score=195.94;cscore=175.68;sscore=20.25;rscore=11.15;uscore=4.22;tscore=3.92;
NODE_11_length_60639_cov_107.161487	Prodigal_v2.6.3	CDS	50775	51419	93.1	-	0	ID=11_51;partial=00;start_type=ATG;rbs_motif=AGGA;rbs_spacer=5-10bp;gc_cont=0.468;conf=100.00;score=93.12;cscore=78.28;sscore=14.84;rscore=7.02;uscore=3.89;tscore=3.92;
NODE_11_length_60639_cov_107.161487	Prodigal_v2.6.3	CDS	51582	54188	346.4	-	0	ID=11_52;partial=00;start_type=ATG;rbs_motif=GGAGG;rbs_spacer=5-10bp;gc_cont=0.474;conf=99.99;score=346.40;cscore=324.48;sscore=21.92;rscore=16.07;uscore=2.58;tscore=3.92;
NODE_11_length_60639_cov_107.161487	Prodigal_v2.6.3	CDS	54554	54973	59.0	-	0	ID=11_53;partial=00;start_type=TTG;rbs_motif=GGAG/GAGG;rbs_spacer=5-10bp;gc_cont=0.474;conf=100.00;score=59.04;cscore=51.76;sscore=7.28;rscore=10.35;uscore=4.43;tscore=-7.50;
NODE_11_length_60639_cov_107.161487	Prodigal_v2.6.3	CDS	55044	56186	133.7	-	0	ID=11_54;partial=00;start_type=ATG;rbs_motif=AGGAG;rbs_spacer=5-10bp;gc_cont=0.481;conf=100.00;score=133.66;cscore=119.08;sscore=14.59;rscore=15.31;uscore=-3.99;tscore=3.92;
NODE_11_length_60639_cov_107.161487	Prodigal_v2.6.3	CDS	56707	57780	139.3	-	0	ID=11_55;partial=00;start_type=ATG;rbs_motif=GGA/GAG/AGG;rbs_spacer=5-10bp;gc_cont=0.455;conf=100.00;score=139.31;cscore=138.17;sscore=1.14;rscore=-1.95;uscore=-0.18;tscore=3.92;
NODE_11_length_60639_cov_107.161487	Prodigal_v2.6.3	CDS	58087	59103	135.5	-	0	ID=11_56;partial=00;start_type=TTG;rbs_motif=GGAG/GAGG;rbs_spacer=5-10bp;gc_cont=0.494;conf=100.00;score=135.46;cscore=129.64;sscore=5.82;rscore=10.35;uscore=2.97;tscore=-7.50;
NODE_11_length_60639_cov_107.161487	Prodigal_v2.6.3	CDS	59214	59810	87.0	-	0	ID=11_57;partial=00;start_type=ATG;rbs_motif=GGAG/GAGG;rbs_spacer=5-10bp;gc_cont=0.509;conf=100.00;score=87.02;cscore=72.83;sscore=14.19;rscore=10.35;uscore=0.56;tscore=3.92;
NODE_11_length_60639_cov_107.161487	Prodigal_v2.6.3	CDS	59903	60499	72.9	+	0	ID=11_58;partial=00;start_type=ATG;rbs_motif=GGAG/GAGG;rbs_spacer=5-10bp;gc_cont=0.414;conf=100.00;score=72.95;cscore=59.19;sscore=13.75;rscore=10.35;uscore=-0.52;tscore=3.92;
# Sequence Data: seqnum=12;seqlen=50619;seqhdr="NODE_12_length_50619_cov_110.658937"
# Model Data: version=Prodigal.v2.6.3;run_type=Single;model="Ab initio";gc_cont=46.10;transl_table=11;uses_sd=1
NODE_12_length_50619_cov_110.658937	Prodigal_v2.6.3	CDS	160	492	36.7	+	0	ID=12_1;partial=00;start_type=ATG;rbs_motif=GGA/GAG/AGG;rbs_spacer=5-10bp;gc_cont=0.462;conf=99.98;score=36.75;cscore=33.60;sscore=3.14;rscore=-1.95;uscore=1.17;tscore=3.92;
NODE_12_length_50619_cov_110.658937	Prodigal_v2.6.3	CDS	495	1271	100.2	+	0	ID=12_2;partial=00;start_type=ATG;rbs_motif=GGAG/GAGG;rbs_spacer=5-10bp;gc_cont=0.481;conf=100.00;score=100.16;cscore=81.82;sscore=18.34;rscore=10.35;uscore=2.81;tscore=3.92;
NODE_12_length_50619_cov_110.658937	Prodigal_v2.6.3	CDS	1293	1751	56.3	+	0	ID=12_3;partial=00;start_type=TTG;rbs_motif=AGGAGG;rbs_spacer=5-10bp;gc_cont=0.484;conf=100.00;score=56.34;cscore=43.62;sscore=12.72;rscore=16.65;uscore=2.52;tscore=-7.50;
NODE_12_length_50619_cov_110.658937	Prodigal_v2.6.3	CDS	2427	3620	152.3	+	0	ID=12_4;partial=00;start_type=ATG;rbs_motif=AGxAGG/AGGxGG;rbs_spacer=5-10bp;gc_cont=0.476;conf=100.00;score=152.27;cscore=134.14;sscore=18.13;rscore=11.15;uscore=3.70;tscore=3.92;
NODE_12_length_50619_cov_110.658937	Prodigal_v2.6.3	CDS	3656	4534	108.0	+	0	ID=12_5;partial=00;start_type=TTG;rbs_motif=AGGAG;rbs_spacer=5-10bp;gc_cont=0.486;conf=100.00;score=107.95;cscore=97.89;sscore=10.06;rscore=15.31;uscore=1.36;tscore=-7.50;
NODE_12_length_50619_cov_110.658937	Prodigal_v2.6.3	CDS	4539	5489	128.9	+	0	ID=12_6;partial=00;start_type=ATG;rbs_motif=AGxAGG/AGGxGG;rbs_spacer=5-10bp;gc_cont=0.487;conf=100.00;score=128.93;cscore=111.31;sscore=17.62;rscore=11.15;uscore=1.31;tscore=3.92;
NODE_12_length_50619_cov_110.658937	Prodigal_v2.6.3	CDS	5486	6271	121.8	+	0	ID=12_7;partial=00;start_type=ATG;rbs_motif=AGGAG;rbs_spacer=5-10bp;gc_cont=0.481;conf=100.00;score=121.76;cscore=101.23;sscore=20.53;rscore=15.31;uscore=-0.86;tscore=3.92;
NODE_12_length_50619_cov_110.658937	Prodigal_v2.6.3	CDS	6264	6977	110.1	+	0	ID=12_8;partial=00;start_type=ATG;rbs_motif=GGAGG;rbs_spacer=5-10bp;gc_cont=0.497;conf=100.00;score=110.07;cscore=90.19;sscore=19.88;rscore=16.07;uscore=-1.36;tscore=3.92;
NODE_12_length_50619_cov_110.658937	Prodigal_v2.6.3	CDS	7167	8069	95.9	-	0	ID=12_9;partial=00;start_type=ATG;rbs_motif=GGxGG;rbs_spacer=5-10bp;gc_cont=0.476;conf=100.00;score=95.93;cscore=83.80;sscore=12.13;rscore=3.18;uscore=3.78;tscore=3.92;
NODE_12_length_50619_cov_110.658937	Prodigal_v2.6.3	CDS	8062	9378	115.4	-	0	ID=12_10;partial=00;start_type=ATG;rbs_motif=GGAG/GAGG;rbs_spacer=5-10bp;gc_cont=0.485;conf=100.00;score=115.39;cscore=95.02;sscore=20.38;rscore=10.35;uscore=6.10;tscore=3.92;
NODE_12_length_50619_cov_110.658937	Prodigal_v2.6.3	CDS	9515	10198	109.9	-	0	ID=12_11;partial=00;start_type=ATG;rbs_motif=GGAG/GAGG;rbs_spacer=5-10bp;gc_cont=0.513;conf=100.00;score=109.88;cscore=91.93;sscore=17.95;rscore=10.35;uscore=4.33;tscore=3.92;
NODE_12_length_50619_cov_110.658937	Prodigal_v2.6.3	CDS	10549	11214	116.1	+	0	ID=12_12;partial=00;start_type=ATG;rbs_motif=GGAGG;rbs_spacer=5-10bp;gc_cont=0.486;conf=100.00;score=116.10;cscore=95.27;sscore=20.83;rscore=16.07;uscore=0.84;tscore=3.92;
NODE_12_length_50619_cov_110.658937	Prodigal_v2.6.3	CDS	11216	12406	163.4	+	0	ID=12_13;partial=00;start_type=ATG;rbs_motif=AGxAGG/AGGxGG;rbs_spacer=11-12bp;gc_cont=0.467;conf=100.00;score=163.42;cscore=154.15;sscore=9.27;rscore=5.02;uscore=-0.94;tscore=3.92;
NODE_12_length_50619_cov_110.658937	Prodigal_v2.6.3	CDS	12435	13151	111.4	+	0	ID=12_14;partial=00;start_type=ATG;rbs_motif=AGGAG;rbs_spacer=5-10bp;gc_cont=0.491;conf=100.00;score=111.35;cscore=86.85;sscore=24.50;rscore=15.31;uscore=4.30;tscore=3.92;
NODE_12_length_50619_cov_110.658937	Prodigal_v2.6.3	CDS	13334	14797	163.4	+	0	ID=12_15;partial=00;start_type=ATG;rbs_motif=GGAGG;rbs_spacer=5-10bp;gc_cont=0.523;conf=100.00;score=163.37;cscore=141.67;sscore=21.71;rscore=16.07;uscore=2.36;tscore=3.92;
NODE_12_length_50619_cov_110.658937	Prodigal_v2.6.3	CDS	15572	15736	22.6	-	0	ID=12_16;partial=00;start_type=ATG;rbs_motif=GGAGG;rbs_spacer=5-10bp;gc_cont=0.418;conf=99.45;score=22.59;cscore=8.14;sscore=14.45;rscore=10.41;uscore=2.15;tscore=2.54;
NODE_12_length_50619_cov_110.658937	Prodigal_v2.6.3	CDS	15939	16127	26.1	-	0	ID=12_17;partial=00;start_type=ATG;rbs_motif=AGGAG;rbs_spacer=5-10bp;gc_cont=0.439;conf=99.75;score=26.14;cscore=10.66;sscore=15.47;rscore=11.39;uscore=1.82;tscore=2.92;
NODE_12_length_50619_cov_110.658937	Prodigal_v2.6.3	CDS	17029	18393	192.9	-	0	ID=12_18;partial=00;start_type=ATG;rbs_motif=AGGAG;rbs_spacer=5-10bp;gc_cont=0.475;conf=99.99;score=192.91;cscore=171.12;sscore=21.79;rscore=15.31;uscore=3.21;tscore=3.92;
NODE_12_length_50619_cov_110.658937	Prodigal_v2.6.3	CDS	18574	19422	92.9	-	0	ID=12_19;partial=00;start_type=ATG;rbs_motif=GGA/GAG/AGG;rbs_spacer=5-10bp;gc_cont=0.519;conf=100.00;score=92.85;cscore=85.82;sscore=7.03;rscore=-1.95;uscore=1.81;tscore=3.92;
NODE_12_length_50619_cov_110.658937	Prodigal_v2.6.3	CDS	19419	20099	95.2	-	0	ID=12_20;partial=00;start_type=ATG;rbs_motif=GGAGG;rbs_spacer=5-10bp;gc_cont=0.482;conf=100.00;score=95.20;cscore=75.70;sscore=19.50;rscore=16.07;uscore=-0.49;tscore=3.92;
NODE_12_length_50619_cov_110.658937	Prodigal_v2.6.3	CDS	20077	22461	279.0	-	0	ID=12_21;partial=00;start_type=ATG;rbs_motif=AGxAGG/AGGxGG;rbs_spacer=5-10bp;gc_cont=0.485;conf=99.99;score=279.05;cscore=264.28;sscore=14.77;rscore=11.15;uscore=0.35;tscore=3.92;
NODE_12_length_50619_cov_110.658937	Prodigal_v2.6.3	CDS	22766	24055	145.5	+	0	ID=12_22;partial=00;start_type=ATG;rbs_motif=GGAG/GAGG;rbs_spacer=5-10bp;gc_cont=0.444;conf=100.00;score=145.46;cscore=131.57;sscore=13.90;rscore=10.35;uscore=-0.38;tscore=3.92;
NODE_12_length_50619_cov_110.658937	Prodigal_v2.6.3	CDS	24178	24873	89.7	+	0	ID=12_23;partial=00;start_type=ATG;rbs_motif=AGGAG;rbs_spacer=5-10bp;gc_cont=0.494;conf=100.00;score=89.69;cscore=71.01;sscore=18.67;rscore=15.31;uscore=-0.56;tscore=3.92;
NODE_12_length_50619_cov_110.658937	Prodigal_v2.6.3	CDS	25130	26839	228.1	+	0	ID=12_24;partial=00;start_type=TTG;rbs_motif=AGGAGG;rbs_spacer=5-10bp;gc_cont=0.489;conf=99.99;score=228.15;cscore=216.96;sscore=11.19;rscore=16.65;uscore=2.69;tscore=-7.50;
NODE_12_length_50619_cov_110.658937	Prodigal_v2.6.3	CDS	27220	28239	124.3	+	0	ID=12_25;partial=00;start_type=ATG;rbs_motif=GGAG/GAGG;rbs_spacer=5-10bp;gc_cont=0.476;conf=100.00;score=124.34;cscore=110.07;sscore=14.26;rscore=10.35;uscore=0.64;tscore=3.92;
NODE_12_length_50619_cov_110.658937	Prodigal_v2.6.3	CDS	28601	29317	81.7	+	0	ID=12_26;partial=00;start_type=ATG;rbs_motif=GGAGG;rbs_spacer=5-10bp;gc_cont=0.471;conf=100.00;score=81.71;cscore=65.53;sscore=16.18;rscore=16.07;uscore=-3.16;tscore=3.92;
NODE_12_length_50619_cov_110.658937	Prodigal_v2.6.3	CDS	29386	30567	156.1	+	0	ID=12_27;partial=00;start_type=TTG;rbs_motif=AGGAGG;rbs_spacer=5-10bp;gc_cont=0.475;conf=100.00;score=156.14;cscore=146.60;sscore=9.53;rscore=16.65;uscore=0.38;tscore=-7.50;
NODE_12_length_50619_cov_110.658937	Prodigal_v2.6.3	CDS	30626	31786	174.7	+	0	ID=12_28;partial=00;start_type=ATG;rbs_motif=AGGAGG;rbs_spacer=11-12bp;gc_cont=0.486;conf=100.00;score=174.68;cscore=155.05;sscore=19.63;rscore=14.31;uscore=1.39;tscore=3.92;
NODE_12_length_50619_cov_110.658937	Prodigal_v2.6.3	CDS	31886	33682	211.4	+	0	ID=12_29;partial=00;start_type=ATG;rbs_motif=AGGAGG;rbs_spacer=5-10bp;gc_cont=0.499;conf=99.99;score=211.36;cscore=188.00;sscore=23.36;rscore=16.65;uscore=2.78;tscore=3.92;
NODE_12_length_50619_cov_110.658937	Prodigal_v2.6.3	CDS	33685	34167	70.9	+	0	ID=12_30;partial=00;start_type=ATG;rbs_motif=AGGAGG;rbs_spacer=5-10bp;gc_cont=0.484;conf=100.00;score=70.92;cscore=49.51;sscore=21.41;rscore=16.65;uscore=-0.42;tscore=3.92;
NODE_12_length_50619_cov_110.658937	Prodigal_v2.6.3	CDS	34180	35097	123.4	+	0	ID=12_31;partial=00;start_type=ATG;rbs_motif=AGxAGG/AGGxGG;rbs_spacer=5-10bp;gc_cont=0.480;conf=100.00;score=123.35;cscore=105.48;sscore=17.87;rscore=11.15;uscore=1.66;tscore=3.92;
NODE_12_length_50619_cov_110.658937	Prodigal_v2.6.3	CDS	35084	35905	104.5	+	0	ID=12_32;partial=00;start_type=ATG;rbs_motif=AGxAGG/AGGxGG;rbs_spacer=5-10bp;gc_cont=0.474;conf=100.00;score=104.53;cscore=87.53;sscore=17.00;rscore=11.15;uscore=0.74;tscore=3.92;
NODE_12_length_50619_cov_110.658937	Prodigal_v2.6.3	CDS	35942	36322	74.0	+	0	ID=12_33;partial=00;start_type=ATG;rbs_motif=AGGAG;rbs_spacer=5-10bp;gc_cont=0.491;conf=100.00;score=73.97;cscore=50.50;sscore=23.47;rscore=15.31;uscore=3.36;tscore=3.92;
NODE_12_length_50619_cov_110.658937	Prodigal_v2.6.3	CDS	36588	37829	143.9	+	0	ID=12_34;partial=00;start_type=ATG;rbs_motif=AGxAGG/AGGxGG;rbs_spacer=5-10bp;gc_cont=0.461;conf=100.00;score=143.91;cscore=126.83;sscore=17.08;rscore=11.15;uscore=2.66;tscore=3.92;
NODE_12_length_50619_cov_110.658937	Prodigal_v2.6.3	CDS	37949	39151	138.8	-	0	ID=12_35;partial=00;start_type=ATG;rbs_motif=GGAGG;rbs_spacer=5-10bp;gc_cont=0.501;conf=100.00;score=138.78;cscore=117.94;sscore=20.84;rscore=16.07;uscore=-0.34;tscore=3.92;
NODE_12_length_50619_cov_110.658937	Prodigal_v2.6.3	CDS	39138	40217	149.2	-	0	ID=12_36;partial=00;start_type=ATG;rbs_motif=AGGAGG;rbs_spacer=5-10bp;gc_cont=0.525;conf=100.00;score=149.19;cscore=131.27;sscore=17.91;rscore=16.65;uscore=-2.67;tscore=3.92;
NODE_12_length_50619_cov_110.658937	Prodigal_v2.6.3	CDS	40385	41710	126.4	-	0	ID=12_37;partial=00;start_type=ATG;rbs_motif=GGAG/GAGG;rbs_spacer=5-10bp;gc_cont=0.504;conf=100.00;score=126.40;cscore=112.07;sscore=14.33;rscore=10.35;uscore=-0.83;tscore=3.92;
NODE_12_length_50619_cov_110.658937	Prodigal_v2.6.3	CDS	41747	42085	56.4	-	0	ID=12_38;partial=00;start_type=ATG;rbs_motif=AGGAGG;rbs_spacer=5-10bp;gc_cont=0.428;conf=100.00;score=56.38;cscore=32.99;sscore=23.40;rscore=16.65;uscore=2.15;tscore=3.92;
NODE_12_length_50619_cov_110.658937	Prodigal_v2.6.3	CDS	42142	42474	57.0	-	0	ID=12_39;partial=00;start_type=ATG;rbs_motif=AGGAG;rbs_spacer=5-10bp;gc_cont=0.474;conf=100.00;score=56.96;cscore=38.79;sscore=18.17;rscore=15.31;uscore=-1.06;tscore=3.92;
NODE_12_length_50619_cov_110.658937	Prodigal_v2.6.3	CDS	42629	43669	139.3	-	0	ID=12_40;partial=00;start_type=ATG;rbs_motif=AGGAG;rbs_spacer=5-10bp;gc_cont=0.531;conf=100.00;score=139.26;cscore=116.45;sscore=22.81;rscore=15.31;uscore=2.41;tscore=3.92;
NODE_12_length_50619_cov_110.658937	Prodigal_v2.6.3	CDS	43654	45447	187.2	-	0	ID=12_41;partial=00;start_type=TTG;rbs_motif=GGAGG;rbs_spacer=5-10bp;gc_cont=0.496;conf=99.99;score=187.16;cscore=179.17;sscore=8.00;rscore=16.07;uscore=0.08;tscore=-7.50;
NODE_12_length_50619_cov_110.658937	Prodigal_v2.6.3	CDS	45876	47123	162.4	-	0	ID=12_42;partial=00;start_type=TTG;rbs_motif=GGA/GAG/AGG;rbs_spacer=5-10bp;gc_cont=0.477;conf=100.00;score=162.40;cscore=169.76;sscore=-7.37;rscore=-1.95;uscore=2.74;tscore=-7.50;
NODE_12_length_50619_cov_110.658937	Prodigal_v2.6.3	CDS	47239	48879	195.0	+	0	ID=12_43;partial=00;start_type=ATG;rbs_motif=GGAGG;rbs_spacer=5-10bp;gc_cont=0.433;conf=99.99;score=194.97;cscore=175.72;sscore=19.25;rscore=16.07;uscore=-0.74;tscore=3.92;
NODE_12_length_50619_cov_110.658937	Prodigal_v2.6.3	CDS	49115	49756	90.7	-	0	ID=12_44;partial=00;start_type=ATG;rbs_motif=AGGAGG;rbs_spacer=5-10bp;gc_cont=0.452;conf=100.00;score=90.68;cscore=67.60;sscore=23.08;rscore=16.65;uscore=3.16;tscore=3.92;
NODE_12_length_50619_cov_110.658937	Prodigal_v2.6.3	CDS	50027	50275	8.1	+	0	ID=12_45;partial=00;start_type=ATG;rbs_motif=AGxAGG/AGGxGG;rbs_spacer=5-10bp;gc_cont=0.526;conf=86.55;score=8.10;cscore=-6.20;sscore=14.30;rscore=10.97;uscore=-0.04;tscore=3.86;
# Sequence Data: seqnum=13;seqlen=45945;seqhdr="NODE_13_length_45945_cov_104.851879"
# Model Data: version=Prodigal.v2.6.3;run_type=Single;model="Ab initio";gc_cont=46.10;transl_table=11;uses_sd=1
NODE_13_length_45945_cov_104.851879	Prodigal_v2.6.3	CDS	3	275	39.7	+	0	ID=13_1;partial=10;start_type=Edge;rbs_motif=None;rbs_spacer=None;gc_cont=0.513;conf=99.99;score=39.71;cscore=36.49;sscore=3.22;rscore=0.00;uscore=0.00;tscore=3.22;
NODE_13_length_45945_cov_104.851879	Prodigal_v2.6.3	CDS	286	1470	133.0	+	0	ID=13_2;partial=00;start_type=ATG;rbs_motif=AGGAGG;rbs_spacer=5-10bp;gc_cont=0.482;conf=100.00;score=132.96;cscore=112.65;sscore=20.31;rscore=16.65;uscore=-1.43;tscore=3.92;
NODE_13_length_45945_cov_104.851879	Prodigal_v2.6.3	CDS	1976	2767	71.7	-	0	ID=13_3;partial=00;start_type=ATG;rbs_motif=AGGAG;rbs_spacer=5-10bp;gc_cont=0.390;conf=100.00;score=71.68;cscore=47.94;sscore=23.74;rscore=15.31;uscore=3.46;tscore=3.92;
NODE_13_length_45945_cov_104.851879	Prodigal_v2.6.3	CDS	2789	3226	48.6	-	0	ID=13_4;partial=00;start_type=ATG;rbs_motif=AGGAGG;rbs_spacer=5-10bp;gc_cont=0.379;conf=100.00;score=48.56;cscore=26.17;sscore=22.38;rscore=16.65;uscore=2.46;tscore=3.92;
NODE_13_length_45945_cov_104.851879	Prodigal_v2.6.3	CDS	3438	3677	3.2	-	0	ID=13_5;partial=00;start_type=ATG;rbs_motif=AGxAG;rbs_spacer=5-10bp;gc_cont=0.425;conf=67.66;score=3.21;cscore=2.70;sscore=0.52;rscore=-2.16;uscore=-0.39;tscore=3.72;
NODE_13_length_45945_cov_104.851879	Prodigal_v2.6.3	CDS	3930	4073	10.5	-	0	ID=13_6;partial=00;start_type=ATG;rbs_motif=AGGAGG;rbs_spacer=5-10bp;gc_cont=0.368;conf=91.74;score=10.47;cscore=-0.73;sscore=11.20;rscore=9.39;uscore=0.75;tscore=2.21;
NODE_13_length_45945_cov_104.851879	Prodigal_v2.6.3	CDS	4338	4625	46.0	-	0	ID=13_7;partial=00;start_type=ATG;rbs_motif=GGAGG;rbs_spacer=5-10bp;gc_cont=0.434;conf=100.00;score=46.01;cscore=22.85;sscore=23.16;rscore=16.07;uscore=3.82;tscore=3.92;
NODE_13_length_45945_cov_104.851879	Prodigal_v2.6.3	CDS	4808	5338	45.0	-	0	ID=13_8;partial=00;start_type=ATG;rbs_motif=GGAGG;rbs_spacer=5-10bp;gc_cont=0.424;conf=100.00;score=45.02;cscore=24.93;sscore=20.09;rscore=16.07;uscore=0.10;tscore=3.92;
NODE_13_length_45945_cov_104.851879	Prodigal_v2.6.3	CDS	5419	6270	83.8	-	0	ID=13_9;partial=00;start_type=ATG;rbs_motif=GGA/GAG/AGG;rbs_spacer=5-10bp;gc_cont=0.435;conf=100.00;score=83.78;cscore=78.56;sscore=5.22;rscore=-1.95;uscore=-1.05;tscore=3.92;
NODE_13_length_45945_cov_104.851879	Prodigal_v2.6.3	CDS	6267	7013	79.6	-	0	ID=13_10;partial=00;start_type=ATG;rbs_motif=GGAGG;rbs_spacer=5-10bp;gc_cont=0.507;conf=100.00;score=79.59;cscore=57.11;sscore=22.48;rscore=16.07;uscore=2.49;tscore=3.92;
NODE_13_length_45945_cov_104.851879	Prodigal_v2.6.3	CDS	7149	8312	126.6	-	0	ID=13_11;partial=00;start_type=GTG;rbs_motif=AGGAGG;rbs_spacer=5-10bp;gc_cont=0.453;conf=100.00;score=126.59;cscore=113.55;sscore=13.05;rscore=16.65;uscore=1.41;tscore=-4.36;
NODE_13_length_45945_cov_104.851879	Prodigal_v2.6.3	CDS	8699	9616	128.9	+	0	ID=13_12;partial=00;start_type=ATG;rbs_motif=GGA/GAG/AGG;rbs_spacer=5-10bp;gc_cont=0.488;conf=100.00;score=128.87;cscore=123.10;sscore=5.78;rscore=-1.95;uscore=3.81;tscore=3.92;
NODE_13_length_45945_cov_104.851879	Prodigal_v2.6.3	CDS	9729	10196	63.8	+	0	ID=13_13;partial=00;start_type=ATG;rbs_motif=GGAGG;rbs_spacer=5-10bp;gc_cont=0.489;conf=100.00;score=63.77;cscore=44.49;sscore=19.29;rscore=16.07;uscore=-0.71;tscore=3.92;
NODE_13_length_45945_cov_104.851879	Prodigal_v2.6.3	CDS	11092	11574	52.2	-	0	ID=13_14;partial=00;start_type=ATG;rbs_motif=AGGAGG;rbs_spacer=5-10bp;gc_cont=0.433;conf=100.00;score=52.24;cscore=26.56;sscore=25.67;rscore=16.65;uscore=5.75;tscore=3.92;
NODE_13_length_45945_cov_104.851879	Prodigal_v2.6.3	CDS	11775	11921	17.2	+	0	ID=13_15;partial=00;start_type=ATG;rbs_motif=GGAG/GAGG;rbs_spacer=5-10bp;gc_cont=0.381;conf=98.14;score=17.24;cscore=7.32;sscore=9.92;rscore=5.96;uscore=1.70;tscore=2.26;
NODE_13_length_45945_cov_104.851879	Prodigal_v2.6.3	CDS	12104	13297	110.9	-	0	ID=13_16;partial=00;start_type=TTG;rbs_motif=AGxAGG/AGGxGG;rbs_spacer=5-10bp;gc_cont=0.482;conf=100.00;score=110.88;cscore=104.77;sscore=6.11;rscore=11.15;uscore=3.11;tscore=-7.50;
NODE_13_length_45945_cov_104.851879	Prodigal_v2.6.3	CDS	13502	14104	62.8	-	0	ID=13_17;partial=00;start_type=ATG;rbs_motif=AGGAGG;rbs_spacer=11-12bp;gc_cont=0.438;conf=100.00;score=62.80;cscore=43.68;sscore=19.13;rscore=14.31;uscore=0.89;tscore=3.92;
NODE_13_length_45945_cov_104.851879	Prodigal_v2.6.3	CDS	14223	15653	180.6	-	0	ID=13_18;partial=00;start_type=ATG;rbs_motif=GGAG/GAGG;rbs_spacer=5-10bp;gc_cont=0.466;conf=99.99;score=180.62;cscore=165.16;sscore=15.46;rscore=10.35;uscore=1.84;tscore=3.92;
NODE_13_length_45945_cov_104.851879	Prodigal_v2.6.3	CDS	16111	16446	32.0	-	0	ID=13_19;partial=00;start_type=GTG;rbs_motif=GGAGG;rbs_spacer=5-10bp;gc_cont=0.458;conf=99.94;score=32.01;cscore=18.84;sscore=13.16;rscore=16.07;uscore=2.11;tscore=-4.36;
NODE_13_length_45945_cov_104.851879	Prodigal_v2.6.3	CDS	16597	17319	87.7	+	0	ID=13_20;partial=00;start_type=ATG;rbs_motif=AGGAG;rbs_spacer=5-10bp;gc_cont=0.531;conf=100.00;score=87.67;cscore=68.89;sscore=18.78;rscore=15.31;uscore=-0.46;tscore=3.92;
NODE_13_length_45945_cov_104.851879	Prodigal_v2.6.3	CDS	17503	18153	88.7	+	0	ID=13_21;partial=00;start_type=ATG;rbs_motif=AGGAGG;rbs_spacer=5-10bp;gc_cont=0.447;conf=100.00;score=88.66;cscore=68.94;sscore=19.72;rscore=16.65;uscore=-0.21;tscore=3.92;
NODE_13_length_45945_cov_104.851879	Prodigal_v2.6.3	CDS	18210	19940	240.1	+	0	ID=13_22;partial=00;start_type=ATG;rbs_motif=AGGAGG;rbs_spacer=5-10bp;gc_cont=0.467;conf=99.99;score=240.07;cscore=220.55;sscore=19.52;rscore=16.65;uscore=-1.73;tscore=3.92;
NODE_13_length_45945_cov_104.851879	Prodigal_v2.6.3	CDS	19940	21826	267.5	+	0	ID=13_23;partial=00;start_type=ATG;rbs_motif=AGGAG;rbs_spacer=5-10bp;gc_cont=0.476;conf=99.99;score=267.48;cscore=245.35;sscore=22.13;rscore=15.31;uscore=1.62;tscore=3.92;
NODE_13_length_45945_cov_104.851879	Prodigal_v2.6.3	CDS	22230	22988	83.4	-	0	ID=13_24;partial=00;start_type=ATG;rbs_motif=GGA/GAG/AGG;rbs_spacer=11-12bp;gc_cont=0.480;conf=100.00;score=83.39;cscore=80.09;sscore=3.30;rscore=-4.11;uscore=4.14;tscore=3.92;
NODE_13_length_45945_cov_104.851879	Prodigal_v2.6.3	CDS	23249	24115	126.3	+	0	ID=13_25;partial=00;start_type=ATG;rbs_motif=AGGAG;rbs_spacer=5-10bp;gc_cont=0.466;conf=100.00;score=126.34;cscore=106.20;sscore=20.14;rscore=15.31;uscore=0.91;tscore=3.92;
NODE_13_length_45945_cov_104.851879	Prodigal_v2.6.3	CDS	24154	25161	83.2	+	0	ID=13_26;partial=00;start_type=ATG;rbs_motif=AGxAGG/AGGxGG;rbs_spacer=5-10bp;gc_cont=0.510;conf=100.00;score=83.24;cscore=67.42;sscore=15.82;rscore=11.15;uscore=-0.12;tscore=3.92;
NODE_13_length_45945_cov_104.851879	Prodigal_v2.6.3	CDS	25529	26881	154.6	-	0	ID=13_27;partial=00;start_type=GTG;rbs_motif=GGAG/GAGG;rbs_spacer=5-10bp;gc_cont=0.492;conf=100.00;score=154.61;cscore=147.03;sscore=7.58;rscore=10.35;uscore=2.25;tscore=-4.36;
NODE_13_length_45945_cov_104.851879	Prodigal_v2.6.3	CDS	27009	27599	81.7	+	0	ID=13_28;partial=00;start_type=ATG;rbs_motif=GGAGG;rbs_spacer=5-10bp;gc_cont=0.438;conf=100.00;score=81.70;cscore=59.89;sscore=21.82;rscore=16.07;uscore=1.82;tscore=3.92;
NODE_13_length_45945_cov_104.851879	Prodigal_v2.6.3	CDS	27697	28776	166.0	+	0	ID=13_29;partial=00;start_type=ATG;rbs_motif=AGGAG;rbs_spacer=5-10bp;gc_cont=0.470;conf=100.00;score=165.97;cscore=147.33;sscore=18.64;rscore=15.31;uscore=-0.59;tscore=3.92;
NODE_13_length_45945_cov_104.851879	Prodigal_v2.6.3	CDS	28769	29599	107.4	+	0	ID=13_30;partial=00;start_type=ATG;rbs_motif=GGA/GAG/AGG;rbs_spacer=5-10bp;gc_cont=0.508;conf=100.00;score=107.40;cscore=102.08;sscore=5.32;rscore=-1.95;uscore=2.10;tscore=3.92;
NODE_13_length_45945_cov_104.851879	Prodigal_v2.6.3	CDS	29697	30698	120.9	+	0	ID=13_31;partial=00;start_type=TTG;rbs_motif=GGAGG;rbs_spacer=5-10bp;gc_cont=0.506;conf=100.00;score=120.92;cscore=108.39;sscore=12.53;rscore=16.07;uscore=3.96;tscore=-7.50;
NODE_13_length_45945_cov_104.851879	Prodigal_v2.6.3	CDS	30968	32200	178.5	+	0	ID=13_32;partial=00;start_type=ATG;rbs_motif=AGGAGG;rbs_spacer=5-10bp;gc_cont=0.477;conf=99.99;score=178.48;cscore=159.89;sscore=18.59;rscore=16.65;uscore=-1.34;tscore=3.92;
NODE_13_length_45945_cov_104.851879	Prodigal_v2.6.3	CDS	32361	32990	99.3	+	0	ID=13_33;partial=00;start_type=ATG;rbs_motif=AGGAGG;rbs_spacer=5-10bp;gc_cont=0.487;conf=100.00;score=99.27;cscore=78.98;sscore=20.28;rscore=16.65;uscore=-0.30;tscore=3.92;
NODE_13_length_45945_cov_104.851879	Prodigal_v2.6.3	CDS	33293	34003	66.3	+	0	ID=13_34;partial=00;start_type=GTG;rbs_motif=AGGAGG;rbs_spacer=5-10bp;gc_cont=0.467;conf=100.00;score=66.32;cscore=53.37;sscore=12.95;rscore=16.65;uscore=1.31;tscore=-4.36;
NODE_13_length_45945_cov_104.851879	Prodigal_v2.6.3	CDS	34026	34238	36.6	+	0	ID=13_35;partial=00;start_type=ATG;rbs_motif=AGGAGG;rbs_spacer=5-10bp;gc_cont=0.516;conf=99.98;score=36.56;cscore=15.59;sscore=20.97;rscore=13.99;uscore=2.65;tscore=3.30;
NODE_13_length_45945_cov_104.851879	Prodigal_v2.6.3	CDS	34273	34761	81.4	+	0	ID=13_36;partial=00;start_type=ATG;rbs_motif=GGAG/GAGG;rbs_spacer=5-10bp;gc_cont=0.464;conf=100.00;score=81.43;cscore=62.65;sscore=18.79;rscore=10.35;uscore=3.61;tscore=3.92;
NODE_13_length_45945_cov_104.851879	Prodigal_v2.6.3	CDS	34748	35293	66.9	+	0	ID=13_37;partial=00;start_type=ATG;rbs_motif=GGA/GAG/AGG;rbs_spacer=5-10bp;gc_cont=0.496;conf=100.00;score=66.90;cscore=60.94;sscore=5.96;rscore=-1.95;uscore=2.80;tscore=3.92;
NODE_13_length_45945_cov_104.851879	Prodigal_v2.6.3	CDS	35319	36848	229.5	+	0	ID=13_38;partial=00;start_type=ATG;rbs_motif=GGAG/GAGG;rbs_spacer=5-10bp;gc_cont=0.486;conf=99.99;score=229.46;cscore=212.83;sscore=16.63;rscore=10.35;uscore=1.35;tscore=3.92;
NODE_13_length_45945_cov_104.851879	Prodigal_v2.6.3	CDS	36860	37786	140.5	+	0	ID=13_39;partial=00;start_type=ATG;rbs_motif=AGGAGG;rbs_spacer=5-10bp;gc_cont=0.476;conf=100.00;score=140.53;cscore=119.90;sscore=20.62;rscore=16.65;uscore=-1.11;tscore=3.92;
NODE_13_length_45945_cov_104.851879	Prodigal_v2.6.3	CDS	38100	39566	224.5	+	0	ID=13_40;partial=00;start_type=ATG;rbs_motif=AGGAGG;rbs_spacer=5-10bp;gc_cont=0.504;conf=99.99;score=224.50;cscore=205.27;sscore=19.22;rscore=16.65;uscore=-0.70;tscore=3.92;
NODE_13_length_45945_cov_104.851879	Prodigal_v2.6.3	CDS	39581	40012	50.2	+	0	ID=13_41;partial=00;start_type=TTG;rbs_motif=AGGAGG;rbs_spacer=5-10bp;gc_cont=0.498;conf=100.00;score=50.23;cscore=39.40;sscore=10.83;rscore=16.65;uscore=0.55;tscore=-7.50;
NODE_13_length_45945_cov_104.851879	Prodigal_v2.6.3	CDS	40196	40432	5.5	+	0	ID=13_42;partial=00;start_type=ATG;rbs_motif=AGGA/GGAG/GAGG;rbs_spacer=11-12bp;gc_cont=0.544;conf=77.91;score=5.48;cscore=-2.36;sscore=7.84;rscore=5.28;uscore=0.04;tscore=3.67;
NODE_13_length_45945_cov_104.851879	Prodigal_v2.6.3	CDS	40442	40678	26.7	+	0	ID=13_43;partial=00;start_type=ATG;rbs_motif=GGAG/GAGG;rbs_spacer=5-10bp;gc_cont=0.430;conf=99.78;score=26.70;cscore=15.65;sscore=11.05;rscore=9.69;uscore=-3.49;tscore=3.67;
NODE_13_length_45945_cov_104.851879	Prodigal_v2.6.3	CDS	40743	41732	159.2	+	0	ID=13_44;partial=00;start_type=ATG;rbs_motif=AGGAG/GGAGG;rbs_spacer=11-12bp;gc_cont=0.461;conf=100.00;score=159.16;cscore=140.39;sscore=18.77;rscore=12.17;uscore=2.68;tscore=3.92;
NODE_13_length_45945_cov_104.851879	Prodigal_v2.6.3	CDS	41742	41912	13.7	+	0	ID=13_45;partial=00;start_type=ATG;rbs_motif=AGGAG;rbs_spacer=5-10bp;gc_cont=0.415;conf=95.91;score=13.72;cscore=0.83;sscore=12.89;rscore=10.29;uscore=-1.21;tscore=2.64;
NODE_13_length_45945_cov_104.851879	Prodigal_v2.6.3	CDS	41922	42227	27.0	+	0	ID=13_46;partial=00;start_type=ATG;rbs_motif=AGGAG;rbs_spacer=5-10bp;gc_cont=0.497;conf=99.80;score=27.02;cscore=8.30;sscore=18.72;rscore=15.31;uscore=-1.69;tscore=3.92;
NODE_13_length_45945_cov_104.851879	Prodigal_v2.6.3	CDS	42220	42441	36.2	+	0	ID=13_47;partial=00;start_type=ATG;rbs_motif=AGGAGG;rbs_spacer=5-10bp;gc_cont=0.455;conf=99.98;score=36.16;cscore=13.20;sscore=22.96;rscore=14.59;uscore=3.69;tscore=3.44;
NODE_13_length_45945_cov_104.851879	Prodigal_v2.6.3	CDS	42739	43944	127.1	+	0	ID=13_48;partial=00;start_type=GTG;rbs_motif=AGGAGG;rbs_spacer=5-10bp;gc_cont=0.457;conf=100.00;score=127.12;cscore=114.88;sscore=12.24;rscore=16.65;uscore=0.60;tscore=-4.36;
NODE_13_length_45945_cov_104.851879	Prodigal_v2.6.3	CDS	43956	44255	51.1	+	0	ID=13_49;partial=00;start_type=ATG;rbs_motif=GGAG/GAGG;rbs_spacer=5-10bp;gc_cont=0.447;conf=100.00;score=51.11;cscore=33.68;sscore=17.42;rscore=10.35;uscore=2.00;tscore=3.92;
NODE_13_length_45945_cov_104.851879	Prodigal_v2.6.3	CDS	44330	45454	137.3	-	0	ID=13_50;partial=00;start_type=ATG;rbs_motif=AGGA;rbs_spacer=5-10bp;gc_cont=0.500;conf=100.00;score=137.35;cscore=125.46;sscore=11.88;rscore=7.02;uscore=0.94;tscore=3.92;
# Sequence Data: seqnum=14;seqlen=41384;seqhdr="NODE_14_length_41384_cov_104.001985"
# Model Data: version=Prodigal.v2.6.3;run_type=Single;model="Ab initio";gc_cont=46.10;transl_table=11;uses_sd=1
NODE_14_length_41384_cov_104.001985	Prodigal_v2.6.3	CDS	124	468	55.0	-	0	ID=14_1;partial=00;start_type=ATG;rbs_motif=GGAG/GAGG;rbs_spacer=5-10bp;gc_cont=0.414;conf=100.00;score=54.97;cscore=39.07;sscore=15.89;rscore=10.35;uscore=0.57;tscore=3.92;
NODE_14_length_41384_cov_104.001985	Prodigal_v2.6.3	CDS	490	2532	257.7	-	0	ID=14_2;partial=00;start_type=ATG;rbs_motif=AGGAGG;rbs_spacer=5-10bp;gc_cont=0.465;conf=99.99;score=257.73;cscore=236.91;sscore=20.81;rscore=16.65;uscore=0.89;tscore=3.92;
NODE_14_length_41384_cov_104.001985	Prodigal_v2.6.3	CDS	2644	3477	81.7	+	0	ID=14_3;partial=00;start_type=TTG;rbs_motif=GGAG/GAGG;rbs_spacer=5-10bp;gc_cont=0.487;conf=100.00;score=81.72;cscore=75.44;sscore=6.29;rscore=10.35;uscore=3.43;tscore=-7.50;
NODE_14_length_41384_cov_104.001985	Prodigal_v2.6.3	CDS	3611	4066	70.5	-	0	ID=14_4;partial=00;start_type=ATG;rbs_motif=GGAGG;rbs_spacer=5-10bp;gc_cont=0.482;conf=100.00;score=70.49;cscore=49.10;sscore=21.39;rscore=16.07;uscore=1.40;tscore=3.92;
NODE_14_length_41384_cov_104.001985	Prodigal_v2.6.3	CDS	4237	5919	253.0	-	0	ID=14_5;partial=00;start_type=ATG;rbs_motif=AGGAGG;rbs_spacer=5-10bp;gc_cont=0.465;conf=99.99;score=253.05;cscore=233.75;sscore=19.30;rscore=16.65;uscore=-0.63;tscore=3.92;
NODE_14_length_41384_cov_104.001985	Prodigal_v2.6.3	CDS	6377	6763	57.6	+	0	ID=14_6;partial=00;start_type=ATG;rbs_motif=AGGAG;rbs_spacer=5-10bp;gc_cont=0.447;conf=100.00;score=57.63;cscore=36.14;sscore=21.50;rscore=15.31;uscore=2.27;tscore=3.92;
NODE_14_length_41384_cov_104.001985	Prodigal_v2.6.3	CDS	6777	6959	4.8	+	0	ID=14_7;partial=00;start_type=ATG;rbs_motif=GGA/GAG/AGG;rbs_spacer=5-10bp;gc_cont=0.497;conf=75.08;score=4.80;cscore=2.87;sscore=1.93;rscore=-2.72;uscore=0.69;tscore=2.83;
NODE_14_length_41384_cov_104.001985	Prodigal_v2.6.3	CDS	7246	8184	127.0	+	0	ID=14_8;partial=00;start_type=ATG;rbs_motif=AGGAG;rbs_spacer=5-10bp;gc_cont=0.487;conf=100.00;score=127.01;cscore=104.30;sscore=22.71;rscore=15.31;uscore=4.13;tscore=3.92;
NODE_14_length_41384_cov_104.001985	Prodigal_v2.6.3	CDS	8181	9995	200.6	+	0	ID=14_9;partial=00;start_type=ATG;rbs_motif=4Base/6BMM;rbs_spacer=13-15bp;gc_cont=0.447;conf=99.99;score=200.63;cscore=194.00;sscore=6.63;rscore=-7.75;uscore=1.41;tscore=3.92;
NODE_14_length_41384_cov_104.001985	Prodigal_v2.6.3	CDS	10062	10748	104.6	-	0	ID=14_10;partial=00;start_type=ATG;rbs_motif=GGAG/GAGG;rbs_spacer=5-10bp;gc_cont=0.451;conf=100.00;score=104.64;cscore=91.05;sscore=13.59;rscore=10.35;uscore=-0.03;tscore=3.92;
NODE_14_length_41384_cov_104.001985	Prodigal_v2.6.3	CDS	11028	11426	50.9	-	0	ID=14_11;partial=00;start_type=ATG;rbs_motif=AGGAG;rbs_spacer=5-10bp;gc_cont=0.424;conf=100.00;score=50.91;cscore=29.63;sscore=21.28;rscore=15.31;uscore=2.70;tscore=3.92;
NODE_14_length_41384_cov_104.001985	Prodigal_v2.6.3	CDS	11679	12416	88.0	-	0	ID=14_12;partial=00;start_type=ATG;rbs_motif=AGGA;rbs_spacer=5-10bp;gc_cont=0.450;conf=100.00;score=87.96;cscore=74.42;sscore=13.54;rscore=7.02;uscore=3.24;tscore=3.92;
NODE_14_length_41384_cov_104.001985	Prodigal_v2.6.3	CDS	12484	12990	61.7	+	0	ID=14_13;partial=00;start_type=ATG;rbs_motif=GGAGG;rbs_spacer=5-10bp;gc_cont=0.460;conf=100.00;score=61.70;cscore=40.98;sscore=20.72;rscore=16.07;uscore=0.73;tscore=3.92;
NODE_14_length_41384_cov_104.001985	Prodigal_v2.6.3	CDS	13144	15219	200.9	-	0	ID=14_14;partial=00;start_type=GTG;rbs_motif=AGGAGG;rbs_spacer=5-10bp;gc_cont=0.455;conf=99.99;score=200.88;cscore=185.68;sscore=15.20;rscore=16.65;uscore=1.76;tscore=-4.36;
NODE_14_length_41384_cov_104.001985	Prodigal_v2.6.3	CDS	15203	15973	89.4	-	0	ID=14_15;partial=00;start_type=ATG;rbs_motif=GGAGG;rbs_spacer=5-10bp;gc_cont=0.468;conf=100.00;score=89.36;cscore=69.82;sscore=19.55;rscore=16.07;uscore=0.21;tscore=3.92;
NODE_14_length_41384_cov_104.001985	Prodigal_v2.6.3	CDS	16227	16901	80.5	+	0	ID=14_16;partial=00;start_type=GTG;rbs_motif=GGAG/GAGG;rbs_spacer=5-10bp;gc_cont=0.400;conf=100.00;score=80.47;cscore=71.64;sscore=8.83;rscore=10.35;uscore=2.84;tscore=-4.36;
NODE_14_length_41384_cov_104.001985	Prodigal_v2.6.3	CDS	16913	18013	108.1	+	0	ID=14_17;partial=00;start_type=ATG;rbs_motif=AGGAGG;rbs_spacer=5-10bp;gc_cont=0.477;conf=100.00;score=108.13;cscore=88.70;sscore=19.44;rscore=16.65;uscore=-2.29;tscore=3.92;
NODE_14_length_41384_cov_104.001985	Prodigal_v2.6.3	CDS	18162	18740	50.1	-	0	ID=14_18;partial=00;start_type=ATG;rbs_motif=AGGA;rbs_spacer=5-10bp;gc_cont=0.453;conf=100.00;score=50.07;cscore=44.31;sscore=5.76;rscore=7.02;uscore=-4.54;tscore=3.92;
NODE_14_length_41384_cov_104.001985	Prodigal_v2.6.3	CDS	18940	21186	313.2	-	0	ID=14_19;partial=00;start_type=ATG;rbs_motif=AGGAGG;rbs_spacer=5-10bp;gc_cont=0.489;conf=99.99;score=313.22;cscore=289.56;sscore=23.66;rscore=16.65;uscore=1.83;tscore=3.92;
NODE_14_length_41384_cov_104.001985	Prodigal_v2.6.3	CDS	21179	21619	50.0	-	0	ID=14_20;partial=00;start_type=ATG;rbs_motif=GGAGG;rbs_spacer=5-10bp;gc_cont=0.440;conf=100.00;score=50.04;cscore=27.87;sscore=22.17;rscore=16.07;uscore=2.18;tscore=3.92;
NODE_14_length_41384_cov_104.001985	Prodigal_v2.6.3	CDS	21757	22995	183.0	-	0	ID=14_21;partial=00;start_type=ATG;rbs_motif=AGGAGG;rbs_spacer=5-10bp;gc_cont=0.500;conf=99.99;score=182.97;cscore=163.32;sscore=19.66;rscore=16.65;uscore=-0.27;tscore=3.92;
NODE_14_length_41384_cov_104.001985	Prodigal_v2.6.3	CDS	23204	24727	212.8	-	0	ID=14_22;partial=00;start_type=GTG;rbs_motif=AGGAG;rbs_spacer=5-10bp;gc_cont=0.486;conf=99.99;score=212.78;cscore=200.16;sscore=12.62;rscore=15.31;uscore=0.40;tscore=-4.36;
NODE_14_length_41384_cov_104.001985	Prodigal_v2.6.3	CDS	24728	25297	67.2	-	0	ID=14_23;partial=00;start_type=ATG;rbs_motif=GGA/GAG/AGG;rbs_spacer=5-10bp;gc_cont=0.488;conf=100.00;score=67.20;cscore=61.98;sscore=5.22;rscore=-1.95;uscore=-1.64;tscore=3.92;
NODE_14_length_41384_cov_104.001985	Prodigal_v2.6.3	CDS	25294	26304	144.7	-	0	ID=14_24;partial=00;start_type=ATG;rbs_motif=GGAGG;rbs_spacer=5-10bp;gc_cont=0.514;conf=100.00;score=144.75;cscore=123.46;sscore=21.29;rscore=16.07;uscore=-0.42;tscore=3.92;
NODE_14_length_41384_cov_104.001985	Prodigal_v2.6.3	CDS	26301	27755	180.9	-	0	ID=14_25;partial=00;start_type=ATG;rbs_motif=AGGAGG;rbs_spacer=5-10bp;gc_cont=0.503;conf=99.99;score=180.92;cscore=162.02;sscore=18.90;rscore=16.65;uscore=-1.67;tscore=3.92;
NODE_14_length_41384_cov_104.001985	Prodigal_v2.6.3	CDS	27731	29947	303.2	-	0	ID=14_26;partial=00;start_type=GTG;rbs_motif=AGGAG;rbs_spacer=5-10bp;gc_cont=0.507;conf=99.99;score=303.16;cscore=289.23;sscore=13.92;rscore=15.31;uscore=1.80;tscore=-4.36;
NODE_14_length_41384_cov_104.001985	Prodigal_v2.6.3	CDS	29934	30620	95.9	-	0	ID=14_27;partial=00;start_type=ATG;rbs_motif=GGAGG;rbs_spacer=5-10bp;gc_cont=0.505;conf=100.00;score=95.88;cscore=74.59;sscore=21.29;rscore=16.07;uscore=-0.05;tscore=3.92;
NODE_14_length_41384_cov_104.001985	Prodigal_v2.6.3	CDS	30617	30877	47.0	-	0	ID=14_28;partial=00;start_type=ATG;rbs_motif=AGGAG;rbs_spacer=5-10bp;gc_cont=0.437;conf=100.00;score=47.00;cscore=24.91;sscore=22.09;rscore=15.31;uscore=1.61;tscore=3.92;
NODE_14_length_41384_cov_104.001985	Prodigal_v2.6.3	CDS	30870	31598	103.9	-	0	ID=14_29;partial=00;start_type=ATG;rbs_motif=GGAG/GAGG;rbs_spacer=5-10bp;gc_cont=0.461;conf=100.00;score=103.89;cscore=85.39;sscore=18.49;rscore=10.35;uscore=2.96;tscore=3.92;
NODE_14_length_41384_cov_104.001985	Prodigal_v2.6.3	CDS	31592	32707	125.9	-	0	ID=14_30;partial=00;start_type=ATG;rbs_motif=GGAG/GAGG;rbs_spacer=5-10bp;gc_cont=0.509;conf=100.00;score=125.93;cscore=110.36;sscore=15.57;rscore=10.35;uscore=-0.39;tscore=3.92;
NODE_14_length_41384_cov_104.001985	Prodigal_v2.6.3	CDS	32704	33189	55.6	-	0	ID=14_31;partial=00;start_type=ATG;rbs_motif=GGA/GAG/AGG;rbs_spacer=5-10bp;gc_cont=0.537;conf=100.00;score=55.58;cscore=50.70;sscore=4.88;rscore=-1.95;uscore=3.56;tscore=3.92;
NODE_14_length_41384_cov_104.001985	Prodigal_v2.6.3	CDS	33474	34079	87.8	-	0	ID=14_32;partial=00;start_type=ATG;rbs_motif=AGGAGG;rbs_spacer=5-10bp;gc_cont=0.454;conf=100.00;score=87.79;cscore=70.42;sscore=17.37;rscore=16.65;uscore=-2.55;tscore=3.92;
NODE_14_length_41384_cov_104.001985	Prodigal_v2.6.3	CDS	34301	35713	130.8	-	0	ID=14_33;partial=00;start_type=ATG;rbs_motif=AGxAGG/AGGxGG;rbs_spacer=5-10bp;gc_cont=0.498;conf=100.00;score=130.83;cscore=119.11;sscore=11.72;rscore=11.15;uscore=-2.70;tscore=3.92;
NODE_14_length_41384_cov_104.001985	Prodigal_v2.6.3	CDS	36012	37739	255.8	-	0	ID=14_34;partial=00;start_type=ATG;rbs_motif=GGA/GAG/AGG;rbs_spacer=11-12bp;gc_cont=0.453;conf=99.99;score=255.80;cscore=246.94;sscore=8.85;rscore=-4.11;uscore=3.65;tscore=3.92;
NODE_14_length_41384_cov_104.001985	Prodigal_v2.6.3	CDS	37739	38005	55.7	-	0	ID=14_35;partial=00;start_type=ATG;rbs_motif=AGGAG;rbs_spacer=5-10bp;gc_cont=0.461;conf=100.00;score=55.70;cscore=31.88;sscore=23.82;rscore=15.31;uscore=4.58;tscore=3.92;
NODE_14_length_41384_cov_104.001985	Prodigal_v2.6.3	CDS	38149	38340	24.0	-	0	ID=14_36;partial=00;start_type=ATG;rbs_motif=GGAG/GAGG;rbs_spacer=5-10bp;gc_cont=0.453;conf=99.60;score=23.96;cscore=12.83;sscore=11.13;rscore=7.83;uscore=0.99;tscore=2.97;
NODE_14_length_41384_cov_104.001985	Prodigal_v2.6.3	CDS	38689	40785	309.9	+	0	ID=14_37;partial=00;start_type=ATG;rbs_motif=AGGAG;rbs_spacer=5-10bp;gc_cont=0.465;conf=99.99;score=309.86;cscore=290.69;sscore=19.16;rscore=15.31;uscore=-0.07;tscore=3.92;
NODE_14_length_41384_cov_104.001985	Prodigal_v2.6.3	CDS	40906	41199	41.8	+	0	ID=14_38;partial=00;start_type=ATG;rbs_motif=GGAGG;rbs_spacer=5-10bp;gc_cont=0.476;conf=99.99;score=41.84;cscore=18.44;sscore=23.41;rscore=16.07;uscore=3.41;tscore=3.92;
# Sequence Data: seqnum=15;seqlen=29009;seqhdr="NODE_15_length_29009_cov_365.507362"
# Model Data: version=Prodigal.v2.6.3;run_type=Single;model="Ab initio";gc_cont=46.10;transl_table=11;uses_sd=1
NODE_15_length_29009_cov_365.507362	Prodigal_v2.6.3	CDS	47	517	43.3	-	0	ID=15_1;partial=00;start_type=ATG;rbs_motif=GGAG/GAGG;rbs_spacer=5-10bp;gc_cont=0.380;conf=100.00;score=43.25;cscore=27.07;sscore=16.18;rscore=10.35;uscore=2.56;tscore=3.92;
NODE_15_length_29009_cov_365.507362	Prodigal_v2.6.3	CDS	610	1563	65.4	+	0	ID=15_2;partial=00;start_type=ATG;rbs_motif=GGA/GAG/AGG;rbs_spacer=5-10bp;gc_cont=0.374;conf=100.00;score=65.45;cscore=63.03;sscore=2.42;rscore=-1.95;uscore=0.45;tscore=3.92;
NODE_15_length_29009_cov_365.507362	Prodigal_v2.6.3	CDS	2588	3166	83.2	+	0	ID=15_3;partial=00;start_type=ATG;rbs_motif=GGAGG;rbs_spacer=5-10bp;gc_cont=0.468;conf=100.00;score=83.23;cscore=59.09;sscore=24.14;rscore=16.07;uscore=4.80;tscore=3.92;
NODE_15_length_29009_cov_365.507362	Prodigal_v2.6.3	CDS	3186	4271	72.6	+	0	ID=15_4;partial=00;start_type=ATG;rbs_motif=GGxGG;rbs_spacer=5-10bp;gc_cont=0.390;conf=100.00;score=72.59;cscore=63.25;sscore=9.34;rscore=3.18;uscore=1.17;tscore=3.92;
NODE_15_length_29009_cov_365.507362	Prodigal_v2.6.3	CDS	4283	6088	157.5	+	0	ID=15_5;partial=00;start_type=ATG;rbs_motif=AGGAGG;rbs_spacer=5-10bp;gc_cont=0.407;conf=100.00;score=157.48;cscore=134.93;sscore=22.55;rscore=16.65;uscore=0.82;tscore=3.92;
NODE_15_length_29009_cov_365.507362	Prodigal_v2.6.3	CDS	6994	8127	138.9	-	0	ID=15_6;partial=00;start_type=ATG;rbs_motif=AGxAGG/AGGxGG;rbs_spacer=5-10bp;gc_cont=0.407;conf=100.00;score=138.90;cscore=123.09;sscore=15.81;rscore=11.15;uscore=0.74;tscore=3.92;
NODE_15_length_29009_cov_365.507362	Prodigal_v2.6.3	CDS	8286	9029	33.4	-	0	ID=15_7;partial=00;start_type=ATG;rbs_motif=AGGAG/GGAGG;rbs_spacer=11-12bp;gc_cont=0.367;conf=99.95;score=33.35;cscore=15.98;sscore=17.37;rscore=12.17;uscore=-2.52;tscore=3.92;
NODE_15_length_29009_cov_365.507362	Prodigal_v2.6.3	CDS	9029	10006	104.7	-	0	ID=15_8;partial=00;start_type=ATG;rbs_motif=GGAGG;rbs_spacer=5-10bp;gc_cont=0.402;conf=100.00;score=104.73;cscore=80.81;sscore=23.92;rscore=16.07;uscore=3.01;tscore=3.92;
NODE_15_length_29009_cov_365.507362	Prodigal_v2.6.3	CDS	10039	10881	73.5	-	0	ID=15_9;partial=00;start_type=ATG;rbs_motif=GGAGG;rbs_spacer=5-10bp;gc_cont=0.382;conf=100.00;score=73.53;cscore=52.52;sscore=21.01;rscore=16.07;uscore=-0.12;tscore=3.92;
NODE_15_length_29009_cov_365.507362	Prodigal_v2.6.3	CDS	10894	11784	59.5	-	0	ID=15_10;partial=00;start_type=ATG;rbs_motif=GGA/GAG/AGG;rbs_spacer=5-10bp;gc_cont=0.382;conf=100.00;score=59.46;cscore=54.66;sscore=4.80;rscore=-1.95;uscore=2.83;tscore=3.92;
NODE_15_length_29009_cov_365.507362	Prodigal_v2.6.3	CDS	11849	13090	113.2	-	0	ID=15_11;partial=00;start_type=ATG;rbs_motif=GGAGG;rbs_spacer=5-10bp;gc_cont=0.396;conf=100.00;score=113.23;cscore=94.53;sscore=18.70;rscore=16.07;uscore=-1.29;tscore=3.92;
NODE_15_length_29009_cov_365.507362	Prodigal_v2.6.3	CDS	13218	16340	266.7	-	0	ID=15_12;partial=00;start_type=ATG;rbs_motif=GGAG/GAGG;rbs_spacer=5-10bp;gc_cont=0.386;conf=99.99;score=266.66;cscore=247.59;sscore=19.07;rscore=10.35;uscore=4.80;tscore=3.92;
NODE_15_length_29009_cov_365.507362	Prodigal_v2.6.3	CDS	16321	18516	171.7	-	0	ID=15_13;partial=00;start_type=ATG;rbs_motif=GGA/GAG/AGG;rbs_spacer=5-10bp;gc_cont=0.408;conf=100.00;score=171.72;cscore=165.37;sscore=6.35;rscore=-1.95;uscore=5.03;tscore=3.92;
NODE_15_length_29009_cov_365.507362	Prodigal_v2.6.3	CDS	19243	19518	37.7	+	0	ID=15_14;partial=00;start_type=ATG;rbs_motif=GGAG/GAGG;rbs_spacer=5-10bp;gc_cont=0.435;conf=99.98;score=37.73;cscore=21.07;sscore=16.66;rscore=10.35;uscore=2.38;tscore=3.92;
NODE_15_length_29009_cov_365.507362	Prodigal_v2.6.3	CDS	19548	20243	31.6	+	0	ID=15_15;partial=00;start_type=ATG;rbs_motif=GGA/GAG/AGG;rbs_spacer=11-12bp;gc_cont=0.453;conf=99.93;score=31.60;cscore=32.24;sscore=-0.64;rscore=-4.11;uscore=-1.41;tscore=3.92;
NODE_15_length_29009_cov_365.507362	Prodigal_v2.6.3	CDS	20572	22128	94.1	-	0	ID=15_16;partial=00;start_type=ATG;rbs_motif=GGA/GAG/AGG;rbs_spacer=5-10bp;gc_cont=0.491;conf=100.00;score=94.14;cscore=95.12;sscore=-0.98;rscore=-1.95;uscore=-2.29;tscore=3.92;
NODE_15_length_29009_cov_365.507362	Prodigal_v2.6.3	CDS	22690	24609	169.5	-	0	ID=15_17;partial=00;start_type=ATG;rbs_motif=GGxGG;rbs_spacer=5-10bp;gc_cont=0.389;conf=100.00;score=169.46;cscore=160.71;sscore=8.75;rscore=3.18;uscore=2.30;tscore=3.92;
NODE_15_length_29009_cov_365.507362	Prodigal_v2.6.3	CDS	25540	27018	122.7	-	0	ID=15_18;partial=00;start_type=ATG;rbs_motif=AGGA/GGAG/GAGG;rbs_spacer=11-12bp;gc_cont=0.478;conf=100.00;score=122.73;cscore=110.01;sscore=12.73;rscore=5.64;uscore=3.81;tscore=3.92;
NODE_15_length_29009_cov_365.507362	Prodigal_v2.6.3	CDS	27631	28530	94.1	+	0	ID=15_19;partial=00;start_type=ATG;rbs_motif=AGxAGG/AGGxGG;rbs_spacer=5-10bp;gc_cont=0.391;conf=100.00;score=94.08;cscore=79.62;sscore=14.46;rscore=11.15;uscore=-0.61;tscore=3.92;
NODE_15_length_29009_cov_365.507362	Prodigal_v2.6.3	CDS	28523	28858	26.3	+	0	ID=15_20;partial=00;start_type=ATG;rbs_motif=AGGAGG;rbs_spacer=5-10bp;gc_cont=0.375;conf=99.76;score=26.32;cscore=3.22;sscore=23.10;rscore=16.65;uscore=1.27;tscore=3.92;
# Sequence Data: seqnum=16;seqlen=18578;seqhdr="NODE_16_length_18578_cov_370.663424"
# Model Data: version=Prodigal.v2.6.3;run_type=Single;model="Ab initio";gc_cont=46.10;transl_table=11;uses_sd=1
NODE_16_length_18578_cov_370.663424	Prodigal_v2.6.3	CDS	110	922	10.9	+	0	ID=16_1;partial=00;start_type=ATG;rbs_motif=None;rbs_spacer=None;gc_cont=0.395;conf=92.49;score=10.92;cscore=27.64;sscore=-16.72;rscore=-15.61;uscore=-5.04;tscore=3.92;
NODE_16_length_18578_cov_370.663424	Prodigal_v2.6.3	CDS	1065	1913	48.3	+	0	ID=16_2;partial=00;start_type=GTG;rbs_motif=GGA/GAG/AGG;rbs_spacer=5-10bp;gc_cont=0.395;conf=100.00;score=48.27;cscore=51.85;sscore=-3.57;rscore=-1.95;uscore=2.74;tscore=-4.36;
NODE_16_length_18578_cov_370.663424	Prodigal_v2.6.3	CDS	2132	2977	58.7	-	0	ID=16_3;partial=00;start_type=ATG;rbs_motif=GGAG/GAGG;rbs_spacer=5-10bp;gc_cont=0.403;conf=100.00;score=58.75;cscore=42.11;sscore=16.63;rscore=10.35;uscore=3.01;tscore=3.92;
NODE_16_length_18578_cov_370.663424	Prodigal_v2.6.3	CDS	3206	3955	17.3	+	0	ID=16_4;partial=00;start_type=GTG;rbs_motif=GGxGG;rbs_spacer=5-10bp;gc_cont=0.367;conf=98.16;score=17.31;cscore=17.19;sscore=0.12;rscore=3.18;uscore=1.31;tscore=-4.36;
NODE_16_length_18578_cov_370.663424	Prodigal_v2.6.3	CDS	4537	4794	4.8	-	0	ID=16_5;partial=00;start_type=ATG;rbs_motif=GGA/GAG/AGG;rbs_spacer=5-10bp;gc_cont=0.399;conf=75.07;score=4.80;cscore=1.63;sscore=3.17;rscore=-1.95;uscore=-0.06;tscore=3.92;
NODE_16_length_18578_cov_370.663424	Prodigal_v2.6.3	CDS	4787	5059	47.7	-	0	ID=16_6;partial=00;start_type=ATG;rbs_motif=AGxAGG/AGGxGG;rbs_spacer=5-10bp;gc_cont=0.392;conf=100.00;score=47.69;cscore=26.69;sscore=21.00;rscore=11.15;uscore=6.58;tscore=3.92;
NODE_16_length_18578_cov_370.663424	Prodigal_v2.6.3	CDS	5340	5990	75.9	+	0	ID=16_7;partial=00;start_type=TTG;rbs_motif=GGAGG;rbs_spacer=5-10bp;gc_cont=0.402;conf=100.00;score=75.86;cscore=68.41;sscore=7.45;rscore=16.07;uscore=-1.12;tscore=-7.50;
NODE_16_length_18578_cov_370.663424	Prodigal_v2.6.3	CDS	5996	6280	28.7	+	0	ID=16_8;partial=00;start_type=ATG;rbs_motif=GGAG/GAGG;rbs_spacer=5-10bp;gc_cont=0.393;conf=99.86;score=28.70;cscore=13.54;sscore=15.17;rscore=10.35;uscore=-0.33;tscore=3.92;
NODE_16_length_18578_cov_370.663424	Prodigal_v2.6.3	CDS	6310	6819	13.9	+	0	ID=16_9;partial=00;start_type=ATG;rbs_motif=GGxGG;rbs_spacer=5-10bp;gc_cont=0.382;conf=96.04;score=13.87;cscore=5.42;sscore=8.46;rscore=3.18;uscore=0.40;tscore=3.92;
NODE_16_length_18578_cov_370.663424	Prodigal_v2.6.3	CDS	7357	7755	48.7	+	0	ID=16_10;partial=00;start_type=ATG;rbs_motif=GGAG/GAGG;rbs_spacer=5-10bp;gc_cont=0.424;conf=100.00;score=48.65;cscore=33.91;sscore=14.74;rscore=10.35;uscore=1.12;tscore=3.92;
NODE_16_length_18578_cov_370.663424	Prodigal_v2.6.3	CDS	8089	9471	121.3	-	0	ID=16_11;partial=00;start_type=ATG;rbs_motif=GGAGG;rbs_spacer=5-10bp;gc_cont=0.494;conf=100.00;score=121.34;cscore=100.27;sscore=21.07;rscore=16.07;uscore=1.73;tscore=3.92;
NODE_16_length_18578_cov_370.663424	Prodigal_v2.6.3	CDS	10024	15927	739.2	-	0	ID=16_12;partial=00;start_type=ATG;rbs_motif=GGAGG;rbs_spacer=5-10bp;gc_cont=0.418;conf=99.99;score=739.25;cscore=717.26;sscore=21.99;rscore=16.07;uscore=2.65;tscore=3.92;
NODE_16_length_18578_cov_370.663424	Prodigal_v2.6.3	CDS	17216	18577	121.1	+	0	ID=16_13;partial=01;start_type=ATG;rbs_motif=AGGA;rbs_spacer=5-10bp;gc_cont=0.355;conf=100.00;score=121.15;cscore=110.36;sscore=10.79;rscore=7.02;uscore=-0.16;tscore=3.92;
# Sequence Data: seqnum=17;seqlen=14292;seqhdr="NODE_17_length_14292_cov_110.043405"
# Model Data: version=Prodigal.v2.6.3;run_type=Single;model="Ab initio";gc_cont=46.10;transl_table=11;uses_sd=1
NODE_17_length_14292_cov_110.043405	Prodigal_v2.6.3	CDS	399	839	58.5	-	0	ID=17_1;partial=00;start_type=ATG;rbs_motif=AGGAGG;rbs_spacer=5-10bp;gc_cont=0.438;conf=100.00;score=58.54;cscore=34.79;sscore=23.75;rscore=16.65;uscore=3.82;tscore=3.92;
NODE_17_length_14292_cov_110.043405	Prodigal_v2.6.3	CDS	1032	3125	253.0	-	0	ID=17_2;partial=00;start_type=ATG;rbs_motif=GGAGG;rbs_spacer=5-10bp;gc_cont=0.430;conf=99.99;score=253.01;cscore=229.07;sscore=23.93;rscore=16.07;uscore=4.59;tscore=3.92;
NODE_17_length_14292_cov_110.043405	Prodigal_v2.6.3	CDS	3356	3634	47.4	-	0	ID=17_3;partial=00;start_type=ATG;rbs_motif=AGGAGG;rbs_spacer=5-10bp;gc_cont=0.473;conf=100.00;score=47.43;cscore=28.37;sscore=19.06;rscore=16.65;uscore=-0.87;tscore=3.92;
NODE_17_length_14292_cov_110.043405	Prodigal_v2.6.3	CDS	3880	5055	170.7	+	0	ID=17_4;partial=00;start_type=ATG;rbs_motif=AGGAG;rbs_spacer=5-10bp;gc_cont=0.474;conf=100.00;score=170.66;cscore=150.59;sscore=20.07;rscore=15.31;uscore=0.84;tscore=3.92;
NODE_17_length_14292_cov_110.043405	Prodigal_v2.6.3	CDS	5141	5494	37.9	-	0	ID=17_5;partial=00;start_type=ATG;rbs_motif=GGAGG;rbs_spacer=5-10bp;gc_cont=0.475;conf=99.98;score=37.94;cscore=16.79;sscore=21.15;rscore=16.07;uscore=0.27;tscore=3.92;
NODE_17_length_14292_cov_110.043405	Prodigal_v2.6.3	CDS	5530	6543	122.0	-	0	ID=17_6;partial=00;start_type=ATG;rbs_motif=GGAG/GAGG;rbs_spacer=5-10bp;gc_cont=0.439;conf=100.00;score=121.99;cscore=109.29;sscore=12.70;rscore=10.35;uscore=-2.72;tscore=3.92;
NODE_17_length_14292_cov_110.043405	Prodigal_v2.6.3	CDS	6556	7584	111.5	-	0	ID=17_7;partial=00;start_type=ATG;rbs_motif=GGA/GAG/AGG;rbs_spacer=5-10bp;gc_cont=0.443;conf=100.00;score=111.46;cscore=109.52;sscore=1.94;rscore=-1.95;uscore=-1.28;tscore=3.92;
NODE_17_length_14292_cov_110.043405	Prodigal_v2.6.3	CDS	7587	8795	172.5	-	0	ID=17_8;partial=00;start_type=GTG;rbs_motif=GGAGG;rbs_spacer=5-10bp;gc_cont=0.468;conf=100.00;score=172.52;cscore=159.68;sscore=12.85;rscore=16.07;uscore=1.79;tscore=-4.36;
NODE_17_length_14292_cov_110.043405	Prodigal_v2.6.3	CDS	9082	10800	120.8	-	0	ID=17_9;partial=00;start_type=ATG;rbs_motif=None;rbs_spacer=None;gc_cont=0.443;conf=100.00;score=120.81;cscore=129.21;sscore=-8.41;rscore=-15.61;uscore=3.93;tscore=3.92;
NODE_17_length_14292_cov_110.043405	Prodigal_v2.6.3	CDS	11178	11726	44.1	+	0	ID=17_10;partial=00;start_type=ATG;rbs_motif=GGAGG;rbs_spacer=5-10bp;gc_cont=0.470;conf=100.00;score=44.09;cscore=22.84;sscore=21.25;rscore=16.07;uscore=1.25;tscore=3.92;
NODE_17_length_14292_cov_110.043405	Prodigal_v2.6.3	CDS	14085	14291	5.9	-	0	ID=17_11;partial=01;start_type=Edge;rbs_motif=None;rbs_spacer=None;gc_cont=0.464;conf=79.61;score=5.93;cscore=2.71;sscore=3.22;rscore=0.00;uscore=0.00;tscore=3.22;
# Sequence Data: seqnum=18;seqlen=4093;seqhdr="NODE_18_length_4093_cov_374.758217"
# Model Data: version=Prodigal.v2.6.3;run_type=Single;model="Ab initio";gc_cont=46.10;transl_table=11;uses_sd=1
NODE_18_length_4093_cov_374.758217	Prodigal_v2.6.3	CDS	1	327	12.3	+	0	ID=18_1;partial=10;start_type=Edge;rbs_motif=None;rbs_spacer=None;gc_cont=0.480;conf=94.43;score=12.32;cscore=9.10;sscore=3.22;rscore=0.00;uscore=0.00;tscore=3.22;
NODE_18_length_4093_cov_374.758217	Prodigal_v2.6.3	CDS	510	1319	76.4	+	0	ID=18_2;partial=00;start_type=ATG;rbs_motif=GGA/GAG/AGG;rbs_spacer=11-12bp;gc_cont=0.440;conf=100.00;score=76.36;cscore=79.40;sscore=-3.04;rscore=-4.11;uscore=-2.86;tscore=3.92;
NODE_18_length_4093_cov_374.758217	Prodigal_v2.6.3	CDS	1912	2112	21.9	+	0	ID=18_3;partial=00;start_type=ATG;rbs_motif=AGGAGG;rbs_spacer=5-10bp;gc_cont=0.388;conf=99.35;score=21.89;cscore=5.21;sscore=16.68;rscore=13.19;uscore=1.03;tscore=3.11;
NODE_18_length_4093_cov_374.758217	Prodigal_v2.6.3	CDS	2118	2366	26.2	+	0	ID=18_4;partial=00;start_type=TTG;rbs_motif=AGGA;rbs_spacer=5-10bp;gc_cont=0.442;conf=99.76;score=26.25;cscore=19.83;sscore=6.42;rscore=6.91;uscore=5.92;tscore=-7.62;
NODE_18_length_4093_cov_374.758217	Prodigal_v2.6.3	CDS	2396	2626	22.2	+	0	ID=18_5;partial=00;start_type=TTG;rbs_motif=AGGAGG;rbs_spacer=5-10bp;gc_cont=0.416;conf=99.39;score=22.16;cscore=14.16;sscore=8.00;rscore=15.19;uscore=0.07;tscore=-8.22;
NODE_18_length_4093_cov_374.758217	Prodigal_v2.6.3	CDS	3373	3939	43.4	+	0	ID=18_6;partial=00;start_type=ATG;rbs_motif=AGGAG;rbs_spacer=5-10bp;gc_cont=0.353;conf=100.00;score=43.37;cscore=26.49;sscore=16.88;rscore=15.31;uscore=-1.70;tscore=3.92;
# Sequence Data: seqnum=19;seqlen=3777;seqhdr="NODE_19_length_3777_cov_504.508378"
# Model Data: version=Prodigal.v2.6.3;run_type=Single;model="Ab initio";gc_cont=46.10;transl_table=11;uses_sd=1
NODE_19_length_3777_cov_504.508378	Prodigal_v2.6.3	CDS	110	343	1.2	+	0	ID=19_1;partial=00;start_type=ATG;rbs_motif=AGxAGG/AGGxGG;rbs_spacer=11-12bp;gc_cont=0.526;conf=56.89;score=1.21;cscore=-3.78;sscore=4.98;rscore=4.64;uscore=-2.78;tscore=3.63;
NODE_19_length_3777_cov_504.508378	Prodigal_v2.6.3	CDS	1282	1821	15.8	-	0	ID=19_2;partial=00;start_type=ATG;rbs_motif=GGAG/GAGG;rbs_spacer=5-10bp;gc_cont=0.574;conf=97.42;score=15.79;cscore=6.32;sscore=9.48;rscore=10.35;uscore=-4.15;tscore=3.92;
NODE_19_length_3777_cov_504.508378	Prodigal_v2.6.3	CDS	2422	2589	4.6	+	0	ID=19_3;partial=00;start_type=ATG;rbs_motif=AGGA;rbs_spacer=5-10bp;gc_cont=0.482;conf=74.29;score=4.62;cscore=1.43;sscore=3.18;rscore=4.63;uscore=-4.04;tscore=2.59;
# Sequence Data: seqnum=20;seqlen=3278;seqhdr="NODE_20_length_3278_cov_568.802562"
# Model Data: version=Prodigal.v2.6.3;run_type=Single;model="Ab initio";gc_cont=46.10;transl_table=11;uses_sd=1
NODE_20_length_3278_cov_568.802562	Prodigal_v2.6.3	CDS	1	144	2.1	+	0	ID=20_1;partial=10;start_type=Edge;rbs_motif=None;rbs_spacer=None;gc_cont=0.444;conf=61.69;score=2.07;cscore=-0.65;sscore=2.72;rscore=0.00;uscore=0.00;tscore=3.22;
NODE_20_length_3278_cov_568.802562	Prodigal_v2.6.3	CDS	174	932	56.8	+	0	ID=20_2;partial=00;start_type=ATG;rbs_motif=GGAGG;rbs_spacer=5-10bp;gc_cont=0.494;conf=100.00;score=56.76;cscore=35.68;sscore=21.08;rscore=16.07;uscore=0.12;tscore=3.92;
NODE_20_length_3278_cov_568.802562	Prodigal_v2.6.3	CDS	949	1776	43.2	+	0	ID=20_3;partial=00;start_type=ATG;rbs_motif=None;rbs_spacer=None;gc_cont=0.512;conf=100.00;score=43.18;cscore=54.43;sscore=-11.25;rscore=-15.61;uscore=-0.67;tscore=3.92;
NODE_20_length_3278_cov_568.802562	Prodigal_v2.6.3	CDS	2606	3277	71.6	-	0	ID=20_4;partial=01;start_type=Edge;rbs_motif=None;rbs_spacer=None;gc_cont=0.442;conf=100.00;score=71.65;cscore=68.43;sscore=3.22;rscore=0.00;uscore=0.00;tscore=3.22;
# Sequence Data: seqnum=21;seqlen=2240;seqhdr="NODE_21_length_2240_cov_118.596461"
# Model Data: version=Prodigal.v2.6.3;run_type=Single;model="Ab initio";gc_cont=46.10;transl_table=11;uses_sd=1
NODE_21_length_2240_cov_118.596461	Prodigal_v2.6.3	CDS	1	609	28.7	+	0	ID=21_1;partial=10;start_type=Edge;rbs_motif=None;rbs_spacer=None;gc_cont=0.392;conf=99.86;score=28.70;cscore=25.48;sscore=3.22;rscore=0.00;uscore=0.00;tscore=3.22;
NODE_21_length_2240_cov_118.596461	Prodigal_v2.6.3	CDS	688	1614	99.3	+	0	ID=21_2;partial=00;start_type=ATG;rbs_motif=AGGAGG;rbs_spacer=5-10bp;gc_cont=0.452;conf=100.00;score=99.33;cscore=76.17;sscore=23.16;rscore=16.65;uscore=2.58;tscore=3.92;
NODE_21_length_2240_cov_118.596461	Prodigal_v2.6.3	CDS	1662	2240	23.6	-	0	ID=21_3;partial=01;start_type=Edge;rbs_motif=None;rbs_spacer=None;gc_cont=0.394;conf=99.56;score=23.57;cscore=20.36;sscore=3.22;rscore=0.00;uscore=0.00;tscore=3.22;
# Sequence Data: seqnum=22;seqlen=714;seqhdr="NODE_22_length_714_cov_558.368917"
# Model Data: version=Prodigal.v2.6.3;run_type=Single;model="Ab initio";gc_cont=46.10;transl_table=11;uses_sd=1
# Sequence Data: seqnum=23;seqlen=563;seqhdr="NODE_23_length_563_cov_410.991770"
# Model Data: version=Prodigal.v2.6.3;run_type=Single;model="Ab initio";gc_cont=46.10;transl_table=11;uses_sd=1
NODE_23_length_563_cov_410.991770	Prodigal_v2.6.3	CDS	1	552	48.2	+	0	ID=23_1;partial=10;start_type=Edge;rbs_motif=None;rbs_spacer=None;gc_cont=0.542;conf=100.00;score=48.24;cscore=45.02;sscore=3.22;rscore=0.00;uscore=3.22;tscore=0.00;
# Sequence Data: seqnum=24;seqlen=479;seqhdr="NODE_24_length_479_cov_253.303483"
# Model Data: version=Prodigal.v2.6.3;run_type=Single;model="Ab initio";gc_cont=46.10;transl_table=11;uses_sd=1
NODE_24_length_479_cov_253.303483	Prodigal_v2.6.3	CDS	1	477	42.0	-	0	ID=24_1;partial=11;start_type=Edge;rbs_motif=None;rbs_spacer=None;gc_cont=0.369;conf=99.99;score=42.04;cscore=40.43;sscore=1.61;rscore=0.00;uscore=0.00;tscore=1.61;
# Sequence Data: seqnum=25;seqlen=431;seqhdr="NODE_25_length_431_cov_97.533898"
# Model Data: version=Prodigal.v2.6.3;run_type=Single;model="Ab initio";gc_cont=46.10;transl_table=11;uses_sd=1
NODE_25_length_431_cov_97.533898	Prodigal_v2.6.3	CDS	1	417	10.8	+	0	ID=25_1;partial=10;start_type=Edge;rbs_motif=None;rbs_spacer=None;gc_cont=0.448;conf=92.23;score=10.76;cscore=7.55;sscore=3.22;rscore=0.00;uscore=0.00;tscore=3.22;
# Sequence Data: seqnum=26;seqlen=424;seqhdr="NODE_26_length_424_cov_660.749280"
# Model Data: version=Prodigal.v2.6.3;run_type=Single;model="Ab initio";gc_cont=46.10;transl_table=11;uses_sd=1
NODE_26_length_424_cov_660.749280	Prodigal_v2.6.3	CDS	3	422	30.5	-	0	ID=26_1;partial=11;start_type=Edge;rbs_motif=None;rbs_spacer=None;gc_cont=0.490;conf=99.91;score=30.47;cscore=28.86;sscore=1.61;rscore=0.00;uscore=0.00;tscore=1.61;
# Sequence Data: seqnum=27;seqlen=393;seqhdr="NODE_27_length_393_cov_251.367089"
# Model Data: version=Prodigal.v2.6.3;run_type=Single;model="Ab initio";gc_cont=46.10;transl_table=11;uses_sd=1
# Sequence Data: seqnum=28;seqlen=389;seqhdr="NODE_28_length_389_cov_110.282051"
# Model Data: version=Prodigal.v2.6.3;run_type=Single;model="Ab initio";gc_cont=46.10;transl_table=11;uses_sd=1
NODE_28_length_389_cov_110.282051	Prodigal_v2.6.3	CDS	1	387	53.3	+	0	ID=28_1;partial=11;start_type=Edge;rbs_motif=None;rbs_spacer=None;gc_cont=0.512;conf=100.00;score=53.32;cscore=51.71;sscore=1.61;rscore=0.00;uscore=0.00;tscore=1.61;
# Sequence Data: seqnum=29;seqlen=340;seqhdr="NODE_29_length_340_cov_113.517110"
# Model Data: version=Prodigal.v2.6.3;run_type=Single;model="Ab initio";gc_cont=46.10;transl_table=11;uses_sd=1
NODE_29_length_340_cov_113.517110	Prodigal_v2.6.3	CDS	99	338	29.4	+	0	ID=29_1;partial=01;start_type=ATG;rbs_motif=AGGA;rbs_spacer=5-10bp;gc_cont=0.471;conf=99.88;score=29.35;cscore=20.00;sscore=9.36;rscore=7.02;uscore=-1.59;tscore=3.92;
# Sequence Data: seqnum=30;seqlen=336;seqhdr="NODE_30_length_336_cov_819.332046"
# Model Data: version=Prodigal.v2.6.3;run_type=Single;model="Ab initio";gc_cont=46.10;transl_table=11;uses_sd=1
NODE_30_length_336_cov_819.332046	Prodigal_v2.6.3	CDS	1	336	36.7	-	0	ID=30_1;partial=11;start_type=Edge;rbs_motif=None;rbs_spacer=None;gc_cont=0.473;conf=99.98;score=36.69;cscore=35.08;sscore=1.61;rscore=0.00;uscore=0.00;tscore=1.61;
# Sequence Data: seqnum=31;seqlen=282;seqhdr="NODE_31_length_282_cov_0.834146"
# Model Data: version=Prodigal.v2.6.3;run_type=Single;model="Ab initio";gc_cont=46.10;transl_table=11;uses_sd=1
NODE_31_length_282_cov_0.834146	Prodigal_v2.6.3	CDS	2	280	29.6	+	0	ID=31_1;partial=11;start_type=Edge;rbs_motif=None;rbs_spacer=None;gc_cont=0.444;conf=99.89;score=29.56;cscore=27.95;sscore=1.61;rscore=0.00;uscore=0.00;tscore=1.61;
# Sequence Data: seqnum=32;seqlen=279;seqhdr="NODE_32_length_279_cov_341.371287"
# Model Data: version=Prodigal.v2.6.3;run_type=Single;model="Ab initio";gc_cont=46.10;transl_table=11;uses_sd=1
# Sequence Data: seqnum=33;seqlen=277;seqhdr="NODE_33_length_277_cov_0.740000"
# Model Data: version=Prodigal.v2.6.3;run_type=Single;model="Ab initio";gc_cont=46.10;transl_table=11;uses_sd=1
# Sequence Data: seqnum=34;seqlen=273;seqhdr="NODE_34_length_273_cov_0.750000"
# Model Data: version=Prodigal.v2.6.3;run_type=Single;model="Ab initio";gc_cont=46.10;transl_table=11;uses_sd=1
# Sequence Data: seqnum=35;seqlen=267;seqhdr="NODE_35_length_267_cov_113.815789"
# Model Data: version=Prodigal.v2.6.3;run_type=Single;model="Ab initio";gc_cont=46.10;transl_table=11;uses_sd=1
# Sequence Data: seqnum=36;seqlen=265;seqhdr="NODE_36_length_265_cov_0.776596"
# Model Data: version=Prodigal.v2.6.3;run_type=Single;model="Ab initio";gc_cont=46.10;transl_table=11;uses_sd=1
NODE_36_length_265_cov_0.776596	Prodigal_v2.6.3	CDS	1	84	5.8	-	0	ID=36_1;partial=10;start_type=ATG;rbs_motif=GGA/GAG/AGG;rbs_spacer=5-10bp;gc_cont=0.345;conf=79.22;score=5.82;cscore=5.29;sscore=0.53;rscore=-1.95;uscore=-1.44;tscore=3.92;
# Sequence Data: seqnum=37;seqlen=261;seqhdr="NODE_37_length_261_cov_64.021739"
# Model Data: version=Prodigal.v2.6.3;run_type=Single;model="Ab initio";gc_cont=46.10;transl_table=11;uses_sd=1
# Sequence Data: seqnum=38;seqlen=253;seqhdr="NODE_38_length_253_cov_0.835227"
# Model Data: version=Prodigal.v2.6.3;run_type=Single;model="Ab initio";gc_cont=46.10;transl_table=11;uses_sd=1
NODE_38_length_253_cov_0.835227	Prodigal_v2.6.3	CDS	1	252	10.6	+	0	ID=38_1;partial=11;start_type=Edge;rbs_motif=None;rbs_spacer=None;gc_cont=0.401;conf=91.93;score=10.59;cscore=8.98;sscore=1.61;rscore=0.00;uscore=0.00;tscore=1.61;
# Sequence Data: seqnum=39;seqlen=241;seqhdr="NODE_39_length_241_cov_97.128049"
# Model Data: version=Prodigal.v2.6.3;run_type=Single;model="Ab initio";gc_cont=46.10;transl_table=11;uses_sd=1
# Sequence Data: seqnum=40;seqlen=238;seqhdr="NODE_40_length_238_cov_886.366460"
# Model Data: version=Prodigal.v2.6.3;run_type=Single;model="Ab initio";gc_cont=46.10;transl_table=11;uses_sd=1
NODE_40_length_238_cov_886.366460	Prodigal_v2.6.3	CDS	3	230	9.8	+	0	ID=40_1;partial=10;start_type=Edge;rbs_motif=None;rbs_spacer=None;gc_cont=0.491;conf=90.53;score=9.82;cscore=6.60;sscore=3.22;rscore=0.00;uscore=0.00;tscore=3.22;
# Sequence Data: seqnum=41;seqlen=201;seqhdr="NODE_41_length_201_cov_820.959677"
# Model Data: version=Prodigal.v2.6.3;run_type=Single;model="Ab initio";gc_cont=46.10;transl_table=11;uses_sd=1
NODE_41_length_201_cov_820.959677	Prodigal_v2.6.3	CDS	3	200	22.8	-	0	ID=41_1;partial=11;start_type=Edge;rbs_motif=None;rbs_spacer=None;gc_cont=0.475;conf=99.48;score=22.85;cscore=21.24;sscore=1.61;rscore=0.00;uscore=0.00;tscore=1.61;
