isolate_filteredΩNODE_3_length_404174_cov_100.322816_161	UniRef100_A0A1S2AQT1~K01361	97.9	1902	39	0	1	1902	1	1902	0.0	3419
careful_filteredΩNODE_3_length_403891_cov_108.585722_223	UniRef100_A0A1S2AQT1~K01361	97.9	1902	39	0	1	1902	1	1902	0.0	3419
isolate_filteredΩNODE_1_length_651596_cov_106.573662_599	UniRef100_C2F9R4~K00265	99.9	1485	2	0	1	1485	1	1485	0.0	2952
careful_filteredΩNODE_1_length_651721_cov_115.299404_599	UniRef100_C2F9R4~K00265	99.9	1485	2	0	1	1485	1	1485	0.0	2952
isolate_filteredΩNODE_2_length_515833_cov_101.187436_294	UniRef100_Q038M0~K03763	99.8	1444	3	0	1	1444	1	1444	0.0	2848
careful_filteredΩNODE_2_length_515833_cov_109.458385_294	UniRef100_Q038M0~K03763	99.8	1444	3	0	1	1444	1	1444	0.0	2848
isolate_filteredΩNODE_2_length_515833_cov_101.187436_175	UniRef100_K6S1Q6~K16898	99.8	1234	2	0	1	1234	1	1234	0.0	2371
careful_filteredΩNODE_2_length_515833_cov_109.458385_175	UniRef100_K6S1Q6~K16898	99.8	1234	2	0	1	1234	1	1234	0.0	2371
isolate_filteredΩNODE_3_length_404174_cov_100.322816_379	UniRef100_Q034X1~K03046	100	1220	0	0	1	1220	1	1220	0.0	2395
careful_filteredΩNODE_3_length_403891_cov_108.585722_5	UniRef100_Q034X1~K03046	100	1220	0	0	1	1220	1	1220	0.0	2395
isolate_filteredΩNODE_3_length_404174_cov_100.322816_380	UniRef100_A0A125UBJ9~K03043	100	1194	0	0	1	1194	1	1194	0.0	2352
careful_filteredΩNODE_3_length_403891_cov_108.585722_4	UniRef100_A0A125UBJ9~K03043	100	1194	0	0	1	1194	1	1194	0.0	2352
isolate_filteredΩNODE_2_length_515833_cov_101.187436_381	UniRef100_K0N5H9~K03529	99.4	1184	7	0	1	1184	14	1197	0.0	2076
careful_filteredΩNODE_2_length_515833_cov_109.458385_381	UniRef100_K0N5H9~K03529	99.4	1184	7	0	1	1184	14	1197	0.0	2076
isolate_filteredΩNODE_2_length_515833_cov_101.187436_176	UniRef100_A0A0C9PXQ6~K16899	99.7	1179	3	0	1	1179	1	1179	0.0	2309
careful_filteredΩNODE_2_length_515833_cov_109.458385_176	UniRef100_A0A0C9PXQ6~K16899	99.7	1179	3	0	1	1179	1	1179	0.0	2309
isolate_filteredΩNODE_1_length_651596_cov_106.573662_606	UniRef100_C2F9S2~K03723	100	1174	0	0	1	1174	1	1174	0.0	2258
careful_filteredΩNODE_1_length_651721_cov_115.299404_606	UniRef100_C2F9S2~K03723	100	1174	0	0	1	1174	1	1174	0.0	2258
isolate_filteredΩNODE_2_length_515833_cov_101.187436_17	UniRef100_C2FFX4~K01958	99.7	1145	3	0	1	1145	1	1145	0.0	2237
careful_filteredΩNODE_2_length_515833_cov_109.458385_17	UniRef100_C2FFX4~K01958	99.7	1145	3	0	1	1145	1	1145	0.0	2237
isolate_filteredΩNODE_1_length_651596_cov_106.573662_181	UniRef100_A0A0R1F359~K06994	99.9	1103	1	0	1	1103	1	1103	0.0	1429
careful_filteredΩNODE_1_length_651721_cov_115.299404_181	UniRef100_A0A0R1F359~K06994	99.9	1103	1	0	1	1103	1	1103	0.0	1429
isolate_filteredΩNODE_2_length_515833_cov_101.187436_54	UniRef100_C2FFT2~K02337	99.9	1098	1	0	1	1098	1	1098	0.0	2142
careful_filteredΩNODE_2_length_515833_cov_109.458385_54	UniRef100_C2FFT2~K02337	99.9	1098	1	0	1	1098	1	1098	0.0	2142
isolate_filteredΩNODE_2_length_515833_cov_101.187436_140	UniRef100_B3WEF5~K01955	99.9	1060	1	0	1	1060	1	1060	0.0	2046
careful_filteredΩNODE_2_length_515833_cov_109.458385_140	UniRef100_B3WEF5~K01955	99.9	1060	1	0	1	1060	1	1060	0.0	2046
isolate_filteredΩNODE_4_length_348303_cov_105.649211_76	UniRef100_K0MTC3~K03546	99.5	1041	5	0	1	1041	1	1041	0.0	1627
careful_filteredΩNODE_4_length_348303_cov_114.271516_76	UniRef100_K0MTC3~K03546	99.5	1041	5	0	1	1041	1	1041	0.0	1627
isolate_filteredΩNODE_15_length_29009_cov_340.104659_12	UniRef100_A0A0D6DUD2~K21298	41.6	1033	559	15	2	1012	6	1016	5.95e-266	782
careful_filteredΩNODE_15_length_29009_cov_366.606837_9	UniRef100_A0A0D6DUD2~K21298	41.6	1033	559	15	2	1012	6	1016	5.95e-266	782
isolate_filteredΩNODE_1_length_651596_cov_106.573662_472	UniRef100_K0N8U5~K01727	97.7	1029	24	0	1	1029	12	1040	0.0	1946
careful_filteredΩNODE_1_length_651721_cov_115.299404_472	UniRef100_K0N8U5~K01727	97.7	1029	24	0	1	1029	12	1040	0.0	1946
isolate_filteredΩNODE_3_length_404174_cov_100.322816_3	UniRef100_S4ZQI5~K01153	99.6	1016	4	0	1	1016	1	1016	0.0	1957
careful_filteredΩNODE_3_length_403891_cov_108.585722_381	UniRef100_S4ZQI5~K01153	99.6	1016	4	0	1	1016	1	1016	0.0	1957
isolate_filteredΩNODE_1_length_651596_cov_106.573662_88	UniRef100_C2FAM2~K01421	78.7	981	97	2	1	981	1	869	0.0	924
careful_filteredΩNODE_1_length_651721_cov_115.299404_88	UniRef100_C2FAM2~K01421	78.7	981	97	2	1	981	1	869	0.0	924
isolate_filteredΩNODE_5_length_328887_cov_99.193781_234	UniRef100_A0A1Y2KSZ3~K03701	99.9	963	1	0	1	963	1	963	0.0	1898
careful_filteredΩNODE_5_length_328887_cov_107.364402_79	UniRef100_A0A1Y2KSZ3~K03701	99.9	963	1	0	1	963	1	963	0.0	1898
isolate_filteredΩNODE_2_length_515833_cov_101.187436_289	UniRef100_C2FEI7~K02519	99.3	943	7	0	1	943	1	943	0.0	1555
careful_filteredΩNODE_2_length_515833_cov_109.458385_289	UniRef100_C2FEI7~K02519	99.3	943	7	0	1	943	1	943	0.0	1555
isolate_filteredΩNODE_5_length_328887_cov_99.193781_178	UniRef100_A0A1W5CDN3~K01537	41.8	965	488	13	23	925	19	971	3.66e-222	661
careful_filteredΩNODE_5_length_328887_cov_107.364402_135	UniRef100_A0A1W5CDN3~K01537	41.8	965	488	13	23	925	19	971	3.66e-222	661
isolate_filteredΩNODE_7_length_113986_cov_95.550027_89	UniRef100_A0A0E1PJ09~K01870	99.7	928	3	0	1	928	1	928	0.0	1892
isolate_filteredΩNODE_2_length_515833_cov_101.187436_174	UniRef100_A0A0R1F8U4~K03722	99.7	928	3	0	1	928	4	931	0.0	1749
careful_filteredΩNODE_7_length_113509_cov_103.332278_89	UniRef100_A0A0E1PJ09~K01870	99.7	928	3	0	1	928	1	928	0.0	1892
careful_filteredΩNODE_2_length_515833_cov_109.458385_174	UniRef100_A0A0R1F8U4~K03722	99.7	928	3	0	1	928	4	931	0.0	1749
isolate_filteredΩNODE_11_length_60639_cov_98.791866_18	UniRef100_A0A1S2AJB7~K03693	99.5	927	5	0	1	927	1	927	0.0	1632
careful_filteredΩNODE_11_length_60639_cov_106.889304_18	UniRef100_A0A1S2AJB7~K03693	99.5	927	5	0	1	927	1	927	0.0	1632
isolate_filteredΩNODE_4_length_348303_cov_105.649211_312	UniRef100_Q6EDZ6~K19505	100	912	0	0	1	912	1	912	0.0	1758
careful_filteredΩNODE_4_length_348303_cov_114.271516_312	UniRef100_Q6EDZ6~K19505	100	912	0	0	1	912	1	912	0.0	1758
isolate_filteredΩNODE_4_length_348303_cov_105.649211_227	UniRef100_C2FA83~K01421	98.4	910	15	0	1	910	1	910	0.0	1362
careful_filteredΩNODE_4_length_348303_cov_114.271516_227	UniRef100_C2FA83~K01421	98.4	910	15	0	1	910	1	910	0.0	1362
isolate_filteredΩNODE_3_length_404174_cov_100.322816_284	UniRef100_A0A1V9TNB0~K01537	53.8	858	386	7	31	882	24	877	4.72e-298	851
careful_filteredΩNODE_3_length_403891_cov_108.585722_100	UniRef100_A0A1V9TNB0~K01537	53.8	858	386	7	31	882	24	877	4.72e-298	851
isolate_filteredΩNODE_4_length_348303_cov_105.649211_56	UniRef100_B1KU40~K01537	41.6	831	450	10	59	866	53	871	1.76e-187	567
careful_filteredΩNODE_4_length_348303_cov_114.271516_56	UniRef100_B1KU40~K01537	41.6	831	450	10	59	866	53	871	1.76e-187	567
isolate_filteredΩNODE_9_length_65232_cov_99.822408_36	UniRef100_A0A1V0QA31~K01537	99.7	886	3	0	1	886	1	886	0.0	1666
careful_filteredΩNODE_9_length_65232_cov_108.045645_28	UniRef100_A0A1V0QA31~K01537	99.7	886	3	0	1	886	1	886	0.0	1666
isolate_filteredΩNODE_11_length_60639_cov_98.791866_44	UniRef100_A0A1S2AHB0~K01872	99.9	881	1	0	1	881	1	881	0.0	1734
isolate_filteredΩNODE_2_length_515833_cov_101.187436_484	UniRef100_A0A1Y2KVT2~K02335	100	881	0	0	1	881	1	881	0.0	1725
careful_filteredΩNODE_11_length_60639_cov_106.889304_44	UniRef100_A0A1S2AHB0~K01872	99.9	881	1	0	1	881	1	881	0.0	1734
careful_filteredΩNODE_2_length_515833_cov_109.458385_484	UniRef100_A0A1Y2KVT2~K02335	100	881	0	0	1	881	1	881	0.0	1725
isolate_filteredΩNODE_7_length_113986_cov_95.550027_61	UniRef100_A0A1S2AMN1~K01873	99.9	880	1	0	1	880	1	880	0.0	1791
careful_filteredΩNODE_7_length_113509_cov_103.332278_61	UniRef100_A0A1S2AMN1~K01873	99.9	880	1	0	1	880	1	880	0.0	1791
isolate_filteredΩNODE_1_length_651596_cov_106.573662_494	UniRef100_K6QEG4~K15524	99.2	879	7	0	1	879	1	879	0.0	1762
careful_filteredΩNODE_1_length_651721_cov_115.299404_494	UniRef100_K6QEG4~K15524	99.2	879	7	0	1	879	1	879	0.0	1762
isolate_filteredΩNODE_3_length_404174_cov_100.322816_224	UniRef100_S4ZQL6~K01006	99.9	876	1	0	1	876	2	877	0.0	1707
isolate_filteredΩNODE_3_length_404174_cov_100.322816_172	UniRef100_K0NC18~K01531	99.8	876	2	0	1	876	27	902	0.0	1689
careful_filteredΩNODE_3_length_403891_cov_108.585722_212	UniRef100_K0NC18~K01531	99.8	876	2	0	1	876	27	902	0.0	1689
careful_filteredΩNODE_3_length_403891_cov_108.585722_160	UniRef100_S4ZQL6~K01006	99.9	876	1	0	1	876	2	877	0.0	1707
isolate_filteredΩNODE_1_length_651596_cov_106.573662_236	UniRef100_A0A1S2AHU5~K02469	100	873	0	0	1	873	1	873	0.0	1662
careful_filteredΩNODE_1_length_651721_cov_115.299404_236	UniRef100_A0A1S2AHU5~K02469	100	873	0	0	1	873	1	873	0.0	1662
isolate_filteredΩNODE_3_length_404174_cov_100.322816_158	UniRef100_A0A1J3C858~K14205	100	869	0	0	1	869	1	869	0.0	1679
careful_filteredΩNODE_3_length_403891_cov_108.585722_226	UniRef100_A0A1J3C858~K14205	100	869	0	0	1	869	1	869	0.0	1679
isolate_filteredΩNODE_11_length_60639_cov_98.791866_52	UniRef100_A0A0R1F3M2~K04072	100	868	0	0	1	868	15	882	0.0	1696
isolate_filteredΩNODE_2_length_515833_cov_101.187436_48	UniRef100_A0A1S2AJG1~K03695	100	868	0	0	1	868	1	868	0.0	1640
careful_filteredΩNODE_11_length_60639_cov_106.889304_52	UniRef100_A0A0R1F3M2~K04072	100	868	0	0	1	868	15	882	0.0	1696
careful_filteredΩNODE_2_length_515833_cov_109.458385_48	UniRef100_A0A1S2AJG1~K03695	100	868	0	0	1	868	1	868	0.0	1640
isolate_filteredΩNODE_8_length_78445_cov_288.695424_68	UniRef100_F9T3P3~K01191	33.6	842	521	20	4	824	3	827	3.95e-138	438
careful_filteredΩNODE_8_length_78445_cov_310.951587_68	UniRef100_F9T3P3~K01191	33.6	842	521	20	4	824	3	827	3.95e-138	438
isolate_filteredΩNODE_6_length_211744_cov_100.420410_7	UniRef100_A0A0R1F2Q2~K03581	99.9	860	1	0	1	860	1	860	0.0	1704
isolate_filteredΩNODE_3_length_404174_cov_100.322816_125	UniRef100_A0A0E2M122~K03555	100	860	0	0	1	860	1	860	0.0	1653
careful_filteredΩNODE_6_length_211744_cov_108.667298_7	UniRef100_A0A0R1F2Q2~K03581	99.9	860	1	0	1	860	1	860	0.0	1704
careful_filteredΩNODE_3_length_403891_cov_108.585722_259	UniRef100_A0A0E2M122~K03555	100	860	0	0	1	860	1	860	0.0	1653
isolate_filteredΩNODE_1_length_651596_cov_106.573662_221	UniRef100_C2FB13~K02004	99.4	857	5	0	1	857	1	857	0.0	1556
careful_filteredΩNODE_1_length_651721_cov_115.299404_221	UniRef100_C2FB13~K02004	99.4	857	5	0	1	857	1	857	0.0	1556
isolate_filteredΩNODE_4_length_348303_cov_105.649211_175	UniRef100_C2FAE1~K01256	99.3	844	6	0	1	844	42	885	0.0	1667
careful_filteredΩNODE_4_length_348303_cov_114.271516_175	UniRef100_C2FAE1~K01256	99.3	844	6	0	1	844	42	885	0.0	1667
isolate_filteredΩNODE_1_length_651596_cov_106.573662_522	UniRef100_A0A1S2B3V9~K03701	99.5	842	4	0	1	842	1	842	0.0	1666
careful_filteredΩNODE_1_length_651721_cov_115.299404_522	UniRef100_A0A1S2B3V9~K03701	99.5	842	4	0	1	842	1	842	0.0	1666
isolate_filteredΩNODE_3_length_404174_cov_100.322816_381	UniRef100_A0A1V0Q8I2~K03696	100	835	0	0	1	835	1	835	0.0	1598
careful_filteredΩNODE_3_length_403891_cov_108.585722_3	UniRef100_A0A1V0Q8I2~K03696	100	835	0	0	1	835	1	835	0.0	1598
isolate_filteredΩNODE_2_length_515833_cov_101.187436_487	UniRef100_A0A1Y2KUB3~K03466	99.0	833	8	0	1	833	1	833	0.0	1533
careful_filteredΩNODE_2_length_515833_cov_109.458385_487	UniRef100_A0A1Y2KUB3~K03466	99.0	833	8	0	1	833	1	833	0.0	1533
isolate_filteredΩNODE_7_length_113986_cov_95.550027_106	UniRef100_A0A0E2LZH6~K03581	100	822	0	0	1	822	1	822	0.0	1584
careful_filteredΩNODE_7_length_113509_cov_103.332278_106	UniRef100_A0A0E2LZH6~K03581	100	822	0	0	1	822	1	822	0.0	1584
isolate_filteredΩNODE_8_length_78445_cov_288.695424_9	UniRef100_S4ZJQ6~K03205	94.3	818	44	1	1	815	1	818	0.0	1496
careful_filteredΩNODE_8_length_78445_cov_310.951587_9	UniRef100_S4ZJQ6~K03205	94.3	818	44	1	1	815	1	818	0.0	1496
isolate_filteredΩNODE_2_length_515833_cov_101.187436_99	UniRef100_A0A0C9PPK4~K02621	99.9	814	1	0	1	814	1	814	0.0	1569
careful_filteredΩNODE_2_length_515833_cov_109.458385_99	UniRef100_A0A0C9PPK4~K02621	99.9	814	1	0	1	814	1	814	0.0	1569
isolate_filteredΩNODE_1_length_651596_cov_106.573662_133	UniRef100_A0A1S2AG31~K01535	99.3	806	6	0	1	806	1	806	0.0	1471
careful_filteredΩNODE_1_length_651721_cov_115.299404_133	UniRef100_A0A1S2AG31~K01535	99.3	806	6	0	1	806	1	806	0.0	1471
isolate_filteredΩNODE_2_length_515833_cov_101.187436_401	UniRef100_S2SR29~K04066	99.9	805	1	0	1	805	1	805	0.0	1595
careful_filteredΩNODE_2_length_515833_cov_109.458385_401	UniRef100_S2SR29~K04066	99.9	805	1	0	1	805	1	805	0.0	1595
isolate_filteredΩNODE_5_length_328887_cov_99.193781_305	UniRef100_B3WCD5~K01869	99.9	803	1	0	1	803	1	803	0.0	1668
isolate_filteredΩNODE_2_length_515833_cov_101.187436_445	UniRef100_K6R0B4~K01890	99.6	803	3	0	1	803	1	803	0.0	1578
careful_filteredΩNODE_5_length_328887_cov_107.364402_8	UniRef100_B3WCD5~K01869	99.9	803	1	0	1	803	1	803	0.0	1668
careful_filteredΩNODE_2_length_515833_cov_109.458385_445	UniRef100_K6R0B4~K01890	99.6	803	3	0	1	803	1	803	0.0	1578
isolate_filteredΩNODE_6_length_211744_cov_100.420410_60	UniRef100_A0A0R1F0D5~K00688	99.8	802	2	0	1	802	1	802	0.0	1600
careful_filteredΩNODE_6_length_211744_cov_108.667298_60	UniRef100_A0A0R1F0D5~K00688	99.8	802	2	0	1	802	1	802	0.0	1600
isolate_filteredΩNODE_2_length_515833_cov_101.187436_425	UniRef100_C2FF17~K01281	99.5	799	4	0	1	799	1	799	0.0	1580
careful_filteredΩNODE_2_length_515833_cov_109.458385_425	UniRef100_C2FF17~K01281	99.5	799	4	0	1	799	1	799	0.0	1580
isolate_filteredΩNODE_5_length_328887_cov_99.193781_93	UniRef100_A0A1Y6JZY3~K03070	58.3	775	301	6	26	791	11	772	6.43e-293	829
isolate_filteredΩNODE_4_length_348303_cov_105.649211_62	UniRef100_K0MTD7~K05349	99.6	795	3	0	1	795	1	795	0.0	1537
isolate_filteredΩNODE_1_length_651596_cov_106.573662_396	UniRef100_K0N8X7~K01621	99.6	795	3	0	1	795	1	795	0.0	1627
careful_filteredΩNODE_5_length_328887_cov_107.364402_219	UniRef100_A0A1Y6JZY3~K03070	58.3	775	301	6	26	791	11	772	6.43e-293	829
careful_filteredΩNODE_4_length_348303_cov_114.271516_62	UniRef100_K0MTD7~K05349	99.6	795	3	0	1	795	1	795	0.0	1537
careful_filteredΩNODE_1_length_651721_cov_115.299404_396	UniRef100_K0N8X7~K01621	99.6	795	3	0	1	795	1	795	0.0	1627
isolate_filteredΩNODE_12_length_50619_cov_101.722152_21	UniRef100_K8E7I1~K07464	44.7	788	426	7	1	785	1	781	2.09e-220	645
careful_filteredΩNODE_12_length_50619_cov_109.954948_21	UniRef100_K8E7I1~K07464	44.7	788	426	7	1	785	1	781	2.09e-220	645
isolate_filteredΩNODE_1_length_651596_cov_106.573662_84	UniRef100_C2FE11~K01621	100	793	0	0	1	793	3	795	0.0	1645
careful_filteredΩNODE_1_length_651721_cov_115.299404_84	UniRef100_C2FE11~K01621	100	793	0	0	1	793	3	795	0.0	1645
isolate_filteredΩNODE_5_length_328887_cov_99.193781_216	UniRef100_A0A1J3CFY7~K12573	100	789	0	0	1	789	1	789	0.0	1566
careful_filteredΩNODE_5_length_328887_cov_107.364402_97	UniRef100_A0A1J3CFY7~K12573	100	789	0	0	1	789	1	789	0.0	1566
isolate_filteredΩNODE_5_length_328887_cov_99.193781_237	UniRef100_A0A0R1F4S1~K02004	99.9	788	1	0	1	788	1	788	0.0	1466
careful_filteredΩNODE_5_length_328887_cov_107.364402_76	UniRef100_A0A0R1F4S1~K02004	99.9	788	1	0	1	788	1	788	0.0	1466
isolate_filteredΩNODE_5_length_328887_cov_99.193781_261	UniRef100_B3WCM7~K03070	100	787	0	0	1	787	1	787	0.0	1523
careful_filteredΩNODE_5_length_328887_cov_107.364402_52	UniRef100_B3WCM7~K03070	100	787	0	0	1	787	1	787	0.0	1523
isolate_filteredΩNODE_11_length_60639_cov_98.791866_37	UniRef100_A0A1S2AHI0~K07456	99.6	786	3	0	1	786	1	786	0.0	1478
careful_filteredΩNODE_11_length_60639_cov_106.889304_37	UniRef100_A0A1S2AHI0~K07456	99.6	786	3	0	1	786	1	786	0.0	1478
isolate_filteredΩNODE_4_length_348303_cov_105.649211_17	UniRef100_A0A0R1F7D2~K12952	100	782	0	0	1	782	1	782	0.0	1431
careful_filteredΩNODE_4_length_348303_cov_114.271516_17	UniRef100_A0A0R1F7D2~K12952	100	782	0	0	1	782	1	782	0.0	1431
isolate_filteredΩNODE_5_length_328887_cov_99.193781_274	UniRef100_A0A0E2LWB7~K03466	99.9	773	1	0	1	773	1	773	0.0	1419
careful_filteredΩNODE_5_length_328887_cov_107.364402_39	UniRef100_A0A0E2LWB7~K03466	99.9	773	1	0	1	773	1	773	0.0	1419
isolate_filteredΩNODE_9_length_65232_cov_99.822408_49	UniRef100_A0A0K1L0K0~K02004&K02003	100	772	0	0	1	772	1	772	0.0	1444
careful_filteredΩNODE_9_length_65232_cov_108.045645_15	UniRef100_A0A0K1L0K0~K02004&K02003	100	772	0	0	1	772	1	772	0.0	1444
isolate_filteredΩNODE_2_length_515833_cov_101.187436_167	UniRef100_A0A0R1F8V9~K05366	99.5	768	4	0	1	768	1	768	0.0	1383
careful_filteredΩNODE_2_length_515833_cov_109.458385_167	UniRef100_A0A0R1F8V9~K05366	99.5	768	4	0	1	768	1	768	0.0	1383
isolate_filteredΩNODE_2_length_515833_cov_101.187436_272	UniRef100_K0MVT7~K07462	99.2	764	6	0	1	764	51	814	0.0	1470
careful_filteredΩNODE_2_length_515833_cov_109.458385_272	UniRef100_K0MVT7~K07462	99.2	764	6	0	1	764	51	814	0.0	1470
isolate_filteredΩNODE_6_length_211744_cov_100.420410_109	UniRef100_A0A0K1MVD6~K03657	100	763	0	0	1	763	1	763	0.0	1464
isolate_filteredΩNODE_5_length_328887_cov_99.193781_152	UniRef100_K0N413~K07407	99.5	763	4	0	1	763	1	763	0.0	1551
careful_filteredΩNODE_6_length_211744_cov_108.667298_109	UniRef100_A0A0K1MVD6~K03657	100	763	0	0	1	763	1	763	0.0	1464
careful_filteredΩNODE_5_length_328887_cov_107.364402_161	UniRef100_K0N413~K07407	99.5	763	4	0	1	763	1	763	0.0	1551
isolate_filteredΩNODE_1_length_651596_cov_106.573662_528	UniRef100_A0A0R2I3U7~K03657	41.1	755	428	6	9	751	11	760	1.21e-176	531
careful_filteredΩNODE_1_length_651721_cov_115.299404_528	UniRef100_A0A0R2I3U7~K03657	41.1	755	428	6	9	751	11	760	1.21e-176	531
isolate_filteredΩNODE_4_length_348303_cov_105.649211_144	UniRef100_A0A0R1F701~K00549	99.6	761	3	0	1	761	1	761	0.0	1521
careful_filteredΩNODE_4_length_348303_cov_114.271516_144	UniRef100_A0A0R1F701~K00549	99.6	761	3	0	1	761	1	761	0.0	1521
isolate_filteredΩNODE_7_length_113986_cov_95.550027_100	UniRef100_B2V6F4~K03701	33.7	930	414	16	7	748	4	918	8.51e-157	484
careful_filteredΩNODE_7_length_113509_cov_103.332278_100	UniRef100_B2V6F4~K03701	33.7	930	414	16	7	748	4	918	8.51e-157	484
isolate_filteredΩNODE_5_length_328887_cov_99.193781_211	UniRef100_A0A1Y2KSA0~K00691	99.6	753	3	0	1	753	1	753	0.0	1529
isolate_filteredΩNODE_2_length_515833_cov_101.187436_100	UniRef100_A0A1J3C7K9~K00656	100	753	0	0	1	753	1	753	0.0	1527
careful_filteredΩNODE_5_length_328887_cov_107.364402_102	UniRef100_A0A1Y2KSA0~K00691	99.6	753	3	0	1	753	1	753	0.0	1529
careful_filteredΩNODE_2_length_515833_cov_109.458385_100	UniRef100_A0A1J3C7K9~K00656	100	753	0	0	1	753	1	753	0.0	1527
isolate_filteredΩNODE_5_length_328887_cov_99.193781_136	UniRef100_K0N9Z6~K03657	99.6	751	3	0	1	751	1	751	0.0	1460
isolate_filteredΩNODE_5_length_328887_cov_99.193781_60	UniRef100_A0A0E2MFM6~K19005	100	751	0	0	1	751	1	751	0.0	1467
isolate_filteredΩNODE_3_length_404174_cov_100.322816_313	UniRef100_A0A0R2HG80~K01535	42.6	755	412	8	6	744	21	770	2.74e-171	517
careful_filteredΩNODE_5_length_328887_cov_107.364402_253	UniRef100_A0A0E2MFM6~K19005	100	751	0	0	1	751	1	751	0.0	1467
careful_filteredΩNODE_5_length_328887_cov_107.364402_177	UniRef100_K0N9Z6~K03657	99.6	751	3	0	1	751	1	751	0.0	1460
careful_filteredΩNODE_3_length_403891_cov_108.585722_71	UniRef100_A0A0R2HG80~K01535	42.6	755	412	8	6	744	21	770	2.74e-171	517
isolate_filteredΩNODE_14_length_41384_cov_95.954245_20	UniRef100_S4ZNM3~K01533	99.1	748	7	0	1	748	1	748	0.0	1344
isolate_filteredΩNODE_3_length_404174_cov_100.322816_178	UniRef100_S2TJM2~K00527	100	748	0	0	1	748	1	748	0.0	1527
careful_filteredΩNODE_14_length_41384_cov_103.912799_20	UniRef100_S4ZNM3~K01533	99.1	748	7	0	1	748	1	748	0.0	1344
careful_filteredΩNODE_3_length_403891_cov_108.585722_206	UniRef100_S2TJM2~K00527	100	748	0	0	1	748	1	748	0.0	1527
isolate_filteredΩNODE_4_length_348303_cov_105.649211_232	UniRef100_Q5FRA2~K01187	39.7	655	351	11	13	629	55	703	9.83e-161	489
careful_filteredΩNODE_4_length_348303_cov_114.271516_232	UniRef100_Q5FRA2~K01187	39.7	655	351	11	13	629	55	703	9.83e-161	489
isolate_filteredΩNODE_2_length_515833_cov_101.187436_246	UniRef100_A0A0K1KZ58~K00951	99.9	742	1	0	1	742	1	742	0.0	1462
careful_filteredΩNODE_2_length_515833_cov_109.458385_246	UniRef100_A0A0K1KZ58~K00951	99.9	742	1	0	1	742	1	742	0.0	1462
isolate_filteredΩNODE_6_length_211744_cov_100.420410_10	UniRef100_A0A0R1FA78~K07407	99.7	740	2	0	1	740	6	745	0.0	1501
careful_filteredΩNODE_6_length_211744_cov_108.667298_10	UniRef100_A0A0R1FA78~K07407	99.7	740	2	0	1	740	6	745	0.0	1501
isolate_filteredΩNODE_14_length_41384_cov_95.954245_13	UniRef100_A0A1Y2KPK2~K01952	99.7	738	2	0	1	738	1	738	0.0	1454
careful_filteredΩNODE_14_length_41384_cov_103.912799_13	UniRef100_A0A1Y2KPK2~K01952	99.7	738	2	0	1	738	1	738	0.0	1454
isolate_filteredΩNODE_2_length_515833_cov_101.187436_23	UniRef100_A0A1S2AKK2~K02238	99.7	734	2	0	1	734	1	734	0.0	1443
careful_filteredΩNODE_2_length_515833_cov_109.458385_23	UniRef100_A0A1S2AKK2~K02238	99.7	734	2	0	1	734	1	734	0.0	1443
isolate_filteredΩNODE_15_length_29009_cov_340.104659_13	UniRef100_F4BS49~K05349	48.9	711	355	5	6	715	6	709	5.86e-234	674
careful_filteredΩNODE_15_length_29009_cov_366.606837_8	UniRef100_F4BS49~K05349	48.9	711	355	5	6	715	6	709	5.86e-234	674
isolate_filteredΩNODE_3_length_404174_cov_100.322816_258	UniRef100_A0A1V0Q8R8~K06148	99.6	730	3	0	1	730	1	730	0.0	1376
careful_filteredΩNODE_3_length_403891_cov_108.585722_126	UniRef100_A0A1V0Q8R8~K06148	99.6	730	3	0	1	730	1	730	0.0	1376
isolate_filteredΩNODE_1_length_651596_cov_106.573662_127	UniRef100_A0A1V0Q702~K21636	100	727	0	0	1	727	1	727	0.0	1482
careful_filteredΩNODE_1_length_651721_cov_115.299404_127	UniRef100_A0A1V0Q702~K21636	100	727	0	0	1	727	1	727	0.0	1482
isolate_filteredΩNODE_7_length_113986_cov_95.550027_53	UniRef100_Q039U7~K06959	98.8	724	9	0	1	724	1	724	0.0	1368
careful_filteredΩNODE_7_length_113509_cov_103.332278_53	UniRef100_Q039U7~K06959	98.8	724	9	0	1	724	1	724	0.0	1368
isolate_filteredΩNODE_2_length_515833_cov_101.187436_156	UniRef100_A0A0R1FEE3~K00525	99.9	723	1	0	1	723	1	723	0.0	1440
careful_filteredΩNODE_2_length_515833_cov_109.458385_156	UniRef100_A0A0R1FEE3~K00525	99.9	723	1	0	1	723	1	723	0.0	1440
isolate_filteredΩNODE_1_length_651596_cov_106.573662_541	UniRef100_A0A0K1MX33~K00937	100	720	0	0	1	720	1	720	0.0	1416
careful_filteredΩNODE_1_length_651721_cov_115.299404_541	UniRef100_A0A0K1MX33~K00937	100	720	0	0	1	720	1	720	0.0	1416
isolate_filteredΩNODE_6_length_211744_cov_100.420410_48	UniRef100_S4ZNM7~K04086	99.9	716	1	0	1	716	1	716	0.0	1380
careful_filteredΩNODE_6_length_211744_cov_108.667298_48	UniRef100_S4ZNM7~K04086	99.9	716	1	0	1	716	1	716	0.0	1380
isolate_filteredΩNODE_7_length_113986_cov_95.550027_78	UniRef100_A0A1S2AM50~K08724	100	715	0	0	1	715	1	715	0.0	1330
isolate_filteredΩNODE_1_length_651596_cov_106.573662_613	UniRef100_C2F9S9~K03798	100	715	0	0	1	715	1	715	0.0	1290
careful_filteredΩNODE_7_length_113509_cov_103.332278_78	UniRef100_A0A1S2AM50~K08724	100	715	0	0	1	715	1	715	0.0	1330
careful_filteredΩNODE_1_length_651721_cov_115.299404_613	UniRef100_C2F9S9~K03798	100	715	0	0	1	715	1	715	0.0	1290
isolate_filteredΩNODE_2_length_515833_cov_101.187436_436	UniRef100_A0A0R2IUV7~K21465	43.9	690	362	12	10	690	9	682	2.03e-171	513
careful_filteredΩNODE_2_length_515833_cov_109.458385_436	UniRef100_A0A0R2IUV7~K21465	43.9	690	362	12	10	690	9	682	2.03e-171	513
isolate_filteredΩNODE_9_length_65232_cov_99.822408_57	UniRef100_A0A0R1F0U7~K04759	99.6	703	3	0	1	703	1	703	0.0	1362
careful_filteredΩNODE_9_length_65232_cov_108.045645_7	UniRef100_A0A0R1F0U7~K04759	99.6	703	3	0	1	703	1	703	0.0	1362
isolate_filteredΩNODE_5_length_328887_cov_99.193781_185	UniRef100_A0A1J3C9S8~K03316	100	702	0	0	1	702	1	702	0.0	1310
careful_filteredΩNODE_5_length_328887_cov_107.364402_128	UniRef100_A0A1J3C9S8~K03316	100	702	0	0	1	702	1	702	0.0	1310
isolate_filteredΩNODE_3_length_404174_cov_100.322816_374	UniRef100_B3WAM2~K02355	100	700	0	0	1	700	1	700	0.0	1371
careful_filteredΩNODE_3_length_403891_cov_108.585722_10	UniRef100_B3WAM2~K02355	100	700	0	0	1	700	1	700	0.0	1371
isolate_filteredΩNODE_6_length_211744_cov_100.420410_56	UniRef100_A0A1Y2KNM1~K00700	99.7	699	2	0	1	699	1	699	0.0	1484
careful_filteredΩNODE_6_length_211744_cov_108.667298_56	UniRef100_A0A1Y2KNM1~K00700	99.7	699	2	0	1	699	1	699	0.0	1484
isolate_filteredΩNODE_14_length_41384_cov_95.954245_2	UniRef100_A0A0R1F659~K03697	100	698	0	0	1	698	44	741	0.0	1234
isolate_filteredΩNODE_10_length_64565_cov_110.910433_33	UniRef100_A0A0R1F7W7~K03483	99.9	698	1	0	1	698	1	698	0.0	1348
careful_filteredΩNODE_14_length_41384_cov_103.912799_2	UniRef100_A0A0R1F659~K03697	100	698	0	0	1	698	44	741	0.0	1234
careful_filteredΩNODE_10_length_65045_cov_123.164358_35	UniRef100_A0A0R1F7W7~K03483	99.9	698	1	0	1	698	1	698	0.0	1348
isolate_filteredΩNODE_17_length_14292_cov_101.811115_2	UniRef100_A0A1J3CC10~K19005	99.9	697	1	0	1	697	1	697	0.0	1365
careful_filteredΩNODE_17_length_14292_cov_110.179388_2	UniRef100_A0A1J3CC10~K19005	99.9	697	1	0	1	697	1	697	0.0	1365
isolate_filteredΩNODE_2_length_515833_cov_101.187436_428	UniRef100_C2FF14~K01581	98.9	696	8	0	1	696	1	696	0.0	1373
careful_filteredΩNODE_2_length_515833_cov_109.458385_428	UniRef100_C2FF14~K01581	98.9	696	8	0	1	696	1	696	0.0	1373
isolate_filteredΩNODE_2_length_515833_cov_101.187436_91	UniRef100_A0A1J3BYP0~K03168	100	694	0	0	1	694	1	694	0.0	1347
careful_filteredΩNODE_2_length_515833_cov_109.458385_91	UniRef100_A0A1J3BYP0~K03168	100	694	0	0	1	694	1	694	0.0	1347
isolate_filteredΩNODE_14_length_41384_cov_95.954245_25	UniRef100_K0NB90~K02004	99.9	691	1	0	1	691	1	691	0.0	1227
careful_filteredΩNODE_14_length_41384_cov_103.912799_25	UniRef100_K0NB90~K02004	99.9	691	1	0	1	691	1	691	0.0	1227
isolate_filteredΩNODE_2_length_515833_cov_101.187436_189	UniRef100_B3WEK6~K01879	100	689	0	0	1	689	1	689	0.0	1346
isolate_filteredΩNODE_1_length_651596_cov_106.573662_435	UniRef100_Q5WJH1~K02821	31.6	703	439	17	1	684	3	682	5.91e-89	298
careful_filteredΩNODE_2_length_515833_cov_109.458385_189	UniRef100_B3WEK6~K01879	100	689	0	0	1	689	1	689	0.0	1346
careful_filteredΩNODE_1_length_651721_cov_115.299404_435	UniRef100_Q5WJH1~K02821	31.6	703	439	17	1	684	3	682	5.91e-89	298
isolate_filteredΩNODE_1_length_651596_cov_106.573662_263	UniRef100_K0NDQ9~K03483	99.7	685	2	0	1	685	10	694	0.0	1290
careful_filteredΩNODE_1_length_651721_cov_115.299404_263	UniRef100_K0NDQ9~K03483	99.7	685	2	0	1	685	10	694	0.0	1290
isolate_filteredΩNODE_3_length_404174_cov_100.322816_223	UniRef100_B3WA65~K03549	100	684	0	0	1	684	1	684	0.0	1332
careful_filteredΩNODE_3_length_403891_cov_108.585722_161	UniRef100_B3WA65~K03549	100	684	0	0	1	684	1	684	0.0	1332
isolate_filteredΩNODE_14_length_41384_cov_95.954245_37	UniRef100_C2FET8~K12555	99.9	680	1	0	1	680	19	698	0.0	1349
careful_filteredΩNODE_14_length_41384_cov_103.912799_37	UniRef100_C2FET8~K12555	99.9	680	1	0	1	680	19	698	0.0	1349
isolate_filteredΩNODE_2_length_515833_cov_101.187436_390	UniRef100_A0A1Y2KUE8~K03655	99.7	679	2	0	1	679	40	718	0.0	1320
careful_filteredΩNODE_2_length_515833_cov_109.458385_390	UniRef100_A0A1Y2KUE8~K03655	99.7	679	2	0	1	679	40	718	0.0	1320
isolate_filteredΩNODE_5_length_328887_cov_99.193781_135	UniRef100_B3WD54~K01972	99.9	674	1	0	1	674	1	674	0.0	1310
careful_filteredΩNODE_5_length_328887_cov_107.364402_178	UniRef100_B3WD54~K01972	99.9	674	1	0	1	674	1	674	0.0	1310
isolate_filteredΩNODE_5_length_328887_cov_99.193781_235	UniRef100_B3WCQ5~K03702	100	671	0	0	1	671	1	671	0.0	1299
careful_filteredΩNODE_5_length_328887_cov_107.364402_78	UniRef100_B3WCQ5~K03702	100	671	0	0	1	671	1	671	0.0	1299
isolate_filteredΩNODE_2_length_515833_cov_101.187436_98	UniRef100_A0A1J3BYP9~K02622	100	670	0	0	1	670	1	670	0.0	1318
careful_filteredΩNODE_2_length_515833_cov_109.458385_98	UniRef100_A0A1J3BYP9~K02622	100	670	0	0	1	670	1	670	0.0	1318
isolate_filteredΩNODE_4_length_348303_cov_105.649211_138	UniRef100_A0A1S2AJF1~K02755&K02757&K02756	99.7	667	2	0	1	667	1	667	0.0	1271
careful_filteredΩNODE_4_length_348303_cov_114.271516_138	UniRef100_A0A1S2AJF1~K02755&K02757&K02756	99.7	667	2	0	1	667	1	667	0.0	1271
isolate_filteredΩNODE_2_length_515833_cov_101.187436_397	UniRef100_C2FF45~K12132	99.7	666	2	0	1	666	1	666	0.0	1181
careful_filteredΩNODE_2_length_515833_cov_109.458385_397	UniRef100_C2FF45~K12132	99.7	666	2	0	1	666	1	666	0.0	1181
isolate_filteredΩNODE_10_length_64565_cov_110.910433_19	UniRef100_K0N7W9~K21467	99.2	663	5	0	1	663	13	675	0.0	1274
isolate_filteredΩNODE_2_length_515833_cov_101.187436_106	UniRef100_A0A1Y2KT56~K02004	99.7	663	2	0	1	663	1	663	0.0	1229
isolate_filteredΩNODE_1_length_651596_cov_106.573662_139	UniRef100_A0A0R1F1B1~K02809&K02808&K02810	99.2	663	5	0	1	663	1	663	0.0	1228
careful_filteredΩNODE_10_length_65045_cov_123.164358_49	UniRef100_K0N7W9~K21467	99.2	663	5	0	1	663	13	675	0.0	1274
careful_filteredΩNODE_2_length_515833_cov_109.458385_106	UniRef100_A0A1Y2KT56~K02004	99.7	663	2	0	1	663	1	663	0.0	1229
careful_filteredΩNODE_1_length_651721_cov_115.299404_139	UniRef100_A0A0R1F1B1~K02809&K02808&K02810	99.2	663	5	0	1	663	1	663	0.0	1228
isolate_filteredΩNODE_4_length_348303_cov_105.649211_125	UniRef100_A0A0R1F725~K03316	100	660	0	0	1	660	1	660	0.0	1236
isolate_filteredΩNODE_1_length_651596_cov_106.573662_555	UniRef100_K0NAU5~K01874	99.8	660	1	0	1	660	1	660	0.0	1321
isolate_filteredΩNODE_1_length_651596_cov_106.573662_508	UniRef100_Q184R2~K02769&K02770	41.4	659	358	7	1	659	1	631	3.69e-158	475
careful_filteredΩNODE_4_length_348303_cov_114.271516_125	UniRef100_A0A0R1F725~K03316	100	660	0	0	1	660	1	660	0.0	1236
careful_filteredΩNODE_1_length_651721_cov_115.299404_555	UniRef100_K0NAU5~K01874	99.8	660	1	0	1	660	1	660	0.0	1321
careful_filteredΩNODE_1_length_651721_cov_115.299404_508	UniRef100_Q184R2~K02769&K02770	41.4	659	358	7	1	659	1	631	3.69e-158	475
isolate_filteredΩNODE_9_length_65232_cov_99.822408_45	UniRef100_Q03NN2~K01303	34.2	652	421	7	2	649	4	651	3.38e-125	391
careful_filteredΩNODE_9_length_65232_cov_108.045645_19	UniRef100_Q03NN2~K01303	34.2	652	421	7	2	649	4	651	3.38e-125	391
isolate_filteredΩNODE_2_length_515833_cov_101.187436_477	UniRef100_B3WF49~K01868	99.8	657	1	0	1	657	1	657	0.0	1317
careful_filteredΩNODE_2_length_515833_cov_109.458385_477	UniRef100_B3WF49~K01868	99.8	657	1	0	1	657	1	657	0.0	1317
isolate_filteredΩNODE_2_length_515833_cov_101.187436_40	UniRef100_A0A1V0Q3H9~K02768&K02769&K02770	100	656	0	0	1	656	1	656	0.0	1225
careful_filteredΩNODE_2_length_515833_cov_109.458385_40	UniRef100_A0A1V0Q3H9~K02768&K02769&K02770	100	656	0	0	1	656	1	656	0.0	1225
isolate_filteredΩNODE_7_length_113986_cov_95.550027_18	UniRef100_K0N4F0~K01919	99.4	654	4	0	1	654	1	654	0.0	1255
careful_filteredΩNODE_7_length_113509_cov_103.332278_18	UniRef100_K0N4F0~K01919	99.4	654	4	0	1	654	1	654	0.0	1255
isolate_filteredΩNODE_3_length_404174_cov_100.322816_8	UniRef100_A0A0R1FBL2~K02809&K02808&K02810	99.5	653	3	0	1	653	3	655	0.0	1221
isolate_filteredΩNODE_1_length_651596_cov_106.573662_237	UniRef100_A0A1J3CDJ1~K02470	100	653	0	0	1	653	1	653	0.0	1285
careful_filteredΩNODE_3_length_403891_cov_108.585722_376	UniRef100_A0A0R1FBL2~K02809&K02808&K02810	99.5	653	3	0	1	653	3	655	0.0	1221
careful_filteredΩNODE_1_length_651721_cov_115.299404_237	UniRef100_A0A1J3CDJ1~K02470	100	653	0	0	1	653	1	653	0.0	1285
isolate_filteredΩNODE_3_length_404174_cov_100.322816_124	UniRef100_Q035Z3~K03572	99.7	651	2	0	1	651	1	651	0.0	1266
isolate_filteredΩNODE_1_length_651596_cov_106.573662_27	UniRef100_E1U899~K03336	99.7	651	2	0	1	651	1	651	0.0	1258
careful_filteredΩNODE_3_length_403891_cov_108.585722_260	UniRef100_Q035Z3~K03572	99.7	651	2	0	1	651	1	651	0.0	1266
careful_filteredΩNODE_1_length_651721_cov_115.299404_27	UniRef100_E1U899~K03336	99.7	651	2	0	1	651	1	651	0.0	1258
isolate_filteredΩNODE_3_length_404174_cov_100.322816_136	UniRef100_A0A0K1L1M9~K06158	99.8	650	1	0	1	650	1	650	0.0	1243
careful_filteredΩNODE_3_length_403891_cov_108.585722_248	UniRef100_A0A0K1L1M9~K06158	99.8	650	1	0	1	650	1	650	0.0	1243
isolate_filteredΩNODE_4_length_348303_cov_105.649211_295	UniRef100_A0A0K1MQL0~K02768&K02769&K02770	100	647	0	0	1	647	1	647	0.0	1231
careful_filteredΩNODE_4_length_348303_cov_114.271516_295	UniRef100_A0A0K1MQL0~K02768&K02769&K02770	100	647	0	0	1	647	1	647	0.0	1231
isolate_filteredΩNODE_8_length_78445_cov_288.695424_72	UniRef100_A0A0H3G9A3~K02538	34.7	648	407	9	7	643	11	653	3.83e-122	382
careful_filteredΩNODE_8_length_78445_cov_310.951587_72	UniRef100_A0A0H3G9A3~K02538	34.7	648	407	9	7	643	11	653	3.83e-122	382
isolate_filteredΩNODE_6_length_211744_cov_100.420410_50	UniRef100_C2FCP1~K04041	99.8	643	1	0	1	643	1	643	0.0	1295
careful_filteredΩNODE_6_length_211744_cov_108.667298_50	UniRef100_C2FCP1~K04041	99.8	643	1	0	1	643	1	643	0.0	1295
isolate_filteredΩNODE_4_length_348303_cov_105.649211_252	UniRef100_C9AC42~K02799&K02798&K02800	66.8	630	195	4	13	637	14	634	8.99e-293	817
careful_filteredΩNODE_4_length_348303_cov_114.271516_252	UniRef100_C9AC42~K02799&K02798&K02800	66.8	630	195	4	13	637	14	634	8.99e-293	817
isolate_filteredΩNODE_1_length_651596_cov_106.573662_556	UniRef100_S2U1J9~K06148	99.5	638	3	0	1	638	1	638	0.0	1235
careful_filteredΩNODE_1_length_651721_cov_115.299404_556	UniRef100_S2U1J9~K06148	99.5	638	3	0	1	638	1	638	0.0	1235
isolate_filteredΩNODE_4_length_348303_cov_105.649211_190	UniRef100_K0MST9~K03491	99.1	636	6	0	1	636	1	636	0.0	1212
isolate_filteredΩNODE_1_length_651596_cov_106.573662_331	UniRef100_A0A1J3C3M0~K07652	100	636	0	0	1	636	1	636	0.0	1207
careful_filteredΩNODE_4_length_348303_cov_114.271516_190	UniRef100_K0MST9~K03491	99.1	636	6	0	1	636	1	636	0.0	1212
careful_filteredΩNODE_1_length_651721_cov_115.299404_331	UniRef100_A0A1J3C3M0~K07652	100	636	0	0	1	636	1	636	0.0	1207
isolate_filteredΩNODE_5_length_328887_cov_99.193781_125	UniRef100_C2FGN3~K07386	99.4	634	4	0	1	634	9	642	0.0	1266
isolate_filteredΩNODE_3_length_404174_cov_100.322816_64	UniRef100_A0A1J3C2Q9~K01953	100	634	0	0	1	634	1	634	0.0	1281
isolate_filteredΩNODE_2_length_515833_cov_101.187436_159	UniRef100_A0A0E2LZ72~K07386	99.4	634	4	0	1	634	1	634	0.0	1271
careful_filteredΩNODE_5_length_328887_cov_107.364402_188	UniRef100_C2FGN3~K07386	99.4	634	4	0	1	634	9	642	0.0	1266
careful_filteredΩNODE_3_length_403891_cov_108.585722_320	UniRef100_A0A1J3C2Q9~K01953	100	634	0	0	1	634	1	634	0.0	1281
careful_filteredΩNODE_2_length_515833_cov_109.458385_159	UniRef100_A0A0E2LZ72~K07386	99.4	634	4	0	1	634	1	634	0.0	1271
isolate_filteredΩNODE_1_length_651596_cov_106.573662_248	UniRef100_K0MYX4~K03495	99.8	633	1	0	1	633	7	639	0.0	1240
careful_filteredΩNODE_1_length_651721_cov_115.299404_248	UniRef100_K0MYX4~K03495	99.8	633	1	0	1	633	7	639	0.0	1240
isolate_filteredΩNODE_3_length_404174_cov_100.322816_187	UniRef100_S2U1Q9~K03885	100	632	0	0	1	632	1	632	0.0	1250
careful_filteredΩNODE_3_length_403891_cov_108.585722_197	UniRef100_S2U1Q9~K03885	100	632	0	0	1	632	1	632	0.0	1250
isolate_filteredΩNODE_2_length_515833_cov_101.187436_77	UniRef100_A0A1S2AIR9~K15738	99.5	630	3	0	1	630	1	630	0.0	1202
careful_filteredΩNODE_2_length_515833_cov_109.458385_77	UniRef100_A0A1S2AIR9~K15738	99.5	630	3	0	1	630	1	630	0.0	1202
isolate_filteredΩNODE_13_length_45945_cov_96.796285_23	UniRef100_A0A1V0Q413~K06147	100	628	0	0	1	628	1	628	0.0	1202
careful_filteredΩNODE_13_length_45945_cov_104.682262_23	UniRef100_A0A1V0Q413~K06147	100	628	0	0	1	628	1	628	0.0	1202
isolate_filteredΩNODE_2_length_515833_cov_101.187436_281	UniRef100_A0A0K1KZY3~K04043	100	624	0	0	1	624	1	624	0.0	1176
careful_filteredΩNODE_2_length_515833_cov_109.458385_281	UniRef100_A0A0K1KZY3~K04043	100	624	0	0	1	624	1	624	0.0	1176
isolate_filteredΩNODE_1_length_651596_cov_106.573662_417	UniRef100_A0A192H0X3~K03491	31.2	580	392	4	1	579	1	574	1.42e-94	309
careful_filteredΩNODE_1_length_651721_cov_115.299404_417	UniRef100_A0A192H0X3~K03491	31.2	580	392	4	1	579	1	574	1.42e-94	309
isolate_filteredΩNODE_4_length_348303_cov_105.649211_297	UniRef100_A0A0K2LEV0~K03491	43.5	621	346	3	1	617	1	620	3.70e-171	506
careful_filteredΩNODE_4_length_348303_cov_114.271516_297	UniRef100_A0A0K2LEV0~K03491	43.5	621	346	3	1	617	1	620	3.70e-171	506
isolate_filteredΩNODE_1_length_651596_cov_106.573662_135	UniRef100_A0A1S2AEW4~K01534	99.7	619	2	0	1	619	1	619	0.0	1140
careful_filteredΩNODE_1_length_651721_cov_115.299404_135	UniRef100_A0A1S2AEW4~K01534	99.7	619	2	0	1	619	1	619	0.0	1140
isolate_filteredΩNODE_1_length_651596_cov_106.573662_172	UniRef100_A0A0R1F2A9~K01534	98.5	618	9	0	1	618	6	623	0.0	1115
careful_filteredΩNODE_1_length_651721_cov_115.299404_172	UniRef100_A0A0R1F2A9~K01534	98.5	618	9	0	1	618	6	623	0.0	1115
isolate_filteredΩNODE_5_length_328887_cov_99.193781_77	UniRef100_S2TGN3~K02755&K02757&K02756	98.9	617	7	0	1	617	1	617	0.0	1122
isolate_filteredΩNODE_4_length_348303_cov_105.649211_97	UniRef100_A0A0R1F741~K00111	100	617	0	0	1	617	6	622	0.0	1198
careful_filteredΩNODE_5_length_328887_cov_107.364402_236	UniRef100_S2TGN3~K02755&K02757&K02756	98.9	617	7	0	1	617	1	617	0.0	1122
careful_filteredΩNODE_4_length_348303_cov_114.271516_97	UniRef100_A0A0R1F741~K00111	100	617	0	0	1	617	6	622	0.0	1198
isolate_filteredΩNODE_1_length_651596_cov_106.573662_338	UniRef100_V9WBX8~K01534	37.3	568	325	13	48	588	72	635	6.04e-93	305
careful_filteredΩNODE_1_length_651721_cov_115.299404_338	UniRef100_V9WBX8~K01534	37.3	568	325	13	48	588	72	635	6.04e-93	305
isolate_filteredΩNODE_2_length_515833_cov_101.187436_15	UniRef100_A0A0K1MTJ9~K06207	100	614	0	0	1	614	1	614	0.0	1196
careful_filteredΩNODE_2_length_515833_cov_109.458385_15	UniRef100_A0A0K1MTJ9~K06207	100	614	0	0	1	614	1	614	0.0	1196
isolate_filteredΩNODE_3_length_404174_cov_100.322816_84	UniRef100_K0MXA4~K02755&K02757&K02756	98.9	612	7	0	1	612	1	612	0.0	1136
isolate_filteredΩNODE_2_length_515833_cov_101.187436_276	UniRef100_B3WEQ5~K03596	100	612	0	0	1	612	1	612	0.0	1186
careful_filteredΩNODE_3_length_403891_cov_108.585722_300	UniRef100_K0MXA4~K02755&K02757&K02756	98.9	612	7	0	1	612	1	612	0.0	1136
careful_filteredΩNODE_2_length_515833_cov_109.458385_276	UniRef100_B3WEQ5~K03596	100	612	0	0	1	612	1	612	0.0	1186
isolate_filteredΩNODE_6_length_211744_cov_100.420410_107	UniRef100_S4ZV25~K03455	99.7	609	2	0	1	609	1	609	0.0	1155
careful_filteredΩNODE_6_length_211744_cov_108.667298_107	UniRef100_S4ZV25~K03455	99.7	609	2	0	1	609	1	609	0.0	1155
isolate_filteredΩNODE_1_length_651596_cov_106.573662_557	UniRef100_C2F9L8~K06147	98.4	608	10	0	1	608	1	608	0.0	1168
isolate_filteredΩNODE_1_length_651596_cov_106.573662_262	UniRef100_A0A1J3C3S0~K02799&K02800	100	608	0	0	1	608	1	608	0.0	1157
careful_filteredΩNODE_1_length_651721_cov_115.299404_557	UniRef100_C2F9L8~K06147	98.4	608	10	0	1	608	1	608	0.0	1168
careful_filteredΩNODE_1_length_651721_cov_115.299404_262	UniRef100_A0A1J3C3S0~K02799&K02800	100	608	0	0	1	608	1	608	0.0	1157
isolate_filteredΩNODE_14_length_41384_cov_95.954245_30	UniRef100_A0A0R1FA94~K01126	99.5	604	3	0	1	604	1	604	0.0	1157
careful_filteredΩNODE_14_length_41384_cov_103.912799_30	UniRef100_A0A0R1FA94~K01126	99.5	604	3	0	1	604	1	604	0.0	1157
isolate_filteredΩNODE_5_length_328887_cov_99.193781_171	UniRef100_A0A1J3C2W9~K00820	100	603	0	0	1	603	1	603	0.0	1159
isolate_filteredΩNODE_4_length_348303_cov_105.649211_229	UniRef100_A0A1V0Q5Y8~K06147	100	603	0	0	1	603	1	603	0.0	1143
careful_filteredΩNODE_5_length_328887_cov_107.364402_142	UniRef100_A0A1J3C2W9~K00820	100	603	0	0	1	603	1	603	0.0	1159
careful_filteredΩNODE_4_length_348303_cov_114.271516_229	UniRef100_A0A1V0Q5Y8~K06147	100	603	0	0	1	603	1	603	0.0	1143
isolate_filteredΩNODE_6_length_211744_cov_100.420410_101	UniRef100_A0A0K1L0E1~K02004	99.7	602	2	0	1	602	1	602	0.0	1117
isolate_filteredΩNODE_2_length_515833_cov_101.187436_39	UniRef100_A0A0E2LYP2~K03703	99.5	602	3	0	1	602	31	632	0.0	1180
careful_filteredΩNODE_6_length_211744_cov_108.667298_101	UniRef100_A0A0K1L0E1~K02004	99.7	602	2	0	1	602	1	602	0.0	1117
careful_filteredΩNODE_2_length_515833_cov_109.458385_39	UniRef100_A0A0E2LYP2~K03703	99.5	602	3	0	1	602	31	632	0.0	1180
isolate_filteredΩNODE_5_length_328887_cov_99.193781_169	UniRef100_B7VPD3~K08602	36.3	546	334	6	60	595	52	593	3.64e-99	320
isolate_filteredΩNODE_2_length_515833_cov_101.187436_237	UniRef100_Q038S1~K01876	99.8	601	1	0	1	601	1	601	0.0	1202
careful_filteredΩNODE_5_length_328887_cov_107.364402_144	UniRef100_B7VPD3~K08602	36.3	546	334	6	60	595	52	593	3.64e-99	320
careful_filteredΩNODE_2_length_515833_cov_109.458385_237	UniRef100_Q038S1~K01876	99.8	601	1	0	1	601	1	601	0.0	1202
isolate_filteredΩNODE_1_length_651596_cov_106.573662_12	UniRef100_K6QVE9~K08602	99.8	599	1	0	1	599	1	599	0.0	1191
careful_filteredΩNODE_1_length_651721_cov_115.299404_12	UniRef100_K6QVE9~K08602	99.8	599	1	0	1	599	1	599	0.0	1191
isolate_filteredΩNODE_12_length_50619_cov_101.722152_29	UniRef100_K0N204~K12308	99.2	598	5	0	1	598	1	598	0.0	1232
careful_filteredΩNODE_12_length_50619_cov_109.954948_29	UniRef100_K0N204~K12308	99.2	598	5	0	1	598	1	598	0.0	1232
isolate_filteredΩNODE_12_length_50619_cov_101.722152_41	UniRef100_A0A0E1PF66~K03491	99.8	597	1	0	1	597	1	597	0.0	1162
isolate_filteredΩNODE_2_length_515833_cov_101.187436_367	UniRef100_A0A1S2APK1~K18890	100	597	0	0	1	597	1	597	0.0	1137
careful_filteredΩNODE_12_length_50619_cov_109.954948_41	UniRef100_A0A0E1PF66~K03491	99.8	597	1	0	1	597	1	597	0.0	1162
careful_filteredΩNODE_2_length_515833_cov_109.458385_367	UniRef100_A0A1S2APK1~K18890	100	597	0	0	1	597	1	597	0.0	1137
isolate_filteredΩNODE_2_length_515833_cov_101.187436_383	UniRef100_S4ZN63~K02035	98.8	596	7	0	1	596	1	596	0.0	1177
careful_filteredΩNODE_2_length_515833_cov_109.458385_383	UniRef100_S4ZN63~K02035	98.8	596	7	0	1	596	1	596	0.0	1177
isolate_filteredΩNODE_2_length_515833_cov_101.187436_188	UniRef100_K0MVQ5~K02316	99.7	595	2	0	1	595	4	598	0.0	1164
careful_filteredΩNODE_2_length_515833_cov_109.458385_188	UniRef100_K0MVQ5~K02316	99.7	595	2	0	1	595	4	598	0.0	1164
isolate_filteredΩNODE_4_length_348303_cov_105.649211_142	UniRef100_A0A1Y2KR27~K18892	100	593	0	0	1	593	1	593	0.0	1141
careful_filteredΩNODE_4_length_348303_cov_114.271516_142	UniRef100_A0A1Y2KR27~K18892	100	593	0	0	1	593	1	593	0.0	1141
isolate_filteredΩNODE_6_length_211744_cov_100.420410_61	UniRef100_A2RMB2~K01187	48.5	550	273	6	10	554	12	556	5.23e-185	540
isolate_filteredΩNODE_5_length_328887_cov_99.193781_111	UniRef100_S4ZKV2~K03654	99.5	592	3	0	1	592	1	592	0.0	1155
careful_filteredΩNODE_6_length_211744_cov_108.667298_61	UniRef100_A2RMB2~K01187	48.5	550	273	6	10	554	12	556	5.23e-185	540
careful_filteredΩNODE_5_length_328887_cov_107.364402_202	UniRef100_S4ZKV2~K03654	99.5	592	3	0	1	592	1	592	0.0	1155
isolate_filteredΩNODE_3_length_404174_cov_100.322816_35	UniRef100_K0NBT7~K18104	99.2	591	5	0	1	591	10	600	0.0	1107
careful_filteredΩNODE_3_length_403891_cov_108.585722_349	UniRef100_K0NBT7~K18104	99.2	591	5	0	1	591	10	600	0.0	1107
isolate_filteredΩNODE_2_length_515833_cov_101.187436_56	UniRef100_Q6XBK1~K00873	100	588	0	0	1	588	1	588	0.0	1120
careful_filteredΩNODE_2_length_515833_cov_109.458385_56	UniRef100_Q6XBK1~K00873	100	588	0	0	1	588	1	588	0.0	1120
isolate_filteredΩNODE_3_length_404174_cov_100.322816_45	UniRef100_A0A0C9Q7X7~K00158	99.3	586	4	0	1	586	1	586	0.0	1144
careful_filteredΩNODE_3_length_403891_cov_108.585722_339	UniRef100_A0A0C9Q7X7~K00158	99.3	586	4	0	1	586	1	586	0.0	1144
isolate_filteredΩNODE_2_length_515833_cov_101.187436_368	UniRef100_A0A1J3C1S8~K18889	100	585	0	0	1	585	1	585	0.0	1133
careful_filteredΩNODE_2_length_515833_cov_109.458385_368	UniRef100_A0A1J3C1S8~K18889	100	585	0	0	1	585	1	585	0.0	1133
isolate_filteredΩNODE_9_length_65232_cov_99.822408_19	UniRef100_K0NBB6~K00158	100	584	0	0	1	584	8	591	0.0	1165
careful_filteredΩNODE_9_length_65232_cov_108.045645_44	UniRef100_K0NBB6~K00158	100	584	0	0	1	584	8	591	0.0	1165
isolate_filteredΩNODE_5_length_328887_cov_99.193781_212	UniRef100_A0A1S2ATE1~K01208	99.7	581	2	0	1	581	1	581	0.0	1217
careful_filteredΩNODE_5_length_328887_cov_107.364402_101	UniRef100_A0A1S2ATE1~K01208	99.7	581	2	0	1	581	1	581	0.0	1217
isolate_filteredΩNODE_3_length_404174_cov_100.322816_95	UniRef100_A0A1J3C5R1~K16013	100	580	0	0	1	580	1	580	0.0	1133
careful_filteredΩNODE_3_length_403891_cov_108.585722_289	UniRef100_A0A1J3C5R1~K16013	100	580	0	0	1	580	1	580	0.0	1133
isolate_filteredΩNODE_2_length_515833_cov_101.187436_31	UniRef100_K0NAI9~K11085	99.5	578	3	0	1	578	1	578	0.0	1076
careful_filteredΩNODE_2_length_515833_cov_109.458385_31	UniRef100_K0NAI9~K11085	99.5	578	3	0	1	578	1	578	0.0	1076
isolate_filteredΩNODE_4_length_348303_cov_105.649211_207	UniRef100_A0A0R1EZQ9~K00158	99.7	577	2	0	1	577	11	587	0.0	1144
careful_filteredΩNODE_4_length_348303_cov_114.271516_207	UniRef100_A0A0R1EZQ9~K00158	99.7	577	2	0	1	577	11	587	0.0	1144
isolate_filteredΩNODE_13_length_45945_cov_96.796285_22	UniRef100_A0A1V0Q3Z7~K06147	100	576	0	0	1	576	1	576	0.0	1095
careful_filteredΩNODE_13_length_45945_cov_104.682262_22	UniRef100_A0A1V0Q3Z7~K06147	100	576	0	0	1	576	1	576	0.0	1095
isolate_filteredΩNODE_14_length_41384_cov_95.954245_5	UniRef100_A0A1S2ASN0~K08483	100	575	0	0	1	575	1	575	0.0	1104
isolate_filteredΩNODE_5_length_328887_cov_99.193781_241	UniRef100_Q03AM4~K01835	99.7	575	2	0	1	575	1	575	0.0	1130
isolate_filteredΩNODE_3_length_404174_cov_100.322816_94	UniRef100_K0MXA9~K16012	99.7	575	2	0	1	575	36	610	0.0	1138
isolate_filteredΩNODE_2_length_515833_cov_101.187436_295	UniRef100_A0A0C9QBX0~K01881	99.8	575	1	0	1	575	5	579	0.0	1108
careful_filteredΩNODE_14_length_41384_cov_103.912799_5	UniRef100_A0A1S2ASN0~K08483	100	575	0	0	1	575	1	575	0.0	1104
careful_filteredΩNODE_5_length_328887_cov_107.364402_72	UniRef100_Q03AM4~K01835	99.7	575	2	0	1	575	1	575	0.0	1130
careful_filteredΩNODE_3_length_403891_cov_108.585722_290	UniRef100_K0MXA9~K16012	99.7	575	2	0	1	575	36	610	0.0	1138
careful_filteredΩNODE_2_length_515833_cov_109.458385_295	UniRef100_A0A0C9QBX0~K01881	99.8	575	1	0	1	575	5	579	0.0	1108
isolate_filteredΩNODE_4_length_348303_cov_105.649211_143	UniRef100_A0A1Y2KQM0~K18891	100	572	0	0	1	572	1	572	0.0	1084
careful_filteredΩNODE_4_length_348303_cov_114.271516_143	UniRef100_A0A1Y2KQM0~K18891	100	572	0	0	1	572	1	572	0.0	1084
isolate_filteredΩNODE_12_length_50619_cov_101.722152_24	UniRef100_S2SKL7~K12373	98.4	569	9	0	1	569	1	569	0.0	1092
isolate_filteredΩNODE_4_length_348303_cov_105.649211_228	UniRef100_A0A0E3LLH7~K06147	40.8	574	334	3	1	568	1	574	3.18e-130	398
careful_filteredΩNODE_12_length_50619_cov_109.954948_24	UniRef100_S2SKL7~K12373	98.4	569	9	0	1	569	1	569	0.0	1092
careful_filteredΩNODE_4_length_348303_cov_114.271516_228	UniRef100_A0A0E3LLH7~K06147	40.8	574	334	3	1	568	1	574	3.18e-130	398
isolate_filteredΩNODE_7_length_113986_cov_95.550027_57	UniRef100_A0A1S2AKE8~K06286	100	567	0	0	1	567	1	567	0.0	1023
careful_filteredΩNODE_7_length_113509_cov_103.332278_57	UniRef100_A0A1S2AKE8~K06286	100	567	0	0	1	567	1	567	0.0	1023
isolate_filteredΩNODE_4_length_348303_cov_105.649211_270	UniRef100_A0A125U664~K16787&K16786	99.5	566	3	0	1	566	1	566	0.0	1099
isolate_filteredΩNODE_2_length_515833_cov_101.187436_408	UniRef100_K0N5J9~K03631	100	566	0	0	1	566	20	585	0.0	1070
careful_filteredΩNODE_4_length_348303_cov_114.271516_270	UniRef100_A0A125U664~K16787&K16786	99.5	566	3	0	1	566	1	566	0.0	1099
careful_filteredΩNODE_2_length_515833_cov_109.458385_408	UniRef100_K0N5J9~K03631	100	566	0	0	1	566	20	585	0.0	1070
isolate_filteredΩNODE_3_length_404174_cov_100.322816_154	UniRef100_A0A0E2M1G2~K02343	99.6	565	2	0	1	565	1	565	0.0	1087
careful_filteredΩNODE_3_length_403891_cov_108.585722_230	UniRef100_A0A0E2M1G2~K02343	99.6	565	2	0	1	565	1	565	0.0	1087
isolate_filteredΩNODE_4_length_348303_cov_105.649211_220	UniRef100_C2FA88~K10254	100	564	0	0	1	564	1	564	0.0	1142
careful_filteredΩNODE_4_length_348303_cov_114.271516_220	UniRef100_C2FA88~K10254	100	564	0	0	1	564	1	564	0.0	1142
isolate_filteredΩNODE_3_length_404174_cov_100.322816_87	UniRef100_A0A0R1FF08~K06148	99.6	563	2	0	1	563	1	563	0.0	1096
careful_filteredΩNODE_3_length_403891_cov_108.585722_297	UniRef100_A0A0R1FF08~K06148	99.6	563	2	0	1	563	1	563	0.0	1096
isolate_filteredΩNODE_4_length_348303_cov_105.649211_230	UniRef100_A0A1S2AUQ4~K01182	99.3	562	4	0	1	562	1	562	0.0	1173
careful_filteredΩNODE_4_length_348303_cov_114.271516_230	UniRef100_A0A1S2AUQ4~K01182	99.3	562	4	0	1	562	1	562	0.0	1173
isolate_filteredΩNODE_14_length_41384_cov_95.954245_34	UniRef100_A0A1V0Q2J1~K01887	99.8	560	1	0	1	560	1	560	0.0	1108
isolate_filteredΩNODE_2_length_515833_cov_101.187436_28	UniRef100_A0A1V0Q3I8~K12574	100	560	0	0	1	560	1	560	0.0	1096
isolate_filteredΩNODE_2_length_515833_cov_101.187436_2	UniRef100_A0A1J3C267~K12574	99.8	560	1	0	1	560	1	560	0.0	1097
isolate_filteredΩNODE_1_length_651596_cov_106.573662_484	UniRef100_A0A1Y2KMX1~K01182	99.8	560	1	0	1	560	1	560	0.0	1184
careful_filteredΩNODE_14_length_41384_cov_103.912799_34	UniRef100_A0A1V0Q2J1~K01887	99.8	560	1	0	1	560	1	560	0.0	1108
careful_filteredΩNODE_2_length_515833_cov_109.458385_28	UniRef100_A0A1V0Q3I8~K12574	100	560	0	0	1	560	1	560	0.0	1096
careful_filteredΩNODE_2_length_515833_cov_109.458385_2	UniRef100_A0A1J3C267~K12574	99.8	560	1	0	1	560	1	560	0.0	1097
careful_filteredΩNODE_1_length_651721_cov_115.299404_484	UniRef100_A0A1Y2KMX1~K01182	99.8	560	1	0	1	560	1	560	0.0	1184
isolate_filteredΩNODE_6_length_211744_cov_100.420410_181	UniRef100_A0A1J3C5P0~K01652	100	558	0	0	1	558	1	558	0.0	1093
isolate_filteredΩNODE_5_length_328887_cov_99.193781_213	UniRef100_A0A1Y2KT13~K01187	99.3	558	4	0	1	558	1	558	0.0	1123
isolate_filteredΩNODE_2_length_515833_cov_101.187436_391	UniRef100_A0A1S2ANP1~K07030	100	558	0	0	1	558	1	558	0.0	1063
careful_filteredΩNODE_6_length_211744_cov_108.667298_181	UniRef100_A0A1J3C5P0~K01652	100	558	0	0	1	558	1	558	0.0	1093
careful_filteredΩNODE_5_length_328887_cov_107.364402_100	UniRef100_A0A1Y2KT13~K01187	99.3	558	4	0	1	558	1	558	0.0	1123
careful_filteredΩNODE_2_length_515833_cov_109.458385_391	UniRef100_A0A1S2ANP1~K07030	100	558	0	0	1	558	1	558	0.0	1063
isolate_filteredΩNODE_2_length_515833_cov_101.187436_148	UniRef100_Q038Y4~K01938	100	557	0	0	1	557	1	557	0.0	1095
careful_filteredΩNODE_2_length_515833_cov_109.458385_148	UniRef100_Q038Y4~K01938	100	557	0	0	1	557	1	557	0.0	1095
isolate_filteredΩNODE_6_length_211744_cov_100.420410_134	UniRef100_A0A0R1F672~K15580	99.6	556	2	0	1	556	15	570	0.0	1068
careful_filteredΩNODE_6_length_211744_cov_108.667298_134	UniRef100_A0A0R1F672~K15580	99.6	556	2	0	1	556	15	570	0.0	1068
isolate_filteredΩNODE_9_length_65232_cov_99.822408_55	UniRef100_C2FEJ4~K01610	99.6	555	2	0	1	555	17	571	0.0	1100
isolate_filteredΩNODE_5_length_328887_cov_99.193781_255	UniRef100_A0A1J3C6A0~K07636	100	555	0	0	1	555	1	555	0.0	1064
isolate_filteredΩNODE_4_length_348303_cov_105.649211_25	UniRef100_A0A1V0QAA0~K22212	99.8	555	1	0	1	555	1	555	0.0	1087
isolate_filteredΩNODE_3_length_404174_cov_100.322816_9	UniRef100_A0A0R1F475~K01187	98.7	555	7	0	1	555	1	555	0.0	1150
careful_filteredΩNODE_9_length_65232_cov_108.045645_9	UniRef100_C2FEJ4~K01610	99.6	555	2	0	1	555	17	571	0.0	1100
careful_filteredΩNODE_5_length_328887_cov_107.364402_58	UniRef100_A0A1J3C6A0~K07636	100	555	0	0	1	555	1	555	0.0	1064
careful_filteredΩNODE_4_length_348303_cov_114.271516_25	UniRef100_A0A1V0QAA0~K22212	99.8	555	1	0	1	555	1	555	0.0	1087
careful_filteredΩNODE_3_length_403891_cov_108.585722_375	UniRef100_A0A0R1F475~K01187	98.7	555	7	0	1	555	1	555	0.0	1150
isolate_filteredΩNODE_7_length_113986_cov_95.550027_45	UniRef100_A0A0M6W8K4~K02011	100	554	0	0	1	554	1	554	0.0	1009
isolate_filteredΩNODE_2_length_515833_cov_101.187436_10	UniRef100_C2FFY1~K00627	99.3	554	4	0	1	554	1	554	0.0	983
careful_filteredΩNODE_7_length_113509_cov_103.332278_45	UniRef100_A0A0M6W8K4~K02011	100	554	0	0	1	554	1	554	0.0	1009
careful_filteredΩNODE_2_length_515833_cov_109.458385_10	UniRef100_C2FFY1~K00627	99.3	554	4	0	1	554	1	554	0.0	983
isolate_filteredΩNODE_6_length_211744_cov_100.420410_130	UniRef100_C2FD29~K11085	98.3	459	8	0	93	551	1	459	1.64e-286	790
careful_filteredΩNODE_6_length_211744_cov_108.667298_130	UniRef100_C2FD29~K11085	98.3	459	8	0	93	551	1	459	1.64e-286	790
isolate_filteredΩNODE_4_length_348303_cov_105.649211_101	UniRef100_Q39FV4~K10834&K10826	46.0	535	283	4	1	535	1	529	2.70e-161	475
careful_filteredΩNODE_4_length_348303_cov_114.271516_101	UniRef100_Q39FV4~K10834&K10826	46.0	535	283	4	1	535	1	529	2.70e-161	475
isolate_filteredΩNODE_4_length_348303_cov_105.649211_139	UniRef100_A0A1S2AJE8~K01226	99.6	548	2	0	1	548	1	548	0.0	1135
careful_filteredΩNODE_4_length_348303_cov_114.271516_139	UniRef100_A0A1S2AJE8~K01226	99.6	548	2	0	1	548	1	548	0.0	1135
isolate_filteredΩNODE_5_length_328887_cov_99.193781_304	UniRef100_A0A267Y4P0~K03328	33.4	539	335	7	18	539	4	535	5.54e-76	256
careful_filteredΩNODE_5_length_328887_cov_107.364402_9	UniRef100_A0A267Y4P0~K03328	33.4	539	335	7	18	539	4	535	5.54e-76	256
isolate_filteredΩNODE_12_length_50619_cov_101.722152_43	UniRef100_A0A0K1KWN8~K15580	100	546	0	0	1	546	1	546	0.0	1057
isolate_filteredΩNODE_8_length_78445_cov_288.695424_45	UniRef100_A0A0U2WV61~K15580	40.9	563	305	3	10	546	6	566	1.37e-146	439
isolate_filteredΩNODE_7_length_113986_cov_95.550027_29	UniRef100_Q039X9~K15580	99.3	546	4	0	1	546	1	546	0.0	1076
careful_filteredΩNODE_12_length_50619_cov_109.954948_43	UniRef100_A0A0K1KWN8~K15580	100	546	0	0	1	546	1	546	0.0	1057
careful_filteredΩNODE_8_length_78445_cov_310.951587_45	UniRef100_A0A0U2WV61~K15580	40.9	563	305	3	10	546	6	566	1.37e-146	439
careful_filteredΩNODE_7_length_113509_cov_103.332278_29	UniRef100_Q039X9~K15580	99.3	546	4	0	1	546	1	546	0.0	1076
isolate_filteredΩNODE_8_length_78445_cov_288.695424_59	UniRef100_Q8GH67~K03322	78.4	522	108	3	1	517	1	522	3.15e-272	757
careful_filteredΩNODE_8_length_78445_cov_310.951587_59	UniRef100_Q8GH67~K03322	78.4	522	108	3	1	517	1	522	3.15e-272	757
isolate_filteredΩNODE_3_length_404174_cov_100.322816_128	UniRef100_B3W9W7~K04077	99.8	544	1	0	1	544	1	544	0.0	1004
careful_filteredΩNODE_3_length_403891_cov_108.585722_256	UniRef100_B3W9W7~K04077	99.8	544	1	0	1	544	1	544	0.0	1004
isolate_filteredΩNODE_3_length_404174_cov_100.322816_86	UniRef100_A0A0R1FBN4~K06148	99.1	543	5	0	1	543	1	543	0.0	1006
careful_filteredΩNODE_3_length_403891_cov_108.585722_298	UniRef100_A0A0R1FBN4~K06148	99.1	543	5	0	1	543	1	543	0.0	1006
isolate_filteredΩNODE_5_length_328887_cov_99.193781_208	UniRef100_S2SSB5~K01215	99.8	541	1	0	1	541	1	541	0.0	1118
isolate_filteredΩNODE_1_length_651596_cov_106.573662_83	UniRef100_A0A1J3C2N5~K15580	100	541	0	0	1	541	1	541	0.0	1040
careful_filteredΩNODE_5_length_328887_cov_107.364402_105	UniRef100_S2SSB5~K01215	99.8	541	1	0	1	541	1	541	0.0	1118
careful_filteredΩNODE_1_length_651721_cov_115.299404_83	UniRef100_A0A1J3C2N5~K15580	100	541	0	0	1	541	1	541	0.0	1040
isolate_filteredΩNODE_6_length_211744_cov_100.420410_22	UniRef100_A0A1V0Q9L8~K15580	99.8	540	1	0	1	540	1	540	0.0	1041
careful_filteredΩNODE_6_length_211744_cov_108.667298_22	UniRef100_A0A1V0Q9L8~K15580	99.8	540	1	0	1	540	1	540	0.0	1041
isolate_filteredΩNODE_6_length_211744_cov_100.420410_149	UniRef100_S4ZNY2~K01992	99.6	538	2	0	1	538	1	538	0.0	1009
isolate_filteredΩNODE_2_length_515833_cov_101.187436_258	UniRef100_D2BKB7~K00712	69.7	534	162	0	1	534	1	534	2.00e-283	785
careful_filteredΩNODE_6_length_211744_cov_108.667298_149	UniRef100_S4ZNY2~K01992	99.6	538	2	0	1	538	1	538	0.0	1009
careful_filteredΩNODE_2_length_515833_cov_109.458385_258	UniRef100_D2BKB7~K00712	69.7	534	162	0	1	534	1	534	2.00e-283	785
isolate_filteredΩNODE_5_length_328887_cov_99.193781_91	UniRef100_A0A1Y6K2P7~K12268	31.5	550	324	9	1	537	1	510	1.03e-64	225
isolate_filteredΩNODE_5_length_328887_cov_99.193781_90	UniRef100_A0A1Y6K498~K12269	42.1	466	270	0	71	536	55	520	1.62e-125	383
careful_filteredΩNODE_5_length_328887_cov_107.364402_222	UniRef100_A0A1Y6K498~K12269	42.1	466	270	0	71	536	55	520	1.62e-125	383
careful_filteredΩNODE_5_length_328887_cov_107.364402_221	UniRef100_A0A1Y6K2P7~K12268	31.5	550	324	9	1	537	1	510	1.03e-64	225
isolate_filteredΩNODE_1_length_651596_cov_106.573662_340	UniRef100_C2F918~K15580	99.4	536	3	0	1	536	1	536	0.0	1031
careful_filteredΩNODE_1_length_651721_cov_115.299404_340	UniRef100_C2F918~K15580	99.4	536	3	0	1	536	1	536	0.0	1031
isolate_filteredΩNODE_3_length_404174_cov_100.322816_283	UniRef100_A0A286T3V5~K03322	99.4	535	3	0	1	535	1	535	0.0	946
isolate_filteredΩNODE_1_length_651596_cov_106.573662_302	UniRef100_A0A1J3C0C2~K17074&K17073	100	535	0	0	1	535	1	535	0.0	1008
careful_filteredΩNODE_3_length_403891_cov_108.585722_101	UniRef100_A0A286T3V5~K03322	99.4	535	3	0	1	535	1	535	0.0	946
careful_filteredΩNODE_1_length_651721_cov_115.299404_302	UniRef100_A0A1J3C0C2~K17074&K17073	100	535	0	0	1	535	1	535	0.0	1008
isolate_filteredΩNODE_1_length_651596_cov_106.573662_585	UniRef100_K0MXZ1~K01937	100	534	0	0	1	534	3	536	0.0	1064
isolate_filteredΩNODE_1_length_651596_cov_106.573662_473	UniRef100_K0MYD7~K02791&K02790	99.8	534	1	0	1	534	20	553	0.0	1020
careful_filteredΩNODE_1_length_651721_cov_115.299404_585	UniRef100_K0MXZ1~K01937	100	534	0	0	1	534	3	536	0.0	1064
careful_filteredΩNODE_1_length_651721_cov_115.299404_473	UniRef100_K0MYD7~K02791&K02790	99.8	534	1	0	1	534	20	553	0.0	1020
isolate_filteredΩNODE_6_length_211744_cov_100.420410_129	UniRef100_A0A1V0QAL3~K18889	98.1	533	10	0	1	533	1	533	0.0	987
careful_filteredΩNODE_6_length_211744_cov_108.667298_129	UniRef100_A0A1V0QAL3~K18889	98.1	533	10	0	1	533	1	533	0.0	987
isolate_filteredΩNODE_3_length_404174_cov_100.322816_2	UniRef100_S4ZPL0~K03427	99.8	532	1	0	1	532	1	532	0.0	1044
careful_filteredΩNODE_3_length_403891_cov_108.585722_382	UniRef100_S4ZPL0~K03427	99.8	532	1	0	1	532	1	532	0.0	1044
isolate_filteredΩNODE_1_length_651596_cov_106.573662_489	UniRef100_A0A1J3C845~K02775	100	530	0	0	1	530	1	530	0.0	944
isolate_filteredΩNODE_1_length_651596_cov_106.573662_184	UniRef100_Q03D01~K06147	98.5	530	8	0	1	530	1	530	0.0	982
careful_filteredΩNODE_1_length_651721_cov_115.299404_489	UniRef100_A0A1J3C845~K02775	100	530	0	0	1	530	1	530	0.0	944
careful_filteredΩNODE_1_length_651721_cov_115.299404_184	UniRef100_Q03D01~K06147	98.5	530	8	0	1	530	1	530	0.0	982
isolate_filteredΩNODE_2_length_515833_cov_101.187436_452	UniRef100_A0A1W7ABG5~K18940	30.0	483	299	11	18	496	6	453	7.49e-59	207
careful_filteredΩNODE_2_length_515833_cov_109.458385_452	UniRef100_A0A1W7ABG5~K18940	30.0	483	299	11	18	496	6	453	7.49e-59	207
isolate_filteredΩNODE_1_length_651596_cov_106.573662_391	UniRef100_A0A1S2ARA7~K09758	98.5	527	8	0	1	527	1	527	0.0	1044
careful_filteredΩNODE_1_length_651721_cov_115.299404_391	UniRef100_A0A1S2ARA7~K09758	98.5	527	8	0	1	527	1	527	0.0	1044
isolate_filteredΩNODE_1_length_651596_cov_106.573662_75	UniRef100_A0A0R1FBX0~K06148	99.6	526	2	0	1	526	1	526	0.0	981
careful_filteredΩNODE_1_length_651721_cov_115.299404_75	UniRef100_A0A0R1FBX0~K06148	99.6	526	2	0	1	526	1	526	0.0	981
isolate_filteredΩNODE_1_length_651596_cov_106.573662_607	UniRef100_A0A243PSW8~K03328	100	525	0	0	1	525	1	525	0.0	974
careful_filteredΩNODE_1_length_651721_cov_115.299404_607	UniRef100_A0A243PSW8~K03328	100	525	0	0	1	525	1	525	0.0	974
isolate_filteredΩNODE_9_length_65232_cov_99.822408_2	UniRef100_B3WFB1~K02837	100	524	0	0	1	524	1	524	0.0	1048
isolate_filteredΩNODE_1_length_651596_cov_106.573662_386	UniRef100_A0A223K500~K03446	57.2	509	218	0	13	521	6	514	1.17e-201	577
careful_filteredΩNODE_9_length_65232_cov_108.045645_61	UniRef100_B3WFB1~K02837	100	524	0	0	1	524	1	524	0.0	1048
careful_filteredΩNODE_1_length_651721_cov_115.299404_386	UniRef100_A0A223K500~K03446	57.2	509	218	0	13	521	6	514	1.17e-201	577
isolate_filteredΩNODE_5_length_328887_cov_99.193781_266	UniRef100_Q03AP9~K18682	100	523	0	0	1	523	1	523	7.23e-315	863
isolate_filteredΩNODE_5_length_328887_cov_99.193781_219	UniRef100_A0A0R1SQG8~K03281	63.2	516	186	2	7	522	10	521	4.15e-220	624
careful_filteredΩNODE_5_length_328887_cov_107.364402_94	UniRef100_A0A0R1SQG8~K03281	63.2	516	186	2	7	522	10	521	4.15e-220	624
careful_filteredΩNODE_5_length_328887_cov_107.364402_47	UniRef100_Q03AP9~K18682	100	523	0	0	1	523	1	523	7.23e-315	863
isolate_filteredΩNODE_1_length_651596_cov_106.573662_19	UniRef100_A0A1J3C2Z3~K00851	100	522	0	0	1	522	1	522	0.0	1046
careful_filteredΩNODE_1_length_651721_cov_115.299404_19	UniRef100_A0A1J3C2Z3~K00851	100	522	0	0	1	522	1	522	0.0	1046
isolate_filteredΩNODE_1_length_651596_cov_106.573662_294	UniRef100_K0NDM5~K08981	99.4	521	3	0	1	521	1	521	0.0	982
careful_filteredΩNODE_1_length_651721_cov_115.299404_294	UniRef100_K0NDM5~K08981	99.4	521	3	0	1	521	1	521	0.0	982
isolate_filteredΩNODE_5_length_328887_cov_99.193781_298	UniRef100_A0A0E2LW09~K00712	99.8	519	1	0	1	519	1	519	0.0	1048
careful_filteredΩNODE_5_length_328887_cov_107.364402_15	UniRef100_A0A0E2LW09~K00712	99.8	519	1	0	1	519	1	519	0.0	1048
isolate_filteredΩNODE_6_length_211744_cov_100.420410_116	UniRef100_B3W952~K01951	100	517	0	0	1	517	1	517	0.0	1042
isolate_filteredΩNODE_2_length_515833_cov_101.187436_51	UniRef100_K0N8A9~K01119	99.8	517	1	0	1	517	1	517	0.0	1039
isolate_filteredΩNODE_1_length_651596_cov_106.573662_35	UniRef100_A0A0K1KW68~K01928	99.8	517	1	0	1	517	1	517	0.0	1013
careful_filteredΩNODE_6_length_211744_cov_108.667298_116	UniRef100_B3W952~K01951	100	517	0	0	1	517	1	517	0.0	1042
careful_filteredΩNODE_2_length_515833_cov_109.458385_51	UniRef100_K0N8A9~K01119	99.8	517	1	0	1	517	1	517	0.0	1039
careful_filteredΩNODE_1_length_651721_cov_115.299404_35	UniRef100_A0A0K1KW68~K01928	99.8	517	1	0	1	517	1	517	0.0	1013
isolate_filteredΩNODE_4_length_348303_cov_105.649211_300	UniRef100_A0A0K1MQK5~K11203&K11202	100	515	0	0	1	515	1	515	0.0	988
isolate_filteredΩNODE_1_length_651596_cov_106.573662_2	UniRef100_L0K7B3~K06158	36.5	502	314	3	1	498	1	501	1.36e-99	318
careful_filteredΩNODE_4_length_348303_cov_114.271516_300	UniRef100_A0A0K1MQK5~K11203&K11202	100	515	0	0	1	515	1	515	0.0	988
careful_filteredΩNODE_1_length_651721_cov_115.299404_2	UniRef100_L0K7B3~K06158	36.5	502	314	3	1	498	1	501	1.36e-99	318
isolate_filteredΩNODE_1_length_651596_cov_106.573662_275	UniRef100_K0NBB4~K02476	99.4	514	3	0	1	514	1	514	0.0	993
careful_filteredΩNODE_1_length_651721_cov_115.299404_275	UniRef100_K0NBB4~K02476	99.4	514	3	0	1	514	1	514	0.0	993
isolate_filteredΩNODE_2_length_515833_cov_101.187436_259	UniRef100_D2BKB8~K00712	51.9	514	236	3	1	511	1	506	6.71e-187	538
careful_filteredΩNODE_2_length_515833_cov_109.458385_259	UniRef100_D2BKB8~K00712	51.9	514	236	3	1	511	1	506	6.71e-187	538
isolate_filteredΩNODE_6_length_211744_cov_100.420410_166	UniRef100_K0N607~K01643	99.8	510	1	0	1	510	8	517	0.0	986
isolate_filteredΩNODE_3_length_404174_cov_100.322816_319	UniRef100_R4K7C9~K22133	35.7	482	295	6	27	499	29	504	1.70e-80	266
careful_filteredΩNODE_6_length_211744_cov_108.667298_166	UniRef100_K0N607~K01643	99.8	510	1	0	1	510	8	517	0.0	986
careful_filteredΩNODE_3_length_403891_cov_108.585722_65	UniRef100_R4K7C9~K22133	35.7	482	295	6	27	499	29	504	1.70e-80	266
isolate_filteredΩNODE_13_length_45945_cov_96.796285_38	UniRef100_B3WDL6~K02111	100	509	0	0	1	509	1	509	0.0	983
isolate_filteredΩNODE_3_length_404174_cov_100.322816_287	UniRef100_Q6SK89~K08100	40.6	453	234	8	33	463	43	482	7.12e-98	310
isolate_filteredΩNODE_1_length_651596_cov_106.573662_540	UniRef100_A0A1Y2KU82~K01524	100	509	0	0	1	509	1	509	0.0	984
careful_filteredΩNODE_13_length_45945_cov_104.682262_38	UniRef100_B3WDL6~K02111	100	509	0	0	1	509	1	509	0.0	983
careful_filteredΩNODE_3_length_403891_cov_108.585722_97	UniRef100_Q6SK89~K08100	40.6	453	234	8	33	463	43	482	7.12e-98	310
careful_filteredΩNODE_1_length_651721_cov_115.299404_540	UniRef100_A0A1Y2KU82~K01524	100	509	0	0	1	509	1	509	0.0	984
isolate_filteredΩNODE_10_length_64565_cov_110.910433_32	UniRef100_A0A1S2AF69~K00244	99.6	508	2	0	1	508	1	508	0.0	955
careful_filteredΩNODE_10_length_65045_cov_123.164358_36	UniRef100_A0A1S2AF69~K00244	99.6	508	2	0	1	508	1	508	0.0	955
isolate_filteredΩNODE_14_length_41384_cov_95.954245_17	UniRef100_K6RZM3~K00602	99.8	507	1	0	1	507	1	507	0.0	995
careful_filteredΩNODE_14_length_41384_cov_103.912799_17	UniRef100_K6RZM3~K00602	99.8	507	1	0	1	507	1	507	0.0	995
isolate_filteredΩNODE_11_length_60639_cov_98.791866_34	UniRef100_A0A1V0Q595~K03367	100	506	0	0	1	506	1	506	0.0	1015
isolate_filteredΩNODE_1_length_651596_cov_106.573662_409	UniRef100_A0A0R1F5T1~K03475	100	506	0	0	1	506	1	506	0.0	978
careful_filteredΩNODE_11_length_60639_cov_106.889304_34	UniRef100_A0A1V0Q595~K03367	100	506	0	0	1	506	1	506	0.0	1015
careful_filteredΩNODE_1_length_651721_cov_115.299404_409	UniRef100_A0A0R1F5T1~K03475	100	506	0	0	1	506	1	506	0.0	978
isolate_filteredΩNODE_4_length_348303_cov_105.649211_96	UniRef100_C2FDH0~K00864	100	505	0	0	1	505	1	505	0.0	1009
isolate_filteredΩNODE_3_length_404174_cov_100.322816_56	UniRef100_S2TRY5~K07192	99.8	505	1	0	1	505	1	505	1.03e-270	750
careful_filteredΩNODE_4_length_348303_cov_114.271516_96	UniRef100_C2FDH0~K00864	100	505	0	0	1	505	1	505	0.0	1009
careful_filteredΩNODE_3_length_403891_cov_108.585722_328	UniRef100_S2TRY5~K07192	99.8	505	1	0	1	505	1	505	1.03e-270	750
isolate_filteredΩNODE_3_length_404174_cov_100.322816_53	UniRef100_A0A1Y2KMN9~K01733	99.4	504	3	0	1	504	1	504	0.0	982
isolate_filteredΩNODE_1_length_651596_cov_106.573662_505	UniRef100_A0A0E2LY28~K00864	99.6	504	2	0	1	504	1	504	0.0	1007
careful_filteredΩNODE_3_length_403891_cov_108.585722_331	UniRef100_A0A1Y2KMN9~K01733	99.4	504	3	0	1	504	1	504	0.0	982
careful_filteredΩNODE_1_length_651721_cov_115.299404_505	UniRef100_A0A0E2LY28~K00864	99.6	504	2	0	1	504	1	504	0.0	1007
isolate_filteredΩNODE_5_length_328887_cov_99.193781_299	UniRef100_A0A0R1F927~K00712	99.2	503	4	0	1	503	1	503	0.0	983
careful_filteredΩNODE_5_length_328887_cov_107.364402_14	UniRef100_A0A0R1F927~K00712	99.2	503	4	0	1	503	1	503	0.0	983
isolate_filteredΩNODE_1_length_651596_cov_106.573662_593	UniRef100_A0A0K1MWY1~K05592	100	502	0	0	1	502	1	502	0.0	959
careful_filteredΩNODE_1_length_651721_cov_115.299404_593	UniRef100_A0A0K1MWY1~K05592	100	502	0	0	1	502	1	502	0.0	959
isolate_filteredΩNODE_10_length_64565_cov_110.910433_14	UniRef100_Q03CA4~K10441	100	500	0	0	1	500	1	500	0.0	976
careful_filteredΩNODE_10_length_65045_cov_123.164358_54	UniRef100_Q03CA4~K10441	100	500	0	0	1	500	1	500	0.0	976
isolate_filteredΩNODE_1_length_651596_cov_106.573662_617	UniRef100_A0A243PSV3~K04567	100	499	0	0	1	499	1	499	0.0	999
careful_filteredΩNODE_1_length_651721_cov_115.299404_617	UniRef100_A0A243PSV3~K04567	100	499	0	0	1	499	1	499	0.0	999
isolate_filteredΩNODE_5_length_328887_cov_99.193781_310	UniRef100_A0A143PDG2~K18935	31.0	407	268	8	7	409	5	402	1.32e-52	190
isolate_filteredΩNODE_3_length_404174_cov_100.322816_202	UniRef100_B3WA39~K09698	100	497	0	0	1	497	1	497	0.0	961
careful_filteredΩNODE_5_length_328887_cov_107.364402_3	UniRef100_A0A143PDG2~K18935	31.0	407	268	8	7	409	5	402	1.32e-52	190
careful_filteredΩNODE_3_length_403891_cov_108.585722_182	UniRef100_B3WA39~K09698	100	497	0	0	1	497	1	497	0.0	961
isolate_filteredΩNODE_1_length_651596_cov_106.573662_31	UniRef100_Q9KJV1~K06609	59.2	451	182	1	32	482	17	465	1.29e-176	510
careful_filteredΩNODE_1_length_651721_cov_115.299404_31	UniRef100_Q9KJV1~K06609	59.2	451	182	1	32	482	17	465	1.29e-176	510
isolate_filteredΩNODE_11_length_60639_cov_98.791866_50	UniRef100_A0A1S2AJI7~K00036	100	495	0	0	1	495	1	495	0.0	1003
isolate_filteredΩNODE_10_length_64565_cov_110.910433_55	UniRef100_B1I7R7~K01138	77.0	486	111	1	1	485	1	486	9.14e-289	795
isolate_filteredΩNODE_1_length_651596_cov_106.573662_41	UniRef100_A0A0K1KX62~K00088	100	495	0	0	1	495	1	495	0.0	948
careful_filteredΩNODE_11_length_60639_cov_106.889304_50	UniRef100_A0A1S2AJI7~K00036	100	495	0	0	1	495	1	495	0.0	1003
careful_filteredΩNODE_10_length_65045_cov_123.164358_13	UniRef100_B1I7R7~K01138	77.0	486	111	1	1	485	1	486	9.14e-289	795
careful_filteredΩNODE_1_length_651721_cov_115.299404_41	UniRef100_A0A0K1KX62~K00088	100	495	0	0	1	495	1	495	0.0	948
isolate_filteredΩNODE_6_length_211744_cov_100.420410_18	UniRef100_A0A1S2AXC5~K18929	100	494	0	0	1	494	1	494	0.0	995
isolate_filteredΩNODE_4_length_348303_cov_105.649211_275	UniRef100_K0N5K6~K14445	100	494	0	0	1	494	1	494	0.0	917
isolate_filteredΩNODE_1_length_651596_cov_106.573662_454	UniRef100_K6QE74~K02538	98.8	494	6	0	1	494	1	494	0.0	938
careful_filteredΩNODE_6_length_211744_cov_108.667298_18	UniRef100_A0A1S2AXC5~K18929	100	494	0	0	1	494	1	494	0.0	995
careful_filteredΩNODE_4_length_348303_cov_114.271516_275	UniRef100_K0N5K6~K14445	100	494	0	0	1	494	1	494	0.0	917
careful_filteredΩNODE_1_length_651721_cov_115.299404_454	UniRef100_K6QE74~K02538	98.8	494	6	0	1	494	1	494	0.0	938
isolate_filteredΩNODE_4_length_348303_cov_105.649211_130	UniRef100_A0A1S2ALM6~K19350	98.4	493	8	0	1	493	1	493	0.0	949
careful_filteredΩNODE_4_length_348303_cov_114.271516_130	UniRef100_A0A1S2ALM6~K19350	98.4	493	8	0	1	493	1	493	0.0	949
isolate_filteredΩNODE_5_length_328887_cov_99.193781_308	UniRef100_A0A2A5PSP1~K18934	42.6	493	275	3	1	489	1	489	3.94e-127	384
isolate_filteredΩNODE_3_length_404174_cov_100.322816_11	UniRef100_A0A0R1F479~K01193	99.8	492	1	0	1	492	1	492	0.0	1045
isolate_filteredΩNODE_1_length_651596_cov_106.573662_230	UniRef100_A0A1J3CAQ7~K00425	100	492	0	0	1	492	1	492	0.0	979
isolate_filteredΩNODE_1_length_651596_cov_106.573662_30	UniRef100_A5YBJ3~K00140	99.8	492	1	0	1	492	1	492	0.0	971
careful_filteredΩNODE_5_length_328887_cov_107.364402_5	UniRef100_A0A2A5PSP1~K18934	42.6	493	275	3	1	489	1	489	3.94e-127	384
careful_filteredΩNODE_3_length_403891_cov_108.585722_373	UniRef100_A0A0R1F479~K01193	99.8	492	1	0	1	492	1	492	0.0	1045
careful_filteredΩNODE_1_length_651721_cov_115.299404_230	UniRef100_A0A1J3CAQ7~K00425	100	492	0	0	1	492	1	492	0.0	979
careful_filteredΩNODE_1_length_651721_cov_115.299404_30	UniRef100_A5YBJ3~K00140	99.8	492	1	0	1	492	1	492	0.0	971
isolate_filteredΩNODE_4_length_348303_cov_105.649211_136	UniRef100_B5QT84~K03294	100	491	0	0	1	491	1	491	0.0	935
careful_filteredΩNODE_4_length_348303_cov_114.271516_136	UniRef100_B5QT84~K03294	100	491	0	0	1	491	1	491	0.0	935
isolate_filteredΩNODE_2_length_515833_cov_101.187436_152	UniRef100_A0A1J3C4A0~K06131	99.8	489	1	0	1	489	1	489	0.0	961
careful_filteredΩNODE_2_length_515833_cov_109.458385_152	UniRef100_A0A1J3C4A0~K06131	99.8	489	1	0	1	489	1	489	0.0	961
isolate_filteredΩNODE_13_length_45945_cov_96.796285_40	UniRef100_B3WDL8~K02112	100	488	0	0	1	488	1	488	0.0	893
isolate_filteredΩNODE_4_length_348303_cov_105.649211_302	UniRef100_K0N263~K00854	100	488	0	0	1	488	1	488	0.0	973
isolate_filteredΩNODE_3_length_404174_cov_100.322816_294	UniRef100_K0NCB9~K07248	99.6	488	2	0	1	488	1	488	0.0	952
isolate_filteredΩNODE_1_length_651596_cov_106.573662_290	UniRef100_A0A0E2LXU3~K02030&K02029	99.8	487	1	0	2	488	1	487	0.0	912
careful_filteredΩNODE_13_length_45945_cov_104.682262_40	UniRef100_B3WDL8~K02112	100	488	0	0	1	488	1	488	0.0	893
careful_filteredΩNODE_4_length_348303_cov_114.271516_302	UniRef100_K0N263~K00854	100	488	0	0	1	488	1	488	0.0	973
careful_filteredΩNODE_3_length_403891_cov_108.585722_90	UniRef100_K0NCB9~K07248	99.6	488	2	0	1	488	1	488	0.0	952
careful_filteredΩNODE_1_length_651721_cov_115.299404_290	UniRef100_A0A0E2LXU3~K02030&K02029	99.8	487	1	0	2	488	1	487	0.0	912
isolate_filteredΩNODE_12_length_50619_cov_101.722152_15	UniRef100_C2F9X0~K21471	96.0	497	10	2	1	487	1	497	2.19e-230	647
isolate_filteredΩNODE_9_length_65232_cov_99.822408_41	UniRef100_A0A1V0QA23~K00763	100	487	0	0	1	487	2	488	0.0	947
isolate_filteredΩNODE_3_length_404174_cov_100.322816_173	UniRef100_C2FBN4~K01426	99.2	487	4	0	1	487	2	488	0.0	932
careful_filteredΩNODE_12_length_50619_cov_109.954948_15	UniRef100_C2F9X0~K21471	96.0	497	10	2	1	487	1	497	2.19e-230	647
careful_filteredΩNODE_9_length_65232_cov_108.045645_23	UniRef100_A0A1V0QA23~K00763	100	487	0	0	1	487	2	488	0.0	947
careful_filteredΩNODE_3_length_403891_cov_108.585722_211	UniRef100_C2FBN4~K01426	99.2	487	4	0	1	487	2	488	0.0	932
isolate_filteredΩNODE_4_length_348303_cov_105.649211_92	UniRef100_C2FDH8~K00965	99.4	486	3	0	1	486	1	486	0.0	975
careful_filteredΩNODE_4_length_348303_cov_114.271516_92	UniRef100_C2FDH8~K00965	99.4	486	3	0	1	486	1	486	0.0	975
isolate_filteredΩNODE_4_length_348303_cov_105.649211_310	UniRef100_K0N5H8~K02538	99.8	485	1	0	1	485	1	485	0.0	932
isolate_filteredΩNODE_2_length_515833_cov_101.187436_37	UniRef100_A0A1J3C229~K02030&K02029	99.8	485	1	0	1	485	1	485	0.0	897
isolate_filteredΩNODE_1_length_651596_cov_106.573662_107	UniRef100_A0A1J3C2S0~K06901	100	485	0	0	1	485	1	485	0.0	880
careful_filteredΩNODE_4_length_348303_cov_114.271516_310	UniRef100_K0N5H8~K02538	99.8	485	1	0	1	485	1	485	0.0	932
careful_filteredΩNODE_2_length_515833_cov_109.458385_37	UniRef100_A0A1J3C229~K02030&K02029	99.8	485	1	0	1	485	1	485	0.0	897
careful_filteredΩNODE_1_length_651721_cov_115.299404_107	UniRef100_A0A1J3C2S0~K06901	100	485	0	0	1	485	1	485	0.0	880
isolate_filteredΩNODE_14_length_41384_cov_95.954245_14	UniRef100_A0A1Y2KNY9~K00764	99.4	484	3	0	1	484	1	484	0.0	952
isolate_filteredΩNODE_11_length_60639_cov_98.791866_29	UniRef100_F9VDQ5~K01776	50.5	483	220	5	1	481	1	466	1.41e-152	448
isolate_filteredΩNODE_6_length_211744_cov_100.420410_184	UniRef100_A0A0E2M1A2~K11733	100	484	0	0	1	484	1	484	0.0	921
isolate_filteredΩNODE_5_length_328887_cov_99.193781_132	UniRef100_B3WD57~K02433	99.8	484	1	0	1	484	1	484	0.0	929
isolate_filteredΩNODE_3_length_404174_cov_100.322816_121	UniRef100_A0A2A5PSP1~K18934	44.7	486	249	6	1	476	1	476	3.75e-128	387
careful_filteredΩNODE_14_length_41384_cov_103.912799_14	UniRef100_A0A1Y2KNY9~K00764	99.4	484	3	0	1	484	1	484	0.0	952
careful_filteredΩNODE_11_length_60639_cov_106.889304_29	UniRef100_F9VDQ5~K01776	50.5	483	220	5	1	481	1	466	1.41e-152	448
careful_filteredΩNODE_6_length_211744_cov_108.667298_184	UniRef100_A0A0E2M1A2~K11733	100	484	0	0	1	484	1	484	0.0	921
careful_filteredΩNODE_5_length_328887_cov_107.364402_181	UniRef100_B3WD57~K02433	99.8	484	1	0	1	484	1	484	0.0	929
careful_filteredΩNODE_3_length_403891_cov_108.585722_263	UniRef100_A0A2A5PSP1~K18934	44.7	486	249	6	1	476	1	476	3.75e-128	387
isolate_filteredΩNODE_4_length_348303_cov_105.649211_86	UniRef100_A0A0E2LXN3~K20114	100	483	0	0	1	483	1	483	0.0	931
careful_filteredΩNODE_4_length_348303_cov_114.271516_86	UniRef100_A0A0E2LXN3~K20114	100	483	0	0	1	483	1	483	0.0	931
isolate_filteredΩNODE_5_length_328887_cov_99.193781_78	UniRef100_A0A0R1F171~K01223	99.0	482	5	0	1	482	25	506	0.0	984
isolate_filteredΩNODE_3_length_404174_cov_100.322816_83	UniRef100_K0NA67~K01223	99.0	482	5	0	1	482	1	482	0.0	1005
isolate_filteredΩNODE_1_length_651596_cov_106.573662_328	UniRef100_A0A1J3C077~K02030&K02029	100	482	0	0	1	482	1	482	0.0	892
isolate_filteredΩNODE_1_length_651596_cov_106.573662_86	UniRef100_E1TEN3~K08169	30.5	430	287	6	14	438	9	431	3.40e-35	142
careful_filteredΩNODE_5_length_328887_cov_107.364402_235	UniRef100_A0A0R1F171~K01223	99.0	482	5	0	1	482	25	506	0.0	984
careful_filteredΩNODE_3_length_403891_cov_108.585722_301	UniRef100_K0NA67~K01223	99.0	482	5	0	1	482	1	482	0.0	1005
careful_filteredΩNODE_1_length_651721_cov_115.299404_328	UniRef100_A0A1J3C077~K02030&K02029	100	482	0	0	1	482	1	482	0.0	892
careful_filteredΩNODE_1_length_651721_cov_115.299404_86	UniRef100_E1TEN3~K08169	30.5	430	287	6	14	438	9	431	3.40e-35	142
isolate_filteredΩNODE_6_length_211744_cov_100.420410_59	UniRef100_B3W9A1~K00703	99.8	481	1	0	1	481	1	481	0.0	979
careful_filteredΩNODE_6_length_211744_cov_108.667298_59	UniRef100_B3W9A1~K00703	99.8	481	1	0	1	481	1	481	0.0	979
isolate_filteredΩNODE_1_length_651596_cov_106.573662_204	UniRef100_A0A0C9NYI3~K08659	100	480	0	0	1	480	3	482	0.0	993
careful_filteredΩNODE_1_length_651721_cov_115.299404_204	UniRef100_A0A0C9NYI3~K08659	100	480	0	0	1	480	3	482	0.0	993
isolate_filteredΩNODE_9_length_65232_cov_99.822408_48	UniRef100_A0A1V0QAM2~K03305	100	479	0	0	1	479	10	488	0.0	925
careful_filteredΩNODE_9_length_65232_cov_108.045645_16	UniRef100_A0A1V0QAM2~K03305	100	479	0	0	1	479	10	488	0.0	925
isolate_filteredΩNODE_9_length_65232_cov_99.822408_14	UniRef100_A0A1V0QA30~K01223	100	477	0	0	1	477	1	477	0.0	996
isolate_filteredΩNODE_7_length_113986_cov_95.550027_92	UniRef100_A0A173VPF1~K08169	32.2	466	283	7	14	471	8	448	1.59e-59	208
isolate_filteredΩNODE_7_length_113986_cov_95.550027_9	UniRef100_A0A1J3C721~K09014	100	478	0	0	1	478	1	478	0.0	961
isolate_filteredΩNODE_2_length_515833_cov_101.187436_377	UniRef100_K0NB27~K03106	99.8	478	1	0	1	478	2	479	3.39e-302	828
isolate_filteredΩNODE_1_length_651596_cov_106.573662_371	UniRef100_K0N8A4~K00763	99.2	478	4	0	1	478	8	485	0.0	924
careful_filteredΩNODE_9_length_65232_cov_108.045645_49	UniRef100_A0A1V0QA30~K01223	100	477	0	0	1	477	1	477	0.0	996
careful_filteredΩNODE_7_length_113509_cov_103.332278_92	UniRef100_A0A173VPF1~K08169	32.2	466	283	7	14	471	8	448	1.59e-59	208
careful_filteredΩNODE_7_length_113509_cov_103.332278_9	UniRef100_A0A1J3C721~K09014	100	478	0	0	1	478	1	478	0.0	961
careful_filteredΩNODE_2_length_515833_cov_109.458385_377	UniRef100_K0NB27~K03106	99.8	478	1	0	1	478	2	479	3.39e-302	828
careful_filteredΩNODE_1_length_651721_cov_115.299404_371	UniRef100_K0N8A4~K00763	99.2	478	4	0	1	478	8	485	0.0	924
isolate_filteredΩNODE_7_length_113986_cov_95.550027_73	UniRef100_A0A125U943~K06131	99.6	477	2	0	1	477	1	477	0.0	931
isolate_filteredΩNODE_1_length_651596_cov_106.573662_600	UniRef100_S2U3Z5~K00266	99.8	477	1	0	1	477	1	477	0.0	976
careful_filteredΩNODE_7_length_113509_cov_103.332278_73	UniRef100_A0A125U943~K06131	99.6	477	2	0	1	477	1	477	0.0	931
careful_filteredΩNODE_1_length_651721_cov_115.299404_600	UniRef100_S2U3Z5~K00266	99.8	477	1	0	1	477	1	477	0.0	976
isolate_filteredΩNODE_13_length_45945_cov_96.796285_18	UniRef100_A0A0K1KZ81~K08659	99.8	476	1	0	1	476	1	476	0.0	979
isolate_filteredΩNODE_6_length_211744_cov_100.420410_21	UniRef100_A0A0C7K9J4~K08169	30.1	409	273	4	15	420	21	419	8.18e-43	163
isolate_filteredΩNODE_5_length_328887_cov_99.193781_131	UniRef100_B3WD58~K02434	100	476	0	0	1	476	1	476	0.0	956
isolate_filteredΩNODE_4_length_348303_cov_105.649211_224	UniRef100_A0A086YZN5~K12941	66.5	475	159	0	1	475	1	475	6.37e-229	642
isolate_filteredΩNODE_4_length_348303_cov_105.649211_194	UniRef100_K0N223~K01223	100	476	0	0	1	476	1	476	0.0	998
isolate_filteredΩNODE_1_length_651596_cov_106.573662_497	UniRef100_C2F9E3~K01223	99.2	476	4	0	1	476	1	476	0.0	991
careful_filteredΩNODE_13_length_45945_cov_104.682262_18	UniRef100_A0A0K1KZ81~K08659	99.8	476	1	0	1	476	1	476	0.0	979
careful_filteredΩNODE_6_length_211744_cov_108.667298_21	UniRef100_A0A0C7K9J4~K08169	30.1	409	273	4	15	420	21	419	8.18e-43	163
careful_filteredΩNODE_5_length_328887_cov_107.364402_182	UniRef100_B3WD58~K02434	100	476	0	0	1	476	1	476	0.0	956
careful_filteredΩNODE_4_length_348303_cov_114.271516_224	UniRef100_A0A086YZN5~K12941	66.5	475	159	0	1	475	1	475	6.37e-229	642
careful_filteredΩNODE_4_length_348303_cov_114.271516_194	UniRef100_K0N223~K01223	100	476	0	0	1	476	1	476	0.0	998
careful_filteredΩNODE_1_length_651721_cov_115.299404_497	UniRef100_C2F9E3~K01223	99.2	476	4	0	1	476	1	476	0.0	991
isolate_filteredΩNODE_3_length_404174_cov_100.322816_79	UniRef100_A0A243PPG6~K08659	99.8	475	1	0	1	475	1	475	0.0	969
careful_filteredΩNODE_3_length_403891_cov_108.585722_305	UniRef100_A0A243PPG6~K08659	99.8	475	1	0	1	475	1	475	0.0	969
isolate_filteredΩNODE_6_length_211744_cov_100.420410_11	UniRef100_A0A1V0Q9H0~K02761	100	474	0	0	1	474	1	474	0.0	920
isolate_filteredΩNODE_3_length_404174_cov_100.322816_97	UniRef100_K6QUF2~K00425	100	474	0	0	1	474	1	474	0.0	967
careful_filteredΩNODE_6_length_211744_cov_108.667298_11	UniRef100_A0A1V0Q9H0~K02761	100	474	0	0	1	474	1	474	0.0	920
careful_filteredΩNODE_3_length_403891_cov_108.585722_287	UniRef100_K6QUF2~K00425	100	474	0	0	1	474	1	474	0.0	967
isolate_filteredΩNODE_1_length_651596_cov_106.573662_315	UniRef100_A0A0C6F7M0~K08169	32.3	461	282	8	10	465	21	456	3.16e-57	202
careful_filteredΩNODE_1_length_651721_cov_115.299404_315	UniRef100_A0A0C6F7M0~K08169	32.3	461	282	8	10	465	21	456	3.16e-57	202
isolate_filteredΩNODE_3_length_404174_cov_100.322816_81	UniRef100_A0A0R1EYR7~K18926	99.4	472	3	0	1	472	1	472	0.0	868
isolate_filteredΩNODE_2_length_515833_cov_101.187436_454	UniRef100_A0A0C9QXI2~K00033	100	472	0	0	1	472	3	474	0.0	927
careful_filteredΩNODE_3_length_403891_cov_108.585722_303	UniRef100_A0A0R1EYR7~K18926	99.4	472	3	0	1	472	1	472	0.0	868
careful_filteredΩNODE_2_length_515833_cov_109.458385_454	UniRef100_A0A0C9QXI2~K00033	100	472	0	0	1	472	3	474	0.0	927
isolate_filteredΩNODE_5_length_328887_cov_99.193781_124	UniRef100_R9VH93~K08169	32.7	397	262	4	19	412	12	406	1.72e-49	181
isolate_filteredΩNODE_2_length_515833_cov_101.187436_134	UniRef100_A0A0R1FH31~K00382	99.4	471	3	0	1	471	1	471	0.0	905
isolate_filteredΩNODE_1_length_651596_cov_106.573662_289	UniRef100_A0A1S2AX34~K02030&K02029	99.8	471	1	0	1	471	16	486	0.0	887
careful_filteredΩNODE_5_length_328887_cov_107.364402_189	UniRef100_R9VH93~K08169	32.7	397	262	4	19	412	12	406	1.72e-49	181
careful_filteredΩNODE_2_length_515833_cov_109.458385_134	UniRef100_A0A0R1FH31~K00382	99.4	471	3	0	1	471	1	471	0.0	905
careful_filteredΩNODE_1_length_651721_cov_115.299404_289	UniRef100_A0A1S2AX34~K02030&K02029	99.8	471	1	0	1	471	16	486	0.0	887
isolate_filteredΩNODE_14_length_41384_cov_95.954245_6	UniRef100_Q9KJV1~K06609	100	470	0	0	1	470	1	470	0.0	899
careful_filteredΩNODE_14_length_41384_cov_103.912799_6	UniRef100_Q9KJV1~K06609	100	470	0	0	1	470	1	470	0.0	899
isolate_filteredΩNODE_6_length_211744_cov_100.420410_147	UniRef100_A0A0R2I9M7~K18926	34.4	450	287	3	14	455	10	459	2.73e-72	241
isolate_filteredΩNODE_6_length_211744_cov_100.420410_112	UniRef100_K0N678~K08659	99.8	469	1	0	1	469	22	490	0.0	957
isolate_filteredΩNODE_2_length_515833_cov_101.187436_95	UniRef100_A0A1V0Q3Y0~K03667	100	469	0	0	1	469	1	469	0.0	888
isolate_filteredΩNODE_2_length_515833_cov_101.187436_67	UniRef100_A0A0R1F944~K03654	99.4	469	3	0	1	469	1	469	0.0	916
careful_filteredΩNODE_6_length_211744_cov_108.667298_147	UniRef100_A0A0R2I9M7~K18926	34.4	450	287	3	14	455	10	459	2.73e-72	241
careful_filteredΩNODE_6_length_211744_cov_108.667298_112	UniRef100_K0N678~K08659	99.8	469	1	0	1	469	22	490	0.0	957
careful_filteredΩNODE_2_length_515833_cov_109.458385_95	UniRef100_A0A1V0Q3Y0~K03667	100	469	0	0	1	469	1	469	0.0	888
careful_filteredΩNODE_2_length_515833_cov_109.458385_67	UniRef100_A0A0R1F944~K03654	99.4	469	3	0	1	469	1	469	0.0	916
isolate_filteredΩNODE_3_length_404174_cov_100.322816_198	UniRef100_B3WA35~K01883	99.8	468	1	0	1	468	1	468	0.0	938
careful_filteredΩNODE_3_length_403891_cov_108.585722_186	UniRef100_B3WA35~K01883	99.8	468	1	0	1	468	1	468	0.0	938
isolate_filteredΩNODE_11_length_60639_cov_98.791866_15	UniRef100_A0A094YUH5~K01270	62.2	468	175	2	1	467	1	467	1.02e-206	585
isolate_filteredΩNODE_6_length_211744_cov_100.420410_168	UniRef100_K0MWI8~K01571	100	467	0	0	1	467	34	500	0.0	918
isolate_filteredΩNODE_2_length_515833_cov_101.187436_11	UniRef100_A0A0R1EYA0~K00382	99.6	467	2	0	1	467	1	467	0.0	896
careful_filteredΩNODE_11_length_60639_cov_106.889304_15	UniRef100_A0A094YUH5~K01270	62.2	468	175	2	1	467	1	467	1.02e-206	585
careful_filteredΩNODE_6_length_211744_cov_108.667298_168	UniRef100_K0MWI8~K01571	100	467	0	0	1	467	34	500	0.0	918
careful_filteredΩNODE_2_length_515833_cov_109.458385_11	UniRef100_A0A0R1EYA0~K00382	99.6	467	2	0	1	467	1	467	0.0	896
isolate_filteredΩNODE_6_length_211744_cov_100.420410_80	UniRef100_A0A090BUW9~K03606	33.0	442	264	12	22	436	33	469	6.63e-45	169
careful_filteredΩNODE_6_length_211744_cov_108.667298_80	UniRef100_A0A090BUW9~K03606	33.0	442	264	12	22	436	33	469	6.63e-45	169
isolate_filteredΩNODE_10_length_64565_cov_110.910433_60	UniRef100_K0N5H4~K03326	98.9	468	1	1	1	464	1	468	4.55e-296	811
isolate_filteredΩNODE_3_length_404174_cov_100.322816_199	UniRef100_K0MXF3~K00104	99.4	464	3	0	1	464	14	477	0.0	905
isolate_filteredΩNODE_2_length_515833_cov_101.187436_365	UniRef100_A0A0R1F8W8~K03294	99.6	464	2	0	1	464	1	464	5.56e-296	811
isolate_filteredΩNODE_2_length_515833_cov_101.187436_279	UniRef100_Q74II6~K06147	31.7	464	317	0	1	464	70	533	3.13e-83	272
isolate_filteredΩNODE_1_length_651596_cov_106.573662_280	UniRef100_K0NBB0~K01744	99.6	464	2	0	1	464	10	473	0.0	882
careful_filteredΩNODE_10_length_65045_cov_123.164358_8	UniRef100_K0N5H4~K03326	98.9	468	1	1	1	464	1	468	4.55e-296	811
careful_filteredΩNODE_3_length_403891_cov_108.585722_185	UniRef100_K0MXF3~K00104	99.4	464	3	0	1	464	14	477	0.0	905
careful_filteredΩNODE_2_length_515833_cov_109.458385_365	UniRef100_A0A0R1F8W8~K03294	99.6	464	2	0	1	464	1	464	5.56e-296	811
careful_filteredΩNODE_2_length_515833_cov_109.458385_279	UniRef100_Q74II6~K06147	31.7	464	317	0	1	464	70	533	3.13e-83	272
careful_filteredΩNODE_1_length_651721_cov_115.299404_280	UniRef100_K0NBB0~K01744	99.6	464	2	0	1	464	10	473	0.0	882
isolate_filteredΩNODE_3_length_404174_cov_100.322816_120	UniRef100_Q1CRD2~K00088	31.6	421	278	7	1	420	9	420	8.15e-54	192
careful_filteredΩNODE_3_length_403891_cov_108.585722_264	UniRef100_Q1CRD2~K00088	31.6	421	278	7	1	420	9	420	8.15e-54	192
isolate_filteredΩNODE_5_length_328887_cov_99.193781_157	UniRef100_C2FGR8~K03293	99.8	462	1	0	1	462	3	464	0.0	884
isolate_filteredΩNODE_4_length_348303_cov_105.649211_159	UniRef100_S2TZ29~K03311	100	462	0	0	1	462	1	462	0.0	889
isolate_filteredΩNODE_1_length_651596_cov_106.573662_592	UniRef100_K0NCU5~K01929	100	462	0	0	1	462	7	468	0.0	904
isolate_filteredΩNODE_1_length_651596_cov_106.573662_573	UniRef100_K0MY10~K04042	99.6	462	2	0	1	462	3	464	3.79e-298	816
isolate_filteredΩNODE_1_length_651596_cov_106.573662_247	UniRef100_Q033L0~K03650	99.8	462	1	0	1	462	1	462	0.0	877
isolate_filteredΩNODE_1_length_651596_cov_106.573662_141	UniRef100_A0A0K1KVV2~K02314	100	462	0	0	1	462	1	462	1.38e-316	863
careful_filteredΩNODE_5_length_328887_cov_107.364402_156	UniRef100_C2FGR8~K03293	99.8	462	1	0	1	462	3	464	0.0	884
careful_filteredΩNODE_4_length_348303_cov_114.271516_159	UniRef100_S2TZ29~K03311	100	462	0	0	1	462	1	462	0.0	889
careful_filteredΩNODE_1_length_651721_cov_115.299404_592	UniRef100_K0NCU5~K01929	100	462	0	0	1	462	7	468	0.0	904
careful_filteredΩNODE_1_length_651721_cov_115.299404_573	UniRef100_K0MY10~K04042	99.6	462	2	0	1	462	3	464	3.79e-298	816
careful_filteredΩNODE_1_length_651721_cov_115.299404_247	UniRef100_Q033L0~K03650	99.8	462	1	0	1	462	1	462	0.0	877
careful_filteredΩNODE_1_length_651721_cov_115.299404_141	UniRef100_A0A0K1KVV2~K02314	100	462	0	0	1	462	1	462	1.38e-316	863
isolate_filteredΩNODE_2_length_515833_cov_101.187436_86	UniRef100_Q039E9~K03797	99.1	461	4	0	1	461	1	461	1.27e-311	850
isolate_filteredΩNODE_1_length_651596_cov_106.573662_474	UniRef100_K6PHU7~K01232	98.7	461	6	0	1	461	1	461	0.0	932
careful_filteredΩNODE_2_length_515833_cov_109.458385_86	UniRef100_Q039E9~K03797	99.1	461	4	0	1	461	1	461	1.27e-311	850
careful_filteredΩNODE_1_length_651721_cov_115.299404_474	UniRef100_K6PHU7~K01232	98.7	461	6	0	1	461	1	461	0.0	932
isolate_filteredΩNODE_16_length_18578_cov_345.945571_3	UniRef100_A0A1X8VAQ7~K00986	65.4	460	157	2	1	459	1	459	2.05e-212	599
isolate_filteredΩNODE_10_length_64565_cov_110.910433_20	UniRef100_A0A250B6Y9~K08169	30.2	397	263	4	19	406	28	419	3.47e-34	139
isolate_filteredΩNODE_1_length_651596_cov_106.573662_326	UniRef100_Q033U6~K01755	100	460	0	0	1	460	1	460	0.0	909
careful_filteredΩNODE_16_length_18578_cov_372.460353_11	UniRef100_A0A1X8VAQ7~K00986	65.4	460	157	2	1	459	1	459	2.05e-212	599
careful_filteredΩNODE_10_length_65045_cov_123.164358_48	UniRef100_A0A250B6Y9~K08169	30.2	397	263	4	19	406	28	419	3.47e-34	139
careful_filteredΩNODE_1_length_651721_cov_115.299404_326	UniRef100_Q033U6~K01755	100	460	0	0	1	460	1	460	0.0	909
isolate_filteredΩNODE_7_length_113986_cov_95.550027_80	UniRef100_Q039R8~K01925	100	459	0	0	1	459	1	459	0.0	914
isolate_filteredΩNODE_3_length_404174_cov_100.322816_257	UniRef100_A0A0R1F6H2~K20345	99.3	459	3	0	1	459	7	465	3.74e-309	844
isolate_filteredΩNODE_1_length_651596_cov_106.573662_151	UniRef100_A0A1S2B3T1~K00928	99.8	459	1	0	1	459	1	459	0.0	894
isolate_filteredΩNODE_1_length_651596_cov_106.573662_10	UniRef100_K0N1J5~K03311	99.8	459	1	0	1	459	3	461	0.0	872
careful_filteredΩNODE_7_length_113509_cov_103.332278_80	UniRef100_Q039R8~K01925	100	459	0	0	1	459	1	459	0.0	914
careful_filteredΩNODE_3_length_403891_cov_108.585722_127	UniRef100_A0A0R1F6H2~K20345	99.3	459	3	0	1	459	7	465	3.74e-309	844
careful_filteredΩNODE_1_length_651721_cov_115.299404_151	UniRef100_A0A1S2B3T1~K00928	99.8	459	1	0	1	459	1	459	0.0	894
careful_filteredΩNODE_1_length_651721_cov_115.299404_10	UniRef100_K0N1J5~K03311	99.8	459	1	0	1	459	3	461	0.0	872
isolate_filteredΩNODE_11_length_60639_cov_98.791866_9	UniRef100_Q1G962~K01081	48.7	458	230	2	1	458	1	453	5.20e-155	454
isolate_filteredΩNODE_3_length_404174_cov_100.322816_280	UniRef100_S4ZWN0~K01679	99.8	458	1	0	1	458	1	458	0.0	879
isolate_filteredΩNODE_1_length_651596_cov_106.573662_375	UniRef100_A0A1V0Q7T7~K05813	100	458	0	0	1	458	1	458	0.0	898
isolate_filteredΩNODE_1_length_651596_cov_106.573662_206	UniRef100_B3W6P3~K03322	100	458	0	0	1	458	1	458	1.67e-310	847
careful_filteredΩNODE_11_length_60639_cov_106.889304_9	UniRef100_Q1G962~K01081	48.7	458	230	2	1	458	1	453	5.20e-155	454
careful_filteredΩNODE_3_length_403891_cov_108.585722_104	UniRef100_S4ZWN0~K01679	99.8	458	1	0	1	458	1	458	0.0	879
careful_filteredΩNODE_1_length_651721_cov_115.299404_375	UniRef100_A0A1V0Q7T7~K05813	100	458	0	0	1	458	1	458	0.0	898
careful_filteredΩNODE_1_length_651721_cov_115.299404_206	UniRef100_B3W6P3~K03322	100	458	0	0	1	458	1	458	1.67e-310	847
isolate_filteredΩNODE_3_length_404174_cov_100.322816_286	UniRef100_A0A1Z3LEY9~K18926	34.2	441	283	4	13	446	29	469	2.17e-61	213
isolate_filteredΩNODE_3_length_404174_cov_100.322816_169	UniRef100_A0A0C9QBI3~K00135	100	457	0	0	1	457	8	464	0.0	902
isolate_filteredΩNODE_1_length_651596_cov_106.573662_183	UniRef100_A0A0R2I9M7~K18926	33.0	466	291	6	3	453	5	464	1.10e-66	226
careful_filteredΩNODE_3_length_403891_cov_108.585722_215	UniRef100_A0A0C9QBI3~K00135	100	457	0	0	1	457	8	464	0.0	902
careful_filteredΩNODE_3_length_403891_cov_108.585722_98	UniRef100_A0A1Z3LEY9~K18926	34.2	441	283	4	13	446	29	469	2.17e-61	213
careful_filteredΩNODE_1_length_651721_cov_115.299404_183	UniRef100_A0A0R2I9M7~K18926	33.0	466	291	6	3	453	5	464	1.10e-66	226
isolate_filteredΩNODE_4_length_348303_cov_105.649211_239	UniRef100_A0A0K1KWG6~K05910	100	456	0	0	1	456	1	456	0.0	905
careful_filteredΩNODE_4_length_348303_cov_114.271516_239	UniRef100_A0A0K1KWG6~K05910	100	456	0	0	1	456	1	456	0.0	905
isolate_filteredΩNODE_9_length_65232_cov_99.822408_11	UniRef100_Q1WV03~K00557	53.4	453	208	2	3	454	8	458	7.01e-168	486
careful_filteredΩNODE_9_length_65232_cov_108.045645_52	UniRef100_Q1WV03~K00557	53.4	453	208	2	3	454	8	458	7.01e-168	486
isolate_filteredΩNODE_12_length_50619_cov_101.722152_18	UniRef100_K0N1N9~K17869	98.7	454	6	0	1	454	1	454	0.0	892
isolate_filteredΩNODE_9_length_65232_cov_99.822408_15	UniRef100_C2FEN5~K02761	100	454	0	0	1	454	15	468	0.0	890
isolate_filteredΩNODE_5_length_328887_cov_99.193781_172	UniRef100_B3WD16~K03431	100	454	0	0	1	454	1	454	0.0	880
isolate_filteredΩNODE_5_length_328887_cov_99.193781_129	UniRef100_A0A0E2C3N8~K03215	99.8	454	1	0	1	454	1	454	0.0	894
isolate_filteredΩNODE_3_length_404174_cov_100.322816_214	UniRef100_S4ZQL0~K04485	99.8	454	1	0	1	454	1	454	0.0	880
isolate_filteredΩNODE_3_length_404174_cov_100.322816_16	UniRef100_A0A0E2LZV8~K01961	99.8	454	1	0	1	454	1	454	0.0	892
careful_filteredΩNODE_12_length_50619_cov_109.954948_18	UniRef100_K0N1N9~K17869	98.7	454	6	0	1	454	1	454	0.0	892
careful_filteredΩNODE_9_length_65232_cov_108.045645_48	UniRef100_C2FEN5~K02761	100	454	0	0	1	454	15	468	0.0	890
careful_filteredΩNODE_5_length_328887_cov_107.364402_184	UniRef100_A0A0E2C3N8~K03215	99.8	454	1	0	1	454	1	454	0.0	894
careful_filteredΩNODE_5_length_328887_cov_107.364402_141	UniRef100_B3WD16~K03431	100	454	0	0	1	454	1	454	0.0	880
careful_filteredΩNODE_3_length_403891_cov_108.585722_368	UniRef100_A0A0E2LZV8~K01961	99.8	454	1	0	1	454	1	454	0.0	892
careful_filteredΩNODE_3_length_403891_cov_108.585722_170	UniRef100_S4ZQL0~K04485	99.8	454	1	0	1	454	1	454	0.0	880
isolate_filteredΩNODE_2_length_515833_cov_101.187436_480	UniRef100_A0A0E2LUG1~K03346	95.7	446	19	0	1	446	1	446	1.11e-302	827
isolate_filteredΩNODE_1_length_651596_cov_106.573662_72	UniRef100_K0N1N9~K17869	44.5	447	245	2	3	448	1	445	1.48e-129	388
careful_filteredΩNODE_2_length_515833_cov_109.458385_480	UniRef100_A0A0E2LUG1~K03346	95.7	446	19	0	1	446	1	446	1.11e-302	827
careful_filteredΩNODE_1_length_651721_cov_115.299404_72	UniRef100_K0N1N9~K17869	44.5	447	245	2	3	448	1	445	1.48e-129	388
isolate_filteredΩNODE_5_length_328887_cov_99.193781_206	UniRef100_A0A1Y2KS89~K15771	99.8	452	1	0	1	452	1	452	5.65e-317	863
isolate_filteredΩNODE_1_length_651596_cov_106.573662_323	UniRef100_A0A1V0Q7G9~K02761	100	452	0	0	1	452	1	452	7.85e-306	835
careful_filteredΩNODE_5_length_328887_cov_107.364402_107	UniRef100_A0A1Y2KS89~K15771	99.8	452	1	0	1	452	1	452	5.65e-317	863
careful_filteredΩNODE_1_length_651721_cov_115.299404_323	UniRef100_A0A1V0Q7G9~K02761	100	452	0	0	1	452	1	452	7.85e-306	835
isolate_filteredΩNODE_4_length_348303_cov_105.649211_127	UniRef100_A0A0K1KX82~K03293	100	451	0	0	1	451	10	460	0.0	867
careful_filteredΩNODE_4_length_348303_cov_114.271516_127	UniRef100_A0A0K1KX82~K03293	100	451	0	0	1	451	10	460	0.0	867
isolate_filteredΩNODE_13_length_45945_cov_96.796285_27	UniRef100_A0A0C9QA48~K01928	100	450	0	0	1	450	1	450	0.0	903
isolate_filteredΩNODE_6_length_211744_cov_100.420410_104	UniRef100_I1ZN40~K03322	49.4	443	217	2	13	450	30	470	3.67e-139	413
isolate_filteredΩNODE_1_length_651596_cov_106.573662_580	UniRef100_A0A1S2B461~K06885	100	450	0	0	1	450	1	450	0.0	922
isolate_filteredΩNODE_1_length_651596_cov_106.573662_18	UniRef100_A0A1J3C2G7~K03299	100	410	0	0	41	450	41	450	4.42e-272	749
careful_filteredΩNODE_13_length_45945_cov_104.682262_27	UniRef100_A0A0C9QA48~K01928	100	450	0	0	1	450	1	450	0.0	903
careful_filteredΩNODE_6_length_211744_cov_108.667298_104	UniRef100_I1ZN40~K03322	49.4	443	217	2	13	450	30	470	3.67e-139	413
careful_filteredΩNODE_1_length_651721_cov_115.299404_580	UniRef100_A0A1S2B461~K06885	100	450	0	0	1	450	1	450	0.0	922
careful_filteredΩNODE_1_length_651721_cov_115.299404_18	UniRef100_A0A1J3C2G7~K03299	100	410	0	0	41	450	41	450	4.42e-272	749
isolate_filteredΩNODE_6_length_211744_cov_100.420410_158	UniRef100_A0A0K1L089~K03300	100	449	0	0	1	449	1	449	7.91e-309	842
isolate_filteredΩNODE_2_length_515833_cov_101.187436_413	UniRef100_B3WEY3~K03601	100	449	0	0	1	449	1	449	4.09e-295	807
isolate_filteredΩNODE_1_length_651596_cov_106.573662_242	UniRef100_A0A0K1KWB4~K02313	100	449	0	0	1	449	1	449	0.0	877
careful_filteredΩNODE_6_length_211744_cov_108.667298_158	UniRef100_A0A0K1L089~K03300	100	449	0	0	1	449	1	449	7.91e-309	842
careful_filteredΩNODE_2_length_515833_cov_109.458385_413	UniRef100_B3WEY3~K03601	100	449	0	0	1	449	1	449	4.09e-295	807
careful_filteredΩNODE_1_length_651721_cov_115.299404_242	UniRef100_A0A0K1KWB4~K02313	100	449	0	0	1	449	1	449	0.0	877
isolate_filteredΩNODE_11_length_60639_cov_98.791866_46	UniRef100_K0N356~K18692	99.8	448	1	0	1	448	1	448	0.0	865
isolate_filteredΩNODE_9_length_65232_cov_99.822408_3	UniRef100_K0MWD6~K03699	99.8	448	1	0	1	448	27	474	3.04e-312	852
isolate_filteredΩNODE_7_length_113986_cov_95.550027_83	UniRef100_C2FG16~K03590	100	448	0	0	1	448	21	468	2.31e-310	847
isolate_filteredΩNODE_3_length_404174_cov_100.322816_219	UniRef100_A0A1J3CAD3~K01372	99.8	448	1	0	1	448	1	448	0.0	898
isolate_filteredΩNODE_3_length_404174_cov_100.322816_55	UniRef100_C2FC13~K00928	99.8	448	1	0	1	448	1	448	0.0	872
isolate_filteredΩNODE_1_length_651596_cov_106.573662_152	UniRef100_K6QWD6~K01586	99.6	448	2	0	1	448	1	448	0.0	887
isolate_filteredΩNODE_1_length_651596_cov_106.573662_93	UniRef100_A0A1V0Q6R8~K07478	100	448	0	0	1	448	1	448	0.0	875
careful_filteredΩNODE_11_length_60639_cov_106.889304_46	UniRef100_K0N356~K18692	99.8	448	1	0	1	448	1	448	0.0	865
careful_filteredΩNODE_9_length_65232_cov_108.045645_60	UniRef100_K0MWD6~K03699	99.8	448	1	0	1	448	27	474	3.04e-312	852
careful_filteredΩNODE_7_length_113509_cov_103.332278_83	UniRef100_C2FG16~K03590	100	448	0	0	1	448	21	468	2.31e-310	847
careful_filteredΩNODE_3_length_403891_cov_108.585722_329	UniRef100_C2FC13~K00928	99.8	448	1	0	1	448	1	448	0.0	872
careful_filteredΩNODE_3_length_403891_cov_108.585722_165	UniRef100_A0A1J3CAD3~K01372	99.8	448	1	0	1	448	1	448	0.0	898
careful_filteredΩNODE_1_length_651721_cov_115.299404_152	UniRef100_K6QWD6~K01586	99.6	448	2	0	1	448	1	448	0.0	887
careful_filteredΩNODE_1_length_651721_cov_115.299404_93	UniRef100_A0A1V0Q6R8~K07478	100	448	0	0	1	448	1	448	0.0	875
isolate_filteredΩNODE_10_length_64565_cov_110.910433_3	UniRef100_A0A1S2AVI2~K16787&K16786	98.9	447	5	0	1	447	1	447	1.22e-311	849
isolate_filteredΩNODE_5_length_328887_cov_99.193781_292	UniRef100_A0A0E2LW15~K09157	100	447	0	0	1	447	15	461	3.60e-312	851
isolate_filteredΩNODE_4_length_348303_cov_105.649211_202	UniRef100_A0A243Q1D7~K01915	100	447	0	0	1	447	1	447	0.0	885
isolate_filteredΩNODE_1_length_651596_cov_106.573662_341	UniRef100_Q03Z26~K01439	40.5	422	241	6	26	442	29	445	1.84e-101	315
careful_filteredΩNODE_10_length_65045_cov_123.164358_65	UniRef100_A0A1S2AVI2~K16787&K16786	98.9	447	5	0	1	447	1	447	1.22e-311	849
careful_filteredΩNODE_5_length_328887_cov_107.364402_21	UniRef100_A0A0E2LW15~K09157	100	447	0	0	1	447	15	461	3.60e-312	851
careful_filteredΩNODE_4_length_348303_cov_114.271516_202	UniRef100_A0A243Q1D7~K01915	100	447	0	0	1	447	1	447	0.0	885
careful_filteredΩNODE_1_length_651721_cov_115.299404_341	UniRef100_Q03Z26~K01439	40.5	422	241	6	26	442	29	445	1.84e-101	315
isolate_filteredΩNODE_11_length_60639_cov_98.791866_14	UniRef100_A0A0K1KXF6~K01126	99.6	446	2	0	1	446	1	446	0.0	885
isolate_filteredΩNODE_5_length_328887_cov_99.193781_57	UniRef100_B3WDC0~K01810	100	446	0	0	1	446	1	446	0.0	887
isolate_filteredΩNODE_4_length_348303_cov_105.649211_134	UniRef100_S4ZLJ3~K00262	99.8	446	1	0	1	446	1	446	0.0	870
isolate_filteredΩNODE_2_length_515833_cov_101.187436_426	UniRef100_A0A0K1MVR1~K01915	100	446	0	0	1	446	1	446	0.0	903
isolate_filteredΩNODE_2_length_515833_cov_101.187436_399	UniRef100_C2FF43~K03500	99.6	446	2	0	1	446	1	446	0.0	880
isolate_filteredΩNODE_1_length_651596_cov_106.573662_393	UniRef100_A0A0A7FXY8~K01439	40.7	437	243	7	11	436	25	456	1.09e-108	334
careful_filteredΩNODE_11_length_60639_cov_106.889304_14	UniRef100_A0A0K1KXF6~K01126	99.6	446	2	0	1	446	1	446	0.0	885
careful_filteredΩNODE_5_length_328887_cov_107.364402_256	UniRef100_B3WDC0~K01810	100	446	0	0	1	446	1	446	0.0	887
careful_filteredΩNODE_4_length_348303_cov_114.271516_134	UniRef100_S4ZLJ3~K00262	99.8	446	1	0	1	446	1	446	0.0	870
careful_filteredΩNODE_2_length_515833_cov_109.458385_426	UniRef100_A0A0K1MVR1~K01915	100	446	0	0	1	446	1	446	0.0	903
careful_filteredΩNODE_2_length_515833_cov_109.458385_399	UniRef100_C2FF43~K03500	99.6	446	2	0	1	446	1	446	0.0	880
careful_filteredΩNODE_1_length_651721_cov_115.299404_393	UniRef100_A0A0A7FXY8~K01439	40.7	437	243	7	11	436	25	456	1.09e-108	334
isolate_filteredΩNODE_2_length_515833_cov_101.187436_32	UniRef100_B3WE40~K03545	99.8	445	1	0	1	445	1	445	8.36e-286	783
isolate_filteredΩNODE_1_length_651596_cov_106.573662_457	UniRef100_A0A1S2AF20~K02775	100	445	0	0	1	445	1	445	4.35e-304	830
careful_filteredΩNODE_2_length_515833_cov_109.458385_32	UniRef100_B3WE40~K03545	99.8	445	1	0	1	445	1	445	8.36e-286	783
careful_filteredΩNODE_1_length_651721_cov_115.299404_457	UniRef100_A0A1S2AF20~K02775	100	445	0	0	1	445	1	445	4.35e-304	830
isolate_filteredΩNODE_3_length_404174_cov_100.322816_80	UniRef100_C2FBY1~K00383	99.5	443	2	0	1	443	1	443	0.0	886
isolate_filteredΩNODE_2_length_515833_cov_101.187436_180	UniRef100_E3DHQ5~K11392	32.7	474	275	14	1	441	1	463	9.63e-60	208
careful_filteredΩNODE_3_length_403891_cov_108.585722_304	UniRef100_C2FBY1~K00383	99.5	443	2	0	1	443	1	443	0.0	886
careful_filteredΩNODE_2_length_515833_cov_109.458385_180	UniRef100_E3DHQ5~K11392	32.7	474	275	14	1	441	1	463	9.63e-60	208
isolate_filteredΩNODE_5_length_328887_cov_99.193781_65	UniRef100_A0A1J3CCC2~K16169	99.5	442	2	0	1	442	1	442	2.43e-304	830
isolate_filteredΩNODE_1_length_651596_cov_106.573662_335	UniRef100_A0A1J3C0T7~K04771	100	442	0	0	1	442	1	442	1.73e-281	772
careful_filteredΩNODE_5_length_328887_cov_107.364402_248	UniRef100_A0A1J3CCC2~K16169	99.5	442	2	0	1	442	1	442	2.43e-304	830
careful_filteredΩNODE_1_length_651721_cov_115.299404_335	UniRef100_A0A1J3C0T7~K04771	100	442	0	0	1	442	1	442	1.73e-281	772
isolate_filteredΩNODE_12_length_50619_cov_101.722152_37	UniRef100_A0A1S2AUC7~K02761	99.3	441	3	0	1	441	1	441	0.0	876
isolate_filteredΩNODE_3_length_404174_cov_100.322816_350	UniRef100_A0A1J3C0I4~K03076	100	441	0	0	1	441	1	441	5.52e-305	832
isolate_filteredΩNODE_2_length_515833_cov_101.187436_131	UniRef100_A0A0R1FG27~K09699	97.7	441	10	0	1	441	7	447	9.37e-287	786
isolate_filteredΩNODE_1_length_651596_cov_106.573662_532	UniRef100_C2F9J2~K00383	99.5	441	2	0	1	441	4	444	0.0	875
isolate_filteredΩNODE_1_length_651596_cov_106.573662_493	UniRef100_F9VDK9~K02761	78.7	437	93	0	5	441	1	437	1.12e-249	692
isolate_filteredΩNODE_1_length_651596_cov_106.573662_276	UniRef100_A0A109G5T1~K11616	56.7	434	182	2	10	441	19	448	1.66e-157	458
careful_filteredΩNODE_12_length_50619_cov_109.954948_37	UniRef100_A0A1S2AUC7~K02761	99.3	441	3	0	1	441	1	441	0.0	876
careful_filteredΩNODE_3_length_403891_cov_108.585722_34	UniRef100_A0A1J3C0I4~K03076	100	441	0	0	1	441	1	441	5.52e-305	832
careful_filteredΩNODE_2_length_515833_cov_109.458385_131	UniRef100_A0A0R1FG27~K09699	97.7	441	10	0	1	441	7	447	9.37e-287	786
careful_filteredΩNODE_1_length_651721_cov_115.299404_532	UniRef100_C2F9J2~K00383	99.5	441	2	0	1	441	4	444	0.0	875
careful_filteredΩNODE_1_length_651721_cov_115.299404_493	UniRef100_F9VDK9~K02761	78.7	437	93	0	5	441	1	437	1.12e-249	692
careful_filteredΩNODE_1_length_651721_cov_115.299404_276	UniRef100_A0A109G5T1~K11616	56.7	434	182	2	10	441	19	448	1.66e-157	458
isolate_filteredΩNODE_2_length_515833_cov_101.187436_243	UniRef100_A0A0E2LZB7~K01448	99.8	440	1	0	1	440	1	440	7.07e-312	849
careful_filteredΩNODE_2_length_515833_cov_109.458385_243	UniRef100_A0A0E2LZB7~K01448	99.8	440	1	0	1	440	1	440	7.07e-312	849
isolate_filteredΩNODE_3_length_404174_cov_100.322816_218	UniRef100_A0A1J3C7M8~K01372	99.5	439	2	0	1	439	1	439	0.0	881
isolate_filteredΩNODE_2_length_515833_cov_101.187436_92	UniRef100_K0N8H5~K04094	99.3	439	3	0	1	439	1	439	4.94e-316	859
isolate_filteredΩNODE_2_length_515833_cov_101.187436_70	UniRef100_A0A1Y2KT21~K02945	100	439	0	0	1	439	1	439	6.42e-303	826
careful_filteredΩNODE_3_length_403891_cov_108.585722_166	UniRef100_A0A1J3C7M8~K01372	99.5	439	2	0	1	439	1	439	0.0	881
careful_filteredΩNODE_2_length_515833_cov_109.458385_92	UniRef100_K0N8H5~K04094	99.3	439	3	0	1	439	1	439	4.94e-316	859
careful_filteredΩNODE_2_length_515833_cov_109.458385_70	UniRef100_A0A1Y2KT21~K02945	100	439	0	0	1	439	1	439	6.42e-303	826
isolate_filteredΩNODE_12_length_50619_cov_101.722152_10	UniRef100_C2F9W5~K02761	99.3	438	3	0	1	438	4	441	2.08e-306	835
isolate_filteredΩNODE_4_length_348303_cov_105.649211_116	UniRef100_K0N2U6~K03320	100	438	0	0	1	438	22	459	2.95e-315	858
careful_filteredΩNODE_12_length_50619_cov_109.954948_10	UniRef100_C2F9W5~K02761	99.3	438	3	0	1	438	4	441	2.08e-306	835
careful_filteredΩNODE_4_length_348303_cov_114.271516_116	UniRef100_K0N2U6~K03320	100	438	0	0	1	438	22	459	2.95e-315	858
isolate_filteredΩNODE_5_length_328887_cov_99.193781_201	UniRef100_A0A1S2ASH7~K02027	100	437	0	0	1	437	1	437	2.66e-310	845
isolate_filteredΩNODE_1_length_651596_cov_106.573662_70	UniRef100_C2FE26~K06872	100	411	0	0	1	411	11	421	1.02e-289	793
careful_filteredΩNODE_5_length_328887_cov_107.364402_112	UniRef100_A0A1S2ASH7~K02027	100	437	0	0	1	437	1	437	2.66e-310	845
careful_filteredΩNODE_1_length_651721_cov_115.299404_70	UniRef100_C2FE26~K06872	100	411	0	0	1	411	11	421	1.02e-289	793
isolate_filteredΩNODE_2_length_515833_cov_101.187436_486	UniRef100_Q037Y8~K01924	99.3	436	3	0	1	436	1	436	0.0	871
isolate_filteredΩNODE_1_length_651596_cov_106.573662_611	UniRef100_A0A0R1F6U8~K04075	99.3	436	3	0	1	436	1	436	3.20e-306	834
isolate_filteredΩNODE_1_length_651596_cov_106.573662_37	UniRef100_A0A1J3CC70~K07258	100	436	0	0	1	436	1	436	3.57e-303	827
careful_filteredΩNODE_2_length_515833_cov_109.458385_486	UniRef100_Q037Y8~K01924	99.3	436	3	0	1	436	1	436	0.0	871
careful_filteredΩNODE_1_length_651721_cov_115.299404_611	UniRef100_A0A0R1F6U8~K04075	99.3	436	3	0	1	436	1	436	3.20e-306	834
careful_filteredΩNODE_1_length_651721_cov_115.299404_37	UniRef100_A0A1J3CC70~K07258	100	436	0	0	1	436	1	436	3.57e-303	827
isolate_filteredΩNODE_5_length_328887_cov_99.193781_142	UniRef100_C2FGQ0~K03502	100	435	0	0	1	435	15	449	0.0	873
isolate_filteredΩNODE_2_length_515833_cov_101.187436_144	UniRef100_K0MVL7~K02824	99.8	435	1	0	1	435	52	486	6.21e-300	820
isolate_filteredΩNODE_2_length_515833_cov_101.187436_71	UniRef100_B3WE80~K03977	100	435	0	0	1	435	1	435	2.37e-312	850
careful_filteredΩNODE_5_length_328887_cov_107.364402_171	UniRef100_C2FGQ0~K03502	100	435	0	0	1	435	15	449	0.0	873
careful_filteredΩNODE_2_length_515833_cov_109.458385_144	UniRef100_K0MVL7~K02824	99.8	435	1	0	1	435	52	486	6.21e-300	820
careful_filteredΩNODE_2_length_515833_cov_109.458385_71	UniRef100_B3WE80~K03977	100	435	0	0	1	435	1	435	2.37e-312	850
isolate_filteredΩNODE_5_length_328887_cov_99.193781_222	UniRef100_Q03AK4~K01689	99.8	434	1	0	1	434	1	434	1.88e-313	852
isolate_filteredΩNODE_4_length_348303_cov_105.649211_137	UniRef100_Q03BE8~K07862	100	434	0	0	1	434	1	434	2.40e-284	779
isolate_filteredΩNODE_3_length_404174_cov_100.322816_99	UniRef100_C2FBW3~K00756	99.8	434	1	0	1	434	1	434	1.52e-303	827
careful_filteredΩNODE_5_length_328887_cov_107.364402_91	UniRef100_Q03AK4~K01689	99.8	434	1	0	1	434	1	434	1.88e-313	852
careful_filteredΩNODE_4_length_348303_cov_114.271516_137	UniRef100_Q03BE8~K07862	100	434	0	0	1	434	1	434	2.40e-284	779
careful_filteredΩNODE_3_length_403891_cov_108.585722_285	UniRef100_C2FBW3~K00756	99.8	434	1	0	1	434	1	434	1.52e-303	827
isolate_filteredΩNODE_3_length_404174_cov_100.322816_260	UniRef100_C2FBE3~K07706	95.1	385	19	0	48	432	3	387	2.97e-236	655
isolate_filteredΩNODE_2_length_515833_cov_101.187436_306	UniRef100_A0JQG8~K01185	53.3	435	186	6	1	431	1	422	6.44e-141	415
isolate_filteredΩNODE_2_length_515833_cov_101.187436_171	UniRef100_A0A1J3C7T2~K01893	100	432	0	0	1	432	1	432	0.0	889
isolate_filteredΩNODE_1_length_651596_cov_106.573662_270	UniRef100_A0A023NMY6~K03294	30.4	401	253	12	18	404	19	407	8.28e-25	112
careful_filteredΩNODE_3_length_403891_cov_108.585722_124	UniRef100_C2FBE3~K07706	95.1	385	19	0	48	432	3	387	2.97e-236	655
careful_filteredΩNODE_2_length_515833_cov_109.458385_306	UniRef100_A0JQG8~K01185	53.3	435	186	6	1	431	1	422	6.44e-141	415
careful_filteredΩNODE_2_length_515833_cov_109.458385_171	UniRef100_A0A1J3C7T2~K01893	100	432	0	0	1	432	1	432	0.0	889
careful_filteredΩNODE_1_length_651721_cov_115.299404_270	UniRef100_A0A023NMY6~K03294	30.4	401	253	12	18	404	19	407	8.28e-25	112
isolate_filteredΩNODE_7_length_113986_cov_95.550027_17	UniRef100_A0A0E2C377~K07478	99.8	431	1	0	1	431	1	431	3.07e-306	834
isolate_filteredΩNODE_6_length_211744_cov_100.420410_97	UniRef100_A0A1J3CAD2~K03665	100	431	0	0	1	431	1	431	1.40e-302	825
isolate_filteredΩNODE_5_length_328887_cov_99.193781_63	UniRef100_A0A0K1MSS3~K01756	100	431	0	0	1	431	1	431	1.81e-314	855
isolate_filteredΩNODE_4_length_348303_cov_105.649211_311	UniRef100_A0A125YD39~K03092	100	431	0	0	1	431	11	441	2.90e-302	824
isolate_filteredΩNODE_4_length_348303_cov_105.649211_51	UniRef100_A0A0E2MBS9~K14982	99.8	431	1	0	1	431	1	431	5.32e-307	836
isolate_filteredΩNODE_1_length_651596_cov_106.573662_495	UniRef100_K0MYA8~K09704	98.4	431	7	0	1	431	7	437	1.17e-316	860
isolate_filteredΩNODE_1_length_651596_cov_106.573662_136	UniRef100_Q03CT6~K01939	100	431	0	0	1	431	1	431	0.0	863
careful_filteredΩNODE_7_length_113509_cov_103.332278_17	UniRef100_A0A0E2C377~K07478	99.8	431	1	0	1	431	1	431	3.07e-306	834
careful_filteredΩNODE_6_length_211744_cov_108.667298_97	UniRef100_A0A1J3CAD2~K03665	100	431	0	0	1	431	1	431	1.40e-302	825
careful_filteredΩNODE_5_length_328887_cov_107.364402_250	UniRef100_A0A0K1MSS3~K01756	100	431	0	0	1	431	1	431	1.81e-314	855
careful_filteredΩNODE_4_length_348303_cov_114.271516_311	UniRef100_A0A125YD39~K03092	100	431	0	0	1	431	11	441	2.90e-302	824
careful_filteredΩNODE_4_length_348303_cov_114.271516_51	UniRef100_A0A0E2MBS9~K14982	99.8	431	1	0	1	431	1	431	5.32e-307	836
careful_filteredΩNODE_1_length_651721_cov_115.299404_495	UniRef100_K0MYA8~K09704	98.4	431	7	0	1	431	7	437	1.17e-316	860
careful_filteredΩNODE_1_length_651721_cov_115.299404_136	UniRef100_Q03CT6~K01939	100	431	0	0	1	431	1	431	0.0	863
isolate_filteredΩNODE_5_length_328887_cov_99.193781_272	UniRef100_Q636N9~K01408	42.6	425	239	4	6	428	6	427	2.50e-115	350
isolate_filteredΩNODE_2_length_515833_cov_101.187436_121	UniRef100_C2FFL0~K00013	98.8	430	5	0	1	430	1	430	8.54e-292	797
careful_filteredΩNODE_5_length_328887_cov_107.364402_41	UniRef100_Q636N9~K01408	42.6	425	239	4	6	428	6	427	2.50e-115	350
careful_filteredΩNODE_2_length_515833_cov_109.458385_121	UniRef100_C2FFL0~K00013	98.8	430	5	0	1	430	1	430	8.54e-292	797
isolate_filteredΩNODE_12_length_50619_cov_101.722152_22	UniRef100_K0MSD4~K02027	99.8	429	1	0	1	429	1	429	7.54e-306	833
isolate_filteredΩNODE_7_length_113986_cov_95.550027_58	UniRef100_A0A1Y2KSJ7~K04487	100	385	0	0	45	429	1	385	7.94e-272	745
careful_filteredΩNODE_12_length_50619_cov_109.954948_22	UniRef100_K0MSD4~K02027	99.8	429	1	0	1	429	1	429	7.54e-306	833
careful_filteredΩNODE_7_length_113509_cov_103.332278_58	UniRef100_A0A1Y2KSJ7~K04487	100	385	0	0	45	429	1	385	7.94e-272	745
isolate_filteredΩNODE_10_length_64565_cov_110.910433_35	UniRef100_A0A0K1MRB0~K03475	100	428	0	0	1	428	1	428	3.25e-295	806
isolate_filteredΩNODE_5_length_328887_cov_99.193781_115	UniRef100_E4RW23~K11927	34.3	353	225	4	1	347	6	357	3.21e-59	203
isolate_filteredΩNODE_3_length_404174_cov_100.322816_312	UniRef100_S4ZPU3~K01689	99.8	428	1	0	1	428	2	429	5.79e-312	848
isolate_filteredΩNODE_2_length_515833_cov_101.187436_43	UniRef100_Q039J3~K03979	100	428	0	0	1	428	1	428	1.08e-309	842
careful_filteredΩNODE_10_length_65045_cov_123.164358_33	UniRef100_A0A0K1MRB0~K03475	100	428	0	0	1	428	1	428	3.25e-295	806
careful_filteredΩNODE_5_length_328887_cov_107.364402_198	UniRef100_E4RW23~K11927	34.3	353	225	4	1	347	6	357	3.21e-59	203
careful_filteredΩNODE_3_length_403891_cov_108.585722_72	UniRef100_S4ZPU3~K01689	99.8	428	1	0	1	428	2	429	5.79e-312	848
careful_filteredΩNODE_2_length_515833_cov_109.458385_43	UniRef100_Q039J3~K03979	100	428	0	0	1	428	1	428	1.08e-309	842
isolate_filteredΩNODE_6_length_211744_cov_100.420410_187	UniRef100_B3W8V7~K01875	99.8	427	1	0	1	427	1	427	3.50e-294	803
isolate_filteredΩNODE_2_length_515833_cov_101.187436_238	UniRef100_A0A0E2BS84~K01892	100	427	0	0	1	427	1	427	6.01e-311	845
careful_filteredΩNODE_6_length_211744_cov_108.667298_187	UniRef100_B3W8V7~K01875	99.8	427	1	0	1	427	1	427	3.50e-294	803
careful_filteredΩNODE_2_length_515833_cov_109.458385_238	UniRef100_A0A0E2BS84~K01892	100	427	0	0	1	427	1	427	6.01e-311	845
isolate_filteredΩNODE_9_length_65232_cov_99.822408_21	UniRef100_A0A0K1L0V7~K00054	99.3	426	3	0	1	426	1	426	5.79e-265	729
careful_filteredΩNODE_9_length_65232_cov_108.045645_42	UniRef100_A0A0K1L0V7~K00054	99.3	426	3	0	1	426	1	426	5.79e-265	729
isolate_filteredΩNODE_7_length_113986_cov_95.550027_62	UniRef100_K0NAF6~K11754	99.5	425	2	0	1	425	1	425	7.83e-306	832
careful_filteredΩNODE_7_length_113509_cov_103.332278_62	UniRef100_K0NAF6~K11754	99.5	425	2	0	1	425	1	425	7.83e-306	832
isolate_filteredΩNODE_6_length_211744_cov_100.420410_65	UniRef100_A0A0K1L160~K01866	100	424	0	0	1	424	1	424	9.59e-311	845
careful_filteredΩNODE_6_length_211744_cov_108.667298_65	UniRef100_A0A0K1L160~K01866	100	424	0	0	1	424	1	424	9.59e-311	845
isolate_filteredΩNODE_11_length_60639_cov_98.791866_31	UniRef100_A0A1J3C2R4~K03740	99.8	423	1	0	1	423	1	423	4.39e-311	845
isolate_filteredΩNODE_8_length_78445_cov_288.695424_50	UniRef100_A0A0R2H383~K01740	59.0	429	168	2	2	422	3	431	1.17e-173	498
isolate_filteredΩNODE_3_length_404174_cov_100.322816_70	UniRef100_A0A1S2AUK2~K01992	98.8	423	5	0	1	423	1	423	8.02e-282	771
isolate_filteredΩNODE_1_length_651596_cov_106.573662_450	UniRef100_A0A1D2IY99~K02775	71.3	422	121	0	1	422	1	422	3.06e-219	613
isolate_filteredΩNODE_1_length_651596_cov_106.573662_299	UniRef100_A0A1S2AXQ4~K02027	100	423	0	0	1	423	2	424	1.34e-303	827
careful_filteredΩNODE_11_length_60639_cov_106.889304_31	UniRef100_A0A1J3C2R4~K03740	99.8	423	1	0	1	423	1	423	4.39e-311	845
careful_filteredΩNODE_8_length_78445_cov_310.951587_50	UniRef100_A0A0R2H383~K01740	59.0	429	168	2	2	422	3	431	1.17e-173	498
careful_filteredΩNODE_3_length_403891_cov_108.585722_314	UniRef100_A0A1S2AUK2~K01992	98.8	423	5	0	1	423	1	423	8.02e-282	771
careful_filteredΩNODE_1_length_651721_cov_115.299404_450	UniRef100_A0A1D2IY99~K02775	71.3	422	121	0	1	422	1	422	3.06e-219	613
careful_filteredΩNODE_1_length_651721_cov_115.299404_299	UniRef100_A0A1S2AXQ4~K02027	100	423	0	0	1	423	2	424	1.34e-303	827
isolate_filteredΩNODE_4_length_348303_cov_105.649211_248	UniRef100_A0A1S2ATD9~K03761	100	422	0	0	1	422	1	422	1.07e-306	834
isolate_filteredΩNODE_2_length_515833_cov_101.187436_187	UniRef100_A0A1Y2KTF1~K03086	100	422	0	0	1	422	1	422	1.39e-247	685
careful_filteredΩNODE_4_length_348303_cov_114.271516_248	UniRef100_A0A1S2ATD9~K03761	100	422	0	0	1	422	1	422	1.07e-306	834
careful_filteredΩNODE_2_length_515833_cov_109.458385_187	UniRef100_A0A1Y2KTF1~K03086	100	422	0	0	1	422	1	422	1.39e-247	685
isolate_filteredΩNODE_5_length_328887_cov_99.193781_264	UniRef100_A0A0E2LWI2~K02240	98.8	421	5	0	1	421	1	421	3.04e-301	820
isolate_filteredΩNODE_2_length_515833_cov_101.187436_142	UniRef100_A0A1Y2KVT1~K01465	99.8	421	1	0	1	421	1	421	3.31e-305	830
careful_filteredΩNODE_5_length_328887_cov_107.364402_49	UniRef100_A0A0E2LWI2~K02240	98.8	421	5	0	1	421	1	421	3.04e-301	820
careful_filteredΩNODE_2_length_515833_cov_109.458385_142	UniRef100_A0A1Y2KVT1~K01465	99.8	421	1	0	1	421	1	421	3.31e-305	830
isolate_filteredΩNODE_5_length_328887_cov_99.193781_221	UniRef100_S4ZKG5~K08217	99.3	420	3	0	1	420	1	420	5.81e-294	802
careful_filteredΩNODE_5_length_328887_cov_107.364402_92	UniRef100_S4ZKG5~K08217	99.3	420	3	0	1	420	1	420	5.81e-294	802
isolate_filteredΩNODE_7_length_113986_cov_95.550027_84	UniRef100_A0A0K1KZJ6~K03531	100	419	0	0	1	419	1	419	6.00e-291	794
isolate_filteredΩNODE_5_length_328887_cov_99.193781_189	UniRef100_A0A0E2C445~K01992	100	419	0	0	1	419	1	419	1.04e-275	756
isolate_filteredΩNODE_3_length_404174_cov_100.322816_51	UniRef100_K0NA57~K17810	99.8	419	1	0	1	419	30	448	0.0	863
isolate_filteredΩNODE_1_length_651596_cov_106.573662_586	UniRef100_A0A0K1L1Y0~K00790	100	419	0	0	1	419	1	419	1.23e-299	816
isolate_filteredΩNODE_1_length_651596_cov_106.573662_438	UniRef100_A0A1J3C6L8~K03475	100	419	0	0	1	419	1	419	4.30e-300	817
careful_filteredΩNODE_7_length_113509_cov_103.332278_84	UniRef100_A0A0K1KZJ6~K03531	100	419	0	0	1	419	1	419	6.00e-291	794
careful_filteredΩNODE_5_length_328887_cov_107.364402_124	UniRef100_A0A0E2C445~K01992	100	419	0	0	1	419	1	419	1.04e-275	756
careful_filteredΩNODE_3_length_403891_cov_108.585722_333	UniRef100_K0NA57~K17810	99.8	419	1	0	1	419	30	448	0.0	863
careful_filteredΩNODE_1_length_651721_cov_115.299404_586	UniRef100_A0A0K1L1Y0~K00790	100	419	0	0	1	419	1	419	1.23e-299	816
careful_filteredΩNODE_1_length_651721_cov_115.299404_438	UniRef100_A0A1J3C6L8~K03475	100	419	0	0	1	419	1	419	4.30e-300	817
isolate_filteredΩNODE_3_length_404174_cov_100.322816_235	UniRef100_B3WA82~K00147	96.4	418	15	0	1	418	1	418	1.94e-275	755
isolate_filteredΩNODE_2_length_515833_cov_101.187436_429	UniRef100_A0A1W5CF67~K01758	47.4	382	201	0	29	410	21	402	7.80e-125	373
careful_filteredΩNODE_3_length_403891_cov_108.585722_149	UniRef100_B3WA82~K00147	96.4	418	15	0	1	418	1	418	1.94e-275	755
careful_filteredΩNODE_2_length_515833_cov_109.458385_429	UniRef100_A0A1W5CF67~K01758	47.4	382	201	0	29	410	21	402	7.80e-125	373
isolate_filteredΩNODE_7_length_113986_cov_95.550027_102	UniRef100_A0A125U7V3~K00566	99.8	410	1	0	8	417	34	443	9.21e-305	830
isolate_filteredΩNODE_2_length_515833_cov_101.187436_292	UniRef100_A0A0K1KZL5~K02600	99.8	417	1	0	1	417	1	417	2.44e-273	749
isolate_filteredΩNODE_1_length_651596_cov_106.573662_175	UniRef100_S2U448~K05847	97.1	417	12	0	1	417	1	417	1.41e-288	788
careful_filteredΩNODE_7_length_113509_cov_103.332278_102	UniRef100_A0A125U7V3~K00566	99.8	410	1	0	8	417	34	443	9.21e-305	830
careful_filteredΩNODE_2_length_515833_cov_109.458385_292	UniRef100_A0A0K1KZL5~K02600	99.8	417	1	0	1	417	1	417	2.44e-273	749
careful_filteredΩNODE_1_length_651721_cov_115.299404_175	UniRef100_S2U448~K05847	97.1	417	12	0	1	417	1	417	1.41e-288	788
isolate_filteredΩNODE_2_length_515833_cov_101.187436_33	UniRef100_A0A1J3C4X6~K03544	100	416	0	0	1	416	1	416	2.20e-296	808
careful_filteredΩNODE_2_length_515833_cov_109.458385_33	UniRef100_A0A1J3C4X6~K03544	100	416	0	0	1	416	1	416	2.20e-296	808
isolate_filteredΩNODE_12_length_50619_cov_101.722152_42	UniRef100_A0A1S2ATF8~K01258	99.8	415	1	0	1	415	1	415	7.84e-310	842
careful_filteredΩNODE_12_length_50619_cov_109.954948_42	UniRef100_A0A1S2ATF8~K01258	99.8	415	1	0	1	415	1	415	7.84e-310	842
isolate_filteredΩNODE_4_length_348303_cov_105.649211_141	UniRef100_A0A1S2ALL5~K08177	100	414	0	0	1	414	1	414	4.35e-286	781
isolate_filteredΩNODE_1_length_651596_cov_106.573662_503	UniRef100_A0A125UD88~K01206	99.3	414	3	0	1	414	1	414	0.0	867
isolate_filteredΩNODE_1_length_651596_cov_106.573662_379	UniRef100_B2GF48~K06926	51.5	394	182	5	5	393	7	396	2.95e-132	391
careful_filteredΩNODE_4_length_348303_cov_114.271516_141	UniRef100_A0A1S2ALL5~K08177	100	414	0	0	1	414	1	414	4.35e-286	781
careful_filteredΩNODE_1_length_651721_cov_115.299404_503	UniRef100_A0A125UD88~K01206	99.3	414	3	0	1	414	1	414	0.0	867
careful_filteredΩNODE_1_length_651721_cov_115.299404_379	UniRef100_B2GF48~K06926	51.5	394	182	5	5	393	7	396	2.95e-132	391
isolate_filteredΩNODE_15_length_29009_cov_340.104659_11	UniRef100_A0A0S3K856~K02027	53.5	396	179	3	18	411	20	412	1.82e-143	420
isolate_filteredΩNODE_5_length_328887_cov_99.193781_268	UniRef100_Q03AQ1~K03742	100	413	0	0	1	413	1	413	6.50e-292	796
isolate_filteredΩNODE_5_length_328887_cov_99.193781_202	UniRef100_C2FGW6~K12574	99.8	413	1	0	1	413	1	413	3.88e-309	840
isolate_filteredΩNODE_2_length_515833_cov_101.187436_296	UniRef100_A0A1V0Q2T9~K11749	99.8	413	1	0	1	413	1	413	6.50e-292	796
careful_filteredΩNODE_15_length_29009_cov_366.606837_10	UniRef100_A0A0S3K856~K02027	53.5	396	179	3	18	411	20	412	1.82e-143	420
careful_filteredΩNODE_5_length_328887_cov_107.364402_111	UniRef100_C2FGW6~K12574	99.8	413	1	0	1	413	1	413	3.88e-309	840
careful_filteredΩNODE_5_length_328887_cov_107.364402_45	UniRef100_Q03AQ1~K03742	100	413	0	0	1	413	1	413	6.50e-292	796
careful_filteredΩNODE_2_length_515833_cov_109.458385_296	UniRef100_A0A1V0Q2T9~K11749	99.8	413	1	0	1	413	1	413	6.50e-292	796
isolate_filteredΩNODE_14_length_41384_cov_95.954245_18	UniRef100_A0A0C9PZV3~K01945	99.0	412	4	0	1	412	1	412	5.61e-297	809
isolate_filteredΩNODE_4_length_348303_cov_105.649211_283	UniRef100_K0N1W2~K19956	100	412	0	0	1	412	6	417	5.50e-312	847
isolate_filteredΩNODE_4_length_348303_cov_105.649211_192	UniRef100_K0N8C4~K02761	99.8	412	1	0	1	412	2	413	1.53e-292	798
careful_filteredΩNODE_14_length_41384_cov_103.912799_18	UniRef100_A0A0C9PZV3~K01945	99.0	412	4	0	1	412	1	412	5.61e-297	809
careful_filteredΩNODE_4_length_348303_cov_114.271516_283	UniRef100_K0N1W2~K19956	100	412	0	0	1	412	6	417	5.50e-312	847
careful_filteredΩNODE_4_length_348303_cov_114.271516_192	UniRef100_K0N8C4~K02761	99.8	412	1	0	1	412	2	413	1.53e-292	798
isolate_filteredΩNODE_5_length_328887_cov_99.193781_110	UniRef100_A0A0R1F8H9~K19689	99.3	411	3	0	1	411	1	411	9.11e-307	833
isolate_filteredΩNODE_1_length_651596_cov_106.573662_222	UniRef100_A0A243PWR9~K21471	93.4	411	27	0	1	411	1	411	1.33e-176	504
careful_filteredΩNODE_5_length_328887_cov_107.364402_203	UniRef100_A0A0R1F8H9~K19689	99.3	411	3	0	1	411	1	411	9.11e-307	833
careful_filteredΩNODE_1_length_651721_cov_115.299404_222	UniRef100_A0A243PWR9~K21471	93.4	411	27	0	1	411	1	411	1.33e-176	504
isolate_filteredΩNODE_13_length_45945_cov_96.796285_32	UniRef100_B3WDL0~K00600	99.8	410	1	0	1	410	1	410	3.53e-299	814
isolate_filteredΩNODE_5_length_328887_cov_99.193781_207	UniRef100_S4ZML0~K15770	99.8	410	1	0	1	410	1	410	1.41e-289	790
isolate_filteredΩNODE_3_length_404174_cov_100.322816_165	UniRef100_A0A0K1L293~K08161	100	410	0	0	1	410	1	410	3.18e-286	781
careful_filteredΩNODE_13_length_45945_cov_104.682262_32	UniRef100_B3WDL0~K00600	99.8	410	1	0	1	410	1	410	3.53e-299	814
careful_filteredΩNODE_5_length_328887_cov_107.364402_106	UniRef100_S4ZML0~K15770	99.8	410	1	0	1	410	1	410	1.41e-289	790
careful_filteredΩNODE_3_length_403891_cov_108.585722_219	UniRef100_A0A0K1L293~K08161	100	410	0	0	1	410	1	410	3.18e-286	781
isolate_filteredΩNODE_5_length_328887_cov_99.193781_92	UniRef100_A0A0R1MHS4~K03076	43.0	409	230	1	1	406	1	409	1.77e-110	336
isolate_filteredΩNODE_3_length_404174_cov_100.322816_48	UniRef100_A0A1J3C2P4~K02000	99.8	407	1	0	1	407	1	407	7.72e-281	768
isolate_filteredΩNODE_1_length_651596_cov_106.573662_444	UniRef100_A0A1S2ATE7~K22129	100	407	0	0	1	407	1	407	2.69e-281	769
careful_filteredΩNODE_5_length_328887_cov_107.364402_220	UniRef100_A0A0R1MHS4~K03076	43.0	409	230	1	1	406	1	409	1.77e-110	336
careful_filteredΩNODE_3_length_403891_cov_108.585722_336	UniRef100_A0A1J3C2P4~K02000	99.8	407	1	0	1	407	1	407	7.72e-281	768
careful_filteredΩNODE_1_length_651721_cov_115.299404_444	UniRef100_A0A1S2ATE7~K22129	100	407	0	0	1	407	1	407	2.69e-281	769
isolate_filteredΩNODE_3_length_404174_cov_100.322816_19	UniRef100_A0A0K1L0Q6~K09458	100	406	0	0	1	406	1	406	3.70e-283	773
isolate_filteredΩNODE_1_length_651596_cov_106.573662_327	UniRef100_Q033U7~K01940	100	406	0	0	1	406	1	406	8.99e-300	815
isolate_filteredΩNODE_1_length_651596_cov_106.573662_167	UniRef100_B3W6W6~K01696	99.8	406	1	0	1	406	1	406	6.50e-293	798
careful_filteredΩNODE_3_length_403891_cov_108.585722_365	UniRef100_A0A0K1L0Q6~K09458	100	406	0	0	1	406	1	406	3.70e-283	773
careful_filteredΩNODE_1_length_651721_cov_115.299404_327	UniRef100_Q033U7~K01940	100	406	0	0	1	406	1	406	8.99e-300	815
careful_filteredΩNODE_1_length_651721_cov_115.299404_167	UniRef100_B3W6W6~K01696	99.8	406	1	0	1	406	1	406	6.50e-293	798
isolate_filteredΩNODE_11_length_60639_cov_98.791866_33	UniRef100_A0A0K1KYB5~K03739	100	405	0	0	1	405	1	405	3.29e-306	832
isolate_filteredΩNODE_7_length_113986_cov_95.550027_59	UniRef100_Q039U0~K03151	100	405	0	0	1	405	1	405	4.73e-290	791
isolate_filteredΩNODE_6_length_211744_cov_100.420410_66	UniRef100_K0N6S2~K21471	99.0	405	4	0	1	405	12	416	5.66e-192	543
careful_filteredΩNODE_11_length_60639_cov_106.889304_33	UniRef100_A0A0K1KYB5~K03739	100	405	0	0	1	405	1	405	3.29e-306	832
careful_filteredΩNODE_7_length_113509_cov_103.332278_59	UniRef100_Q039U0~K03151	100	405	0	0	1	405	1	405	4.73e-290	791
careful_filteredΩNODE_6_length_211744_cov_108.667298_66	UniRef100_K0N6S2~K21471	99.0	405	4	0	1	405	12	416	5.66e-192	543
isolate_filteredΩNODE_2_length_515833_cov_101.187436_494	UniRef100_A0A1Y2KU01~K01992	99.0	404	4	0	1	404	1	404	3.38e-278	761
careful_filteredΩNODE_2_length_515833_cov_109.458385_494	UniRef100_A0A1Y2KU01~K01992	99.0	404	4	0	1	404	1	404	3.38e-278	761
isolate_filteredΩNODE_17_length_14292_cov_101.811115_8	UniRef100_A0A0E2LYF2~K19002	100	402	0	0	1	402	1	402	8.22e-294	800
careful_filteredΩNODE_17_length_14292_cov_110.179388_8	UniRef100_A0A0E2LYF2~K19002	100	402	0	0	1	402	1	402	8.22e-294	800
isolate_filteredΩNODE_13_length_45945_cov_96.796285_48	UniRef100_A0A1J3C403~K05837	100	401	0	0	1	401	1	401	2.73e-287	783
isolate_filteredΩNODE_5_length_328887_cov_99.193781_295	UniRef100_K6RIN8~K14155	99.8	401	1	0	1	401	1	401	4.10e-298	811
isolate_filteredΩNODE_3_length_404174_cov_100.322816_168	UniRef100_S2U1N5~K08369	100	401	0	0	1	401	1	401	1.24e-283	774
isolate_filteredΩNODE_3_length_404174_cov_100.322816_68	UniRef100_A0A1V0Q979~K00925	100	401	0	0	1	401	1	401	1.06e-284	777
careful_filteredΩNODE_13_length_45945_cov_104.682262_48	UniRef100_A0A1J3C403~K05837	100	401	0	0	1	401	1	401	2.73e-287	783
careful_filteredΩNODE_5_length_328887_cov_107.364402_18	UniRef100_K6RIN8~K14155	99.8	401	1	0	1	401	1	401	4.10e-298	811
careful_filteredΩNODE_3_length_403891_cov_108.585722_316	UniRef100_A0A1V0Q979~K00925	100	401	0	0	1	401	1	401	1.06e-284	777
careful_filteredΩNODE_3_length_403891_cov_108.585722_216	UniRef100_S2U1N5~K08369	100	401	0	0	1	401	1	401	1.24e-283	774
isolate_filteredΩNODE_12_length_50619_cov_101.722152_35	UniRef100_A0A1S2ATF1~K14155	99.5	400	2	0	1	400	1	400	7.65e-298	810
isolate_filteredΩNODE_2_length_515833_cov_101.187436_444	UniRef100_A0A243PXQ7~K07082	100	400	0	0	1	400	1	400	2.03e-277	758
isolate_filteredΩNODE_1_length_651596_cov_106.573662_512	UniRef100_A0A1D7W0A3~K05825	47.8	389	201	2	2	388	38	426	1.59e-124	372
careful_filteredΩNODE_12_length_50619_cov_109.954948_35	UniRef100_A0A1S2ATF1~K14155	99.5	400	2	0	1	400	1	400	7.65e-298	810
careful_filteredΩNODE_2_length_515833_cov_109.458385_444	UniRef100_A0A243PXQ7~K07082	100	400	0	0	1	400	1	400	2.03e-277	758
careful_filteredΩNODE_1_length_651721_cov_115.299404_512	UniRef100_A0A1D7W0A3~K05825	47.8	389	201	2	2	388	38	426	1.59e-124	372
isolate_filteredΩNODE_3_length_404174_cov_100.322816_54	UniRef100_A0A1Y2KMN4~K00003	99.7	399	1	0	1	399	1	399	4.39e-292	795
isolate_filteredΩNODE_2_length_515833_cov_101.187436_402	UniRef100_K6R066~K13038	99.7	399	1	0	1	399	1	399	1.48e-274	751
isolate_filteredΩNODE_1_length_651596_cov_106.573662_252	UniRef100_A0A133PUX2~K01436	53.6	399	173	2	3	396	4	395	3.38e-143	418
careful_filteredΩNODE_3_length_403891_cov_108.585722_330	UniRef100_A0A1Y2KMN4~K00003	99.7	399	1	0	1	399	1	399	4.39e-292	795
careful_filteredΩNODE_2_length_515833_cov_109.458385_402	UniRef100_K6R066~K13038	99.7	399	1	0	1	399	1	399	1.48e-274	751
careful_filteredΩNODE_1_length_651721_cov_115.299404_252	UniRef100_A0A133PUX2~K01436	53.6	399	173	2	3	396	4	395	3.38e-143	418
isolate_filteredΩNODE_7_length_113986_cov_95.550027_7	UniRef100_A0A1V0Q3Y6~K11717	99.5	398	2	0	1	398	1	398	9.81e-284	774
isolate_filteredΩNODE_3_length_404174_cov_100.322816_245	UniRef100_K0N7U3~K09384	99.5	398	2	0	1	398	9	406	1.92e-292	796
isolate_filteredΩNODE_2_length_515833_cov_101.187436_75	UniRef100_B3WE84~K00974	99.5	398	2	0	1	398	1	398	6.62e-282	769
careful_filteredΩNODE_7_length_113509_cov_103.332278_7	UniRef100_A0A1V0Q3Y6~K11717	99.5	398	2	0	1	398	1	398	9.81e-284	774
careful_filteredΩNODE_3_length_403891_cov_108.585722_139	UniRef100_K0N7U3~K09384	99.5	398	2	0	1	398	9	406	1.92e-292	796
careful_filteredΩNODE_2_length_515833_cov_109.458385_75	UniRef100_B3WE84~K00974	99.5	398	2	0	1	398	1	398	6.62e-282	769
isolate_filteredΩNODE_12_length_50619_cov_101.722152_4	UniRef100_A0A1S2AVW3~K01999	100	397	0	0	1	397	1	397	9.95e-272	744
isolate_filteredΩNODE_3_length_404174_cov_100.322816_28	UniRef100_A0A1J0A5B5~K00100	51.4	395	183	7	1	392	1	389	1.06e-128	381
isolate_filteredΩNODE_1_length_651596_cov_106.573662_511	UniRef100_K0N8P0~K03553	98.2	397	7	0	1	397	27	423	6.61e-242	669
isolate_filteredΩNODE_1_length_651596_cov_106.573662_314	UniRef100_A0A0R1FD23~K03449	99.0	397	4	0	1	397	1	397	1.27e-274	751
careful_filteredΩNODE_12_length_50619_cov_109.954948_4	UniRef100_A0A1S2AVW3~K01999	100	397	0	0	1	397	1	397	9.95e-272	744
careful_filteredΩNODE_3_length_403891_cov_108.585722_356	UniRef100_A0A1J0A5B5~K00100	51.4	395	183	7	1	392	1	389	1.06e-128	381
careful_filteredΩNODE_1_length_651721_cov_115.299404_511	UniRef100_K0N8P0~K03553	98.2	397	7	0	1	397	27	423	6.61e-242	669
careful_filteredΩNODE_1_length_651721_cov_115.299404_314	UniRef100_A0A0R1FD23~K03449	99.0	397	4	0	1	397	1	397	1.27e-274	751
isolate_filteredΩNODE_12_length_50619_cov_101.722152_13	UniRef100_A0A1V0Q6J8~K01839	100	396	0	0	1	396	1	396	1.72e-292	796
isolate_filteredΩNODE_5_length_328887_cov_99.193781_224	UniRef100_B3WCW5~K00927	100	396	0	0	1	396	1	396	1.14e-281	769
isolate_filteredΩNODE_2_length_515833_cov_101.187436_30	UniRef100_B3WE38~K02358	100	396	0	0	1	396	1	396	1.51e-286	781
isolate_filteredΩNODE_1_length_651596_cov_106.573662_255	UniRef100_Q033L9~K02004	99.2	396	3	0	1	396	1	396	7.73e-264	724
isolate_filteredΩNODE_1_length_651596_cov_106.573662_92	UniRef100_C2FAM6~K00925	99.7	396	1	0	1	396	1	396	1.69e-283	773
isolate_filteredΩNODE_1_length_651596_cov_106.573662_38	UniRef100_A0A1D9FRL1~K18350	32.6	353	224	6	24	374	25	365	1.39e-47	172
careful_filteredΩNODE_12_length_50619_cov_109.954948_13	UniRef100_A0A1V0Q6J8~K01839	100	396	0	0	1	396	1	396	1.72e-292	796
careful_filteredΩNODE_5_length_328887_cov_107.364402_89	UniRef100_B3WCW5~K00927	100	396	0	0	1	396	1	396	1.14e-281	769
careful_filteredΩNODE_2_length_515833_cov_109.458385_30	UniRef100_B3WE38~K02358	100	396	0	0	1	396	1	396	1.51e-286	781
careful_filteredΩNODE_1_length_651721_cov_115.299404_255	UniRef100_Q033L9~K02004	99.2	396	3	0	1	396	1	396	7.73e-264	724
careful_filteredΩNODE_1_length_651721_cov_115.299404_92	UniRef100_C2FAM6~K00925	99.7	396	1	0	1	396	1	396	1.69e-283	773
careful_filteredΩNODE_1_length_651721_cov_115.299404_38	UniRef100_A0A1D9FRL1~K18350	32.6	353	224	6	24	374	25	365	1.39e-47	172
isolate_filteredΩNODE_13_length_45945_cov_96.796285_2	UniRef100_A0JQG8~K01185	38.8	399	209	14	1	393	1	370	5.34e-61	208
isolate_filteredΩNODE_5_length_328887_cov_99.193781_311	UniRef100_B3WCC9~K00789	100	394	0	0	1	394	1	394	2.16e-269	738
careful_filteredΩNODE_13_length_45945_cov_104.682262_2	UniRef100_A0JQG8~K01185	38.8	399	209	14	1	393	1	370	5.34e-61	208
careful_filteredΩNODE_5_length_328887_cov_107.364402_2	UniRef100_B3WCC9~K00789	100	394	0	0	1	394	1	394	2.16e-269	738
isolate_filteredΩNODE_12_length_50619_cov_101.722152_27	UniRef100_A0A1J3C6J6~K02082	100	393	0	0	1	393	1	393	8.66e-280	764
isolate_filteredΩNODE_9_length_65232_cov_99.822408_22	UniRef100_A0A1S2AJV2~K00626	99.5	393	2	0	1	393	1	393	7.14e-263	721
isolate_filteredΩNODE_3_length_404174_cov_100.322816_13	UniRef100_A0A0K1MVN1~K00574	100	393	0	0	1	393	1	393	3.63e-297	808
careful_filteredΩNODE_12_length_50619_cov_109.954948_27	UniRef100_A0A1J3C6J6~K02082	100	393	0	0	1	393	1	393	8.66e-280	764
careful_filteredΩNODE_9_length_65232_cov_108.045645_41	UniRef100_A0A1S2AJV2~K00626	99.5	393	2	0	1	393	1	393	7.14e-263	721
careful_filteredΩNODE_3_length_403891_cov_108.585722_371	UniRef100_A0A0K1MVN1~K00574	100	393	0	0	1	393	1	393	3.63e-297	808
isolate_filteredΩNODE_1_length_651596_cov_106.573662_277	UniRef100_A0A0R1EZV8~K00027	99.7	392	1	0	1	392	1	392	2.35e-272	745
careful_filteredΩNODE_1_length_651721_cov_115.299404_277	UniRef100_A0A0R1EZV8~K00027	99.7	392	1	0	1	392	1	392	2.35e-272	745
isolate_filteredΩNODE_17_length_14292_cov_101.811115_4	UniRef100_S2TZI8~K00841	99.7	391	1	0	1	391	1	391	1.74e-278	760
isolate_filteredΩNODE_4_length_348303_cov_105.649211_289	UniRef100_A0A1S2ABF4~K00009	100	391	0	0	1	391	1	391	6.08e-279	761
isolate_filteredΩNODE_4_length_348303_cov_105.649211_251	UniRef100_A0A089Y2I9~K00009	66.7	381	127	0	1	381	1	381	2.87e-180	511
isolate_filteredΩNODE_2_length_515833_cov_101.187436_172	UniRef100_A0A0K2HCV0~K00812	50.9	391	188	3	1	389	1	389	2.06e-134	395
careful_filteredΩNODE_17_length_14292_cov_110.179388_4	UniRef100_S2TZI8~K00841	99.7	391	1	0	1	391	1	391	1.74e-278	760
careful_filteredΩNODE_4_length_348303_cov_114.271516_289	UniRef100_A0A1S2ABF4~K00009	100	391	0	0	1	391	1	391	6.08e-279	761
careful_filteredΩNODE_4_length_348303_cov_114.271516_251	UniRef100_A0A089Y2I9~K00009	66.7	381	127	0	1	381	1	381	2.87e-180	511
careful_filteredΩNODE_2_length_515833_cov_109.458385_172	UniRef100_A0A0K2HCV0~K00812	50.9	391	188	3	1	389	1	389	2.06e-134	395
isolate_filteredΩNODE_6_length_211744_cov_100.420410_58	UniRef100_S4ZPD6~K00975	99.5	389	2	0	1	389	1	389	3.66e-279	762
isolate_filteredΩNODE_2_length_515833_cov_101.187436_16	UniRef100_A0A1S2AIY0~K03588	100	389	0	0	1	389	1	389	4.20e-269	736
careful_filteredΩNODE_6_length_211744_cov_108.667298_58	UniRef100_S4ZPD6~K00975	99.5	389	2	0	1	389	1	389	3.66e-279	762
careful_filteredΩNODE_2_length_515833_cov_109.458385_16	UniRef100_A0A1S2AIY0~K03588	100	389	0	0	1	389	1	389	4.20e-269	736
isolate_filteredΩNODE_9_length_65232_cov_99.822408_20	UniRef100_A0A1V0QA60~K01641	100	388	0	0	1	388	1	388	7.97e-278	758
isolate_filteredΩNODE_4_length_348303_cov_105.649211_299	UniRef100_S2SQQ4~K14155	100	388	0	0	1	388	1	388	7.54e-292	794
isolate_filteredΩNODE_4_length_348303_cov_105.649211_94	UniRef100_A0A1S2AJN3~K00849	100	388	0	0	1	388	1	388	7.44e-283	771
careful_filteredΩNODE_9_length_65232_cov_108.045645_43	UniRef100_A0A1V0QA60~K01641	100	388	0	0	1	388	1	388	7.97e-278	758
careful_filteredΩNODE_4_length_348303_cov_114.271516_299	UniRef100_S2SQQ4~K14155	100	388	0	0	1	388	1	388	7.54e-292	794
careful_filteredΩNODE_4_length_348303_cov_114.271516_94	UniRef100_A0A1S2AJN3~K00849	100	388	0	0	1	388	1	388	7.44e-283	771
isolate_filteredΩNODE_13_length_45945_cov_96.796285_11	UniRef100_A0A133KM70~K20444	58.8	386	158	1	1	385	1	386	2.51e-162	466
isolate_filteredΩNODE_7_length_113986_cov_95.550027_98	UniRef100_A0A0K1KZ87~K04487	100	387	0	0	1	387	1	387	5.19e-278	759
isolate_filteredΩNODE_3_length_404174_cov_100.322816_279	UniRef100_Q39MI6~K00219	45.1	364	194	3	8	366	10	372	2.35e-90	283
isolate_filteredΩNODE_3_length_404174_cov_100.322816_60	UniRef100_K0N7F8~K00841	100	387	0	0	1	387	7	393	6.51e-278	759
isolate_filteredΩNODE_2_length_515833_cov_101.187436_280	UniRef100_B3WEQ6~K03686	100	387	0	0	1	387	1	387	1.75e-260	714
careful_filteredΩNODE_13_length_45945_cov_104.682262_11	UniRef100_A0A133KM70~K20444	58.8	386	158	1	1	385	1	386	2.51e-162	466
careful_filteredΩNODE_7_length_113509_cov_103.332278_98	UniRef100_A0A0K1KZ87~K04487	100	387	0	0	1	387	1	387	5.19e-278	759
careful_filteredΩNODE_3_length_403891_cov_108.585722_324	UniRef100_K0N7F8~K00841	100	387	0	0	1	387	7	393	6.51e-278	759
careful_filteredΩNODE_3_length_403891_cov_108.585722_105	UniRef100_Q39MI6~K00219	45.1	364	194	3	8	366	10	372	2.35e-90	283
careful_filteredΩNODE_2_length_515833_cov_109.458385_280	UniRef100_B3WEQ6~K03686	100	387	0	0	1	387	1	387	1.75e-260	714
isolate_filteredΩNODE_12_length_50619_cov_101.722152_28	UniRef100_K0N1P4~K01443	100	386	0	0	1	386	1	386	3.43e-287	782
careful_filteredΩNODE_12_length_50619_cov_109.954948_28	UniRef100_K0N1P4~K01443	100	386	0	0	1	386	1	386	3.43e-287	782
isolate_filteredΩNODE_2_length_515833_cov_101.187436_194	UniRef100_A0JQG8~K01185	37.6	396	205	10	4	384	2	370	5.35e-62	211
careful_filteredΩNODE_2_length_515833_cov_109.458385_194	UniRef100_A0JQG8~K01185	37.6	396	205	10	4	384	2	370	5.35e-62	211
isolate_filteredΩNODE_1_length_651596_cov_106.573662_265	UniRef100_Q033M9~K00009	100	384	0	0	1	384	1	384	9.26e-275	750
careful_filteredΩNODE_1_length_651721_cov_115.299404_265	UniRef100_Q033M9~K00009	100	384	0	0	1	384	1	384	9.26e-275	750
isolate_filteredΩNODE_8_length_78445_cov_288.695424_55	UniRef100_A0A1Y2KRP6~K01439	48.2	380	190	4	1	380	11	383	4.01e-112	338
isolate_filteredΩNODE_1_length_651596_cov_106.573662_154	UniRef100_B3W7E6~K05823	99.7	383	1	0	1	383	1	383	1.96e-280	764
careful_filteredΩNODE_8_length_78445_cov_310.951587_55	UniRef100_A0A1Y2KRP6~K01439	48.2	380	190	4	1	380	11	383	4.01e-112	338
careful_filteredΩNODE_1_length_651721_cov_115.299404_154	UniRef100_B3W7E6~K05823	99.7	383	1	0	1	383	1	383	1.96e-280	764
isolate_filteredΩNODE_2_length_515833_cov_101.187436_129	UniRef100_A0A1Y2KT95~K07035	100	382	0	0	1	382	1	382	1.35e-250	689
isolate_filteredΩNODE_2_length_515833_cov_101.187436_123	UniRef100_B3WED7~K02502	99.7	382	1	0	1	382	1	382	5.82e-277	756
careful_filteredΩNODE_2_length_515833_cov_109.458385_129	UniRef100_A0A1Y2KT95~K07035	100	382	0	0	1	382	1	382	1.35e-250	689
careful_filteredΩNODE_2_length_515833_cov_109.458385_123	UniRef100_B3WED7~K02502	99.7	382	1	0	1	382	1	382	5.82e-277	756
isolate_filteredΩNODE_9_length_65232_cov_99.822408_43	UniRef100_A0A0K1KZV5~K01443	100	381	0	0	1	381	1	381	1.13e-278	760
careful_filteredΩNODE_9_length_65232_cov_108.045645_21	UniRef100_A0A0K1KZV5~K01443	100	381	0	0	1	381	1	381	1.13e-278	760
isolate_filteredΩNODE_11_length_60639_cov_98.791866_54	UniRef100_A0A1S2AHA1~K00773	100	380	0	0	1	380	1	380	1.11e-289	788
isolate_filteredΩNODE_6_length_211744_cov_100.420410_82	UniRef100_S2P586~K01791	99.7	380	1	0	1	380	1	380	1.00e-276	755
isolate_filteredΩNODE_6_length_211744_cov_100.420410_57	UniRef100_B3W9A3~K00975	100	380	0	0	1	380	1	380	3.78e-256	703
isolate_filteredΩNODE_3_length_404174_cov_100.322816_109	UniRef100_A0A0E2M078~K18979	99.7	380	1	0	1	380	1	380	1.24e-286	780
isolate_filteredΩNODE_2_length_515833_cov_101.187436_163	UniRef100_A0A125U7S6~K07444	99.7	380	1	0	1	380	1	380	3.00e-278	759
careful_filteredΩNODE_11_length_60639_cov_106.889304_54	UniRef100_A0A1S2AHA1~K00773	100	380	0	0	1	380	1	380	1.11e-289	788
careful_filteredΩNODE_6_length_211744_cov_108.667298_82	UniRef100_S2P586~K01791	99.7	380	1	0	1	380	1	380	1.00e-276	755
careful_filteredΩNODE_6_length_211744_cov_108.667298_57	UniRef100_B3W9A3~K00975	100	380	0	0	1	380	1	380	3.78e-256	703
careful_filteredΩNODE_3_length_403891_cov_108.585722_275	UniRef100_A0A0E2M078~K18979	99.7	380	1	0	1	380	1	380	1.24e-286	780
careful_filteredΩNODE_2_length_515833_cov_109.458385_163	UniRef100_A0A125U7S6~K07444	99.7	380	1	0	1	380	1	380	3.00e-278	759
isolate_filteredΩNODE_9_length_65232_cov_99.822408_27	UniRef100_A0A1V0QAU6~K01439	99.7	379	1	0	1	379	1	379	1.41e-271	742
isolate_filteredΩNODE_8_length_78445_cov_288.695424_49	UniRef100_D5T1R5~K21613	64.4	379	135	0	1	379	1	379	4.20e-171	488
isolate_filteredΩNODE_5_length_328887_cov_99.193781_176	UniRef100_S2SP05~K01992	98.4	379	6	0	1	379	1	379	2.01e-239	660
isolate_filteredΩNODE_1_length_651596_cov_106.573662_241	UniRef100_C2FB33~K02338	100	379	0	0	1	379	56	434	1.27e-260	716
careful_filteredΩNODE_9_length_65232_cov_108.045645_36	UniRef100_A0A1V0QAU6~K01439	99.7	379	1	0	1	379	1	379	1.41e-271	742
careful_filteredΩNODE_8_length_78445_cov_310.951587_49	UniRef100_D5T1R5~K21613	64.4	379	135	0	1	379	1	379	4.20e-171	488
careful_filteredΩNODE_5_length_328887_cov_107.364402_137	UniRef100_S2SP05~K01992	98.4	379	6	0	1	379	1	379	2.01e-239	660
careful_filteredΩNODE_1_length_651721_cov_115.299404_241	UniRef100_C2FB33~K02338	100	379	0	0	1	379	56	434	1.27e-260	716
isolate_filteredΩNODE_9_length_65232_cov_99.822408_53	UniRef100_K0N9M6~K01206	97.9	378	8	0	1	378	1	378	6.93e-292	793
isolate_filteredΩNODE_4_length_348303_cov_105.649211_163	UniRef100_A0A0R1EZ13~K01760	99.7	378	1	0	1	378	1	378	1.36e-273	747
isolate_filteredΩNODE_1_length_651596_cov_106.573662_595	UniRef100_B3WAR0~K01775	100	378	0	0	1	378	1	378	4.97e-276	753
careful_filteredΩNODE_9_length_65232_cov_108.045645_11	UniRef100_K0N9M6~K01206	97.9	378	8	0	1	378	1	378	6.93e-292	793
careful_filteredΩNODE_4_length_348303_cov_114.271516_163	UniRef100_A0A0R1EZ13~K01760	99.7	378	1	0	1	378	1	378	1.36e-273	747
careful_filteredΩNODE_1_length_651721_cov_115.299404_595	UniRef100_B3WAR0~K01775	100	378	0	0	1	378	1	378	4.97e-276	753
isolate_filteredΩNODE_15_length_29009_cov_340.104659_6	UniRef100_B0L7A8~K10112	77.0	366	84	0	1	366	1	366	3.91e-208	581
isolate_filteredΩNODE_4_length_348303_cov_105.649211_3	UniRef100_A0A0M2ZQU8~K00549	52.4	368	164	4	11	374	8	368	1.46e-132	389
careful_filteredΩNODE_15_length_29009_cov_366.606837_15	UniRef100_B0L7A8~K10112	77.0	366	84	0	1	366	1	366	3.91e-208	581
careful_filteredΩNODE_4_length_348303_cov_114.271516_3	UniRef100_A0A0M2ZQU8~K00549	52.4	368	164	4	11	374	8	368	1.46e-132	389
isolate_filteredΩNODE_5_length_328887_cov_99.193781_209	UniRef100_A0A1Y2KSB9~K10112	100	376	0	0	1	376	1	376	1.31e-270	739
careful_filteredΩNODE_5_length_328887_cov_107.364402_104	UniRef100_A0A1Y2KSB9~K10112	100	376	0	0	1	376	1	376	1.31e-270	739
isolate_filteredΩNODE_8_length_78445_cov_288.695424_69	UniRef100_A0AFM4~K02770	66.3	371	119	2	4	374	3	367	5.87e-170	484
isolate_filteredΩNODE_4_length_348303_cov_105.649211_201	UniRef100_S4ZJJ8~K07045	98.7	375	5	0	1	375	1	375	3.66e-281	766
careful_filteredΩNODE_8_length_78445_cov_310.951587_69	UniRef100_A0AFM4~K02770	66.3	371	119	2	4	374	3	367	5.87e-170	484
careful_filteredΩNODE_4_length_348303_cov_114.271516_201	UniRef100_S4ZJJ8~K07045	98.7	375	5	0	1	375	1	375	3.66e-281	766
isolate_filteredΩNODE_13_length_45945_cov_96.796285_50	UniRef100_A0A125U7I6~K01439	100	374	0	0	1	374	23	396	2.56e-270	739
isolate_filteredΩNODE_10_length_64565_cov_110.910433_58	UniRef100_K0N255~K06871	99.7	374	1	0	1	374	1	374	1.01e-282	769
isolate_filteredΩNODE_6_length_211744_cov_100.420410_161	UniRef100_A0A0K1L0X4~K01572	99.7	374	1	0	1	374	1	374	1.53e-252	693
isolate_filteredΩNODE_6_length_211744_cov_100.420410_36	UniRef100_S4ZNP3~K01854	84.3	369	58	0	1	369	1	369	3.00e-241	665
isolate_filteredΩNODE_2_length_515833_cov_101.187436_464	UniRef100_K6SAI3~K06948	99.5	374	2	0	1	374	1	374	2.10e-275	751
careful_filteredΩNODE_13_length_45945_cov_104.682262_50	UniRef100_A0A125U7I6~K01439	100	374	0	0	1	374	23	396	2.56e-270	739
careful_filteredΩNODE_10_length_65045_cov_123.164358_10	UniRef100_K0N255~K06871	99.7	374	1	0	1	374	1	374	1.01e-282	769
careful_filteredΩNODE_6_length_211744_cov_108.667298_161	UniRef100_A0A0K1L0X4~K01572	99.7	374	1	0	1	374	1	374	1.53e-252	693
careful_filteredΩNODE_6_length_211744_cov_108.667298_36	UniRef100_S4ZNP3~K01854	84.3	369	58	0	1	369	1	369	3.00e-241	665
careful_filteredΩNODE_2_length_515833_cov_109.458385_464	UniRef100_K6SAI3~K06948	99.5	374	2	0	1	374	1	374	2.10e-275	751
isolate_filteredΩNODE_4_length_348303_cov_105.649211_77	UniRef100_A0A1S2ALJ6~K03547	99.2	372	3	0	1	372	1	372	8.13e-268	732
isolate_filteredΩNODE_3_length_404174_cov_100.322816_75	UniRef100_C2FBY6~K00259	99.5	373	2	0	1	373	1	373	9.33e-258	706
isolate_filteredΩNODE_2_length_515833_cov_101.187436_135	UniRef100_A0A0R1F8Z1~K00929	99.7	373	1	0	1	373	1	373	1.02e-261	716
isolate_filteredΩNODE_1_length_651596_cov_106.573662_432	UniRef100_A0A1S2ASR6~K01465	99.5	373	2	0	1	373	1	373	6.78e-276	752
careful_filteredΩNODE_4_length_348303_cov_114.271516_77	UniRef100_A0A1S2ALJ6~K03547	99.2	372	3	0	1	372	1	372	8.13e-268	732
careful_filteredΩNODE_3_length_403891_cov_108.585722_309	UniRef100_C2FBY6~K00259	99.5	373	2	0	1	373	1	373	9.33e-258	706
careful_filteredΩNODE_2_length_515833_cov_109.458385_135	UniRef100_A0A0R1F8Z1~K00929	99.7	373	1	0	1	373	1	373	1.02e-261	716
careful_filteredΩNODE_1_length_651721_cov_115.299404_432	UniRef100_A0A1S2ASR6~K01465	99.5	373	2	0	1	373	1	373	6.78e-276	752
isolate_filteredΩNODE_1_length_651596_cov_106.573662_420	UniRef100_A0A1S2ASB4~K02782&K02783	100	372	0	0	1	372	1	372	1.31e-252	693
isolate_filteredΩNODE_1_length_651596_cov_106.573662_372	UniRef100_A0A0E1PKJ3~K05816	100	372	0	0	1	372	1	372	1.34e-270	739
careful_filteredΩNODE_1_length_651721_cov_115.299404_420	UniRef100_A0A1S2ASB4~K02782&K02783	100	372	0	0	1	372	1	372	1.31e-252	693
careful_filteredΩNODE_1_length_651721_cov_115.299404_372	UniRef100_A0A0E1PKJ3~K05816	100	372	0	0	1	372	1	372	1.34e-270	739
isolate_filteredΩNODE_14_length_41384_cov_95.954245_9	UniRef100_S2PQD2~K01589	99.5	371	2	0	1	371	1	371	5.33e-272	742
isolate_filteredΩNODE_7_length_113986_cov_95.550027_48	UniRef100_A0A1V0Q3S8~K07778	99.2	371	3	0	1	371	1	371	6.39e-264	722
isolate_filteredΩNODE_3_length_404174_cov_100.322816_229	UniRef100_U5S7L3~K10530	56.1	358	155	1	7	364	29	384	5.12e-134	394
isolate_filteredΩNODE_1_length_651596_cov_106.573662_238	UniRef100_B3W6Q9~K03629	100	371	0	0	1	371	1	371	1.38e-258	708
careful_filteredΩNODE_14_length_41384_cov_103.912799_9	UniRef100_S2PQD2~K01589	99.5	371	2	0	1	371	1	371	5.33e-272	742
careful_filteredΩNODE_7_length_113509_cov_103.332278_48	UniRef100_A0A1V0Q3S8~K07778	99.2	371	3	0	1	371	1	371	6.39e-264	722
careful_filteredΩNODE_3_length_403891_cov_108.585722_155	UniRef100_U5S7L3~K10530	56.1	358	155	1	7	364	29	384	5.12e-134	394
careful_filteredΩNODE_1_length_651721_cov_115.299404_238	UniRef100_B3W6Q9~K03629	100	371	0	0	1	371	1	371	1.38e-258	708
isolate_filteredΩNODE_2_length_515833_cov_101.187436_8	UniRef100_A0A0K1KYM3~K00161	99.7	370	1	0	1	370	1	370	1.30e-267	731
careful_filteredΩNODE_2_length_515833_cov_109.458385_8	UniRef100_A0A0K1KYM3~K00161	99.7	370	1	0	1	370	1	370	1.30e-267	731
isolate_filteredΩNODE_5_length_328887_cov_99.193781_64	UniRef100_A0A0C9PNW9~K01589	100	369	0	0	1	369	1	369	2.49e-260	712
careful_filteredΩNODE_5_length_328887_cov_107.364402_249	UniRef100_A0A0C9PNW9~K01589	100	369	0	0	1	369	1	369	2.49e-260	712
isolate_filteredΩNODE_5_length_328887_cov_99.193781_260	UniRef100_A0A1Y2KS46~K02836	100	368	0	0	1	368	1	368	8.15e-270	736
isolate_filteredΩNODE_4_length_348303_cov_105.649211_45	UniRef100_A0A1U7EBK8~K10530	48.3	348	179	1	13	359	15	362	2.91e-102	312
careful_filteredΩNODE_5_length_328887_cov_107.364402_53	UniRef100_A0A1Y2KS46~K02836	100	368	0	0	1	368	1	368	8.15e-270	736
careful_filteredΩNODE_4_length_348303_cov_114.271516_72	UniRef100_A0A0R1F775~K03575	99.5	368	2	0	1	368	1	368	1.41e-270	738
careful_filteredΩNODE_4_length_348303_cov_114.271516_45	UniRef100_A0A1U7EBK8~K10530	48.3	348	179	1	13	359	15	362	2.91e-102	312
isolate_filteredΩNODE_11_length_60639_cov_98.791866_49	UniRef100_A0A1S2AHT2~K02346	100	367	0	0	1	367	1	367	8.09e-265	724
isolate_filteredΩNODE_11_length_60639_cov_98.791866_20	UniRef100_A0A1J3C0A9~K01271	100	367	0	0	1	367	1	367	3.48e-275	750
careful_filteredΩNODE_11_length_60639_cov_106.889304_49	UniRef100_A0A1S2AHT2~K02346	100	367	0	0	1	367	1	367	8.09e-265	724
careful_filteredΩNODE_11_length_60639_cov_106.889304_20	UniRef100_A0A1J3C0A9~K01271	100	367	0	0	1	367	1	367	3.48e-275	750
isolate_filteredΩNODE_14_length_41384_cov_95.954245_22	UniRef100_S2P8H9~K19168	99.5	366	2	0	1	366	1	366	1.84e-265	725
isolate_filteredΩNODE_6_length_211744_cov_100.420410_14	UniRef100_C2FC89~K09963	99.7	366	1	0	1	366	1	366	4.03e-269	734
isolate_filteredΩNODE_1_length_651596_cov_106.573662_433	UniRef100_K0N845~K01042	99.2	366	3	0	1	366	1	366	6.87e-261	714
isolate_filteredΩNODE_1_length_651596_cov_106.573662_325	UniRef100_C2F900~K09963	99.5	366	2	0	1	366	1	366	2.54e-272	743
careful_filteredΩNODE_14_length_41384_cov_103.912799_22	UniRef100_S2P8H9~K19168	99.5	366	2	0	1	366	1	366	1.84e-265	725
careful_filteredΩNODE_6_length_211744_cov_108.667298_14	UniRef100_C2FC89~K09963	99.7	366	1	0	1	366	1	366	4.03e-269	734
careful_filteredΩNODE_1_length_651721_cov_115.299404_433	UniRef100_K0N845~K01042	99.2	366	3	0	1	366	1	366	6.87e-261	714
careful_filteredΩNODE_1_length_651721_cov_115.299404_325	UniRef100_C2F900~K09963	99.5	366	2	0	1	366	1	366	2.54e-272	743
isolate_filteredΩNODE_2_length_515833_cov_101.187436_124	UniRef100_A0A1Y2KTZ1~K00817	99.5	365	2	0	1	365	1	365	4.67e-263	719
careful_filteredΩNODE_2_length_515833_cov_109.458385_124	UniRef100_A0A1Y2KTZ1~K00817	99.5	365	2	0	1	365	1	365	4.67e-263	719
isolate_filteredΩNODE_7_length_113986_cov_95.550027_81	UniRef100_B3WDY2~K02563	100	363	0	0	1	363	1	363	1.43e-256	702
isolate_filteredΩNODE_6_length_211744_cov_100.420410_41	UniRef100_A0A1Q8FDN9~K02840	40.6	357	197	6	8	359	4	350	3.00e-85	268
isolate_filteredΩNODE_2_length_515833_cov_101.187436_114	UniRef100_K0NAQ9~K00817	99.4	363	2	0	1	363	1	363	9.01e-260	711
isolate_filteredΩNODE_1_length_651596_cov_106.573662_398	UniRef100_A0A125UC88~K05352	99.7	363	1	0	1	363	1	363	7.72e-261	713
careful_filteredΩNODE_7_length_113509_cov_103.332278_81	UniRef100_B3WDY2~K02563	100	363	0	0	1	363	1	363	1.43e-256	702
careful_filteredΩNODE_6_length_211744_cov_108.667298_41	UniRef100_A0A1Q8FDN9~K02840	40.6	357	197	6	8	359	4	350	3.00e-85	268
careful_filteredΩNODE_2_length_515833_cov_109.458385_114	UniRef100_K0NAQ9~K00817	99.4	363	2	0	1	363	1	363	9.01e-260	711
careful_filteredΩNODE_1_length_651721_cov_115.299404_398	UniRef100_A0A125UC88~K05352	99.7	363	1	0	1	363	1	363	7.72e-261	713
isolate_filteredΩNODE_6_length_211744_cov_100.420410_138	UniRef100_C2FD37~K15583	98.6	362	5	0	1	362	1	362	4.82e-259	709
isolate_filteredΩNODE_5_length_328887_cov_99.193781_183	UniRef100_Q03AH0~K11072	100	362	0	0	1	362	1	362	6.12e-262	716
isolate_filteredΩNODE_4_length_348303_cov_105.649211_72	UniRef100_A0A0R1F775~K03575	99.4	362	2	0	1	362	7	368	2.05e-266	728
careful_filteredΩNODE_6_length_211744_cov_108.667298_138	UniRef100_C2FD37~K15583	98.6	362	5	0	1	362	1	362	4.82e-259	709
careful_filteredΩNODE_5_length_328887_cov_107.364402_130	UniRef100_Q03AH0~K11072	100	362	0	0	1	362	1	362	6.12e-262	716
isolate_filteredΩNODE_4_length_348303_cov_105.649211_305	UniRef100_S2TIZ3~K02770	100	361	0	0	1	361	1	361	3.51e-224	620
isolate_filteredΩNODE_1_length_651596_cov_106.573662_253	UniRef100_A0A1S2AL39~K08317	99.7	361	1	0	1	361	1	361	5.82e-255	698
careful_filteredΩNODE_4_length_348303_cov_114.271516_305	UniRef100_S2TIZ3~K02770	100	361	0	0	1	361	1	361	3.51e-224	620
careful_filteredΩNODE_1_length_651721_cov_115.299404_253	UniRef100_A0A1S2AL39~K08317	99.7	361	1	0	1	361	1	361	5.82e-255	698
isolate_filteredΩNODE_2_length_515833_cov_101.187436_141	UniRef100_A0A0K1L015~K01956	100	360	0	0	1	360	1	360	1.15e-265	725
careful_filteredΩNODE_2_length_515833_cov_109.458385_141	UniRef100_A0A0K1L015~K01956	100	360	0	0	1	360	1	360	1.15e-265	725
isolate_filteredΩNODE_13_length_45945_cov_96.796285_29	UniRef100_B3WDK7~K02835	100	359	0	0	1	359	1	359	2.17e-249	684
isolate_filteredΩNODE_12_length_50619_cov_101.722152_36	UniRef100_K6Q6J0~K01262	98.9	359	4	0	1	359	1	359	2.76e-252	691
isolate_filteredΩNODE_7_length_113986_cov_95.550027_44	UniRef100_A0A0M6W885~K02010	100	359	0	0	1	359	1	359	8.25e-254	695
careful_filteredΩNODE_13_length_45945_cov_104.682262_29	UniRef100_B3WDK7~K02835	100	359	0	0	1	359	1	359	2.17e-249	684
careful_filteredΩNODE_12_length_50619_cov_109.954948_36	UniRef100_K6Q6J0~K01262	98.9	359	4	0	1	359	1	359	2.76e-252	691
careful_filteredΩNODE_7_length_113509_cov_103.332278_44	UniRef100_A0A0M6W885~K02010	100	359	0	0	1	359	1	359	8.25e-254	695
isolate_filteredΩNODE_4_length_348303_cov_105.649211_185	UniRef100_S2SS31~K07284	100	358	0	0	1	358	1	358	5.85e-258	706
careful_filteredΩNODE_4_length_348303_cov_114.271516_185	UniRef100_S2SS31~K07284	100	358	0	0	1	358	1	358	5.85e-258	706
isolate_filteredΩNODE_11_length_60639_cov_98.791866_55	UniRef100_A0A0C9P0F7~K07568	100	357	0	0	1	357	5	361	2.49e-264	722
isolate_filteredΩNODE_5_length_328887_cov_99.193781_180	UniRef100_A0A0K1KYU4~K11069	100	357	0	0	1	357	1	357	1.11e-266	728
isolate_filteredΩNODE_5_length_328887_cov_99.193781_100	UniRef100_A0A0M6WAX1~K00938	100	357	0	0	1	357	1	357	2.87e-253	694
isolate_filteredΩNODE_1_length_651596_cov_106.573662_115	UniRef100_B3W7C1~K01921	100	357	0	0	1	357	1	357	5.64e-260	711
careful_filteredΩNODE_11_length_60639_cov_106.889304_55	UniRef100_A0A0C9P0F7~K07568	100	357	0	0	1	357	5	361	2.49e-264	722
careful_filteredΩNODE_5_length_328887_cov_107.364402_213	UniRef100_A0A0M6WAX1~K00938	100	357	0	0	1	357	1	357	2.87e-253	694
careful_filteredΩNODE_5_length_328887_cov_107.364402_133	UniRef100_A0A0K1KYU4~K11069	100	357	0	0	1	357	1	357	1.11e-266	728
careful_filteredΩNODE_1_length_651721_cov_115.299404_115	UniRef100_B3W7C1~K01921	100	357	0	0	1	357	1	357	5.64e-260	711
isolate_filteredΩNODE_1_length_651596_cov_106.573662_407	UniRef100_A0A1J3C3D9~K03476	100	356	0	0	1	356	1	356	1.86e-278	757
careful_filteredΩNODE_1_length_651721_cov_115.299404_407	UniRef100_A0A1J3C3D9~K03476	100	356	0	0	1	356	1	356	1.86e-278	757
isolate_filteredΩNODE_4_length_348303_cov_105.649211_205	UniRef100_A0A1J3C7P8~K19802	99.7	355	1	0	1	355	1	355	3.91e-250	686
isolate_filteredΩNODE_3_length_404174_cov_100.322816_185	UniRef100_S2Q332~K03734	100	355	0	0	1	355	1	355	1.86e-251	689
isolate_filteredΩNODE_2_length_515833_cov_101.187436_419	UniRef100_A0A1V0Q2P8~K01262	99.7	355	1	0	1	355	1	355	2.29e-258	706
isolate_filteredΩNODE_1_length_651596_cov_106.573662_366	UniRef100_K6QNN4~K19802	99.7	355	1	0	1	355	1	355	8.81e-247	677
careful_filteredΩNODE_4_length_348303_cov_114.271516_205	UniRef100_A0A1J3C7P8~K19802	99.7	355	1	0	1	355	1	355	3.91e-250	686
careful_filteredΩNODE_3_length_403891_cov_108.585722_199	UniRef100_S2Q332~K03734	100	355	0	0	1	355	1	355	1.86e-251	689
careful_filteredΩNODE_2_length_515833_cov_109.458385_419	UniRef100_A0A1V0Q2P8~K01262	99.7	355	1	0	1	355	1	355	2.29e-258	706
careful_filteredΩNODE_1_length_651721_cov_115.299404_366	UniRef100_K6QNN4~K19802	99.7	355	1	0	1	355	1	355	8.81e-247	677
isolate_filteredΩNODE_2_length_515833_cov_101.187436_440	UniRef100_K6SAK9~K11617	99.4	354	2	0	1	354	1	354	1.27e-234	646
isolate_filteredΩNODE_2_length_515833_cov_101.187436_110	UniRef100_A0A0E2LYW5~K08217	99.7	354	1	0	1	354	47	400	2.15e-244	673
isolate_filteredΩNODE_1_length_651596_cov_106.573662_257	UniRef100_K0NBE4~K02005	99.4	354	2	0	1	354	1	354	1.27e-234	646
careful_filteredΩNODE_2_length_515833_cov_109.458385_440	UniRef100_K6SAK9~K11617	99.4	354	2	0	1	354	1	354	1.27e-234	646
careful_filteredΩNODE_2_length_515833_cov_109.458385_110	UniRef100_A0A0E2LYW5~K08217	99.7	354	1	0	1	354	47	400	2.15e-244	673
careful_filteredΩNODE_1_length_651721_cov_115.299404_257	UniRef100_K0NBE4~K02005	99.4	354	2	0	1	354	1	354	1.27e-234	646
isolate_filteredΩNODE_5_length_328887_cov_99.193781_267	UniRef100_K6Q465~K03553	100	353	0	0	1	353	1	353	1.30e-243	670
isolate_filteredΩNODE_5_length_328887_cov_99.193781_198	UniRef100_Q03AI5~K10112	99.7	353	1	0	1	353	1	353	2.63e-247	678
isolate_filteredΩNODE_4_length_348303_cov_105.649211_243	UniRef100_A0A0K1MQR5~K02004	99.7	353	1	0	1	353	1	353	4.28e-237	652
careful_filteredΩNODE_5_length_328887_cov_107.364402_115	UniRef100_Q03AI5~K10112	99.7	353	1	0	1	353	1	353	2.63e-247	678
careful_filteredΩNODE_5_length_328887_cov_107.364402_46	UniRef100_K6Q465~K03553	100	353	0	0	1	353	1	353	1.30e-243	670
careful_filteredΩNODE_4_length_348303_cov_114.271516_243	UniRef100_A0A0K1MQR5~K02004	99.7	353	1	0	1	353	1	353	4.28e-237	652
isolate_filteredΩNODE_7_length_113986_cov_95.550027_43	UniRef100_A0A0E2LUR0~K02012	100	352	0	0	1	352	1	352	2.33e-245	673
isolate_filteredΩNODE_5_length_328887_cov_99.193781_285	UniRef100_A0A0K1KYL0~K03734	100	352	0	0	1	352	1	352	1.33e-260	712
isolate_filteredΩNODE_3_length_404174_cov_100.322816_334	UniRef100_K6QHH4~K02004	98.9	352	4	0	1	352	1	352	8.91e-234	644
isolate_filteredΩNODE_1_length_651596_cov_106.573662_149	UniRef100_A0A1S2B3I1~K00133	99.4	352	2	0	1	352	1	352	1.87e-251	689
careful_filteredΩNODE_7_length_113509_cov_103.332278_43	UniRef100_A0A0E2LUR0~K02012	100	352	0	0	1	352	1	352	2.33e-245	673
careful_filteredΩNODE_5_length_328887_cov_107.364402_28	UniRef100_A0A0K1KYL0~K03734	100	352	0	0	1	352	1	352	1.33e-260	712
careful_filteredΩNODE_3_length_403891_cov_108.585722_50	UniRef100_K6QHH4~K02004	98.9	352	4	0	1	352	1	352	8.91e-234	644
careful_filteredΩNODE_1_length_651721_cov_115.299404_149	UniRef100_A0A1S2B3I1~K00133	99.4	352	2	0	1	352	1	352	1.87e-251	689
isolate_filteredΩNODE_5_length_328887_cov_99.193781_291	UniRef100_A0A1Y2KQV4~K06198	99.7	351	1	0	1	351	1	351	3.18e-272	741
isolate_filteredΩNODE_5_length_328887_cov_99.193781_243	UniRef100_B3WCP6~K00057	99.7	351	1	0	1	351	1	351	3.34e-249	683
careful_filteredΩNODE_5_length_328887_cov_107.364402_70	UniRef100_B3WCP6~K00057	99.7	351	1	0	1	351	1	351	3.34e-249	683
careful_filteredΩNODE_5_length_328887_cov_107.364402_22	UniRef100_A0A1Y2KQV4~K06198	99.7	351	1	0	1	351	1	351	3.18e-272	741
isolate_filteredΩNODE_7_length_113986_cov_95.550027_3	UniRef100_A0A1V0Q3Y3~K02071	100	350	0	0	1	350	1	350	1.35e-243	669
isolate_filteredΩNODE_6_length_211744_cov_100.420410_25	UniRef100_A0A1V0QAA5~K15583	100	350	0	0	1	350	1	350	7.91e-252	689
isolate_filteredΩNODE_1_length_651596_cov_106.573662_405	UniRef100_Q73RL3~K00008	42.4	344	197	1	3	346	4	346	6.25e-91	281
isolate_filteredΩNODE_1_length_651596_cov_106.573662_25	UniRef100_A5YBJ8~K00010	99.4	350	2	0	1	350	1	350	8.48e-247	677
careful_filteredΩNODE_7_length_113509_cov_103.332278_3	UniRef100_A0A1V0Q3Y3~K02071	100	350	0	0	1	350	1	350	1.35e-243	669
careful_filteredΩNODE_6_length_211744_cov_108.667298_25	UniRef100_A0A1V0QAA5~K15583	100	350	0	0	1	350	1	350	7.91e-252	689
careful_filteredΩNODE_1_length_651721_cov_115.299404_405	UniRef100_Q73RL3~K00008	42.4	344	197	1	3	346	4	346	6.25e-91	281
careful_filteredΩNODE_1_length_651721_cov_115.299404_25	UniRef100_A5YBJ8~K00010	99.4	350	2	0	1	350	1	350	8.48e-247	677
isolate_filteredΩNODE_8_length_78445_cov_288.695424_54	UniRef100_D5T139~K02051	48.9	333	161	1	12	344	11	334	1.66e-109	328
careful_filteredΩNODE_8_length_78445_cov_310.951587_54	UniRef100_D5T139~K02051	48.9	333	161	1	12	344	11	334	1.66e-109	328
isolate_filteredΩNODE_2_length_515833_cov_101.187436_446	UniRef100_Q038C7~K01889	100	348	0	0	1	348	1	348	1.33e-258	706
isolate_filteredΩNODE_2_length_515833_cov_101.187436_283	UniRef100_A0A1S2ANI4~K03705	100	348	0	0	1	348	1	348	8.83e-248	679
careful_filteredΩNODE_2_length_515833_cov_109.458385_446	UniRef100_Q038C7~K01889	100	348	0	0	1	348	1	348	1.33e-258	706
careful_filteredΩNODE_2_length_515833_cov_109.458385_283	UniRef100_A0A1S2ANI4~K03705	100	348	0	0	1	348	1	348	8.83e-248	679
isolate_filteredΩNODE_3_length_404174_cov_100.322816_58	UniRef100_A0A1J3CBU9~K07035	100	347	0	0	1	347	1	347	1.98e-223	617
isolate_filteredΩNODE_2_length_515833_cov_101.187436_24	UniRef100_K0MVB8~K02340	100	347	0	0	1	347	1	347	2.30e-222	615
careful_filteredΩNODE_3_length_403891_cov_108.585722_326	UniRef100_A0A1J3CBU9~K07035	100	347	0	0	1	347	1	347	1.98e-223	617
careful_filteredΩNODE_2_length_515833_cov_109.458385_24	UniRef100_K0MVB8~K02340	100	347	0	0	1	347	1	347	2.30e-222	615
isolate_filteredΩNODE_12_length_50619_cov_101.722152_40	UniRef100_B1YKF5~K01269	32.9	334	199	7	5	322	8	332	6.69e-45	163
isolate_filteredΩNODE_5_length_328887_cov_99.193781_282	UniRef100_A0A0R1EXE9~K07404	100	346	0	0	1	346	1	346	4.43e-256	700
isolate_filteredΩNODE_3_length_404174_cov_100.322816_114	UniRef100_A0A0M3QBU2~K00001	80.8	344	65	1	1	344	1	343	6.71e-203	565
isolate_filteredΩNODE_1_length_651596_cov_106.573662_26	UniRef100_A5YBJ7~K00010	99.1	346	3	0	1	346	1	346	5.95e-245	672
careful_filteredΩNODE_12_length_50619_cov_109.954948_40	UniRef100_B1YKF5~K01269	32.9	334	199	7	5	322	8	332	6.69e-45	163
careful_filteredΩNODE_5_length_328887_cov_107.364402_31	UniRef100_A0A0R1EXE9~K07404	100	346	0	0	1	346	1	346	4.43e-256	700
careful_filteredΩNODE_3_length_403891_cov_108.585722_270	UniRef100_A0A0M3QBU2~K00001	80.8	344	65	1	1	344	1	343	6.71e-203	565
careful_filteredΩNODE_1_length_651721_cov_115.299404_26	UniRef100_A5YBJ7~K00010	99.1	346	3	0	1	346	1	346	5.95e-245	672
isolate_filteredΩNODE_5_length_328887_cov_99.193781_226	UniRef100_A0A1J3C6V1~K05311	100	345	0	0	1	345	1	345	4.15e-240	659
isolate_filteredΩNODE_1_length_651596_cov_106.573662_451	UniRef100_A0A1P8U3J5~K00008	54.2	343	157	0	1	343	1	343	1.64e-135	395
isolate_filteredΩNODE_1_length_651596_cov_106.573662_349	UniRef100_A0A0R1F5M9~K00001	93.9	345	21	0	1	345	16	360	1.18e-229	634
careful_filteredΩNODE_5_length_328887_cov_107.364402_87	UniRef100_A0A1J3C6V1~K05311	100	345	0	0	1	345	1	345	4.15e-240	659
careful_filteredΩNODE_1_length_651721_cov_115.299404_451	UniRef100_A0A1P8U3J5~K00008	54.2	343	157	0	1	343	1	343	1.64e-135	395
careful_filteredΩNODE_1_length_651721_cov_115.299404_349	UniRef100_A0A0R1F5M9~K00001	93.9	345	21	0	1	345	16	360	1.18e-229	634
isolate_filteredΩNODE_5_length_328887_cov_99.193781_130	UniRef100_A0A0K1MTS6~K07029	100	344	0	0	1	344	1	344	4.36e-246	674
isolate_filteredΩNODE_2_length_515833_cov_101.187436_179	UniRef100_Q038V3~K01823	98.5	344	5	0	1	344	1	344	1.15e-241	663
isolate_filteredΩNODE_1_length_651596_cov_106.573662_389	UniRef100_K0NB39~K01206	99.1	344	3	0	1	344	1	344	1.28e-263	719
careful_filteredΩNODE_5_length_328887_cov_107.364402_183	UniRef100_A0A0K1MTS6~K07029	100	344	0	0	1	344	1	344	4.36e-246	674
careful_filteredΩNODE_2_length_515833_cov_109.458385_179	UniRef100_Q038V3~K01823	98.5	344	5	0	1	344	1	344	1.15e-241	663
careful_filteredΩNODE_1_length_651721_cov_115.299404_389	UniRef100_K0NB39~K01206	99.1	344	3	0	1	344	1	344	1.28e-263	719
isolate_filteredΩNODE_7_length_113986_cov_95.550027_6	UniRef100_K0N7U0~K09015	99.7	343	1	0	1	343	1	343	2.61e-242	665
isolate_filteredΩNODE_6_length_211744_cov_100.420410_55	UniRef100_A0A1V0Q9M7~K00826	99.7	343	1	0	1	343	1	343	1.38e-262	716
careful_filteredΩNODE_7_length_113509_cov_103.332278_6	UniRef100_K0N7U0~K09015	99.7	343	1	0	1	343	1	343	2.61e-242	665
careful_filteredΩNODE_6_length_211744_cov_108.667298_55	UniRef100_A0A1V0Q9M7~K00826	99.7	343	1	0	1	343	1	343	1.38e-262	716
isolate_filteredΩNODE_17_length_14292_cov_101.811115_7	UniRef100_A0A0K1KY60~K13678	100	342	0	0	1	342	1	342	2.19e-254	695
careful_filteredΩNODE_17_length_14292_cov_110.179388_7	UniRef100_A0A0K1KY60~K13678	100	342	0	0	1	342	1	342	2.19e-254	695
isolate_filteredΩNODE_3_length_404174_cov_100.322816_138	UniRef100_B3W9X7~K01409	100	341	0	0	1	341	1	341	4.03e-245	672
isolate_filteredΩNODE_2_length_515833_cov_101.187436_389	UniRef100_A0A0K1KZE4~K03621	99.7	341	1	0	1	341	1	341	3.55e-239	657
isolate_filteredΩNODE_1_length_651596_cov_106.573662_164	UniRef100_A0A1S2B1Q0~K00766	99.7	341	1	0	1	341	1	341	8.94e-233	640
careful_filteredΩNODE_3_length_403891_cov_108.585722_246	UniRef100_B3W9X7~K01409	100	341	0	0	1	341	1	341	4.03e-245	672
careful_filteredΩNODE_2_length_515833_cov_109.458385_389	UniRef100_A0A0K1KZE4~K03621	99.7	341	1	0	1	341	1	341	3.55e-239	657
careful_filteredΩNODE_1_length_651721_cov_115.299404_164	UniRef100_A0A1S2B1Q0~K00766	99.7	341	1	0	1	341	1	341	8.94e-233	640
isolate_filteredΩNODE_5_length_328887_cov_99.193781_225	UniRef100_A0A0K1KXQ2~K00134	100	340	0	0	1	340	1	340	1.11e-246	676
isolate_filteredΩNODE_4_length_348303_cov_105.649211_197	UniRef100_A0A2H1NHN0~K00344	55.3	338	148	3	2	337	6	342	1.38e-119	354
isolate_filteredΩNODE_4_length_348303_cov_105.649211_40	UniRef100_A0A1D8YBX7~K00344	41.2	337	193	5	6	337	3	339	2.59e-71	231
isolate_filteredΩNODE_2_length_515833_cov_101.187436_387	UniRef100_A0A0K1MUF2~K02031	100	340	0	0	1	340	1	340	6.45e-246	674
isolate_filteredΩNODE_1_length_651596_cov_106.573662_43	UniRef100_A0A1S2AEG3~K06942	100	340	0	0	1	340	29	368	1.04e-235	649
careful_filteredΩNODE_5_length_328887_cov_107.364402_88	UniRef100_A0A0K1KXQ2~K00134	100	340	0	0	1	340	1	340	1.11e-246	676
careful_filteredΩNODE_4_length_348303_cov_114.271516_197	UniRef100_A0A2H1NHN0~K00344	55.3	338	148	3	2	337	6	342	1.38e-119	354
careful_filteredΩNODE_4_length_348303_cov_114.271516_40	UniRef100_A0A1D8YBX7~K00344	41.2	337	193	5	6	337	3	339	2.59e-71	231
careful_filteredΩNODE_2_length_515833_cov_109.458385_387	UniRef100_A0A0K1MUF2~K02031	100	340	0	0	1	340	1	340	6.45e-246	674
careful_filteredΩNODE_1_length_651721_cov_115.299404_43	UniRef100_A0A1S2AEG3~K06942	100	340	0	0	1	340	29	368	1.04e-235	649
isolate_filteredΩNODE_12_length_50619_cov_101.722152_25	UniRef100_A0A0E2MGE2~K01809	99.1	339	3	0	1	339	1	339	4.43e-257	702
isolate_filteredΩNODE_4_length_348303_cov_105.649211_215	UniRef100_A0A1J3CA49~K05878	100	339	0	0	1	339	1	339	2.33e-243	667
isolate_filteredΩNODE_3_length_404174_cov_100.322816_100	UniRef100_C2FBW2~K01488	100	339	0	0	1	339	1	339	5.96e-246	674
isolate_filteredΩNODE_3_length_404174_cov_100.322816_76	UniRef100_A0A0R1EYU1~K01754	99.4	339	2	0	1	339	4	342	3.97e-238	654
isolate_filteredΩNODE_1_length_651596_cov_106.573662_229	UniRef100_A0A0K1KVW6~K00426	99.7	339	1	0	1	339	1	339	1.02e-237	653
careful_filteredΩNODE_12_length_50619_cov_109.954948_25	UniRef100_A0A0E2MGE2~K01809	99.1	339	3	0	1	339	1	339	4.43e-257	702
careful_filteredΩNODE_4_length_348303_cov_114.271516_215	UniRef100_A0A1J3CA49~K05878	100	339	0	0	1	339	1	339	2.33e-243	667
careful_filteredΩNODE_3_length_403891_cov_108.585722_308	UniRef100_A0A0R1EYU1~K01754	99.4	339	2	0	1	339	4	342	3.97e-238	654
careful_filteredΩNODE_3_length_403891_cov_108.585722_284	UniRef100_C2FBW2~K01488	100	339	0	0	1	339	1	339	5.96e-246	674
careful_filteredΩNODE_1_length_651721_cov_115.299404_229	UniRef100_A0A0K1KVW6~K00426	99.7	339	1	0	1	339	1	339	1.02e-237	653
isolate_filteredΩNODE_11_length_60639_cov_98.791866_56	UniRef100_A0A1S2AJF5~K03551	100	338	0	0	1	338	1	338	1.39e-239	657
isolate_filteredΩNODE_4_length_348303_cov_105.649211_222	UniRef100_B2M0U2~K01442	100	338	0	0	1	338	1	338	1.08e-252	691
isolate_filteredΩNODE_1_length_651596_cov_106.573662_533	UniRef100_K0N7S4~K01867	100	338	0	0	1	338	39	376	1.61e-245	674
careful_filteredΩNODE_11_length_60639_cov_106.889304_56	UniRef100_A0A1S2AJF5~K03551	100	338	0	0	1	338	1	338	1.39e-239	657
careful_filteredΩNODE_4_length_348303_cov_114.271516_222	UniRef100_B2M0U2~K01442	100	338	0	0	1	338	1	338	1.08e-252	691
careful_filteredΩNODE_1_length_651721_cov_115.299404_533	UniRef100_K0N7S4~K01867	100	338	0	0	1	338	39	376	1.61e-245	674
isolate_filteredΩNODE_17_length_14292_cov_101.811115_6	UniRef100_A0A1J3CG29~K07027	100	337	0	0	1	337	1	337	3.05e-222	613
isolate_filteredΩNODE_8_length_78445_cov_288.695424_21	UniRef100_G8PBU0~K07241	56.6	332	143	1	1	332	1	331	1.00e-120	357
isolate_filteredΩNODE_4_length_348303_cov_105.649211_206	UniRef100_G8UXQ8~K01286	30.2	325	184	10	18	320	51	354	9.73e-21	98.2
isolate_filteredΩNODE_3_length_404174_cov_100.322816_96	UniRef100_A0A0K1L173~K00426	100	337	0	0	1	337	1	337	8.33e-236	648
isolate_filteredΩNODE_2_length_515833_cov_101.187436_160	UniRef100_A0A0K1L033~K03800	100	337	0	0	1	337	1	337	9.20e-249	681
careful_filteredΩNODE_17_length_14292_cov_110.179388_6	UniRef100_A0A1J3CG29~K07027	100	337	0	0	1	337	1	337	3.05e-222	613
careful_filteredΩNODE_8_length_78445_cov_310.951587_21	UniRef100_G8PBU0~K07241	56.6	332	143	1	1	332	1	331	1.00e-120	357
careful_filteredΩNODE_4_length_348303_cov_114.271516_206	UniRef100_G8UXQ8~K01286	30.2	325	184	10	18	320	51	354	9.73e-21	98.2
careful_filteredΩNODE_3_length_403891_cov_108.585722_288	UniRef100_A0A0K1L173~K00426	100	337	0	0	1	337	1	337	8.33e-236	648
careful_filteredΩNODE_2_length_515833_cov_109.458385_160	UniRef100_A0A0K1L033~K03800	100	337	0	0	1	337	1	337	9.20e-249	681
isolate_filteredΩNODE_14_length_41384_cov_95.954245_15	UniRef100_A0A0R1FA88~K01933	99.1	336	3	0	1	336	1	336	5.43e-236	648
isolate_filteredΩNODE_5_length_328887_cov_99.193781_159	UniRef100_A0A1S2AE53~K00571	99.7	336	1	0	1	336	1	336	1.39e-238	655
isolate_filteredΩNODE_4_length_348303_cov_105.649211_287	UniRef100_A0A0K1MRG5~K05878	100	336	0	0	1	336	1	336	2.31e-237	652
isolate_filteredΩNODE_4_length_348303_cov_105.649211_90	UniRef100_C0J1B3~K01785	98.8	336	4	0	1	336	1	336	6.50e-253	691
careful_filteredΩNODE_14_length_41384_cov_103.912799_15	UniRef100_A0A0R1FA88~K01933	99.1	336	3	0	1	336	1	336	5.43e-236	648
careful_filteredΩNODE_5_length_328887_cov_107.364402_154	UniRef100_A0A1S2AE53~K00571	99.7	336	1	0	1	336	1	336	1.39e-238	655
careful_filteredΩNODE_4_length_348303_cov_114.271516_287	UniRef100_A0A0K1MRG5~K05878	100	336	0	0	1	336	1	336	2.31e-237	652
careful_filteredΩNODE_4_length_348303_cov_114.271516_90	UniRef100_C0J1B3~K01785	98.8	336	4	0	1	336	1	336	6.50e-253	691
isolate_filteredΩNODE_10_length_64565_cov_110.910433_12	UniRef100_A0A0C9QAM7~K02529	99.4	335	2	0	1	335	4	338	8.33e-238	653
isolate_filteredΩNODE_5_length_328887_cov_99.193781_107	UniRef100_C2FGL2~K07058	99.7	335	1	0	1	335	15	349	6.11e-229	631
isolate_filteredΩNODE_4_length_348303_cov_105.649211_236	UniRef100_D5DJ24~K02529	44.0	334	182	1	1	334	1	329	5.48e-89	275
isolate_filteredΩNODE_1_length_651596_cov_106.573662_150	UniRef100_A0A0R1F6X2~K01778	99.7	335	1	0	1	335	1	335	7.76e-240	658
careful_filteredΩNODE_10_length_65045_cov_123.164358_56	UniRef100_A0A0C9QAM7~K02529	99.4	335	2	0	1	335	4	338	8.33e-238	653
careful_filteredΩNODE_5_length_328887_cov_107.364402_206	UniRef100_C2FGL2~K07058	99.7	335	1	0	1	335	15	349	6.11e-229	631
careful_filteredΩNODE_4_length_348303_cov_114.271516_236	UniRef100_D5DJ24~K02529	44.0	334	182	1	1	334	1	329	5.48e-89	275
careful_filteredΩNODE_1_length_651721_cov_115.299404_150	UniRef100_A0A0R1F6X2~K01778	99.7	335	1	0	1	335	1	335	7.76e-240	658
isolate_filteredΩNODE_6_length_211744_cov_100.420410_163	UniRef100_A0A0R1F1P3~K01910	99.1	334	3	0	1	334	1	334	4.77e-229	630
isolate_filteredΩNODE_2_length_515833_cov_101.187436_178	UniRef100_A0A1Y2KTD9~K01597	99.7	334	1	0	1	334	1	334	1.74e-231	637
isolate_filteredΩNODE_2_length_515833_cov_101.187436_133	UniRef100_A0A0C9PE95~K00166	99.7	334	1	0	1	334	4	337	1.55e-237	652
isolate_filteredΩNODE_2_length_515833_cov_101.187436_21	UniRef100_Q039M2~K07177	99.4	334	2	0	1	334	1	334	1.22e-231	637
isolate_filteredΩNODE_1_length_651596_cov_106.573662_521	UniRef100_A0A1S2B200~K19265	99.4	334	2	0	1	334	1	334	2.73e-244	669
careful_filteredΩNODE_6_length_211744_cov_108.667298_163	UniRef100_A0A0R1F1P3~K01910	99.1	334	3	0	1	334	1	334	4.77e-229	630
careful_filteredΩNODE_2_length_515833_cov_109.458385_178	UniRef100_A0A1Y2KTD9~K01597	99.7	334	1	0	1	334	1	334	1.74e-231	637
careful_filteredΩNODE_2_length_515833_cov_109.458385_133	UniRef100_A0A0C9PE95~K00166	99.7	334	1	0	1	334	4	337	1.55e-237	652
careful_filteredΩNODE_2_length_515833_cov_109.458385_21	UniRef100_Q039M2~K07177	99.4	334	2	0	1	334	1	334	1.22e-231	637
careful_filteredΩNODE_1_length_651721_cov_115.299404_521	UniRef100_A0A1S2B200~K19265	99.4	334	2	0	1	334	1	334	2.73e-244	669
isolate_filteredΩNODE_13_length_45945_cov_96.796285_31	UniRef100_C2FGE2~K07566	99.1	333	3	0	1	333	1	333	8.67e-236	647
isolate_filteredΩNODE_11_length_60639_cov_98.791866_19	UniRef100_Q48518~K02529	100	333	0	0	1	333	1	333	6.83e-233	640
isolate_filteredΩNODE_7_length_113986_cov_95.550027_65	UniRef100_A0A0K1KYG9~K03569	100	333	0	0	1	333	1	333	6.54e-231	635
isolate_filteredΩNODE_4_length_348303_cov_105.649211_82	UniRef100_A0A1S2AJJ8~K01635	99.4	333	2	0	1	333	1	333	3.84e-239	656
isolate_filteredΩNODE_3_length_404174_cov_100.322816_10	UniRef100_K0NA30~K02529	98.8	333	4	0	1	333	16	348	3.82e-229	631
isolate_filteredΩNODE_1_length_651596_cov_106.573662_616	UniRef100_A0A0R1FCL0~K05540	99.4	333	2	0	1	333	1	333	1.15e-240	660
isolate_filteredΩNODE_1_length_651596_cov_106.573662_443	UniRef100_A0A1S2ASD4~K02526	99.7	333	1	0	1	333	1	333	3.14e-183	514
isolate_filteredΩNODE_1_length_651596_cov_106.573662_113	UniRef100_S2UWQ1~K03778	100	333	0	0	1	333	1	333	2.16e-245	672
careful_filteredΩNODE_13_length_45945_cov_104.682262_31	UniRef100_C2FGE2~K07566	99.1	333	3	0	1	333	1	333	8.67e-236	647
careful_filteredΩNODE_11_length_60639_cov_106.889304_19	UniRef100_Q48518~K02529	100	333	0	0	1	333	1	333	6.83e-233	640
careful_filteredΩNODE_7_length_113509_cov_103.332278_65	UniRef100_A0A0K1KYG9~K03569	100	333	0	0	1	333	1	333	6.54e-231	635
careful_filteredΩNODE_4_length_348303_cov_114.271516_82	UniRef100_A0A1S2AJJ8~K01635	99.4	333	2	0	1	333	1	333	3.84e-239	656
careful_filteredΩNODE_3_length_403891_cov_108.585722_374	UniRef100_K0NA30~K02529	98.8	333	4	0	1	333	16	348	3.82e-229	631
careful_filteredΩNODE_1_length_651721_cov_115.299404_616	UniRef100_A0A0R1FCL0~K05540	99.4	333	2	0	1	333	1	333	1.15e-240	660
careful_filteredΩNODE_1_length_651721_cov_115.299404_443	UniRef100_A0A1S2ASD4~K02526	99.7	333	1	0	1	333	1	333	3.14e-183	514
careful_filteredΩNODE_1_length_651721_cov_115.299404_113	UniRef100_S2UWQ1~K03778	100	333	0	0	1	333	1	333	2.16e-245	672
isolate_filteredΩNODE_6_length_211744_cov_100.420410_24	UniRef100_K0N706~K15582	100	332	0	0	1	332	8	339	3.73e-229	631
isolate_filteredΩNODE_2_length_515833_cov_101.187436_451	UniRef100_S2U0J3~K03217	100	332	0	0	1	332	1	332	4.08e-229	630
isolate_filteredΩNODE_2_length_515833_cov_101.187436_257	UniRef100_A0A1B1MW97~K22230	32.0	338	213	4	1	332	1	327	1.27e-40	150
isolate_filteredΩNODE_1_length_651596_cov_106.573662_561	UniRef100_A0A0K1MY69~K01635	100	332	0	0	1	332	1	332	5.05e-239	655
careful_filteredΩNODE_6_length_211744_cov_108.667298_24	UniRef100_K0N706~K15582	100	332	0	0	1	332	8	339	3.73e-229	631
careful_filteredΩNODE_2_length_515833_cov_109.458385_451	UniRef100_S2U0J3~K03217	100	332	0	0	1	332	1	332	4.08e-229	630
careful_filteredΩNODE_2_length_515833_cov_109.458385_257	UniRef100_A0A1B1MW97~K22230	32.0	338	213	4	1	332	1	327	1.27e-40	150
careful_filteredΩNODE_1_length_651721_cov_115.299404_561	UniRef100_A0A0K1MY69~K01635	100	332	0	0	1	332	1	332	5.05e-239	655
isolate_filteredΩNODE_10_length_64565_cov_110.910433_41	UniRef100_A0A0R1EZE3~K01750	99.4	331	2	0	1	331	2	332	1.12e-228	629
isolate_filteredΩNODE_9_length_65232_cov_99.822408_33	UniRef100_A0A1S2AHV3~K01989	99.7	331	1	0	1	331	1	331	1.21e-225	622
isolate_filteredΩNODE_4_length_348303_cov_105.649211_93	UniRef100_O84903~K01784	99.7	331	1	0	1	331	1	331	1.11e-246	675
isolate_filteredΩNODE_4_length_348303_cov_105.649211_91	UniRef100_A0A0R1FB26~K02529	98.5	331	5	0	1	331	7	337	5.06e-224	618
isolate_filteredΩNODE_2_length_515833_cov_101.187436_380	UniRef100_A0A0R1F8G8~K03110	99.7	331	1	0	1	331	1	331	4.80e-232	638
careful_filteredΩNODE_10_length_65045_cov_123.164358_27	UniRef100_A0A0R1EZE3~K01750	99.4	331	2	0	1	331	2	332	1.12e-228	629
careful_filteredΩNODE_9_length_65232_cov_108.045645_30	UniRef100_A0A1S2AHV3~K01989	99.7	331	1	0	1	331	1	331	1.21e-225	622
careful_filteredΩNODE_4_length_348303_cov_114.271516_93	UniRef100_O84903~K01784	99.7	331	1	0	1	331	1	331	1.11e-246	675
careful_filteredΩNODE_4_length_348303_cov_114.271516_91	UniRef100_A0A0R1FB26~K02529	98.5	331	5	0	1	331	7	337	5.06e-224	618
careful_filteredΩNODE_2_length_515833_cov_109.458385_380	UniRef100_A0A0R1F8G8~K03110	99.7	331	1	0	1	331	1	331	4.80e-232	638
isolate_filteredΩNODE_8_length_78445_cov_288.695424_52	UniRef100_Q8DV55~K02050	58.1	310	130	0	21	330	19	328	2.11e-127	373
isolate_filteredΩNODE_6_length_211744_cov_100.420410_83	UniRef100_W0ERM8~K20534	40.4	307	171	5	8	310	5	303	4.89e-65	213
isolate_filteredΩNODE_3_length_404174_cov_100.322816_59	UniRef100_C2FC09~K03778	98.5	330	5	0	1	330	1	330	2.36e-227	626
careful_filteredΩNODE_8_length_78445_cov_310.951587_52	UniRef100_Q8DV55~K02050	58.1	310	130	0	21	330	19	328	2.11e-127	373
careful_filteredΩNODE_6_length_211744_cov_108.667298_83	UniRef100_W0ERM8~K20534	40.4	307	171	5	8	310	5	303	4.89e-65	213
careful_filteredΩNODE_3_length_403891_cov_108.585722_325	UniRef100_C2FC09~K03778	98.5	330	5	0	1	330	1	330	2.36e-227	626
isolate_filteredΩNODE_13_length_45945_cov_96.796285_44	UniRef100_A0A0K1KYA2~K03569	100	329	0	0	1	329	1	329	9.27e-229	629
isolate_filteredΩNODE_5_length_328887_cov_99.193781_279	UniRef100_Q03AR1~K00364	100	329	0	0	1	329	1	329	2.24e-245	671
careful_filteredΩNODE_13_length_45945_cov_104.682262_44	UniRef100_A0A0K1KYA2~K03569	100	329	0	0	1	329	1	329	9.27e-229	629
careful_filteredΩNODE_5_length_328887_cov_107.364402_34	UniRef100_Q03AR1~K00364	100	329	0	0	1	329	1	329	2.24e-245	671
isolate_filteredΩNODE_11_length_60639_cov_98.791866_3	UniRef100_Q03AW0~K21567	100	328	0	0	1	328	1	328	8.71e-238	652
isolate_filteredΩNODE_4_length_348303_cov_105.649211_24	UniRef100_A0A0K1KXV5~K07088	100	328	0	0	1	328	1	328	4.00e-218	602
isolate_filteredΩNODE_3_length_404174_cov_100.322816_22	UniRef100_A0A0K1L1R1~K02371	100	328	0	0	1	328	1	328	1.78e-221	611
isolate_filteredΩNODE_2_length_515833_cov_101.187436_229	UniRef100_A0A1J3C1K8~K06217	100	328	0	0	1	328	1	328	5.18e-230	632
isolate_filteredΩNODE_2_length_515833_cov_101.187436_132	UniRef100_A0A1J3C7P3~K00167	99.7	328	1	0	1	328	1	328	9.34e-233	639
careful_filteredΩNODE_11_length_60639_cov_106.889304_3	UniRef100_Q03AW0~K21567	100	328	0	0	1	328	1	328	8.71e-238	652
careful_filteredΩNODE_4_length_348303_cov_114.271516_24	UniRef100_A0A0K1KXV5~K07088	100	328	0	0	1	328	1	328	4.00e-218	602
careful_filteredΩNODE_3_length_403891_cov_108.585722_362	UniRef100_A0A0K1L1R1~K02371	100	328	0	0	1	328	1	328	1.78e-221	611
careful_filteredΩNODE_2_length_515833_cov_109.458385_229	UniRef100_A0A1J3C1K8~K06217	100	328	0	0	1	328	1	328	5.18e-230	632
careful_filteredΩNODE_2_length_515833_cov_109.458385_132	UniRef100_A0A1J3C7P3~K00167	99.7	328	1	0	1	328	1	328	9.34e-233	639
isolate_filteredΩNODE_10_length_64565_cov_110.910433_52	UniRef100_A0A0K1MQG3~K02529	100	327	0	0	1	327	1	327	6.80e-230	632
isolate_filteredΩNODE_8_length_78445_cov_288.695424_51	UniRef100_J9WB95~K07393	43.9	294	164	1	23	315	13	306	8.00e-81	253
isolate_filteredΩNODE_6_length_211744_cov_100.420410_136	UniRef100_A0A0R1F5U8~K15582	99.4	327	2	0	1	327	16	342	1.33e-226	624
careful_filteredΩNODE_10_length_65045_cov_123.164358_16	UniRef100_A0A0K1MQG3~K02529	100	327	0	0	1	327	1	327	6.80e-230	632
careful_filteredΩNODE_8_length_78445_cov_310.951587_51	UniRef100_J9WB95~K07393	43.9	294	164	1	23	315	13	306	8.00e-81	253
careful_filteredΩNODE_6_length_211744_cov_108.667298_136	UniRef100_A0A0R1F5U8~K15582	99.4	327	2	0	1	327	16	342	1.33e-226	624
isolate_filteredΩNODE_10_length_64565_cov_110.910433_15	UniRef100_K6R5A2~K10440	93.9	326	20	0	1	326	1	326	7.86e-193	539
isolate_filteredΩNODE_6_length_211744_cov_100.420410_33	UniRef100_A0A0R1F9X4~K01710	98.5	324	5	0	3	326	1	324	5.74e-246	672
isolate_filteredΩNODE_2_length_515833_cov_101.187436_157	UniRef100_A0A0K1KZ12~K00526	100	326	0	0	1	326	1	326	5.70e-242	662
isolate_filteredΩNODE_1_length_651596_cov_106.573662_604	UniRef100_P00343~K00016	100	326	0	0	1	326	1	326	1.61e-232	639
isolate_filteredΩNODE_1_length_651596_cov_106.573662_445	UniRef100_K6QP73~K22024	99.7	326	1	0	1	326	1	326	5.03e-236	647
isolate_filteredΩNODE_1_length_651596_cov_106.573662_28	UniRef100_A5YBJ5~K03338	100	326	0	0	1	326	1	326	8.57e-228	627
careful_filteredΩNODE_10_length_65045_cov_123.164358_53	UniRef100_K6R5A2~K10440	93.9	326	20	0	1	326	1	326	7.86e-193	539
careful_filteredΩNODE_6_length_211744_cov_108.667298_33	UniRef100_A0A0R1F9X4~K01710	98.5	324	5	0	3	326	1	324	5.74e-246	672
careful_filteredΩNODE_2_length_515833_cov_109.458385_157	UniRef100_A0A0K1KZ12~K00526	100	326	0	0	1	326	1	326	5.70e-242	662
careful_filteredΩNODE_1_length_651721_cov_115.299404_604	UniRef100_P00343~K00016	100	326	0	0	1	326	1	326	1.61e-232	639
careful_filteredΩNODE_1_length_651721_cov_115.299404_445	UniRef100_K6QP73~K22024	99.7	326	1	0	1	326	1	326	5.03e-236	647
careful_filteredΩNODE_1_length_651721_cov_115.299404_28	UniRef100_A5YBJ5~K03338	100	326	0	0	1	326	1	326	8.57e-228	627
isolate_filteredΩNODE_15_length_29009_cov_340.104659_8	UniRef100_A0A0R2IMU7~K17074	49.1	322	162	2	1	322	1	320	1.63e-99	301
isolate_filteredΩNODE_6_length_211744_cov_100.420410_26	UniRef100_A0A1S2AXB3~K10823	100	325	0	0	1	325	1	325	9.65e-229	629
isolate_filteredΩNODE_5_length_328887_cov_99.193781_193	UniRef100_A0A0E2BSZ5~K00625	100	325	0	0	1	325	1	325	2.37e-229	630
isolate_filteredΩNODE_4_length_348303_cov_105.649211_55	UniRef100_K0N302~K20534	100	325	0	0	1	325	14	338	1.99e-231	636
isolate_filteredΩNODE_3_length_404174_cov_100.322816_190	UniRef100_A0A1J3C5P9~K00805	99.7	325	1	0	1	325	1	325	9.65e-229	629
isolate_filteredΩNODE_3_length_404174_cov_100.322816_147	UniRef100_K0NA93~K02341	100	325	0	0	1	325	2	326	2.17e-223	615
isolate_filteredΩNODE_2_length_515833_cov_101.187436_499	UniRef100_A0A0C9PZS4~K03698	100	325	0	0	1	325	1	325	1.89e-235	646
isolate_filteredΩNODE_2_length_515833_cov_101.187436_9	UniRef100_A0A0K1KZA4~K00162	100	325	0	0	1	325	1	325	8.63e-232	637
careful_filteredΩNODE_15_length_29009_cov_366.606837_13	UniRef100_A0A0R2IMU7~K17074	49.1	322	162	2	1	322	1	320	1.63e-99	301
careful_filteredΩNODE_6_length_211744_cov_108.667298_26	UniRef100_A0A1S2AXB3~K10823	100	325	0	0	1	325	1	325	9.65e-229	629
careful_filteredΩNODE_5_length_328887_cov_107.364402_120	UniRef100_A0A0E2BSZ5~K00625	100	325	0	0	1	325	1	325	2.37e-229	630
careful_filteredΩNODE_4_length_348303_cov_114.271516_55	UniRef100_K0N302~K20534	100	325	0	0	1	325	14	338	1.99e-231	636
careful_filteredΩNODE_3_length_403891_cov_108.585722_237	UniRef100_K0NA93~K02341	100	325	0	0	1	325	2	326	2.17e-223	615
careful_filteredΩNODE_3_length_403891_cov_108.585722_194	UniRef100_A0A1J3C5P9~K00805	99.7	325	1	0	1	325	1	325	9.65e-229	629
careful_filteredΩNODE_2_length_515833_cov_109.458385_499	UniRef100_A0A0C9PZS4~K03698	100	325	0	0	1	325	1	325	1.89e-235	646
careful_filteredΩNODE_2_length_515833_cov_109.458385_9	UniRef100_A0A0K1KZA4~K00162	100	325	0	0	1	325	1	325	8.63e-232	637
isolate_filteredΩNODE_3_length_404174_cov_100.322816_318	UniRef100_A0A1S2AX53~K15553	100	324	0	0	1	324	1	324	7.03e-226	622
isolate_filteredΩNODE_3_length_404174_cov_100.322816_143	UniRef100_Q035X5~K01424	99.7	324	1	0	1	324	1	324	9.32e-231	634
isolate_filteredΩNODE_1_length_651596_cov_106.573662_574	UniRef100_A0A0C9PYV0~K00948	100	324	0	0	1	324	5	328	4.05e-226	622
isolate_filteredΩNODE_1_length_651596_cov_106.573662_309	UniRef100_K0NDL4~K02793&K02794	100	324	0	0	1	324	22	345	4.11e-230	633
isolate_filteredΩNODE_1_length_651596_cov_106.573662_105	UniRef100_A0A0E2M8S6~K15975	100	324	0	0	1	324	1	324	3.19e-247	676
careful_filteredΩNODE_3_length_403891_cov_108.585722_241	UniRef100_Q035X5~K01424	99.7	324	1	0	1	324	1	324	9.32e-231	634
careful_filteredΩNODE_3_length_403891_cov_108.585722_66	UniRef100_A0A1S2AX53~K15553	100	324	0	0	1	324	1	324	7.03e-226	622
careful_filteredΩNODE_1_length_651721_cov_115.299404_574	UniRef100_A0A0C9PYV0~K00948	100	324	0	0	1	324	5	328	4.05e-226	622
careful_filteredΩNODE_1_length_651721_cov_115.299404_309	UniRef100_K0NDL4~K02793&K02794	100	324	0	0	1	324	22	345	4.11e-230	633
careful_filteredΩNODE_1_length_651721_cov_115.299404_105	UniRef100_A0A0E2M8S6~K15975	100	324	0	0	1	324	1	324	3.19e-247	676
isolate_filteredΩNODE_4_length_348303_cov_105.649211_59	UniRef100_K0N914~K05832	100	323	0	0	1	323	32	354	8.35e-209	580
isolate_filteredΩNODE_1_length_651596_cov_106.573662_526	UniRef100_K0N7T9~K11041	98.8	323	4	0	1	323	1	323	5.12e-223	614
careful_filteredΩNODE_4_length_348303_cov_114.271516_59	UniRef100_K0N914~K05832	100	323	0	0	1	323	32	354	8.35e-209	580
careful_filteredΩNODE_1_length_651721_cov_115.299404_526	UniRef100_K0N7T9~K11041	98.8	323	4	0	1	323	1	323	5.12e-223	614
isolate_filteredΩNODE_4_length_348303_cov_105.649211_60	UniRef100_S2UD81~K01989	100	322	0	0	1	322	1	322	1.81e-211	585
isolate_filteredΩNODE_3_length_404174_cov_100.322816_67	UniRef100_A0A0B8U103~K00805	99.7	322	1	0	1	322	1	322	4.95e-225	619
isolate_filteredΩNODE_2_length_515833_cov_101.187436_469	UniRef100_A1TXZ2~K00344	33.0	318	194	9	1	305	12	323	1.18e-34	134
isolate_filteredΩNODE_2_length_515833_cov_101.187436_467	UniRef100_A0A1S2AUU0~K15975	100	322	0	0	1	322	1	322	1.07e-244	669
careful_filteredΩNODE_4_length_348303_cov_114.271516_60	UniRef100_S2UD81~K01989	100	322	0	0	1	322	1	322	1.81e-211	585
careful_filteredΩNODE_3_length_403891_cov_108.585722_317	UniRef100_A0A0B8U103~K00805	99.7	322	1	0	1	322	1	322	4.95e-225	619
careful_filteredΩNODE_2_length_515833_cov_109.458385_469	UniRef100_A1TXZ2~K00344	33.0	318	194	9	1	305	12	323	1.18e-34	134
careful_filteredΩNODE_2_length_515833_cov_109.458385_467	UniRef100_A0A1S2AUU0~K15975	100	322	0	0	1	322	1	322	1.07e-244	669
isolate_filteredΩNODE_7_length_113986_cov_95.550027_79	UniRef100_A0A0E2LYI4~K01000	100	321	0	0	1	321	5	325	2.19e-233	640
isolate_filteredΩNODE_6_length_211744_cov_100.420410_103	UniRef100_Q036X3~K01772	100	321	0	0	1	321	1	321	9.09e-241	659
isolate_filteredΩNODE_1_length_651596_cov_106.573662_530	UniRef100_A0A068N751~K05845&K05846	46.6	279	138	5	44	318	12	283	7.92e-79	247
careful_filteredΩNODE_7_length_113509_cov_103.332278_79	UniRef100_A0A0E2LYI4~K01000	100	321	0	0	1	321	5	325	2.19e-233	640
careful_filteredΩNODE_6_length_211744_cov_108.667298_103	UniRef100_Q036X3~K01772	100	321	0	0	1	321	1	321	9.09e-241	659
careful_filteredΩNODE_1_length_651721_cov_115.299404_530	UniRef100_A0A068N751~K05845&K05846	46.6	279	138	5	44	318	12	283	7.92e-79	247
isolate_filteredΩNODE_3_length_404174_cov_100.322816_24	UniRef100_A0A1J3C235~K00648	100	320	0	0	1	320	1	320	1.80e-226	623
isolate_filteredΩNODE_2_length_515833_cov_101.187436_433	UniRef100_K0NB57~K00845	100	320	0	0	1	320	16	335	1.34e-227	626
isolate_filteredΩNODE_2_length_515833_cov_101.187436_385	UniRef100_A0A1J3C4N1~K02033	100	320	0	0	1	320	1	320	1.27e-226	623
isolate_filteredΩNODE_2_length_515833_cov_101.187436_45	UniRef100_B3WE54~K00784	100	320	0	0	1	320	1	320	1.23e-233	641
isolate_filteredΩNODE_1_length_651596_cov_106.573662_394	UniRef100_A0A221N0V5~K01424	67.0	315	104	0	5	319	2	316	7.46e-149	426
isolate_filteredΩNODE_1_length_651596_cov_106.573662_61	UniRef100_L0F6D7~K00015	49.2	319	157	2	3	319	11	326	7.87e-95	290
careful_filteredΩNODE_3_length_403891_cov_108.585722_360	UniRef100_A0A1J3C235~K00648	100	320	0	0	1	320	1	320	1.80e-226	623
careful_filteredΩNODE_2_length_515833_cov_109.458385_433	UniRef100_K0NB57~K00845	100	320	0	0	1	320	16	335	1.34e-227	626
careful_filteredΩNODE_2_length_515833_cov_109.458385_385	UniRef100_A0A1J3C4N1~K02033	100	320	0	0	1	320	1	320	1.27e-226	623
careful_filteredΩNODE_2_length_515833_cov_109.458385_45	UniRef100_B3WE54~K00784	100	320	0	0	1	320	1	320	1.23e-233	641
careful_filteredΩNODE_1_length_651721_cov_115.299404_394	UniRef100_A0A221N0V5~K01424	67.0	315	104	0	5	319	2	316	7.46e-149	426
careful_filteredΩNODE_1_length_651721_cov_115.299404_61	UniRef100_L0F6D7~K00015	49.2	319	157	2	3	319	11	326	7.87e-95	290
isolate_filteredΩNODE_10_length_64565_cov_110.910433_16	UniRef100_A0A0C9PUM6~K10439	100	319	0	0	1	319	1	319	5.24e-214	591
isolate_filteredΩNODE_5_length_328887_cov_99.193781_245	UniRef100_Q9RE09~K06023	100	319	0	0	1	319	1	319	2.17e-222	612
isolate_filteredΩNODE_4_length_348303_cov_105.649211_57	UniRef100_D3PL62~K19745	44.2	310	159	6	1	300	1	306	9.41e-71	228
isolate_filteredΩNODE_3_length_404174_cov_100.322816_183	UniRef100_A0A226UMH0~K02548	33.9	316	180	5	12	319	5	299	1.39e-42	154
isolate_filteredΩNODE_2_length_515833_cov_101.187436_55	UniRef100_B3WE64~K00850	100	319	0	0	1	319	1	319	3.36e-226	622
isolate_filteredΩNODE_1_length_651596_cov_106.573662_531	UniRef100_A0A0K1MR80~K05847	100	319	0	0	1	319	1	319	4.77e-226	622
careful_filteredΩNODE_10_length_65045_cov_123.164358_52	UniRef100_A0A0C9PUM6~K10439	100	319	0	0	1	319	1	319	5.24e-214	591
careful_filteredΩNODE_5_length_328887_cov_107.364402_68	UniRef100_Q9RE09~K06023	100	319	0	0	1	319	1	319	2.17e-222	612
careful_filteredΩNODE_4_length_348303_cov_114.271516_57	UniRef100_D3PL62~K19745	44.2	310	159	6	1	300	1	306	9.41e-71	228
careful_filteredΩNODE_3_length_403891_cov_108.585722_201	UniRef100_A0A226UMH0~K02548	33.9	316	180	5	12	319	5	299	1.39e-42	154
careful_filteredΩNODE_2_length_515833_cov_109.458385_55	UniRef100_B3WE64~K00850	100	319	0	0	1	319	1	319	3.36e-226	622
careful_filteredΩNODE_1_length_651721_cov_115.299404_531	UniRef100_A0A0K1MR80~K05847	100	319	0	0	1	319	1	319	4.77e-226	622
isolate_filteredΩNODE_11_length_60639_cov_98.791866_47	UniRef100_A0A1S2AHH0~K06881	100	318	0	0	1	318	2	319	2.03e-229	630
isolate_filteredΩNODE_4_length_348303_cov_105.649211_282	UniRef100_B9E8I6~K05346	30.2	305	204	7	14	314	12	311	1.15e-33	131
isolate_filteredΩNODE_4_length_348303_cov_105.649211_61	UniRef100_A0A0C9PSJ5~K01989	99.4	318	2	0	1	318	1	318	4.65e-212	586
isolate_filteredΩNODE_2_length_515833_cov_101.187436_400	UniRef100_A0A1Y2KU26~K00604	99.7	318	1	0	1	318	1	318	5.15e-225	619
isolate_filteredΩNODE_2_length_515833_cov_101.187436_108	UniRef100_B1HMY8~K11629	34.2	298	164	10	39	311	37	327	1.70e-37	142
careful_filteredΩNODE_11_length_60639_cov_106.889304_47	UniRef100_A0A1S2AHH0~K06881	100	318	0	0	1	318	2	319	2.03e-229	630
careful_filteredΩNODE_4_length_348303_cov_114.271516_282	UniRef100_B9E8I6~K05346	30.2	305	204	7	14	314	12	311	1.15e-33	131
careful_filteredΩNODE_4_length_348303_cov_114.271516_61	UniRef100_A0A0C9PSJ5~K01989	99.4	318	2	0	1	318	1	318	4.65e-212	586
careful_filteredΩNODE_2_length_515833_cov_109.458385_400	UniRef100_A0A1Y2KU26~K00604	99.7	318	1	0	1	318	1	318	5.15e-225	619
careful_filteredΩNODE_2_length_515833_cov_109.458385_108	UniRef100_B1HMY8~K11629	34.2	298	164	10	39	311	37	327	1.70e-37	142
isolate_filteredΩNODE_6_length_211744_cov_100.420410_135	UniRef100_K6PY89~K15581	98.4	317	5	0	1	317	1	317	3.69e-213	589
isolate_filteredΩNODE_5_length_328887_cov_99.193781_214	UniRef100_A9WJB0~K02529	30.4	332	209	8	3	312	2	333	1.24e-33	132
isolate_filteredΩNODE_5_length_328887_cov_99.193781_116	UniRef100_A0A1L3MUV9~K22230	38.7	282	170	3	1	280	1	281	2.47e-58	196
isolate_filteredΩNODE_3_length_404174_cov_100.322816_277	UniRef100_A0A127D3J3~K06607	31.0	332	175	12	2	308	3	305	3.40e-27	114
isolate_filteredΩNODE_2_length_515833_cov_101.187436_386	UniRef100_A0A1Y2KTQ6~K02032	100	317	0	0	1	317	1	317	5.18e-229	629
careful_filteredΩNODE_6_length_211744_cov_108.667298_135	UniRef100_K6PY89~K15581	98.4	317	5	0	1	317	1	317	3.69e-213	589
careful_filteredΩNODE_5_length_328887_cov_107.364402_197	UniRef100_A0A1L3MUV9~K22230	38.7	282	170	3	1	280	1	281	2.47e-58	196
careful_filteredΩNODE_5_length_328887_cov_107.364402_99	UniRef100_A9WJB0~K02529	30.4	332	209	8	3	312	2	333	1.24e-33	132
careful_filteredΩNODE_3_length_403891_cov_108.585722_107	UniRef100_A0A127D3J3~K06607	31.0	332	175	12	2	308	3	305	3.40e-27	114
careful_filteredΩNODE_2_length_515833_cov_109.458385_386	UniRef100_A0A1Y2KTQ6~K02032	100	317	0	0	1	317	1	317	5.18e-229	629
isolate_filteredΩNODE_12_length_50619_cov_101.722152_6	UniRef100_A0A1J3CDF0~K01998	100	316	0	0	1	316	1	316	8.66e-184	514
isolate_filteredΩNODE_3_length_404174_cov_100.322816_325	UniRef100_A0A0R1F3A8~K01990	99.7	316	1	0	1	316	10	325	8.99e-218	601
isolate_filteredΩNODE_2_length_515833_cov_101.187436_78	UniRef100_Q039F7~K00560	99.4	316	2	0	1	316	1	316	1.11e-243	666
isolate_filteredΩNODE_1_length_651596_cov_106.573662_567	UniRef100_K0N8F2~K00919	100	316	0	0	1	316	9	324	2.01e-232	638
careful_filteredΩNODE_12_length_50619_cov_109.954948_6	UniRef100_A0A1J3CDF0~K01998	100	316	0	0	1	316	1	316	8.66e-184	514
careful_filteredΩNODE_3_length_403891_cov_108.585722_59	UniRef100_A0A0R1F3A8~K01990	99.7	316	1	0	1	316	10	325	8.99e-218	601
careful_filteredΩNODE_2_length_515833_cov_109.458385_78	UniRef100_Q039F7~K00560	99.4	316	2	0	1	316	1	316	1.11e-243	666
careful_filteredΩNODE_1_length_651721_cov_115.299404_567	UniRef100_K0N8F2~K00919	100	316	0	0	1	316	9	324	2.01e-232	638
isolate_filteredΩNODE_5_length_328887_cov_99.193781_278	UniRef100_K0N9H3~K03284	100	315	0	0	1	315	55	369	3.09e-217	601
isolate_filteredΩNODE_5_length_328887_cov_99.193781_242	UniRef100_A0A0K1KYC5~K00384	99.7	315	1	0	1	315	1	315	7.35e-228	626
isolate_filteredΩNODE_5_length_328887_cov_99.193781_230	UniRef100_Q03AL2~K09762	100	315	0	0	1	315	1	315	1.31e-221	610
isolate_filteredΩNODE_5_length_328887_cov_99.193781_165	UniRef100_A0A1Y2KLK4~K02244	99.4	315	2	0	1	315	3	317	6.41e-218	601
isolate_filteredΩNODE_4_length_348303_cov_105.649211_32	UniRef100_A0A0K1KY56~K07088	100	315	0	0	1	315	1	315	1.34e-214	592
isolate_filteredΩNODE_3_length_404174_cov_100.322816_314	UniRef100_A0A0K1L1P6~K02044	100	315	0	0	1	315	1	315	9.05e-213	588
isolate_filteredΩNODE_2_length_515833_cov_101.187436_285	UniRef100_K6QQA4~K11753	99.7	315	1	0	1	315	1	315	1.48e-227	625
isolate_filteredΩNODE_2_length_515833_cov_101.187436_249	UniRef100_B3WEN7~K02687	99.4	315	2	0	1	315	1	315	3.21e-222	612
careful_filteredΩNODE_5_length_328887_cov_107.364402_148	UniRef100_A0A1Y2KLK4~K02244	99.4	315	2	0	1	315	3	317	6.41e-218	601
careful_filteredΩNODE_5_length_328887_cov_107.364402_83	UniRef100_Q03AL2~K09762	100	315	0	0	1	315	1	315	1.31e-221	610
careful_filteredΩNODE_5_length_328887_cov_107.364402_71	UniRef100_A0A0K1KYC5~K00384	99.7	315	1	0	1	315	1	315	7.35e-228	626
careful_filteredΩNODE_5_length_328887_cov_107.364402_35	UniRef100_K0N9H3~K03284	100	315	0	0	1	315	55	369	3.09e-217	601
careful_filteredΩNODE_4_length_348303_cov_114.271516_32	UniRef100_A0A0K1KY56~K07088	100	315	0	0	1	315	1	315	1.34e-214	592
careful_filteredΩNODE_3_length_403891_cov_108.585722_70	UniRef100_A0A0K1L1P6~K02044	100	315	0	0	1	315	1	315	9.05e-213	588
careful_filteredΩNODE_2_length_515833_cov_109.458385_285	UniRef100_K6QQA4~K11753	99.7	315	1	0	1	315	1	315	1.48e-227	625
careful_filteredΩNODE_2_length_515833_cov_109.458385_249	UniRef100_B3WEN7~K02687	99.4	315	2	0	1	315	1	315	3.21e-222	612
isolate_filteredΩNODE_2_length_515833_cov_101.187436_130	UniRef100_K0NAS0~K00077	100	314	0	0	1	314	22	335	1.49e-227	626
careful_filteredΩNODE_2_length_515833_cov_109.458385_130	UniRef100_K0NAS0~K00077	100	314	0	0	1	314	22	335	1.49e-227	626
isolate_filteredΩNODE_7_length_113986_cov_95.550027_76	UniRef100_C2FG23~K03438	99.7	313	1	0	1	313	1	313	2.17e-219	604
isolate_filteredΩNODE_4_length_348303_cov_105.649211_308	UniRef100_K0N1U5~K01624	99.7	313	1	0	1	313	1	313	2.75e-222	612
isolate_filteredΩNODE_4_length_348303_cov_105.649211_115	UniRef100_A0A1J3C2S8~K07223	100	313	0	0	1	313	1	313	1.27e-227	625
isolate_filteredΩNODE_3_length_404174_cov_100.322816_291	UniRef100_K0N7Y2~K19975	99.7	313	1	0	1	313	41	353	2.67e-225	621
isolate_filteredΩNODE_2_length_515833_cov_101.187436_143	UniRef100_Q038Y9~K00609	100	313	0	0	1	313	1	313	2.67e-229	629
isolate_filteredΩNODE_1_length_651596_cov_106.573662_542	UniRef100_A0A0K1L213~K01524	100	313	0	0	1	313	1	313	6.75e-223	613
isolate_filteredΩNODE_1_length_651596_cov_106.573662_479	UniRef100_F4GAG7~K20534	41.2	311	174	4	4	312	14	317	4.57e-78	247
careful_filteredΩNODE_7_length_113509_cov_103.332278_76	UniRef100_C2FG23~K03438	99.7	313	1	0	1	313	1	313	2.17e-219	604
careful_filteredΩNODE_4_length_348303_cov_114.271516_308	UniRef100_K0N1U5~K01624	99.7	313	1	0	1	313	1	313	2.75e-222	612
careful_filteredΩNODE_4_length_348303_cov_114.271516_115	UniRef100_A0A1J3C2S8~K07223	100	313	0	0	1	313	1	313	1.27e-227	625
careful_filteredΩNODE_3_length_403891_cov_108.585722_93	UniRef100_K0N7Y2~K19975	99.7	313	1	0	1	313	41	353	2.67e-225	621
careful_filteredΩNODE_2_length_515833_cov_109.458385_143	UniRef100_Q038Y9~K00609	100	313	0	0	1	313	1	313	2.67e-229	629
careful_filteredΩNODE_1_length_651721_cov_115.299404_542	UniRef100_A0A0K1L213~K01524	100	313	0	0	1	313	1	313	6.75e-223	613
careful_filteredΩNODE_1_length_651721_cov_115.299404_479	UniRef100_F4GAG7~K20534	41.2	311	174	4	4	312	14	317	4.57e-78	247
isolate_filteredΩNODE_14_length_41384_cov_95.954245_31	UniRef100_A0A1Y2KUQ9~K00226	99.7	312	1	0	1	312	1	312	2.77e-226	622
isolate_filteredΩNODE_4_length_348303_cov_105.649211_135	UniRef100_A0A1J3BZ61~K00016	100	312	0	0	1	312	1	312	3.61e-222	611
isolate_filteredΩNODE_4_length_348303_cov_105.649211_83	UniRef100_C2FDI8~K00917	99.7	312	1	0	1	312	1	312	1.13e-225	620
isolate_filteredΩNODE_3_length_404174_cov_100.322816_344	UniRef100_B3WAJ2~K03040	100	312	0	0	1	312	1	312	1.41e-219	605
isolate_filteredΩNODE_3_length_404174_cov_100.322816_184	UniRef100_A0A0R2IDY1~K02548	41.6	310	167	4	1	309	1	297	2.93e-58	195
isolate_filteredΩNODE_1_length_651596_cov_106.573662_502	UniRef100_K0ND69~K02793&K02794	99.4	312	2	0	1	312	1	312	2.61e-215	594
careful_filteredΩNODE_14_length_41384_cov_103.912799_31	UniRef100_A0A1Y2KUQ9~K00226	99.7	312	1	0	1	312	1	312	2.77e-226	622
careful_filteredΩNODE_4_length_348303_cov_114.271516_135	UniRef100_A0A1J3BZ61~K00016	100	312	0	0	1	312	1	312	3.61e-222	611
careful_filteredΩNODE_4_length_348303_cov_114.271516_83	UniRef100_C2FDI8~K00917	99.7	312	1	0	1	312	1	312	1.13e-225	620
careful_filteredΩNODE_3_length_403891_cov_108.585722_200	UniRef100_A0A0R2IDY1~K02548	41.6	310	167	4	1	309	1	297	2.93e-58	195
careful_filteredΩNODE_3_length_403891_cov_108.585722_40	UniRef100_B3WAJ2~K03040	100	312	0	0	1	312	1	312	1.41e-219	605
careful_filteredΩNODE_1_length_651721_cov_115.299404_502	UniRef100_K0ND69~K02793&K02794	99.4	312	2	0	1	312	1	312	2.61e-215	594
isolate_filteredΩNODE_10_length_64565_cov_110.910433_59	UniRef100_A0A0E2M1H9~K12700	100	311	0	0	1	311	1	311	3.34e-222	611
isolate_filteredΩNODE_7_length_113986_cov_95.550027_25	UniRef100_A5GPK7~K00218	39.1	307	172	7	8	309	3	299	3.64e-50	174
isolate_filteredΩNODE_6_length_211744_cov_100.420410_77	UniRef100_K6QEQ2~K01784	99.0	311	3	0	1	311	6	316	6.97e-223	613
isolate_filteredΩNODE_4_length_348303_cov_105.649211_27	UniRef100_A0A0K1KY62~K03284	100	311	0	0	1	311	1	311	5.78e-223	613
isolate_filteredΩNODE_2_length_515833_cov_101.187436_479	UniRef100_K0N9E5~K11144	82.6	311	54	0	1	311	2	312	1.87e-178	501
isolate_filteredΩNODE_2_length_515833_cov_101.187436_177	UniRef100_A0A0C9NY98~K00869	99.4	311	2	0	1	311	1	311	5.70e-214	590
isolate_filteredΩNODE_2_length_515833_cov_101.187436_162	UniRef100_A0A223XGJ8~K00058	39.1	317	187	3	1	311	1	317	1.19e-75	240
isolate_filteredΩNODE_1_length_651596_cov_106.573662_286	UniRef100_A0A0R2DPT0~K03924	100	311	0	0	1	311	2	312	3.72e-217	598
careful_filteredΩNODE_10_length_65045_cov_123.164358_9	UniRef100_A0A0E2M1H9~K12700	100	311	0	0	1	311	1	311	3.34e-222	611
careful_filteredΩNODE_7_length_113509_cov_103.332278_25	UniRef100_A5GPK7~K00218	39.1	307	172	7	8	309	3	299	3.64e-50	174
careful_filteredΩNODE_6_length_211744_cov_108.667298_77	UniRef100_K6QEQ2~K01784	99.0	311	3	0	1	311	6	316	6.97e-223	613
careful_filteredΩNODE_4_length_348303_cov_114.271516_27	UniRef100_A0A0K1KY62~K03284	100	311	0	0	1	311	1	311	5.78e-223	613
careful_filteredΩNODE_2_length_515833_cov_109.458385_479	UniRef100_K0N9E5~K11144	82.6	311	54	0	1	311	2	312	1.87e-178	501
careful_filteredΩNODE_2_length_515833_cov_109.458385_177	UniRef100_A0A0C9NY98~K00869	99.4	311	2	0	1	311	1	311	5.70e-214	590
careful_filteredΩNODE_2_length_515833_cov_109.458385_162	UniRef100_A0A223XGJ8~K00058	39.1	317	187	3	1	311	1	317	1.19e-75	240
careful_filteredΩNODE_1_length_651721_cov_115.299404_286	UniRef100_A0A0R2DPT0~K03924	100	311	0	0	1	311	2	312	3.72e-217	598
isolate_filteredΩNODE_4_length_348303_cov_105.649211_10	UniRef100_A0A1J3C048~K06889	100	310	0	0	1	310	1	310	2.20e-231	634
isolate_filteredΩNODE_2_length_515833_cov_101.187436_103	UniRef100_A0A0C9NY40~K15986	99.7	310	1	0	1	310	1	310	3.46e-219	603
isolate_filteredΩNODE_1_length_651596_cov_106.573662_539	UniRef100_F4FT01~K19265	30.3	297	167	10	7	278	18	299	9.79e-22	99.8
isolate_filteredΩNODE_1_length_651596_cov_106.573662_373	UniRef100_A0A1V0Q7P1~K05814	99.7	310	1	0	1	310	1	310	1.02e-211	585
isolate_filteredΩNODE_1_length_651596_cov_106.573662_363	UniRef100_A0A1U6Y530~K15835	33.1	257	167	2	13	264	12	268	1.99e-36	138
isolate_filteredΩNODE_1_length_651596_cov_106.573662_358	UniRef100_A0A0C9PMS9~K06881	100	310	0	0	1	310	1	310	4.21e-220	606
isolate_filteredΩNODE_1_length_651596_cov_106.573662_110	UniRef100_A0A0R1FC28~K00344	100	310	0	0	1	310	1	310	2.24e-215	594
careful_filteredΩNODE_4_length_348303_cov_114.271516_10	UniRef100_A0A1J3C048~K06889	100	310	0	0	1	310	1	310	2.20e-231	634
careful_filteredΩNODE_2_length_515833_cov_109.458385_103	UniRef100_A0A0C9NY40~K15986	99.7	310	1	0	1	310	1	310	3.46e-219	603
careful_filteredΩNODE_1_length_651721_cov_115.299404_539	UniRef100_F4FT01~K19265	30.3	297	167	10	7	278	18	299	9.79e-22	99.8
careful_filteredΩNODE_1_length_651721_cov_115.299404_373	UniRef100_A0A1V0Q7P1~K05814	99.7	310	1	0	1	310	1	310	1.02e-211	585
careful_filteredΩNODE_1_length_651721_cov_115.299404_363	UniRef100_A0A1U6Y530~K15835	33.1	257	167	2	13	264	12	268	1.99e-36	138
careful_filteredΩNODE_1_length_651721_cov_115.299404_358	UniRef100_A0A0C9PMS9~K06881	100	310	0	0	1	310	1	310	4.21e-220	606
careful_filteredΩNODE_1_length_651721_cov_115.299404_110	UniRef100_A0A0R1FC28~K00344	100	310	0	0	1	310	1	310	2.24e-215	594
isolate_filteredΩNODE_10_length_64565_cov_110.910433_50	UniRef100_A0A0E2MGL3~K17836	100	280	0	0	30	309	1	280	2.98e-192	534
isolate_filteredΩNODE_10_length_64565_cov_110.910433_17	UniRef100_A0A0E2M1E7~K00852	100	309	0	0	1	309	1	309	1.23e-207	574
isolate_filteredΩNODE_7_length_113986_cov_95.550027_32	UniRef100_Q039X6~K01990	99.7	309	1	0	1	309	1	309	3.58e-216	596
isolate_filteredΩNODE_6_length_211744_cov_100.420410_62	UniRef100_A0A0K1MVI3~K03734	100	309	0	0	1	309	1	309	1.17e-221	610
isolate_filteredΩNODE_5_length_328887_cov_99.193781_73	UniRef100_B9DTZ8~K12999	52.8	305	144	0	5	309	4	308	1.47e-112	333
isolate_filteredΩNODE_4_length_348303_cov_105.649211_165	UniRef100_A0A0R1F2W1~K01738	100	309	0	0	1	309	6	314	4.90e-222	611
isolate_filteredΩNODE_2_length_515833_cov_101.187436_430	UniRef100_A0A1V0Q396~K00791	99.7	309	1	0	1	309	1	309	2.10e-224	617
isolate_filteredΩNODE_1_length_651596_cov_106.573662_507	UniRef100_A0A1S2B3H9~K00882	100	309	0	0	1	309	1	309	9.98e-223	612
isolate_filteredΩNODE_1_length_651596_cov_106.573662_313	UniRef100_A0A087ENA2~K06607	60.0	305	115	2	7	304	4	308	1.00e-120	354
isolate_filteredΩNODE_1_length_651596_cov_106.573662_267	UniRef100_A0A0K1MYT4~K06889	100	309	0	0	1	309	1	309	2.12e-233	639
isolate_filteredΩNODE_1_length_651596_cov_106.573662_177	UniRef100_K0N6Z3~K05845	100	309	0	0	1	309	23	331	4.97e-226	622
isolate_filteredΩNODE_1_length_651596_cov_106.573662_138	UniRef100_A0A1V0Q7K7~K07106	100	309	0	0	1	309	1	309	3.02e-208	576
isolate_filteredΩNODE_1_length_651596_cov_106.573662_129	UniRef100_K0N4L5~K01990	100	309	0	0	1	309	1	309	2.07e-215	594
careful_filteredΩNODE_10_length_65045_cov_123.164358_51	UniRef100_A0A0E2M1E7~K00852	100	309	0	0	1	309	1	309	1.23e-207	574
careful_filteredΩNODE_10_length_65045_cov_123.164358_18	UniRef100_A0A0E2MGL3~K17836	100	280	0	0	30	309	1	280	2.98e-192	534
careful_filteredΩNODE_7_length_113509_cov_103.332278_32	UniRef100_Q039X6~K01990	99.7	309	1	0	1	309	1	309	3.58e-216	596
careful_filteredΩNODE_6_length_211744_cov_108.667298_62	UniRef100_A0A0K1MVI3~K03734	100	309	0	0	1	309	1	309	1.17e-221	610
careful_filteredΩNODE_5_length_328887_cov_107.364402_240	UniRef100_B9DTZ8~K12999	52.8	305	144	0	5	309	4	308	1.47e-112	333
careful_filteredΩNODE_4_length_348303_cov_114.271516_165	UniRef100_A0A0R1F2W1~K01738	100	309	0	0	1	309	6	314	4.90e-222	611
careful_filteredΩNODE_2_length_515833_cov_109.458385_430	UniRef100_A0A1V0Q396~K00791	99.7	309	1	0	1	309	1	309	2.10e-224	617
careful_filteredΩNODE_1_length_651721_cov_115.299404_507	UniRef100_A0A1S2B3H9~K00882	100	309	0	0	1	309	1	309	9.98e-223	612
careful_filteredΩNODE_1_length_651721_cov_115.299404_313	UniRef100_A0A087ENA2~K06607	60.0	305	115	2	7	304	4	308	1.00e-120	354
careful_filteredΩNODE_1_length_651721_cov_115.299404_267	UniRef100_A0A0K1MYT4~K06889	100	309	0	0	1	309	1	309	2.12e-233	639
careful_filteredΩNODE_1_length_651721_cov_115.299404_177	UniRef100_K0N6Z3~K05845	100	309	0	0	1	309	23	331	4.97e-226	622
careful_filteredΩNODE_1_length_651721_cov_115.299404_138	UniRef100_A0A1V0Q7K7~K07106	100	309	0	0	1	309	1	309	3.02e-208	576
careful_filteredΩNODE_1_length_651721_cov_115.299404_129	UniRef100_K0N4L5~K01990	100	309	0	0	1	309	1	309	2.07e-215	594
isolate_filteredΩNODE_13_length_45945_cov_96.796285_39	UniRef100_B3WDL7~K02115	100	308	0	0	1	308	1	308	1.97e-208	576
isolate_filteredΩNODE_6_length_211744_cov_100.420410_115	UniRef100_B3W953~K00867	100	308	0	0	1	308	1	308	8.60e-228	625
careful_filteredΩNODE_13_length_45945_cov_104.682262_39	UniRef100_B3WDL7~K02115	100	308	0	0	1	308	1	308	1.97e-208	576
careful_filteredΩNODE_6_length_211744_cov_108.667298_115	UniRef100_B3W953~K00867	100	308	0	0	1	308	1	308	8.60e-228	625
isolate_filteredΩNODE_6_length_211744_cov_100.420410_23	UniRef100_K0N6G2~K15581	100	307	0	0	1	307	2	308	5.90e-212	585
isolate_filteredΩNODE_5_length_328887_cov_99.193781_253	UniRef100_A0A0K1MS67~K02037	100	307	0	0	1	307	1	307	6.09e-207	572
isolate_filteredΩNODE_4_length_348303_cov_105.649211_16	UniRef100_C2FDS5~K01259	99.7	307	1	0	1	307	22	328	1.33e-231	635
isolate_filteredΩNODE_3_length_404174_cov_100.322816_21	UniRef100_A0A0E1PIQ1~K00645	99.7	307	1	0	1	307	1	307	1.98e-212	586
careful_filteredΩNODE_6_length_211744_cov_108.667298_23	UniRef100_K0N6G2~K15581	100	307	0	0	1	307	2	308	5.90e-212	585
careful_filteredΩNODE_5_length_328887_cov_107.364402_60	UniRef100_A0A0K1MS67~K02037	100	307	0	0	1	307	1	307	6.09e-207	572
careful_filteredΩNODE_4_length_348303_cov_114.271516_16	UniRef100_C2FDS5~K01259	99.7	307	1	0	1	307	22	328	1.33e-231	635
careful_filteredΩNODE_3_length_403891_cov_108.585722_363	UniRef100_A0A0E1PIQ1~K00645	99.7	307	1	0	1	307	1	307	1.98e-212	586
isolate_filteredΩNODE_2_length_515833_cov_101.187436_146	UniRef100_K0N592~K06180	99.7	306	1	0	1	306	2	307	1.93e-221	609
isolate_filteredΩNODE_1_length_651596_cov_106.573662_268	UniRef100_A0A0K1L3F7~K00948	100	306	0	0	1	306	1	306	7.27e-219	602
careful_filteredΩNODE_2_length_515833_cov_109.458385_146	UniRef100_K0N592~K06180	99.7	306	1	0	1	306	2	307	1.93e-221	609
careful_filteredΩNODE_1_length_651721_cov_115.299404_268	UniRef100_A0A0K1L3F7~K00948	100	306	0	0	1	306	1	306	7.27e-219	602
isolate_filteredΩNODE_13_length_45945_cov_96.796285_12	UniRef100_A0A1S2AGL9~K03810	99.7	305	1	0	1	305	1	305	6.01e-222	610
isolate_filteredΩNODE_12_length_50619_cov_101.722152_31	UniRef100_A0A0K1MR67~K02795	100	305	0	0	1	305	1	305	7.41e-207	572
isolate_filteredΩNODE_6_length_211744_cov_100.420410_150	UniRef100_K0NBG3~K01990	99.0	305	3	0	1	305	1	305	2.52e-214	591
isolate_filteredΩNODE_3_length_404174_cov_100.322816_296	UniRef100_A0A1J3C0N7~K02077	99.3	305	2	0	1	305	1	305	1.40e-211	584
careful_filteredΩNODE_13_length_45945_cov_104.682262_12	UniRef100_A0A1S2AGL9~K03810	99.7	305	1	0	1	305	1	305	6.01e-222	610
careful_filteredΩNODE_12_length_50619_cov_109.954948_31	UniRef100_A0A0K1MR67~K02795	100	305	0	0	1	305	1	305	7.41e-207	572
careful_filteredΩNODE_6_length_211744_cov_108.667298_150	UniRef100_K0NBG3~K01990	99.0	305	3	0	1	305	1	305	2.52e-214	591
careful_filteredΩNODE_3_length_403891_cov_108.585722_88	UniRef100_A0A1J3C0N7~K02077	99.3	305	2	0	1	305	1	305	1.40e-211	584
isolate_filteredΩNODE_5_length_328887_cov_99.193781_99	UniRef100_A0A0M6W9H9~K00963	100	304	0	0	1	304	1	304	8.48e-217	597
isolate_filteredΩNODE_3_length_404174_cov_100.322816_186	UniRef100_A0A0E9ETQ5~K20379	62.3	308	108	3	1	301	1	307	1.47e-101	305
isolate_filteredΩNODE_3_length_404174_cov_100.322816_66	UniRef100_A0A0R1EYI8~K02548	98.7	304	4	0	1	304	12	315	3.44e-205	568
isolate_filteredΩNODE_2_length_515833_cov_101.187436_41	UniRef100_A0A1J3C4W7~K00882	100	304	0	0	1	304	1	304	2.43e-216	596
careful_filteredΩNODE_5_length_328887_cov_107.364402_214	UniRef100_A0A0M6W9H9~K00963	100	304	0	0	1	304	1	304	8.48e-217	597
careful_filteredΩNODE_3_length_403891_cov_108.585722_318	UniRef100_A0A0R1EYI8~K02548	98.7	304	4	0	1	304	12	315	3.44e-205	568
careful_filteredΩNODE_3_length_403891_cov_108.585722_198	UniRef100_A0A0E9ETQ5~K20379	62.3	308	108	3	1	301	1	307	1.47e-101	305
careful_filteredΩNODE_2_length_515833_cov_109.458385_41	UniRef100_A0A1J3C4W7~K00882	100	304	0	0	1	304	1	304	2.43e-216	596
isolate_filteredΩNODE_1_length_651596_cov_106.573662_311	UniRef100_A0A1S2AX54~K02796	100	303	0	0	1	303	1	303	1.65e-218	601
careful_filteredΩNODE_1_length_651721_cov_115.299404_311	UniRef100_A0A1S2AX54~K02796	100	303	0	0	1	303	1	303	1.65e-218	601
isolate_filteredΩNODE_4_length_348303_cov_105.649211_117	UniRef100_A0A0P0P395~K00344	31.0	303	179	9	1	277	1	299	2.13e-28	117
isolate_filteredΩNODE_2_length_515833_cov_101.187436_384	UniRef100_A0A0K1KZD9~K02034	100	302	0	0	1	302	1	302	1.80e-201	558
careful_filteredΩNODE_4_length_348303_cov_114.271516_117	UniRef100_A0A0P0P395~K00344	31.0	303	179	9	1	277	1	299	2.13e-28	117
careful_filteredΩNODE_2_length_515833_cov_109.458385_384	UniRef100_A0A0K1KZD9~K02034	100	302	0	0	1	302	1	302	1.80e-201	558
isolate_filteredΩNODE_7_length_113986_cov_95.550027_91	UniRef100_K0N832~K02040	100	301	0	0	1	301	9	309	1.21e-205	569
isolate_filteredΩNODE_6_length_211744_cov_100.420410_106	UniRef100_A8J6X4~K01259	100	301	0	0	1	301	1	301	6.31e-231	632
isolate_filteredΩNODE_5_length_328887_cov_99.193781_186	UniRef100_K0N3X0~K00075	99.7	301	1	0	1	301	1	301	3.06e-213	588
isolate_filteredΩNODE_5_length_328887_cov_99.193781_166	UniRef100_A0A1V0Q4G7~K02243	100	288	0	0	14	301	1	288	1.83e-195	542
isolate_filteredΩNODE_2_length_515833_cov_101.187436_396	UniRef100_K0N5J0~K06949	100	301	0	0	1	301	1	301	1.79e-221	608
isolate_filteredΩNODE_2_length_515833_cov_101.187436_286	UniRef100_B3WER2~K03177	100	301	0	0	1	301	6	306	8.68e-212	584
isolate_filteredΩNODE_1_length_651596_cov_106.573662_551	UniRef100_K0NCZ6~K00016	99.7	301	1	0	1	301	4	304	5.51e-219	602
isolate_filteredΩNODE_1_length_651596_cov_106.573662_155	UniRef100_B3W7E5~K01714	100	301	0	0	1	301	1	301	1.11e-215	594
isolate_filteredΩNODE_1_length_651596_cov_106.573662_20	UniRef100_A0A0R1F564~K00033	99.3	301	2	0	1	301	13	313	1.81e-217	599
careful_filteredΩNODE_7_length_113509_cov_103.332278_91	UniRef100_K0N832~K02040	100	301	0	0	1	301	9	309	1.21e-205	569
careful_filteredΩNODE_6_length_211744_cov_108.667298_106	UniRef100_A8J6X4~K01259	100	301	0	0	1	301	1	301	6.31e-231	632
careful_filteredΩNODE_5_length_328887_cov_107.364402_147	UniRef100_A0A1V0Q4G7~K02243	100	288	0	0	14	301	1	288	1.83e-195	542
careful_filteredΩNODE_5_length_328887_cov_107.364402_127	UniRef100_K0N3X0~K00075	99.7	301	1	0	1	301	1	301	3.06e-213	588
careful_filteredΩNODE_2_length_515833_cov_109.458385_396	UniRef100_K0N5J0~K06949	100	301	0	0	1	301	1	301	1.79e-221	608
careful_filteredΩNODE_2_length_515833_cov_109.458385_286	UniRef100_B3WER2~K03177	100	301	0	0	1	301	6	306	8.68e-212	584
careful_filteredΩNODE_1_length_651721_cov_115.299404_551	UniRef100_K0NCZ6~K00016	99.7	301	1	0	1	301	4	304	5.51e-219	602
careful_filteredΩNODE_1_length_651721_cov_115.299404_155	UniRef100_B3W7E5~K01714	100	301	0	0	1	301	1	301	1.11e-215	594
careful_filteredΩNODE_1_length_651721_cov_115.299404_20	UniRef100_A0A0R1F564~K00033	99.3	301	2	0	1	301	13	313	1.81e-217	599
isolate_filteredΩNODE_11_length_60639_cov_98.791866_25	UniRef100_A0A0R1FB08~K08974	98.7	300	4	0	1	300	1	300	3.64e-200	555
isolate_filteredΩNODE_5_length_328887_cov_99.193781_286	UniRef100_S2U0Z3~K06180	100	300	0	0	1	300	1	300	3.21e-219	603
isolate_filteredΩNODE_3_length_404174_cov_100.322816_301	UniRef100_S2UEF6~K02077	99.3	300	2	0	1	300	1	300	6.39e-210	579
isolate_filteredΩNODE_3_length_404174_cov_100.322816_46	UniRef100_A0A0K1MVR9~K02002	100	300	0	0	1	300	1	300	3.08e-217	598
isolate_filteredΩNODE_2_length_515833_cov_101.187436_498	UniRef100_A0A0K1KZP5~K07533	100	300	0	0	1	300	1	300	6.57e-203	561
isolate_filteredΩNODE_2_length_515833_cov_101.187436_225	UniRef100_A0A0K1KZU1~K03595	100	300	0	0	1	300	1	300	4.37e-217	597
careful_filteredΩNODE_11_length_60639_cov_106.889304_25	UniRef100_A0A0R1FB08~K08974	98.7	300	4	0	1	300	1	300	3.64e-200	555
careful_filteredΩNODE_5_length_328887_cov_107.364402_27	UniRef100_S2U0Z3~K06180	100	300	0	0	1	300	1	300	3.21e-219	603
careful_filteredΩNODE_3_length_403891_cov_108.585722_338	UniRef100_A0A0K1MVR9~K02002	100	300	0	0	1	300	1	300	3.08e-217	598
careful_filteredΩNODE_3_length_403891_cov_108.585722_83	UniRef100_S2UEF6~K02077	99.3	300	2	0	1	300	1	300	6.39e-210	579
careful_filteredΩNODE_2_length_515833_cov_109.458385_498	UniRef100_A0A0K1KZP5~K07533	100	300	0	0	1	300	1	300	6.57e-203	561
careful_filteredΩNODE_2_length_515833_cov_109.458385_225	UniRef100_A0A0K1KZU1~K03595	100	300	0	0	1	300	1	300	4.37e-217	597
isolate_filteredΩNODE_15_length_29009_cov_340.104659_19	UniRef100_A0A090I230~K03496	31.4	290	156	6	1	289	1	248	1.90e-27	113
isolate_filteredΩNODE_9_length_65232_cov_99.822408_32	UniRef100_A0A0K1KZU6~K05832	100	299	0	0	1	299	1	299	1.10e-189	528
isolate_filteredΩNODE_4_length_348303_cov_105.649211_167	UniRef100_A0A0R1FA41~K00014	99.3	299	2	0	1	299	1	299	2.62e-213	588
isolate_filteredΩNODE_3_length_404174_cov_100.322816_162	UniRef100_A0A1S2ASP7~K07533	99.3	299	2	0	1	299	1	299	3.01e-203	562
isolate_filteredΩNODE_2_length_515833_cov_101.187436_466	UniRef100_A0A1W5ZRM3~K15975	35.8	302	177	6	4	288	6	307	5.40e-49	171
isolate_filteredΩNODE_1_length_651596_cov_106.573662_437	UniRef100_A0A1S2ARE0~K01714	99.3	299	2	0	1	299	1	299	4.86e-209	577
isolate_filteredΩNODE_1_length_651596_cov_106.573662_395	UniRef100_Q1JKS7~K00845	32.8	293	183	7	1	291	16	296	2.93e-36	137
isolate_filteredΩNODE_1_length_651596_cov_106.573662_364	UniRef100_A0A0C9QT32~K07106	99.7	299	1	0	1	299	7	305	2.83e-198	550
careful_filteredΩNODE_15_length_29009_cov_366.606837_2	UniRef100_A0A090I230~K03496	31.4	290	156	6	1	289	1	248	1.90e-27	113
careful_filteredΩNODE_9_length_65232_cov_108.045645_31	UniRef100_A0A0K1KZU6~K05832	100	299	0	0	1	299	1	299	1.10e-189	528
careful_filteredΩNODE_4_length_348303_cov_114.271516_167	UniRef100_A0A0R1FA41~K00014	99.3	299	2	0	1	299	1	299	2.62e-213	588
careful_filteredΩNODE_3_length_403891_cov_108.585722_222	UniRef100_A0A1S2ASP7~K07533	99.3	299	2	0	1	299	1	299	3.01e-203	562
careful_filteredΩNODE_2_length_515833_cov_109.458385_466	UniRef100_A0A1W5ZRM3~K15975	35.8	302	177	6	4	288	6	307	5.40e-49	171
careful_filteredΩNODE_1_length_651721_cov_115.299404_437	UniRef100_A0A1S2ARE0~K01714	99.3	299	2	0	1	299	1	299	4.86e-209	577
careful_filteredΩNODE_1_length_651721_cov_115.299404_395	UniRef100_Q1JKS7~K00845	32.8	293	183	7	1	291	16	296	2.93e-36	137
careful_filteredΩNODE_1_length_651721_cov_115.299404_364	UniRef100_A0A0C9QT32~K07106	99.7	299	1	0	1	299	7	305	2.83e-198	550
isolate_filteredΩNODE_5_length_328887_cov_99.193781_190	UniRef100_A0A0R1F559~K01990	99.7	298	1	0	1	298	3	300	3.87e-215	592
isolate_filteredΩNODE_4_length_348303_cov_105.649211_169	UniRef100_C2FAE9~K00014	98.7	298	4	0	1	298	9	306	6.05e-209	577
isolate_filteredΩNODE_3_length_404174_cov_100.322816_292	UniRef100_Q8VN15~K19976	100	298	0	0	1	298	1	298	1.39e-187	523
isolate_filteredΩNODE_2_length_515833_cov_101.187436_190	UniRef100_Q038U2~K01878	99.7	298	1	0	1	298	1	298	4.24e-223	612
isolate_filteredΩNODE_2_length_515833_cov_101.187436_93	UniRef100_B3WEA7~K03733	99.7	298	1	0	1	298	1	298	1.20e-213	588
isolate_filteredΩNODE_1_length_651596_cov_106.573662_565	UniRef100_K0NCX3~K02528	100	298	0	0	1	298	5	302	4.59e-203	562
isolate_filteredΩNODE_1_length_651596_cov_106.573662_24	UniRef100_A5YBJ9~K03335	98.7	298	4	0	1	298	1	298	7.03e-222	609
careful_filteredΩNODE_5_length_328887_cov_107.364402_123	UniRef100_A0A0R1F559~K01990	99.7	298	1	0	1	298	3	300	3.87e-215	592
careful_filteredΩNODE_4_length_348303_cov_114.271516_169	UniRef100_C2FAE9~K00014	98.7	298	4	0	1	298	9	306	6.05e-209	577
careful_filteredΩNODE_3_length_403891_cov_108.585722_92	UniRef100_Q8VN15~K19976	100	298	0	0	1	298	1	298	1.39e-187	523
careful_filteredΩNODE_2_length_515833_cov_109.458385_190	UniRef100_Q038U2~K01878	99.7	298	1	0	1	298	1	298	4.24e-223	612
careful_filteredΩNODE_2_length_515833_cov_109.458385_93	UniRef100_B3WEA7~K03733	99.7	298	1	0	1	298	1	298	1.20e-213	588
careful_filteredΩNODE_1_length_651721_cov_115.299404_565	UniRef100_K0NCX3~K02528	100	298	0	0	1	298	5	302	4.59e-203	562
careful_filteredΩNODE_1_length_651721_cov_115.299404_24	UniRef100_A5YBJ9~K03335	98.7	298	4	0	1	298	1	298	7.03e-222	609
isolate_filteredΩNODE_5_length_328887_cov_99.193781_199	UniRef100_B0L7B6~K02025	100	297	0	0	1	297	1	297	3.72e-212	585
isolate_filteredΩNODE_5_length_328887_cov_99.193781_195	UniRef100_A0A075LGI7~K21064	32.4	284	188	4	3	285	11	291	5.21e-36	137
isolate_filteredΩNODE_4_length_348303_cov_105.649211_276	UniRef100_A0A0C9P980~K01624	99.7	297	1	0	1	297	1	297	7.51e-212	584
isolate_filteredΩNODE_4_length_348303_cov_105.649211_172	UniRef100_I3UG57~K11921	30.0	290	198	4	1	288	1	287	3.33e-37	140
isolate_filteredΩNODE_4_length_348303_cov_105.649211_121	UniRef100_A0A0R1F743~K11050	99.7	297	1	0	1	297	1	297	5.07e-210	579
isolate_filteredΩNODE_1_length_651596_cov_106.573662_209	UniRef100_A0A0R2HI46~K03284	30.4	293	191	4	7	291	12	299	5.01e-37	139
careful_filteredΩNODE_5_length_328887_cov_107.364402_118	UniRef100_A0A075LGI7~K21064	32.4	284	188	4	3	285	11	291	5.21e-36	137
careful_filteredΩNODE_5_length_328887_cov_107.364402_114	UniRef100_B0L7B6~K02025	100	297	0	0	1	297	1	297	3.72e-212	585
careful_filteredΩNODE_4_length_348303_cov_114.271516_276	UniRef100_A0A0C9P980~K01624	99.7	297	1	0	1	297	1	297	7.51e-212	584
careful_filteredΩNODE_4_length_348303_cov_114.271516_172	UniRef100_I3UG57~K11921	30.0	290	198	4	1	288	1	287	3.33e-37	140
careful_filteredΩNODE_4_length_348303_cov_114.271516_121	UniRef100_A0A0R1F743~K11050	99.7	297	1	0	1	297	1	297	5.07e-210	579
careful_filteredΩNODE_1_length_651721_cov_115.299404_209	UniRef100_A0A0R2HI46~K03284	30.4	293	191	4	7	291	12	299	5.01e-37	139
isolate_filteredΩNODE_15_length_29009_cov_340.104659_10	UniRef100_A0A097BE61~K02025	66.4	286	96	0	10	295	9	294	6.74e-134	387
careful_filteredΩNODE_15_length_29009_cov_366.606837_11	UniRef100_A0A097BE61~K02025	66.4	286	96	0	10	295	9	294	6.74e-134	387
isolate_filteredΩNODE_7_length_113986_cov_95.550027_50	UniRef100_A0A1S2ALG5~K01990	99.0	295	3	0	1	295	1	295	6.07e-201	556
isolate_filteredΩNODE_5_length_328887_cov_99.193781_258	UniRef100_A0A0K1KXM5~K09811	100	295	0	0	1	295	1	295	1.82e-202	560
isolate_filteredΩNODE_5_length_328887_cov_99.193781_232	UniRef100_B3WCQ8~K06958	100	295	0	0	1	295	1	295	3.18e-212	585
isolate_filteredΩNODE_3_length_404174_cov_100.322816_211	UniRef100_A0A243PS62~K01990	100	295	0	0	1	295	1	295	1.14e-205	568
isolate_filteredΩNODE_3_length_404174_cov_100.322816_133	UniRef100_A0A1S2AQT3~K01990	99.7	295	1	0	1	295	1	295	1.10e-203	563
isolate_filteredΩNODE_3_length_404174_cov_100.322816_69	UniRef100_A0A1J3C827~K01990	100	295	0	0	1	295	1	295	3.72e-211	582
isolate_filteredΩNODE_2_length_515833_cov_101.187436_234	UniRef100_A0A1Y2KU62~K01151	99.3	295	2	0	1	295	1	295	3.46e-216	595
careful_filteredΩNODE_7_length_113509_cov_103.332278_50	UniRef100_A0A1S2ALG5~K01990	99.0	295	3	0	1	295	1	295	6.07e-201	556
careful_filteredΩNODE_5_length_328887_cov_107.364402_81	UniRef100_B3WCQ8~K06958	100	295	0	0	1	295	1	295	3.18e-212	585
careful_filteredΩNODE_5_length_328887_cov_107.364402_55	UniRef100_A0A0K1KXM5~K09811	100	295	0	0	1	295	1	295	1.82e-202	560
careful_filteredΩNODE_3_length_403891_cov_108.585722_315	UniRef100_A0A1J3C827~K01990	100	295	0	0	1	295	1	295	3.72e-211	582
careful_filteredΩNODE_3_length_403891_cov_108.585722_251	UniRef100_A0A1S2AQT3~K01990	99.7	295	1	0	1	295	1	295	1.10e-203	563
careful_filteredΩNODE_3_length_403891_cov_108.585722_173	UniRef100_A0A243PS62~K01990	100	295	0	0	1	295	1	295	1.14e-205	568
careful_filteredΩNODE_2_length_515833_cov_109.458385_234	UniRef100_A0A1Y2KU62~K01151	99.3	295	2	0	1	295	1	295	3.46e-216	595
isolate_filteredΩNODE_11_length_60639_cov_98.791866_24	UniRef100_A0A243PU44~K22044	99.7	294	1	0	1	294	1	294	6.28e-198	548
isolate_filteredΩNODE_5_length_328887_cov_99.193781_252	UniRef100_A0A0K1KYB7~K02038	100	294	0	0	1	294	1	294	2.79e-201	557
isolate_filteredΩNODE_1_length_651596_cov_106.573662_615	UniRef100_B3WAN3~K04083	100	294	0	0	1	294	1	294	1.34e-208	575
careful_filteredΩNODE_11_length_60639_cov_106.889304_24	UniRef100_A0A243PU44~K22044	99.7	294	1	0	1	294	1	294	6.28e-198	548
careful_filteredΩNODE_5_length_328887_cov_107.364402_61	UniRef100_A0A0K1KYB7~K02038	100	294	0	0	1	294	1	294	2.79e-201	557
careful_filteredΩNODE_1_length_651721_cov_115.299404_615	UniRef100_B3WAN3~K04083	100	294	0	0	1	294	1	294	1.34e-208	575
isolate_filteredΩNODE_6_length_211744_cov_100.420410_174	UniRef100_A0A0R1F517~K06180&K06177	97.6	293	7	0	1	293	23	315	7.71e-206	569
isolate_filteredΩNODE_6_length_211744_cov_100.420410_98	UniRef100_A0A0U1MJN5~K07029	32.5	289	192	1	6	291	7	295	1.44e-41	151
isolate_filteredΩNODE_4_length_348303_cov_105.649211_208	UniRef100_A0A0K1KXK4~K01624	100	293	0	0	1	293	1	293	9.91e-215	591
isolate_filteredΩNODE_4_length_348303_cov_105.649211_180	UniRef100_A0A0R1F8V0~K01990	98.3	293	5	0	1	293	1	293	9.00e-202	558
isolate_filteredΩNODE_3_length_404174_cov_100.322816_52	UniRef100_C2FC16~K00872	99.3	293	2	0	1	293	1	293	8.62e-200	553
isolate_filteredΩNODE_2_length_515833_cov_101.187436_301	UniRef100_B3WES7~K02357	100	293	0	0	1	293	1	293	3.01e-200	554
isolate_filteredΩNODE_2_length_515833_cov_101.187436_158	UniRef100_A0A1S2BR44~K21757	30.3	274	178	5	1	266	1	269	8.25e-19	90.9
isolate_filteredΩNODE_2_length_515833_cov_101.187436_59	UniRef100_A0A0K1KZH8~K04763	99.7	293	1	0	1	293	1	293	7.50e-210	578
isolate_filteredΩNODE_1_length_651596_cov_106.573662_560	UniRef100_A0A0D6ZIV8~K01785	30.7	296	193	4	3	293	4	292	2.14e-44	158
isolate_filteredΩNODE_1_length_651596_cov_106.573662_13	UniRef100_K0N7M3~K00020	99.0	293	3	0	1	293	9	301	1.54e-204	565
careful_filteredΩNODE_6_length_211744_cov_108.667298_174	UniRef100_A0A0R1F517~K06180&K06177	97.6	293	7	0	1	293	23	315	7.71e-206	569
careful_filteredΩNODE_6_length_211744_cov_108.667298_98	UniRef100_A0A0U1MJN5~K07029	32.5	289	192	1	6	291	7	295	1.44e-41	151
careful_filteredΩNODE_4_length_348303_cov_114.271516_208	UniRef100_A0A0K1KXK4~K01624	100	293	0	0	1	293	1	293	9.91e-215	591
careful_filteredΩNODE_4_length_348303_cov_114.271516_180	UniRef100_A0A0R1F8V0~K01990	98.3	293	5	0	1	293	1	293	9.00e-202	558
careful_filteredΩNODE_3_length_403891_cov_108.585722_332	UniRef100_C2FC16~K00872	99.3	293	2	0	1	293	1	293	8.62e-200	553
careful_filteredΩNODE_2_length_515833_cov_109.458385_301	UniRef100_B3WES7~K02357	100	293	0	0	1	293	1	293	3.01e-200	554
careful_filteredΩNODE_2_length_515833_cov_109.458385_158	UniRef100_A0A1S2BR44~K21757	30.3	274	178	5	1	266	1	269	8.25e-19	90.9
careful_filteredΩNODE_2_length_515833_cov_109.458385_59	UniRef100_A0A0K1KZH8~K04763	99.7	293	1	0	1	293	1	293	7.50e-210	578
careful_filteredΩNODE_1_length_651721_cov_115.299404_560	UniRef100_A0A0D6ZIV8~K01785	30.7	296	193	4	3	293	4	292	2.14e-44	158
careful_filteredΩNODE_1_length_651721_cov_115.299404_13	UniRef100_K0N7M3~K00020	99.0	293	3	0	1	293	9	301	1.54e-204	565
isolate_filteredΩNODE_12_length_50619_cov_101.722152_5	UniRef100_A0A1J3CAM2~K01997	100	292	0	0	1	292	1	292	3.48e-194	539
isolate_filteredΩNODE_7_length_113986_cov_95.550027_34	UniRef100_A0A157PLV4~K21757	30.1	279	183	5	1	271	1	275	4.90e-18	88.6
isolate_filteredΩNODE_6_length_211744_cov_100.420410_165	UniRef100_K0NBF4~K01644	100	292	0	0	1	292	7	298	4.23e-201	556
isolate_filteredΩNODE_6_length_211744_cov_100.420410_139	UniRef100_A0A0C9QAZ0~K10823	100	292	0	0	1	292	1	292	3.85e-207	572
isolate_filteredΩNODE_3_length_404174_cov_100.322816_222	UniRef100_A0A089XW62~K01990	47.2	288	149	2	3	288	2	288	3.18e-85	263
isolate_filteredΩNODE_2_length_515833_cov_101.187436_96	UniRef100_A0A0D6ZIV8~K01785	43.6	289	160	3	3	290	4	290	7.43e-86	265
isolate_filteredΩNODE_2_length_515833_cov_101.187436_58	UniRef100_A0A0K1KYT7~K00243	99.7	292	1	0	1	292	1	292	5.47e-207	571
isolate_filteredΩNODE_1_length_651596_cov_106.573662_568	UniRef100_A0A0K1MX06~K16264	100	292	0	0	1	292	1	292	4.49e-206	569
isolate_filteredΩNODE_1_length_651596_cov_106.573662_554	UniRef100_K0MY30~K01259	100	292	0	0	1	292	20	311	1.09e-222	612
isolate_filteredΩNODE_1_length_651596_cov_106.573662_402	UniRef100_A0A0E2LZ49~K02796	100	292	0	0	1	292	1	292	4.31e-204	564
isolate_filteredΩNODE_1_length_651596_cov_106.573662_132	UniRef100_A0A160FFD4~K21755	36.5	241	147	2	1	236	1	240	5.64e-44	157
careful_filteredΩNODE_12_length_50619_cov_109.954948_5	UniRef100_A0A1J3CAM2~K01997	100	292	0	0	1	292	1	292	3.48e-194	539
careful_filteredΩNODE_7_length_113509_cov_103.332278_34	UniRef100_A0A157PLV4~K21757	30.1	279	183	5	1	271	1	275	4.90e-18	88.6
careful_filteredΩNODE_6_length_211744_cov_108.667298_165	UniRef100_K0NBF4~K01644	100	292	0	0	1	292	7	298	4.23e-201	556
careful_filteredΩNODE_6_length_211744_cov_108.667298_139	UniRef100_A0A0C9QAZ0~K10823	100	292	0	0	1	292	1	292	3.85e-207	572
careful_filteredΩNODE_3_length_403891_cov_108.585722_162	UniRef100_A0A089XW62~K01990	47.2	288	149	2	3	288	2	288	3.18e-85	263
careful_filteredΩNODE_2_length_515833_cov_109.458385_96	UniRef100_A0A0D6ZIV8~K01785	43.6	289	160	3	3	290	4	290	7.43e-86	265
careful_filteredΩNODE_2_length_515833_cov_109.458385_58	UniRef100_A0A0K1KYT7~K00243	99.7	292	1	0	1	292	1	292	5.47e-207	571
careful_filteredΩNODE_1_length_651721_cov_115.299404_568	UniRef100_A0A0K1MX06~K16264	100	292	0	0	1	292	1	292	4.49e-206	569
careful_filteredΩNODE_1_length_651721_cov_115.299404_554	UniRef100_K0MY30~K01259	100	292	0	0	1	292	20	311	1.09e-222	612
careful_filteredΩNODE_1_length_651721_cov_115.299404_402	UniRef100_A0A0E2LZ49~K02796	100	292	0	0	1	292	1	292	4.31e-204	564
careful_filteredΩNODE_1_length_651721_cov_115.299404_132	UniRef100_A0A160FFD4~K21755	36.5	241	147	2	1	236	1	240	5.64e-44	157
isolate_filteredΩNODE_4_length_348303_cov_105.649211_290	UniRef100_K0N5J5~K17467	99.7	291	1	0	1	291	1	291	2.47e-198	549
isolate_filteredΩNODE_4_length_348303_cov_105.649211_26	UniRef100_A0A1E4KEM2~K04761	32.7	251	162	3	1	248	1	247	7.40e-31	123
isolate_filteredΩNODE_2_length_515833_cov_101.187436_241	UniRef100_A0A0R1FGG1~K01990	99.3	291	2	0	1	291	1	291	8.99e-201	555
isolate_filteredΩNODE_2_length_515833_cov_101.187436_139	UniRef100_Q038Z3~K17828	99.3	291	2	0	1	291	1	291	1.49e-199	552
isolate_filteredΩNODE_1_length_651596_cov_106.573662_496	UniRef100_Q74LJ0~K00845	46.3	285	151	2	1	285	1	283	3.37e-81	252
careful_filteredΩNODE_4_length_348303_cov_114.271516_290	UniRef100_K0N5J5~K17467	99.7	291	1	0	1	291	1	291	2.47e-198	549
careful_filteredΩNODE_4_length_348303_cov_114.271516_26	UniRef100_A0A1E4KEM2~K04761	32.7	251	162	3	1	248	1	247	7.40e-31	123
careful_filteredΩNODE_2_length_515833_cov_109.458385_241	UniRef100_A0A0R1FGG1~K01990	99.3	291	2	0	1	291	1	291	8.99e-201	555
careful_filteredΩNODE_2_length_515833_cov_109.458385_139	UniRef100_Q038Z3~K17828	99.3	291	2	0	1	291	1	291	1.49e-199	552
careful_filteredΩNODE_1_length_651721_cov_115.299404_496	UniRef100_Q74LJ0~K00845	46.3	285	151	2	1	285	1	283	3.37e-81	252
isolate_filteredΩNODE_4_length_348303_cov_105.649211_145	UniRef100_A0A1S2AJE0~K00297	100	290	0	0	1	290	1	290	8.79e-212	583
isolate_filteredΩNODE_1_length_651596_cov_106.573662_45	UniRef100_A0A1J3CC81~K03497	100	290	0	0	1	290	1	290	6.84e-200	553
isolate_filteredΩNODE_1_length_651596_cov_106.573662_23	UniRef100_A0A0C9PD84~K03339	99.0	290	3	0	1	290	4	293	3.63e-198	549
careful_filteredΩNODE_4_length_348303_cov_114.271516_145	UniRef100_A0A1S2AJE0~K00297	100	290	0	0	1	290	1	290	8.79e-212	583
careful_filteredΩNODE_1_length_651721_cov_115.299404_45	UniRef100_A0A1J3CC81~K03497	100	290	0	0	1	290	1	290	6.84e-200	553
careful_filteredΩNODE_1_length_651721_cov_115.299404_23	UniRef100_A0A0C9PD84~K03339	99.0	290	3	0	1	290	4	293	3.63e-198	549
isolate_filteredΩNODE_1_length_651596_cov_106.573662_413	UniRef100_A0A0C9PVY2~K03079	99.3	289	2	0	1	289	1	289	2.84e-212	584
careful_filteredΩNODE_1_length_651721_cov_115.299404_413	UniRef100_A0A0C9PVY2~K03079	99.3	289	2	0	1	289	1	289	2.84e-212	584
isolate_filteredΩNODE_13_length_45945_cov_96.796285_25	UniRef100_C2FGE8~K07104	99.3	288	2	0	1	288	9	296	6.84e-210	578
isolate_filteredΩNODE_7_length_113986_cov_95.550027_22	UniRef100_A0A1J3CBC0~K01752	99.7	288	1	0	1	288	1	288	1.72e-192	534
isolate_filteredΩNODE_5_length_328887_cov_99.193781_40	UniRef100_S4ZNM4~K07455	97.9	288	6	0	1	288	1	288	4.30e-202	558
isolate_filteredΩNODE_4_length_348303_cov_105.649211_296	UniRef100_S2SLM4~K01624	99.7	288	1	0	1	288	1	288	4.68e-206	568
isolate_filteredΩNODE_4_length_348303_cov_105.649211_223	UniRef100_A0A1S2AWX4~K02073	98.6	288	4	0	1	288	1	288	1.96e-198	549
isolate_filteredΩNODE_4_length_348303_cov_105.649211_198	UniRef100_A0A1S6IDZ3~K06221	41.5	289	150	7	1	285	1	274	5.31e-66	213
isolate_filteredΩNODE_4_length_348303_cov_105.649211_122	UniRef100_A0A1J3C2B1~K11051	99.7	288	1	0	1	288	1	288	9.96e-192	532
isolate_filteredΩNODE_3_length_404174_cov_100.322816_72	UniRef100_A0A0K1MVW6~K01990	100	288	0	0	1	288	1	288	1.70e-208	575
careful_filteredΩNODE_13_length_45945_cov_104.682262_25	UniRef100_C2FGE8~K07104	99.3	288	2	0	1	288	9	296	6.84e-210	578
careful_filteredΩNODE_7_length_113509_cov_103.332278_22	UniRef100_A0A1J3CBC0~K01752	99.7	288	1	0	1	288	1	288	1.72e-192	534
careful_filteredΩNODE_5_length_328887_cov_107.364402_273	UniRef100_S4ZNM4~K07455	97.9	288	6	0	1	288	1	288	4.30e-202	558
careful_filteredΩNODE_4_length_348303_cov_114.271516_296	UniRef100_S2SLM4~K01624	99.7	288	1	0	1	288	1	288	4.68e-206	568
careful_filteredΩNODE_4_length_348303_cov_114.271516_223	UniRef100_A0A1S2AWX4~K02073	98.6	288	4	0	1	288	1	288	1.96e-198	549
careful_filteredΩNODE_4_length_348303_cov_114.271516_198	UniRef100_A0A1S6IDZ3~K06221	41.5	289	150	7	1	285	1	274	5.31e-66	213
careful_filteredΩNODE_4_length_348303_cov_114.271516_122	UniRef100_A0A1J3C2B1~K11051	99.7	288	1	0	1	288	1	288	9.96e-192	532
careful_filteredΩNODE_3_length_403891_cov_108.585722_312	UniRef100_A0A0K1MVW6~K01990	100	288	0	0	1	288	1	288	1.70e-208	575
isolate_filteredΩNODE_8_length_78445_cov_288.695424_67	UniRef100_G4L7G4~K05340	47.6	288	150	1	1	287	1	288	4.78e-83	257
isolate_filteredΩNODE_7_length_113986_cov_95.550027_82	UniRef100_A0A0E2LYU4~K03589	100	287	0	0	1	287	1	287	1.33e-200	555
isolate_filteredΩNODE_1_length_651596_cov_106.573662_459	UniRef100_A0A0E2LY98~K01624	98.6	287	4	0	1	287	1	287	2.21e-199	551
careful_filteredΩNODE_8_length_78445_cov_310.951587_67	UniRef100_G4L7G4~K05340	47.6	288	150	1	1	287	1	288	4.78e-83	257
careful_filteredΩNODE_7_length_113509_cov_103.332278_82	UniRef100_A0A0E2LYU4~K03589	100	287	0	0	1	287	1	287	1.33e-200	555
careful_filteredΩNODE_1_length_651721_cov_115.299404_459	UniRef100_A0A0E2LY98~K01624	98.6	287	4	0	1	287	1	287	2.21e-199	551
isolate_filteredΩNODE_10_length_64565_cov_110.910433_37	UniRef100_A0A0K1KWC8~K01624	100	286	0	0	1	286	1	286	2.52e-209	577
isolate_filteredΩNODE_7_length_113986_cov_95.550027_66	UniRef100_A0A0C9QDN3~K03570	100	286	0	0	1	286	6	291	8.80e-193	535
isolate_filteredΩNODE_5_length_328887_cov_99.193781_254	UniRef100_A0A1J3C963~K02040	100	286	0	0	1	286	1	286	1.96e-197	546
isolate_filteredΩNODE_4_length_348303_cov_105.649211_48	UniRef100_Q8TMH3~K00059	30.7	231	142	3	11	241	16	228	3.25e-25	106
isolate_filteredΩNODE_2_length_515833_cov_101.187436_88	UniRef100_A0A0R1F935~K14540	100	286	0	0	1	286	1	286	1.10e-203	562
isolate_filteredΩNODE_1_length_651596_cov_106.573662_535	UniRef100_A0A1J3C4J9~K06872	100	250	0	0	1	250	1	250	5.65e-158	447
isolate_filteredΩNODE_1_length_651596_cov_106.573662_33	UniRef100_A0A124HJQ1~K06221	49.1	275	131	4	12	286	8	273	2.56e-84	259
careful_filteredΩNODE_10_length_65045_cov_123.164358_31	UniRef100_A0A0K1KWC8~K01624	100	286	0	0	1	286	1	286	2.52e-209	577
careful_filteredΩNODE_7_length_113509_cov_103.332278_66	UniRef100_A0A0C9QDN3~K03570	100	286	0	0	1	286	6	291	8.80e-193	535
careful_filteredΩNODE_5_length_328887_cov_107.364402_59	UniRef100_A0A1J3C963~K02040	100	286	0	0	1	286	1	286	1.96e-197	546
careful_filteredΩNODE_4_length_348303_cov_114.271516_48	UniRef100_Q8TMH3~K00059	30.7	231	142	3	11	241	16	228	3.25e-25	106
careful_filteredΩNODE_2_length_515833_cov_109.458385_88	UniRef100_A0A0R1F935~K14540	100	286	0	0	1	286	1	286	1.10e-203	562
careful_filteredΩNODE_1_length_651721_cov_115.299404_535	UniRef100_A0A1J3C4J9~K06872	100	250	0	0	1	250	1	250	5.65e-158	447
careful_filteredΩNODE_1_length_651721_cov_115.299404_33	UniRef100_A0A124HJQ1~K06221	49.1	275	131	4	12	286	8	273	2.56e-84	259
isolate_filteredΩNODE_5_length_328887_cov_99.193781_205	UniRef100_A0A0K1KXQ8~K15772	100	285	0	0	1	285	1	285	7.38e-197	545
isolate_filteredΩNODE_5_length_328887_cov_99.193781_174	UniRef100_A0A1J3C8R9~K18672	100	285	0	0	1	285	1	285	8.61e-196	542
isolate_filteredΩNODE_5_length_328887_cov_99.193781_58	UniRef100_A0A1J3CF89~K05340	100	285	0	0	1	285	1	285	1.09e-198	550
isolate_filteredΩNODE_3_length_404174_cov_100.322816_145	UniRef100_A0A243PNG7~K07056	99.6	285	1	0	1	285	1	285	1.12e-191	532
isolate_filteredΩNODE_3_length_404174_cov_100.322816_85	UniRef100_K0N7H5~K03488	99.3	285	2	0	1	285	6	290	5.35e-198	548
isolate_filteredΩNODE_1_length_651596_cov_106.573662_273	UniRef100_A0A2C7Z6D1~K00020	41.4	266	151	3	15	278	1	263	5.31e-63	205
isolate_filteredΩNODE_1_length_651596_cov_106.573662_225	UniRef100_A0A1S2B480~K07052	100	285	0	0	1	285	1	285	2.47e-195	541
careful_filteredΩNODE_5_length_328887_cov_107.364402_255	UniRef100_A0A1J3CF89~K05340	100	285	0	0	1	285	1	285	1.09e-198	550
careful_filteredΩNODE_5_length_328887_cov_107.364402_139	UniRef100_A0A1J3C8R9~K18672	100	285	0	0	1	285	1	285	8.61e-196	542
careful_filteredΩNODE_5_length_328887_cov_107.364402_108	UniRef100_A0A0K1KXQ8~K15772	100	285	0	0	1	285	1	285	7.38e-197	545
careful_filteredΩNODE_3_length_403891_cov_108.585722_299	UniRef100_K0N7H5~K03488	99.3	285	2	0	1	285	6	290	5.35e-198	548
careful_filteredΩNODE_3_length_403891_cov_108.585722_239	UniRef100_A0A243PNG7~K07056	99.6	285	1	0	1	285	1	285	1.12e-191	532
careful_filteredΩNODE_1_length_651721_cov_115.299404_273	UniRef100_A0A2C7Z6D1~K00020	41.4	266	151	3	15	278	1	263	5.31e-63	205
careful_filteredΩNODE_1_length_651721_cov_115.299404_225	UniRef100_A0A1S2B480~K07052	100	285	0	0	1	285	1	285	2.47e-195	541
isolate_filteredΩNODE_13_length_45945_cov_96.796285_9	UniRef100_A0A0R1F1E7~K15051	98.2	283	5	0	1	283	1	283	1.00e-193	537
isolate_filteredΩNODE_8_length_78445_cov_288.695424_48	UniRef100_H5SYH1~K02030	36.4	283	158	7	5	278	6	275	7.58e-48	166
isolate_filteredΩNODE_4_length_348303_cov_105.649211_233	UniRef100_K0N1Y9~K02796	100	283	0	0	1	283	10	292	2.16e-197	546
isolate_filteredΩNODE_3_length_404174_cov_100.322816_47	UniRef100_K6QUW2~K02001	100	283	0	0	1	283	1	283	6.78e-192	532
isolate_filteredΩNODE_2_length_515833_cov_101.187436_414	UniRef100_B3WEY4~K01491	99.6	283	1	0	1	283	1	283	2.76e-191	531
isolate_filteredΩNODE_2_length_515833_cov_101.187436_411	UniRef100_A0A0C9NZT3~K13789	99.6	283	1	0	1	283	1	283	5.81e-193	535
isolate_filteredΩNODE_2_length_515833_cov_101.187436_136	UniRef100_K0NAS3~K00634	99.6	283	1	0	1	283	16	298	9.66e-191	530
isolate_filteredΩNODE_2_length_515833_cov_101.187436_101	UniRef100_A0A1J3C552~K04069	100	283	0	0	1	283	1	283	1.16e-217	597
careful_filteredΩNODE_13_length_45945_cov_104.682262_9	UniRef100_A0A0R1F1E7~K15051	98.2	283	5	0	1	283	1	283	1.00e-193	537
careful_filteredΩNODE_8_length_78445_cov_310.951587_48	UniRef100_H5SYH1~K02030	36.4	283	158	7	5	278	6	275	7.58e-48	166
careful_filteredΩNODE_4_length_348303_cov_114.271516_233	UniRef100_K0N1Y9~K02796	100	283	0	0	1	283	10	292	2.16e-197	546
careful_filteredΩNODE_3_length_403891_cov_108.585722_337	UniRef100_K6QUW2~K02001	100	283	0	0	1	283	1	283	6.78e-192	532
careful_filteredΩNODE_2_length_515833_cov_109.458385_414	UniRef100_B3WEY4~K01491	99.6	283	1	0	1	283	1	283	2.76e-191	531
careful_filteredΩNODE_2_length_515833_cov_109.458385_411	UniRef100_A0A0C9NZT3~K13789	99.6	283	1	0	1	283	1	283	5.81e-193	535
careful_filteredΩNODE_2_length_515833_cov_109.458385_136	UniRef100_K0NAS3~K00634	99.6	283	1	0	1	283	16	298	9.66e-191	530
careful_filteredΩNODE_2_length_515833_cov_109.458385_101	UniRef100_A0A1J3C552~K04069	100	283	0	0	1	283	1	283	1.16e-217	597
isolate_filteredΩNODE_16_length_18578_cov_345.945571_12	UniRef100_A0A0E1PKU7~K02204	58.2	280	117	0	3	282	1	280	6.04e-108	320
isolate_filteredΩNODE_4_length_348303_cov_105.649211_277	UniRef100_Q9RGG2~K02815	99.3	282	2	0	1	282	1	282	7.97e-195	540
isolate_filteredΩNODE_2_length_515833_cov_101.187436_483	UniRef100_A0A0R1F685~K10563	99.6	282	1	0	1	282	14	295	5.78e-207	571
isolate_filteredΩNODE_1_length_651596_cov_106.573662_581	UniRef100_A0A242FNY1~K16869	42.5	233	127	3	13	243	11	238	3.34e-54	182
isolate_filteredΩNODE_1_length_651596_cov_106.573662_571	UniRef100_K0N7M9~K09685	100	282	0	0	1	282	9	290	1.52e-194	539
careful_filteredΩNODE_16_length_18578_cov_372.460353_2	UniRef100_A0A0E1PKU7~K02204	58.2	280	117	0	3	282	1	280	6.04e-108	320
careful_filteredΩNODE_4_length_348303_cov_114.271516_277	UniRef100_Q9RGG2~K02815	99.3	282	2	0	1	282	1	282	7.97e-195	540
careful_filteredΩNODE_2_length_515833_cov_109.458385_483	UniRef100_A0A0R1F685~K10563	99.6	282	1	0	1	282	14	295	5.78e-207	571
careful_filteredΩNODE_1_length_651721_cov_115.299404_581	UniRef100_A0A242FNY1~K16869	42.5	233	127	3	13	243	11	238	3.34e-54	182
careful_filteredΩNODE_1_length_651721_cov_115.299404_571	UniRef100_K0N7M9~K09685	100	282	0	0	1	282	9	290	1.52e-194	539
isolate_filteredΩNODE_4_length_348303_cov_105.649211_261	UniRef100_A0A0F2CQ49~K02771	66.7	276	91	1	7	281	1	276	1.15e-130	377
isolate_filteredΩNODE_4_length_348303_cov_105.649211_128	UniRef100_Q0K6W0~K00011	43.5	283	152	5	1	281	1	277	1.34e-70	224
isolate_filteredΩNODE_4_length_348303_cov_105.649211_47	UniRef100_A0A0C9QHC4~K01574	99.3	281	2	0	1	281	1	281	1.76e-202	559
isolate_filteredΩNODE_3_length_404174_cov_100.322816_340	UniRef100_Q035B3~K16787	99.6	281	1	0	1	281	8	288	7.63e-201	555
isolate_filteredΩNODE_1_length_651596_cov_106.573662_404	UniRef100_A0A088RDH3~K11645	33.2	262	167	5	18	275	3	260	1.17e-31	124
careful_filteredΩNODE_4_length_348303_cov_114.271516_261	UniRef100_A0A0F2CQ49~K02771	66.7	276	91	1	7	281	1	276	1.15e-130	377
careful_filteredΩNODE_4_length_348303_cov_114.271516_128	UniRef100_Q0K6W0~K00011	43.5	283	152	5	1	281	1	277	1.34e-70	224
careful_filteredΩNODE_4_length_348303_cov_114.271516_47	UniRef100_A0A0C9QHC4~K01574	99.3	281	2	0	1	281	1	281	1.76e-202	559
careful_filteredΩNODE_3_length_403891_cov_108.585722_44	UniRef100_Q035B3~K16787	99.6	281	1	0	1	281	8	288	7.63e-201	555
careful_filteredΩNODE_1_length_651721_cov_115.299404_404	UniRef100_A0A088RDH3~K11645	33.2	262	167	5	18	275	3	260	1.17e-31	124
isolate_filteredΩNODE_15_length_29009_cov_340.104659_9	UniRef100_A0A0S3K879~K02026	70.5	275	78	1	6	280	5	276	4.72e-132	380
isolate_filteredΩNODE_10_length_64565_cov_110.910433_64	UniRef100_Q6EDZ2~K02796	100	280	0	0	1	280	1	280	8.31e-196	542
isolate_filteredΩNODE_10_length_64565_cov_110.910433_7	UniRef100_Q03CB3~K00878	98.9	280	3	0	1	280	1	280	7.64e-192	532
isolate_filteredΩNODE_6_length_211744_cov_100.420410_170	UniRef100_A0A0B8TL93~K05966	100	280	0	0	1	280	1	280	3.15e-200	553
isolate_filteredΩNODE_5_length_328887_cov_99.193781_277	UniRef100_A0A1J3C388~K00563	99.6	280	1	0	1	280	1	280	3.84e-201	555
isolate_filteredΩNODE_4_length_348303_cov_105.649211_272	UniRef100_D7D9C1~K22205	36.6	276	165	5	4	279	6	271	2.76e-45	159
isolate_filteredΩNODE_1_length_651596_cov_106.573662_69	UniRef100_A0A1Y2KQC1~K07090	99.6	280	1	0	1	280	1	280	1.62e-177	496
isolate_filteredΩNODE_1_length_651596_cov_106.573662_21	UniRef100_A0A075U496~K19337	35.8	265	169	1	15	279	16	279	3.87e-50	172
careful_filteredΩNODE_15_length_29009_cov_366.606837_12	UniRef100_A0A0S3K879~K02026	70.5	275	78	1	6	280	5	276	4.72e-132	380
careful_filteredΩNODE_10_length_65045_cov_123.164358_61	UniRef100_Q03CB3~K00878	98.9	280	3	0	1	280	1	280	7.64e-192	532
careful_filteredΩNODE_10_length_65045_cov_123.164358_4	UniRef100_Q6EDZ2~K02796	100	280	0	0	1	280	1	280	8.31e-196	542
careful_filteredΩNODE_6_length_211744_cov_108.667298_170	UniRef100_A0A0B8TL93~K05966	100	280	0	0	1	280	1	280	3.15e-200	553
careful_filteredΩNODE_5_length_328887_cov_107.364402_36	UniRef100_A0A1J3C388~K00563	99.6	280	1	0	1	280	1	280	3.84e-201	555
careful_filteredΩNODE_4_length_348303_cov_114.271516_272	UniRef100_D7D9C1~K22205	36.6	276	165	5	4	279	6	271	2.76e-45	159
careful_filteredΩNODE_1_length_651721_cov_115.299404_69	UniRef100_A0A1Y2KQC1~K07090	99.6	280	1	0	1	280	1	280	1.62e-177	496
careful_filteredΩNODE_1_length_651721_cov_115.299404_21	UniRef100_A0A075U496~K19337	35.8	265	169	1	15	279	16	279	3.87e-50	172
isolate_filteredΩNODE_5_length_328887_cov_99.193781_181	UniRef100_A0A0K1KY37~K11070	100	279	0	0	1	279	1	279	4.57e-188	522
careful_filteredΩNODE_5_length_328887_cov_107.364402_132	UniRef100_A0A0K1KY37~K11070	100	279	0	0	1	279	1	279	4.57e-188	522
isolate_filteredΩNODE_10_length_64565_cov_110.910433_54	UniRef100_A0A0E2M1F0~K02796	99.6	278	1	0	1	278	1	278	1.54e-190	528
isolate_filteredΩNODE_3_length_404174_cov_100.322816_366	UniRef100_B3WAL4~K02886	100	278	0	0	1	278	1	278	5.68e-202	557
isolate_filteredΩNODE_3_length_404174_cov_100.322816_341	UniRef100_Q035B2~K16786	99.6	278	1	0	1	278	1	278	1.05e-197	546
isolate_filteredΩNODE_1_length_651596_cov_106.573662_361	UniRef100_K0MYK1~K02796	100	278	0	0	1	278	36	313	8.63e-194	538
isolate_filteredΩNODE_1_length_651596_cov_106.573662_360	UniRef100_A0A1S2AR74~K02795	99.6	278	1	0	1	278	1	278	4.84e-178	497
isolate_filteredΩNODE_1_length_651596_cov_106.573662_245	UniRef100_A0A1J3CDK1~K03217	100	278	0	0	1	278	1	278	3.56e-180	502
careful_filteredΩNODE_10_length_65045_cov_123.164358_14	UniRef100_A0A0E2M1F0~K02796	99.6	278	1	0	1	278	1	278	1.54e-190	528
careful_filteredΩNODE_3_length_403891_cov_108.585722_43	UniRef100_Q035B2~K16786	99.6	278	1	0	1	278	1	278	1.05e-197	546
careful_filteredΩNODE_3_length_403891_cov_108.585722_18	UniRef100_B3WAL4~K02886	100	278	0	0	1	278	1	278	5.68e-202	557
careful_filteredΩNODE_1_length_651721_cov_115.299404_361	UniRef100_K0MYK1~K02796	100	278	0	0	1	278	36	313	8.63e-194	538
careful_filteredΩNODE_1_length_651721_cov_115.299404_360	UniRef100_A0A1S2AR74~K02795	99.6	278	1	0	1	278	1	278	4.84e-178	497
careful_filteredΩNODE_1_length_651721_cov_115.299404_245	UniRef100_A0A1J3CDK1~K03217	100	278	0	0	1	278	1	278	3.56e-180	502
isolate_filteredΩNODE_14_length_41384_cov_95.954245_36	UniRef100_A0A0R1F687~K06180	99.3	277	2	0	1	277	1	277	2.80e-197	545
isolate_filteredΩNODE_4_length_348303_cov_105.649211_278	UniRef100_A0A0K1MQL3~K02814	100	277	0	0	1	277	1	277	7.57e-186	516
isolate_filteredΩNODE_4_length_348303_cov_105.649211_170	UniRef100_A0A089RYD9~K00065	71.9	274	77	0	1	274	1	274	7.41e-142	405
isolate_filteredΩNODE_3_length_404174_cov_100.322816_236	UniRef100_A0A243PME0~K00931	100	277	0	0	1	277	8	284	4.53e-191	530
careful_filteredΩNODE_14_length_41384_cov_103.912799_36	UniRef100_A0A0R1F687~K06180	99.3	277	2	0	1	277	1	277	2.80e-197	545
careful_filteredΩNODE_4_length_348303_cov_114.271516_278	UniRef100_A0A0K1MQL3~K02814	100	277	0	0	1	277	1	277	7.57e-186	516
careful_filteredΩNODE_4_length_348303_cov_114.271516_170	UniRef100_A0A089RYD9~K00065	71.9	274	77	0	1	274	1	274	7.41e-142	405
careful_filteredΩNODE_3_length_403891_cov_108.585722_148	UniRef100_A0A243PME0~K00931	100	277	0	0	1	277	8	284	4.53e-191	530
isolate_filteredΩNODE_13_length_45945_cov_96.796285_30	UniRef100_A0A1J3C4F7~K02493	100	276	0	0	1	276	1	276	1.75e-195	541
isolate_filteredΩNODE_8_length_78445_cov_288.695424_56	UniRef100_A0A0R2DRG7~K02073	97.1	276	8	0	1	276	12	287	1.12e-180	504
isolate_filteredΩNODE_8_length_78445_cov_288.695424_23	UniRef100_R4RVC2~K06864	65.5	275	95	0	2	276	4	278	2.02e-123	358
isolate_filteredΩNODE_7_length_113986_cov_95.550027_24	UniRef100_Q039Y4~K07304	98.9	276	3	0	1	276	1	276	2.70e-199	550
isolate_filteredΩNODE_7_length_113986_cov_95.550027_1	UniRef100_A0A0R2DRG7~K02073	99.6	276	1	0	1	276	12	287	1.05e-185	516
isolate_filteredΩNODE_5_length_328887_cov_99.193781_76	UniRef100_A0A1V0Q4W3~K03488	100	276	0	0	1	276	1	276	1.18e-193	536
isolate_filteredΩNODE_3_length_404174_cov_100.322816_205	UniRef100_A0A0U4A651~K19337	30.3	251	172	2	1	249	1	250	3.34e-26	110
isolate_filteredΩNODE_2_length_515833_cov_101.187436_410	UniRef100_A0A0K1MUI3~K06442	100	276	0	0	1	276	1	276	3.68e-197	545
isolate_filteredΩNODE_2_length_515833_cov_101.187436_233	UniRef100_B3WEL8~K09773	100	276	0	0	1	276	1	276	1.10e-198	549
isolate_filteredΩNODE_1_length_651596_cov_106.573662_47	UniRef100_A0A0K1MR48~K03497	100	276	0	0	1	276	1	276	8.91e-189	524
careful_filteredΩNODE_13_length_45945_cov_104.682262_30	UniRef100_A0A1J3C4F7~K02493	100	276	0	0	1	276	1	276	1.75e-195	541
careful_filteredΩNODE_8_length_78445_cov_310.951587_56	UniRef100_A0A0R2DRG7~K02073	97.1	276	8	0	1	276	12	287	1.12e-180	504
careful_filteredΩNODE_8_length_78445_cov_310.951587_23	UniRef100_R4RVC2~K06864	65.5	275	95	0	2	276	4	278	2.02e-123	358
careful_filteredΩNODE_7_length_113509_cov_103.332278_24	UniRef100_Q039Y4~K07304	98.9	276	3	0	1	276	1	276	2.70e-199	550
careful_filteredΩNODE_5_length_328887_cov_107.364402_237	UniRef100_A0A1V0Q4W3~K03488	100	276	0	0	1	276	1	276	1.18e-193	536
careful_filteredΩNODE_3_length_403891_cov_108.585722_179	UniRef100_A0A0U4A651~K19337	30.3	251	172	2	1	249	1	250	3.34e-26	110
careful_filteredΩNODE_2_length_515833_cov_109.458385_410	UniRef100_A0A0K1MUI3~K06442	100	276	0	0	1	276	1	276	3.68e-197	545
careful_filteredΩNODE_2_length_515833_cov_109.458385_233	UniRef100_B3WEL8~K09773	100	276	0	0	1	276	1	276	1.10e-198	549
careful_filteredΩNODE_1_length_651721_cov_115.299404_47	UniRef100_A0A0K1MR48~K03497	100	276	0	0	1	276	1	276	8.91e-189	524
isolate_filteredΩNODE_20_length_3278_cov_514.881287_2	UniRef100_W0Q8E0~K07497	30.5	272	172	6	1	271	15	270	1.26e-24	105
isolate_filteredΩNODE_10_length_64565_cov_110.910433_9	UniRef100_A0A0C9PL94~K00941	99.3	275	2	0	1	275	1	275	5.81e-189	524
isolate_filteredΩNODE_9_length_65232_cov_99.822408_39	UniRef100_B3W8T2~K01916	100	275	0	0	1	275	1	275	2.68e-194	538
isolate_filteredΩNODE_7_length_113986_cov_95.550027_2	UniRef100_A0A1J3C9Y1~K02073	100	275	0	0	1	275	1	275	1.27e-192	533
isolate_filteredΩNODE_5_length_328887_cov_99.193781_244	UniRef100_A0A1Y2KSI8~K13292	100	275	0	0	1	275	1	275	3.17e-202	558
isolate_filteredΩNODE_4_length_348303_cov_105.649211_269	UniRef100_K0MSM6~K16785	98.9	275	3	0	1	275	1	275	2.88e-189	525
isolate_filteredΩNODE_4_length_348303_cov_105.649211_238	UniRef100_X4ZNW1~K21064	31.7	278	155	7	1	275	1	246	1.68e-26	110
isolate_filteredΩNODE_3_length_404174_cov_100.322816_240	UniRef100_A0A1S2ALE1~K07284	100	275	0	0	1	275	1	275	1.05e-191	531
careful_filteredΩNODE_20_length_3059_cov_426.589202_3	UniRef100_W0Q8E0~K07497	30.5	272	172	6	1	271	15	270	1.26e-24	105
careful_filteredΩNODE_10_length_65045_cov_123.164358_59	UniRef100_A0A0C9PL94~K00941	99.3	275	2	0	1	275	1	275	5.81e-189	524
careful_filteredΩNODE_9_length_65232_cov_108.045645_25	UniRef100_B3W8T2~K01916	100	275	0	0	1	275	1	275	2.68e-194	538
careful_filteredΩNODE_7_length_113509_cov_103.332278_2	UniRef100_A0A1J3C9Y1~K02073	100	275	0	0	1	275	1	275	1.27e-192	533
careful_filteredΩNODE_5_length_328887_cov_107.364402_69	UniRef100_A0A1Y2KSI8~K13292	100	275	0	0	1	275	1	275	3.17e-202	558
careful_filteredΩNODE_4_length_348303_cov_114.271516_269	UniRef100_K0MSM6~K16785	98.9	275	3	0	1	275	1	275	2.88e-189	525
careful_filteredΩNODE_4_length_348303_cov_114.271516_238	UniRef100_X4ZNW1~K21064	31.7	278	155	7	1	275	1	246	1.68e-26	110
careful_filteredΩNODE_3_length_403891_cov_108.585722_144	UniRef100_A0A1S2ALE1~K07284	100	275	0	0	1	275	1	275	1.05e-191	531
isolate_filteredΩNODE_10_length_64565_cov_110.910433_53	UniRef100_A0A0K1MRC8~K02795	100	274	0	0	1	274	1	274	1.65e-183	510
isolate_filteredΩNODE_6_length_211744_cov_100.420410_74	UniRef100_A0A0K1L0S9~K10039	100	274	0	0	1	274	1	274	4.61e-190	527
isolate_filteredΩNODE_5_length_328887_cov_99.193781_182	UniRef100_A0A1J3C8Q9~K11071	100	274	0	0	1	274	1	274	5.61e-191	529
isolate_filteredΩNODE_5_length_328887_cov_99.193781_104	UniRef100_A0A1J3C6K0~K01265	100	274	0	0	1	274	1	274	4.34e-204	562
isolate_filteredΩNODE_4_length_348303_cov_105.649211_146	UniRef100_A0A1S2AJD8~K00868	98.9	274	3	0	1	274	1	274	2.28e-190	528
isolate_filteredΩNODE_4_length_348303_cov_105.649211_8	UniRef100_A0A1U9RME5~K06221	50.4	270	133	1	4	273	8	276	2.27e-85	262
isolate_filteredΩNODE_2_length_515833_cov_101.187436_345	UniRef100_A0A0R1F3N5~K02315	99.6	274	1	0	1	274	1	274	8.06e-200	551
isolate_filteredΩNODE_1_length_651596_cov_106.573662_500	UniRef100_A0A243PL22~K02796	100	274	0	0	1	274	1	274	2.38e-192	533
isolate_filteredΩNODE_1_length_651596_cov_106.573662_91	UniRef100_C2FAM5~K07313	99.3	274	2	0	1	274	14	287	1.48e-205	566
careful_filteredΩNODE_10_length_65045_cov_123.164358_15	UniRef100_A0A0K1MRC8~K02795	100	274	0	0	1	274	1	274	1.65e-183	510
careful_filteredΩNODE_6_length_211744_cov_108.667298_74	UniRef100_A0A0K1L0S9~K10039	100	274	0	0	1	274	1	274	4.61e-190	527
careful_filteredΩNODE_5_length_328887_cov_107.364402_209	UniRef100_A0A1J3C6K0~K01265	100	274	0	0	1	274	1	274	4.34e-204	562
careful_filteredΩNODE_5_length_328887_cov_107.364402_131	UniRef100_A0A1J3C8Q9~K11071	100	274	0	0	1	274	1	274	5.61e-191	529
careful_filteredΩNODE_4_length_348303_cov_114.271516_146	UniRef100_A0A1S2AJD8~K00868	98.9	274	3	0	1	274	1	274	2.28e-190	528
careful_filteredΩNODE_4_length_348303_cov_114.271516_8	UniRef100_A0A1U9RME5~K06221	50.4	270	133	1	4	273	8	276	2.27e-85	262
careful_filteredΩNODE_2_length_515833_cov_109.458385_345	UniRef100_A0A0R1F3N5~K02315	99.6	274	1	0	1	274	1	274	8.06e-200	551
careful_filteredΩNODE_1_length_651721_cov_115.299404_500	UniRef100_A0A243PL22~K02796	100	274	0	0	1	274	1	274	2.38e-192	533
careful_filteredΩNODE_1_length_651721_cov_115.299404_91	UniRef100_C2FAM5~K07313	99.3	274	2	0	1	274	14	287	1.48e-205	566
isolate_filteredΩNODE_12_length_50619_cov_101.722152_32	UniRef100_A0A0K1MQA7~K02796	100	273	0	0	1	273	1	273	6.78e-187	519
isolate_filteredΩNODE_5_length_328887_cov_99.193781_301	UniRef100_K0N360~K17758	100	273	0	0	1	273	12	284	1.88e-182	508
isolate_filteredΩNODE_5_length_328887_cov_99.193781_200	UniRef100_A0A0K1MT57~K02026	100	273	0	0	1	273	1	273	3.65e-191	530
isolate_filteredΩNODE_4_length_348303_cov_105.649211_66	UniRef100_A0A1S2ALK7~K00941	100	273	0	0	1	273	1	273	3.04e-199	550
isolate_filteredΩNODE_1_length_651596_cov_106.573662_414	UniRef100_A0A223E5N5~K21064	32.7	263	164	6	5	260	7	263	2.63e-34	130
careful_filteredΩNODE_12_length_50619_cov_109.954948_32	UniRef100_A0A0K1MQA7~K02796	100	273	0	0	1	273	1	273	6.78e-187	519
careful_filteredΩNODE_5_length_328887_cov_107.364402_113	UniRef100_A0A0K1MT57~K02026	100	273	0	0	1	273	1	273	3.65e-191	530
careful_filteredΩNODE_5_length_328887_cov_107.364402_12	UniRef100_K0N360~K17758	100	273	0	0	1	273	12	284	1.88e-182	508
careful_filteredΩNODE_4_length_348303_cov_114.271516_66	UniRef100_A0A1S2ALK7~K00941	100	273	0	0	1	273	1	273	3.04e-199	550
careful_filteredΩNODE_1_length_651721_cov_115.299404_414	UniRef100_A0A223E5N5~K21064	32.7	263	164	6	5	260	7	263	2.63e-34	130
isolate_filteredΩNODE_10_length_64565_cov_110.910433_56	UniRef100_A0A0M4JSF7~K13444	44.2	274	149	2	1	270	11	284	1.22e-83	258
isolate_filteredΩNODE_5_length_328887_cov_99.193781_283	UniRef100_Q03AR6~K06153	100	272	0	0	1	272	1	272	5.85e-192	531
isolate_filteredΩNODE_5_length_328887_cov_99.193781_251	UniRef100_A0A0K1KXY2~K02036	100	272	0	0	1	272	1	272	2.90e-192	532
isolate_filteredΩNODE_4_length_348303_cov_105.649211_113	UniRef100_C2FDG2~K15051	89.7	272	28	0	1	272	1	272	1.73e-168	472
careful_filteredΩNODE_10_length_65045_cov_123.164358_12	UniRef100_A0A0M4JSF7~K13444	44.2	274	149	2	1	270	11	284	1.22e-83	258
careful_filteredΩNODE_5_length_328887_cov_107.364402_62	UniRef100_A0A0K1KXY2~K02036	100	272	0	0	1	272	1	272	2.90e-192	532
careful_filteredΩNODE_5_length_328887_cov_107.364402_30	UniRef100_Q03AR6~K06153	100	272	0	0	1	272	1	272	5.85e-192	531
careful_filteredΩNODE_4_length_348303_cov_114.271516_113	UniRef100_C2FDG2~K15051	89.7	272	28	0	1	272	1	272	1.73e-168	472
isolate_filteredΩNODE_4_length_348303_cov_105.649211_166	UniRef100_A0A1S2A895~K00651	99.6	271	1	0	1	271	1	271	2.07e-205	565
isolate_filteredΩNODE_3_length_404174_cov_100.322816_322	UniRef100_K6QI05~K15554	99.3	271	2	0	1	271	1	271	1.05e-189	526
isolate_filteredΩNODE_3_length_404174_cov_100.322816_15	UniRef100_Q036L2~K01963	99.6	271	1	0	1	271	1	271	3.97e-194	537
isolate_filteredΩNODE_2_length_515833_cov_101.187436_90	UniRef100_A0A0C9QAM8~K04096	100	271	0	0	1	271	1	271	1.74e-188	523
isolate_filteredΩNODE_1_length_651596_cov_106.573662_374	UniRef100_K0MYJ4~K05815	100	271	0	0	1	271	27	297	1.21e-192	534
isolate_filteredΩNODE_1_length_651596_cov_106.573662_310	UniRef100_Q2QKM3~K02795	100	271	0	0	1	271	1	271	7.44e-174	486
isolate_filteredΩNODE_1_length_651596_cov_106.573662_29	UniRef100_A5YBJ4~K03337	100	271	0	0	1	271	1	271	2.14e-198	548
careful_filteredΩNODE_4_length_348303_cov_114.271516_166	UniRef100_A0A1S2A895~K00651	99.6	271	1	0	1	271	1	271	2.07e-205	565
careful_filteredΩNODE_3_length_403891_cov_108.585722_369	UniRef100_Q036L2~K01963	99.6	271	1	0	1	271	1	271	3.97e-194	537
careful_filteredΩNODE_3_length_403891_cov_108.585722_62	UniRef100_K6QI05~K15554	99.3	271	2	0	1	271	1	271	1.05e-189	526
careful_filteredΩNODE_2_length_515833_cov_109.458385_90	UniRef100_A0A0C9QAM8~K04096	100	271	0	0	1	271	1	271	1.74e-188	523
careful_filteredΩNODE_1_length_651721_cov_115.299404_374	UniRef100_K0MYJ4~K05815	100	271	0	0	1	271	27	297	1.21e-192	534
careful_filteredΩNODE_1_length_651721_cov_115.299404_310	UniRef100_Q2QKM3~K02795	100	271	0	0	1	271	1	271	7.44e-174	486
careful_filteredΩNODE_1_length_651721_cov_115.299404_29	UniRef100_A5YBJ4~K03337	100	271	0	0	1	271	1	271	2.14e-198	548
isolate_filteredΩNODE_7_length_113986_cov_95.550027_72	UniRef100_A0A1J3C7J4~K02030	100	270	0	0	1	270	1	270	5.22e-194	536
isolate_filteredΩNODE_7_length_113986_cov_95.550027_28	UniRef100_A0A0K1MT92~K04486	100	270	0	0	1	270	1	270	1.29e-203	561
isolate_filteredΩNODE_6_length_211744_cov_100.420410_4	UniRef100_C1D442~K10710	36.0	275	159	4	2	268	3	268	6.31e-37	137
isolate_filteredΩNODE_4_length_348303_cov_105.649211_162	UniRef100_A0A243PUY1~K02424	100	270	0	0	1	270	1	270	2.19e-186	517
isolate_filteredΩNODE_1_length_651596_cov_106.573662_520	UniRef100_D6XUE2~K21064	31.2	263	154	5	5	267	7	242	7.37e-20	92.0
isolate_filteredΩNODE_1_length_651596_cov_106.573662_515	UniRef100_C2F9H3~K21064	99.6	270	1	0	1	270	1	270	9.40e-197	543
careful_filteredΩNODE_7_length_113509_cov_103.332278_72	UniRef100_A0A1J3C7J4~K02030	100	270	0	0	1	270	1	270	5.22e-194	536
careful_filteredΩNODE_7_length_113509_cov_103.332278_28	UniRef100_A0A0K1MT92~K04486	100	270	0	0	1	270	1	270	1.29e-203	561
careful_filteredΩNODE_6_length_211744_cov_108.667298_4	UniRef100_C1D442~K10710	36.0	275	159	4	2	268	3	268	6.31e-37	137
careful_filteredΩNODE_4_length_348303_cov_114.271516_162	UniRef100_A0A243PUY1~K02424	100	270	0	0	1	270	1	270	2.19e-186	517
careful_filteredΩNODE_1_length_651721_cov_115.299404_520	UniRef100_D6XUE2~K21064	31.2	263	154	5	5	267	7	242	7.37e-20	92.0
careful_filteredΩNODE_1_length_651721_cov_115.299404_515	UniRef100_C2F9H3~K21064	99.6	270	1	0	1	270	1	270	9.40e-197	543
isolate_filteredΩNODE_8_length_78445_cov_288.695424_46	UniRef100_M1MB48~K02029	66.1	230	78	0	1	230	1	230	1.70e-103	306
isolate_filteredΩNODE_8_length_78445_cov_288.695424_42	UniRef100_E3GWC9~K03496	30.6	271	174	7	1	269	1	259	4.60e-25	106
isolate_filteredΩNODE_4_length_348303_cov_105.649211_234	UniRef100_A0A0K1KXI0~K02795	100	269	0	0	1	269	1	269	2.43e-178	497
isolate_filteredΩNODE_1_length_651596_cov_106.573662_334	UniRef100_A0A166Z4X5~K00784	58.0	269	110	2	1	267	1	268	6.50e-109	321
careful_filteredΩNODE_8_length_78445_cov_310.951587_46	UniRef100_M1MB48~K02029	66.1	230	78	0	1	230	1	230	1.70e-103	306
careful_filteredΩNODE_8_length_78445_cov_310.951587_42	UniRef100_E3GWC9~K03496	30.6	271	174	7	1	269	1	259	4.60e-25	106
careful_filteredΩNODE_4_length_348303_cov_114.271516_234	UniRef100_A0A0K1KXI0~K02795	100	269	0	0	1	269	1	269	2.43e-178	497
careful_filteredΩNODE_1_length_651721_cov_115.299404_334	UniRef100_A0A166Z4X5~K00784	58.0	269	110	2	1	267	1	268	6.50e-109	321
isolate_filteredΩNODE_3_length_404174_cov_100.322816_261	UniRef100_A9YU90~K07707	100	268	0	0	1	268	1	268	1.08e-185	515
isolate_filteredΩNODE_1_length_651596_cov_106.573662_501	UniRef100_K0NAZ3~K02795	100	268	0	0	1	268	1	268	2.69e-170	476
isolate_filteredΩNODE_1_length_651596_cov_106.573662_218	UniRef100_A0A0G3SBX6~K20861	32.5	268	175	4	3	266	2	267	9.57e-38	139
isolate_filteredΩNODE_1_length_651596_cov_106.573662_32	UniRef100_K0MS58~K06608	99.6	268	1	0	1	268	15	282	3.14e-186	517
careful_filteredΩNODE_3_length_403891_cov_108.585722_123	UniRef100_A9YU90~K07707	100	268	0	0	1	268	1	268	1.08e-185	515
careful_filteredΩNODE_1_length_651721_cov_115.299404_501	UniRef100_K0NAZ3~K02795	100	268	0	0	1	268	1	268	2.69e-170	476
careful_filteredΩNODE_1_length_651721_cov_115.299404_218	UniRef100_A0A0G3SBX6~K20861	32.5	268	175	4	3	266	2	267	9.57e-38	139
careful_filteredΩNODE_1_length_651721_cov_115.299404_32	UniRef100_K0MS58~K06608	99.6	268	1	0	1	268	15	282	3.14e-186	517
isolate_filteredΩNODE_4_length_348303_cov_105.649211_253	UniRef100_A0A089XYY4~K00068	75.7	267	65	0	1	267	1	267	5.88e-146	415
isolate_filteredΩNODE_4_length_348303_cov_105.649211_58	UniRef100_A0A1J3C5A8~K05833	100	267	0	0	1	267	1	267	3.92e-183	509
isolate_filteredΩNODE_3_length_404174_cov_100.322816_317	UniRef100_A0A1J3C0N6~K02042	100	267	0	0	1	267	1	267	1.09e-189	525
isolate_filteredΩNODE_2_length_515833_cov_101.187436_268	UniRef100_C2FF82~K01479	94.7	266	14	0	1	266	20	285	2.99e-187	520
careful_filteredΩNODE_4_length_348303_cov_114.271516_253	UniRef100_A0A089XYY4~K00068	75.7	267	65	0	1	267	1	267	5.88e-146	415
careful_filteredΩNODE_4_length_348303_cov_114.271516_58	UniRef100_A0A1J3C5A8~K05833	100	267	0	0	1	267	1	267	3.92e-183	509
careful_filteredΩNODE_3_length_403891_cov_108.585722_67	UniRef100_A0A1J3C0N6~K02042	100	267	0	0	1	267	1	267	1.09e-189	525
careful_filteredΩNODE_2_length_515833_cov_109.458385_268	UniRef100_C2FF82~K01479	94.7	266	14	0	1	266	20	285	2.99e-187	520
isolate_filteredΩNODE_4_length_348303_cov_105.649211_294	UniRef100_K0MSK9~K00068	99.6	266	1	0	1	266	1	266	4.61e-186	516
isolate_filteredΩNODE_4_length_348303_cov_105.649211_281	UniRef100_Q9RGG6~K00068	100	266	0	0	1	266	1	266	2.28e-186	517
isolate_filteredΩNODE_1_length_651596_cov_106.573662_416	UniRef100_K0N8W2~K00068	100	266	0	0	1	266	24	289	8.80e-185	514
careful_filteredΩNODE_4_length_348303_cov_114.271516_294	UniRef100_K0MSK9~K00068	99.6	266	1	0	1	266	1	266	4.61e-186	516
careful_filteredΩNODE_4_length_348303_cov_114.271516_281	UniRef100_Q9RGG6~K00068	100	266	0	0	1	266	1	266	2.28e-186	517
careful_filteredΩNODE_1_length_651721_cov_115.299404_416	UniRef100_K0N8W2~K00068	100	266	0	0	1	266	24	289	8.80e-185	514
isolate_filteredΩNODE_10_length_64565_cov_110.910433_63	UniRef100_T4HJH6~K03930	33.0	270	157	6	1	259	1	257	1.68e-45	159
isolate_filteredΩNODE_9_length_65232_cov_99.822408_44	UniRef100_A0A0K1MV07~K00286	99.6	265	1	0	1	265	1	265	5.97e-177	493
isolate_filteredΩNODE_7_length_113986_cov_95.550027_69	UniRef100_A0A0K1MTG5~K03609	100	265	0	0	1	265	1	265	2.27e-181	504
isolate_filteredΩNODE_5_length_328887_cov_99.193781_287	UniRef100_Q03AS0~K00858	100	265	0	0	1	265	1	265	5.03e-194	536
isolate_filteredΩNODE_1_length_651596_cov_106.573662_486	UniRef100_A0A243PMC4~K02444	100	265	0	0	1	265	1	265	1.74e-185	514
isolate_filteredΩNODE_1_length_651596_cov_106.573662_15	UniRef100_A0A1J3C5W5~K02075	99.6	265	1	0	1	265	1	265	3.31e-174	486
careful_filteredΩNODE_10_length_65045_cov_123.164358_5	UniRef100_T4HJH6~K03930	33.0	270	157	6	1	259	1	257	1.68e-45	159
careful_filteredΩNODE_9_length_65232_cov_108.045645_20	UniRef100_A0A0K1MV07~K00286	99.6	265	1	0	1	265	1	265	5.97e-177	493
careful_filteredΩNODE_7_length_113509_cov_103.332278_69	UniRef100_A0A0K1MTG5~K03609	100	265	0	0	1	265	1	265	2.27e-181	504
careful_filteredΩNODE_5_length_328887_cov_107.364402_26	UniRef100_Q03AS0~K00858	100	265	0	0	1	265	1	265	5.03e-194	536
careful_filteredΩNODE_1_length_651721_cov_115.299404_486	UniRef100_A0A243PMC4~K02444	100	265	0	0	1	265	1	265	1.74e-185	514
careful_filteredΩNODE_1_length_651721_cov_115.299404_15	UniRef100_A0A1J3C5W5~K02075	99.6	265	1	0	1	265	1	265	3.31e-174	486
isolate_filteredΩNODE_9_length_65232_cov_99.822408_8	UniRef100_A0A1V0QA81~K03565	99.6	264	1	0	1	264	1	264	2.10e-181	504
isolate_filteredΩNODE_4_length_348303_cov_105.649211_148	UniRef100_C2FDC3~K01990	99.6	264	1	0	1	264	54	317	9.60e-186	517
isolate_filteredΩNODE_3_length_404174_cov_100.322816_339	UniRef100_Q035B4~K16785	100	264	0	0	1	264	1	264	1.27e-182	507
isolate_filteredΩNODE_1_length_651596_cov_106.573662_281	UniRef100_S2TZB3~K20861	98.9	264	3	0	1	264	1	264	6.82e-187	518
isolate_filteredΩNODE_1_length_651596_cov_106.573662_168	UniRef100_K0N711~K01695	98.9	264	3	0	1	264	1	264	2.10e-181	504
careful_filteredΩNODE_9_length_65232_cov_108.045645_55	UniRef100_A0A1V0QA81~K03565	99.6	264	1	0	1	264	1	264	2.10e-181	504
careful_filteredΩNODE_4_length_348303_cov_114.271516_148	UniRef100_C2FDC3~K01990	99.6	264	1	0	1	264	54	317	9.60e-186	517
careful_filteredΩNODE_3_length_403891_cov_108.585722_45	UniRef100_Q035B4~K16785	100	264	0	0	1	264	1	264	1.27e-182	507
careful_filteredΩNODE_1_length_651721_cov_115.299404_281	UniRef100_S2TZB3~K20861	98.9	264	3	0	1	264	1	264	6.82e-187	518
careful_filteredΩNODE_1_length_651721_cov_115.299404_168	UniRef100_K0N711~K01695	98.9	264	3	0	1	264	1	264	2.10e-181	504
isolate_filteredΩNODE_8_length_78445_cov_288.695424_25	UniRef100_A0A199QH19~K09121	81.0	263	50	0	1	263	1	263	1.25e-145	414
isolate_filteredΩNODE_5_length_328887_cov_99.193781_139	UniRef100_K6RX43~K10804	98.9	263	3	0	1	263	1	263	5.57e-181	503
isolate_filteredΩNODE_2_length_515833_cov_101.187436_14	UniRef100_B5QT97~K01092	100	263	0	0	1	263	1	263	7.68e-188	520
careful_filteredΩNODE_8_length_78445_cov_310.951587_25	UniRef100_A0A199QH19~K09121	81.0	263	50	0	1	263	1	263	1.25e-145	414
careful_filteredΩNODE_5_length_328887_cov_107.364402_174	UniRef100_K6RX43~K10804	98.9	263	3	0	1	263	1	263	5.57e-181	503
careful_filteredΩNODE_2_length_515833_cov_109.458385_14	UniRef100_B5QT97~K01092	100	263	0	0	1	263	1	263	7.68e-188	520
isolate_filteredΩNODE_3_length_404174_cov_100.322816_108	UniRef100_S2UJB5~K01104	99.6	262	1	0	1	262	1	262	1.68e-186	517
isolate_filteredΩNODE_2_length_515833_cov_101.187436_302	UniRef100_B3WES8~K02967	100	262	0	0	1	262	1	262	1.32e-183	509
isolate_filteredΩNODE_2_length_515833_cov_101.187436_297	UniRef100_K0N933~K00981	99.6	262	1	0	1	262	14	275	3.94e-179	499
isolate_filteredΩNODE_1_length_651596_cov_106.573662_193	UniRef100_A0A1S2ACH7~K07052	80.5	262	51	0	1	262	30	291	3.57e-149	424
careful_filteredΩNODE_3_length_403891_cov_108.585722_276	UniRef100_S2UJB5~K01104	99.6	262	1	0	1	262	1	262	1.68e-186	517
careful_filteredΩNODE_2_length_515833_cov_109.458385_302	UniRef100_B3WES8~K02967	100	262	0	0	1	262	1	262	1.32e-183	509
careful_filteredΩNODE_2_length_515833_cov_109.458385_297	UniRef100_K0N933~K00981	99.6	262	1	0	1	262	14	275	3.94e-179	499
careful_filteredΩNODE_1_length_651721_cov_115.299404_193	UniRef100_A0A1S2ACH7~K07052	80.5	262	51	0	1	262	30	291	3.57e-149	424
isolate_filteredΩNODE_12_length_50619_cov_101.722152_7	UniRef100_A0A0K1KWK9~K01995	100	261	0	0	1	261	1	261	6.78e-181	503
isolate_filteredΩNODE_7_length_113986_cov_95.550027_88	UniRef100_A0A1V0Q3P6~K04074	100	261	0	0	1	261	1	261	5.95e-122	353
isolate_filteredΩNODE_3_length_404174_cov_100.322816_74	UniRef100_A0A0K1L158~K00034	99.6	261	1	0	1	261	1	261	1.89e-187	519
isolate_filteredΩNODE_2_length_515833_cov_101.187436_46	UniRef100_A0A0R1F9A2~K07124	100	261	0	0	1	261	10	270	2.07e-184	512
isolate_filteredΩNODE_1_length_651596_cov_106.573662_367	UniRef100_K0MYJ9~K17836	99.2	261	2	0	1	261	1	261	3.65e-185	513
careful_filteredΩNODE_12_length_50619_cov_109.954948_7	UniRef100_A0A0K1KWK9~K01995	100	261	0	0	1	261	1	261	6.78e-181	503
careful_filteredΩNODE_7_length_113509_cov_103.332278_88	UniRef100_A0A1V0Q3P6~K04074	100	261	0	0	1	261	1	261	5.95e-122	353
careful_filteredΩNODE_3_length_403891_cov_108.585722_310	UniRef100_A0A0K1L158~K00034	99.6	261	1	0	1	261	1	261	1.89e-187	519
careful_filteredΩNODE_2_length_515833_cov_109.458385_46	UniRef100_A0A0R1F9A2~K07124	100	261	0	0	1	261	10	270	2.07e-184	512
careful_filteredΩNODE_1_length_651721_cov_115.299404_367	UniRef100_K0MYJ9~K17836	99.2	261	2	0	1	261	1	261	3.65e-185	513
isolate_filteredΩNODE_6_length_211744_cov_100.420410_17	UniRef100_A0A1J3C5D6~K18928	100	260	0	0	1	260	1	260	7.72e-191	528
isolate_filteredΩNODE_5_length_328887_cov_99.193781_37	UniRef100_S4ZPK0~K02315	91.9	260	21	0	1	260	1	260	1.63e-167	469
isolate_filteredΩNODE_3_length_404174_cov_100.322816_316	UniRef100_A0A0K1MWN5~K02042	100	260	0	0	1	260	1	260	3.89e-175	488
isolate_filteredΩNODE_1_length_651596_cov_106.573662_165	UniRef100_B3W6W8~K01609	100	260	0	0	1	260	1	260	2.45e-178	496
careful_filteredΩNODE_6_length_211744_cov_108.667298_17	UniRef100_A0A1J3C5D6~K18928	100	260	0	0	1	260	1	260	7.72e-191	528
careful_filteredΩNODE_5_length_328887_cov_107.364402_276	UniRef100_S4ZPK0~K02315	91.9	260	21	0	1	260	1	260	1.63e-167	469
careful_filteredΩNODE_3_length_403891_cov_108.585722_68	UniRef100_A0A0K1MWN5~K02042	100	260	0	0	1	260	1	260	3.89e-175	488
careful_filteredΩNODE_1_length_651721_cov_115.299404_165	UniRef100_B3W6W8~K01609	100	260	0	0	1	260	1	260	2.45e-178	496
isolate_filteredΩNODE_10_length_64565_cov_110.910433_57	UniRef100_K0N1T8~K07090	99.6	259	1	0	1	259	3	261	2.06e-170	476
isolate_filteredΩNODE_10_length_64565_cov_110.910433_42	UniRef100_S4ZJ95~K01055	97.7	219	5	0	41	259	1	219	1.58e-155	437
isolate_filteredΩNODE_3_length_404174_cov_100.322816_323	UniRef100_K6RF05~K01992	99.6	259	1	0	1	259	1	259	2.54e-175	488
isolate_filteredΩNODE_3_length_404174_cov_100.322816_196	UniRef100_A0A1V0Q8V7~K03218	100	259	0	0	1	259	1	259	1.22e-182	507
isolate_filteredΩNODE_2_length_515833_cov_101.187436_224	UniRef100_A0A0R1FEV3~K03584	99.6	259	1	0	1	259	1	259	6.12e-192	530
isolate_filteredΩNODE_1_length_651596_cov_106.573662_563	UniRef100_A0A0K1MX11~K03424	100	259	0	0	1	259	1	259	5.87e-190	525
careful_filteredΩNODE_10_length_65045_cov_123.164358_26	UniRef100_S4ZJ95~K01055	97.7	219	5	0	41	259	1	219	1.58e-155	437
careful_filteredΩNODE_10_length_65045_cov_123.164358_11	UniRef100_K0N1T8~K07090	99.6	259	1	0	1	259	3	261	2.06e-170	476
careful_filteredΩNODE_3_length_403891_cov_108.585722_188	UniRef100_A0A1V0Q8V7~K03218	100	259	0	0	1	259	1	259	1.22e-182	507
careful_filteredΩNODE_3_length_403891_cov_108.585722_61	UniRef100_K6RF05~K01992	99.6	259	1	0	1	259	1	259	2.54e-175	488
careful_filteredΩNODE_2_length_515833_cov_109.458385_224	UniRef100_A0A0R1FEV3~K03584	99.6	259	1	0	1	259	1	259	6.12e-192	530
careful_filteredΩNODE_1_length_651721_cov_115.299404_563	UniRef100_A0A0K1MX11~K03424	100	259	0	0	1	259	1	259	5.87e-190	525
isolate_filteredΩNODE_11_length_60639_cov_98.791866_7	UniRef100_A0A0K1MT14~K01101	100	258	0	0	1	258	1	258	2.13e-187	519
isolate_filteredΩNODE_4_length_348303_cov_105.649211_79	UniRef100_K0N2X5~K02530	100	258	0	0	1	258	6	263	1.59e-181	504
isolate_filteredΩNODE_3_length_404174_cov_100.322816_210	UniRef100_A0A1S2AW30~K01992	100	258	0	0	1	258	1	258	2.25e-173	483
careful_filteredΩNODE_11_length_60639_cov_106.889304_7	UniRef100_A0A0K1MT14~K01101	100	258	0	0	1	258	1	258	2.13e-187	519
careful_filteredΩNODE_4_length_348303_cov_114.271516_79	UniRef100_K0N2X5~K02530	100	258	0	0	1	258	6	263	1.59e-181	504
careful_filteredΩNODE_3_length_403891_cov_108.585722_174	UniRef100_A0A1S2AW30~K01992	100	258	0	0	1	258	1	258	2.25e-173	483
isolate_filteredΩNODE_4_length_348303_cov_105.649211_254	UniRef100_C8XJ89~K03436	33.7	252	155	4	5	249	5	251	1.33e-32	125
isolate_filteredΩNODE_3_length_404174_cov_100.322816_315	UniRef100_Q035E0~K02041	99.6	257	1	0	1	257	1	257	6.51e-177	492
isolate_filteredΩNODE_3_length_404174_cov_100.322816_14	UniRef100_A0A1S2AHH8~K01962	99.6	257	1	0	1	257	1	257	4.45e-184	510
isolate_filteredΩNODE_1_length_651596_cov_106.573662_412	UniRef100_A0A1D7ZT52~K02081	35.2	256	154	6	8	255	21	272	6.99e-29	116
isolate_filteredΩNODE_1_length_651596_cov_106.573662_213	UniRef100_A0A1S2AAT2~K07090	99.2	257	2	0	1	257	1	257	2.05e-164	461
careful_filteredΩNODE_4_length_348303_cov_114.271516_254	UniRef100_C8XJ89~K03436	33.7	252	155	4	5	249	5	251	1.33e-32	125
careful_filteredΩNODE_3_length_403891_cov_108.585722_370	UniRef100_A0A1S2AHH8~K01962	99.6	257	1	0	1	257	1	257	4.45e-184	510
careful_filteredΩNODE_3_length_403891_cov_108.585722_69	UniRef100_Q035E0~K02041	99.6	257	1	0	1	257	1	257	6.51e-177	492
careful_filteredΩNODE_1_length_651721_cov_115.299404_412	UniRef100_A0A1D7ZT52~K02081	35.2	256	154	6	8	255	21	272	6.99e-29	116
careful_filteredΩNODE_1_length_651721_cov_115.299404_213	UniRef100_A0A1S2AAT2~K07090	99.2	257	2	0	1	257	1	257	2.05e-164	461
isolate_filteredΩNODE_14_length_41384_cov_95.954245_24	UniRef100_A0A0K1MUU0~K02003	100	256	0	0	1	256	1	256	1.27e-178	496
isolate_filteredΩNODE_7_length_113986_cov_95.550027_33	UniRef100_K0N4G1~K01992	99.6	256	1	0	1	256	1	256	2.01e-143	407
isolate_filteredΩNODE_3_length_404174_cov_100.322816_324	UniRef100_C2FB74~K01992	98.8	256	3	0	1	256	1	256	3.48e-176	490
isolate_filteredΩNODE_2_length_515833_cov_101.187436_107	UniRef100_A0A0R1FG04~K02003	100	256	0	0	1	256	7	262	4.34e-176	490
careful_filteredΩNODE_14_length_41384_cov_103.912799_24	UniRef100_A0A0K1MUU0~K02003	100	256	0	0	1	256	1	256	1.27e-178	496
careful_filteredΩNODE_7_length_113509_cov_103.332278_33	UniRef100_K0N4G1~K01992	99.6	256	1	0	1	256	1	256	2.01e-143	407
careful_filteredΩNODE_3_length_403891_cov_108.585722_60	UniRef100_C2FB74~K01992	98.8	256	3	0	1	256	1	256	3.48e-176	490
careful_filteredΩNODE_2_length_515833_cov_109.458385_107	UniRef100_A0A0R1FG04~K02003	100	256	0	0	1	256	7	262	4.34e-176	490
isolate_filteredΩNODE_10_length_64565_cov_110.910433_65	UniRef100_K0N5H6~K02795	100	255	0	0	1	255	7	261	9.46e-175	487
isolate_filteredΩNODE_8_length_78445_cov_288.695424_53	UniRef100_Q8DV56~K15555	59.1	247	101	0	7	253	3	249	2.99e-101	300
isolate_filteredΩNODE_7_length_113986_cov_95.550027_5	UniRef100_A0A1J3C411~K09013	100	255	0	0	1	255	1	255	2.20e-183	508
isolate_filteredΩNODE_6_length_211744_cov_100.420410_122	UniRef100_K9ZWD6~K02081	31.8	255	161	6	8	252	1	252	3.78e-25	105
isolate_filteredΩNODE_2_length_515833_cov_101.187436_373	UniRef100_A0A0C9QG71~K00554	100	255	0	0	1	255	3	257	4.27e-186	515
isolate_filteredΩNODE_2_length_515833_cov_101.187436_89	UniRef100_Q039E6~K03470	99.6	252	1	0	4	255	1	252	4.28e-178	495
isolate_filteredΩNODE_1_length_651596_cov_106.573662_156	UniRef100_A0A1V0Q6Z8~K00215	99.6	255	1	0	1	255	1	255	4.98e-180	500
isolate_filteredΩNODE_1_length_651596_cov_106.573662_46	UniRef100_A0A1J3C9F8~K03496	100	255	0	0	1	255	1	255	1.67e-178	496
careful_filteredΩNODE_10_length_65045_cov_123.164358_3	UniRef100_K0N5H6~K02795	100	255	0	0	1	255	7	261	9.46e-175	487
careful_filteredΩNODE_8_length_78445_cov_310.951587_53	UniRef100_Q8DV56~K15555	59.1	247	101	0	7	253	3	249	2.99e-101	300
careful_filteredΩNODE_7_length_113509_cov_103.332278_5	UniRef100_A0A1J3C411~K09013	100	255	0	0	1	255	1	255	2.20e-183	508
careful_filteredΩNODE_6_length_211744_cov_108.667298_122	UniRef100_K9ZWD6~K02081	31.8	255	161	6	8	252	1	252	3.78e-25	105
careful_filteredΩNODE_2_length_515833_cov_109.458385_373	UniRef100_A0A0C9QG71~K00554	100	255	0	0	1	255	3	257	4.27e-186	515
careful_filteredΩNODE_2_length_515833_cov_109.458385_89	UniRef100_Q039E6~K03470	99.6	252	1	0	4	255	1	252	4.28e-178	495
careful_filteredΩNODE_1_length_651721_cov_115.299404_156	UniRef100_A0A1V0Q6Z8~K00215	99.6	255	1	0	1	255	1	255	4.98e-180	500
careful_filteredΩNODE_1_length_651721_cov_115.299404_46	UniRef100_A0A1J3C9F8~K03496	100	255	0	0	1	255	1	255	1.67e-178	496
isolate_filteredΩNODE_8_length_78445_cov_288.695424_47	UniRef100_M1LQM1~K02028	53.7	244	111	1	4	247	1	242	1.38e-85	261
isolate_filteredΩNODE_7_length_113986_cov_95.550027_49	UniRef100_A0A1V0Q3U3~K01992	100	254	0	0	1	254	1	254	1.07e-169	474
isolate_filteredΩNODE_6_length_211744_cov_100.420410_47	UniRef100_A0A0M6W9X9~K01104	100	254	0	0	1	254	1	254	1.10e-187	519
isolate_filteredΩNODE_5_length_328887_cov_99.193781_250	UniRef100_S2U0K5~K02036	100	254	0	0	1	254	1	254	1.13e-180	501
isolate_filteredΩNODE_1_length_651596_cov_106.573662_434	UniRef100_D1AG73~K17463	53.7	244	106	4	7	245	8	249	4.54e-76	236
isolate_filteredΩNODE_1_length_651596_cov_106.573662_246	UniRef100_A0A1V0Q791~K06346	100	254	0	0	1	254	1	254	4.55e-171	477
careful_filteredΩNODE_8_length_78445_cov_310.951587_47	UniRef100_M1LQM1~K02028	53.7	244	111	1	4	247	1	242	1.38e-85	261
careful_filteredΩNODE_7_length_113509_cov_103.332278_49	UniRef100_A0A1V0Q3U3~K01992	100	254	0	0	1	254	1	254	1.07e-169	474
careful_filteredΩNODE_6_length_211744_cov_108.667298_47	UniRef100_A0A0M6W9X9~K01104	100	254	0	0	1	254	1	254	1.10e-187	519
careful_filteredΩNODE_5_length_328887_cov_107.364402_63	UniRef100_S2U0K5~K02036	100	254	0	0	1	254	1	254	1.13e-180	501
careful_filteredΩNODE_1_length_651721_cov_115.299404_434	UniRef100_D1AG73~K17463	53.7	244	106	4	7	245	8	249	4.54e-76	236
careful_filteredΩNODE_1_length_651721_cov_115.299404_246	UniRef100_A0A1V0Q791~K06346	100	254	0	0	1	254	1	254	4.55e-171	477
isolate_filteredΩNODE_7_length_113986_cov_95.550027_42	UniRef100_C2FG77~K07720	98.8	253	3	0	1	253	25	277	1.20e-178	497
isolate_filteredΩNODE_4_length_348303_cov_105.649211_257	UniRef100_A0A0K1MRJ3~K03436	99.6	253	1	0	1	253	1	253	3.77e-174	485
isolate_filteredΩNODE_3_length_404174_cov_100.322816_337	UniRef100_A0A1D7YBM0~K21744	31.0	245	143	6	1	232	1	232	4.43e-20	92.4
isolate_filteredΩNODE_2_length_515833_cov_101.187436_449	UniRef100_A0A1J3C203~K03437	99.6	253	1	0	1	253	1	253	1.67e-177	493
isolate_filteredΩNODE_1_length_651596_cov_106.573662_569	UniRef100_A0A1J3CAL6~K02069	100	253	0	0	1	253	1	253	2.79e-160	450
isolate_filteredΩNODE_1_length_651596_cov_106.573662_401	UniRef100_A0A0E2LYB8~K02795	100	253	0	0	1	253	1	253	2.27e-175	488
isolate_filteredΩNODE_1_length_651596_cov_106.573662_397	UniRef100_F9ULA6~K02444	46.8	252	134	0	1	252	1	252	1.26e-71	225
isolate_filteredΩNODE_1_length_651596_cov_106.573662_128	UniRef100_A0A1S2AF11~K01992	99.6	253	1	0	1	253	1	253	2.00e-169	473
careful_filteredΩNODE_7_length_113509_cov_103.332278_42	UniRef100_C2FG77~K07720	98.8	253	3	0	1	253	25	277	1.20e-178	497
careful_filteredΩNODE_4_length_348303_cov_114.271516_257	UniRef100_A0A0K1MRJ3~K03436	99.6	253	1	0	1	253	1	253	3.77e-174	485
careful_filteredΩNODE_3_length_403891_cov_108.585722_47	UniRef100_A0A1D7YBM0~K21744	31.0	245	143	6	1	232	1	232	4.43e-20	92.4
careful_filteredΩNODE_2_length_515833_cov_109.458385_449	UniRef100_A0A1J3C203~K03437	99.6	253	1	0	1	253	1	253	1.67e-177	493
careful_filteredΩNODE_1_length_651721_cov_115.299404_569	UniRef100_A0A1J3CAL6~K02069	100	253	0	0	1	253	1	253	2.79e-160	450
careful_filteredΩNODE_1_length_651721_cov_115.299404_401	UniRef100_A0A0E2LYB8~K02795	100	253	0	0	1	253	1	253	2.27e-175	488
careful_filteredΩNODE_1_length_651721_cov_115.299404_397	UniRef100_F9ULA6~K02444	46.8	252	134	0	1	252	1	252	1.26e-71	225
careful_filteredΩNODE_1_length_651721_cov_115.299404_128	UniRef100_A0A1S2AF11~K01992	99.6	253	1	0	1	253	1	253	2.00e-169	473
isolate_filteredΩNODE_6_length_211744_cov_100.420410_100	UniRef100_A0A1V0QAI6~K02003	100	252	0	0	1	252	1	252	2.45e-174	485
isolate_filteredΩNODE_5_length_328887_cov_99.193781_187	UniRef100_A0A1Y2KSB0~K01142	99.2	252	2	0	1	252	1	252	1.45e-191	529
isolate_filteredΩNODE_2_length_515833_cov_101.187436_117	UniRef100_Q039B5~K02500	99.2	252	2	0	1	252	1	252	7.87e-171	476
isolate_filteredΩNODE_1_length_651596_cov_106.573662_8	UniRef100_A0A1J3C662~K22103	100	252	0	0	1	252	1	252	1.66e-172	481
careful_filteredΩNODE_6_length_211744_cov_108.667298_100	UniRef100_A0A1V0QAI6~K02003	100	252	0	0	1	252	1	252	2.45e-174	485
careful_filteredΩNODE_5_length_328887_cov_107.364402_126	UniRef100_A0A1Y2KSB0~K01142	99.2	252	2	0	1	252	1	252	1.45e-191	529
careful_filteredΩNODE_2_length_515833_cov_109.458385_117	UniRef100_Q039B5~K02500	99.2	252	2	0	1	252	1	252	7.87e-171	476
careful_filteredΩNODE_1_length_651721_cov_115.299404_8	UniRef100_A0A1J3C662~K22103	100	252	0	0	1	252	1	252	1.66e-172	481
isolate_filteredΩNODE_6_length_211744_cov_100.420410_151	UniRef100_A0A1W7ADB7~K19285	38.9	247	146	4	5	250	2	244	8.71e-50	169
isolate_filteredΩNODE_6_length_211744_cov_100.420410_78	UniRef100_A0A1Y0CTA5~K16698	43.0	251	139	3	2	250	5	253	1.64e-63	204
isolate_filteredΩNODE_5_length_328887_cov_99.193781_223	UniRef100_B3WCW6~K01803	100	251	0	0	1	251	1	251	3.81e-182	505
isolate_filteredΩNODE_1_length_651596_cov_106.573662_348	UniRef100_S2UL38~K01104	99.6	251	1	0	1	251	1	251	1.49e-179	498
careful_filteredΩNODE_6_length_211744_cov_108.667298_151	UniRef100_A0A1W7ADB7~K19285	38.9	247	146	4	5	250	2	244	8.71e-50	169
careful_filteredΩNODE_6_length_211744_cov_108.667298_78	UniRef100_A0A1Y0CTA5~K16698	43.0	251	139	3	2	250	5	253	1.64e-63	204
careful_filteredΩNODE_5_length_328887_cov_107.364402_90	UniRef100_B3WCW6~K01803	100	251	0	0	1	251	1	251	3.81e-182	505
careful_filteredΩNODE_1_length_651721_cov_115.299404_348	UniRef100_S2UL38~K01104	99.6	251	1	0	1	251	1	251	1.49e-179	498
isolate_filteredΩNODE_11_length_60639_cov_98.791866_16	UniRef100_K0MTP3~K03524	100	250	0	0	1	250	16	265	1.61e-177	494
isolate_filteredΩNODE_9_length_65232_cov_99.822408_31	UniRef100_A0A0C9P095~K05833	100	250	0	0	1	250	1	250	2.64e-168	470
isolate_filteredΩNODE_6_length_211744_cov_100.420410_35	UniRef100_A0A0X8KHR5~K00903	43.9	205	114	1	20	224	9	212	6.88e-53	176
isolate_filteredΩNODE_4_length_348303_cov_105.649211_203	UniRef100_A0A0E2LVR2~K07010	99.6	250	1	0	1	250	1	250	6.10e-183	507
isolate_filteredΩNODE_2_length_515833_cov_101.187436_298	UniRef100_A0A125U8N4~K00806	99.6	250	1	0	1	250	1	250	9.70e-180	499
isolate_filteredΩNODE_1_length_651596_cov_106.573662_34	UniRef100_A0A0K1KW75~K01779	99.6	250	1	0	1	250	1	250	1.18e-180	501
careful_filteredΩNODE_11_length_60639_cov_106.889304_16	UniRef100_K0MTP3~K03524	100	250	0	0	1	250	16	265	1.61e-177	494
careful_filteredΩNODE_9_length_65232_cov_108.045645_32	UniRef100_A0A0C9P095~K05833	100	250	0	0	1	250	1	250	2.64e-168	470
careful_filteredΩNODE_6_length_211744_cov_108.667298_35	UniRef100_A0A0X8KHR5~K00903	43.9	205	114	1	20	224	9	212	6.88e-53	176
careful_filteredΩNODE_4_length_348303_cov_114.271516_203	UniRef100_A0A0E2LVR2~K07010	99.6	250	1	0	1	250	1	250	6.10e-183	507
careful_filteredΩNODE_2_length_515833_cov_109.458385_298	UniRef100_A0A125U8N4~K00806	99.6	250	1	0	1	250	1	250	9.70e-180	499
careful_filteredΩNODE_1_length_651721_cov_115.299404_34	UniRef100_A0A0K1KW75~K01779	99.6	250	1	0	1	250	1	250	1.18e-180	501
isolate_filteredΩNODE_4_length_348303_cov_105.649211_291	UniRef100_A0A0K1MQK7~K17466	100	249	0	0	1	249	1	249	6.52e-173	481
isolate_filteredΩNODE_2_length_515833_cov_101.187436_42	UniRef100_A0A0K1KYP7~K03436	100	249	0	0	1	249	1	249	2.09e-169	473
careful_filteredΩNODE_4_length_348303_cov_114.271516_291	UniRef100_A0A0K1MQK7~K17466	100	249	0	0	1	249	1	249	6.52e-173	481
careful_filteredΩNODE_2_length_515833_cov_109.458385_42	UniRef100_A0A0K1KYP7~K03436	100	249	0	0	1	249	1	249	2.09e-169	473
isolate_filteredΩNODE_8_length_78445_cov_288.695424_26	UniRef100_Q3BCH2~K06898	62.8	247	91	1	1	246	10	256	2.09e-97	291
isolate_filteredΩNODE_2_length_515833_cov_101.187436_38	UniRef100_A0A0K1MUH1~K02028	100	248	0	0	1	248	1	248	4.25e-173	482
isolate_filteredΩNODE_1_length_651596_cov_106.573662_301	UniRef100_A0A1J3C9S4~K17076	100	248	0	0	1	248	1	248	4.25e-173	482
careful_filteredΩNODE_8_length_78445_cov_310.951587_26	UniRef100_Q3BCH2~K06898	62.8	247	91	1	1	246	10	256	2.09e-97	291
careful_filteredΩNODE_2_length_515833_cov_109.458385_38	UniRef100_A0A0K1MUH1~K02028	100	248	0	0	1	248	1	248	4.25e-173	482
careful_filteredΩNODE_1_length_651721_cov_115.299404_301	UniRef100_A0A1J3C9S4~K17076	100	248	0	0	1	248	1	248	4.25e-173	482
isolate_filteredΩNODE_15_length_29009_cov_340.104659_7	UniRef100_A0A0R2IEW7~K17076	39.7	247	148	1	1	246	3	249	3.62e-55	183
isolate_filteredΩNODE_6_length_211744_cov_100.420410_9	UniRef100_S4ZNS6~K09861	98.4	247	4	0	1	247	1	247	5.59e-173	481
isolate_filteredΩNODE_3_length_404174_cov_100.322816_338	UniRef100_B3WAI6~K06173	99.6	247	1	0	1	247	1	247	1.05e-177	493
isolate_filteredΩNODE_3_length_404174_cov_100.322816_293	UniRef100_K0N7A8~K19973	100	247	0	0	1	247	5	251	3.59e-170	474
isolate_filteredΩNODE_3_length_404174_cov_100.322816_144	UniRef100_K0N709~K01071	100	247	0	0	1	247	3	249	1.14e-186	516
isolate_filteredΩNODE_2_length_515833_cov_101.187436_398	UniRef100_A0A0K1MUK0~K20074	100	247	0	0	1	247	1	247	4.10e-175	487
isolate_filteredΩNODE_2_length_515833_cov_101.187436_304	UniRef100_F7V2Y5~K15460	39.1	238	141	4	5	240	7	242	1.06e-53	179
isolate_filteredΩNODE_2_length_515833_cov_101.187436_63	UniRef100_K0N509~K06178	99.6	247	1	0	1	247	1	247	6.80e-174	484
careful_filteredΩNODE_15_length_29009_cov_366.606837_14	UniRef100_A0A0R2IEW7~K17076	39.7	247	148	1	1	246	3	249	3.62e-55	183
careful_filteredΩNODE_6_length_211744_cov_108.667298_9	UniRef100_S4ZNS6~K09861	98.4	247	4	0	1	247	1	247	5.59e-173	481
careful_filteredΩNODE_3_length_403891_cov_108.585722_240	UniRef100_K0N709~K01071	100	247	0	0	1	247	3	249	1.14e-186	516
careful_filteredΩNODE_3_length_403891_cov_108.585722_91	UniRef100_K0N7A8~K19973	100	247	0	0	1	247	5	251	3.59e-170	474
careful_filteredΩNODE_3_length_403891_cov_108.585722_46	UniRef100_B3WAI6~K06173	99.6	247	1	0	1	247	1	247	1.05e-177	493
careful_filteredΩNODE_2_length_515833_cov_109.458385_398	UniRef100_A0A0K1MUK0~K20074	100	247	0	0	1	247	1	247	4.10e-175	487
careful_filteredΩNODE_2_length_515833_cov_109.458385_304	UniRef100_F7V2Y5~K15460	39.1	238	141	4	5	240	7	242	1.06e-53	179
careful_filteredΩNODE_2_length_515833_cov_109.458385_63	UniRef100_K0N509~K06178	99.6	247	1	0	1	247	1	247	6.80e-174	484
isolate_filteredΩNODE_4_length_348303_cov_105.649211_284	UniRef100_A0A0K1MRN6~K03710	100	246	0	0	1	246	1	246	2.46e-171	477
isolate_filteredΩNODE_2_length_515833_cov_101.187436_248	UniRef100_A0A0C9PXV0~K09761	100	246	0	0	1	246	1	246	2.87e-170	474
isolate_filteredΩNODE_1_length_651596_cov_106.573662_291	UniRef100_K0N971~K02028	100	246	0	0	1	246	9	254	2.70e-170	475
careful_filteredΩNODE_4_length_348303_cov_114.271516_284	UniRef100_A0A0K1MRN6~K03710	100	246	0	0	1	246	1	246	2.46e-171	477
careful_filteredΩNODE_2_length_515833_cov_109.458385_248	UniRef100_A0A0C9PXV0~K09761	100	246	0	0	1	246	1	246	2.87e-170	474
careful_filteredΩNODE_1_length_651721_cov_115.299404_291	UniRef100_K0N971~K02028	100	246	0	0	1	246	9	254	2.70e-170	475
isolate_filteredΩNODE_11_length_60639_cov_98.791866_27	UniRef100_Q03AY5~K02440	99.6	245	1	0	1	245	1	245	8.63e-176	488
isolate_filteredΩNODE_9_length_65232_cov_99.822408_13	UniRef100_A0A0K1MW15~K03489	100	245	0	0	1	245	1	245	1.60e-171	478
isolate_filteredΩNODE_6_length_211744_cov_100.420410_146	UniRef100_A0A1V0Q9Y8~K07090	100	245	0	0	1	245	1	245	1.58e-162	455
isolate_filteredΩNODE_6_length_211744_cov_100.420410_73	UniRef100_K0MWS9~K10041	100	245	0	0	1	245	9	253	1.11e-173	483
isolate_filteredΩNODE_5_length_328887_cov_99.193781_119	UniRef100_A0A1S2AVR6~K07273	99.6	245	1	0	1	245	1	245	9.36e-180	498
isolate_filteredΩNODE_1_length_651596_cov_106.573662_424	UniRef100_A0A1E7RWU3~K01990	50.2	251	115	1	5	245	2	252	3.26e-79	244
careful_filteredΩNODE_11_length_60639_cov_106.889304_27	UniRef100_Q03AY5~K02440	99.6	245	1	0	1	245	1	245	8.63e-176	488
careful_filteredΩNODE_9_length_65232_cov_108.045645_50	UniRef100_A0A0K1MW15~K03489	100	245	0	0	1	245	1	245	1.60e-171	478
careful_filteredΩNODE_6_length_211744_cov_108.667298_146	UniRef100_A0A1V0Q9Y8~K07090	100	245	0	0	1	245	1	245	1.58e-162	455
careful_filteredΩNODE_6_length_211744_cov_108.667298_73	UniRef100_K0MWS9~K10041	100	245	0	0	1	245	9	253	1.11e-173	483
careful_filteredΩNODE_5_length_328887_cov_107.364402_194	UniRef100_A0A1S2AVR6~K07273	99.6	245	1	0	1	245	1	245	9.36e-180	498
careful_filteredΩNODE_1_length_651721_cov_115.299404_424	UniRef100_A0A1E7RWU3~K01990	50.2	251	115	1	5	245	2	252	3.26e-79	244
isolate_filteredΩNODE_5_length_328887_cov_99.193781_217	UniRef100_A0A0R1FBR3~K03928	100	244	0	0	1	244	5	248	4.97e-180	499
isolate_filteredΩNODE_5_length_328887_cov_99.193781_175	UniRef100_A0A0E2LW38~K01990	99.6	244	1	0	1	244	1	244	2.36e-168	469
isolate_filteredΩNODE_4_length_348303_cov_105.649211_184	UniRef100_A0A0K1KWX4~K01990	99.6	244	1	0	1	244	1	244	1.37e-167	468
isolate_filteredΩNODE_4_length_348303_cov_105.649211_19	UniRef100_A8JFF5~K00079	30.9	256	140	6	6	230	13	262	4.94e-24	103
isolate_filteredΩNODE_3_length_404174_cov_100.322816_278	UniRef100_A0A1W5CJ13~K05886	38.6	246	147	2	1	242	2	247	1.12e-45	159
careful_filteredΩNODE_5_length_328887_cov_107.364402_138	UniRef100_A0A0E2LW38~K01990	99.6	244	1	0	1	244	1	244	2.36e-168	469
careful_filteredΩNODE_5_length_328887_cov_107.364402_96	UniRef100_A0A0R1FBR3~K03928	100	244	0	0	1	244	5	248	4.97e-180	499
careful_filteredΩNODE_4_length_348303_cov_114.271516_184	UniRef100_A0A0K1KWX4~K01990	99.6	244	1	0	1	244	1	244	1.37e-167	468
careful_filteredΩNODE_4_length_348303_cov_114.271516_19	UniRef100_A8JFF5~K00079	30.9	256	140	6	6	230	13	262	4.94e-24	103
careful_filteredΩNODE_3_length_403891_cov_108.585722_106	UniRef100_A0A1W5CJ13~K05886	38.6	246	147	2	1	242	2	247	1.12e-45	159
isolate_filteredΩNODE_7_length_113986_cov_95.550027_26	UniRef100_A0A1J3CFD5~K03811	100	243	0	0	1	243	1	243	2.69e-178	494
isolate_filteredΩNODE_5_length_328887_cov_99.193781_167	UniRef100_A0A1U8D935~K18189	33.3	240	150	4	2	235	53	288	2.36e-31	122
isolate_filteredΩNODE_3_length_404174_cov_100.322816_49	UniRef100_B3W9M6~K06206	98.8	243	3	0	1	243	1	243	8.63e-175	486
isolate_filteredΩNODE_1_length_651596_cov_106.573662_369	UniRef100_A0A0P0E9I4~K03574	30.8	224	125	7	27	243	22	222	2.28e-18	87.0
isolate_filteredΩNODE_1_length_651596_cov_106.573662_48	UniRef100_Q03CJ9~K03501	100	243	0	0	1	243	1	243	2.66e-169	472
careful_filteredΩNODE_7_length_113509_cov_103.332278_26	UniRef100_A0A1J3CFD5~K03811	100	243	0	0	1	243	1	243	2.69e-178	494
careful_filteredΩNODE_5_length_328887_cov_107.364402_146	UniRef100_A0A1U8D935~K18189	33.3	240	150	4	2	235	53	288	2.36e-31	122
careful_filteredΩNODE_3_length_403891_cov_108.585722_335	UniRef100_B3W9M6~K06206	98.8	243	3	0	1	243	1	243	8.63e-175	486
careful_filteredΩNODE_1_length_651721_cov_115.299404_369	UniRef100_A0A0P0E9I4~K03574	30.8	224	125	7	27	243	22	222	2.28e-18	87.0
careful_filteredΩNODE_1_length_651721_cov_115.299404_48	UniRef100_Q03CJ9~K03501	100	243	0	0	1	243	1	243	2.66e-169	472
isolate_filteredΩNODE_14_length_41384_cov_95.954245_10	UniRef100_A0A0R1F6S3~K01923	99.6	242	1	0	1	242	1	242	5.40e-173	481
isolate_filteredΩNODE_7_length_113986_cov_95.550027_27	UniRef100_B9DKU5~K15519	30.5	213	130	7	1	211	11	207	2.63e-16	81.3
isolate_filteredΩNODE_5_length_328887_cov_99.193781_271	UniRef100_A0A1V0Q513~K00059	100	242	0	0	1	242	1	242	2.36e-167	467
isolate_filteredΩNODE_5_length_328887_cov_99.193781_149	UniRef100_A0A0R2DAZ5~K02483	100	242	0	0	1	242	5	246	8.87e-173	481
isolate_filteredΩNODE_3_length_404174_cov_100.322816_20	UniRef100_A0A1J3C8Y6~K00059	100	242	0	0	1	242	1	242	3.08e-163	456
isolate_filteredΩNODE_2_length_515833_cov_101.187436_495	UniRef100_K0N9F4~K01990	99.6	242	1	0	1	242	15	256	1.82e-172	480
isolate_filteredΩNODE_1_length_651596_cov_106.573662_491	UniRef100_A0A1V0Q8L1~K01628	100	242	0	0	1	242	1	242	3.96e-175	486
isolate_filteredΩNODE_1_length_651596_cov_106.573662_452	UniRef100_A0A1V0Q8L1~K01628	82.5	240	42	0	1	240	1	240	6.67e-142	402
isolate_filteredΩNODE_1_length_651596_cov_106.573662_415	UniRef100_A0A1S2ATA9~K03077	100	242	0	0	1	242	1	242	2.90e-177	492
isolate_filteredΩNODE_1_length_651596_cov_106.573662_90	UniRef100_A0A1S2ACP2~K07457	100	242	0	0	1	242	1	242	3.68e-180	499
careful_filteredΩNODE_14_length_41384_cov_103.912799_10	UniRef100_A0A0R1F6S3~K01923	99.6	242	1	0	1	242	1	242	5.40e-173	481
careful_filteredΩNODE_7_length_113509_cov_103.332278_27	UniRef100_B9DKU5~K15519	30.5	213	130	7	1	211	11	207	2.63e-16	81.3
careful_filteredΩNODE_5_length_328887_cov_107.364402_164	UniRef100_A0A0R2DAZ5~K02483	100	242	0	0	1	242	5	246	8.87e-173	481
careful_filteredΩNODE_5_length_328887_cov_107.364402_42	UniRef100_A0A1V0Q513~K00059	100	242	0	0	1	242	1	242	2.36e-167	467
careful_filteredΩNODE_3_length_403891_cov_108.585722_364	UniRef100_A0A1J3C8Y6~K00059	100	242	0	0	1	242	1	242	3.08e-163	456
careful_filteredΩNODE_2_length_515833_cov_109.458385_495	UniRef100_K0N9F4~K01990	99.6	242	1	0	1	242	15	256	1.82e-172	480
careful_filteredΩNODE_1_length_651721_cov_115.299404_491	UniRef100_A0A1V0Q8L1~K01628	100	242	0	0	1	242	1	242	3.96e-175	486
careful_filteredΩNODE_1_length_651721_cov_115.299404_452	UniRef100_A0A1V0Q8L1~K01628	82.5	240	42	0	1	240	1	240	6.67e-142	402
careful_filteredΩNODE_1_length_651721_cov_115.299404_415	UniRef100_A0A1S2ATA9~K03077	100	242	0	0	1	242	1	242	2.90e-177	492
careful_filteredΩNODE_1_length_651721_cov_115.299404_90	UniRef100_A0A1S2ACP2~K07457	100	242	0	0	1	242	1	242	3.68e-180	499
isolate_filteredΩNODE_2_length_515833_cov_101.187436_61	UniRef100_A0A0K1KZV1~K05896	100	241	0	0	1	241	1	241	1.36e-161	452
isolate_filteredΩNODE_1_length_651596_cov_106.573662_492	UniRef100_A0A1S2AD09~K03492	100	241	0	0	1	241	1	241	7.10e-173	481
careful_filteredΩNODE_2_length_515833_cov_109.458385_61	UniRef100_A0A0K1KZV1~K05896	100	241	0	0	1	241	1	241	1.36e-161	452
careful_filteredΩNODE_1_length_651721_cov_115.299404_492	UniRef100_A0A1S2AD09~K03492	100	241	0	0	1	241	1	241	7.10e-173	481
isolate_filteredΩNODE_13_length_45945_cov_96.796285_20	UniRef100_C6C9C7~K15634	30.1	229	135	8	3	226	2	210	3.16e-13	72.8
isolate_filteredΩNODE_3_length_404174_cov_100.322816_140	UniRef100_U5SDL0~K14742	43.8	240	135	0	1	240	1	240	3.61e-64	205
careful_filteredΩNODE_13_length_45945_cov_104.682262_20	UniRef100_C6C9C7~K15634	30.1	229	135	8	3	226	2	210	3.16e-13	72.8
careful_filteredΩNODE_3_length_403891_cov_108.585722_244	UniRef100_U5SDL0~K14742	43.8	240	135	0	1	240	1	240	3.61e-64	205
isolate_filteredΩNODE_8_length_78445_cov_288.695424_22	UniRef100_A0A0C1Q5Q0~K02440	78.7	239	51	0	1	239	1	239	3.33e-143	405
isolate_filteredΩNODE_2_length_515833_cov_101.187436_300	UniRef100_Q038L4~K09903	100	239	0	0	1	239	1	239	2.55e-165	461
isolate_filteredΩNODE_2_length_515833_cov_101.187436_138	UniRef100_A0A0R1FCI5~K01591	99.6	239	1	0	1	239	1	239	6.02e-164	458
isolate_filteredΩNODE_1_length_651596_cov_106.573662_392	UniRef100_K0MYG7~K03710	99.6	239	1	0	1	239	1	239	6.82e-170	473
isolate_filteredΩNODE_1_length_651596_cov_106.573662_16	UniRef100_K0MS90~K02074	99.6	239	1	0	1	239	1	239	2.66e-167	466
careful_filteredΩNODE_8_length_78445_cov_310.951587_22	UniRef100_A0A0C1Q5Q0~K02440	78.7	239	51	0	1	239	1	239	3.33e-143	405
careful_filteredΩNODE_2_length_515833_cov_109.458385_300	UniRef100_Q038L4~K09903	100	239	0	0	1	239	1	239	2.55e-165	461
careful_filteredΩNODE_2_length_515833_cov_109.458385_138	UniRef100_A0A0R1FCI5~K01591	99.6	239	1	0	1	239	1	239	6.02e-164	458
careful_filteredΩNODE_1_length_651721_cov_115.299404_392	UniRef100_K0MYG7~K03710	99.6	239	1	0	1	239	1	239	6.82e-170	473
careful_filteredΩNODE_1_length_651721_cov_115.299404_16	UniRef100_K0MS90~K02074	99.6	239	1	0	1	239	1	239	2.66e-167	466
isolate_filteredΩNODE_12_length_50619_cov_101.722152_26	UniRef100_A0A243Q1K6~K03710	100	238	0	0	1	238	2	239	2.10e-166	464
isolate_filteredΩNODE_12_length_50619_cov_101.722152_14	UniRef100_B3W8N4~K03784	100	238	0	0	1	238	1	238	2.47e-167	466
isolate_filteredΩNODE_4_length_348303_cov_105.649211_140	UniRef100_A0A0E2LX86~K03486	100	238	0	0	1	238	12	249	6.10e-166	463
isolate_filteredΩNODE_2_length_515833_cov_101.187436_118	UniRef100_A0A1J3C1V4~K01814	100	238	0	0	1	238	1	238	3.76e-162	453
careful_filteredΩNODE_12_length_50619_cov_109.954948_26	UniRef100_A0A243Q1K6~K03710	100	238	0	0	1	238	2	239	2.10e-166	464
careful_filteredΩNODE_12_length_50619_cov_109.954948_14	UniRef100_B3W8N4~K03784	100	238	0	0	1	238	1	238	2.47e-167	466
careful_filteredΩNODE_4_length_348303_cov_114.271516_140	UniRef100_A0A0E2LX86~K03486	100	238	0	0	1	238	12	249	6.10e-166	463
careful_filteredΩNODE_2_length_515833_cov_109.458385_118	UniRef100_A0A1J3C1V4~K01814	100	238	0	0	1	238	1	238	3.76e-162	453
isolate_filteredΩNODE_12_length_50619_cov_101.722152_8	UniRef100_A0A1V0Q6P1~K01996	100	237	0	0	1	237	1	237	5.78e-161	450
isolate_filteredΩNODE_6_length_211744_cov_100.420410_142	UniRef100_A0A1V0Q9U2~K01990	100	237	0	0	1	237	1	237	8.56e-163	455
isolate_filteredΩNODE_6_length_211744_cov_100.420410_30	UniRef100_S4ZV79~K00059	99.2	237	2	0	1	237	1	237	2.35e-160	449
isolate_filteredΩNODE_4_length_348303_cov_105.649211_161	UniRef100_K6QUQ7~K10009	99.6	237	1	0	1	237	1	237	9.18e-158	442
isolate_filteredΩNODE_1_length_651596_cov_106.573662_330	UniRef100_K0N8E4~K07668	100	237	0	0	1	237	9	245	2.62e-168	469
careful_filteredΩNODE_12_length_50619_cov_109.954948_8	UniRef100_A0A1V0Q6P1~K01996	100	237	0	0	1	237	1	237	5.78e-161	450
careful_filteredΩNODE_6_length_211744_cov_108.667298_142	UniRef100_A0A1V0Q9U2~K01990	100	237	0	0	1	237	1	237	8.56e-163	455
careful_filteredΩNODE_6_length_211744_cov_108.667298_30	UniRef100_S4ZV79~K00059	99.2	237	2	0	1	237	1	237	2.35e-160	449
careful_filteredΩNODE_4_length_348303_cov_114.271516_161	UniRef100_K6QUQ7~K10009	99.6	237	1	0	1	237	1	237	9.18e-158	442
careful_filteredΩNODE_1_length_651721_cov_115.299404_330	UniRef100_K0N8E4~K07668	100	237	0	0	1	237	9	245	2.62e-168	469
isolate_filteredΩNODE_13_length_45945_cov_96.796285_34	UniRef100_A0A0B8U0P7~K02108	100	236	0	0	1	236	1	236	3.36e-164	458
isolate_filteredΩNODE_7_length_113986_cov_95.550027_97	UniRef100_A0A0E2BSR4~K01243	100	236	0	0	1	236	1	236	7.60e-161	450
isolate_filteredΩNODE_6_length_211744_cov_100.420410_182	UniRef100_A0A0K1MV20~K01575	99.6	236	1	0	1	236	1	236	3.65e-168	468
isolate_filteredΩNODE_5_length_328887_cov_99.193781_303	UniRef100_A0A1J3C6L6~K06183	100	236	0	0	1	236	1	236	8.61e-167	465
isolate_filteredΩNODE_3_length_404174_cov_100.322816_335	UniRef100_A0A0E2LVJ2~K02003	100	236	0	0	1	236	1	236	6.06e-167	465
isolate_filteredΩNODE_2_length_515833_cov_101.187436_485	UniRef100_A0A0R1F698~K06890	100	236	0	0	1	236	4	239	1.64e-158	444
isolate_filteredΩNODE_2_length_515833_cov_101.187436_186	UniRef100_A0A0R1FCC5~K06967	99.6	236	1	0	1	236	1	236	2.27e-162	454
isolate_filteredΩNODE_1_length_651596_cov_106.573662_322	UniRef100_A0A098R9F0~K03489	44.0	232	130	0	1	232	1	232	2.60e-59	192
isolate_filteredΩNODE_1_length_651596_cov_106.573662_261	UniRef100_A0A0C9Q9M0~K02564	100	236	0	0	1	236	14	249	1.18e-167	468
careful_filteredΩNODE_13_length_45945_cov_104.682262_34	UniRef100_A0A0B8U0P7~K02108	100	236	0	0	1	236	1	236	3.36e-164	458
careful_filteredΩNODE_7_length_113509_cov_103.332278_97	UniRef100_A0A0E2BSR4~K01243	100	236	0	0	1	236	1	236	7.60e-161	450
careful_filteredΩNODE_6_length_211744_cov_108.667298_182	UniRef100_A0A0K1MV20~K01575	99.6	236	1	0	1	236	1	236	3.65e-168	468
careful_filteredΩNODE_5_length_328887_cov_107.364402_10	UniRef100_A0A1J3C6L6~K06183	100	236	0	0	1	236	1	236	8.61e-167	465
careful_filteredΩNODE_3_length_403891_cov_108.585722_49	UniRef100_A0A0E2LVJ2~K02003	100	236	0	0	1	236	1	236	6.06e-167	465
careful_filteredΩNODE_2_length_515833_cov_109.458385_485	UniRef100_A0A0R1F698~K06890	100	236	0	0	1	236	4	239	1.64e-158	444
careful_filteredΩNODE_2_length_515833_cov_109.458385_186	UniRef100_A0A0R1FCC5~K06967	99.6	236	1	0	1	236	1	236	2.27e-162	454
careful_filteredΩNODE_1_length_651721_cov_115.299404_322	UniRef100_A0A098R9F0~K03489	44.0	232	130	0	1	232	1	232	2.60e-59	192
careful_filteredΩNODE_1_length_651721_cov_115.299404_261	UniRef100_A0A0C9Q9M0~K02564	100	236	0	0	1	236	14	249	1.18e-167	468
isolate_filteredΩNODE_6_length_211744_cov_100.420410_19	UniRef100_C2FC94~K00782	99.6	235	1	0	1	235	1	235	3.02e-171	476
isolate_filteredΩNODE_5_length_328887_cov_99.193781_256	UniRef100_A0A0K1KXX7~K07658	100	235	0	0	1	235	1	235	2.38e-168	469
isolate_filteredΩNODE_4_length_348303_cov_105.649211_98	UniRef100_A0A1V0Q5M2~K02440	99.6	235	1	0	1	235	1	235	3.02e-171	476
careful_filteredΩNODE_6_length_211744_cov_108.667298_19	UniRef100_C2FC94~K00782	99.6	235	1	0	1	235	1	235	3.02e-171	476
careful_filteredΩNODE_5_length_328887_cov_107.364402_57	UniRef100_A0A0K1KXX7~K07658	100	235	0	0	1	235	1	235	2.38e-168	469
careful_filteredΩNODE_4_length_348303_cov_114.271516_98	UniRef100_A0A1V0Q5M2~K02440	99.6	235	1	0	1	235	1	235	3.02e-171	476
isolate_filteredΩNODE_4_length_348303_cov_105.649211_103	UniRef100_A0A1S2AJM3~K19225	98.7	234	3	0	1	234	1	234	5.74e-155	435
isolate_filteredΩNODE_2_length_515833_cov_101.187436_441	UniRef100_A0A1E7E4A2~K11622	34.0	206	123	5	34	232	36	235	3.94e-31	120
isolate_filteredΩNODE_1_length_651596_cov_106.573662_235	UniRef100_A0A0C9PPX3~K01619	100	234	0	0	1	234	35	268	9.91e-164	458
isolate_filteredΩNODE_1_length_651596_cov_106.573662_153	UniRef100_B3W7E7~K05822	100	234	0	0	1	234	1	234	2.00e-116	337
careful_filteredΩNODE_4_length_348303_cov_114.271516_103	UniRef100_A0A1S2AJM3~K19225	98.7	234	3	0	1	234	1	234	5.74e-155	435
careful_filteredΩNODE_2_length_515833_cov_109.458385_441	UniRef100_A0A1E7E4A2~K11622	34.0	206	123	5	34	232	36	235	3.94e-31	120
careful_filteredΩNODE_1_length_651721_cov_115.299404_235	UniRef100_A0A0C9PPX3~K01619	100	234	0	0	1	234	35	268	9.91e-164	458
careful_filteredΩNODE_1_length_651721_cov_115.299404_153	UniRef100_B3W7E7~K05822	100	234	0	0	1	234	1	234	2.00e-116	337
isolate_filteredΩNODE_9_length_65232_cov_99.822408_42	UniRef100_K0N9L8~K03710	100	233	0	0	1	233	7	239	3.72e-161	451
isolate_filteredΩNODE_3_length_404174_cov_100.322816_321	UniRef100_A0A0K1L2D6~K15555	99.6	233	1	0	1	233	1	233	9.20e-156	437
isolate_filteredΩNODE_3_length_404174_cov_100.322816_42	UniRef100_K0NA48~K07284	100	233	0	0	1	233	34	266	3.92e-167	467
isolate_filteredΩNODE_1_length_651596_cov_106.573662_475	UniRef100_A0A0K2SQY7~K07669	41.6	226	126	3	1	226	1	220	3.76e-55	181
isolate_filteredΩNODE_1_length_651596_cov_106.573662_220	UniRef100_K0N1D1~K02003	100	233	0	0	1	233	2	234	4.10e-166	463
careful_filteredΩNODE_9_length_65232_cov_108.045645_22	UniRef100_K0N9L8~K03710	100	233	0	0	1	233	7	239	3.72e-161	451
careful_filteredΩNODE_3_length_403891_cov_108.585722_342	UniRef100_K0NA48~K07284	100	233	0	0	1	233	34	266	3.92e-167	467
careful_filteredΩNODE_3_length_403891_cov_108.585722_63	UniRef100_A0A0K1L2D6~K15555	99.6	233	1	0	1	233	1	233	9.20e-156	437
careful_filteredΩNODE_1_length_651721_cov_115.299404_475	UniRef100_A0A0K2SQY7~K07669	41.6	226	126	3	1	226	1	220	3.76e-55	181
careful_filteredΩNODE_1_length_651721_cov_115.299404_220	UniRef100_K0N1D1~K02003	100	233	0	0	1	233	2	234	4.10e-166	463
isolate_filteredΩNODE_4_length_348303_cov_105.649211_182	UniRef100_C2FAD4~K20488	98.7	232	3	0	1	232	1	232	4.79e-162	452
isolate_filteredΩNODE_1_length_651596_cov_106.573662_510	UniRef100_A0A0K1L2F1~K07150	99.6	232	1	0	1	232	1	232	4.73e-153	430
isolate_filteredΩNODE_1_length_651596_cov_106.573662_377	UniRef100_K6QNM4~K01126	99.6	232	1	0	1	232	1	232	6.59e-169	470
careful_filteredΩNODE_4_length_348303_cov_114.271516_182	UniRef100_C2FAD4~K20488	98.7	232	3	0	1	232	1	232	4.79e-162	452
careful_filteredΩNODE_1_length_651721_cov_115.299404_510	UniRef100_A0A0K1L2F1~K07150	99.6	232	1	0	1	232	1	232	4.73e-153	430
careful_filteredΩNODE_1_length_651721_cov_115.299404_377	UniRef100_K6QNM4~K01126	99.6	232	1	0	1	232	1	232	6.59e-169	470
isolate_filteredΩNODE_15_length_29009_cov_340.104659_15	UniRef100_A0A191ZND4~K07497	46.1	219	112	3	1	219	4	216	2.02e-53	178
isolate_filteredΩNODE_2_length_515833_cov_101.187436_382	UniRef100_S2S252~K03685	100	231	0	0	1	231	1	231	5.17e-161	450
careful_filteredΩNODE_15_length_29009_cov_366.606837_6	UniRef100_A0A191ZND4~K07497	46.1	219	112	3	1	219	4	216	2.02e-53	178
careful_filteredΩNODE_2_length_515833_cov_109.458385_382	UniRef100_S2S252~K03685	100	231	0	0	1	231	1	231	5.17e-161	450
isolate_filteredΩNODE_10_length_64565_cov_110.910433_5	UniRef100_K0N5E1~K03707	99.1	229	2	0	1	229	2	230	2.57e-163	456
isolate_filteredΩNODE_5_length_328887_cov_99.193781_210	UniRef100_A0A0R1F533~K01838	100	230	0	0	1	230	3	232	6.73e-157	439
isolate_filteredΩNODE_2_length_515833_cov_101.187436_109	UniRef100_A0A0X8FD20~K19082	44.7	226	125	0	1	226	16	241	2.73e-62	200
isolate_filteredΩNODE_1_length_651596_cov_106.573662_549	UniRef100_A0A0R1F6Q3~K12410	100	230	0	0	1	230	16	245	1.28e-164	459
isolate_filteredΩNODE_1_length_651596_cov_106.573662_460	UniRef100_A0A0E2LZ70~K01803	98.7	230	3	0	1	230	1	230	5.37e-158	442
isolate_filteredΩNODE_1_length_651596_cov_106.573662_188	UniRef100_F4LKU1~K22293	32.6	221	148	1	7	227	13	232	6.42e-33	125
careful_filteredΩNODE_10_length_65045_cov_123.164358_63	UniRef100_K0N5E1~K03707	99.1	229	2	0	1	229	2	230	2.57e-163	456
careful_filteredΩNODE_5_length_328887_cov_107.364402_103	UniRef100_A0A0R1F533~K01838	100	230	0	0	1	230	3	232	6.73e-157	439
careful_filteredΩNODE_2_length_515833_cov_109.458385_109	UniRef100_A0A0X8FD20~K19082	44.7	226	125	0	1	226	16	241	2.73e-62	200
careful_filteredΩNODE_1_length_651721_cov_115.299404_549	UniRef100_A0A0R1F6Q3~K12410	100	230	0	0	1	230	16	245	1.28e-164	459
careful_filteredΩNODE_1_length_651721_cov_115.299404_460	UniRef100_A0A0E2LZ70~K01803	98.7	230	3	0	1	230	1	230	5.37e-158	442
careful_filteredΩNODE_1_length_651721_cov_115.299404_188	UniRef100_F4LKU1~K22293	32.6	221	148	1	7	227	13	232	6.42e-33	125
isolate_filteredΩNODE_7_length_113986_cov_95.550027_4	UniRef100_A0A0K1KZB8~K02072	100	229	0	0	1	229	1	229	1.47e-150	423
isolate_filteredΩNODE_4_length_348303_cov_105.649211_242	UniRef100_A0A1S2ATD5~K02003	99.6	229	1	0	1	229	1	229	1.86e-153	431
isolate_filteredΩNODE_4_length_348303_cov_105.649211_102	UniRef100_A0A1S2AJM3~K19225	45.9	209	113	0	14	222	14	222	2.15e-53	177
isolate_filteredΩNODE_3_length_404174_cov_100.322816_170	UniRef100_B3WA08~K02863	100	229	0	0	1	229	1	229	8.59e-159	444
isolate_filteredΩNODE_3_length_404174_cov_100.322816_37	UniRef100_A0A0K1L122~K01834	100	229	0	0	1	229	1	229	5.23e-169	470
isolate_filteredΩNODE_2_length_515833_cov_101.187436_169	UniRef100_A0A0K1MU40~K10773	99.6	229	1	0	1	229	1	229	6.05e-159	444
isolate_filteredΩNODE_1_length_651596_cov_106.573662_481	UniRef100_Q034H8~K01807	100	229	0	0	1	229	1	229	1.33e-162	454
isolate_filteredΩNODE_1_length_651596_cov_106.573662_406	UniRef100_C2F968~K01807	99.1	229	2	0	1	229	1	229	5.18e-160	447
isolate_filteredΩNODE_1_length_651596_cov_106.573662_274	UniRef100_S2U0F4~K02475	98.7	229	3	0	1	229	1	229	1.73e-158	443
isolate_filteredΩNODE_1_length_651596_cov_106.573662_256	UniRef100_A0A0E2M102~K02003	100	229	0	0	1	229	2	230	2.28e-161	451
careful_filteredΩNODE_7_length_113509_cov_103.332278_4	UniRef100_A0A0K1KZB8~K02072	100	229	0	0	1	229	1	229	1.47e-150	423
careful_filteredΩNODE_4_length_348303_cov_114.271516_242	UniRef100_A0A1S2ATD5~K02003	99.6	229	1	0	1	229	1	229	1.86e-153	431
careful_filteredΩNODE_4_length_348303_cov_114.271516_102	UniRef100_A0A1S2AJM3~K19225	45.9	209	113	0	14	222	14	222	2.15e-53	177
careful_filteredΩNODE_3_length_403891_cov_108.585722_347	UniRef100_A0A0K1L122~K01834	100	229	0	0	1	229	1	229	5.23e-169	470
careful_filteredΩNODE_3_length_403891_cov_108.585722_214	UniRef100_B3WA08~K02863	100	229	0	0	1	229	1	229	8.59e-159	444
careful_filteredΩNODE_2_length_515833_cov_109.458385_169	UniRef100_A0A0K1MU40~K10773	99.6	229	1	0	1	229	1	229	6.05e-159	444
careful_filteredΩNODE_1_length_651721_cov_115.299404_481	UniRef100_Q034H8~K01807	100	229	0	0	1	229	1	229	1.33e-162	454
careful_filteredΩNODE_1_length_651721_cov_115.299404_406	UniRef100_C2F968~K01807	99.1	229	2	0	1	229	1	229	5.18e-160	447
careful_filteredΩNODE_1_length_651721_cov_115.299404_274	UniRef100_S2U0F4~K02475	98.7	229	3	0	1	229	1	229	1.73e-158	443
careful_filteredΩNODE_1_length_651721_cov_115.299404_256	UniRef100_A0A0E2M102~K02003	100	229	0	0	1	229	2	230	2.28e-161	451
isolate_filteredΩNODE_14_length_41384_cov_95.954245_29	UniRef100_Q037W6~K16511	100	228	0	0	1	228	1	228	6.54e-158	442
isolate_filteredΩNODE_14_length_41384_cov_95.954245_12	UniRef100_B3WF98~K01952	98.7	228	3	0	1	228	1	228	3.01e-163	455
isolate_filteredΩNODE_5_length_328887_cov_99.193781_259	UniRef100_A0A0K1MT09~K09812	100	228	0	0	1	228	1	228	3.52e-162	452
isolate_filteredΩNODE_5_length_328887_cov_99.193781_194	UniRef100_B3WCZ5~K03648	99.6	228	1	0	1	228	1	228	3.14e-165	460
isolate_filteredΩNODE_4_length_348303_cov_105.649211_303	UniRef100_K0N1U8~K09988	100	228	0	0	1	228	1	228	7.75e-175	484
isolate_filteredΩNODE_2_length_515833_cov_101.187436_453	UniRef100_A0A1W6BPT4~K18941	58.1	227	92	1	1	227	1	224	2.32e-83	253
isolate_filteredΩNODE_2_length_515833_cov_101.187436_405	UniRef100_C2FF37~K07001	99.1	228	2	0	1	228	31	258	1.22e-160	450
isolate_filteredΩNODE_1_length_651596_cov_106.573662_516	UniRef100_A0A1I2S3R6~K15640	30.2	222	122	8	4	221	2	194	3.15e-17	82.8
isolate_filteredΩNODE_1_length_651596_cov_106.573662_39	UniRef100_A0A174Y5M4~K18349	47.0	232	115	4	2	227	4	233	1.08e-63	203
careful_filteredΩNODE_14_length_41384_cov_103.912799_29	UniRef100_Q037W6~K16511	100	228	0	0	1	228	1	228	6.54e-158	442
careful_filteredΩNODE_14_length_41384_cov_103.912799_12	UniRef100_B3WF98~K01952	98.7	228	3	0	1	228	1	228	3.01e-163	455
careful_filteredΩNODE_5_length_328887_cov_107.364402_119	UniRef100_B3WCZ5~K03648	99.6	228	1	0	1	228	1	228	3.14e-165	460
careful_filteredΩNODE_5_length_328887_cov_107.364402_54	UniRef100_A0A0K1MT09~K09812	100	228	0	0	1	228	1	228	3.52e-162	452
careful_filteredΩNODE_4_length_348303_cov_114.271516_303	UniRef100_K0N1U8~K09988	100	228	0	0	1	228	1	228	7.75e-175	484
careful_filteredΩNODE_2_length_515833_cov_109.458385_453	UniRef100_A0A1W6BPT4~K18941	58.1	227	92	1	1	227	1	224	2.32e-83	253
careful_filteredΩNODE_2_length_515833_cov_109.458385_405	UniRef100_C2FF37~K07001	99.1	228	2	0	1	228	31	258	1.22e-160	450
careful_filteredΩNODE_1_length_651721_cov_115.299404_516	UniRef100_A0A1I2S3R6~K15640	30.2	222	122	8	4	221	2	194	3.15e-17	82.8
careful_filteredΩNODE_1_length_651721_cov_115.299404_39	UniRef100_A0A174Y5M4~K18349	47.0	232	115	4	2	227	4	233	1.08e-63	203
isolate_filteredΩNODE_11_length_60639_cov_98.791866_17	UniRef100_A0A1S2AHK4~K01560	100	227	0	0	1	227	1	227	2.39e-164	458
isolate_filteredΩNODE_7_length_113986_cov_95.550027_23	UniRef100_A0A1I9Y2H1~K15634	30.7	225	134	7	6	226	7	213	2.41e-14	75.5
isolate_filteredΩNODE_5_length_328887_cov_99.193781_306	UniRef100_C2FH77~K19302	98.7	227	3	0	1	227	1	227	1.00e-156	439
isolate_filteredΩNODE_3_length_404174_cov_100.322816_192	UniRef100_K0NAB0~K06988	100	227	0	0	1	227	1	227	1.81e-159	446
isolate_filteredΩNODE_2_length_515833_cov_101.187436_435	UniRef100_C2FF07~K19225	100	227	0	0	1	227	56	282	1.08e-157	443
isolate_filteredΩNODE_2_length_515833_cov_101.187436_22	UniRef100_A0A1S2AIJ4~K02237	98.7	227	3	0	1	227	1	227	7.28e-150	421
careful_filteredΩNODE_11_length_60639_cov_106.889304_17	UniRef100_A0A1S2AHK4~K01560	100	227	0	0	1	227	1	227	2.39e-164	458
careful_filteredΩNODE_7_length_113509_cov_103.332278_23	UniRef100_A0A1I9Y2H1~K15634	30.7	225	134	7	6	226	7	213	2.41e-14	75.5
careful_filteredΩNODE_5_length_328887_cov_107.364402_7	UniRef100_C2FH77~K19302	98.7	227	3	0	1	227	1	227	1.00e-156	439
careful_filteredΩNODE_3_length_403891_cov_108.585722_192	UniRef100_K0NAB0~K06988	100	227	0	0	1	227	1	227	1.81e-159	446
careful_filteredΩNODE_2_length_515833_cov_109.458385_435	UniRef100_C2FF07~K19225	100	227	0	0	1	227	56	282	1.08e-157	443
careful_filteredΩNODE_2_length_515833_cov_109.458385_22	UniRef100_A0A1S2AIJ4~K02237	98.7	227	3	0	1	227	1	227	7.28e-150	421
isolate_filteredΩNODE_6_length_211744_cov_100.420410_133	UniRef100_Q6BJL7~K22211	30.1	226	146	7	1	215	1	225	1.12e-21	95.5
isolate_filteredΩNODE_1_length_651596_cov_106.573662_583	UniRef100_A0A0K1MWZ5~K03048	100	226	0	0	1	226	1	226	4.97e-113	328
careful_filteredΩNODE_6_length_211744_cov_108.667298_133	UniRef100_Q6BJL7~K22211	30.1	226	146	7	1	215	1	225	1.12e-21	95.5
careful_filteredΩNODE_1_length_651721_cov_115.299404_583	UniRef100_A0A0K1MWZ5~K03048	100	226	0	0	1	226	1	226	4.97e-113	328
isolate_filteredΩNODE_7_length_113986_cov_95.550027_31	UniRef100_A0A1A9GJ41~K07776	37.8	225	137	2	1	224	1	223	7.63e-48	162
isolate_filteredΩNODE_5_length_328887_cov_99.193781_249	UniRef100_A0A0K1MT16~K02039	100	225	0	0	1	225	1	225	1.01e-155	436
careful_filteredΩNODE_7_length_113509_cov_103.332278_31	UniRef100_A0A1A9GJ41~K07776	37.8	225	137	2	1	224	1	223	7.63e-48	162
careful_filteredΩNODE_5_length_328887_cov_107.364402_64	UniRef100_A0A0K1MT16~K02039	100	225	0	0	1	225	1	225	1.01e-155	436
isolate_filteredΩNODE_14_length_41384_cov_95.954245_23	UniRef100_Q38VM7~K02483	75.9	224	54	0	1	224	1	224	9.82e-126	360
isolate_filteredΩNODE_5_length_328887_cov_99.193781_263	UniRef100_Q38YD4~K02242	41.3	223	124	5	8	224	2	223	6.38e-43	150
isolate_filteredΩNODE_1_length_651596_cov_106.573662_524	UniRef100_A0A1J3C1S3~K06950	100	224	0	0	1	224	1	224	4.81e-158	442
isolate_filteredΩNODE_1_length_651596_cov_106.573662_329	UniRef100_A0A1G1S8D8~K00433	34.9	209	121	4	6	199	11	219	5.11e-26	107
isolate_filteredΩNODE_1_length_651596_cov_106.573662_79	UniRef100_C2FE16~K01990	99.1	224	2	0	1	224	1	224	1.88e-155	435
careful_filteredΩNODE_14_length_41384_cov_103.912799_23	UniRef100_Q38VM7~K02483	75.9	224	54	0	1	224	1	224	9.82e-126	360
careful_filteredΩNODE_5_length_328887_cov_107.364402_50	UniRef100_Q38YD4~K02242	41.3	223	124	5	8	224	2	223	6.38e-43	150
careful_filteredΩNODE_1_length_651721_cov_115.299404_524	UniRef100_A0A1J3C1S3~K06950	100	224	0	0	1	224	1	224	4.81e-158	442
careful_filteredΩNODE_1_length_651721_cov_115.299404_329	UniRef100_A0A1G1S8D8~K00433	34.9	209	121	4	6	199	11	219	5.11e-26	107
careful_filteredΩNODE_1_length_651721_cov_115.299404_79	UniRef100_C2FE16~K01990	99.1	224	2	0	1	224	1	224	1.88e-155	435
isolate_filteredΩNODE_8_length_78445_cov_288.695424_75	UniRef100_A0A125U5D3~K07284	97.8	223	5	0	1	223	1	223	7.94e-152	426
isolate_filteredΩNODE_5_length_328887_cov_99.193781_288	UniRef100_C2FH57~K07816	100	223	0	0	1	223	6	228	9.22e-159	444
isolate_filteredΩNODE_4_length_348303_cov_105.649211_114	UniRef100_S2UNK9~K07507	100	223	0	0	1	223	1	223	3.37e-153	429
isolate_filteredΩNODE_4_length_348303_cov_105.649211_52	UniRef100_A0A1S2AJM8~K14983	99.6	223	1	0	1	223	9	231	1.78e-159	446
isolate_filteredΩNODE_3_length_404174_cov_100.322816_226	UniRef100_A0A1V0Q8S5~K01834	100	223	0	0	1	223	1	223	1.09e-158	443
isolate_filteredΩNODE_3_length_404174_cov_100.322816_204	UniRef100_A0A1S2AX01~K01807	99.1	223	2	0	1	223	1	223	2.89e-154	432
isolate_filteredΩNODE_1_length_651596_cov_106.573662_478	UniRef100_S4ZXD7~K19302	98.7	223	3	0	1	223	1	223	4.79e-153	429
isolate_filteredΩNODE_1_length_651596_cov_106.573662_422	UniRef100_A0A0A2YZB1~K08313	35.0	214	130	3	2	213	4	210	2.62e-31	120
isolate_filteredΩNODE_1_length_651596_cov_106.573662_50	UniRef100_A0A1V0Q6N8~K07009	100	223	0	0	1	223	1	223	3.54e-164	457
careful_filteredΩNODE_8_length_78445_cov_310.951587_75	UniRef100_A0A125U5D3~K07284	97.8	223	5	0	1	223	1	223	7.94e-152	426
careful_filteredΩNODE_5_length_328887_cov_107.364402_25	UniRef100_C2FH57~K07816	100	223	0	0	1	223	6	228	9.22e-159	444
careful_filteredΩNODE_4_length_348303_cov_114.271516_114	UniRef100_S2UNK9~K07507	100	223	0	0	1	223	1	223	3.37e-153	429
careful_filteredΩNODE_4_length_348303_cov_114.271516_52	UniRef100_A0A1S2AJM8~K14983	99.6	223	1	0	1	223	9	231	1.78e-159	446
careful_filteredΩNODE_3_length_403891_cov_108.585722_180	UniRef100_A0A1S2AX01~K01807	99.1	223	2	0	1	223	1	223	2.89e-154	432
careful_filteredΩNODE_3_length_403891_cov_108.585722_158	UniRef100_A0A1V0Q8S5~K01834	100	223	0	0	1	223	1	223	1.09e-158	443
careful_filteredΩNODE_1_length_651721_cov_115.299404_478	UniRef100_S4ZXD7~K19302	98.7	223	3	0	1	223	1	223	4.79e-153	429
careful_filteredΩNODE_1_length_651721_cov_115.299404_422	UniRef100_A0A0A2YZB1~K08313	35.0	214	130	3	2	213	4	210	2.62e-31	120
careful_filteredΩNODE_1_length_651721_cov_115.299404_50	UniRef100_A0A1V0Q6N8~K07009	100	223	0	0	1	223	1	223	3.54e-164	457
isolate_filteredΩNODE_7_length_113986_cov_95.550027_64	UniRef100_C2FG37~K03630	99.5	222	1	0	1	222	8	229	9.46e-152	426
isolate_filteredΩNODE_6_length_211744_cov_100.420410_45	UniRef100_A0A1W6X005~K16566	46.5	213	109	2	14	222	14	225	3.66e-53	176
isolate_filteredΩNODE_4_length_348303_cov_105.649211_119	UniRef100_K0N680~K01674	97.7	222	5	0	1	222	14	235	1.56e-156	438
isolate_filteredΩNODE_4_length_348303_cov_105.649211_12	UniRef100_C2FDS9~K01091	100	222	0	0	1	222	6	227	1.42e-157	441
isolate_filteredΩNODE_2_length_515833_cov_101.187436_394	UniRef100_K0MW41~K00949	99.5	222	1	0	1	222	1	222	1.98e-165	460
careful_filteredΩNODE_7_length_113509_cov_103.332278_64	UniRef100_C2FG37~K03630	99.5	222	1	0	1	222	8	229	9.46e-152	426
careful_filteredΩNODE_6_length_211744_cov_108.667298_45	UniRef100_A0A1W6X005~K16566	46.5	213	109	2	14	222	14	225	3.66e-53	176
careful_filteredΩNODE_4_length_348303_cov_114.271516_119	UniRef100_K0N680~K01674	97.7	222	5	0	1	222	14	235	1.56e-156	438
careful_filteredΩNODE_4_length_348303_cov_114.271516_12	UniRef100_C2FDS9~K01091	100	222	0	0	1	222	6	227	1.42e-157	441
careful_filteredΩNODE_2_length_515833_cov_109.458385_394	UniRef100_K0MW41~K00949	99.5	222	1	0	1	222	1	222	1.98e-165	460
isolate_filteredΩNODE_12_length_50619_cov_101.722152_12	UniRef100_A0A0K1KWL3~K01619	100	221	0	0	1	221	1	221	3.24e-150	422
isolate_filteredΩNODE_7_length_113986_cov_95.550027_21	UniRef100_A0A1J3C8G3~K01752	100	221	0	0	1	221	1	221	3.27e-159	444
isolate_filteredΩNODE_5_length_328887_cov_99.193781_238	UniRef100_A0A0E2LX37~K02003	100	221	0	0	1	221	1	221	1.01e-153	431
isolate_filteredΩNODE_2_length_515833_cov_101.187436_439	UniRef100_K0MW74~K11618	100	221	0	0	1	221	14	234	8.57e-149	419
isolate_filteredΩNODE_2_length_515833_cov_101.187436_69	UniRef100_S2UW95~K00945	100	221	0	0	1	221	5	225	1.25e-148	418
careful_filteredΩNODE_12_length_50619_cov_109.954948_12	UniRef100_A0A0K1KWL3~K01619	100	221	0	0	1	221	1	221	3.24e-150	422
careful_filteredΩNODE_7_length_113509_cov_103.332278_21	UniRef100_A0A1J3C8G3~K01752	100	221	0	0	1	221	1	221	3.27e-159	444
careful_filteredΩNODE_5_length_328887_cov_107.364402_75	UniRef100_A0A0E2LX37~K02003	100	221	0	0	1	221	1	221	1.01e-153	431
careful_filteredΩNODE_2_length_515833_cov_109.458385_439	UniRef100_K0MW74~K11618	100	221	0	0	1	221	14	234	8.57e-149	419
careful_filteredΩNODE_2_length_515833_cov_109.458385_69	UniRef100_S2UW95~K00945	100	221	0	0	1	221	5	225	1.25e-148	418
isolate_filteredΩNODE_7_length_113986_cov_95.550027_104	UniRef100_A0A1J5NCE2~K02226	36.3	193	115	5	2	194	4	188	3.22e-26	106
isolate_filteredΩNODE_6_length_211744_cov_100.420410_76	UniRef100_A0A1J3C4S2~K10040	100	220	0	0	1	220	1	220	8.84e-143	403
isolate_filteredΩNODE_4_length_348303_cov_105.649211_286	UniRef100_A0A0K1MQL2~K08093	100	220	0	0	1	220	1	220	9.34e-154	431
isolate_filteredΩNODE_4_length_348303_cov_105.649211_258	UniRef100_A0A1L5LUK3~K07025	30.1	193	125	5	1	188	2	189	1.55e-19	89.4
isolate_filteredΩNODE_3_length_404174_cov_100.322816_363	UniRef100_Q034Y9~K02982	100	220	0	0	1	220	1	220	2.20e-152	427
isolate_filteredΩNODE_1_length_651596_cov_106.573662_178	UniRef100_A0A1J3C873~K05846	100	220	0	0	1	220	1	220	1.78e-142	402
careful_filteredΩNODE_7_length_113509_cov_103.332278_104	UniRef100_A0A1J5NCE2~K02226	36.3	193	115	5	2	194	4	188	3.22e-26	106
careful_filteredΩNODE_6_length_211744_cov_108.667298_76	UniRef100_A0A1J3C4S2~K10040	100	220	0	0	1	220	1	220	8.84e-143	403
careful_filteredΩNODE_4_length_348303_cov_114.271516_286	UniRef100_A0A0K1MQL2~K08093	100	220	0	0	1	220	1	220	9.34e-154	431
careful_filteredΩNODE_4_length_348303_cov_114.271516_258	UniRef100_A0A1L5LUK3~K07025	30.1	193	125	5	1	188	2	189	1.55e-19	89.4
careful_filteredΩNODE_3_length_403891_cov_108.585722_21	UniRef100_Q034Y9~K02982	100	220	0	0	1	220	1	220	2.20e-152	427
careful_filteredΩNODE_1_length_651721_cov_115.299404_178	UniRef100_A0A1J3C873~K05846	100	220	0	0	1	220	1	220	1.78e-142	402
isolate_filteredΩNODE_4_length_348303_cov_105.649211_46	UniRef100_A0A0U2VZQ4~K15976	31.5	184	119	4	22	205	18	194	3.41e-20	90.9
isolate_filteredΩNODE_1_length_651596_cov_106.573662_403	UniRef100_K0NB32~K01783	100	219	0	0	1	219	9	227	6.96e-155	434
isolate_filteredΩNODE_1_length_651596_cov_106.573662_169	UniRef100_P29284~K21562	99.5	219	1	0	1	219	1	219	3.94e-150	421
careful_filteredΩNODE_4_length_348303_cov_114.271516_46	UniRef100_A0A0U2VZQ4~K15976	31.5	184	119	4	22	205	18	194	3.41e-20	90.9
careful_filteredΩNODE_1_length_651721_cov_115.299404_403	UniRef100_K0NB32~K01783	100	219	0	0	1	219	9	227	6.96e-155	434
careful_filteredΩNODE_1_length_651721_cov_115.299404_169	UniRef100_P29284~K21562	99.5	219	1	0	1	219	1	219	3.94e-150	421
isolate_filteredΩNODE_7_length_113986_cov_95.550027_70	UniRef100_A0A1J3C2A2~K02029	100	218	0	0	1	218	1	218	3.09e-142	401
isolate_filteredΩNODE_7_length_113986_cov_95.550027_68	UniRef100_A0A1S2AKG3~K03610	100	218	0	0	1	218	1	218	5.19e-150	421
isolate_filteredΩNODE_3_length_404174_cov_100.322816_349	UniRef100_A0A0K1L1S0~K00939	100	218	0	0	1	218	1	218	8.69e-158	441
isolate_filteredΩNODE_1_length_651596_cov_106.573662_477	UniRef100_A0A0C9NZG9~K03975	98.2	218	4	0	1	218	1	218	1.22e-148	417
careful_filteredΩNODE_7_length_113509_cov_103.332278_70	UniRef100_A0A1J3C2A2~K02029	100	218	0	0	1	218	1	218	3.09e-142	401
careful_filteredΩNODE_7_length_113509_cov_103.332278_68	UniRef100_A0A1S2AKG3~K03610	100	218	0	0	1	218	1	218	5.19e-150	421
careful_filteredΩNODE_3_length_403891_cov_108.585722_35	UniRef100_A0A0K1L1S0~K00939	100	218	0	0	1	218	1	218	8.69e-158	441
careful_filteredΩNODE_1_length_651721_cov_115.299404_477	UniRef100_A0A0C9NZG9~K03975	98.2	218	4	0	1	218	1	218	1.22e-148	417
isolate_filteredΩNODE_11_length_60639_cov_98.791866_5	UniRef100_A0A1J3BZS1~K03975	100	217	0	0	1	217	1	217	4.81e-150	421
isolate_filteredΩNODE_7_length_113986_cov_95.550027_60	UniRef100_A0A1V0Q3S0~K01926	99.1	217	2	0	1	217	1	217	4.42e-146	411
isolate_filteredΩNODE_7_length_113986_cov_95.550027_13	UniRef100_A0A0A7MCT7~K19270	36.4	214	121	4	1	205	1	208	1.12e-26	107
isolate_filteredΩNODE_3_length_404174_cov_100.322816_135	UniRef100_K0NBZ5~K01926	100	217	0	0	1	217	36	252	7.20e-151	424
isolate_filteredΩNODE_1_length_651596_cov_106.573662_174	UniRef100_A0A1V0Q7P9~K07052	100	217	0	0	1	217	1	217	5.16e-145	408
careful_filteredΩNODE_11_length_60639_cov_106.889304_5	UniRef100_A0A1J3BZS1~K03975	100	217	0	0	1	217	1	217	4.81e-150	421
careful_filteredΩNODE_7_length_113509_cov_103.332278_60	UniRef100_A0A1V0Q3S0~K01926	99.1	217	2	0	1	217	1	217	4.42e-146	411
careful_filteredΩNODE_7_length_113509_cov_103.332278_13	UniRef100_A0A0A7MCT7~K19270	36.4	214	121	4	1	205	1	208	1.12e-26	107
careful_filteredΩNODE_3_length_403891_cov_108.585722_249	UniRef100_K0NBZ5~K01926	100	217	0	0	1	217	36	252	7.20e-151	424
careful_filteredΩNODE_1_length_651721_cov_115.299404_174	UniRef100_A0A1V0Q7P9~K07052	100	217	0	0	1	217	1	217	5.16e-145	408
isolate_filteredΩNODE_16_length_18578_cov_345.945571_7	UniRef100_P10311~K21528	32.7	196	111	4	4	199	3	177	1.01e-17	83.6
isolate_filteredΩNODE_5_length_328887_cov_99.193781_265	UniRef100_Q1J5J9~K01271	40.6	207	123	0	3	209	7	213	1.91e-46	158
isolate_filteredΩNODE_4_length_348303_cov_105.649211_63	UniRef100_A0A1S2AJR6~K07118	100	216	0	0	1	216	1	216	7.70e-151	423
isolate_filteredΩNODE_2_length_515833_cov_101.187436_462	UniRef100_C2FEY0~K00969	99.5	216	1	0	1	216	1	216	4.31e-157	439
isolate_filteredΩNODE_2_length_515833_cov_101.187436_395	UniRef100_K0N5T1~K01783	99.5	216	1	0	1	216	6	221	3.21e-151	424
isolate_filteredΩNODE_2_length_515833_cov_101.187436_364	UniRef100_A0A0K1KZB0~K00655	99.5	216	1	0	1	216	1	216	5.24e-158	441
isolate_filteredΩNODE_1_length_651596_cov_106.573662_570	UniRef100_A0A1S2B235~K02068	99.5	216	1	0	1	216	1	216	2.05e-155	434
isolate_filteredΩNODE_1_length_651596_cov_106.573662_189	UniRef100_A0FL08~K01625	100	216	0	0	1	216	1	216	1.09e-150	422
careful_filteredΩNODE_16_length_18578_cov_372.460353_7	UniRef100_P10311~K21528	32.7	196	111	4	4	199	3	177	1.01e-17	83.6
careful_filteredΩNODE_5_length_328887_cov_107.364402_48	UniRef100_Q1J5J9~K01271	40.6	207	123	0	3	209	7	213	1.91e-46	158
careful_filteredΩNODE_4_length_348303_cov_114.271516_63	UniRef100_A0A1S2AJR6~K07118	100	216	0	0	1	216	1	216	7.70e-151	423
careful_filteredΩNODE_2_length_515833_cov_109.458385_462	UniRef100_C2FEY0~K00969	99.5	216	1	0	1	216	1	216	4.31e-157	439
careful_filteredΩNODE_2_length_515833_cov_109.458385_395	UniRef100_K0N5T1~K01783	99.5	216	1	0	1	216	6	221	3.21e-151	424
careful_filteredΩNODE_2_length_515833_cov_109.458385_364	UniRef100_A0A0K1KZB0~K00655	99.5	216	1	0	1	216	1	216	5.24e-158	441
careful_filteredΩNODE_1_length_651721_cov_115.299404_570	UniRef100_A0A1S2B235~K02068	99.5	216	1	0	1	216	1	216	2.05e-155	434
careful_filteredΩNODE_1_length_651721_cov_115.299404_189	UniRef100_A0FL08~K01625	100	216	0	0	1	216	1	216	1.09e-150	422
isolate_filteredΩNODE_10_length_64565_cov_110.910433_4	UniRef100_A0A0C9PLA1~K16785	99.5	215	1	0	1	215	1	215	1.04e-143	405
isolate_filteredΩNODE_5_length_328887_cov_99.193781_240	UniRef100_A0A2A8X5L8~K07668	37.5	224	125	4	4	213	7	229	2.63e-39	140
isolate_filteredΩNODE_5_length_328887_cov_99.193781_236	UniRef100_A0A0K1KXP2~K07023	100	215	0	0	1	215	1	215	3.02e-152	426
isolate_filteredΩNODE_4_length_348303_cov_105.649211_256	UniRef100_A0A1Y2KQW8~K08093	99.5	215	1	0	1	215	1	215	5.39e-146	410
isolate_filteredΩNODE_2_length_515833_cov_101.187436_358	UniRef100_B7GH61~K01356	32.0	200	117	6	16	208	1	188	5.48e-20	89.7
isolate_filteredΩNODE_1_length_651596_cov_106.573662_282	UniRef100_A0A0R1F759~K00661	99.5	215	1	0	1	215	22	236	5.19e-126	361
isolate_filteredΩNODE_1_length_651596_cov_106.573662_52	UniRef100_B3W7M8~K01304	99.1	215	2	0	1	215	1	215	2.22e-154	432
careful_filteredΩNODE_10_length_65045_cov_123.164358_64	UniRef100_A0A0C9PLA1~K16785	99.5	215	1	0	1	215	1	215	1.04e-143	405
careful_filteredΩNODE_5_length_328887_cov_107.364402_77	UniRef100_A0A0K1KXP2~K07023	100	215	0	0	1	215	1	215	3.02e-152	426
careful_filteredΩNODE_5_length_328887_cov_107.364402_73	UniRef100_A0A2A8X5L8~K07668	37.5	224	125	4	4	213	7	229	2.63e-39	140
careful_filteredΩNODE_4_length_348303_cov_114.271516_256	UniRef100_A0A1Y2KQW8~K08093	99.5	215	1	0	1	215	1	215	5.39e-146	410
careful_filteredΩNODE_2_length_515833_cov_109.458385_358	UniRef100_B7GH61~K01356	32.0	200	117	6	16	208	1	188	5.48e-20	89.7
careful_filteredΩNODE_1_length_651721_cov_115.299404_282	UniRef100_A0A0R1F759~K00661	99.5	215	1	0	1	215	22	236	5.19e-126	361
careful_filteredΩNODE_1_length_651721_cov_115.299404_52	UniRef100_B3W7M8~K01304	99.1	215	2	0	1	215	1	215	2.22e-154	432
isolate_filteredΩNODE_11_length_60639_cov_98.791866_51	UniRef100_A0A0K1KXA3~K03709	100	214	0	0	1	214	1	214	1.62e-151	424
isolate_filteredΩNODE_7_length_113986_cov_95.550027_63	UniRef100_I0BA99~K06019	32.0	219	120	8	1	203	1	206	6.46e-10	63.2
isolate_filteredΩNODE_6_length_211744_cov_100.420410_75	UniRef100_K0NBL1~K10040	100	214	0	0	1	214	15	228	1.31e-142	402
isolate_filteredΩNODE_4_length_348303_cov_105.649211_288	UniRef100_A0A0K1MQK4~K05879	100	214	0	0	1	214	1	214	2.48e-146	411
isolate_filteredΩNODE_3_length_404174_cov_100.322816_149	UniRef100_B3W9Y8~K00943	99.5	214	1	0	1	214	1	214	1.09e-149	420
isolate_filteredΩNODE_3_length_404174_cov_100.322816_130	UniRef100_K0NBZ2~K07052	99.5	214	1	0	1	214	1	214	5.83e-145	408
isolate_filteredΩNODE_2_length_515833_cov_101.187436_491	UniRef100_B3WF63~K03439	99.5	214	1	0	1	214	1	214	5.25e-157	438
isolate_filteredΩNODE_1_length_651596_cov_106.573662_525	UniRef100_A0A1V0Q822~K07052	100	214	0	0	1	214	1	214	2.21e-149	419
careful_filteredΩNODE_11_length_60639_cov_106.889304_51	UniRef100_A0A0K1KXA3~K03709	100	214	0	0	1	214	1	214	1.62e-151	424
careful_filteredΩNODE_7_length_113509_cov_103.332278_63	UniRef100_I0BA99~K06019	32.0	219	120	8	1	203	1	206	6.46e-10	63.2
careful_filteredΩNODE_6_length_211744_cov_108.667298_75	UniRef100_K0NBL1~K10040	100	214	0	0	1	214	15	228	1.31e-142	402
careful_filteredΩNODE_4_length_348303_cov_114.271516_288	UniRef100_A0A0K1MQK4~K05879	100	214	0	0	1	214	1	214	2.48e-146	411
careful_filteredΩNODE_3_length_403891_cov_108.585722_254	UniRef100_K0NBZ2~K07052	99.5	214	1	0	1	214	1	214	5.83e-145	408
careful_filteredΩNODE_3_length_403891_cov_108.585722_235	UniRef100_B3W9Y8~K00943	99.5	214	1	0	1	214	1	214	1.09e-149	420
careful_filteredΩNODE_2_length_515833_cov_109.458385_491	UniRef100_B3WF63~K03439	99.5	214	1	0	1	214	1	214	5.25e-157	438
careful_filteredΩNODE_1_length_651721_cov_115.299404_525	UniRef100_A0A1V0Q822~K07052	100	214	0	0	1	214	1	214	2.21e-149	419
isolate_filteredΩNODE_10_length_64565_cov_110.910433_8	UniRef100_A0A1S2ATF0~K00788	100	213	0	0	1	213	1	213	1.00e-140	397
isolate_filteredΩNODE_2_length_515833_cov_101.187436_488	UniRef100_A0A0C9PZR1~K06878	100	213	0	0	1	213	5	217	4.77e-149	418
isolate_filteredΩNODE_2_length_515833_cov_101.187436_468	UniRef100_A0A1S2ATP4~K06999	100	213	0	0	1	213	1	213	4.86e-157	438
isolate_filteredΩNODE_2_length_515833_cov_101.187436_137	UniRef100_A0A1V0Q3D6~K00762	100	213	0	0	1	213	1	213	6.57e-146	410
isolate_filteredΩNODE_2_length_515833_cov_101.187436_80	UniRef100_A0A243PQ48~K11068	100	213	0	0	1	213	1	213	2.13e-151	424
isolate_filteredΩNODE_1_length_651596_cov_106.573662_411	UniRef100_A0A1J3C0H9~K03078	99.5	213	1	0	1	213	1	213	1.18e-148	417
careful_filteredΩNODE_10_length_65045_cov_123.164358_60	UniRef100_A0A1S2ATF0~K00788	100	213	0	0	1	213	1	213	1.00e-140	397
careful_filteredΩNODE_2_length_515833_cov_109.458385_488	UniRef100_A0A0C9PZR1~K06878	100	213	0	0	1	213	5	217	4.77e-149	418
careful_filteredΩNODE_2_length_515833_cov_109.458385_468	UniRef100_A0A1S2ATP4~K06999	100	213	0	0	1	213	1	213	4.86e-157	438
careful_filteredΩNODE_2_length_515833_cov_109.458385_137	UniRef100_A0A1V0Q3D6~K00762	100	213	0	0	1	213	1	213	6.57e-146	410
careful_filteredΩNODE_2_length_515833_cov_109.458385_80	UniRef100_A0A243PQ48~K11068	100	213	0	0	1	213	1	213	2.13e-151	424
careful_filteredΩNODE_1_length_651721_cov_115.299404_411	UniRef100_A0A1J3C0H9~K03078	99.5	213	1	0	1	213	1	213	1.18e-148	417
isolate_filteredΩNODE_9_length_65232_cov_99.822408_60	UniRef100_A0A1V0QA05~K07118	100	212	0	0	1	212	1	212	3.41e-152	426
isolate_filteredΩNODE_7_length_113986_cov_95.550027_71	UniRef100_A0A0K1KYH7~K02028	100	212	0	0	1	212	1	212	2.12e-146	411
isolate_filteredΩNODE_6_length_211744_cov_100.420410_148	UniRef100_A0A1V0QA02~K09017	100	212	0	0	1	212	1	212	7.72e-149	417
isolate_filteredΩNODE_6_length_211744_cov_100.420410_27	UniRef100_A0A068VP86~K22306	31.6	174	114	3	2	175	5	173	1.03e-12	70.5
isolate_filteredΩNODE_2_length_515833_cov_101.187436_443	UniRef100_A0A0K1KZU8~K00876	100	212	0	0	1	212	1	212	1.56e-148	417
careful_filteredΩNODE_9_length_65232_cov_108.045645_4	UniRef100_A0A1V0QA05~K07118	100	212	0	0	1	212	1	212	3.41e-152	426
careful_filteredΩNODE_7_length_113509_cov_103.332278_71	UniRef100_A0A0K1KYH7~K02028	100	212	0	0	1	212	1	212	2.12e-146	411
careful_filteredΩNODE_6_length_211744_cov_108.667298_148	UniRef100_A0A1V0QA02~K09017	100	212	0	0	1	212	1	212	7.72e-149	417
careful_filteredΩNODE_6_length_211744_cov_108.667298_27	UniRef100_A0A068VP86~K22306	31.6	174	114	3	2	175	5	173	1.03e-12	70.5
careful_filteredΩNODE_2_length_515833_cov_109.458385_443	UniRef100_A0A0K1KZU8~K00876	100	212	0	0	1	212	1	212	1.56e-148	417
isolate_filteredΩNODE_10_length_64565_cov_110.910433_28	UniRef100_A0A089Y8Q5~K01990	72.4	210	58	0	1	210	1	210	7.79e-105	306
isolate_filteredΩNODE_5_length_328887_cov_99.193781_284	UniRef100_A0A0E2LWB1~K06201	99.5	211	1	0	1	211	1	211	1.97e-146	411
isolate_filteredΩNODE_2_length_515833_cov_101.187436_122	UniRef100_B3WED6~K00765	100	211	0	0	1	211	1	211	2.68e-144	406
isolate_filteredΩNODE_2_length_515833_cov_101.187436_113	UniRef100_G4NR15~K15976	31.7	189	123	4	7	194	4	187	3.02e-21	93.2
careful_filteredΩNODE_10_length_65045_cov_123.164358_40	UniRef100_A0A089Y8Q5~K01990	72.4	210	58	0	1	210	1	210	7.79e-105	306
careful_filteredΩNODE_5_length_328887_cov_107.364402_29	UniRef100_A0A0E2LWB1~K06201	99.5	211	1	0	1	211	1	211	1.97e-146	411
careful_filteredΩNODE_2_length_515833_cov_109.458385_122	UniRef100_B3WED6~K00765	100	211	0	0	1	211	1	211	2.68e-144	406
careful_filteredΩNODE_2_length_515833_cov_109.458385_113	UniRef100_G4NR15~K15976	31.7	189	123	4	7	194	4	187	3.02e-21	93.2
isolate_filteredΩNODE_3_length_404174_cov_100.322816_369	UniRef100_B3WAL7~K02906	100	210	0	0	1	210	1	210	2.22e-147	414
isolate_filteredΩNODE_1_length_651596_cov_106.573662_436	UniRef100_A0A1S2ATD7~K01625	99.0	210	2	0	1	210	1	210	5.44e-148	415
careful_filteredΩNODE_3_length_403891_cov_108.585722_15	UniRef100_B3WAL7~K02906	100	210	0	0	1	210	1	210	2.22e-147	414
careful_filteredΩNODE_1_length_651721_cov_115.299404_436	UniRef100_A0A1S2ATD7~K01625	99.0	210	2	0	1	210	1	210	5.44e-148	415
isolate_filteredΩNODE_13_length_45945_cov_96.796285_33	UniRef100_B3WDL1~K00761	100	209	0	0	1	209	1	209	1.69e-146	411
isolate_filteredΩNODE_2_length_515833_cov_101.187436_324	UniRef100_C2FHA4~K06904	83.3	209	35	0	1	209	1	209	7.15e-123	352
isolate_filteredΩNODE_1_length_651596_cov_106.573662_176	UniRef100_A0A0E2LXD9~K05846	100	209	0	0	1	209	3	211	8.89e-138	389
careful_filteredΩNODE_13_length_45945_cov_104.682262_33	UniRef100_B3WDL1~K00761	100	209	0	0	1	209	1	209	1.69e-146	411
careful_filteredΩNODE_7_length_113509_cov_103.332278_1	UniRef100_K0N7T7~K02073	99.0	192	2	0	18	209	1	192	1.62e-131	373
careful_filteredΩNODE_2_length_515833_cov_109.458385_324	UniRef100_C2FHA4~K06904	83.3	209	35	0	1	209	1	209	7.15e-123	352
careful_filteredΩNODE_1_length_651721_cov_115.299404_176	UniRef100_A0A0E2LXD9~K05846	100	209	0	0	1	209	3	211	8.89e-138	389
isolate_filteredΩNODE_4_length_348303_cov_105.649211_78	UniRef100_A0A1Y0ILM5~K06019	31.4	191	122	5	5	190	7	193	8.25e-15	76.3
isolate_filteredΩNODE_4_length_348303_cov_105.649211_34	UniRef100_B3WC17~K01356	100	208	0	0	1	208	1	208	1.29e-145	409
isolate_filteredΩNODE_2_length_515833_cov_101.187436_404	UniRef100_K0N5J6~K00942	100	208	0	0	1	208	9	216	3.75e-149	418
isolate_filteredΩNODE_2_length_515833_cov_101.187436_166	UniRef100_B3WEI2~K03700	99.5	208	1	0	1	208	1	208	3.18e-155	433
isolate_filteredΩNODE_2_length_515833_cov_101.187436_119	UniRef100_A0A0E2LZU0~K02501	99.5	208	1	0	1	208	1	208	1.10e-146	412
careful_filteredΩNODE_4_length_348303_cov_114.271516_78	UniRef100_A0A1Y0ILM5~K06019	31.4	191	122	5	5	190	7	193	8.25e-15	76.3
careful_filteredΩNODE_4_length_348303_cov_114.271516_34	UniRef100_B3WC17~K01356	100	208	0	0	1	208	1	208	1.29e-145	409
careful_filteredΩNODE_2_length_515833_cov_109.458385_404	UniRef100_K0N5J6~K00942	100	208	0	0	1	208	9	216	3.75e-149	418
careful_filteredΩNODE_2_length_515833_cov_109.458385_166	UniRef100_B3WEI2~K03700	99.5	208	1	0	1	208	1	208	3.18e-155	433
careful_filteredΩNODE_2_length_515833_cov_109.458385_119	UniRef100_A0A0E2LZU0~K02501	99.5	208	1	0	1	208	1	208	1.10e-146	412
isolate_filteredΩNODE_3_length_404174_cov_100.322816_368	UniRef100_B3WAL6~K02926	100	207	0	0	1	207	1	207	2.21e-141	398
isolate_filteredΩNODE_2_length_515833_cov_101.187436_170	UniRef100_K0N5B1~K02086	100	207	0	0	1	207	12	218	1.51e-146	412
isolate_filteredΩNODE_2_length_515833_cov_101.187436_97	UniRef100_B3WEB1~K08591	100	207	0	0	1	207	1	207	6.61e-143	402
isolate_filteredΩNODE_1_length_651596_cov_106.573662_287	UniRef100_A0A0K1MZ00~K06384	100	207	0	0	1	207	1	207	1.23e-138	391
careful_filteredΩNODE_3_length_403891_cov_108.585722_16	UniRef100_B3WAL6~K02926	100	207	0	0	1	207	1	207	2.21e-141	398
careful_filteredΩNODE_2_length_515833_cov_109.458385_170	UniRef100_K0N5B1~K02086	100	207	0	0	1	207	12	218	1.51e-146	412
careful_filteredΩNODE_2_length_515833_cov_109.458385_97	UniRef100_B3WEB1~K08591	100	207	0	0	1	207	1	207	6.61e-143	402
careful_filteredΩNODE_1_length_651721_cov_115.299404_287	UniRef100_A0A0K1MZ00~K06384	100	207	0	0	1	207	1	207	1.23e-138	391
isolate_filteredΩNODE_3_length_404174_cov_100.322816_118	UniRef100_A0A1D7TPK0~K01951	36.2	224	123	5	1	206	1	222	8.56e-35	128
isolate_filteredΩNODE_2_length_515833_cov_101.187436_62	UniRef100_A0A1J3C1G3~K06024	100	206	0	0	1	206	1	206	3.26e-138	390
isolate_filteredΩNODE_1_length_651596_cov_106.573662_51	UniRef100_A0A1J3C323~K06988	99.0	206	2	0	1	206	1	206	6.58e-138	389
careful_filteredΩNODE_3_length_403891_cov_108.585722_266	UniRef100_A0A1D7TPK0~K01951	36.2	224	123	5	1	206	1	222	8.56e-35	128
careful_filteredΩNODE_2_length_515833_cov_109.458385_62	UniRef100_A0A1J3C1G3~K06024	100	206	0	0	1	206	1	206	3.26e-138	390
careful_filteredΩNODE_1_length_651721_cov_115.299404_51	UniRef100_A0A1J3C323~K06988	99.0	206	2	0	1	206	1	206	6.58e-138	389
isolate_filteredΩNODE_6_length_211744_cov_100.420410_175	UniRef100_A0A0R1F811~K04564	98.5	205	3	0	1	205	1	205	1.64e-151	424
isolate_filteredΩNODE_6_length_211744_cov_100.420410_154	UniRef100_A0A1V0Q9X0~K06988	99.5	205	1	0	1	205	1	205	2.59e-139	393
careful_filteredΩNODE_6_length_211744_cov_108.667298_175	UniRef100_A0A0R1F811~K04564	98.5	205	3	0	1	205	1	205	1.64e-151	424
careful_filteredΩNODE_6_length_211744_cov_108.667298_154	UniRef100_A0A1V0Q9X0~K06988	99.5	205	1	0	1	205	1	205	2.59e-139	393
isolate_filteredΩNODE_3_length_404174_cov_100.322816_105	UniRef100_A0A0E2M0U0~K01246	100	204	0	0	1	204	1	204	5.47e-145	407
isolate_filteredΩNODE_2_length_515833_cov_101.187436_251	UniRef100_A0A0E2BR90~K03652	98.5	204	3	0	1	204	1	204	1.34e-145	409
careful_filteredΩNODE_3_length_403891_cov_108.585722_279	UniRef100_A0A0E2M0U0~K01246	100	204	0	0	1	204	1	204	5.47e-145	407
careful_filteredΩNODE_2_length_515833_cov_109.458385_251	UniRef100_A0A0E2BR90~K03652	98.5	204	3	0	1	204	1	204	1.34e-145	409
isolate_filteredΩNODE_7_length_113986_cov_95.550027_55	UniRef100_B3WDV5~K02986	100	203	0	0	1	203	1	203	1.40e-142	401
careful_filteredΩNODE_7_length_113509_cov_103.332278_55	UniRef100_B3WDV5~K02986	100	203	0	0	1	203	1	203	1.40e-142	401
isolate_filteredΩNODE_21_length_2240_cov_110.847648_1	UniRef100_Q7M974~K01154	50.8	181	88	1	23	202	8	188	4.72e-53	174
isolate_filteredΩNODE_7_length_113986_cov_95.550027_47	UniRef100_A0A0K1KZ30~K07693	100	202	0	0	1	202	1	202	1.10e-134	381
isolate_filteredΩNODE_1_length_651596_cov_106.573662_534	UniRef100_A0A0C9QZ84~K03744	100	202	0	0	1	202	24	225	1.44e-133	379
careful_filteredΩNODE_21_length_2240_cov_120.530427_3	UniRef100_Q7M974~K01154	50.8	181	88	1	23	202	8	188	4.72e-53	174
careful_filteredΩNODE_7_length_113509_cov_103.332278_47	UniRef100_A0A0K1KZ30~K07693	100	202	0	0	1	202	1	202	1.10e-134	381
careful_filteredΩNODE_1_length_651721_cov_115.299404_534	UniRef100_A0A0C9QZ84~K03744	100	202	0	0	1	202	24	225	1.44e-133	379
isolate_filteredΩNODE_14_length_41384_cov_95.954245_7	UniRef100_Q037U3~K16789	100	201	0	0	1	201	1	201	6.13e-136	384
isolate_filteredΩNODE_1_length_651596_cov_106.573662_441	UniRef100_Q896U0~K06041	55.3	190	85	0	9	198	10	199	7.20e-68	212
careful_filteredΩNODE_14_length_41384_cov_103.912799_7	UniRef100_Q037U3~K16789	100	201	0	0	1	201	1	201	6.13e-136	384
careful_filteredΩNODE_1_length_651721_cov_115.299404_441	UniRef100_Q896U0~K06041	55.3	190	85	0	9	198	10	199	7.20e-68	212
isolate_filteredΩNODE_6_length_211744_cov_100.420410_68	UniRef100_K0N9Y7~K00942	99.5	200	1	0	1	200	18	217	7.11e-143	402
isolate_filteredΩNODE_4_length_348303_cov_105.649211_195	UniRef100_A0A0E2LW27~K07149	99.0	200	2	0	1	200	1	200	4.41e-124	354
isolate_filteredΩNODE_2_length_515833_cov_101.187436_482	UniRef100_A0A0E2LU38~K00859	99.5	200	1	0	1	200	1	200	2.48e-130	370
isolate_filteredΩNODE_2_length_515833_cov_101.187436_151	UniRef100_A0A0K1L023~K07078	100	200	0	0	1	200	1	200	2.33e-144	405
careful_filteredΩNODE_6_length_211744_cov_108.667298_68	UniRef100_K0N9Y7~K00942	99.5	200	1	0	1	200	18	217	7.11e-143	402
careful_filteredΩNODE_4_length_348303_cov_114.271516_195	UniRef100_A0A0E2LW27~K07149	99.0	200	2	0	1	200	1	200	4.41e-124	354
careful_filteredΩNODE_2_length_515833_cov_109.458385_482	UniRef100_A0A0E2LU38~K00859	99.5	200	1	0	1	200	1	200	2.48e-130	370
careful_filteredΩNODE_2_length_515833_cov_109.458385_151	UniRef100_A0A0K1L023~K07078	100	200	0	0	1	200	1	200	2.33e-144	405
isolate_filteredΩNODE_3_length_404174_cov_100.322816_152	UniRef100_B3W9Z0~K06187	100	199	0	0	1	199	1	199	2.83e-140	395
isolate_filteredΩNODE_1_length_651596_cov_106.573662_166	UniRef100_C2FAX1~K01817	98.5	199	3	0	1	199	1	199	5.05e-134	379
isolate_filteredΩNODE_1_length_651596_cov_106.573662_4	UniRef100_A0A0K1MQ61~K03100	100	199	0	0	1	199	1	199	4.02e-140	394
careful_filteredΩNODE_3_length_403891_cov_108.585722_232	UniRef100_B3W9Z0~K06187	100	199	0	0	1	199	1	199	2.83e-140	395
careful_filteredΩNODE_1_length_651721_cov_115.299404_166	UniRef100_C2FAX1~K01817	98.5	199	3	0	1	199	1	199	5.05e-134	379
careful_filteredΩNODE_1_length_651721_cov_115.299404_4	UniRef100_A0A0K1MQ61~K03100	100	199	0	0	1	199	1	199	4.02e-140	394
isolate_filteredΩNODE_11_length_60639_cov_98.791866_57	UniRef100_B3WC55~K03550	100	198	0	0	1	198	1	198	5.46e-133	376
isolate_filteredΩNODE_3_length_404174_cov_100.322816_273	UniRef100_A0A0E2M1L7~K00661	99.0	198	2	0	1	198	1	198	1.20e-136	385
isolate_filteredΩNODE_3_length_404174_cov_100.322816_157	UniRef100_S2TR89~K00564	99.5	198	1	0	1	198	1	198	1.84e-140	395
isolate_filteredΩNODE_2_length_515833_cov_101.187436_34	UniRef100_B3WE42~K03978	100	198	0	0	1	198	1	198	6.18e-139	391
isolate_filteredΩNODE_1_length_651596_cov_106.573662_232	UniRef100_A0A0K1KVK8~K03111	100	198	0	0	1	198	1	198	1.88e-124	355
careful_filteredΩNODE_11_length_60639_cov_106.889304_57	UniRef100_B3WC55~K03550	100	198	0	0	1	198	1	198	5.46e-133	376
careful_filteredΩNODE_3_length_403891_cov_108.585722_227	UniRef100_S2TR89~K00564	99.5	198	1	0	1	198	1	198	1.84e-140	395
careful_filteredΩNODE_3_length_403891_cov_108.585722_111	UniRef100_A0A0E2M1L7~K00661	99.0	198	2	0	1	198	1	198	1.20e-136	385
careful_filteredΩNODE_2_length_515833_cov_109.458385_34	UniRef100_B3WE42~K03978	100	198	0	0	1	198	1	198	6.18e-139	391
careful_filteredΩNODE_1_length_651721_cov_115.299404_232	UniRef100_A0A0K1KVK8~K03111	100	198	0	0	1	198	1	198	1.88e-124	355
isolate_filteredΩNODE_5_length_328887_cov_99.193781_269	UniRef100_A0A1V0Q4U0~K00995	100	197	0	0	1	197	1	197	6.41e-136	384
careful_filteredΩNODE_5_length_328887_cov_107.364402_44	UniRef100_A0A1V0Q4U0~K00995	100	197	0	0	1	197	1	197	6.41e-136	384
isolate_filteredΩNODE_13_length_45945_cov_96.796285_28	UniRef100_A0A1J3C9V3~K00857	100	196	0	0	1	196	1	196	9.92e-144	403
isolate_filteredΩNODE_5_length_328887_cov_99.193781_228	UniRef100_B3WCR2~K01358	100	196	0	0	1	196	1	196	2.23e-131	372
isolate_filteredΩNODE_2_length_515833_cov_101.187436_282	UniRef100_K0NAZ2~K03687	100	196	0	0	1	196	27	222	2.98e-126	360
careful_filteredΩNODE_13_length_45945_cov_104.682262_28	UniRef100_A0A1J3C9V3~K00857	100	196	0	0	1	196	1	196	9.92e-144	403
careful_filteredΩNODE_5_length_328887_cov_107.364402_85	UniRef100_B3WCR2~K01358	100	196	0	0	1	196	1	196	2.23e-131	372
careful_filteredΩNODE_2_length_515833_cov_109.458385_282	UniRef100_K0NAZ2~K03687	100	196	0	0	1	196	27	222	2.98e-126	360
isolate_filteredΩNODE_3_length_404174_cov_100.322816_189	UniRef100_A0A1J3CFS5~K00805	100	195	0	0	1	195	1	195	2.31e-128	364
careful_filteredΩNODE_3_length_403891_cov_108.585722_195	UniRef100_A0A1J3CFS5~K00805	100	195	0	0	1	195	1	195	2.31e-128	364
isolate_filteredΩNODE_11_length_60639_cov_98.791866_2	UniRef100_A0A0K1KXR4~K03768	100	194	0	0	1	194	1	194	2.01e-142	400
isolate_filteredΩNODE_4_length_348303_cov_105.649211_189	UniRef100_F4DQB6~K14060	37.5	184	103	4	3	179	5	183	8.97e-26	103
isolate_filteredΩNODE_2_length_515833_cov_101.187436_120	UniRef100_B3WED4~K01693	100	194	0	0	1	194	1	194	4.19e-135	381
careful_filteredΩNODE_11_length_60639_cov_106.889304_2	UniRef100_A0A0K1KXR4~K03768	100	194	0	0	1	194	1	194	2.01e-142	400
careful_filteredΩNODE_4_length_348303_cov_114.271516_189	UniRef100_F4DQB6~K14060	37.5	184	103	4	3	179	5	183	8.97e-26	103
careful_filteredΩNODE_2_length_515833_cov_109.458385_120	UniRef100_B3WED4~K01693	100	194	0	0	1	194	1	194	4.19e-135	381
isolate_filteredΩNODE_5_length_328887_cov_99.193781_197	UniRef100_B0L7B8~K06977	99.5	193	1	0	1	193	43	235	5.18e-136	385
isolate_filteredΩNODE_5_length_328887_cov_99.193781_17	UniRef100_S4ZW89~K07474	97.4	192	5	0	2	193	1	192	2.61e-126	359
isolate_filteredΩNODE_4_length_348303_cov_105.649211_216	UniRef100_K0N8A3~K05879	99.5	193	1	0	1	193	13	205	9.88e-134	378
isolate_filteredΩNODE_4_length_348303_cov_105.649211_99	UniRef100_A0A1V0RR15~K21929	37.8	172	104	2	18	188	20	189	2.08e-40	141
careful_filteredΩNODE_5_length_328887_cov_107.364402_296	UniRef100_S4ZW89~K07474	97.4	192	5	0	2	193	1	192	2.61e-126	359
careful_filteredΩNODE_5_length_328887_cov_107.364402_116	UniRef100_B0L7B8~K06977	99.5	193	1	0	1	193	43	235	5.18e-136	385
careful_filteredΩNODE_4_length_348303_cov_114.271516_216	UniRef100_K0N8A3~K05879	99.5	193	1	0	1	193	13	205	9.88e-134	378
careful_filteredΩNODE_4_length_348303_cov_114.271516_99	UniRef100_A0A1V0RR15~K21929	37.8	172	104	2	18	188	20	189	2.08e-40	141
isolate_filteredΩNODE_21_length_2240_cov_110.847648_3	UniRef100_A0A125UA08~K01154	36.5	189	96	6	23	192	12	195	2.43e-18	84.7
isolate_filteredΩNODE_14_length_41384_cov_95.954245_21	UniRef100_K0NB93~K04068	100	192	0	0	1	192	12	203	3.63e-142	399
isolate_filteredΩNODE_5_length_328887_cov_99.193781_66	UniRef100_B3WDB0~K03816	100	192	0	0	1	192	1	192	4.91e-133	376
careful_filteredΩNODE_21_length_2240_cov_120.530427_1	UniRef100_A0A125UA08~K01154	36.5	189	96	6	23	192	12	195	2.43e-18	84.7
careful_filteredΩNODE_14_length_41384_cov_103.912799_21	UniRef100_K0NB93~K04068	100	192	0	0	1	192	12	203	3.63e-142	399
careful_filteredΩNODE_5_length_328887_cov_107.364402_247	UniRef100_B3WDB0~K03816	100	192	0	0	1	192	1	192	4.91e-133	376
isolate_filteredΩNODE_4_length_348303_cov_105.649211_209	UniRef100_C2FAA3~K01246	99.5	191	1	0	1	191	1	191	2.54e-139	392
careful_filteredΩNODE_4_length_348303_cov_114.271516_209	UniRef100_C2FAA3~K01246	99.5	191	1	0	1	191	1	191	2.54e-139	392
isolate_filteredΩNODE_3_length_404174_cov_100.322816_176	UniRef100_A0A1Y0CQ37~K16927	41.5	159	82	3	14	169	4	154	1.06e-24	100
careful_filteredΩNODE_3_length_403891_cov_108.585722_208	UniRef100_A0A1Y0CQ37~K16927	41.5	159	82	3	14	169	4	154	1.06e-24	100
isolate_filteredΩNODE_14_length_41384_cov_95.954245_16	UniRef100_A0A1Y2KLY4~K11175	99.5	189	1	0	1	189	1	189	1.47e-128	364
isolate_filteredΩNODE_2_length_515833_cov_101.187436_476	UniRef100_A0A0C9QGI6~K01834	98.4	189	3	0	1	189	7	195	4.14e-134	379
isolate_filteredΩNODE_1_length_651596_cov_106.573662_564	UniRef100_K0NAT8~K05985	100	189	0	0	1	189	15	203	4.16e-129	366
isolate_filteredΩNODE_1_length_651596_cov_106.573662_419	UniRef100_B3WB84~K02783	100	189	0	0	1	189	1	189	1.59e-132	374
careful_filteredΩNODE_14_length_41384_cov_103.912799_16	UniRef100_A0A1Y2KLY4~K11175	99.5	189	1	0	1	189	1	189	1.47e-128	364
careful_filteredΩNODE_2_length_515833_cov_109.458385_476	UniRef100_A0A0C9QGI6~K01834	98.4	189	3	0	1	189	7	195	4.14e-134	379
careful_filteredΩNODE_1_length_651721_cov_115.299404_564	UniRef100_K0NAT8~K05985	100	189	0	0	1	189	15	203	4.16e-129	366
careful_filteredΩNODE_1_length_651721_cov_115.299404_419	UniRef100_B3WB84~K02783	100	189	0	0	1	189	1	189	1.59e-132	374
isolate_filteredΩNODE_10_length_64565_cov_110.910433_2	UniRef100_A0A0K1MQC8~K16925	100	188	0	0	1	188	1	188	1.78e-124	354
isolate_filteredΩNODE_3_length_404174_cov_100.322816_82	UniRef100_A0A1S2ARA5~K18939	100	188	0	0	1	188	1	188	3.89e-128	363
isolate_filteredΩNODE_2_length_515833_cov_101.187436_19	UniRef100_C9A7X7~K08316	53.1	179	84	0	1	179	1	179	8.09e-62	195
careful_filteredΩNODE_10_length_65045_cov_123.164358_66	UniRef100_A0A0K1MQC8~K16925	100	188	0	0	1	188	1	188	1.78e-124	354
careful_filteredΩNODE_3_length_403891_cov_108.585722_302	UniRef100_A0A1S2ARA5~K18939	100	188	0	0	1	188	1	188	3.89e-128	363
careful_filteredΩNODE_2_length_515833_cov_109.458385_19	UniRef100_C9A7X7~K08316	53.1	179	84	0	1	179	1	179	8.09e-62	195
isolate_filteredΩNODE_9_length_65232_cov_99.822408_25	UniRef100_A0A1V0QA44~K07448	98.9	187	2	0	1	187	1	187	3.91e-132	373
isolate_filteredΩNODE_6_length_211744_cov_100.420410_156	UniRef100_Q037J6~K07559	99.5	187	1	0	1	187	2	188	2.97e-134	379
isolate_filteredΩNODE_6_length_211744_cov_100.420410_20	UniRef100_A0A0K1MVM0~K02356	100	187	0	0	1	187	1	187	8.86e-129	365
isolate_filteredΩNODE_4_length_348303_cov_105.649211_285	UniRef100_A0A0K1MQL9~K08094	100	187	0	0	1	187	1	187	5.34e-130	368
isolate_filteredΩNODE_4_length_348303_cov_105.649211_255	UniRef100_S2PRE0~K08094	99.5	187	1	0	1	187	3	189	1.24e-124	354
isolate_filteredΩNODE_3_length_404174_cov_100.322816_372	UniRef100_K0N876~K03386	100	187	0	0	1	187	36	222	1.54e-137	388
isolate_filteredΩNODE_2_length_515833_cov_101.187436_470	UniRef100_C2FEX2~K06966	98.4	187	3	0	1	187	1	187	3.76e-130	368
isolate_filteredΩNODE_2_length_515833_cov_101.187436_417	UniRef100_K0MW57~K02356	100	187	0	0	1	187	8	194	5.86e-131	370
careful_filteredΩNODE_9_length_65232_cov_108.045645_38	UniRef100_A0A1V0QA44~K07448	98.9	187	2	0	1	187	1	187	3.91e-132	373
careful_filteredΩNODE_6_length_211744_cov_108.667298_156	UniRef100_Q037J6~K07559	99.5	187	1	0	1	187	2	188	2.97e-134	379
careful_filteredΩNODE_6_length_211744_cov_108.667298_20	UniRef100_A0A0K1MVM0~K02356	100	187	0	0	1	187	1	187	8.86e-129	365
careful_filteredΩNODE_4_length_348303_cov_114.271516_285	UniRef100_A0A0K1MQL9~K08094	100	187	0	0	1	187	1	187	5.34e-130	368
careful_filteredΩNODE_4_length_348303_cov_114.271516_255	UniRef100_S2PRE0~K08094	99.5	187	1	0	1	187	3	189	1.24e-124	354
careful_filteredΩNODE_3_length_403891_cov_108.585722_12	UniRef100_K0N876~K03386	100	187	0	0	1	187	36	222	1.54e-137	388
careful_filteredΩNODE_2_length_515833_cov_109.458385_470	UniRef100_C2FEX2~K06966	98.4	187	3	0	1	187	1	187	3.76e-130	368
careful_filteredΩNODE_2_length_515833_cov_109.458385_417	UniRef100_K0MW57~K02356	100	187	0	0	1	187	8	194	5.86e-131	370
isolate_filteredΩNODE_6_length_211744_cov_100.420410_140	UniRef100_K6PY81~K03817	98.9	183	2	0	4	186	1	183	2.29e-132	374
isolate_filteredΩNODE_4_length_348303_cov_105.649211_271	UniRef100_B3W705~K16924	100	186	0	0	1	186	1	186	4.75e-128	363
isolate_filteredΩNODE_4_length_348303_cov_105.649211_29	UniRef100_A0A1V0Q5W6~K01934	99.5	186	1	0	1	186	1	186	2.02e-129	366
isolate_filteredΩNODE_2_length_515833_cov_101.187436_125	UniRef100_A0A0E2LZU8~K01515	100	186	0	0	1	186	1	186	3.63e-132	373
isolate_filteredΩNODE_1_length_651596_cov_106.573662_370	UniRef100_A0A0R2I767~K16788	56.7	180	78	0	6	185	2	181	2.69e-66	206
careful_filteredΩNODE_6_length_211744_cov_108.667298_140	UniRef100_K6PY81~K03817	98.9	183	2	0	4	186	1	183	2.29e-132	374
careful_filteredΩNODE_4_length_348303_cov_114.271516_271	UniRef100_B3W705~K16924	100	186	0	0	1	186	1	186	4.75e-128	363
careful_filteredΩNODE_4_length_348303_cov_114.271516_29	UniRef100_A0A1V0Q5W6~K01934	99.5	186	1	0	1	186	1	186	2.02e-129	366
careful_filteredΩNODE_2_length_515833_cov_109.458385_125	UniRef100_A0A0E2LZU8~K01515	100	186	0	0	1	186	1	186	3.63e-132	373
careful_filteredΩNODE_1_length_651721_cov_115.299404_370	UniRef100_A0A0R2I767~K16788	56.7	180	78	0	6	185	2	181	2.69e-66	206
isolate_filteredΩNODE_5_length_328887_cov_99.193781_262	UniRef100_A0A095ACS5~K05808	74.6	189	36	2	1	185	1	181	1.02e-91	271
isolate_filteredΩNODE_3_length_404174_cov_100.322816_123	UniRef100_B3W9W2~K06287	100	185	0	0	1	185	1	185	1.87e-129	366
isolate_filteredΩNODE_2_length_515833_cov_101.187436_299	UniRef100_A0A0K1KZA5~K02838	100	185	0	0	1	185	1	185	5.53e-122	347
isolate_filteredΩNODE_1_length_651596_cov_106.573662_605	UniRef100_B3WAP7~K01056	100	185	0	0	1	185	1	185	4.77e-132	373
careful_filteredΩNODE_5_length_328887_cov_107.364402_51	UniRef100_A0A095ACS5~K05808	74.6	189	36	2	1	185	1	181	1.02e-91	271
careful_filteredΩNODE_3_length_403891_cov_108.585722_261	UniRef100_B3W9W2~K06287	100	185	0	0	1	185	1	185	1.87e-129	366
careful_filteredΩNODE_2_length_515833_cov_109.458385_299	UniRef100_A0A0K1KZA5~K02838	100	185	0	0	1	185	1	185	5.53e-122	347
careful_filteredΩNODE_1_length_651721_cov_115.299404_605	UniRef100_B3WAP7~K01056	100	185	0	0	1	185	1	185	4.77e-132	373
isolate_filteredΩNODE_3_length_404174_cov_100.322816_181	UniRef100_K0N730~K02601	100	184	0	0	1	184	2	185	3.77e-131	370
isolate_filteredΩNODE_2_length_515833_cov_101.187436_6	UniRef100_B3WE13~K01462	100	184	0	0	1	184	1	184	3.64e-131	370
careful_filteredΩNODE_3_length_403891_cov_108.585722_203	UniRef100_K0N730~K02601	100	184	0	0	1	184	2	185	3.77e-131	370
careful_filteredΩNODE_2_length_515833_cov_109.458385_6	UniRef100_B3WE13~K01462	100	184	0	0	1	184	1	184	3.64e-131	370
isolate_filteredΩNODE_17_length_14292_cov_101.811115_10	UniRef100_A0A0K1KXR9~K03091	99.5	182	1	0	1	182	1	182	1.79e-121	346
isolate_filteredΩNODE_2_length_515833_cov_101.187436_456	UniRef100_A0A1V0Q2M1~K07040	100	182	0	0	1	182	1	182	4.09e-127	360
isolate_filteredΩNODE_2_length_515833_cov_101.187436_145	UniRef100_A0A243PWD5~K02825	100	182	0	0	1	182	30	211	3.82e-125	356
isolate_filteredΩNODE_1_length_651596_cov_106.573662_288	UniRef100_A0A1V0Q7C9~K03817	99.5	182	1	0	1	182	1	182	4.26e-129	365
careful_filteredΩNODE_17_length_14292_cov_110.179388_10	UniRef100_A0A0K1KXR9~K03091	99.5	182	1	0	1	182	1	182	1.79e-121	346
careful_filteredΩNODE_2_length_515833_cov_109.458385_456	UniRef100_A0A1V0Q2M1~K07040	100	182	0	0	1	182	1	182	4.09e-127	360
careful_filteredΩNODE_2_length_515833_cov_109.458385_145	UniRef100_A0A243PWD5~K02825	100	182	0	0	1	182	30	211	3.82e-125	356
careful_filteredΩNODE_1_length_651721_cov_115.299404_288	UniRef100_A0A1V0Q7C9~K03817	99.5	182	1	0	1	182	1	182	4.26e-129	365
isolate_filteredΩNODE_13_length_45945_cov_96.796285_37	UniRef100_Q03A21~K02113	100	181	0	0	1	181	1	181	6.24e-117	334
isolate_filteredΩNODE_1_length_651596_cov_106.573662_612	UniRef100_A0A0K1MWW0~K00760	100	181	0	0	1	181	1	181	2.19e-126	358
careful_filteredΩNODE_13_length_45945_cov_104.682262_37	UniRef100_Q03A21~K02113	100	181	0	0	1	181	1	181	6.24e-117	334
careful_filteredΩNODE_1_length_651721_cov_115.299404_612	UniRef100_A0A0K1MWW0~K00760	100	181	0	0	1	181	1	181	2.19e-126	358
isolate_filteredΩNODE_5_length_328887_cov_99.193781_188	UniRef100_A0A0K1KXS3~K02342	100	180	0	0	1	180	1	180	7.38e-129	364
isolate_filteredΩNODE_3_length_404174_cov_100.322816_357	UniRef100_B3WAK5~K02931	100	180	0	0	1	180	1	180	2.77e-124	353
isolate_filteredΩNODE_3_length_404174_cov_100.322816_215	UniRef100_K0MXG3~K01520	100	180	0	0	1	180	5	184	2.09e-129	366
careful_filteredΩNODE_5_length_328887_cov_107.364402_125	UniRef100_A0A0K1KXS3~K02342	100	180	0	0	1	180	1	180	7.38e-129	364
careful_filteredΩNODE_3_length_403891_cov_108.585722_169	UniRef100_K0MXG3~K01520	100	180	0	0	1	180	5	184	2.09e-129	366
careful_filteredΩNODE_3_length_403891_cov_108.585722_27	UniRef100_B3WAK5~K02931	100	180	0	0	1	180	1	180	2.77e-124	353
isolate_filteredΩNODE_6_length_211744_cov_100.420410_167	UniRef100_A0A125U9N7~K05964	99.4	179	1	0	1	179	1	179	1.85e-120	343
isolate_filteredΩNODE_3_length_404174_cov_100.322816_195	UniRef100_A0A0K1L1B9~K06962	100	179	0	0	1	179	1	179	4.62e-127	360
isolate_filteredΩNODE_3_length_404174_cov_100.322816_139	UniRef100_A0A0C9QBR9~K03789	100	179	0	0	1	179	2	180	4.44e-132	372
careful_filteredΩNODE_6_length_211744_cov_108.667298_167	UniRef100_A0A125U9N7~K05964	99.4	179	1	0	1	179	1	179	1.85e-120	343
careful_filteredΩNODE_3_length_403891_cov_108.585722_245	UniRef100_A0A0C9QBR9~K03789	100	179	0	0	1	179	2	180	4.44e-132	372
careful_filteredΩNODE_3_length_403891_cov_108.585722_189	UniRef100_A0A0K1L1B9~K06962	100	179	0	0	1	179	1	179	4.62e-127	360
isolate_filteredΩNODE_9_length_65232_cov_99.822408_7	UniRef100_K0MWD8~K07586	100	178	0	0	1	178	19	196	7.83e-134	377
isolate_filteredΩNODE_7_length_113986_cov_95.550027_95	UniRef100_S4ZNH5~K01515	99.4	178	1	0	1	178	1	178	8.31e-125	354
isolate_filteredΩNODE_3_length_404174_cov_100.322816_175	UniRef100_A0A1A7LY16~K00798	43.6	179	96	3	1	176	1	177	1.44e-34	125
isolate_filteredΩNODE_3_length_404174_cov_100.322816_111	UniRef100_A0A0E2BP62~K03523	100	178	0	0	1	178	5	182	1.11e-114	328
isolate_filteredΩNODE_2_length_515833_cov_101.187436_465	UniRef100_A0A0K1MVK9~K07015	100	178	0	0	1	178	1	178	6.09e-127	359
careful_filteredΩNODE_9_length_65232_cov_108.045645_56	UniRef100_K0MWD8~K07586	100	178	0	0	1	178	19	196	7.83e-134	377
careful_filteredΩNODE_7_length_113509_cov_103.332278_95	UniRef100_S4ZNH5~K01515	99.4	178	1	0	1	178	1	178	8.31e-125	354
careful_filteredΩNODE_3_length_403891_cov_108.585722_273	UniRef100_A0A0E2BP62~K03523	100	178	0	0	1	178	5	182	1.11e-114	328
careful_filteredΩNODE_3_length_403891_cov_108.585722_209	UniRef100_A0A1A7LY16~K00798	43.6	179	96	3	1	176	1	177	1.44e-34	125
careful_filteredΩNODE_2_length_515833_cov_109.458385_465	UniRef100_A0A0K1MVK9~K07015	100	178	0	0	1	178	1	178	6.09e-127	359
isolate_filteredΩNODE_5_length_328887_cov_99.193781_147	UniRef100_K9TW62~K03824	35.9	170	106	2	3	171	1	168	5.08e-22	93.2
careful_filteredΩNODE_5_length_328887_cov_107.364402_166	UniRef100_K9TW62~K03824	35.9	170	106	2	3	171	1	168	5.08e-22	93.2
isolate_filteredΩNODE_7_length_113986_cov_95.550027_67	UniRef100_A0A0K1KZ55~K03571	99.4	176	1	0	1	176	1	176	8.27e-115	328
isolate_filteredΩNODE_3_length_404174_cov_100.322816_355	UniRef100_B3WAK3~K02933	100	176	0	0	1	176	1	176	1.18e-123	351
careful_filteredΩNODE_7_length_113509_cov_103.332278_67	UniRef100_A0A0K1KZ55~K03571	99.4	176	1	0	1	176	1	176	8.27e-115	328
careful_filteredΩNODE_3_length_403891_cov_108.585722_29	UniRef100_B3WAK3~K02933	100	176	0	0	1	176	1	176	1.18e-123	351
isolate_filteredΩNODE_4_length_348303_cov_105.649211_173	UniRef100_A0A0K1MQW3~K08996	100	167	0	0	1	167	1	167	5.17e-118	336
isolate_filteredΩNODE_2_length_515833_cov_101.187436_271	UniRef100_Q038P1~K00759	99.4	175	1	0	1	175	1	175	3.68e-122	347
careful_filteredΩNODE_4_length_348303_cov_114.271516_173	UniRef100_A0A0K1MQW3~K08996	100	167	0	0	1	167	1	167	5.17e-118	336
careful_filteredΩNODE_2_length_515833_cov_109.458385_271	UniRef100_Q038P1~K00759	99.4	175	1	0	1	175	1	175	3.68e-122	347
isolate_filteredΩNODE_11_length_60639_cov_98.791866_28	UniRef100_A0A0R1F3S5~K07095	100	174	0	0	1	174	7	180	1.86e-125	355
isolate_filteredΩNODE_2_length_515833_cov_101.187436_94	UniRef100_B3WEA8~K01419	100	174	0	0	1	174	1	174	1.10e-118	338
isolate_filteredΩNODE_1_length_651596_cov_106.573662_244	UniRef100_A0A125UCQ4~K03536	99.4	174	1	0	1	174	10	183	6.64e-122	347
careful_filteredΩNODE_11_length_60639_cov_106.889304_28	UniRef100_A0A0R1F3S5~K07095	100	174	0	0	1	174	7	180	1.86e-125	355
careful_filteredΩNODE_2_length_515833_cov_109.458385_94	UniRef100_B3WEA8~K01419	100	174	0	0	1	174	1	174	1.10e-118	338
careful_filteredΩNODE_1_length_651721_cov_115.299404_244	UniRef100_A0A125UCQ4~K03536	99.4	174	1	0	1	174	10	183	6.64e-122	347
isolate_filteredΩNODE_11_length_60639_cov_98.791866_21	UniRef100_A0A0K1KXE6~K07105	100	173	0	0	1	173	1	173	4.83e-117	334
isolate_filteredΩNODE_1_length_651596_cov_106.573662_350	UniRef100_S4ZT98~K03273	96.0	173	7	0	1	173	1	173	3.40e-117	334
careful_filteredΩNODE_11_length_60639_cov_106.889304_21	UniRef100_A0A0K1KXE6~K07105	100	173	0	0	1	173	1	173	4.83e-117	334
careful_filteredΩNODE_1_length_651721_cov_115.299404_350	UniRef100_S4ZT98~K03273	96.0	173	7	0	1	173	1	173	3.40e-117	334
isolate_filteredΩNODE_4_length_348303_cov_105.649211_81	UniRef100_A0A1S2AL60~K01819	100	172	0	0	1	172	1	172	8.39e-122	346
isolate_filteredΩNODE_2_length_515833_cov_101.187436_374	UniRef100_A0A1Y2KTP5~K02860	99.4	172	1	0	1	172	1	172	1.98e-120	342
careful_filteredΩNODE_4_length_348303_cov_114.271516_81	UniRef100_A0A1S2AL60~K01819	100	172	0	0	1	172	1	172	8.39e-122	346
careful_filteredΩNODE_2_length_515833_cov_109.458385_374	UniRef100_A0A1Y2KTP5~K02860	99.4	172	1	0	1	172	1	172	1.98e-120	342
isolate_filteredΩNODE_10_length_64565_cov_110.910433_66	UniRef100_Q6EDZ4~K02794	100	169	0	0	1	169	1	169	1.77e-117	335
isolate_filteredΩNODE_5_length_328887_cov_99.193781_276	UniRef100_A0A0C9PWC6~K03216	98.8	169	2	0	1	169	1	169	6.95e-124	351
isolate_filteredΩNODE_1_length_651596_cov_106.573662_545	UniRef100_A0A0K1L2B7~K06910	100	169	0	0	1	169	1	169	2.07e-125	355
careful_filteredΩNODE_10_length_65045_cov_123.164358_2	UniRef100_Q6EDZ4~K02794	100	169	0	0	1	169	1	169	1.77e-117	335
careful_filteredΩNODE_5_length_328887_cov_107.364402_37	UniRef100_A0A0C9PWC6~K03216	98.8	169	2	0	1	169	1	169	6.95e-124	351
careful_filteredΩNODE_1_length_651721_cov_115.299404_545	UniRef100_A0A0K1L2B7~K06910	100	169	0	0	1	169	1	169	2.07e-125	355
isolate_filteredΩNODE_3_length_404174_cov_100.322816_164	UniRef100_B3WA02~K02864	100	168	0	0	1	168	1	168	4.67e-108	311
isolate_filteredΩNODE_3_length_404174_cov_100.322816_155	UniRef100_A0A0K1MW54~K11991	100	168	0	0	1	168	1	168	1.15e-117	335
careful_filteredΩNODE_3_length_403891_cov_108.585722_229	UniRef100_A0A0K1MW54~K11991	100	168	0	0	1	168	1	168	1.15e-117	335
careful_filteredΩNODE_3_length_403891_cov_108.585722_220	UniRef100_B3WA02~K02864	100	168	0	0	1	168	1	168	4.67e-108	311
isolate_filteredΩNODE_11_length_60639_cov_98.791866_4	UniRef100_A8FH29~K01095	60.7	163	61	1	1	163	7	166	1.12e-59	188
isolate_filteredΩNODE_4_length_348303_cov_105.649211_292	UniRef100_A0A0K1MRG0~K17465	100	167	0	0	1	167	1	167	5.48e-111	318
isolate_filteredΩNODE_3_length_404174_cov_100.322816_353	UniRef100_Q035A0~K02988	100	167	0	0	1	167	1	167	5.26e-109	313
isolate_filteredΩNODE_2_length_515833_cov_101.187436_448	UniRef100_A0A1J3C2H6~K06950	100	167	0	0	1	167	1	167	1.41e-122	347
isolate_filteredΩNODE_2_length_515833_cov_101.187436_270	UniRef100_K0NAY4~K03976	100	167	0	0	1	167	3	169	2.81e-118	337
isolate_filteredΩNODE_2_length_515833_cov_101.187436_20	UniRef100_Q039M3~K00954	100	167	0	0	1	167	1	167	4.02e-113	323
careful_filteredΩNODE_11_length_60639_cov_106.889304_4	UniRef100_A8FH29~K01095	60.7	163	61	1	1	163	7	166	1.12e-59	188
careful_filteredΩNODE_4_length_348303_cov_114.271516_292	UniRef100_A0A0K1MRG0~K17465	100	167	0	0	1	167	1	167	5.48e-111	318
careful_filteredΩNODE_3_length_403891_cov_108.585722_31	UniRef100_Q035A0~K02988	100	167	0	0	1	167	1	167	5.26e-109	313
careful_filteredΩNODE_2_length_515833_cov_109.458385_448	UniRef100_A0A1J3C2H6~K06950	100	167	0	0	1	167	1	167	1.41e-122	347
careful_filteredΩNODE_2_length_515833_cov_109.458385_270	UniRef100_K0NAY4~K03976	100	167	0	0	1	167	3	169	2.81e-118	337
careful_filteredΩNODE_2_length_515833_cov_109.458385_20	UniRef100_Q039M3~K00954	100	167	0	0	1	167	1	167	4.02e-113	323
isolate_filteredΩNODE_1_length_651596_cov_106.573662_537	UniRef100_A0A1Y2KUI6~K03823	100	166	0	0	1	166	1	166	8.82e-121	343
careful_filteredΩNODE_1_length_651721_cov_115.299404_537	UniRef100_A0A1Y2KUI6~K03823	100	166	0	0	1	166	1	166	8.82e-121	343
isolate_filteredΩNODE_7_length_113986_cov_95.550027_15	UniRef100_M4WY76~K06149	35.0	143	86	5	5	144	3	141	1.21e-12	67.8
isolate_filteredΩNODE_4_length_348303_cov_105.649211_23	UniRef100_A0A1J3BZM6~K11065	100	165	0	0	1	165	1	165	2.17e-116	332
isolate_filteredΩNODE_1_length_651596_cov_106.573662_388	UniRef100_A0A1S2AT94~K03828	97.6	165	4	0	1	165	1	165	1.25e-115	330
careful_filteredΩNODE_7_length_113509_cov_103.332278_15	UniRef100_M4WY76~K06149	35.0	143	86	5	5	144	3	141	1.21e-12	67.8
careful_filteredΩNODE_4_length_348303_cov_114.271516_23	UniRef100_A0A1J3BZM6~K11065	100	165	0	0	1	165	1	165	2.17e-116	332
careful_filteredΩNODE_1_length_651721_cov_115.299404_388	UniRef100_A0A1S2AT94~K03828	97.6	165	4	0	1	165	1	165	1.25e-115	330
isolate_filteredΩNODE_4_length_348303_cov_105.649211_279	UniRef100_Q9RGG4~K02813	100	164	0	0	1	164	1	164	1.85e-112	322
isolate_filteredΩNODE_4_length_348303_cov_105.649211_263	UniRef100_A0A0R1F252~K02794	100	164	0	0	1	164	4	167	1.57e-116	332
isolate_filteredΩNODE_4_length_348303_cov_105.649211_88	UniRef100_S2V077~K20112	100	164	0	0	1	164	1	164	7.55e-112	320
isolate_filteredΩNODE_3_length_404174_cov_100.322816_378	UniRef100_A0A0R1EYW6~K02236	100	164	0	0	1	164	18	181	2.54e-107	309
careful_filteredΩNODE_4_length_348303_cov_114.271516_279	UniRef100_Q9RGG4~K02813	100	164	0	0	1	164	1	164	1.85e-112	322
careful_filteredΩNODE_4_length_348303_cov_114.271516_263	UniRef100_A0A0R1F252~K02794	100	164	0	0	1	164	4	167	1.57e-116	332
careful_filteredΩNODE_4_length_348303_cov_114.271516_88	UniRef100_S2V077~K20112	100	164	0	0	1	164	1	164	7.55e-112	320
careful_filteredΩNODE_3_length_403891_cov_108.585722_6	UniRef100_A0A0R1EYW6~K02236	100	164	0	0	1	164	18	181	2.54e-107	309
isolate_filteredΩNODE_9_length_65232_cov_99.822408_58	UniRef100_A0A243PWW3~K04758	98.8	163	2	0	1	163	1	163	6.46e-108	310
isolate_filteredΩNODE_4_length_348303_cov_105.649211_235	UniRef100_A0A243PXZ1~K02794	100	163	0	0	1	163	16	178	2.78e-110	317
isolate_filteredΩNODE_2_length_515833_cov_101.187436_79	UniRef100_A0A0K1KZJ4~K00287	98.2	163	3	0	1	163	1	163	1.12e-117	335
isolate_filteredΩNODE_1_length_651596_cov_106.573662_114	UniRef100_A0A0R1F5H6~K00567	100	163	0	0	1	163	1	163	1.31e-116	332
careful_filteredΩNODE_9_length_65232_cov_108.045645_6	UniRef100_A0A243PWW3~K04758	98.8	163	2	0	1	163	1	163	6.46e-108	310
careful_filteredΩNODE_4_length_348303_cov_114.271516_235	UniRef100_A0A243PXZ1~K02794	100	163	0	0	1	163	16	178	2.78e-110	317
careful_filteredΩNODE_2_length_515833_cov_109.458385_79	UniRef100_A0A0K1KZJ4~K00287	98.2	163	3	0	1	163	1	163	1.12e-117	335
careful_filteredΩNODE_1_length_651721_cov_115.299404_114	UniRef100_A0A0R1F5H6~K00567	100	163	0	0	1	163	1	163	1.31e-116	332
isolate_filteredΩNODE_13_length_45945_cov_96.796285_36	UniRef100_B3WDL4~K02109	100	162	0	0	1	162	1	162	1.03e-83	249
careful_filteredΩNODE_13_length_45945_cov_104.682262_36	UniRef100_B3WDL4~K02109	100	162	0	0	1	162	1	162	1.03e-83	249
isolate_filteredΩNODE_14_length_41384_cov_95.954245_8	UniRef100_K0N9H9~K01588	100	161	0	0	1	161	33	193	2.99e-101	294
isolate_filteredΩNODE_1_length_651596_cov_106.573662_610	UniRef100_A0A0K1L1V6~K07571	100	161	0	0	1	161	1	161	3.09e-105	303
isolate_filteredΩNODE_1_length_651596_cov_106.573662_464	UniRef100_A0A1V0Q7W1~K02777	100	161	0	0	1	161	1	161	2.86e-110	316
isolate_filteredΩNODE_1_length_651596_cov_106.573662_362	UniRef100_K0NB63~K02794	100	161	0	0	1	161	9	169	2.99e-107	308
careful_filteredΩNODE_14_length_41384_cov_103.912799_8	UniRef100_K0N9H9~K01588	100	161	0	0	1	161	33	193	2.99e-101	294
careful_filteredΩNODE_1_length_651721_cov_115.299404_610	UniRef100_A0A0K1L1V6~K07571	100	161	0	0	1	161	1	161	3.09e-105	303
careful_filteredΩNODE_1_length_651721_cov_115.299404_464	UniRef100_A0A1V0Q7W1~K02777	100	161	0	0	1	161	1	161	2.86e-110	316
careful_filteredΩNODE_1_length_651721_cov_115.299404_362	UniRef100_K0NB63~K02794	100	161	0	0	1	161	9	169	2.99e-107	308
isolate_filteredΩNODE_13_length_45945_cov_96.796285_14	UniRef100_K0MV02~K05770	99.4	160	1	0	1	160	3	162	1.77e-104	301
isolate_filteredΩNODE_12_length_50619_cov_101.722152_30	UniRef100_A0A0K1KWB6~K02794	100	160	0	0	1	160	1	160	2.98e-107	308
isolate_filteredΩNODE_7_length_113986_cov_95.550027_56	UniRef100_A0A1J3C7L0~K08968	98.8	160	2	0	1	160	1	160	9.26e-111	317
isolate_filteredΩNODE_1_length_651596_cov_106.573662_562	UniRef100_S2TUK2~K02773	100	160	0	0	1	160	1	160	5.78e-105	302
isolate_filteredΩNODE_1_length_651596_cov_106.573662_514	UniRef100_A0A1S2B443~K03469	99.4	160	1	0	1	160	1	160	3.64e-117	333
isolate_filteredΩNODE_1_length_651596_cov_106.573662_447	UniRef100_W8UTU5~K02773	38.6	153	93	1	4	155	3	155	3.37e-32	118
careful_filteredΩNODE_13_length_45945_cov_104.682262_14	UniRef100_K0MV02~K05770	99.4	160	1	0	1	160	3	162	1.77e-104	301
careful_filteredΩNODE_12_length_50619_cov_109.954948_30	UniRef100_A0A0K1KWB6~K02794	100	160	0	0	1	160	1	160	2.98e-107	308
careful_filteredΩNODE_7_length_113509_cov_103.332278_56	UniRef100_A0A1J3C7L0~K08968	98.8	160	2	0	1	160	1	160	9.26e-111	317
careful_filteredΩNODE_1_length_651721_cov_115.299404_562	UniRef100_S2TUK2~K02773	100	160	0	0	1	160	1	160	5.78e-105	302
careful_filteredΩNODE_1_length_651721_cov_115.299404_514	UniRef100_A0A1S2B443~K03469	99.4	160	1	0	1	160	1	160	3.64e-117	333
careful_filteredΩNODE_1_length_651721_cov_115.299404_447	UniRef100_W8UTU5~K02773	38.6	153	93	1	4	155	3	155	3.37e-32	118
isolate_filteredΩNODE_2_length_515833_cov_101.187436_293	UniRef100_B3WER9~K09748	100	159	0	0	1	159	1	159	6.04e-111	317
isolate_filteredΩNODE_1_length_651596_cov_106.573662_552	UniRef100_A0A1S2B226~K03574	100	159	0	0	1	159	1	159	8.60e-120	340
isolate_filteredΩNODE_1_length_651596_cov_106.573662_487	UniRef100_A0A0K1L2G1~K02773	100	159	0	0	1	159	1	159	7.06e-110	315
isolate_filteredΩNODE_1_length_651596_cov_106.573662_456	UniRef100_A0A0E2LYA6~K02773	97.5	159	4	0	1	159	1	159	6.52e-106	305
isolate_filteredΩNODE_1_length_651596_cov_106.573662_344	UniRef100_C2F922~K00783	99.4	159	1	0	1	159	7	165	8.02e-106	305
careful_filteredΩNODE_2_length_515833_cov_109.458385_293	UniRef100_B3WER9~K09748	100	159	0	0	1	159	1	159	6.04e-111	317
careful_filteredΩNODE_1_length_651721_cov_115.299404_552	UniRef100_A0A1S2B226~K03574	100	159	0	0	1	159	1	159	8.60e-120	340
careful_filteredΩNODE_1_length_651721_cov_115.299404_487	UniRef100_A0A0K1L2G1~K02773	100	159	0	0	1	159	1	159	7.06e-110	315
careful_filteredΩNODE_1_length_651721_cov_115.299404_456	UniRef100_A0A0E2LYA6~K02773	97.5	159	4	0	1	159	1	159	6.52e-106	305
careful_filteredΩNODE_1_length_651721_cov_115.299404_344	UniRef100_C2F922~K00783	99.4	159	1	0	1	159	7	165	8.02e-106	305
isolate_filteredΩNODE_24_length_479_cov_230.139303_1	UniRef100_A0A1B1U8A2~K01154	45.7	140	73	3	14	151	5	143	2.39e-36	128
isolate_filteredΩNODE_6_length_211744_cov_100.420410_110	UniRef100_A0A1S2A9L3~K01073	99.4	158	1	0	1	158	1	158	1.61e-110	316
isolate_filteredΩNODE_4_length_348303_cov_105.649211_74	UniRef100_A0A0R1JJ32~K13993	51.0	149	65	2	11	158	21	162	1.14e-41	142
isolate_filteredΩNODE_2_length_515833_cov_101.187436_84	UniRef100_A0A0R1FG74~K07304	100	158	0	0	1	158	16	173	4.00e-112	321
isolate_filteredΩNODE_1_length_651596_cov_106.573662_400	UniRef100_K0N868~K02794	100	158	0	0	1	158	3	160	9.58e-108	309
careful_filteredΩNODE_25_length_479_cov_249.378109_1	UniRef100_A0A1B1U8A2~K01154	45.7	140	73	3	14	151	5	143	2.39e-36	128
careful_filteredΩNODE_6_length_211744_cov_108.667298_110	UniRef100_A0A1S2A9L3~K01073	99.4	158	1	0	1	158	1	158	1.61e-110	316
careful_filteredΩNODE_4_length_348303_cov_114.271516_74	UniRef100_A0A0R1JJ32~K13993	51.0	149	65	2	11	158	21	162	1.14e-41	142
careful_filteredΩNODE_2_length_515833_cov_109.458385_84	UniRef100_A0A0R1FG74~K07304	100	158	0	0	1	158	16	173	4.00e-112	321
careful_filteredΩNODE_1_length_651721_cov_115.299404_400	UniRef100_K0N868~K02794	100	158	0	0	1	158	3	160	9.58e-108	309
isolate_filteredΩNODE_5_length_328887_cov_99.193781_297	UniRef100_A0A1J3CCX1~K00432	100	157	0	0	1	157	1	157	7.68e-113	322
isolate_filteredΩNODE_5_length_328887_cov_99.193781_215	UniRef100_B3WCX4~K03664	100	157	0	0	1	157	1	157	3.51e-109	313
isolate_filteredΩNODE_4_length_348303_cov_105.649211_307	UniRef100_A0A0C9QRS4~K02768	100	157	0	0	1	157	1	157	1.13e-105	304
isolate_filteredΩNODE_4_length_348303_cov_105.649211_9	UniRef100_A0A1S2AM23~K03647	100	157	0	0	1	157	1	157	1.05e-110	317
isolate_filteredΩNODE_4_length_348303_cov_105.649211_2	UniRef100_B3WC53~K07173	100	157	0	0	1	157	1	157	1.55e-112	321
isolate_filteredΩNODE_1_length_651596_cov_106.573662_295	UniRef100_A0A1J3C0X9~K09167	100	157	0	0	1	157	1	157	4.80e-107	307
careful_filteredΩNODE_5_length_328887_cov_107.364402_98	UniRef100_B3WCX4~K03664	100	157	0	0	1	157	1	157	3.51e-109	313
careful_filteredΩNODE_5_length_328887_cov_107.364402_16	UniRef100_A0A1J3CCX1~K00432	100	157	0	0	1	157	1	157	7.68e-113	322
careful_filteredΩNODE_4_length_348303_cov_114.271516_307	UniRef100_A0A0C9QRS4~K02768	100	157	0	0	1	157	1	157	1.13e-105	304
careful_filteredΩNODE_4_length_348303_cov_114.271516_9	UniRef100_A0A1S2AM23~K03647	100	157	0	0	1	157	1	157	1.05e-110	317
careful_filteredΩNODE_4_length_348303_cov_114.271516_2	UniRef100_B3WC53~K07173	100	157	0	0	1	157	1	157	1.55e-112	321
careful_filteredΩNODE_1_length_651721_cov_115.299404_295	UniRef100_A0A1J3C0X9~K09167	100	157	0	0	1	157	1	157	4.80e-107	307
isolate_filteredΩNODE_4_length_348303_cov_105.649211_309	UniRef100_K0MSJ6~K02806	100	156	0	0	1	156	1	156	1.67e-102	296
isolate_filteredΩNODE_3_length_404174_cov_100.322816_375	UniRef100_B3WAM3~K02992	100	156	0	0	1	156	1	156	4.63e-109	312
isolate_filteredΩNODE_2_length_515833_cov_101.187436_442	UniRef100_A0A0K1L072~K03624	100	156	0	0	1	156	1	156	9.68e-102	294
careful_filteredΩNODE_4_length_348303_cov_114.271516_309	UniRef100_K0MSJ6~K02806	100	156	0	0	1	156	1	156	1.67e-102	296
careful_filteredΩNODE_3_length_403891_cov_108.585722_9	UniRef100_B3WAM3~K02992	100	156	0	0	1	156	1	156	4.63e-109	312
careful_filteredΩNODE_2_length_515833_cov_109.458385_442	UniRef100_A0A0K1L072~K03624	100	156	0	0	1	156	1	156	9.68e-102	294
isolate_filteredΩNODE_13_length_45945_cov_96.796285_13	UniRef100_A0A0K1KYG6~K01487	100	155	0	0	1	155	1	155	7.71e-112	319
isolate_filteredΩNODE_3_length_404174_cov_100.322816_382	UniRef100_K0N7I0~K03708	100	155	0	0	1	155	14	168	3.59e-104	300
isolate_filteredΩNODE_3_length_404174_cov_100.322816_36	UniRef100_V5V4X6~K03574	31.8	132	82	4	21	149	22	148	8.37e-11	62.8
isolate_filteredΩNODE_2_length_515833_cov_101.187436_481	UniRef100_B3WF53~K07738	99.4	155	1	0	1	155	1	155	1.89e-103	298
isolate_filteredΩNODE_1_length_651596_cov_106.573662_64	UniRef100_A0A1Y0YH46~K03839	37.1	132	80	2	2	133	3	131	3.00e-21	90.1
isolate_filteredΩNODE_1_length_651596_cov_106.573662_36	UniRef100_A0A0K1KX67~K03624	99.4	155	1	0	1	155	1	155	9.35e-104	299
careful_filteredΩNODE_13_length_45945_cov_104.682262_13	UniRef100_A0A0K1KYG6~K01487	100	155	0	0	1	155	1	155	7.71e-112	319
careful_filteredΩNODE_3_length_403891_cov_108.585722_348	UniRef100_V5V4X6~K03574	31.8	132	82	4	21	149	22	148	8.37e-11	62.8
careful_filteredΩNODE_3_length_403891_cov_108.585722_2	UniRef100_K0N7I0~K03708	100	155	0	0	1	155	14	168	3.59e-104	300
careful_filteredΩNODE_2_length_515833_cov_109.458385_481	UniRef100_B3WF53~K07738	99.4	155	1	0	1	155	1	155	1.89e-103	298
careful_filteredΩNODE_1_length_651721_cov_115.299404_64	UniRef100_A0A1Y0YH46~K03839	37.1	132	80	2	2	133	3	131	3.00e-21	90.1
careful_filteredΩNODE_1_length_651721_cov_115.299404_36	UniRef100_A0A0K1KX67~K03624	99.4	155	1	0	1	155	1	155	9.35e-104	299
isolate_filteredΩNODE_2_length_515833_cov_101.187436_473	UniRef100_A0A243PR20~K02520	100	154	0	0	1	154	1	154	5.86e-102	294
isolate_filteredΩNODE_2_length_515833_cov_101.187436_147	UniRef100_A0A0K1MU14~K03101	100	154	0	0	1	154	1	154	3.15e-106	305
isolate_filteredΩNODE_1_length_651596_cov_106.573662_318	UniRef100_A0A023X624~K03574	32.1	131	77	6	14	142	5	125	6.35e-09	57.4
careful_filteredΩNODE_2_length_515833_cov_109.458385_473	UniRef100_A0A243PR20~K02520	100	154	0	0	1	154	1	154	5.86e-102	294
careful_filteredΩNODE_2_length_515833_cov_109.458385_147	UniRef100_A0A0K1MU14~K03101	100	154	0	0	1	154	1	154	3.15e-106	305
careful_filteredΩNODE_1_length_651721_cov_115.299404_318	UniRef100_A0A023X624~K03574	32.1	131	77	6	14	142	5	125	6.35e-09	57.4
isolate_filteredΩNODE_5_length_328887_cov_99.193781_192	UniRef100_A0A1J3C697~K06925	100	153	0	0	1	153	1	153	3.03e-108	310
isolate_filteredΩNODE_5_length_328887_cov_99.193781_161	UniRef100_A0A1S2AG66~K02248	100	153	0	0	1	153	1	153	1.62e-103	298
isolate_filteredΩNODE_5_length_328887_cov_99.193781_106	UniRef100_W7CDX5~K03839	43.7	151	82	1	1	151	1	148	1.65e-34	123
isolate_filteredΩNODE_2_length_515833_cov_101.187436_416	UniRef100_A0A0R2I474~K10947	57.3	124	53	0	1	124	10	133	4.82e-42	142
isolate_filteredΩNODE_2_length_515833_cov_101.187436_168	UniRef100_K0N8R0~K01493	100	153	0	0	1	153	16	168	2.25e-111	318
isolate_filteredΩNODE_1_length_651596_cov_106.573662_345	UniRef100_C2F924~K03830	94.8	153	8	0	1	153	1	153	3.53e-98	285
careful_filteredΩNODE_5_length_328887_cov_107.364402_207	UniRef100_W7CDX5~K03839	43.7	151	82	1	1	151	1	148	1.65e-34	123
careful_filteredΩNODE_5_length_328887_cov_107.364402_152	UniRef100_A0A1S2AG66~K02248	100	153	0	0	1	153	1	153	1.62e-103	298
careful_filteredΩNODE_5_length_328887_cov_107.364402_121	UniRef100_A0A1J3C697~K06925	100	153	0	0	1	153	1	153	3.03e-108	310
careful_filteredΩNODE_2_length_515833_cov_109.458385_416	UniRef100_A0A0R2I474~K10947	57.3	124	53	0	1	124	10	133	4.82e-42	142
careful_filteredΩNODE_2_length_515833_cov_109.458385_168	UniRef100_K0N8R0~K01493	100	153	0	0	1	153	16	168	2.25e-111	318
careful_filteredΩNODE_1_length_651721_cov_115.299404_345	UniRef100_C2F924~K03830	94.8	153	8	0	1	153	1	153	3.53e-98	285
isolate_filteredΩNODE_2_length_515833_cov_101.187436_228	UniRef100_Q038S9~K07042	100	152	0	0	1	152	1	152	9.43e-107	306
isolate_filteredΩNODE_1_length_651596_cov_106.573662_408	UniRef100_K0NB30~K02821	100	152	0	0	1	152	17	168	9.49e-106	304
careful_filteredΩNODE_2_length_515833_cov_109.458385_228	UniRef100_Q038S9~K07042	100	152	0	0	1	152	1	152	9.43e-107	306
careful_filteredΩNODE_1_length_651721_cov_115.299404_408	UniRef100_K0NB30~K02821	100	152	0	0	1	152	17	168	9.49e-106	304
isolate_filteredΩNODE_14_length_41384_cov_95.954245_35	UniRef100_K0N5R1~K03402	100	151	0	0	1	151	2	152	4.46e-98	284
isolate_filteredΩNODE_7_length_113986_cov_95.550027_85	UniRef100_B3WDY6~K09772	100	151	0	0	1	151	1	151	2.32e-102	295
isolate_filteredΩNODE_5_length_328887_cov_99.193781_229	UniRef100_H0DJ85~K18906	35.8	137	87	1	1	136	1	137	2.39e-22	92.4
isolate_filteredΩNODE_1_length_651596_cov_106.573662_440	UniRef100_A0A1J3BZW0~K02821	100	151	0	0	1	151	1	151	1.45e-105	303
isolate_filteredΩNODE_1_length_651596_cov_106.573662_346	UniRef100_C2F925~K03826	98.7	151	2	0	1	151	16	166	5.12e-107	307
isolate_filteredΩNODE_1_length_651596_cov_106.573662_142	UniRef100_B3W7F8~K02939	100	151	0	0	1	151	1	151	1.24e-97	283
careful_filteredΩNODE_14_length_41384_cov_103.912799_35	UniRef100_K0N5R1~K03402	100	151	0	0	1	151	2	152	4.46e-98	284
careful_filteredΩNODE_7_length_113509_cov_103.332278_85	UniRef100_B3WDY6~K09772	100	151	0	0	1	151	1	151	2.32e-102	295
careful_filteredΩNODE_5_length_328887_cov_107.364402_84	UniRef100_H0DJ85~K18906	35.8	137	87	1	1	136	1	137	2.39e-22	92.4
careful_filteredΩNODE_1_length_651721_cov_115.299404_440	UniRef100_A0A1J3BZW0~K02821	100	151	0	0	1	151	1	151	1.45e-105	303
careful_filteredΩNODE_1_length_651721_cov_115.299404_346	UniRef100_C2F925~K03826	98.7	151	2	0	1	151	16	166	5.12e-107	307
careful_filteredΩNODE_1_length_651721_cov_115.299404_142	UniRef100_B3W7F8~K02939	100	151	0	0	1	151	1	151	1.24e-97	283
isolate_filteredΩNODE_9_length_65232_cov_99.822408_30	UniRef100_K0NBC2~K03095	100	150	0	0	1	150	7	156	1.86e-111	318
isolate_filteredΩNODE_2_length_515833_cov_101.187436_409	UniRef100_A0A0K1MVP2~K03402	99.3	150	1	0	1	150	1	150	2.32e-97	282
isolate_filteredΩNODE_2_length_515833_cov_101.187436_236	UniRef100_A0A1J3C238~K07305	100	150	0	0	1	150	1	150	2.42e-108	310
isolate_filteredΩNODE_1_length_651596_cov_106.573662_579	UniRef100_A0A1J3C1L3~K03574	99.3	150	1	0	1	150	1	150	2.42e-108	310
careful_filteredΩNODE_9_length_65232_cov_108.045645_33	UniRef100_K0NBC2~K03095	100	150	0	0	1	150	7	156	1.86e-111	318
careful_filteredΩNODE_2_length_515833_cov_109.458385_409	UniRef100_A0A0K1MVP2~K03402	99.3	150	1	0	1	150	1	150	2.32e-97	282
careful_filteredΩNODE_2_length_515833_cov_109.458385_236	UniRef100_A0A1J3C238~K07305	100	150	0	0	1	150	1	150	2.42e-108	310
careful_filteredΩNODE_1_length_651721_cov_115.299404_579	UniRef100_A0A1J3C1L3~K03574	99.3	150	1	0	1	150	1	150	2.42e-108	310
isolate_filteredΩNODE_4_length_348303_cov_105.649211_18	UniRef100_K0N340~K00940	100	149	0	0	1	149	12	160	5.44e-107	307
isolate_filteredΩNODE_3_length_404174_cov_100.322816_18	UniRef100_K0NA35~K02160	100	149	0	0	1	149	5	153	3.23e-93	272
careful_filteredΩNODE_4_length_348303_cov_114.271516_18	UniRef100_K0N340~K00940	100	149	0	0	1	149	12	160	5.44e-107	307
careful_filteredΩNODE_3_length_403891_cov_108.585722_366	UniRef100_K0NA35~K02160	100	149	0	0	1	149	5	153	3.23e-93	272
isolate_filteredΩNODE_7_length_113986_cov_95.550027_8	UniRef100_A0A1V0Q4I7~K04488	98.6	148	2	0	1	148	1	148	6.44e-103	296
isolate_filteredΩNODE_6_length_211744_cov_100.420410_70	UniRef100_A0A1J3C8N7~K02076	100	148	0	0	1	148	1	148	8.81e-110	313
isolate_filteredΩNODE_4_length_348303_cov_105.649211_293	UniRef100_A0A0M6W8K9~K17464	100	148	0	0	1	148	1	148	4.89e-98	284
isolate_filteredΩNODE_3_length_404174_cov_100.322816_332	UniRef100_B3WAI0~K02871	100	148	0	0	1	148	1	148	3.32e-105	302
isolate_filteredΩNODE_2_length_515833_cov_101.187436_245	UniRef100_Q038Q9~K07560	98.6	148	2	0	1	148	1	148	2.52e-100	290
careful_filteredΩNODE_7_length_113509_cov_103.332278_8	UniRef100_A0A1V0Q4I7~K04488	98.6	148	2	0	1	148	1	148	6.44e-103	296
careful_filteredΩNODE_6_length_211744_cov_108.667298_70	UniRef100_A0A1J3C8N7~K02076	100	148	0	0	1	148	1	148	8.81e-110	313
careful_filteredΩNODE_4_length_348303_cov_114.271516_293	UniRef100_A0A0M6W8K9~K17464	100	148	0	0	1	148	1	148	4.89e-98	284
careful_filteredΩNODE_3_length_403891_cov_108.585722_52	UniRef100_B3WAI0~K02871	100	148	0	0	1	148	1	148	3.32e-105	302
careful_filteredΩNODE_2_length_515833_cov_109.458385_245	UniRef100_Q038Q9~K07560	98.6	148	2	0	1	148	1	148	2.52e-100	290
isolate_filteredΩNODE_4_length_348303_cov_105.649211_301	UniRef100_K0N5I4~K11201	100	147	0	0	1	147	1	147	6.71e-100	288
isolate_filteredΩNODE_3_length_404174_cov_100.322816_179	UniRef100_A0A1J3C8W7~K08728	100	147	0	0	1	147	1	147	2.08e-103	297
isolate_filteredΩNODE_2_length_515833_cov_101.187436_231	UniRef100_A0A1J3BYI6~K09117	100	147	0	0	1	147	1	147	2.72e-90	264
isolate_filteredΩNODE_1_length_651596_cov_106.573662_264	UniRef100_A0A1Y2KR32~K02798	100	147	0	0	1	147	12	158	3.41e-100	290
careful_filteredΩNODE_4_length_348303_cov_114.271516_301	UniRef100_K0N5I4~K11201	100	147	0	0	1	147	1	147	6.71e-100	288
careful_filteredΩNODE_3_length_403891_cov_108.585722_205	UniRef100_A0A1J3C8W7~K08728	100	147	0	0	1	147	1	147	2.08e-103	297
careful_filteredΩNODE_2_length_515833_cov_109.458385_231	UniRef100_A0A1J3BYI6~K09117	100	147	0	0	1	147	1	147	2.72e-90	264
careful_filteredΩNODE_1_length_651721_cov_115.299404_264	UniRef100_A0A1Y2KR32~K02798	100	147	0	0	1	147	12	158	3.41e-100	290
isolate_filteredΩNODE_17_length_14292_cov_101.811115_1	UniRef100_C2FHF8~K09825	100	146	0	0	1	146	11	156	8.13e-105	301
isolate_filteredΩNODE_14_length_41384_cov_95.954245_19	UniRef100_A0A0D3V998~K02171	38.1	118	73	0	7	124	6	123	7.91e-22	90.5
isolate_filteredΩNODE_5_length_328887_cov_99.193781_163	UniRef100_A0A1S2AE26~K02246	97.9	146	3	0	1	146	1	146	1.47e-98	285
isolate_filteredΩNODE_3_length_404174_cov_100.322816_351	UniRef100_K0NAK7~K02876	100	146	0	0	1	146	5	150	1.74e-91	267
isolate_filteredΩNODE_3_length_404174_cov_100.322816_17	UniRef100_A0A1J3C2L5~K02372	99.3	146	1	0	1	146	1	146	3.60e-99	286
careful_filteredΩNODE_17_length_14292_cov_110.179388_1	UniRef100_C2FHF8~K09825	100	146	0	0	1	146	11	156	8.13e-105	301
careful_filteredΩNODE_14_length_41384_cov_103.912799_19	UniRef100_A0A0D3V998~K02171	38.1	118	73	0	7	124	6	123	7.91e-22	90.5
careful_filteredΩNODE_5_length_328887_cov_107.364402_150	UniRef100_A0A1S2AE26~K02246	97.9	146	3	0	1	146	1	146	1.47e-98	285
careful_filteredΩNODE_3_length_403891_cov_108.585722_367	UniRef100_A0A1J3C2L5~K02372	99.3	146	1	0	1	146	1	146	3.60e-99	286
careful_filteredΩNODE_3_length_403891_cov_108.585722_33	UniRef100_K0NAK7~K02876	100	146	0	0	1	146	5	150	1.74e-91	267
isolate_filteredΩNODE_8_length_78445_cov_288.695424_71	UniRef100_L0IM94~K02768	54.3	138	61	1	1	136	1	138	3.11e-43	145
isolate_filteredΩNODE_4_length_348303_cov_105.649211_264	UniRef100_Q711H5~K02744	100	145	0	0	1	145	1	145	3.75e-96	279
isolate_filteredΩNODE_3_length_404174_cov_100.322816_371	UniRef100_A0A0K1L1T9~K13256	100	145	0	0	1	145	1	145	1.16e-90	265
isolate_filteredΩNODE_3_length_404174_cov_100.322816_26	UniRef100_K0NBT3~K02372	100	145	0	0	1	145	19	163	1.40e-95	278
isolate_filteredΩNODE_1_length_651596_cov_106.573662_337	UniRef100_C2F915~K13993	100	145	0	0	1	145	13	157	4.32e-100	289
careful_filteredΩNODE_8_length_78445_cov_310.951587_71	UniRef100_L0IM94~K02768	54.3	138	61	1	1	136	1	138	3.11e-43	145
careful_filteredΩNODE_4_length_348303_cov_114.271516_264	UniRef100_Q711H5~K02744	100	145	0	0	1	145	1	145	3.75e-96	279
careful_filteredΩNODE_3_length_403891_cov_108.585722_358	UniRef100_K0NBT3~K02372	100	145	0	0	1	145	19	163	1.40e-95	278
careful_filteredΩNODE_3_length_403891_cov_108.585722_13	UniRef100_A0A0K1L1T9~K13256	100	145	0	0	1	145	1	145	1.16e-90	265
careful_filteredΩNODE_1_length_651721_cov_115.299404_337	UniRef100_C2F915~K13993	100	145	0	0	1	145	13	157	4.32e-100	289
isolate_filteredΩNODE_11_length_60639_cov_98.791866_41	UniRef100_B3WC70~K07447	100	144	0	0	1	144	1	144	2.02e-95	277
isolate_filteredΩNODE_10_length_64565_cov_110.910433_21	UniRef100_K0N1R3~K06075	94.4	144	8	0	1	144	1	144	8.85e-90	263
isolate_filteredΩNODE_9_length_65232_cov_99.822408_5	UniRef100_A0A1Q2GZR9~K02348	35.4	127	76	6	21	143	23	147	1.32e-08	56.6
isolate_filteredΩNODE_5_length_328887_cov_99.193781_145	UniRef100_A0A1J3C9Z2~K06209	100	144	0	0	1	144	1	144	1.73e-96	280
isolate_filteredΩNODE_3_length_404174_cov_100.322816_362	UniRef100_B3WAL0~K02878	100	144	0	0	1	144	1	144	7.61e-100	288
isolate_filteredΩNODE_2_length_515833_cov_101.187436_496	UniRef100_A0A0K1MUS0~K02503	99.3	144	1	0	1	144	1	144	2.18e-99	287
careful_filteredΩNODE_11_length_60639_cov_106.889304_41	UniRef100_B3WC70~K07447	100	144	0	0	1	144	1	144	2.02e-95	277
careful_filteredΩNODE_10_length_65045_cov_123.164358_47	UniRef100_K0N1R3~K06075	94.4	144	8	0	1	144	1	144	8.85e-90	263
careful_filteredΩNODE_9_length_65232_cov_108.045645_58	UniRef100_A0A1Q2GZR9~K02348	35.4	127	76	6	21	143	23	147	1.32e-08	56.6
careful_filteredΩNODE_5_length_328887_cov_107.364402_168	UniRef100_A0A1J3C9Z2~K06209	100	144	0	0	1	144	1	144	1.73e-96	280
careful_filteredΩNODE_3_length_403891_cov_108.585722_22	UniRef100_B3WAL0~K02878	100	144	0	0	1	144	1	144	7.61e-100	288
careful_filteredΩNODE_2_length_515833_cov_109.458385_496	UniRef100_A0A0K1MUS0~K02503	99.3	144	1	0	1	144	1	144	2.18e-99	287
isolate_filteredΩNODE_13_length_45945_cov_96.796285_41	UniRef100_B3WDL9~K02114	100	143	0	0	1	143	1	143	6.02e-92	268
isolate_filteredΩNODE_7_length_113986_cov_95.550027_75	UniRef100_A0A0R1F409~K03925	100	143	0	0	1	143	4	146	3.31e-101	291
isolate_filteredΩNODE_1_length_651596_cov_106.573662_609	UniRef100_A0A243PSW6~K13052	100	143	0	0	1	143	1	143	1.32e-95	277
isolate_filteredΩNODE_1_length_651596_cov_106.573662_234	UniRef100_S2R1Y5~K03111	99.3	143	1	0	1	143	1	143	2.58e-96	280
careful_filteredΩNODE_13_length_45945_cov_104.682262_41	UniRef100_B3WDL9~K02114	100	143	0	0	1	143	1	143	6.02e-92	268
careful_filteredΩNODE_7_length_113509_cov_103.332278_75	UniRef100_A0A0R1F409~K03925	100	143	0	0	1	143	4	146	3.31e-101	291
careful_filteredΩNODE_1_length_651721_cov_115.299404_609	UniRef100_A0A243PSW6~K13052	100	143	0	0	1	143	1	143	1.32e-95	277
careful_filteredΩNODE_1_length_651721_cov_115.299404_234	UniRef100_S2R1Y5~K03111	99.3	143	1	0	1	143	1	143	2.58e-96	280
isolate_filteredΩNODE_4_length_348303_cov_105.649211_80	UniRef100_A0A0E2LWU9~K01819	100	142	0	0	1	142	14	155	6.63e-96	278
isolate_filteredΩNODE_3_length_404174_cov_100.322816_197	UniRef100_A0A0K1L1L8~K11145	100	142	0	0	1	142	1	142	1.27e-97	282
careful_filteredΩNODE_4_length_348303_cov_114.271516_80	UniRef100_A0A0E2LWU9~K01819	100	142	0	0	1	142	14	155	6.63e-96	278
careful_filteredΩNODE_3_length_403891_cov_108.585722_187	UniRef100_A0A0K1L1L8~K11145	100	142	0	0	1	142	1	142	1.27e-97	282
isolate_filteredΩNODE_3_length_404174_cov_100.322816_171	UniRef100_B3WA09~K02867	100	141	0	0	1	141	1	141	2.57e-92	269
isolate_filteredΩNODE_1_length_651596_cov_106.573662_399	UniRef100_K0NDE5~K02793	99.3	141	1	0	1	141	1	141	4.62e-95	276
careful_filteredΩNODE_3_length_403891_cov_108.585722_213	UniRef100_B3WA09~K02867	100	141	0	0	1	141	1	141	2.57e-92	269
careful_filteredΩNODE_1_length_651721_cov_115.299404_399	UniRef100_K0NDE5~K02793	99.3	141	1	0	1	141	1	141	4.62e-95	276
isolate_filteredΩNODE_1_length_651596_cov_106.573662_376	UniRef100_K0NDH4~K03741	94.9	137	7	0	1	137	1	137	4.35e-92	268
careful_filteredΩNODE_1_length_651721_cov_115.299404_376	UniRef100_K0NDH4~K03741	94.9	137	7	0	1	137	1	137	4.35e-92	268
isolate_filteredΩNODE_11_length_60639_cov_98.791866_53	UniRef100_A0A1S2AHA4~K03210	100	139	0	0	1	139	1	139	2.38e-87	256
careful_filteredΩNODE_11_length_60639_cov_106.889304_53	UniRef100_A0A1S2AHA4~K03210	100	139	0	0	1	139	1	139	2.38e-87	256
isolate_filteredΩNODE_4_length_348303_cov_105.649211_280	UniRef100_Q9RGG5~K02812	100	138	0	0	1	138	1	138	2.80e-90	263
isolate_filteredΩNODE_4_length_348303_cov_105.649211_231	UniRef100_A0A0K1KX80~K02793	99.3	138	1	0	1	138	1	138	1.69e-91	266
isolate_filteredΩNODE_3_length_404174_cov_100.322816_376	UniRef100_B3WAM4~K02950	100	138	0	0	1	138	1	138	1.69e-91	266
careful_filteredΩNODE_4_length_348303_cov_114.271516_280	UniRef100_Q9RGG5~K02812	100	138	0	0	1	138	1	138	2.80e-90	263
careful_filteredΩNODE_4_length_348303_cov_114.271516_231	UniRef100_A0A0K1KX80~K02793	99.3	138	1	0	1	138	1	138	1.69e-91	266
careful_filteredΩNODE_3_length_403891_cov_108.585722_8	UniRef100_B3WAM4~K02950	100	138	0	0	1	138	1	138	1.69e-91	266
isolate_filteredΩNODE_3_length_404174_cov_100.322816_307	UniRef100_C2FB88~K06199	100	136	0	0	1	136	2	137	1.29e-92	269
careful_filteredΩNODE_3_length_403891_cov_108.585722_77	UniRef100_C2FB88~K06199	100	136	0	0	1	136	2	137	1.29e-92	269
isolate_filteredΩNODE_10_length_64565_cov_110.910433_67	UniRef100_Q6EDZ5~K02793	100	135	0	0	1	135	1	135	7.81e-91	265
isolate_filteredΩNODE_2_length_515833_cov_101.187436_415	UniRef100_B3WEY5~K03625	100	135	0	0	1	135	1	135	7.50e-89	259
careful_filteredΩNODE_10_length_65045_cov_123.164358_1	UniRef100_Q6EDZ5~K02793	100	135	0	0	1	135	1	135	7.81e-91	265
careful_filteredΩNODE_2_length_515833_cov_109.458385_415	UniRef100_B3WEY5~K03625	100	135	0	0	1	135	1	135	7.50e-89	259
isolate_filteredΩNODE_7_length_113986_cov_95.550027_52	UniRef100_K0N7Y0~K19591	97.8	134	3	0	1	134	1	134	8.14e-88	257
isolate_filteredΩNODE_3_length_404174_cov_100.322816_112	UniRef100_A0A2G8J1T3~K21745	45.2	115	62	1	1	114	1	115	5.12e-28	105
careful_filteredΩNODE_7_length_113509_cov_103.332278_52	UniRef100_K0N7Y0~K19591	97.8	134	3	0	1	134	1	134	8.14e-88	257
careful_filteredΩNODE_3_length_403891_cov_108.585722_272	UniRef100_A0A2G8J1T3~K21745	45.2	115	62	1	1	114	1	115	5.12e-28	105
isolate_filteredΩNODE_6_length_211744_cov_100.420410_49	UniRef100_A0A1L8V062~K16509	48.7	119	61	0	1	119	11	129	1.37e-37	130
isolate_filteredΩNODE_1_length_651596_cov_106.573662_60	UniRef100_A0A1J3C2L1~K07006	100	133	0	0	1	133	1	133	5.11e-95	275
careful_filteredΩNODE_6_length_211744_cov_108.667298_49	UniRef100_A0A1L8V062~K16509	48.7	119	61	0	1	119	11	129	1.37e-37	130
careful_filteredΩNODE_1_length_651721_cov_115.299404_60	UniRef100_A0A1J3C2L1~K07006	100	133	0	0	1	133	1	133	5.11e-95	275
isolate_filteredΩNODE_16_length_18578_cov_345.945571_4	UniRef100_S4ZTP7~K07006	98.5	132	2	0	1	132	1	132	3.61e-90	263
isolate_filteredΩNODE_14_length_41384_cov_95.954245_28	UniRef100_A0A0K1L013~K16509	100	132	0	0	1	132	1	132	5.13e-90	262
isolate_filteredΩNODE_10_length_64565_cov_110.910433_48	UniRef100_A0A0K1MQF8~K07006	100	132	0	0	1	132	1	132	7.58e-92	267
isolate_filteredΩNODE_6_length_211744_cov_100.420410_160	UniRef100_A0A239VJ03~K17490	31.7	139	60	2	4	129	2	118	2.46e-11	62.8
isolate_filteredΩNODE_3_length_404174_cov_100.322816_356	UniRef100_B3WAK4~K02994	100	132	0	0	1	132	1	132	4.93e-88	257
isolate_filteredΩNODE_2_length_515833_cov_101.187436_227	UniRef100_A0A0K1MU49~K00887	100	132	0	0	1	132	1	132	1.07e-82	244
isolate_filteredΩNODE_2_length_515833_cov_101.187436_150	UniRef100_K0MVM2~K03469	100	132	0	0	1	132	16	147	2.09e-90	264
careful_filteredΩNODE_16_length_18578_cov_372.460353_10	UniRef100_S4ZTP7~K07006	98.5	132	2	0	1	132	1	132	3.61e-90	263
careful_filteredΩNODE_14_length_41384_cov_103.912799_28	UniRef100_A0A0K1L013~K16509	100	132	0	0	1	132	1	132	5.13e-90	262
careful_filteredΩNODE_10_length_65045_cov_123.164358_20	UniRef100_A0A0K1MQF8~K07006	100	132	0	0	1	132	1	132	7.58e-92	267
careful_filteredΩNODE_6_length_211744_cov_108.667298_160	UniRef100_A0A239VJ03~K17490	31.7	139	60	2	4	129	2	118	2.46e-11	62.8
careful_filteredΩNODE_3_length_403891_cov_108.585722_28	UniRef100_B3WAK4~K02994	100	132	0	0	1	132	1	132	4.93e-88	257
careful_filteredΩNODE_2_length_515833_cov_109.458385_227	UniRef100_A0A0K1MU49~K00887	100	132	0	0	1	132	1	132	1.07e-82	244
careful_filteredΩNODE_2_length_515833_cov_109.458385_150	UniRef100_K0MVM2~K03469	100	132	0	0	1	132	16	147	2.09e-90	264
isolate_filteredΩNODE_3_length_404174_cov_100.322816_71	UniRef100_A0A0K1MVV2~K07979	99.2	131	1	0	1	131	1	131	1.79e-85	251
careful_filteredΩNODE_3_length_403891_cov_108.585722_313	UniRef100_A0A0K1MVV2~K07979	99.2	131	1	0	1	131	1	131	1.79e-85	251
isolate_filteredΩNODE_10_length_64565_cov_110.910433_13	UniRef100_A0A1S2AFD9~K06726	98.5	130	2	0	1	130	1	130	2.37e-85	250
isolate_filteredΩNODE_3_length_404174_cov_100.322816_331	UniRef100_B3WAH9~K02996	100	130	0	0	1	130	1	130	1.00e-86	254
isolate_filteredΩNODE_2_length_515833_cov_101.187436_331	UniRef100_A0A125U7B2~K06191	47.2	123	44	1	5	127	1	102	7.40e-28	104
careful_filteredΩNODE_10_length_65045_cov_123.164358_55	UniRef100_A0A1S2AFD9~K06726	98.5	130	2	0	1	130	1	130	2.37e-85	250
careful_filteredΩNODE_3_length_403891_cov_108.585722_53	UniRef100_B3WAH9~K02996	100	130	0	0	1	130	1	130	1.00e-86	254
careful_filteredΩNODE_2_length_515833_cov_109.458385_331	UniRef100_A0A125U7B2~K06191	47.2	123	44	1	5	127	1	102	7.40e-28	104
isolate_filteredΩNODE_3_length_404174_cov_100.322816_345	UniRef100_B3WAJ3~K02948	100	129	0	0	1	129	1	129	1.00e-81	241
isolate_filteredΩNODE_2_length_515833_cov_101.187436_226	UniRef100_A0A0K1KZG4~K01489	100	129	0	0	1	129	1	129	2.57e-84	248
isolate_filteredΩNODE_1_length_651596_cov_106.573662_22	UniRef100_X8AXZ6~K01821	48.1	131	64	2	1	129	1	129	3.05e-37	129
careful_filteredΩNODE_3_length_403891_cov_108.585722_39	UniRef100_B3WAJ3~K02948	100	129	0	0	1	129	1	129	1.00e-81	241
careful_filteredΩNODE_2_length_515833_cov_109.458385_226	UniRef100_A0A0K1KZG4~K01489	100	129	0	0	1	129	1	129	2.57e-84	248
careful_filteredΩNODE_1_length_651721_cov_115.299404_22	UniRef100_X8AXZ6~K01821	48.1	131	64	2	1	129	1	129	3.05e-37	129
isolate_filteredΩNODE_2_length_515833_cov_101.187436_60	UniRef100_A0A0E2LYV8~K02859	100	128	0	0	1	128	5	132	1.77e-89	261
careful_filteredΩNODE_2_length_515833_cov_109.458385_60	UniRef100_A0A0E2LYV8~K02859	100	128	0	0	1	128	5	132	1.77e-89	261
isolate_filteredΩNODE_3_length_404174_cov_100.322816_343	UniRef100_B3WAJ1~K02879	100	127	0	0	1	127	1	127	7.12e-81	239
isolate_filteredΩNODE_1_length_651596_cov_106.573662_597	UniRef100_A0A0K1L274~K07171	100	127	0	0	1	127	1	127	7.41e-83	244
careful_filteredΩNODE_3_length_403891_cov_108.585722_41	UniRef100_B3WAJ1~K02879	100	127	0	0	1	127	1	127	7.12e-81	239
careful_filteredΩNODE_1_length_651721_cov_115.299404_597	UniRef100_A0A0K1L274~K07171	100	127	0	0	1	127	1	127	7.41e-83	244
isolate_filteredΩNODE_12_length_50619_cov_101.722152_33	UniRef100_A0A0K1KXB5~K02793	100	126	0	0	1	126	1	126	3.03e-86	252
isolate_filteredΩNODE_3_length_404174_cov_100.322816_63	UniRef100_A0A1U9ZXM6~K02503	38.7	111	64	1	5	111	3	113	1.27e-21	89.4
isolate_filteredΩNODE_1_length_651596_cov_106.573662_421	UniRef100_B3WB82~K02781	100	126	0	0	1	126	1	126	1.44e-84	248
careful_filteredΩNODE_12_length_50619_cov_109.954948_33	UniRef100_A0A0K1KXB5~K02793	100	126	0	0	1	126	1	126	3.03e-86	252
careful_filteredΩNODE_3_length_403891_cov_108.585722_321	UniRef100_A0A1U9ZXM6~K02503	38.7	111	64	1	5	111	3	113	1.27e-21	89.4
careful_filteredΩNODE_1_length_651721_cov_115.299404_421	UniRef100_B3WB82~K02781	100	126	0	0	1	126	1	126	1.44e-84	248
isolate_filteredΩNODE_8_length_78445_cov_288.695424_24	UniRef100_A0A192H5M5~K09121	58.3	120	50	0	1	120	1	120	6.52e-43	142
isolate_filteredΩNODE_6_length_211744_cov_100.420410_143	UniRef100_A0A0K1L0A3~K07979	100	125	0	0	1	125	1	125	6.39e-83	244
isolate_filteredΩNODE_5_length_328887_cov_99.193781_281	UniRef100_A0A0K1KXV6~K02781	100	125	0	0	1	125	1	125	6.39e-83	244
careful_filteredΩNODE_8_length_78445_cov_310.951587_24	UniRef100_A0A192H5M5~K09121	58.3	120	50	0	1	120	1	120	6.52e-43	142
careful_filteredΩNODE_6_length_211744_cov_108.667298_143	UniRef100_A0A0K1L0A3~K07979	100	125	0	0	1	125	1	125	6.39e-83	244
careful_filteredΩNODE_5_length_328887_cov_107.364402_32	UniRef100_A0A0K1KXV6~K02781	100	125	0	0	1	125	1	125	6.39e-83	244
isolate_filteredΩNODE_3_length_404174_cov_100.322816_208	UniRef100_Q97LG2~K07979	36.1	122	77	1	1	121	1	122	1.10e-22	91.7
isolate_filteredΩNODE_2_length_515833_cov_101.187436_217	UniRef100_A0A0E1AH52~K03111	31.2	138	81	3	1	124	1	138	2.54e-15	73.2
isolate_filteredΩNODE_1_length_651596_cov_106.573662_594	UniRef100_B3WAR1~K00997	100	124	0	0	1	124	1	124	5.93e-83	244
careful_filteredΩNODE_3_length_403891_cov_108.585722_176	UniRef100_Q97LG2~K07979	36.1	122	77	1	1	121	1	122	1.10e-22	91.7
careful_filteredΩNODE_2_length_515833_cov_109.458385_217	UniRef100_A0A0E1AH52~K03111	31.2	138	81	3	1	124	1	138	2.54e-15	73.2
careful_filteredΩNODE_1_length_651721_cov_115.299404_594	UniRef100_B3WAR1~K00997	100	124	0	0	1	124	1	124	5.93e-83	244
isolate_filteredΩNODE_1_length_651596_cov_106.573662_577	UniRef100_B3WAS8~K03282	100	123	0	0	1	123	1	123	3.58e-79	234
careful_filteredΩNODE_1_length_651721_cov_115.299404_577	UniRef100_B3WAS8~K03282	100	123	0	0	1	123	1	123	3.58e-79	234
isolate_filteredΩNODE_5_length_328887_cov_99.193781_114	UniRef100_A0A0K1KYQ7~K02759	100	122	0	0	1	122	1	122	1.78e-74	222
isolate_filteredΩNODE_3_length_404174_cov_100.322816_359	UniRef100_B3WAK7~K02874	100	122	0	0	1	122	1	122	1.93e-78	232
isolate_filteredΩNODE_3_length_404174_cov_100.322816_174	UniRef100_A0A0R1F7R4~K05937	97.5	122	3	0	1	122	1	122	3.32e-88	257
isolate_filteredΩNODE_3_length_404174_cov_100.322816_163	UniRef100_B3WA01~K02935	100	122	0	0	1	122	1	122	2.53e-74	222
careful_filteredΩNODE_5_length_328887_cov_107.364402_199	UniRef100_A0A0K1KYQ7~K02759	100	122	0	0	1	122	1	122	1.78e-74	222
careful_filteredΩNODE_3_length_403891_cov_108.585722_221	UniRef100_B3WA01~K02935	100	122	0	0	1	122	1	122	2.53e-74	222
careful_filteredΩNODE_3_length_403891_cov_108.585722_210	UniRef100_A0A0R1F7R4~K05937	97.5	122	3	0	1	122	1	122	3.32e-88	257
careful_filteredΩNODE_3_length_403891_cov_108.585722_25	UniRef100_B3WAK7~K02874	100	122	0	0	1	122	1	122	1.93e-78	232
isolate_filteredΩNODE_4_length_348303_cov_105.649211_193	UniRef100_K0N2E1~K02759	99.2	121	1	0	1	121	7	127	1.21e-75	225
isolate_filteredΩNODE_3_length_404174_cov_100.322816_346	UniRef100_B3WAJ4~K02952	100	121	0	0	1	121	1	121	1.72e-76	227
isolate_filteredΩNODE_3_length_404174_cov_100.322816_134	UniRef100_A0A2D3H625~K07979	44.4	117	64	1	1	116	1	117	8.46e-29	107
careful_filteredΩNODE_4_length_348303_cov_114.271516_193	UniRef100_K0N2E1~K02759	99.2	121	1	0	1	121	7	127	1.21e-75	225
careful_filteredΩNODE_3_length_403891_cov_108.585722_250	UniRef100_A0A2D3H625~K07979	44.4	117	64	1	1	116	1	117	8.46e-29	107
careful_filteredΩNODE_3_length_403891_cov_108.585722_38	UniRef100_B3WAJ4~K02952	100	121	0	0	1	121	1	121	1.72e-76	227
isolate_filteredΩNODE_2_length_515833_cov_101.187436_427	UniRef100_K0N5V4~K03713	100	120	0	0	1	120	3	122	5.29e-80	236
isolate_filteredΩNODE_1_length_651596_cov_106.573662_109	UniRef100_S2SSS0~K08987	97.5	120	3	0	1	120	1	120	5.15e-73	218
careful_filteredΩNODE_2_length_515833_cov_109.458385_427	UniRef100_K0N5V4~K03713	100	120	0	0	1	120	3	122	5.29e-80	236
careful_filteredΩNODE_1_length_651721_cov_115.299404_109	UniRef100_S2SSS0~K08987	97.5	120	3	0	1	120	1	120	5.15e-73	218
isolate_filteredΩNODE_11_length_60639_cov_98.791866_1	UniRef100_A0A243PZX9~K07570	100	119	0	0	1	119	1	119	2.88e-83	244
isolate_filteredΩNODE_3_length_404174_cov_100.322816_354	UniRef100_B3WAK2~K02881	100	119	0	0	1	119	1	119	1.04e-76	228
isolate_filteredΩNODE_2_length_515833_cov_101.187436_460	UniRef100_A0A0K1MVK4~K09710	100	119	0	0	1	119	1	119	2.19e-78	232
careful_filteredΩNODE_11_length_60639_cov_106.889304_1	UniRef100_A0A243PZX9~K07570	100	119	0	0	1	119	1	119	2.88e-83	244
careful_filteredΩNODE_3_length_403891_cov_108.585722_30	UniRef100_B3WAK2~K02881	100	119	0	0	1	119	1	119	1.04e-76	228
careful_filteredΩNODE_2_length_515833_cov_109.458385_460	UniRef100_A0A0K1MVK4~K09710	100	119	0	0	1	119	1	119	2.19e-78	232
isolate_filteredΩNODE_3_length_404174_cov_100.322816_306	UniRef100_C2FB89~K06199	98.3	118	2	0	1	118	1	118	1.88e-74	222
isolate_filteredΩNODE_2_length_515833_cov_101.187436_471	UniRef100_B3WF43~K02887	100	118	0	0	1	118	1	118	1.13e-75	225
careful_filteredΩNODE_3_length_403891_cov_108.585722_78	UniRef100_C2FB89~K06199	98.3	118	2	0	1	118	1	118	1.88e-74	222
careful_filteredΩNODE_2_length_515833_cov_109.458385_471	UniRef100_B3WF43~K02887	100	118	0	0	1	118	1	118	1.13e-75	225
isolate_filteredΩNODE_3_length_404174_cov_100.322816_364	UniRef100_B3WAL2~K02890	100	117	0	0	1	117	1	117	1.01e-73	220
isolate_filteredΩNODE_2_length_515833_cov_101.187436_288	UniRef100_B3WER4~K02834	100	117	0	0	1	117	1	117	1.56e-77	229
careful_filteredΩNODE_3_length_403891_cov_108.585722_20	UniRef100_B3WAL2~K02890	100	117	0	0	1	117	1	117	1.01e-73	220
careful_filteredΩNODE_2_length_515833_cov_109.458385_288	UniRef100_B3WER4~K02834	100	117	0	0	1	117	1	117	1.56e-77	229
isolate_filteredΩNODE_2_length_515833_cov_101.187436_421	UniRef100_K0N9A9~K07584	100	116	0	0	1	116	3	118	1.73e-74	222
isolate_filteredΩNODE_1_length_651596_cov_106.573662_134	UniRef100_A0A0B5QMZ6~K21903	45.4	97	53	0	15	111	25	121	3.69e-23	92.4
careful_filteredΩNODE_2_length_515833_cov_109.458385_421	UniRef100_K0N9A9~K07584	100	116	0	0	1	116	3	118	1.73e-74	222
careful_filteredΩNODE_1_length_651721_cov_115.299404_134	UniRef100_A0A0B5QMZ6~K21903	45.4	97	53	0	15	111	25	121	3.69e-23	92.4
isolate_filteredΩNODE_2_length_515833_cov_101.187436_372	UniRef100_B3WET9~K02884	100	115	0	0	1	115	1	115	9.08e-76	225
careful_filteredΩNODE_2_length_515833_cov_109.458385_372	UniRef100_B3WET9~K02884	100	115	0	0	1	115	1	115	9.08e-76	225
isolate_filteredΩNODE_2_length_515833_cov_101.187436_378	UniRef100_Q038J5~K09787	100	113	0	0	2	114	1	113	2.34e-75	224
careful_filteredΩNODE_2_length_515833_cov_109.458385_378	UniRef100_Q038J5~K09787	100	113	0	0	2	114	1	113	2.34e-75	224
isolate_filteredΩNODE_12_length_50619_cov_101.722152_38	UniRef100_K0N7V3~K02760	100	112	0	0	1	112	15	126	2.94e-78	231
isolate_filteredΩNODE_6_length_211744_cov_100.420410_153	UniRef100_C2FD53~K10947	100	112	0	0	1	112	10	121	4.84e-76	226
isolate_filteredΩNODE_4_length_348303_cov_105.649211_43	UniRef100_A3DGR1~K10947	55.9	111	49	0	1	111	1	111	1.71e-38	130
careful_filteredΩNODE_12_length_50619_cov_109.954948_38	UniRef100_K0N7V3~K02760	100	112	0	0	1	112	15	126	2.94e-78	231
careful_filteredΩNODE_6_length_211744_cov_108.667298_153	UniRef100_C2FD53~K10947	100	112	0	0	1	112	10	121	4.84e-76	226
careful_filteredΩNODE_4_length_348303_cov_114.271516_43	UniRef100_A3DGR1~K10947	55.9	111	49	0	1	111	1	111	1.71e-38	130
isolate_filteredΩNODE_6_length_211744_cov_100.420410_15	UniRef100_S2TW82~K02759	99.1	111	1	0	1	111	1	111	2.02e-68	206
isolate_filteredΩNODE_5_length_328887_cov_99.193781_246	UniRef100_Q9RE10~K08972	100	111	0	0	1	111	1	111	4.17e-52	165
isolate_filteredΩNODE_3_length_404174_cov_100.322816_137	UniRef100_K0MXC7~K02760	99.1	111	1	0	1	111	12	122	8.26e-68	205
careful_filteredΩNODE_6_length_211744_cov_108.667298_15	UniRef100_S2TW82~K02759	99.1	111	1	0	1	111	1	111	2.02e-68	206
careful_filteredΩNODE_5_length_328887_cov_107.364402_67	UniRef100_Q9RE10~K08972	100	111	0	0	1	111	1	111	4.17e-52	165
careful_filteredΩNODE_3_length_403891_cov_108.585722_247	UniRef100_K0MXC7~K02760	99.1	111	1	0	1	111	12	122	8.26e-68	205
isolate_filteredΩNODE_12_length_50619_cov_101.722152_39	UniRef100_A0A0C9PUQ0~K02759	99.1	110	1	0	1	110	1	110	1.88e-68	206
isolate_filteredΩNODE_12_length_50619_cov_101.722152_1	UniRef100_A0A0E2M1A1~K03671	100	110	0	0	1	110	1	110	4.42e-76	225
isolate_filteredΩNODE_6_length_211744_cov_100.420410_132	UniRef100_D5DK58~K03892	40.8	103	60	1	4	106	7	108	1.95e-20	85.1
isolate_filteredΩNODE_3_length_404174_cov_100.322816_290	UniRef100_A0A1J3C3M8~K22043	100	110	0	0	1	110	1	110	3.94e-70	210
isolate_filteredΩNODE_2_length_515833_cov_101.187436_450	UniRef100_C2FEZ1~K01512	100	110	0	0	1	110	6	115	8.64e-75	222
isolate_filteredΩNODE_2_length_515833_cov_101.187436_116	UniRef100_B3WED0~K01496	100	110	0	0	1	110	1	110	4.59e-78	230
isolate_filteredΩNODE_2_length_515833_cov_101.187436_115	UniRef100_B3WEC9~K01523	100	110	0	0	1	110	1	110	1.37e-70	211
isolate_filteredΩNODE_1_length_651596_cov_106.573662_321	UniRef100_K0N945~K02760	98.2	110	2	0	1	110	1	110	6.54e-69	207
careful_filteredΩNODE_12_length_50619_cov_109.954948_39	UniRef100_A0A0C9PUQ0~K02759	99.1	110	1	0	1	110	1	110	1.88e-68	206
careful_filteredΩNODE_12_length_50619_cov_109.954948_1	UniRef100_A0A0E2M1A1~K03671	100	110	0	0	1	110	1	110	4.42e-76	225
careful_filteredΩNODE_6_length_211744_cov_108.667298_132	UniRef100_D5DK58~K03892	40.8	103	60	1	4	106	7	108	1.95e-20	85.1
careful_filteredΩNODE_3_length_403891_cov_108.585722_94	UniRef100_A0A1J3C3M8~K22043	100	110	0	0	1	110	1	110	3.94e-70	210
careful_filteredΩNODE_2_length_515833_cov_109.458385_450	UniRef100_C2FEZ1~K01512	100	110	0	0	1	110	6	115	8.64e-75	222
careful_filteredΩNODE_2_length_515833_cov_109.458385_116	UniRef100_B3WED0~K01496	100	110	0	0	1	110	1	110	4.59e-78	230
careful_filteredΩNODE_2_length_515833_cov_109.458385_115	UniRef100_B3WEC9~K01523	100	110	0	0	1	110	1	110	1.37e-70	211
careful_filteredΩNODE_1_length_651721_cov_115.299404_321	UniRef100_K0N945~K02760	98.2	110	2	0	1	110	1	110	6.54e-69	207
isolate_filteredΩNODE_3_length_404174_cov_100.322816_248	UniRef100_A0A1S2B3G5~K10947	100	109	0	0	1	109	1	109	2.29e-73	218
isolate_filteredΩNODE_1_length_651596_cov_106.573662_320	UniRef100_A0A1S2AXS1~K02759	100	109	0	0	1	109	1	109	3.80e-72	215
careful_filteredΩNODE_3_length_403891_cov_108.585722_136	UniRef100_A0A1S2B3G5~K10947	100	109	0	0	1	109	1	109	2.29e-73	218
careful_filteredΩNODE_1_length_651721_cov_115.299404_320	UniRef100_A0A1S2AXS1~K02759	100	109	0	0	1	109	1	109	3.80e-72	215
isolate_filteredΩNODE_2_length_515833_cov_101.187436_239	UniRef100_A0A0K1KZ53~K01507	100	108	0	0	1	108	1	108	6.10e-73	217
careful_filteredΩNODE_2_length_515833_cov_109.458385_239	UniRef100_A0A0K1KZ53~K01507	100	108	0	0	1	108	1	108	6.10e-73	217
isolate_filteredΩNODE_5_length_328887_cov_99.193781_164	UniRef100_A0A0C9QCZ3~K02245	100	107	0	0	1	107	3	109	5.18e-65	197
isolate_filteredΩNODE_5_length_328887_cov_99.193781_18	UniRef100_A0A125U7B2~K06191	86.4	103	14	0	5	107	1	103	5.85e-63	192
isolate_filteredΩNODE_1_length_651596_cov_106.573662_106	UniRef100_K6Q887~K09004	99.1	107	1	0	1	107	1	107	2.40e-74	221
careful_filteredΩNODE_5_length_328887_cov_107.364402_295	UniRef100_A0A125U7B2~K06191	86.4	103	14	0	5	107	1	103	5.85e-63	192
careful_filteredΩNODE_5_length_328887_cov_107.364402_149	UniRef100_A0A0C9QCZ3~K02245	100	107	0	0	1	107	3	109	5.18e-65	197
careful_filteredΩNODE_1_length_651721_cov_115.299404_106	UniRef100_K6Q887~K09004	99.1	107	1	0	1	107	1	107	2.40e-74	221
isolate_filteredΩNODE_8_length_78445_cov_288.695424_70	UniRef100_A0A0D8X5L9~K02769	73.3	105	28	0	1	105	1	105	4.95e-44	144
isolate_filteredΩNODE_1_length_651596_cov_106.573662_488	UniRef100_A0A1S2ADT3~K02774	99.1	106	1	0	1	106	1	106	2.42e-69	208
isolate_filteredΩNODE_1_length_651596_cov_106.573662_356	UniRef100_C2F935~K11741	99.1	106	1	0	1	106	1	106	4.88e-69	207
careful_filteredΩNODE_8_length_78445_cov_310.951587_70	UniRef100_A0A0D8X5L9~K02769	73.3	105	28	0	1	105	1	105	4.95e-44	144
careful_filteredΩNODE_1_length_651721_cov_115.299404_488	UniRef100_A0A1S2ADT3~K02774	99.1	106	1	0	1	106	1	106	2.42e-69	208
careful_filteredΩNODE_1_length_651721_cov_115.299404_356	UniRef100_C2F935~K11741	99.1	106	1	0	1	106	1	106	4.88e-69	207
isolate_filteredΩNODE_9_length_65232_cov_99.822408_17	UniRef100_A0FL27~K02759	100	105	0	0	1	105	1	105	4.36e-67	202
isolate_filteredΩNODE_7_length_113986_cov_95.550027_36	UniRef100_A0A1V0Q3U0~K01607	99.0	105	1	0	1	105	1	105	9.87e-73	216
isolate_filteredΩNODE_4_length_348303_cov_105.649211_306	UniRef100_A0A0K1MQJ2~K02769	100	105	0	0	1	105	1	105	1.20e-64	196
isolate_filteredΩNODE_2_length_515833_cov_101.187436_489	UniRef100_A0A194X8M9~K03671	30.4	92	64	0	4	95	15	106	6.83e-10	57.8
isolate_filteredΩNODE_1_length_651596_cov_106.573662_499	UniRef100_K0N8R8~K02759	98.1	105	2	0	1	105	22	126	4.58e-62	190
careful_filteredΩNODE_9_length_65232_cov_108.045645_46	UniRef100_A0FL27~K02759	100	105	0	0	1	105	1	105	4.36e-67	202
careful_filteredΩNODE_7_length_113509_cov_103.332278_36	UniRef100_A0A1V0Q3U0~K01607	99.0	105	1	0	1	105	1	105	9.87e-73	216
careful_filteredΩNODE_4_length_348303_cov_114.271516_306	UniRef100_A0A0K1MQJ2~K02769	100	105	0	0	1	105	1	105	1.20e-64	196
careful_filteredΩNODE_2_length_515833_cov_109.458385_489	UniRef100_A0A194X8M9~K03671	30.4	92	64	0	4	95	15	106	6.83e-10	57.8
careful_filteredΩNODE_1_length_651721_cov_115.299404_499	UniRef100_K0N8R8~K02759	98.1	105	2	0	1	105	22	126	4.58e-62	190
isolate_filteredΩNODE_9_length_65232_cov_99.822408_18	UniRef100_A0A0K1MUX4~K02760	100	104	0	0	1	104	1	104	4.05e-67	202
isolate_filteredΩNODE_1_length_651596_cov_106.573662_498	UniRef100_A0A1S2ADS4~K02760	99.0	104	1	0	1	104	1	104	2.35e-66	200
careful_filteredΩNODE_9_length_65232_cov_108.045645_45	UniRef100_A0A0K1MUX4~K02760	100	104	0	0	1	104	1	104	4.05e-67	202
careful_filteredΩNODE_1_length_651721_cov_115.299404_498	UniRef100_A0A1S2ADS4~K02760	99.0	104	1	0	1	104	1	104	2.35e-66	200
isolate_filteredΩNODE_11_length_60639_cov_98.791866_36	UniRef100_G1U9U9~K03671	100	103	0	0	1	103	1	103	4.06e-71	212
isolate_filteredΩNODE_10_length_64565_cov_110.910433_34	UniRef100_A0A0K1KWP3~K02822	100	103	0	0	1	103	1	103	1.31e-67	203
isolate_filteredΩNODE_4_length_348303_cov_105.649211_191	UniRef100_K0N5S1~K02760	100	103	0	0	1	103	4	106	4.85e-66	199
isolate_filteredΩNODE_3_length_404174_cov_100.322816_358	UniRef100_B3WAK6~K02895	100	103	0	0	1	103	1	103	2.65e-67	202
isolate_filteredΩNODE_2_length_515833_cov_101.187436_463	UniRef100_A0A0R1F704~K07574	100	103	0	0	1	103	12	114	5.15e-65	197
isolate_filteredΩNODE_2_length_515833_cov_101.187436_422	UniRef100_A0A0K1MVQ6~K02888	100	103	0	0	1	103	1	103	1.31e-67	203
careful_filteredΩNODE_11_length_60639_cov_106.889304_36	UniRef100_G1U9U9~K03671	100	103	0	0	1	103	1	103	4.06e-71	212
careful_filteredΩNODE_10_length_65045_cov_123.164358_34	UniRef100_A0A0K1KWP3~K02822	100	103	0	0	1	103	1	103	1.31e-67	203
careful_filteredΩNODE_4_length_348303_cov_114.271516_191	UniRef100_K0N5S1~K02760	100	103	0	0	1	103	4	106	4.85e-66	199
careful_filteredΩNODE_3_length_403891_cov_108.585722_26	UniRef100_B3WAK6~K02895	100	103	0	0	1	103	1	103	2.65e-67	202
careful_filteredΩNODE_2_length_515833_cov_109.458385_463	UniRef100_A0A0R1F704~K07574	100	103	0	0	1	103	12	114	5.15e-65	197
careful_filteredΩNODE_2_length_515833_cov_109.458385_422	UniRef100_A0A0K1MVQ6~K02888	100	103	0	0	1	103	1	103	1.31e-67	203
isolate_filteredΩNODE_4_length_348303_cov_105.649211_87	UniRef100_A0A1J3BZF4~K20113	100	102	0	0	1	102	1	102	2.46e-67	202
isolate_filteredΩNODE_3_length_404174_cov_100.322816_370	UniRef100_B3WAL8~K02946	100	102	0	0	1	102	1	102	1.18e-65	198
isolate_filteredΩNODE_3_length_404174_cov_100.322816_153	UniRef100_A0A0K1MW53~K09747	100	102	0	0	1	102	1	102	2.56e-51	162
careful_filteredΩNODE_4_length_348303_cov_114.271516_87	UniRef100_A0A1J3BZF4~K20113	100	102	0	0	1	102	1	102	2.46e-67	202
careful_filteredΩNODE_3_length_403891_cov_108.585722_231	UniRef100_A0A0K1MW53~K09747	100	102	0	0	1	102	1	102	2.56e-51	162
careful_filteredΩNODE_3_length_403891_cov_108.585722_14	UniRef100_B3WAL8~K02946	100	102	0	0	1	102	1	102	1.18e-65	198
isolate_filteredΩNODE_13_length_45945_cov_96.796285_46	UniRef100_B3WDM3~K08998	100	101	0	0	1	101	1	101	2.56e-73	218
isolate_filteredΩNODE_6_length_211744_cov_100.420410_164	UniRef100_B3W8Y1~K01646	100	101	0	0	1	101	1	101	8.99e-65	196
isolate_filteredΩNODE_1_length_651596_cov_106.573662_449	UniRef100_A0A1D2INX4~K02774	64.6	96	34	0	1	96	1	96	7.75e-38	128
careful_filteredΩNODE_13_length_45945_cov_104.682262_46	UniRef100_B3WDM3~K08998	100	101	0	0	1	101	1	101	2.56e-73	218
careful_filteredΩNODE_6_length_211744_cov_108.667298_164	UniRef100_B3W8Y1~K01646	100	101	0	0	1	101	1	101	8.99e-65	196
careful_filteredΩNODE_1_length_651721_cov_115.299404_449	UniRef100_A0A1D2INX4~K02774	64.6	96	34	0	1	96	1	96	7.75e-38	128
isolate_filteredΩNODE_3_length_404174_cov_100.322816_367	UniRef100_B3WAL5~K02892	100	100	0	0	1	100	1	100	1.14e-62	191
isolate_filteredΩNODE_3_length_404174_cov_100.322816_309	UniRef100_V5WGW4~K07726	38.3	94	55	1	5	95	6	99	1.23e-14	69.7
isolate_filteredΩNODE_1_length_651596_cov_106.573662_458	UniRef100_A0A1S2ACY8~K02774	100	100	0	0	1	100	1	100	1.97e-63	192
careful_filteredΩNODE_3_length_403891_cov_108.585722_75	UniRef100_V5WGW4~K07726	38.3	94	55	1	5	95	6	99	1.23e-14	69.7
careful_filteredΩNODE_3_length_403891_cov_108.585722_17	UniRef100_B3WAL5~K02892	100	100	0	0	1	100	1	100	1.14e-62	191
careful_filteredΩNODE_1_length_651721_cov_115.299404_458	UniRef100_A0A1S2ACY8~K02774	100	100	0	0	1	100	1	100	1.97e-63	192
isolate_filteredΩNODE_13_length_45945_cov_96.796285_49	UniRef100_A0A1J3CDV9~K02437	100	99	0	0	1	99	1	99	4.67e-66	199
careful_filteredΩNODE_13_length_45945_cov_104.682262_49	UniRef100_A0A1J3CDV9~K02437	100	99	0	0	1	99	1	99	4.67e-66	199
isolate_filteredΩNODE_5_length_328887_cov_99.193781_133	UniRef100_A0A1V0Q4E3~K02435	100	98	0	0	1	98	1	98	1.35e-60	185
isolate_filteredΩNODE_1_length_651596_cov_106.573662_439	UniRef100_A0A1J3C9B5~K02822	100	98	0	0	1	98	1	98	2.25e-59	182
isolate_filteredΩNODE_1_length_651596_cov_106.573662_233	UniRef100_B3W6R4~K02990	100	98	0	0	1	98	1	98	1.03e-64	196
careful_filteredΩNODE_5_length_328887_cov_107.364402_180	UniRef100_A0A1V0Q4E3~K02435	100	98	0	0	1	98	1	98	1.35e-60	185
careful_filteredΩNODE_1_length_651721_cov_115.299404_439	UniRef100_A0A1J3C9B5~K02822	100	98	0	0	1	98	1	98	2.25e-59	182
careful_filteredΩNODE_1_length_651721_cov_115.299404_233	UniRef100_B3W6R4~K02990	100	98	0	0	1	98	1	98	1.03e-64	196
isolate_filteredΩNODE_7_length_113986_cov_95.550027_86	UniRef100_A0A0K1KYJ4~K02221	100	97	0	0	1	97	1	97	1.26e-60	185
isolate_filteredΩNODE_2_length_515833_cov_101.187436_291	UniRef100_A0A0K1KZZ0~K07742	99.0	97	1	0	1	97	1	97	5.12e-60	184
isolate_filteredΩNODE_1_length_651596_cov_106.573662_410	UniRef100_A0A1J3BZX8~K02822	100	97	0	0	1	97	1	97	1.07e-61	188
careful_filteredΩNODE_7_length_113509_cov_103.332278_86	UniRef100_A0A0K1KYJ4~K02221	100	97	0	0	1	97	1	97	1.26e-60	185
careful_filteredΩNODE_2_length_515833_cov_109.458385_291	UniRef100_A0A0K1KZZ0~K07742	99.0	97	1	0	1	97	1	97	5.12e-60	184
careful_filteredΩNODE_1_length_651721_cov_115.299404_410	UniRef100_A0A1J3BZX8~K02822	100	97	0	0	1	97	1	97	1.07e-61	188
isolate_filteredΩNODE_3_length_404174_cov_100.322816_216	UniRef100_A0A0K1MWC8~K06975	100	96	0	0	1	96	1	96	5.53e-68	204
isolate_filteredΩNODE_2_length_515833_cov_101.187436_420	UniRef100_K0NB51~K02899	100	96	0	0	1	96	4	99	3.27e-63	192
careful_filteredΩNODE_3_length_403891_cov_108.585722_168	UniRef100_A0A0K1MWC8~K06975	100	96	0	0	1	96	1	96	5.53e-68	204
careful_filteredΩNODE_2_length_515833_cov_109.458385_420	UniRef100_K0NB51~K02899	100	96	0	0	1	96	4	99	3.27e-63	192
isolate_filteredΩNODE_3_length_404174_cov_100.322816_365	UniRef100_B3WAL3~K02965	100	93	0	0	1	93	1	93	5.87e-64	193
isolate_filteredΩNODE_3_length_404174_cov_100.322816_129	UniRef100_B3W9W8~K04078	100	93	0	0	1	93	1	93	3.16e-59	181
careful_filteredΩNODE_3_length_403891_cov_108.585722_255	UniRef100_B3W9W8~K04078	100	93	0	0	1	93	1	93	3.16e-59	181
careful_filteredΩNODE_3_length_403891_cov_108.585722_19	UniRef100_B3WAL3~K02965	100	93	0	0	1	93	1	93	5.87e-64	193
isolate_filteredΩNODE_15_length_29009_cov_340.104659_14	UniRef100_A0A0B2XC47~K07483	46.5	86	41	1	5	90	2	82	2.03e-16	73.2
isolate_filteredΩNODE_2_length_515833_cov_101.187436_376	UniRef100_B3WEU4~K02959	100	91	0	0	1	91	1	91	3.32e-60	184
isolate_filteredΩNODE_2_length_515833_cov_101.187436_72	UniRef100_A0A192H4G3~K03530	91.2	91	8	0	1	91	1	91	1.36e-50	159
careful_filteredΩNODE_15_length_29009_cov_366.606837_7	UniRef100_A0A0B2XC47~K07483	46.5	86	41	1	5	90	2	82	2.03e-16	73.2
careful_filteredΩNODE_2_length_515833_cov_109.458385_376	UniRef100_B3WEU4~K02959	100	91	0	0	1	91	1	91	3.32e-60	184
careful_filteredΩNODE_2_length_515833_cov_109.458385_72	UniRef100_A0A192H4G3~K03530	91.2	91	8	0	1	91	1	91	1.36e-50	159
isolate_filteredΩNODE_16_length_18578_cov_345.945571_8	UniRef100_A0A2G9QP57~K19159	57.1	84	36	0	1	84	1	84	1.82e-27	101
careful_filteredΩNODE_16_length_18578_cov_372.460353_6	UniRef100_A0A2G9QP57~K19159	57.1	84	36	0	1	84	1	84	1.82e-27	101
isolate_filteredΩNODE_5_length_328887_cov_99.193781_280	UniRef100_A0A0E2LWX8~K02954	100	89	0	0	1	89	5	93	1.23e-55	172
isolate_filteredΩNODE_4_length_348303_cov_105.649211_237	UniRef100_A0A0K1KWH2~K19157	100	89	0	0	1	89	1	89	3.48e-61	186
isolate_filteredΩNODE_3_length_404174_cov_100.322816_295	UniRef100_Q035G1~K02954	100	89	0	0	1	89	1	89	2.66e-56	174
isolate_filteredΩNODE_2_length_515833_cov_101.187436_303	UniRef100_A0A0K1L0C5~K07461	98.9	89	1	0	1	89	1	89	8.54e-62	187
isolate_filteredΩNODE_2_length_515833_cov_101.187436_26	UniRef100_B3WE34~K02956	100	89	0	0	1	89	1	89	3.23e-57	176
careful_filteredΩNODE_5_length_328887_cov_107.364402_33	UniRef100_A0A0E2LWX8~K02954	100	89	0	0	1	89	5	93	1.23e-55	172
careful_filteredΩNODE_4_length_348303_cov_114.271516_237	UniRef100_A0A0K1KWH2~K19157	100	89	0	0	1	89	1	89	3.48e-61	186
careful_filteredΩNODE_3_length_403891_cov_108.585722_89	UniRef100_Q035G1~K02954	100	89	0	0	1	89	1	89	2.66e-56	174
careful_filteredΩNODE_2_length_515833_cov_109.458385_303	UniRef100_A0A0K1L0C5~K07461	98.9	89	1	0	1	89	1	89	8.54e-62	187
careful_filteredΩNODE_2_length_515833_cov_109.458385_26	UniRef100_B3WE34~K02956	100	89	0	0	1	89	1	89	3.23e-57	176
isolate_filteredΩNODE_14_length_41384_cov_95.954245_4	UniRef100_Q9KJV3~K11189	100	88	0	0	1	88	1	88	1.62e-52	164
isolate_filteredΩNODE_5_length_328887_cov_99.193781_293	UniRef100_A0A0K1KXJ6~K07166	100	88	0	0	1	88	1	88	1.62e-52	164
careful_filteredΩNODE_14_length_41384_cov_103.912799_4	UniRef100_Q9KJV3~K11189	100	88	0	0	1	88	1	88	1.62e-52	164
careful_filteredΩNODE_5_length_328887_cov_107.364402_20	UniRef100_A0A0K1KXJ6~K07166	100	88	0	0	1	88	1	88	1.62e-52	164
isolate_filteredΩNODE_3_length_404174_cov_100.322816_360	UniRef100_B3WAK8~K02961	100	87	0	0	1	87	1	87	3.83e-55	171
careful_filteredΩNODE_3_length_403891_cov_108.585722_24	UniRef100_B3WAK8~K02961	100	87	0	0	1	87	1	87	3.83e-55	171
isolate_filteredΩNODE_14_length_41384_cov_95.954245_11	UniRef100_A0A0K1KZR0~K01952	98.8	86	1	0	1	86	1	86	8.75e-56	172
careful_filteredΩNODE_14_length_41384_cov_103.912799_11	UniRef100_A0A0K1KZR0~K01952	98.8	86	1	0	1	86	1	86	8.75e-56	172
isolate_filteredΩNODE_16_length_18578_cov_345.945571_9	UniRef100_A0A0E1XFV5~K19158	67.1	85	28	0	1	85	2	86	3.72e-41	135
isolate_filteredΩNODE_2_length_515833_cov_101.187436_65	UniRef100_K0NAL4~K05337	100	85	0	0	1	85	3	87	1.95e-61	186
careful_filteredΩNODE_16_length_18578_cov_372.460353_5	UniRef100_A0A0E1XFV5~K19158	67.1	85	28	0	1	85	2	86	3.72e-41	135
careful_filteredΩNODE_2_length_515833_cov_109.458385_65	UniRef100_K0NAL4~K05337	100	85	0	0	1	85	3	87	1.95e-61	186
isolate_filteredΩNODE_2_length_515833_cov_101.187436_375	UniRef100_A0A0K1MUC9~K06960	100	84	0	0	1	84	1	84	1.73e-52	164
isolate_filteredΩNODE_2_length_515833_cov_101.187436_25	UniRef100_B3WE33~K02968	100	84	0	0	1	84	1	84	1.87e-47	151
careful_filteredΩNODE_2_length_515833_cov_109.458385_375	UniRef100_A0A0K1MUC9~K06960	100	84	0	0	1	84	1	84	1.73e-52	164
careful_filteredΩNODE_2_length_515833_cov_109.458385_25	UniRef100_B3WE33~K02968	100	84	0	0	1	84	1	84	1.87e-47	151
isolate_filteredΩNODE_1_length_651596_cov_106.573662_587	UniRef100_B3WAR8~K02909	100	83	0	0	1	83	1	83	1.48e-57	176
careful_filteredΩNODE_1_length_651721_cov_115.299404_587	UniRef100_B3WAR8~K02909	100	83	0	0	1	83	1	83	1.48e-57	176
isolate_filteredΩNODE_10_length_64565_cov_110.910433_18	UniRef100_K0N226~K19159	96.3	82	3	0	1	82	11	92	1.42e-52	164
isolate_filteredΩNODE_2_length_515833_cov_101.187436_403	UniRef100_B3WEX2~K03060	100	82	0	0	1	82	1	82	2.80e-48	153
careful_filteredΩNODE_10_length_65045_cov_123.164358_50	UniRef100_K0N226~K19159	96.3	82	3	0	1	82	11	92	1.42e-52	164
careful_filteredΩNODE_2_length_515833_cov_109.458385_403	UniRef100_B3WEX2~K03060	100	82	0	0	1	82	1	82	2.80e-48	153
isolate_filteredΩNODE_11_length_60639_cov_98.791866_39	UniRef100_A0A1V0Q549~K09888	100	81	0	0	1	81	1	81	4.51e-49	155
isolate_filteredΩNODE_11_length_60639_cov_98.791866_32	UniRef100_B3WC79~K14188	100	81	0	0	1	81	1	81	7.78e-50	157
careful_filteredΩNODE_11_length_60639_cov_106.889304_39	UniRef100_A0A1V0Q549~K09888	100	81	0	0	1	81	1	81	4.51e-49	155
careful_filteredΩNODE_11_length_60639_cov_106.889304_32	UniRef100_B3WC79~K14188	100	81	0	0	1	81	1	81	7.78e-50	157
isolate_filteredΩNODE_2_length_515833_cov_101.187436_388	UniRef100_K0N988~K02078	100	80	0	0	1	80	18	97	2.44e-49	156
careful_filteredΩNODE_2_length_515833_cov_109.458385_388	UniRef100_K0N988~K02078	100	80	0	0	1	80	18	97	2.44e-49	156
isolate_filteredΩNODE_3_length_404174_cov_100.322816_23	UniRef100_A0A0K1L0Q3~K02078	100	79	0	0	1	79	1	79	6.26e-46	147
careful_filteredΩNODE_3_length_403891_cov_108.585722_361	UniRef100_A0A0K1L0Q3~K02078	100	79	0	0	1	79	1	79	6.26e-46	147
isolate_filteredΩNODE_1_length_651596_cov_106.573662_231	UniRef100_B3W6R6~K02963	100	78	0	0	1	78	1	78	3.00e-48	152
careful_filteredΩNODE_1_length_651721_cov_115.299404_231	UniRef100_B3W6R6~K02963	100	78	0	0	1	78	1	78	3.00e-48	152
isolate_filteredΩNODE_2_length_515833_cov_101.187436_155	UniRef100_A0A0K1KZC7~K06191	100	76	0	0	1	76	1	76	9.74e-53	164
careful_filteredΩNODE_2_length_515833_cov_109.458385_155	UniRef100_A0A0K1KZC7~K06191	100	76	0	0	1	76	1	76	9.74e-53	164
isolate_filteredΩNODE_2_length_515833_cov_101.187436_412	UniRef100_A0A0K1L049~K03602	100	75	0	0	1	75	1	75	1.53e-42	138
isolate_filteredΩNODE_1_length_651596_cov_106.573662_171	UniRef100_A0A2G5X807~K07213	35.8	67	43	0	1	67	1	67	1.01e-07	50.1
careful_filteredΩNODE_2_length_515833_cov_109.458385_412	UniRef100_A0A0K1L049~K03602	100	75	0	0	1	75	1	75	1.53e-42	138
careful_filteredΩNODE_1_length_651721_cov_115.299404_171	UniRef100_A0A2G5X807~K07213	35.8	67	43	0	1	67	1	67	1.01e-07	50.1
isolate_filteredΩNODE_7_length_113986_cov_95.550027_90	UniRef100_A0A0K1KYJ3~K03704	100	73	0	0	1	73	1	73	7.32e-49	154
isolate_filteredΩNODE_2_length_515833_cov_101.187436_369	UniRef100_A0A1Y2KVG7~K09976	100	73	0	0	1	73	1	73	9.01e-41	133
careful_filteredΩNODE_7_length_113509_cov_103.332278_90	UniRef100_A0A0K1KYJ3~K03704	100	73	0	0	1	73	1	73	7.32e-49	154
careful_filteredΩNODE_2_length_515833_cov_109.458385_369	UniRef100_A0A1Y2KVG7~K09976	100	73	0	0	1	73	1	73	9.01e-41	133
isolate_filteredΩNODE_3_length_404174_cov_100.322816_348	UniRef100_Q035A5~K02518	100	72	0	0	1	72	1	72	3.82e-46	147
careful_filteredΩNODE_3_length_403891_cov_108.585722_36	UniRef100_Q035A5~K02518	100	72	0	0	1	72	1	72	3.82e-46	147
isolate_filteredΩNODE_5_length_328887_cov_99.193781_302	UniRef100_A0A1V0Q4Y2~K07069	98.6	71	1	0	1	71	1	71	1.24e-46	148
careful_filteredΩNODE_5_length_328887_cov_107.364402_11	UniRef100_A0A1V0Q4Y2~K07069	98.6	71	1	0	1	71	1	71	1.24e-46	148
isolate_filteredΩNODE_13_length_45945_cov_96.796285_35	UniRef100_B3WDL3~K02110	100	70	0	0	1	70	1	70	8.24e-38	125
isolate_filteredΩNODE_1_length_651596_cov_106.573662_239	UniRef100_B2GEV0~K14761	54.5	66	30	0	4	69	5	70	2.13e-20	82.0
careful_filteredΩNODE_13_length_45945_cov_104.682262_35	UniRef100_B3WDL3~K02110	100	70	0	0	1	70	1	70	8.24e-38	125
careful_filteredΩNODE_1_length_651721_cov_115.299404_239	UniRef100_B2GEV0~K14761	54.5	66	30	0	4	69	5	70	2.13e-20	82.0
isolate_filteredΩNODE_5_length_328887_cov_99.193781_69	UniRef100_A0A1L7IFY7~K03704	95.5	66	3	0	1	66	1	66	1.64e-42	137
isolate_filteredΩNODE_4_length_348303_cov_105.649211_133	UniRef100_Q70LR3~K03704	100	66	0	0	1	66	1	66	2.83e-43	139
isolate_filteredΩNODE_2_length_515833_cov_101.187436_472	UniRef100_B3WF44~K02916	100	66	0	0	1	66	1	66	8.87e-38	125
careful_filteredΩNODE_5_length_328887_cov_107.364402_244	UniRef100_A0A1L7IFY7~K03704	95.5	66	3	0	1	66	1	66	1.64e-42	137
careful_filteredΩNODE_4_length_348303_cov_114.271516_133	UniRef100_Q70LR3~K03704	100	66	0	0	1	66	1	66	2.83e-43	139
careful_filteredΩNODE_2_length_515833_cov_109.458385_472	UniRef100_B3WF44~K02916	100	66	0	0	1	66	1	66	8.87e-38	125
isolate_filteredΩNODE_3_length_404174_cov_100.322816_361	UniRef100_Q034Z1~K02904	100	64	0	0	1	64	1	64	1.45e-33	114
careful_filteredΩNODE_3_length_403891_cov_108.585722_23	UniRef100_Q034Z1~K02904	100	64	0	0	1	64	1	64	1.45e-33	114
isolate_filteredΩNODE_2_length_515833_cov_101.187436_49	UniRef100_B3WE58~K02911	100	63	0	0	1	63	1	63	1.06e-39	130
careful_filteredΩNODE_2_length_515833_cov_109.458385_49	UniRef100_B3WE58~K02911	100	63	0	0	1	63	1	63	1.06e-39	130
isolate_filteredΩNODE_5_length_328887_cov_99.193781_203	UniRef100_A0A0E2LUX1~K07729	100	62	0	0	1	62	1	62	6.49e-36	120
isolate_filteredΩNODE_2_length_515833_cov_101.187436_184	UniRef100_A0A0K1KZT4~K01821	100	62	0	0	1	62	1	62	1.36e-37	124
careful_filteredΩNODE_5_length_328887_cov_107.364402_110	UniRef100_A0A0E2LUX1~K07729	100	62	0	0	1	62	1	62	6.49e-36	120
careful_filteredΩNODE_2_length_515833_cov_109.458385_184	UniRef100_A0A0K1KZT4~K01821	100	62	0	0	1	62	1	62	1.36e-37	124
isolate_filteredΩNODE_3_length_404174_cov_100.322816_352	UniRef100_B3WAK0~K02907	100	61	0	0	1	61	1	61	1.18e-33	114
isolate_filteredΩNODE_2_length_515833_cov_101.187436_393	UniRef100_B3WEW2~K02902	100	61	0	0	1	61	1	61	5.17e-37	123
careful_filteredΩNODE_3_length_403891_cov_108.585722_32	UniRef100_B3WAK0~K02907	100	61	0	0	1	61	1	61	1.18e-33	114
careful_filteredΩNODE_2_length_515833_cov_109.458385_393	UniRef100_B3WEW2~K02902	100	61	0	0	1	61	1	61	5.17e-37	123
isolate_filteredΩNODE_2_length_515833_cov_101.187436_232	UniRef100_B3WEL7~K02970	100	58	0	0	1	58	1	58	1.81e-29	103
careful_filteredΩNODE_2_length_515833_cov_109.458385_232	UniRef100_B3WEL7~K02970	100	58	0	0	1	58	1	58	1.81e-29	103
isolate_filteredΩNODE_3_length_404174_cov_100.322816_182	UniRef100_A0A0E2LUR8~K03073	100	56	0	0	1	56	2	57	1.68e-31	108
careful_filteredΩNODE_3_length_403891_cov_108.585722_202	UniRef100_A0A0E2LUR8~K03073	100	56	0	0	1	56	2	57	1.68e-31	108
isolate_filteredΩNODE_6_length_211744_cov_100.420410_176	UniRef100_Q037L6~K02913	100	49	0	0	1	49	1	49	5.56e-27	97.1
careful_filteredΩNODE_6_length_211744_cov_108.667298_176	UniRef100_Q037L6~K02913	100	49	0	0	1	49	1	49	5.56e-27	97.1
isolate_filteredΩNODE_1_length_651596_cov_106.573662_243	UniRef100_B3WBV7~K02914	100	46	0	0	1	46	1	46	1.49e-23	88.2
careful_filteredΩNODE_1_length_651721_cov_115.299404_243	UniRef100_B3WBV7~K02914	100	46	0	0	1	46	1	46	1.49e-23	88.2
isolate_filteredΩNODE_3_length_404174_cov_100.322816_347	UniRef100_B3WAJ5~K02919	100	38	0	0	1	38	1	38	1.01e-20	80.5
careful_filteredΩNODE_3_length_403891_cov_108.585722_37	UniRef100_B3WAJ5~K02919	100	38	0	0	1	38	1	38	1.01e-20	80.5
